Datetime,Exchange Reserve
2025-06-10T00:00:00Z,2503819.58751175
2025-06-09T00:00:00Z,2502490.21484381
2025-06-08T00:00:00Z,2505617.84839674
2025-06-07T00:00:00Z,2505246.98496915
2025-06-06T00:00:00Z,2507172.68349712
2025-06-05T00:00:00Z,2513401.67616091
2025-06-04T00:00:00Z,2512951.4811953
2025-06-03T00:00:00Z,2525764.91414756
2025-06-02T00:00:00Z,2548195.21810559
2025-06-01T00:00:00Z,2571262.8333614
2025-05-31T00:00:00Z,2574001.17026407
2025-05-30T00:00:00Z,2576733.38311276
2025-05-29T00:00:00Z,2577309.52989255
2025-05-28T00:00:00Z,2588200.93746143
2025-05-27T00:00:00Z,2590807.92056674
2025-05-26T00:00:00Z,2594162.97773222
2025-05-25T00:00:00Z,2605114.31433504
2025-05-24T00:00:00Z,2606634.64791338
2025-05-23T00:00:00Z,2609506.59948978
2025-05-22T00:00:00Z,2610207.24479123
2025-05-21T00:00:00Z,2605452.27883767
2025-05-20T00:00:00Z,2611451.33933835
2025-05-19T00:00:00Z,2617310.38115182
2025-05-18T00:00:00Z,2626151.21266394
2025-05-17T00:00:00Z,2624676.79744218
2025-05-16T00:00:00Z,2625027.66852332
2025-05-15T00:00:00Z,2627341.43594501
2025-05-14T00:00:00Z,2636153.36339352
2025-05-13T00:00:00Z,2636327.11904382
2025-05-12T00:00:00Z,2646413.10146167
2025-05-11T00:00:00Z,2648247.31808875
2025-05-10T00:00:00Z,2647437.36341611
2025-05-09T00:00:00Z,2647316.60435236
2025-05-08T00:00:00Z,2651749.67005495
2025-05-07T00:00:00Z,2651601.41056325
2025-05-06T00:00:00Z,2651947.66307419
2025-05-05T00:00:00Z,2660075.98205489
2025-05-04T00:00:00Z,2666823.84063409
2025-05-03T00:00:00Z,2666283.53395532
2025-05-02T00:00:00Z,2665078.55383667
2025-05-01T00:00:00Z,2670487.63644591
2025-04-30T00:00:00Z,2673835.83465315
2025-04-29T00:00:00Z,2671597.92995023
2025-04-28T00:00:00Z,2680662.09417669
2025-04-27T00:00:00Z,2682610.61975227
2025-04-26T00:00:00Z,2681018.17502153
2025-04-25T00:00:00Z,2679384.41858716
2025-04-24T00:00:00Z,2689585.50298657
2025-04-23T00:00:00Z,2704119.53632582
2025-04-22T00:00:00Z,2707760.0518584
2025-04-21T00:00:00Z,2716637.33108107
2025-04-20T00:00:00Z,2722094.29895024
2025-04-19T00:00:00Z,2722161.8257638
2025-04-18T00:00:00Z,2722143.73823105
2025-04-17T00:00:00Z,2720743.14282152
2025-04-16T00:00:00Z,2723747.81403227
2025-04-15T00:00:00Z,2727302.4977981
2025-04-14T00:00:00Z,2732050.36310162
2025-04-13T00:00:00Z,2738941.8850021
2025-04-12T00:00:00Z,2737985.53346738
2025-04-11T00:00:00Z,2737001.87409874
2025-04-10T00:00:00Z,2740061.49265873
2025-04-09T00:00:00Z,2738750.68937941
2025-04-08T00:00:00Z,2741271.09927745
2025-04-07T00:00:00Z,2735075.40375905
2025-04-06T00:00:00Z,2741432.33733951
2025-04-05T00:00:00Z,2740507.73669902
2025-04-04T00:00:00Z,2737320.5526172
2025-04-03T00:00:00Z,2736417.10195469
2025-04-02T00:00:00Z,2745920.31929325
2025-04-01T00:00:00Z,2749225.28040985
2025-03-31T00:00:00Z,2752072.07743461
2025-03-30T00:00:00Z,2746322.89938825
2025-03-29T00:00:00Z,2741368.65963378
2025-03-28T00:00:00Z,2742868.00874305
2025-03-27T00:00:00Z,2747765.10265461
2025-03-26T00:00:00Z,2750106.69315808
2025-03-25T00:00:00Z,2749309.07275224
2025-03-24T00:00:00Z,2753103.0723342
2025-03-23T00:00:00Z,2763980.16277456
2025-03-22T00:00:00Z,2764758.18806658
2025-03-21T00:00:00Z,2764748.77049691
2025-03-20T00:00:00Z,2764429.69535967
2025-03-19T00:00:00Z,2765061.2514732
2025-03-18T00:00:00Z,2770060.36212375
2025-03-17T00:00:00Z,2769171.78364325
2025-03-16T00:00:00Z,2769368.53332634
2025-03-15T00:00:00Z,2768063.59442247
2025-03-14T00:00:00Z,2769971.98541125
2025-03-13T00:00:00Z,2771100.75741877
2025-03-12T00:00:00Z,2778882.18523684
2025-03-11T00:00:00Z,2800446.87117461
2025-03-10T00:00:00Z,2807969.87066498
2025-03-09T00:00:00Z,2812968.82629679
2025-03-08T00:00:00Z,2810262.52437741
2025-03-07T00:00:00Z,2811285.48449317
2025-03-06T00:00:00Z,2805159.66822643
2025-03-05T00:00:00Z,2804152.19993508
2025-03-04T00:00:00Z,2803304.32439021
2025-03-03T00:00:00Z,2804069.53958864
2025-03-02T00:00:00Z,2806436.65354616
2025-03-01T00:00:00Z,2810289.12378599
2025-02-28T00:00:00Z,2810721.50396395
2025-02-27T00:00:00Z,2811423.72145049
2025-02-26T00:00:00Z,2813256.49879481
2025-02-25T00:00:00Z,2811949.80217902
2025-02-24T00:00:00Z,2802015.29229031
2025-02-23T00:00:00Z,2799482.09499408
2025-02-22T00:00:00Z,2802493.2115069
2025-02-21T00:00:00Z,2813505.93848582
2025-02-20T00:00:00Z,2820156.56663036
2025-02-19T00:00:00Z,2824206.44114253
2025-02-18T00:00:00Z,2821949.9360675
2025-02-17T00:00:00Z,2818392.38422111
2025-02-16T00:00:00Z,2813293.3378056
2025-02-15T00:00:00Z,2815195.25552883
2025-02-14T00:00:00Z,2815962.44711475
2025-02-13T00:00:00Z,2815015.64964346
2025-02-12T00:00:00Z,2810129.23328431
2025-02-11T00:00:00Z,2809893.4092651
2025-02-10T00:00:00Z,2805412.03292167
2025-02-09T00:00:00Z,2809345.81598611
2025-02-08T00:00:00Z,2804031.86699105
2025-02-07T00:00:00Z,2805805.84991834
2025-02-06T00:00:00Z,2800738.72659375
2025-02-05T00:00:00Z,2808363.91530537
2025-02-04T00:00:00Z,2870225.35568879
2025-02-03T00:00:00Z,2877432.73344244
2025-02-02T00:00:00Z,2868011.89690169
2025-02-01T00:00:00Z,2862853.61046872
2025-01-31T00:00:00Z,2864488.32612895
2025-01-30T00:00:00Z,2869608.54032419
2025-01-29T00:00:00Z,2868726.36808805
2025-01-28T00:00:00Z,2868146.32957333
2025-01-27T00:00:00Z,2866902.99084181
2025-01-26T00:00:00Z,2869150.06072088
2025-01-25T00:00:00Z,2868140.18376785
2025-01-24T00:00:00Z,2867957.94124348
2025-01-23T00:00:00Z,2869403.56040322
2025-01-22T00:00:00Z,2874883.11307438
2025-01-21T00:00:00Z,2876429.29094571
2025-01-20T00:00:00Z,2882977.40658312
2025-01-19T00:00:00Z,2878565.27275035
2025-01-18T00:00:00Z,2875173.51806756
2025-01-17T00:00:00Z,2875771.54519281
2025-01-16T00:00:00Z,2889213.44053116
2025-01-15T00:00:00Z,2892604.91399497
2025-01-14T00:00:00Z,2893635.47963123
2025-01-13T00:00:00Z,2890780.77091827
2025-01-12T00:00:00Z,2888601.10157852
2025-01-11T00:00:00Z,2885354.5523372
2025-01-10T00:00:00Z,2886426.89250262
2025-01-09T00:00:00Z,2885706.70514333
2025-01-08T00:00:00Z,2881099.97712276
2025-01-07T00:00:00Z,2877278.69916414
2025-01-06T00:00:00Z,2888800.77632024
2025-01-05T00:00:00Z,2894729.91210429
2025-01-04T00:00:00Z,2895194.23863666
2025-01-03T00:00:00Z,2896129.2239762
2025-01-02T00:00:00Z,2898032.1476657
2025-01-01T00:00:00Z,2897904.03605032
2024-12-31T00:00:00Z,2902141.39976039
2024-12-30T00:00:00Z,2903786.72088186
2024-12-29T00:00:00Z,2897136.99182526
2024-12-28T00:00:00Z,2901986.01720634
2024-12-27T00:00:00Z,2904651.12800632
2024-12-26T00:00:00Z,2914219.66804636
2024-12-25T00:00:00Z,2923657.26166797
2024-12-24T00:00:00Z,2922338.91662944
2024-12-23T00:00:00Z,2919895.88029604
2024-12-22T00:00:00Z,2917852.26707387
2024-12-21T00:00:00Z,2917651.07803057
2024-12-20T00:00:00Z,2917457.04159108
2024-12-19T00:00:00Z,2919464.69796531
2024-12-18T00:00:00Z,2909248.65295338
2024-12-17T00:00:00Z,2918789.20639778
2024-12-16T00:00:00Z,2921885.22945706
2024-12-15T00:00:00Z,2927388.76802121
2024-12-14T00:00:00Z,2926222.06808762
2024-12-13T00:00:00Z,2924798.48347919
2024-12-12T00:00:00Z,2937223.79991709
2024-12-11T00:00:00Z,2942311.07629796
2024-12-10T00:00:00Z,2953820.31332732
2024-12-09T00:00:00Z,2954986.40208093
2024-12-08T00:00:00Z,2967955.95077976
2024-12-07T00:00:00Z,2967838.82800683
2024-12-06T00:00:00Z,2963360.83092583
2024-12-05T00:00:00Z,2965006.14059814
2024-12-04T00:00:00Z,2995117.05485998
2024-12-03T00:00:00Z,3000135.17426089
2024-12-02T00:00:00Z,3009894.48752636
2024-12-01T00:00:00Z,3021136.28226261
2024-11-30T00:00:00Z,3018271.74431307
2024-11-29T00:00:00Z,3015698.80719671
2024-11-28T00:00:00Z,3013788.90972206
2024-11-27T00:00:00Z,3030417.72279658
2024-11-26T00:00:00Z,3047110.75512867
2024-11-25T00:00:00Z,3048290.31920924
2024-11-24T00:00:00Z,3039512.52323059
2024-11-23T00:00:00Z,3038076.73734312
2024-11-22T00:00:00Z,3038660.91951445
2024-11-21T00:00:00Z,3051948.39845935
2024-11-20T00:00:00Z,3052550.48047134
2024-11-19T00:00:00Z,3069424.34412191
2024-11-18T00:00:00Z,3072051.97756072
2024-11-17T00:00:00Z,3070699.02402634
2024-11-16T00:00:00Z,3067270.38655951
2024-11-15T00:00:00Z,3066484.11747096
2024-11-14T00:00:00Z,3073117.44171212
2024-11-13T00:00:00Z,3080974.92100996
2024-11-12T00:00:00Z,3085728.79708884
2024-11-11T00:00:00Z,3088597.87993692
2024-11-10T00:00:00Z,3088723.32251915
2024-11-09T00:00:00Z,3085084.91799327
2024-11-08T00:00:00Z,3085064.4213968
2024-11-07T00:00:00Z,3105598.60013072
2024-11-06T00:00:00Z,3116591.35827286
2024-11-05T00:00:00Z,3132872.57756766
2024-11-04T00:00:00Z,3131871.59266376
2024-11-03T00:00:00Z,3124796.80855073
2024-11-02T00:00:00Z,3123205.79779983
2024-11-01T00:00:00Z,3123844.70659425
2024-10-31T00:00:00Z,3117863.16813407
2024-10-30T00:00:00Z,3112917.40923821
2024-10-29T00:00:00Z,3122270.95913989
2024-10-28T00:00:00Z,3121152.45275371
2024-10-27T00:00:00Z,3126452.84279305
2024-10-26T00:00:00Z,3124483.44849522
2024-10-25T00:00:00Z,3124188.48849559
2024-10-24T00:00:00Z,3120618.10300555
2024-10-23T00:00:00Z,3122033.84138859
2024-10-22T00:00:00Z,3122191.71587933
2024-10-21T00:00:00Z,3120318.38938361
2024-10-20T00:00:00Z,3126529.78045754
2024-10-19T00:00:00Z,3125591.8148521
2024-10-18T00:00:00Z,3125416.67646339
2024-10-17T00:00:00Z,3127901.72111269
2024-10-16T00:00:00Z,3129792.81965854
2024-10-15T00:00:00Z,3122678.11241553
2024-10-14T00:00:00Z,3130160.04249447
2024-10-13T00:00:00Z,3128633.40465643
2024-10-12T00:00:00Z,3127974.3120389
2024-10-11T00:00:00Z,3131279.75724008
2024-10-10T00:00:00Z,3131808.25386605
2024-10-09T00:00:00Z,3129607.54835576
2024-10-08T00:00:00Z,3128134.46523845
2024-10-07T00:00:00Z,3128809.18171704
2024-10-06T00:00:00Z,3134167.58748171
2024-10-05T00:00:00Z,3136558.67989447
2024-10-04T00:00:00Z,3137272.65795129
2024-10-03T00:00:00Z,3136715.6673915
2024-10-02T00:00:00Z,3135792.22937493
2024-10-01T00:00:00Z,3131371.77102971
2024-09-30T00:00:00Z,3122187.9083092
2024-09-29T00:00:00Z,3123624.81033535
2024-09-28T00:00:00Z,3120805.92324082
2024-09-27T00:00:00Z,3118784.32685851
2024-09-26T00:00:00Z,3123616.15441626
2024-09-25T00:00:00Z,3127536.00073443
2024-09-24T00:00:00Z,3129493.9365184
2024-09-23T00:00:00Z,3135688.15879797
2024-09-22T00:00:00Z,3130885.72524496
2024-09-21T00:00:00Z,3129441.2242259
2024-09-20T00:00:00Z,3126189.95011334
2024-09-19T00:00:00Z,3127393.19896015
2024-09-18T00:00:00Z,3129208.5256046
2024-09-17T00:00:00Z,3128502.41365057
2024-09-16T00:00:00Z,3127077.67969419
2024-09-15T00:00:00Z,3123177.81367616
2024-09-14T00:00:00Z,3121942.61399235
2024-09-13T00:00:00Z,3123613.11471939
2024-09-12T00:00:00Z,3126961.9348066
2024-09-11T00:00:00Z,3124394.37343415
2024-09-10T00:00:00Z,3129937.69696253
2024-09-09T00:00:00Z,3153709.02811345
2024-09-08T00:00:00Z,3163360.38855673
2024-09-07T00:00:00Z,3163407.09361001
2024-09-06T00:00:00Z,3164709.36089494
2024-09-05T00:00:00Z,3161680.11173366
2024-09-04T00:00:00Z,3157340.59584218
2024-09-03T00:00:00Z,3157967.95479835
2024-09-02T00:00:00Z,3163575.9413938
2024-09-01T00:00:00Z,3164224.4812663
2024-08-31T00:00:00Z,3163943.16879791
2024-08-30T00:00:00Z,3161491.60267218
2024-08-29T00:00:00Z,3158273.51562085
2024-08-28T00:00:00Z,3179650.02854364
2024-08-27T00:00:00Z,3174582.4439859
2024-08-26T00:00:00Z,3170149.46307808
2024-08-25T00:00:00Z,3172829.02432547
2024-08-24T00:00:00Z,3171338.63589921
2024-08-23T00:00:00Z,3169563.13580641
2024-08-22T00:00:00Z,3174722.63543138
2024-08-21T00:00:00Z,3177381.71036819
2024-08-20T00:00:00Z,3176670.8822314
2024-08-19T00:00:00Z,3174856.31796857
2024-08-18T00:00:00Z,3173816.7772192
2024-08-17T00:00:00Z,3171966.70235573
2024-08-16T00:00:00Z,3169103.22452624
2024-08-15T00:00:00Z,3177299.56702812
2024-08-14T00:00:00Z,3180571.69733669
2024-08-13T00:00:00Z,3179812.26121071
2024-08-12T00:00:00Z,3181537.53201206
2024-08-11T00:00:00Z,3177852.41683128
2024-08-10T00:00:00Z,3181123.36082588
2024-08-09T00:00:00Z,3181911.24030804
2024-08-08T00:00:00Z,3175872.25656967
2024-08-07T00:00:00Z,3180001.0890058
2024-08-06T00:00:00Z,3179100.68080084
2024-08-05T00:00:00Z,3179941.24337425
2024-08-04T00:00:00Z,3175369.12212016
2024-08-03T00:00:00Z,3176996.62959856
2024-08-02T00:00:00Z,3176366.12455276
2024-08-01T00:00:00Z,3172228.3273922
2024-07-31T00:00:00Z,3178132.53792685
2024-07-30T00:00:00Z,3206553.65467798
2024-07-29T00:00:00Z,3228402.51942853
2024-07-28T00:00:00Z,3237489.10533125
2024-07-27T00:00:00Z,3236161.40502069
2024-07-26T00:00:00Z,3235574.28428232
2024-07-25T00:00:00Z,3238015.52003178
2024-07-24T00:00:00Z,3233496.25396467
2024-07-23T00:00:00Z,3235670.18640191
2024-07-22T00:00:00Z,3255829.80339777
2024-07-21T00:00:00Z,3257486.08129273
2024-07-20T00:00:00Z,3257345.40367758
2024-07-19T00:00:00Z,3257521.83230797
2024-07-18T00:00:00Z,3261455.71183467
2024-07-17T00:00:00Z,3260021.51869625
2024-07-16T00:00:00Z,3260697.7008756
2024-07-15T00:00:00Z,3221204.4323559
2024-07-14T00:00:00Z,3223089.90305995
2024-07-13T00:00:00Z,3222630.11453736
2024-07-12T00:00:00Z,3219520.68347524
2024-07-11T00:00:00Z,3217213.6363296
2024-07-10T00:00:00Z,3215485.41621777
2024-07-09T00:00:00Z,3212521.5042833
2024-07-08T00:00:00Z,3211275.61572673
2024-07-07T00:00:00Z,3203314.415807
2024-07-06T00:00:00Z,3202128.22797645
2024-07-05T00:00:00Z,3200953.3004042
2024-07-04T00:00:00Z,3248290.16522467
2024-07-03T00:00:00Z,3243815.96567663
2024-07-02T00:00:00Z,3239263.70258863
2024-07-01T00:00:00Z,3241000.57581853
2024-06-30T00:00:00Z,3239124.12087977
2024-06-29T00:00:00Z,3237972.08119819
2024-06-28T00:00:00Z,3235961.18781798
2024-06-27T00:00:00Z,3232240.66308192
2024-06-26T00:00:00Z,3223660.32022836
2024-06-25T00:00:00Z,3218171.38343657
2024-06-24T00:00:00Z,3222605.07182928
2024-06-23T00:00:00Z,3218776.24918788
2024-06-22T00:00:00Z,3218640.11567646
2024-06-21T00:00:00Z,3217845.84758421
2024-06-20T00:00:00Z,3217434.98304264
2024-06-19T00:00:00Z,3217752.89751426
2024-06-18T00:00:00Z,3225008.05562106
2024-06-17T00:00:00Z,3225279.01673229
2024-06-16T00:00:00Z,3223416.14061445
2024-06-15T00:00:00Z,3224035.46075066
2024-06-14T00:00:00Z,3221889.65852436
2024-06-13T00:00:00Z,3217358.34375114
2024-06-12T00:00:00Z,3224175.55105386
2024-06-11T00:00:00Z,3230764.55914212
2024-06-10T00:00:00Z,3242606.79986524
2024-06-09T00:00:00Z,3241973.65753614
2024-06-08T00:00:00Z,3241149.75053978
2024-06-07T00:00:00Z,3233317.15155199
2024-06-06T00:00:00Z,3237407.81211833
2024-06-05T00:00:00Z,3243307.97558533
2024-06-04T00:00:00Z,3245728.64662353
2024-06-03T00:00:00Z,3255252.24325969
2024-06-02T00:00:00Z,3254057.73119122
2024-06-01T00:00:00Z,3252859.45224518
2024-05-31T00:00:00Z,3251008.19228982
2024-05-30T00:00:00Z,3245263.3192264
2024-05-29T00:00:00Z,3256048.39468175
2024-05-28T00:00:00Z,3251425.51754609
2024-05-27T00:00:00Z,3258564.68210515
2024-05-26T00:00:00Z,3259277.90250743
2024-05-25T00:00:00Z,3258056.73726181
2024-05-24T00:00:00Z,3257407.4716527
2024-05-23T00:00:00Z,3259346.79390018
2024-05-22T00:00:00Z,3256680.42734548
2024-05-21T00:00:00Z,3255961.04196727
2024-05-20T00:00:00Z,3243066.56341126
2024-05-19T00:00:00Z,3247004.22056632
2024-05-18T00:00:00Z,3247795.02458303
2024-05-17T00:00:00Z,3249671.31890974
2024-05-16T00:00:00Z,3256641.45170056
2024-05-15T00:00:00Z,3252080.00213757
2024-05-14T00:00:00Z,3266982.3884305
2024-05-13T00:00:00Z,3266087.3335465
2024-05-12T00:00:00Z,3266387.41946185
2024-05-11T00:00:00Z,3266222.5769311
2024-05-10T00:00:00Z,3266534.1624567
2024-05-09T00:00:00Z,3262828.98936801
2024-05-08T00:00:00Z,3266548.69348715
2024-05-07T00:00:00Z,3264097.42412842
2024-05-06T00:00:00Z,3264180.62617239
2024-05-05T00:00:00Z,3267292.30269089
2024-05-04T00:00:00Z,3264900.14362237
2024-05-03T00:00:00Z,3268548.67142424
2024-05-02T00:00:00Z,3267331.43677455
2024-05-01T00:00:00Z,3265205.82201014
2024-04-30T00:00:00Z,3262214.0380534
2024-04-29T00:00:00Z,3255045.13305699
2024-04-28T00:00:00Z,3250450.19599696
2024-04-27T00:00:00Z,3246684.38208321
2024-04-26T00:00:00Z,3246069.88788282
2024-04-25T00:00:00Z,3251258.17482448
2024-04-24T00:00:00Z,3246400.20019021
2024-04-23T00:00:00Z,3237494.77925506
2024-04-22T00:00:00Z,3238980.29340741
2024-04-21T00:00:00Z,3241689.3324183
2024-04-20T00:00:00Z,3240272.17149386
2024-04-19T00:00:00Z,3239944.1490105
2024-04-18T00:00:00Z,3237291.76536116
2024-04-17T00:00:00Z,3242617.9432701
2024-04-16T00:00:00Z,3236380.21719784
2024-04-15T00:00:00Z,3240929.05942009
2024-04-14T00:00:00Z,3246008.49717464
2024-04-13T00:00:00Z,3243725.30259996
2024-04-12T00:00:00Z,3243494.17237169
2024-04-11T00:00:00Z,3244625.12011223
2024-04-10T00:00:00Z,3246877.84404604
2024-04-09T00:00:00Z,3253773.01438716
2024-04-08T00:00:00Z,3245760.94032053
2024-04-07T00:00:00Z,3242624.17413876
2024-04-06T00:00:00Z,3240162.33460647
2024-04-05T00:00:00Z,3240247.82782513
2024-04-04T00:00:00Z,3236270.03388922
2024-04-03T00:00:00Z,3245861.91789659
2024-04-02T00:00:00Z,3244470.8347268
2024-04-01T00:00:00Z,3244550.92766621
2024-03-31T00:00:00Z,3253019.09332556
2024-03-30T00:00:00Z,3251832.94691923
2024-03-29T00:00:00Z,3251382.29906612
2024-03-28T00:00:00Z,3248523.98875107
2024-03-27T00:00:00Z,3260531.59921052
2024-03-26T00:00:00Z,3256316.09835425
2024-03-25T00:00:00Z,3256505.76539227
2024-03-24T00:00:00Z,3254690.83279106
2024-03-23T00:00:00Z,3257860.28864878
2024-03-22T00:00:00Z,3262619.84198734
2024-03-21T00:00:00Z,3273698.79921747
2024-03-20T00:00:00Z,3274849.74490964
2024-03-19T00:00:00Z,3281385.57499246
2024-03-18T00:00:00Z,3270052.17488499
2024-03-17T00:00:00Z,3272654.63424774
2024-03-16T00:00:00Z,3283344.72345663
2024-03-15T00:00:00Z,3276286.42179347
2024-03-14T00:00:00Z,3284230.67146661
2024-03-13T00:00:00Z,3300525.20041237
2024-03-12T00:00:00Z,3299972.65385147
2024-03-11T00:00:00Z,3293273.73929624
2024-03-10T00:00:00Z,3282232.20937466
2024-03-09T00:00:00Z,3279257.04932152
2024-03-08T00:00:00Z,3278218.91931305
2024-03-07T00:00:00Z,3283049.51992879
2024-03-06T00:00:00Z,3281344.53054029
2024-03-05T00:00:00Z,3288477.5187068
2024-03-04T00:00:00Z,3273961.77430122
2024-03-03T00:00:00Z,3271220.25446617
2024-03-02T00:00:00Z,3270191.16403526
2024-03-01T00:00:00Z,3268239.65075829
2024-02-29T00:00:00Z,3281519.98233584
2024-02-28T00:00:00Z,3274806.46817532
2024-02-27T00:00:00Z,3259907.00368934
2024-02-26T00:00:00Z,3265653.72316757
2024-02-25T00:00:00Z,3269673.9622363
2024-02-24T00:00:00Z,3268445.9545612
2024-02-23T00:00:00Z,3267665.20543032
2024-02-22T00:00:00Z,3274474.27475123
2024-02-21T00:00:00Z,3266766.37050234
2024-02-20T00:00:00Z,3266651.140082
2024-02-19T00:00:00Z,3269321.12948463
2024-02-18T00:00:00Z,3281055.63846781
2024-02-17T00:00:00Z,3278051.75828057
2024-02-16T00:00:00Z,3275040.65190628
2024-02-15T00:00:00Z,3281016.0176728
2024-02-14T00:00:00Z,3281008.88536496
2024-02-13T00:00:00Z,3292708.48537997
2024-02-12T00:00:00Z,3298197.78655065
2024-02-11T00:00:00Z,3290870.68077254
2024-02-10T00:00:00Z,3286179.02390775
2024-02-09T00:00:00Z,3286527.71713867
2024-02-08T00:00:00Z,3285269.95588098
2024-02-07T00:00:00Z,3285727.68163023
2024-02-06T00:00:00Z,3289996.02029623
2024-02-05T00:00:00Z,3290850.73876614
2024-02-04T00:00:00Z,3290415.38721759
2024-02-03T00:00:00Z,3288283.73247096
2024-02-02T00:00:00Z,3289065.5912214
2024-02-01T00:00:00Z,3295755.80392443
2024-01-31T00:00:00Z,3300240.23305195
2024-01-30T00:00:00Z,3287271.44485699
2024-01-29T00:00:00Z,3296784.13988175
2024-01-28T00:00:00Z,3295799.4181874
2024-01-27T00:00:00Z,3296027.33018627
2024-01-26T00:00:00Z,3296119.68678054
2024-01-25T00:00:00Z,3301179.69848457
2024-01-24T00:00:00Z,3293985.17057782
2024-01-23T00:00:00Z,3290659.45965544
2024-01-22T00:00:00Z,3287113.626492
2024-01-21T00:00:00Z,3283155.09394136
2024-01-20T00:00:00Z,3284203.47164133
2024-01-19T00:00:00Z,3282625.99399571
2024-01-18T00:00:00Z,3281460.15164092
2024-01-17T00:00:00Z,3283155.41462851
2024-01-16T00:00:00Z,3284188.24239153
2024-01-15T00:00:00Z,3291260.41994835
2024-01-14T00:00:00Z,3286880.93941441
2024-01-13T00:00:00Z,3287204.50759158
2024-01-12T00:00:00Z,3291971.55332279
2024-01-11T00:00:00Z,3289279.63967661
2024-01-10T00:00:00Z,3281487.63012136
2024-01-09T00:00:00Z,3267727.31928127
2024-01-08T00:00:00Z,3264074.59507434
2024-01-07T00:00:00Z,3251525.72911593
2024-01-06T00:00:00Z,3257471.59323482
2024-01-05T00:00:00Z,3254685.25733156
2024-01-04T00:00:00Z,3246994.6594306
2024-01-03T00:00:00Z,3243223.42007018
2024-01-02T00:00:00Z,3237688.74698144
2024-01-01T00:00:00Z,3241007.49022558
2023-12-31T00:00:00Z,3243764.93184454
2023-12-30T00:00:00Z,3239601.25409557
2023-12-29T00:00:00Z,3229864.53348538
2023-12-28T00:00:00Z,3238308.44247594
2023-12-27T00:00:00Z,3240319.06098245
2023-12-26T00:00:00Z,3240363.48472309
2023-12-25T00:00:00Z,3242460.27645669
2023-12-24T00:00:00Z,3229278.49059438
2023-12-23T00:00:00Z,3242307.96791763
2023-12-22T00:00:00Z,3245017.67896057
2023-12-21T00:00:00Z,3244513.81372793
2023-12-20T00:00:00Z,3248019.28554538
2023-12-19T00:00:00Z,3249586.5444667
2023-12-18T00:00:00Z,3252156.6610996
2023-12-17T00:00:00Z,3249682.41899568
2023-12-16T00:00:00Z,3243552.74120873
2023-12-15T00:00:00Z,3252165.83466427
2023-12-14T00:00:00Z,3247544.42303503
2023-12-13T00:00:00Z,3248569.99873676
2023-12-12T00:00:00Z,3244127.48571827
2023-12-11T00:00:00Z,3247924.7826489
2023-12-10T00:00:00Z,3236922.05952066
2023-12-09T00:00:00Z,3234508.97359437
2023-12-08T00:00:00Z,3229355.19422664
2023-12-07T00:00:00Z,3223636.31182441
2023-12-06T00:00:00Z,3216937.77017568
2023-12-05T00:00:00Z,3203395.61539121
2023-12-04T00:00:00Z,3212344.24463044
2023-12-03T00:00:00Z,3205459.76572391
2023-12-02T00:00:00Z,3204550.19772153
2023-12-01T00:00:00Z,3206553.48278581
2023-11-30T00:00:00Z,3204964.98639396
2023-11-29T00:00:00Z,3205594.37590936
2023-11-28T00:00:00Z,3211194.74473624
2023-11-27T00:00:00Z,3217811.90008627
2023-11-26T00:00:00Z,3223000.35528919
2023-11-25T00:00:00Z,3226450.72396256
2023-11-24T00:00:00Z,3230266.40895512
2023-11-23T00:00:00Z,3231659.19905402
2023-11-22T00:00:00Z,3232023.1124877
2023-11-21T00:00:00Z,3243074.50603676
2023-11-20T00:00:00Z,3245385.95327591
2023-11-19T00:00:00Z,3246920.88834682
2023-11-18T00:00:00Z,3246767.5807201
2023-11-17T00:00:00Z,3246011.36424564
2023-11-16T00:00:00Z,3247361.83469753
2023-11-15T00:00:00Z,3246011.64303348
2023-11-14T00:00:00Z,3244430.14485914
2023-11-13T00:00:00Z,3240633.83570057
2023-11-12T00:00:00Z,3239546.20272319
2023-11-11T00:00:00Z,3238764.23607742
2023-11-10T00:00:00Z,3236916.81313316
2023-11-09T00:00:00Z,3206977.37771942
2023-11-08T00:00:00Z,3207437.97468502
2023-11-07T00:00:00Z,3213433.58548522
2023-11-06T00:00:00Z,3211050.65878409
2023-11-05T00:00:00Z,3206646.46610476
2023-11-04T00:00:00Z,3204651.05788858
2023-11-03T00:00:00Z,3203618.19666639
2023-11-02T00:00:00Z,3210101.38238322
2023-11-01T00:00:00Z,3200215.47163409
2023-10-31T00:00:00Z,3198845.81927587
2023-10-30T00:00:00Z,3199371.24209595
2023-10-29T00:00:00Z,3199083.1787655
2023-10-28T00:00:00Z,3197302.68205041
2023-10-27T00:00:00Z,3197344.36223053
2023-10-26T00:00:00Z,3197908.23102221
2023-10-25T00:00:00Z,3196308.15586911
2023-10-24T00:00:00Z,3192618.30946206
2023-10-23T00:00:00Z,3186175.87560118
2023-10-22T00:00:00Z,3182076.66239805
2023-10-21T00:00:00Z,3181787.93588814
2023-10-20T00:00:00Z,3179997.79569297
2023-10-19T00:00:00Z,3177476.82410697
2023-10-18T00:00:00Z,3185787.2566203
2023-10-17T00:00:00Z,3186037.05297372
2023-10-16T00:00:00Z,3193183.37581505
2023-10-15T00:00:00Z,3197176.02794947
2023-10-14T00:00:00Z,3198907.53543867
2023-10-13T00:00:00Z,3201041.65227803
2023-10-12T00:00:00Z,3197271.50204875
2023-10-11T00:00:00Z,3190911.07280936
2023-10-10T00:00:00Z,3186086.9488513
2023-10-09T00:00:00Z,3188091.78047364
2023-10-08T00:00:00Z,3181144.74796646
2023-10-07T00:00:00Z,3180926.31369087
2023-10-06T00:00:00Z,3181050.33187124
2023-10-05T00:00:00Z,3184908.12952988
2023-10-04T00:00:00Z,3188669.51398893
2023-10-03T00:00:00Z,3186739.07048482
2023-10-02T00:00:00Z,3187308.28864362
2023-10-01T00:00:00Z,3183230.63675344
2023-09-30T00:00:00Z,3180165.8410215
2023-09-29T00:00:00Z,3176487.23345548
2023-09-28T00:00:00Z,3181179.37145802
2023-09-27T00:00:00Z,3185956.52834129
2023-09-26T00:00:00Z,3185751.67566846
2023-09-25T00:00:00Z,3181878.14701534
2023-09-24T00:00:00Z,3182342.2965619
2023-09-23T00:00:00Z,3181040.60218924
2023-09-22T00:00:00Z,3181660.39156448
2023-09-21T00:00:00Z,3176933.41925026
2023-09-20T00:00:00Z,3176062.2045291
2023-09-19T00:00:00Z,3181285.83202942
2023-09-18T00:00:00Z,3182732.81269146
2023-09-17T00:00:00Z,3182115.53913881
2023-09-16T00:00:00Z,3182033.78577518
2023-09-15T00:00:00Z,3188474.88737341
2023-09-14T00:00:00Z,3194467.29327387
2023-09-13T00:00:00Z,3192478.66995572
2023-09-12T00:00:00Z,3194103.23433492
2023-09-11T00:00:00Z,3198275.69488326
2023-09-10T00:00:00Z,3201619.29880214
2023-09-09T00:00:00Z,3201674.60738274
2023-09-08T00:00:00Z,3199941.47272035
2023-09-07T00:00:00Z,3207729.17075078
2023-09-06T00:00:00Z,3205637.54859416
2023-09-05T00:00:00Z,3200078.74342636
2023-09-04T00:00:00Z,3200560.58533927
2023-09-03T00:00:00Z,3201719.1572678
2023-09-02T00:00:00Z,3202629.88638225
2023-09-01T00:00:00Z,3202229.32285347
2023-08-31T00:00:00Z,3186157.19151384
2023-08-30T00:00:00Z,3180836.26015546
2023-08-29T00:00:00Z,3180620.19515209
2023-08-28T00:00:00Z,3179844.81135632
2023-08-27T00:00:00Z,3179108.82246624
2023-08-26T00:00:00Z,3178203.42623502
2023-08-25T00:00:00Z,3177672.79167377
2023-08-24T00:00:00Z,3182014.21831761
2023-08-23T00:00:00Z,3182868.87020083
2023-08-22T00:00:00Z,3186854.75168607
2023-08-21T00:00:00Z,3194686.61312159
2023-08-20T00:00:00Z,3196332.89409685
2023-08-19T00:00:00Z,3197887.50670774
2023-08-18T00:00:00Z,3199352.65936923
2023-08-17T00:00:00Z,3200250.58148602
2023-08-16T00:00:00Z,3200273.28955249
2023-08-15T00:00:00Z,3194134.89313332
2023-08-14T00:00:00Z,3195529.79886104
2023-08-13T00:00:00Z,3204642.52227407
2023-08-12T00:00:00Z,3203648.02117924
2023-08-11T00:00:00Z,3201437.21374761
2023-08-10T00:00:00Z,3199271.90255077
2023-08-09T00:00:00Z,3206248.8618286
2023-08-08T00:00:00Z,3203329.28720641
2023-08-07T00:00:00Z,3212233.43634474
2023-08-06T00:00:00Z,3207334.89334086
2023-08-05T00:00:00Z,3206873.32170332
2023-08-04T00:00:00Z,3204065.11597705
2023-08-03T00:00:00Z,3207163.11576331
2023-08-02T00:00:00Z,3210372.4801572
2023-08-01T00:00:00Z,3215385.61299679
2023-07-31T00:00:00Z,3213227.99518801
2023-07-30T00:00:00Z,3211932.19954027
2023-07-29T00:00:00Z,3211570.19731489
2023-07-28T00:00:00Z,3209854.29604928
2023-07-27T00:00:00Z,3206313.4317406
2023-07-26T00:00:00Z,3199573.81401623
2023-07-25T00:00:00Z,3198705.5303581
2023-07-24T00:00:00Z,3199627.68789067
2023-07-23T00:00:00Z,3200090.25496876
2023-07-22T00:00:00Z,3199272.45389963
2023-07-21T00:00:00Z,3199830.8895603
2023-07-20T00:00:00Z,3199758.7309368
2023-07-19T00:00:00Z,3199527.93311513
2023-07-18T00:00:00Z,3202088.53968956
2023-07-17T00:00:00Z,3205481.39192328
2023-07-16T00:00:00Z,3203663.48313135
2023-07-15T00:00:00Z,3202976.33955108
2023-07-14T00:00:00Z,3203372.14866307
2023-07-13T00:00:00Z,3212202.43490336
2023-07-12T00:00:00Z,3213841.0085753
2023-07-11T00:00:00Z,3208280.40262127
2023-07-10T00:00:00Z,3210486.8439642
2023-07-09T00:00:00Z,3208780.91779873
2023-07-08T00:00:00Z,3206876.69427039
2023-07-07T00:00:00Z,3204627.04538135
2023-07-06T00:00:00Z,3206954.98154817
2023-07-05T00:00:00Z,3209191.90006668
2023-07-04T00:00:00Z,3207453.89303781
2023-07-03T00:00:00Z,3206092.14088065
2023-07-02T00:00:00Z,3204153.09636694
2023-07-01T00:00:00Z,3203150.52551069
2023-06-30T00:00:00Z,3220654.49991501
2023-06-29T00:00:00Z,3212966.43059043
2023-06-28T00:00:00Z,3215536.42909511
2023-06-27T00:00:00Z,3204958.95750599
2023-06-26T00:00:00Z,3202897.25483263
2023-06-25T00:00:00Z,3198713.92703016
2023-06-24T00:00:00Z,3198077.93838313
2023-06-23T00:00:00Z,3197692.19017542
2023-06-22T00:00:00Z,3198392.34882349
2023-06-21T00:00:00Z,3205367.54591523
2023-06-20T00:00:00Z,3204254.1927409
2023-06-19T00:00:00Z,3208660.38281086
2023-06-18T00:00:00Z,3208160.85643032
2023-06-17T00:00:00Z,3207179.66468103
2023-06-16T00:00:00Z,3208016.38760429
2023-06-15T00:00:00Z,3210131.78417386
2023-06-14T00:00:00Z,3201248.40605332
2023-06-13T00:00:00Z,3195298.8867985
2023-06-12T00:00:00Z,3189354.15907714
2023-06-11T00:00:00Z,3192835.05361534
2023-06-10T00:00:00Z,3195609.85897279
2023-06-09T00:00:00Z,3198789.53547425
2023-06-08T00:00:00Z,3198143.39785115
2023-06-07T00:00:00Z,3201545.68651903
2023-06-06T00:00:00Z,3213300.3901102
2023-06-05T00:00:00Z,3212444.76600944
2023-06-04T00:00:00Z,3217035.58587969
2023-06-03T00:00:00Z,3208474.56039651
2023-06-02T00:00:00Z,3204687.45031694
2023-06-01T00:00:00Z,3191878.04937371
2023-05-31T00:00:00Z,3188181.75945311
2023-05-30T00:00:00Z,3174646.75692138
2023-05-29T00:00:00Z,3173275.32350032
2023-05-28T00:00:00Z,3173226.81584797
2023-05-27T00:00:00Z,3171858.0360619
2023-05-26T00:00:00Z,3170784.75707605
2023-05-25T00:00:00Z,3175293.24532439
2023-05-24T00:00:00Z,3189078.02730785
2023-05-23T00:00:00Z,3170704.05555122
2023-05-22T00:00:00Z,3150783.13331484
2023-05-21T00:00:00Z,3147093.3832497
2023-05-20T00:00:00Z,3145963.58809457
2023-05-19T00:00:00Z,3145479.36263169
2023-05-18T00:00:00Z,3144090.04951218
2023-05-17T00:00:00Z,3133609.80567601
2023-05-16T00:00:00Z,3134156.57292022
2023-05-15T00:00:00Z,3119505.51169884
2023-05-14T00:00:00Z,3139880.32139419
2023-05-13T00:00:00Z,3139542.11857211
2023-05-12T00:00:00Z,3138934.74764578
2023-05-11T00:00:00Z,3142983.74694849
2023-05-10T00:00:00Z,3123980.16673536
2023-05-09T00:00:00Z,3125743.25731013
2023-05-08T00:00:00Z,3123602.48233308
2023-05-07T00:00:00Z,3124557.03223284
2023-05-06T00:00:00Z,3125967.54429421
2023-05-05T00:00:00Z,3128658.36131835
2023-05-04T00:00:00Z,3135471.28501117
2023-05-03T00:00:00Z,3134496.41652215
2023-05-02T00:00:00Z,3133877.81278854
2023-05-01T00:00:00Z,3139509.28248879
2023-04-30T00:00:00Z,3132235.39105427
2023-04-29T00:00:00Z,3131115.30730925
2023-04-28T00:00:00Z,3131450.03401431
2023-04-27T00:00:00Z,3131783.23747272
2023-04-26T00:00:00Z,3132281.78479561
2023-04-25T00:00:00Z,3127655.05066819
2023-04-24T00:00:00Z,3126373.14684889
2023-04-23T00:00:00Z,3125865.27807079
2023-04-22T00:00:00Z,3126451.4690907
2023-04-21T00:00:00Z,3126324.0885972
2023-04-20T00:00:00Z,3122246.62602674
2023-04-19T00:00:00Z,3116812.68996613
2023-04-18T00:00:00Z,3112000.30505042
2023-04-17T00:00:00Z,3109959.44952168
2023-04-16T00:00:00Z,3106420.32122645
2023-04-15T00:00:00Z,3104077.00401734
2023-04-14T00:00:00Z,3104263.27405154
2023-04-13T00:00:00Z,3107610.70421132
2023-04-12T00:00:00Z,3111743.35164861
2023-04-11T00:00:00Z,3100237.38003332
2023-04-10T00:00:00Z,3100101.00031854
2023-04-09T00:00:00Z,3098891.9442767
2023-04-08T00:00:00Z,3098173.75230522
2023-04-07T00:00:00Z,3097591.6111913
2023-04-06T00:00:00Z,3097310.08398686
2023-04-05T00:00:00Z,3095608.14305601
2023-04-04T00:00:00Z,3094549.58614422
2023-04-03T00:00:00Z,3095763.32943693
2023-04-02T00:00:00Z,3092249.47515289
2023-04-01T00:00:00Z,3091571.91561246
2023-03-31T00:00:00Z,3091489.63768063
2023-03-30T00:00:00Z,3087508.12652466
2023-03-29T00:00:00Z,3086546.46942947
2023-03-28T00:00:00Z,3088218.13340295
2023-03-27T00:00:00Z,3091143.49138397
2023-03-26T00:00:00Z,3092191.73375268
2023-03-25T00:00:00Z,3094231.15528301
2023-03-24T00:00:00Z,3094142.01712922
2023-03-23T00:00:00Z,3091952.66918706
2023-03-22T00:00:00Z,3088576.75135456
2023-03-21T00:00:00Z,3103706.3745438
2023-03-20T00:00:00Z,3106249.3361399
2023-03-19T00:00:00Z,3105082.3023206
2023-03-18T00:00:00Z,3096584.27751108
2023-03-17T00:00:00Z,3093232.8539429
2023-03-16T00:00:00Z,3073370.27478568
2023-03-15T00:00:00Z,3070505.25270827
2023-03-14T00:00:00Z,3071030.84024306
2023-03-13T00:00:00Z,3057563.96378569
2023-03-12T00:00:00Z,3030020.35418048
2023-03-11T00:00:00Z,3030702.42163278
2023-03-10T00:00:00Z,3042931.95152624
2023-03-09T00:00:00Z,3051099.28033335
2023-03-08T00:00:00Z,3056500.64942567
2023-03-07T00:00:00Z,3063524.18037869
2023-03-06T00:00:00Z,3066138.3024974
2023-03-05T00:00:00Z,3062062.95071576
2023-03-04T00:00:00Z,3059857.14991289
2023-03-03T00:00:00Z,3058560.52026812
2023-03-02T00:00:00Z,3061810.71699332
2023-03-01T00:00:00Z,3058674.4239534
2023-02-28T00:00:00Z,3055713.05083214
2023-02-27T00:00:00Z,3053897.80270033
2023-02-26T00:00:00Z,3054991.36202154
2023-02-25T00:00:00Z,3053999.93010138
2023-02-24T00:00:00Z,3050338.29717753
2023-02-23T00:00:00Z,3046947.06503525
2023-02-22T00:00:00Z,3047095.15828204
2023-02-21T00:00:00Z,3050636.01116453
2023-02-20T00:00:00Z,3052750.84185629
2023-02-19T00:00:00Z,3050545.99323941
2023-02-18T00:00:00Z,3051888.13025557
2023-02-17T00:00:00Z,3051671.99806458
2023-02-16T00:00:00Z,3051341.88642208
2023-02-15T00:00:00Z,3042596.60389172
2023-02-14T00:00:00Z,3036975.88789519
2023-02-13T00:00:00Z,3032638.34593307
2023-02-12T00:00:00Z,3031809.3646338
2023-02-11T00:00:00Z,3032096.22215891
2023-02-10T00:00:00Z,3028836.70249602
2023-02-09T00:00:00Z,3021656.20139453
2023-02-08T00:00:00Z,3021579.14047851
2023-02-07T00:00:00Z,3020849.85919909
2023-02-06T00:00:00Z,3024457.31662411
2023-02-05T00:00:00Z,3023656.3844463
2023-02-04T00:00:00Z,3021849.41431247
2023-02-03T00:00:00Z,3022780.88387624
2023-02-02T00:00:00Z,3026170.58294457
2023-02-01T00:00:00Z,3029322.70833661
2023-01-31T00:00:00Z,3022900.42583683
2023-01-30T00:00:00Z,3022700.72619682
2023-01-29T00:00:00Z,3021245.50274725
2023-01-28T00:00:00Z,3018574.56684247
2023-01-27T00:00:00Z,3018646.02903845
2023-01-26T00:00:00Z,3022740.91828867
2023-01-25T00:00:00Z,3023881.2639668
2023-01-24T00:00:00Z,3023634.28548903
2023-01-23T00:00:00Z,3028014.42854108
2023-01-22T00:00:00Z,3027106.26158953
2023-01-21T00:00:00Z,3026109.44575028
2023-01-20T00:00:00Z,3022352.09227953
2023-01-19T00:00:00Z,3036026.15174717
2023-01-18T00:00:00Z,3033934.04039421
2023-01-17T00:00:00Z,3036924.93468662
2023-01-16T00:00:00Z,3046118.79196153
2023-01-15T00:00:00Z,3052530.91726155
2023-01-14T00:00:00Z,3048362.53751245
2023-01-13T00:00:00Z,3040339.37283292
2023-01-12T00:00:00Z,3051669.19337875
2023-01-11T00:00:00Z,3046514.34423462
2023-01-10T00:00:00Z,3049504.43818518
2023-01-09T00:00:00Z,3049050.40601769
2023-01-08T00:00:00Z,3051925.7943666
2023-01-07T00:00:00Z,3050963.33959404
2023-01-06T00:00:00Z,3048570.59963318
2023-01-05T00:00:00Z,3051384.2123467
2023-01-04T00:00:00Z,3052768.09304037
2023-01-03T00:00:00Z,3033860.57887768
2023-01-02T00:00:00Z,3033315.5671127
2023-01-01T00:00:00Z,3031719.34778636
2022-12-31T00:00:00Z,3026624.34870867
2022-12-30T00:00:00Z,3021220.06792336
2022-12-29T00:00:00Z,3016263.52868451
2022-12-28T00:00:00Z,3027434.15914126
2022-12-27T00:00:00Z,3025522.80575294
2022-12-26T00:00:00Z,3021682.88267184
2022-12-25T00:00:00Z,3021738.96277476
2022-12-24T00:00:00Z,3020801.34053434
2022-12-23T00:00:00Z,3022798.9473394
2022-12-22T00:00:00Z,3017116.96620244
2022-12-21T00:00:00Z,3014696.98215667
2022-12-20T00:00:00Z,3023320.82717044
2022-12-19T00:00:00Z,3020584.94477636
2022-12-18T00:00:00Z,3022212.16527684
2022-12-17T00:00:00Z,3020778.73159436
2022-12-16T00:00:00Z,3027431.17135073
2022-12-15T00:00:00Z,3041341.61998251
2022-12-14T00:00:00Z,3041519.42924016
2022-12-13T00:00:00Z,3050153.60941821
2022-12-12T00:00:00Z,3077170.90563136
2022-12-11T00:00:00Z,3084675.46081224
2022-12-10T00:00:00Z,3086822.6821792
2022-12-09T00:00:00Z,3088061.66758121
2022-12-08T00:00:00Z,3094696.5003406
2022-12-07T00:00:00Z,3096503.88691264
2022-12-06T00:00:00Z,3096047.83357646
2022-12-05T00:00:00Z,3098760.0028842
2022-12-04T00:00:00Z,3096497.24876922
2022-12-03T00:00:00Z,3098172.53795659
2022-12-02T00:00:00Z,3100335.5094366
2022-12-01T00:00:00Z,3102024.2775785
2022-11-30T00:00:00Z,3101741.88319974
2022-11-29T00:00:00Z,3099320.94010522
2022-11-28T00:00:00Z,3096602.3359151
2022-11-27T00:00:00Z,3099955.18046049
2022-11-26T00:00:00Z,3097977.92936667
2022-11-25T00:00:00Z,3098382.90336685
2022-11-24T00:00:00Z,3097746.15629246
2022-11-23T00:00:00Z,3099659.13634278
2022-11-22T00:00:00Z,3147303.5678963
2022-11-21T00:00:00Z,3143357.28613658
2022-11-20T00:00:00Z,3158283.65705553
2022-11-19T00:00:00Z,3161036.17139291
2022-11-18T00:00:00Z,3164826.20316606
2022-11-17T00:00:00Z,3122512.51614155
2022-11-16T00:00:00Z,3132339.92464594
2022-11-15T00:00:00Z,3164581.64306553
2022-11-14T00:00:00Z,3178959.86816278
2022-11-13T00:00:00Z,3194887.27970401
2022-11-12T00:00:00Z,3215582.2984801
2022-11-11T00:00:00Z,3244661.92434728
2022-11-10T00:00:00Z,3274256.28422729
2022-11-09T00:00:00Z,3315248.71655118
2022-11-08T00:00:00Z,3351171.74253499
2022-11-07T00:00:00Z,3368207.0220138
2022-11-06T00:00:00Z,3396889.98322166
2022-11-05T00:00:00Z,3395878.57149176
2022-11-04T00:00:00Z,3394518.61597676
2022-11-03T00:00:00Z,3300470.84498081
2022-11-02T00:00:00Z,3301192.94644159
2022-11-01T00:00:00Z,3366989.46951903
2022-10-31T00:00:00Z,3366250.16977974
2022-10-30T00:00:00Z,3360424.2998918
2022-10-29T00:00:00Z,3361079.99469039
2022-10-28T00:00:00Z,3360386.69206409
2022-10-27T00:00:00Z,3364185.93180735
2022-10-26T00:00:00Z,3362574.19639668
2022-10-25T00:00:00Z,3356247.63295267
2022-10-24T00:00:00Z,3360088.6608021
2022-10-23T00:00:00Z,3357494.2473879
2022-10-22T00:00:00Z,3358567.81133496
2022-10-21T00:00:00Z,3354165.04802775
2022-10-20T00:00:00Z,3350337.89941798
2022-10-19T00:00:00Z,3348168.13849575
2022-10-18T00:00:00Z,3347091.1542833
2022-10-17T00:00:00Z,3357024.22626498
2022-10-16T00:00:00Z,3354501.01869054
2022-10-15T00:00:00Z,3355171.26761987
2022-10-14T00:00:00Z,3353975.03951526
2022-10-13T00:00:00Z,3356954.08172699
2022-10-12T00:00:00Z,3362802.04282171
2022-10-11T00:00:00Z,3351760.53893928
2022-10-10T00:00:00Z,3348479.24579893
2022-10-09T00:00:00Z,3345521.6755975
2022-10-08T00:00:00Z,3345443.28512892
2022-10-07T00:00:00Z,3341553.7703245
2022-10-06T00:00:00Z,3356039.44392746
2022-10-05T00:00:00Z,3363785.8631863
2022-10-04T00:00:00Z,3363114.06345794
2022-10-03T00:00:00Z,3359581.10129299
2022-10-02T00:00:00Z,3359478.74249174
2022-10-01T00:00:00Z,3359744.2721533
2022-09-30T00:00:00Z,3363181.56992012
2022-09-29T00:00:00Z,3363783.53298162
2022-09-28T00:00:00Z,3366813.14112002
2022-09-27T00:00:00Z,3364224.91973141
2022-09-26T00:00:00Z,3362739.8079288
2022-09-25T00:00:00Z,3360451.71525415
2022-09-24T00:00:00Z,3353111.059907
2022-09-23T00:00:00Z,3351173.32985153
2022-09-22T00:00:00Z,3349565.02825305
2022-09-21T00:00:00Z,3350777.05331607
2022-09-20T00:00:00Z,3343524.21062966
2022-09-19T00:00:00Z,3338102.00863361
2022-09-18T00:00:00Z,3336376.07126773
2022-09-17T00:00:00Z,3335753.81795265
2022-09-16T00:00:00Z,3331589.56395142
2022-09-15T00:00:00Z,3331746.33433557
2022-09-14T00:00:00Z,3305037.91216091
2022-09-13T00:00:00Z,3320955.99730285
2022-09-12T00:00:00Z,3330801.54505732
2022-09-11T00:00:00Z,3328583.53570611
2022-09-10T00:00:00Z,3329541.75015728
2022-09-09T00:00:00Z,3325373.34791289
2022-09-08T00:00:00Z,3322174.97017997
2022-09-07T00:00:00Z,3316213.23611762
2022-09-06T00:00:00Z,3314612.2840012
2022-09-05T00:00:00Z,3323524.8484311
2022-09-04T00:00:00Z,3315557.90149873
2022-09-03T00:00:00Z,3311649.25277185
2022-09-02T00:00:00Z,3311835.64062639
2022-09-01T00:00:00Z,3302193.52860866
2022-08-31T00:00:00Z,3302593.40607498
2022-08-30T00:00:00Z,3295198.8226327
2022-08-29T00:00:00Z,3293517.44282811
2022-08-28T00:00:00Z,3297926.01954345
2022-08-27T00:00:00Z,3295005.73628666
2022-08-26T00:00:00Z,3296306.9267274
2022-08-25T00:00:00Z,3293056.71549747
2022-08-24T00:00:00Z,3298894.47418695
2022-08-23T00:00:00Z,3299605.38211005
2022-08-22T00:00:00Z,3296259.0011533
2022-08-21T00:00:00Z,3293541.87138383
2022-08-20T00:00:00Z,3296014.32359644
2022-08-19T00:00:00Z,3296336.52040902
2022-08-18T00:00:00Z,3303153.72248839
2022-08-17T00:00:00Z,3315848.16032007
2022-08-16T00:00:00Z,3314948.19828013
2022-08-15T00:00:00Z,3298427.71792866
2022-08-14T00:00:00Z,3303368.41103835
2022-08-13T00:00:00Z,3309317.75951893
2022-08-12T00:00:00Z,3309557.88865785
2022-08-11T00:00:00Z,3313991.72933099
2022-08-10T00:00:00Z,3312206.1738385
2022-08-09T00:00:00Z,3306756.11159779
2022-08-08T00:00:00Z,3308976.62395458
2022-08-07T00:00:00Z,3310517.76630929
2022-08-06T00:00:00Z,3309521.32822369
2022-08-05T00:00:00Z,3308276.9890776
2022-08-04T00:00:00Z,3309981.30244285
2022-08-03T00:00:00Z,3304295.60469804
2022-08-02T00:00:00Z,3311545.6384122
2022-08-01T00:00:00Z,3307855.12818888
2022-07-31T00:00:00Z,3306642.04037575
2022-07-30T00:00:00Z,3306599.13291379
2022-07-29T00:00:00Z,3307487.30483646
2022-07-28T00:00:00Z,3310778.59236065
2022-07-27T00:00:00Z,3312015.68099811
2022-07-26T00:00:00Z,3312656.25361348
2022-07-25T00:00:00Z,3315361.97243367
2022-07-24T00:00:00Z,3320774.56015191
2022-07-23T00:00:00Z,3324804.00250567
2022-07-22T00:00:00Z,3323383.93191375
2022-07-21T00:00:00Z,3324966.63007901
2022-07-20T00:00:00Z,3322591.81212992
2022-07-19T00:00:00Z,3332086.48377279
2022-07-18T00:00:00Z,3348719.95254101
2022-07-17T00:00:00Z,3350429.23866789
2022-07-16T00:00:00Z,3331172.20555568
2022-07-15T00:00:00Z,3334141.42793383
2022-07-14T00:00:00Z,3325669.51758663
2022-07-13T00:00:00Z,3325699.29317265
2022-07-12T00:00:00Z,3319303.41929715
2022-07-11T00:00:00Z,3312778.41059102
2022-07-10T00:00:00Z,3322099.87039491
2022-07-09T00:00:00Z,3324937.89095801
2022-07-08T00:00:00Z,3325213.68793908
2022-07-07T00:00:00Z,3331608.5612498
2022-07-06T00:00:00Z,3327051.77569222
2022-07-05T00:00:00Z,3329197.18070543
2022-07-04T00:00:00Z,3330222.63154246
2022-07-03T00:00:00Z,3325622.66961418
2022-07-02T00:00:00Z,3326863.99451963
2022-07-01T00:00:00Z,3326405.5534716
2022-06-30T00:00:00Z,3334143.02279235
2022-06-29T00:00:00Z,3342537.28497259
2022-06-28T00:00:00Z,3340353.13282083
2022-06-27T00:00:00Z,3345208.55112262
2022-06-26T00:00:00Z,3331511.51566132
2022-06-25T00:00:00Z,3331050.63990991
2022-06-24T00:00:00Z,3334084.82914791
2022-06-23T00:00:00Z,3336428.14044941
2022-06-22T00:00:00Z,3331452.86013964
2022-06-21T00:00:00Z,3348237.20542079
2022-06-20T00:00:00Z,3322578.86800428
2022-06-19T00:00:00Z,3332426.77272273
2022-06-18T00:00:00Z,3331979.06372284
2022-06-17T00:00:00Z,3329902.39025206
2022-06-16T00:00:00Z,3398343.07253923
2022-06-15T00:00:00Z,3401647.18200782
2022-06-14T00:00:00Z,3423795.78251081
2022-06-13T00:00:00Z,3407616.24422671
2022-06-12T00:00:00Z,3416826.81371353
2022-06-11T00:00:00Z,3421271.47926755
2022-06-10T00:00:00Z,3427414.98201262
2022-06-09T00:00:00Z,3425962.7405875
2022-06-08T00:00:00Z,3431100.90444227
2022-06-07T00:00:00Z,3427165.97722422
2022-06-06T00:00:00Z,3421913.96954826
2022-06-05T00:00:00Z,3404705.17386101
2022-06-04T00:00:00Z,3406025.73364025
2022-06-03T00:00:00Z,3400671.71314996
2022-06-02T00:00:00Z,3402877.24336447
2022-06-01T00:00:00Z,3443178.9430382
2022-05-31T00:00:00Z,3422616.53260471
2022-05-30T00:00:00Z,3425596.45353067
2022-05-29T00:00:00Z,3416471.12416579
2022-05-28T00:00:00Z,3418494.78773807
2022-05-27T00:00:00Z,3424539.20246919
2022-05-26T00:00:00Z,3423696.82120964
2022-05-25T00:00:00Z,3424181.29021423
2022-05-24T00:00:00Z,3415447.61928262
2022-05-23T00:00:00Z,3407228.10924433
2022-05-22T00:00:00Z,3407816.36093573
2022-05-21T00:00:00Z,3405610.79022159
2022-05-20T00:00:00Z,3401915.66703614
2022-05-19T00:00:00Z,3394200.95187363
2022-05-18T00:00:00Z,3383522.86514645
2022-05-17T00:00:00Z,3370857.6794739
2022-05-16T00:00:00Z,3358622.35148885
2022-05-15T00:00:00Z,3365747.55423743
2022-05-14T00:00:00Z,3367764.02089568
2022-05-13T00:00:00Z,3402493.17383507
2022-05-12T00:00:00Z,3399137.7568046
2022-05-11T00:00:00Z,3400666.07946982
2022-05-10T00:00:00Z,3347523.83826235
2022-05-09T00:00:00Z,3337956.05845543
2022-05-08T00:00:00Z,3297727.81773501
2022-05-07T00:00:00Z,3284886.51410965
2022-05-06T00:00:00Z,3282214.14776925
2022-05-05T00:00:00Z,3284557.93690974
2022-05-04T00:00:00Z,3272176.40836869
2022-05-03T00:00:00Z,3260554.8157462
2022-05-02T00:00:00Z,3257061.52538383
2022-05-01T00:00:00Z,3263275.18858486
2022-04-30T00:00:00Z,3305975.44809122
2022-04-29T00:00:00Z,3303162.77197965
2022-04-28T00:00:00Z,3296994.09845473
2022-04-27T00:00:00Z,3304785.35130405
2022-04-26T00:00:00Z,3304523.03183833
2022-04-25T00:00:00Z,3313982.51581674
2022-04-24T00:00:00Z,3309349.0176
2022-04-23T00:00:00Z,3314929.36858207
2022-04-22T00:00:00Z,3314208.23073576
2022-04-21T00:00:00Z,3315262.7491832
2022-04-20T00:00:00Z,3318999.16250582
2022-04-19T00:00:00Z,3316817.7092371
2022-04-18T00:00:00Z,3321409.71285692
2022-04-17T00:00:00Z,3319609.19046119
2022-04-16T00:00:00Z,3318185.84535614
2022-04-15T00:00:00Z,3316104.71470906
2022-04-14T00:00:00Z,3321317.49504826
2022-04-13T00:00:00Z,3314063.23672024
2022-04-12T00:00:00Z,3310855.99625195
2022-04-11T00:00:00Z,3311726.12987717
2022-04-10T00:00:00Z,3310439.05190921
2022-04-09T00:00:00Z,3309447.6742162
2022-04-08T00:00:00Z,3306944.31007684
2022-04-07T00:00:00Z,3304100.41593892
2022-04-06T00:00:00Z,3297496.59703188
2022-04-05T00:00:00Z,3299583.16821424
2022-04-04T00:00:00Z,3297624.90486145
2022-04-03T00:00:00Z,3294077.74605528
2022-04-02T00:00:00Z,3295157.50170151
2022-04-01T00:00:00Z,3294990.31462417
2022-03-31T00:00:00Z,3300100.92070133
2022-03-30T00:00:00Z,3255155.59066311
2022-03-29T00:00:00Z,3256558.84239441
2022-03-28T00:00:00Z,3264905.77018045
2022-03-27T00:00:00Z,3270840.64924116
2022-03-26T00:00:00Z,3325050.80820003
2022-03-25T00:00:00Z,3321363.55722714
2022-03-24T00:00:00Z,3318352.03681255
2022-03-23T00:00:00Z,3315593.09257231
2022-03-22T00:00:00Z,3312920.65131217
2022-03-21T00:00:00Z,3253807.79983283
2022-03-20T00:00:00Z,3312994.78090604
2022-03-19T00:00:00Z,3313654.86652622
2022-03-18T00:00:00Z,3311124.3552664
2022-03-17T00:00:00Z,3308467.55053979
2022-03-16T00:00:00Z,3308238.24280321
2022-03-15T00:00:00Z,3309303.79084044
2022-03-14T00:00:00Z,3308579.85158005
2022-03-13T00:00:00Z,3306374.95925041
2022-03-12T00:00:00Z,3303637.09022067
2022-03-11T00:00:00Z,3304514.52051608
2022-03-10T00:00:00Z,3306910.39254227
2022-03-09T00:00:00Z,3309438.51261174
2022-03-08T00:00:00Z,3302227.57113851
2022-03-07T00:00:00Z,3313921.36762065
2022-03-06T00:00:00Z,3309509.85961734
2022-03-05T00:00:00Z,3310694.8253548
2022-03-04T00:00:00Z,3310884.36086826
2022-03-03T00:00:00Z,3313844.36846649
2022-03-02T00:00:00Z,3308100.33001134
2022-03-01T00:00:00Z,3313262.54043868
2022-02-28T00:00:00Z,3307875.88122958
2022-02-27T00:00:00Z,3311661.18358304
2022-02-26T00:00:00Z,3313459.67268702
2022-02-25T00:00:00Z,3310300.92720459
2022-02-24T00:00:00Z,3304791.77292187
2022-02-23T00:00:00Z,3301118.32649472
2022-02-22T00:00:00Z,3300722.8326534
2022-02-21T00:00:00Z,3303396.26127788
2022-02-20T00:00:00Z,3308855.52708115
2022-02-19T00:00:00Z,3308548.24180564
2022-02-18T00:00:00Z,3306623.02632309
2022-02-17T00:00:00Z,3305587.09264955
2022-02-16T00:00:00Z,3306457.05373122
2022-02-15T00:00:00Z,3310771.53311823
2022-02-14T00:00:00Z,3309470.24301847
2022-02-13T00:00:00Z,3306976.5290974
2022-02-12T00:00:00Z,3306545.88534685
2022-02-11T00:00:00Z,3298861.11278554
2022-02-10T00:00:00Z,3301268.99105043
2022-02-09T00:00:00Z,3307067.03589269
2022-02-08T00:00:00Z,3307176.73230865
2022-02-07T00:00:00Z,3308748.09173362
2022-02-06T00:00:00Z,3309210.60889581
2022-02-05T00:00:00Z,3308759.37708467
2022-02-04T00:00:00Z,3313065.27844108
2022-02-03T00:00:00Z,3306346.00564255
2022-02-02T00:00:00Z,3309857.61663904
2022-02-01T00:00:00Z,3311443.30222217
2022-01-31T00:00:00Z,3312410.84174631
2022-01-30T00:00:00Z,3316005.28040423
2022-01-29T00:00:00Z,3312028.82875379
2022-01-28T00:00:00Z,3313653.58328793
2022-01-27T00:00:00Z,3309797.34204598
2022-01-26T00:00:00Z,3323188.21580853
2022-01-25T00:00:00Z,3320729.72385184
2022-01-24T00:00:00Z,3317415.55227481
2022-01-23T00:00:00Z,3313903.27788333
2022-01-22T00:00:00Z,3314574.30472473
2022-01-21T00:00:00Z,3314682.73286681
2022-01-20T00:00:00Z,3304852.29474737
2022-01-19T00:00:00Z,3306165.6501334
2022-01-18T00:00:00Z,3308848.7368988
2022-01-17T00:00:00Z,3310179.03459952
2022-01-16T00:00:00Z,3305736.87774121
2022-01-15T00:00:00Z,3307899.88682151
2022-01-14T00:00:00Z,3307631.695734
2022-01-13T00:00:00Z,3302035.70611583
2022-01-12T00:00:00Z,3306606.66415432
2022-01-11T00:00:00Z,3302395.03872631
2022-01-10T00:00:00Z,3306985.40706456
2022-01-09T00:00:00Z,3311633.78454791
2022-01-08T00:00:00Z,3311292.86736718
2022-01-07T00:00:00Z,3306948.43370482
2022-01-06T00:00:00Z,3307986.17278108
2022-01-05T00:00:00Z,3308911.10504647
2022-01-04T00:00:00Z,3313644.11709692
2022-01-03T00:00:00Z,3356700.96645412
2022-01-02T00:00:00Z,3352681.46495464
2022-01-01T00:00:00Z,3350744.71060369
2021-12-31T00:00:00Z,3351873.93527069
2021-12-30T00:00:00Z,3366597.97071985
2021-12-29T00:00:00Z,3356495.92335519
2021-12-28T00:00:00Z,3369457.26328783
2021-12-27T00:00:00Z,3368808.57359915
2021-12-26T00:00:00Z,3364379.92624688
2021-12-25T00:00:00Z,3363286.85874761
2021-12-24T00:00:00Z,3364998.05352615
2021-12-23T00:00:00Z,3374876.33777039
2021-12-22T00:00:00Z,3376286.00985048
2021-12-21T00:00:00Z,3376016.35297443
2021-12-20T00:00:00Z,3376297.60184357
2021-12-19T00:00:00Z,3364930.89707531
2021-12-18T00:00:00Z,3366455.63482378
2021-12-17T00:00:00Z,3362467.36792374
2021-12-16T00:00:00Z,3359120.57297535
2021-12-15T00:00:00Z,3353438.94669312
2021-12-14T00:00:00Z,3344493.3455949
2021-12-13T00:00:00Z,3344569.59210066
2021-12-12T00:00:00Z,3348890.32431854
2021-12-11T00:00:00Z,3349595.01914612
2021-12-10T00:00:00Z,3340063.24177956
2021-12-09T00:00:00Z,3337015.76436122
2021-12-08T00:00:00Z,3336443.9656863
2021-12-07T00:00:00Z,3338610.44391015
2021-12-06T00:00:00Z,3340463.11039908
2021-12-05T00:00:00Z,3343536.58969941
2021-12-04T00:00:00Z,3350697.70462709
2021-12-03T00:00:00Z,3351737.08421035
2021-12-02T00:00:00Z,3351600.41330963
2021-12-01T00:00:00Z,3355002.72325677
2021-11-30T00:00:00Z,3351857.59358812
2021-11-29T00:00:00Z,3352724.92094745
2021-11-28T00:00:00Z,3358286.93167417
2021-11-27T00:00:00Z,3354853.16132007
2021-11-26T00:00:00Z,3353535.51365559
2021-11-25T00:00:00Z,3328972.45691968
2021-11-24T00:00:00Z,3334085.16896734
2021-11-23T00:00:00Z,3336026.30105447
2021-11-22T00:00:00Z,3339074.95791943
2021-11-21T00:00:00Z,3337152.05654549
2021-11-20T00:00:00Z,3337494.1083162
2021-11-19T00:00:00Z,3333354.23460717
2021-11-18T00:00:00Z,3332720.46526323
2021-11-17T00:00:00Z,3325074.1529484
2021-11-16T00:00:00Z,3334828.32238156
2021-11-15T00:00:00Z,3341278.22354058
2021-11-14T00:00:00Z,3338105.26529964
2021-11-13T00:00:00Z,3335542.62474397
2021-11-12T00:00:00Z,3335852.69318545
2021-11-11T00:00:00Z,3336109.77910117
2021-11-10T00:00:00Z,3331496.99945595
2021-11-09T00:00:00Z,3330255.96283729
2021-11-08T00:00:00Z,3331060.51541924
2021-11-07T00:00:00Z,3323237.77859849
2021-11-06T00:00:00Z,3330200.03521117
2021-11-05T00:00:00Z,3326628.79454084
2021-11-04T00:00:00Z,3331613.63904091
2021-11-03T00:00:00Z,3330018.75201173
2021-11-02T00:00:00Z,3345323.99644579
2021-11-01T00:00:00Z,3351779.04212716
2021-10-31T00:00:00Z,3366439.52533548
2021-10-30T00:00:00Z,3364065.14496748
2021-10-29T00:00:00Z,3360916.68313714
2021-10-28T00:00:00Z,3369057.08957543
2021-10-27T00:00:00Z,3371488.73546458
2021-10-26T00:00:00Z,3359088.61063603
2021-10-25T00:00:00Z,3356727.97250773
2021-10-24T00:00:00Z,3358799.37684151
2021-10-23T00:00:00Z,3357479.41886118
2021-10-22T00:00:00Z,3354828.86422237
2021-10-21T00:00:00Z,3352802.06329894
2021-10-20T00:00:00Z,3354199.68426154
2021-10-19T00:00:00Z,3349844.88690773
2021-10-18T00:00:00Z,3344958.47303024
2021-10-17T00:00:00Z,3354765.21685764
2021-10-16T00:00:00Z,3355177.81848678
2021-10-15T00:00:00Z,3346846.92890422
2021-10-14T00:00:00Z,3343032.03759815
2021-10-13T00:00:00Z,3343902.17868032
2021-10-12T00:00:00Z,3342037.36119025
2021-10-11T00:00:00Z,3341357.70316663
2021-10-10T00:00:00Z,3341954.09025184
2021-10-09T00:00:00Z,3341414.67160395
2021-10-08T00:00:00Z,3339785.87507723
2021-10-07T00:00:00Z,3340157.52485285
2021-10-06T00:00:00Z,3333033.7862252
2021-10-05T00:00:00Z,3328487.10540162
2021-10-04T00:00:00Z,3323508.84199149
2021-10-03T00:00:00Z,3323896.67711174
2021-10-02T00:00:00Z,3322390.43984049
2021-10-01T00:00:00Z,3322818.95363587
2021-09-30T00:00:00Z,3323515.04687537
2021-09-29T00:00:00Z,3318999.76925864
2021-09-28T00:00:00Z,3326158.64739824
2021-09-27T00:00:00Z,3330594.20673141
2021-09-26T00:00:00Z,3335085.27083539
2021-09-25T00:00:00Z,3336546.54398104
2021-09-24T00:00:00Z,3338194.38887293
2021-09-23T00:00:00Z,3313754.73229669
2021-09-22T00:00:00Z,3317082.24591316
2021-09-21T00:00:00Z,3318482.24327009
2021-09-20T00:00:00Z,3311392.44037736
2021-09-19T00:00:00Z,3342898.39754443
2021-09-18T00:00:00Z,3342293.62408969
2021-09-17T00:00:00Z,3340720.07028628
2021-09-16T00:00:00Z,3340822.0694802
2021-09-15T00:00:00Z,3342675.14736333
2021-09-14T00:00:00Z,3344155.66041444
2021-09-13T00:00:00Z,3348145.52769277
2021-09-12T00:00:00Z,3347033.47714877
2021-09-11T00:00:00Z,3347750.39225338
2021-09-10T00:00:00Z,3347853.19128695
2021-09-09T00:00:00Z,3393522.79235268
2021-09-08T00:00:00Z,3396005.85014104
2021-09-07T00:00:00Z,3397286.63840621
2021-09-06T00:00:00Z,3399865.70205162
2021-09-05T00:00:00Z,3404576.80790026
2021-09-04T00:00:00Z,3404647.64082914
2021-09-03T00:00:00Z,3402496.73524712
2021-09-02T00:00:00Z,3408331.64113032
2021-09-01T00:00:00Z,3408154.04308794
2021-08-31T00:00:00Z,3413024.32756629
2021-08-30T00:00:00Z,3410561.15199919
2021-08-29T00:00:00Z,3407887.66642763
2021-08-28T00:00:00Z,3408359.23819104
2021-08-27T00:00:00Z,3406613.19732667
2021-08-26T00:00:00Z,3407522.57546689
2021-08-25T00:00:00Z,3409211.61398794
2021-08-24T00:00:00Z,3428644.22155035
2021-08-23T00:00:00Z,3427855.51016677
2021-08-22T00:00:00Z,3429638.83925087
2021-08-21T00:00:00Z,3429473.68069292
2021-08-20T00:00:00Z,3419363.452337
2021-08-19T00:00:00Z,3430365.85268623
2021-08-18T00:00:00Z,3430934.92930532
2021-08-17T00:00:00Z,3435076.40213711
2021-08-16T00:00:00Z,3432979.22771003
2021-08-15T00:00:00Z,3437825.87987823
2021-08-14T00:00:00Z,3431966.6326578
2021-08-13T00:00:00Z,3437158.29587878
2021-08-12T00:00:00Z,3435400.97583714
2021-08-11T00:00:00Z,3432281.51193928
2021-08-10T00:00:00Z,3427790.59939508
2021-08-09T00:00:00Z,3425701.12267996
2021-08-08T00:00:00Z,3421241.07629672
2021-08-07T00:00:00Z,3419856.69533609
2021-08-06T00:00:00Z,3417104.01320333
2021-08-05T00:00:00Z,3406215.70222611
2021-08-04T00:00:00Z,3402188.43802037
2021-08-03T00:00:00Z,3406065.83205458
2021-08-02T00:00:00Z,3409530.92139227
2021-08-01T00:00:00Z,3408218.74008639
2021-07-31T00:00:00Z,3403188.47021398
2021-07-30T00:00:00Z,3404124.81644957
2021-07-29T00:00:00Z,3402485.8094065
2021-07-28T00:00:00Z,3407393.14007429
2021-07-27T00:00:00Z,3453091.08425731
2021-07-26T00:00:00Z,3474184.2137704
2021-07-25T00:00:00Z,3448832.4961564
2021-07-24T00:00:00Z,3457256.5658419
2021-07-23T00:00:00Z,3453811.22221137
2021-07-22T00:00:00Z,3450827.2161889
2021-07-21T00:00:00Z,3445183.69836281
2021-07-20T00:00:00Z,3441324.09403825
2021-07-19T00:00:00Z,3438027.67644481
2021-07-18T00:00:00Z,3434166.27597641
2021-07-17T00:00:00Z,3418002.3622567
2021-07-16T00:00:00Z,3370227.21821995
2021-07-15T00:00:00Z,3372043.04117347
2021-07-14T00:00:00Z,3376706.75075454
2021-07-13T00:00:00Z,3374204.34138268
2021-07-12T00:00:00Z,3374004.86734592
2021-07-11T00:00:00Z,3373949.91144716
2021-07-10T00:00:00Z,3373323.68688858
2021-07-09T00:00:00Z,3373130.9062718
2021-07-08T00:00:00Z,3372544.29897907
2021-07-07T00:00:00Z,3376564.67446345
2021-07-06T00:00:00Z,3383099.93238223
2021-07-05T00:00:00Z,3386614.31367952
2021-07-04T00:00:00Z,3384202.09854448
2021-07-03T00:00:00Z,3382194.01053575
2021-07-02T00:00:00Z,3381237.57695913
2021-07-01T00:00:00Z,3382246.04693663
2021-06-30T00:00:00Z,3392937.28569322
2021-06-29T00:00:00Z,3397275.62104373
2021-06-28T00:00:00Z,3391103.7370363
2021-06-27T00:00:00Z,3391727.60494164
2021-06-26T00:00:00Z,3384975.86707447
2021-06-25T00:00:00Z,3390949.52896386
2021-06-24T00:00:00Z,3400502.63314133
2021-06-23T00:00:00Z,3401984.58087114
2021-06-22T00:00:00Z,3400693.03875866
2021-06-21T00:00:00Z,3402660.30392346
2021-06-20T00:00:00Z,3403911.59234472
2021-06-19T00:00:00Z,3399424.53395121
2021-06-18T00:00:00Z,3397781.09355293
2021-06-17T00:00:00Z,3397712.1262374
2021-06-16T00:00:00Z,3395388.91665006
2021-06-15T00:00:00Z,3391099.22686198
2021-06-14T00:00:00Z,3385226.53198202
2021-06-13T00:00:00Z,3380621.58931426
2021-06-12T00:00:00Z,3375861.00795586
2021-06-11T00:00:00Z,3373166.74927787
2021-06-10T00:00:00Z,3364065.63874415
2021-06-09T00:00:00Z,3352011.57016829
2021-06-08T00:00:00Z,3354844.66212462
2021-06-07T00:00:00Z,3351038.26681664
2021-06-06T00:00:00Z,3355075.37428925
2021-06-05T00:00:00Z,3357867.62416668
2021-06-04T00:00:00Z,3354781.38205187
2021-06-03T00:00:00Z,3350623.12378076
2021-06-02T00:00:00Z,3354872.58216482
2021-06-01T00:00:00Z,3360120.00775181
2021-05-31T00:00:00Z,3361531.35266411
2021-05-30T00:00:00Z,3352974.03197811
2021-05-29T00:00:00Z,3355558.51318402
2021-05-28T00:00:00Z,3350133.1968139
2021-05-27T00:00:00Z,3339562.36527914
2021-05-26T00:00:00Z,3331588.15790552
2021-05-25T00:00:00Z,3329990.32951917
2021-05-24T00:00:00Z,3321864.19442407
2021-05-23T00:00:00Z,3319668.65742894
2021-05-22T00:00:00Z,3328188.00128451
2021-05-21T00:00:00Z,3328825.71588672
2021-05-20T00:00:00Z,3341532.59881376
2021-05-19T00:00:00Z,3339085.89398816
2021-05-18T00:00:00Z,3302928.33267535
2021-05-17T00:00:00Z,3310209.82960388
2021-05-16T00:00:00Z,3273584.43820321
2021-05-15T00:00:00Z,3267029.85851552
2021-05-14T00:00:00Z,3263014.32687006
2021-05-13T00:00:00Z,3255023.59376775
2021-05-12T00:00:00Z,3242061.71311089
2021-05-11T00:00:00Z,3216139.53458083
2021-05-10T00:00:00Z,3217177.41235453
2021-05-09T00:00:00Z,3206811.01813123
2021-05-08T00:00:00Z,3202833.45306544
2021-05-07T00:00:00Z,3196004.7079871
2021-05-06T00:00:00Z,3205826.42525014
2021-05-05T00:00:00Z,3207621.60149939
2021-05-04T00:00:00Z,3202063.65728746
2021-05-03T00:00:00Z,3194809.70430278
2021-05-02T00:00:00Z,3196657.62561614
2021-05-01T00:00:00Z,3194890.4440482
2021-04-30T00:00:00Z,3192683.86930512
2021-04-29T00:00:00Z,3185763.8171116
2021-04-28T00:00:00Z,3151250.34137245
2021-04-27T00:00:00Z,3148000.09838671
2021-04-26T00:00:00Z,3139664.71701991
2021-04-25T00:00:00Z,3132681.86900905
2021-04-24T00:00:00Z,3135429.1575357
2021-04-23T00:00:00Z,3135474.93986349
2021-04-22T00:00:00Z,3121538.33568722
2021-04-21T00:00:00Z,3108460.863511
2021-04-20T00:00:00Z,3111671.44677351
2021-04-19T00:00:00Z,3112808.12573073
2021-04-18T00:00:00Z,3130876.11174978
2021-04-17T00:00:00Z,3140324.00792101
2021-04-16T00:00:00Z,3141633.77691432
2021-04-15T00:00:00Z,3147079.79957652
2021-04-14T00:00:00Z,3149630.78984839
2021-04-13T00:00:00Z,3142489.48001816
2021-04-12T00:00:00Z,3140526.84768059
2021-04-11T00:00:00Z,3133229.34857714
2021-04-10T00:00:00Z,3136511.31618308
2021-04-09T00:00:00Z,3125327.66776884
2021-04-08T00:00:00Z,3127777.6069422
2021-04-07T00:00:00Z,3136245.80152135
2021-04-06T00:00:00Z,3142027.26298167
2021-04-05T00:00:00Z,3165559.30824483
2021-04-04T00:00:00Z,3168905.88912696
2021-04-03T00:00:00Z,3177164.93676193
2021-04-02T00:00:00Z,3172193.65163984
2021-04-01T00:00:00Z,3170132.78634754
2021-03-31T00:00:00Z,3171165.47590237
2021-03-30T00:00:00Z,3170992.55325684
2021-03-29T00:00:00Z,3158083.18576921
2021-03-28T00:00:00Z,3163596.2821555
2021-03-27T00:00:00Z,3161851.00362817
2021-03-26T00:00:00Z,3158031.19230801
2021-03-25T00:00:00Z,3167497.57045001
2021-03-24T00:00:00Z,3162359.36719524
2021-03-23T00:00:00Z,3159663.88302565
2021-03-22T00:00:00Z,3171369.14935648
2021-03-21T00:00:00Z,3177438.42912286
2021-03-20T00:00:00Z,3180760.35792692
2021-03-19T00:00:00Z,3180213.19463561
2021-03-18T00:00:00Z,3176630.23140505
2021-03-17T00:00:00Z,3170511.66266113
2021-03-16T00:00:00Z,3174057.55823288
2021-03-15T00:00:00Z,3174438.31977417
2021-03-14T00:00:00Z,3179951.14004506
2021-03-13T00:00:00Z,3147676.27441531
2021-03-12T00:00:00Z,3141585.470408
2021-03-11T00:00:00Z,3145109.03096469
2021-03-10T00:00:00Z,3139785.0241654
2021-03-09T00:00:00Z,3134745.33511235
2021-03-08T00:00:00Z,3125574.3525012
2021-03-07T00:00:00Z,3133792.33107093
2021-03-06T00:00:00Z,3130228.27493632
2021-03-05T00:00:00Z,3123449.06210708
2021-03-04T00:00:00Z,3113733.44570109
2021-03-03T00:00:00Z,3112449.91129813
2021-03-02T00:00:00Z,3107118.3691161
2021-03-01T00:00:00Z,3113193.13634836
2021-02-28T00:00:00Z,3118159.41437776
2021-02-27T00:00:00Z,3112381.73426366
2021-02-26T00:00:00Z,3109332.69097936
2021-02-25T00:00:00Z,3145631.71601501
2021-02-24T00:00:00Z,3142871.45227212
2021-02-23T00:00:00Z,3158475.50077891
2021-02-22T00:00:00Z,3150665.04922094
2021-02-21T00:00:00Z,3145351.3018531
2021-02-20T00:00:00Z,3108941.80655256
2021-02-19T00:00:00Z,3096177.59706499
2021-02-18T00:00:00Z,3084728.06052051
2021-02-17T00:00:00Z,3086023.17847174
2021-02-16T00:00:00Z,3076657.24780358
2021-02-15T00:00:00Z,3075439.2352267
2021-02-14T00:00:00Z,3079855.80897852
2021-02-13T00:00:00Z,3077129.36212426
2021-02-12T00:00:00Z,3076529.46067815
2021-02-11T00:00:00Z,3083753.26946355
2021-02-10T00:00:00Z,3080768.41518517
2021-02-09T00:00:00Z,3073332.43216139
2021-02-08T00:00:00Z,3074717.18571649
2021-02-07T00:00:00Z,3071962.71134175
2021-02-06T00:00:00Z,3081539.00593334
2021-02-05T00:00:00Z,3067863.81460916
2021-02-04T00:00:00Z,3075759.11967169
2021-02-03T00:00:00Z,3068058.69524251
2021-02-02T00:00:00Z,3064081.30631343
2021-02-01T00:00:00Z,3059729.14553412
2021-01-31T00:00:00Z,3064189.45765303
2021-01-30T00:00:00Z,3075784.77492913
2021-01-29T00:00:00Z,3070221.05340724
2021-01-28T00:00:00Z,3045784.76482967
2021-01-27T00:00:00Z,3048623.61937843
2021-01-26T00:00:00Z,3055977.92508544
2021-01-25T00:00:00Z,3058453.91862157
2021-01-24T00:00:00Z,3057973.57276428
2021-01-23T00:00:00Z,3054383.26467623
2021-01-22T00:00:00Z,3050061.18906744
2021-01-21T00:00:00Z,3049494.96626055
2021-01-20T00:00:00Z,3047164.32063663
2021-01-19T00:00:00Z,3046086.77603462
2021-01-18T00:00:00Z,3044075.7098418
2021-01-17T00:00:00Z,3045334.30779239
2021-01-16T00:00:00Z,3043281.31042294
2021-01-15T00:00:00Z,3039522.95760452
2021-01-14T00:00:00Z,3013420.82164045
2021-01-13T00:00:00Z,3020197.58979419
2021-01-12T00:00:00Z,3018068.06732375
2021-01-11T00:00:00Z,3022895.97396756
2021-01-10T00:00:00Z,3006897.4066528
2021-01-09T00:00:00Z,2995899.45425234
2021-01-08T00:00:00Z,2992949.93577257
2021-01-07T00:00:00Z,2980372.30959375
2021-01-06T00:00:00Z,2974191.57351478
2021-01-05T00:00:00Z,2982568.67456068
2021-01-04T00:00:00Z,2981824.69105943
2021-01-03T00:00:00Z,2967638.48467782
2021-01-02T00:00:00Z,2949529.15659614
2021-01-01T00:00:00Z,2982446.37073654
2020-12-31T00:00:00Z,2993603.99443837
2020-12-30T00:00:00Z,3004568.10409351
2020-12-29T00:00:00Z,2992096.65877151
2020-12-28T00:00:00Z,3011598.34823738
2020-12-27T00:00:00Z,3007433.92877181
2020-12-26T00:00:00Z,2989491.31131442
2020-12-25T00:00:00Z,2988516.15700691
2020-12-24T00:00:00Z,2981152.43932513
2020-12-23T00:00:00Z,2972011.05263255
2020-12-22T00:00:00Z,2999026.54123379
2020-12-21T00:00:00Z,3019396.01443292
2020-12-20T00:00:00Z,3024847.4073467
2020-12-19T00:00:00Z,3026954.81592396
2020-12-18T00:00:00Z,3020505.0019829
2020-12-17T00:00:00Z,3008986.66447229
2020-12-16T00:00:00Z,2988534.58159338
2020-12-15T00:00:00Z,2971382.98252453
2020-12-14T00:00:00Z,2978358.34077922
2020-12-13T00:00:00Z,2973193.0135797
2020-12-12T00:00:00Z,2967783.45990085
2020-12-11T00:00:00Z,2958600.90847125
2020-12-10T00:00:00Z,2939006.75344772
2020-12-09T00:00:00Z,2933735.07308692
2020-12-08T00:00:00Z,2941894.44486342
2020-12-07T00:00:00Z,2942837.50366654
2020-12-06T00:00:00Z,2935529.44818722
2020-12-05T00:00:00Z,2939951.36427563
2020-12-04T00:00:00Z,2937067.93000959
2020-12-03T00:00:00Z,2953992.86102999
2020-12-02T00:00:00Z,2952462.67912871
2020-12-01T00:00:00Z,2953199.56872335
2020-11-30T00:00:00Z,2941449.52168954
2020-11-29T00:00:00Z,2937275.87078324
2020-11-28T00:00:00Z,2940638.41780127
2020-11-27T00:00:00Z,2943711.94198266
2020-11-26T00:00:00Z,2934448.75507356
2020-11-25T00:00:00Z,2922296.0797103
2020-11-24T00:00:00Z,2918507.88016687
2020-11-23T00:00:00Z,2910158.51471814
2020-11-22T00:00:00Z,2907346.53467041
2020-11-21T00:00:00Z,2906670.30687193
2020-11-20T00:00:00Z,2898016.6589542
2020-11-19T00:00:00Z,2901428.82079115
2020-11-18T00:00:00Z,2911887.30825124
2020-11-17T00:00:00Z,2892007.34846642
2020-11-16T00:00:00Z,2886421.94621233
2020-11-15T00:00:00Z,2896536.64905669
2020-11-14T00:00:00Z,2900346.15578051
2020-11-13T00:00:00Z,2892550.71345295
2020-11-12T00:00:00Z,2895468.73274016
2020-11-11T00:00:00Z,2900867.94787962
2020-11-10T00:00:00Z,2903721.80474741
2020-11-09T00:00:00Z,2914800.08792207
2020-11-08T00:00:00Z,2915568.93933718
2020-11-07T00:00:00Z,2917922.44063433
2020-11-06T00:00:00Z,2916228.00077216
2020-11-05T00:00:00Z,2914142.76372162
2020-11-04T00:00:00Z,2902171.51935042
2020-11-03T00:00:00Z,2910744.13354477
2020-11-02T00:00:00Z,2926275.98092102
2020-11-01T00:00:00Z,2947673.23905963
2020-10-31T00:00:00Z,2945869.60965286
2020-10-30T00:00:00Z,2937550.1167049
2020-10-29T00:00:00Z,2942525.19466718
2020-10-28T00:00:00Z,2938867.71475927
2020-10-27T00:00:00Z,2939679.44717465
2020-10-26T00:00:00Z,2942497.93077625
2020-10-25T00:00:00Z,2906558.18105158
2020-10-24T00:00:00Z,2907445.39757418
2020-10-23T00:00:00Z,2907742.18395383
2020-10-22T00:00:00Z,2912534.51258259
2020-10-21T00:00:00Z,2911691.4911551
2020-10-20T00:00:00Z,2904821.12579696
2020-10-19T00:00:00Z,2904059.06014154
2020-10-18T00:00:00Z,2909803.61134106
2020-10-17T00:00:00Z,2911332.42315737
2020-10-16T00:00:00Z,2920371.89611063
2020-10-15T00:00:00Z,2937841.10383144
2020-10-14T00:00:00Z,2954899.10289431
2020-10-13T00:00:00Z,2964141.60143652
2020-10-12T00:00:00Z,2965752.45572034
2020-10-11T00:00:00Z,2963607.70705831
2020-10-10T00:00:00Z,2965761.74012389
2020-10-09T00:00:00Z,2961608.5389444
2020-10-08T00:00:00Z,2957404.35880392
2020-10-07T00:00:00Z,2953236.96586586
2020-10-06T00:00:00Z,2967053.54612764
2020-10-05T00:00:00Z,2961270.90212145
2020-10-04T00:00:00Z,2966913.15049375
2020-10-03T00:00:00Z,2964109.27775871
2020-10-02T00:00:00Z,2964331.19663172
2020-10-01T00:00:00Z,2988825.61114599
2020-09-30T00:00:00Z,2985742.92553288
2020-09-29T00:00:00Z,2985857.40961718
2020-09-28T00:00:00Z,3001433.03739716
2020-09-27T00:00:00Z,2995362.36507969
2020-09-26T00:00:00Z,2994514.30706436
2020-09-25T00:00:00Z,2997182.81826721
2020-09-24T00:00:00Z,3001659.5280771
2020-09-23T00:00:00Z,3005304.11225076
2020-09-22T00:00:00Z,3013496.99857679
2020-09-21T00:00:00Z,3014279.18824964
2020-09-20T00:00:00Z,3011336.22479643
2020-09-19T00:00:00Z,3006832.31802198
2020-09-18T00:00:00Z,3007817.19440593
2020-09-17T00:00:00Z,3022400.74587123
2020-09-16T00:00:00Z,3027823.26194241
2020-09-15T00:00:00Z,3020097.98163145
2020-09-14T00:00:00Z,3019771.48858502
2020-09-13T00:00:00Z,3021054.11826521
2020-09-12T00:00:00Z,3024377.99897469
2020-09-11T00:00:00Z,3025870.40261841
2020-09-10T00:00:00Z,3026950.20202736
2020-09-09T00:00:00Z,3038314.70933333
2020-09-08T00:00:00Z,3043575.00255951
2020-09-07T00:00:00Z,3043197.09985469
2020-09-06T00:00:00Z,3050068.39700329
2020-09-05T00:00:00Z,3051943.07321979
2020-09-04T00:00:00Z,3043685.69513865
2020-09-03T00:00:00Z,3033907.20373277
2020-09-02T00:00:00Z,3034242.68511245
2020-09-01T00:00:00Z,3043900.80594306
2020-08-31T00:00:00Z,3042912.92335448
2020-08-30T00:00:00Z,3049316.78681748
2020-08-29T00:00:00Z,3043082.63191726
2020-08-28T00:00:00Z,3041953.0354226
2020-08-27T00:00:00Z,3043792.48536623
2020-08-26T00:00:00Z,3041497.61255098
2020-08-25T00:00:00Z,3042278.88230108
2020-08-24T00:00:00Z,3054233.15635907
2020-08-23T00:00:00Z,3054257.52168975
2020-08-22T00:00:00Z,3056383.63197855
2020-08-21T00:00:00Z,3056295.16028879
2020-08-20T00:00:00Z,3060950.30591016
2020-08-19T00:00:00Z,3062269.42959256
2020-08-18T00:00:00Z,3072473.91370039
2020-08-17T00:00:00Z,3072760.86852338
2020-08-16T00:00:00Z,3089810.26731756
2020-08-15T00:00:00Z,3090285.52757178
2020-08-14T00:00:00Z,3095281.65262112
2020-08-13T00:00:00Z,3098774.82172039
2020-08-12T00:00:00Z,3096623.86133125
2020-08-11T00:00:00Z,3100991.45031929
2020-08-10T00:00:00Z,3099428.18219592
2020-08-09T00:00:00Z,3099778.37430287
2020-08-08T00:00:00Z,3100683.7097795
2020-08-07T00:00:00Z,3097809.92036767
2020-08-06T00:00:00Z,3105616.69104387
2020-08-05T00:00:00Z,3099892.28016474
2020-08-04T00:00:00Z,3109164.60703566
2020-08-03T00:00:00Z,3112251.22501531
2020-08-02T00:00:00Z,3117974.74900509
2020-08-01T00:00:00Z,3113677.9204409
2020-07-31T00:00:00Z,3108851.51784863
2020-07-30T00:00:00Z,3114959.62502539
2020-07-29T00:00:00Z,3118800.42725575
2020-07-28T00:00:00Z,3116650.45187593
2020-07-27T00:00:00Z,3103074.88378241
2020-07-26T00:00:00Z,3086708.87825753
2020-07-25T00:00:00Z,3078435.44276578
2020-07-24T00:00:00Z,3076075.7773081
2020-07-23T00:00:00Z,3074661.73242753
2020-07-22T00:00:00Z,3075605.87950707
2020-07-21T00:00:00Z,3062860.54282026
2020-07-20T00:00:00Z,3068490.71058772
2020-07-19T00:00:00Z,3068763.62729408
2020-07-18T00:00:00Z,3067322.8761254
2020-07-17T00:00:00Z,3066524.36154351
2020-07-16T00:00:00Z,3072253.23828634
2020-07-15T00:00:00Z,3075592.38187419
2020-07-14T00:00:00Z,3080295.75003288
2020-07-13T00:00:00Z,3071964.76363036
2020-07-12T00:00:00Z,3077769.01275893
2020-07-11T00:00:00Z,3077874.65831518
2020-07-10T00:00:00Z,3075968.24981337
2020-07-09T00:00:00Z,3079079.8590053
2020-07-08T00:00:00Z,3073929.46745926
2020-07-07T00:00:00Z,3074106.41693716
2020-07-06T00:00:00Z,3072971.32101211
2020-07-05T00:00:00Z,3065658.95778184
2020-07-04T00:00:00Z,3063968.25942375
2020-07-03T00:00:00Z,3058284.74482111
2020-07-02T00:00:00Z,3069091.93670615
2020-07-01T00:00:00Z,3064643.13139512
2020-06-30T00:00:00Z,3052635.29337459
2020-06-29T00:00:00Z,3054084.08158764
2020-06-28T00:00:00Z,3050944.72677262
2020-06-27T00:00:00Z,3048406.01906108
2020-06-26T00:00:00Z,3047122.45154057
2020-06-25T00:00:00Z,3041978.64815377
2020-06-24T00:00:00Z,3042556.36786349
2020-06-23T00:00:00Z,3042795.98110645
2020-06-22T00:00:00Z,3052431.15587126
2020-06-21T00:00:00Z,3055673.47212184
2020-06-20T00:00:00Z,3052868.85949653
2020-06-19T00:00:00Z,3053474.07297987
2020-06-18T00:00:00Z,3079683.22631506
2020-06-17T00:00:00Z,3091534.77272145
2020-06-16T00:00:00Z,3094494.8754265
2020-06-15T00:00:00Z,3092078.90894473
2020-06-14T00:00:00Z,3097104.62097051
2020-06-13T00:00:00Z,3095677.49773469
2020-06-12T00:00:00Z,3094658.82423515
2020-06-11T00:00:00Z,3100405.63120346
2020-06-10T00:00:00Z,3103045.18099527
2020-06-09T00:00:00Z,3096665.83939749
2020-06-08T00:00:00Z,3099683.26571381
2020-06-07T00:00:00Z,3110035.72597661
2020-06-06T00:00:00Z,3109529.01506165
2020-06-05T00:00:00Z,3112483.9328449
2020-06-04T00:00:00Z,3121285.1159981
2020-06-03T00:00:00Z,3122093.84701589
2020-06-02T00:00:00Z,3126179.60636208
2020-06-01T00:00:00Z,3123420.41031119
2020-05-31T00:00:00Z,3122681.15769807
2020-05-30T00:00:00Z,3117007.08296695
2020-05-29T00:00:00Z,3113438.40997577
2020-05-28T00:00:00Z,3111157.95196286
2020-05-27T00:00:00Z,3104926.05101297
2020-05-26T00:00:00Z,3104833.69348927
2020-05-25T00:00:00Z,3104478.28151175
2020-05-24T00:00:00Z,3115911.44049526
2020-05-23T00:00:00Z,3116660.26397083
2020-05-22T00:00:00Z,3115561.91548164
2020-05-21T00:00:00Z,3119952.32992788
2020-05-20T00:00:00Z,3117973.56272012
2020-05-19T00:00:00Z,3119086.13289299
2020-05-18T00:00:00Z,3126334.0255864
2020-05-17T00:00:00Z,3122667.02513006
2020-05-16T00:00:00Z,3122363.57746218
2020-05-15T00:00:00Z,3118756.00743434
2020-05-14T00:00:00Z,3114596.4869178
2020-05-13T00:00:00Z,3109713.7601151
2020-05-12T00:00:00Z,3119477.95834826
2020-05-11T00:00:00Z,3138364.31701761
2020-05-10T00:00:00Z,3149402.2208384
2020-05-09T00:00:00Z,3152117.34811841
2020-05-08T00:00:00Z,3149505.80249482
2020-05-07T00:00:00Z,3139423.52298803
2020-05-06T00:00:00Z,3127794.73668304
2020-05-05T00:00:00Z,3129207.88364755
2020-05-04T00:00:00Z,3126703.97655214
2020-05-03T00:00:00Z,3135905.11633354
2020-05-02T00:00:00Z,3131207.2242041
2020-05-01T00:00:00Z,3130822.40245751
2020-04-30T00:00:00Z,3123541.98751465
2020-04-29T00:00:00Z,3121922.63107395
2020-04-28T00:00:00Z,3112638.93847736
2020-04-27T00:00:00Z,3122936.46615698
2020-04-26T00:00:00Z,3112674.03010654
2020-04-25T00:00:00Z,3118453.50449748
2020-04-24T00:00:00Z,3118277.64931485
2020-04-23T00:00:00Z,3126298.56649471
2020-04-22T00:00:00Z,3113965.10676071
2020-04-21T00:00:00Z,3119513.65006573
2020-04-20T00:00:00Z,3120868.60912302
2020-04-19T00:00:00Z,3126657.77539493
2020-04-18T00:00:00Z,3120148.69088872
2020-04-17T00:00:00Z,3118030.17425794
2020-04-16T00:00:00Z,3133750.86109916
2020-04-15T00:00:00Z,3121769.03566633
2020-04-14T00:00:00Z,3118346.32621335
2020-04-13T00:00:00Z,3122402.47359522
2020-04-12T00:00:00Z,3129870.91003245
2020-04-11T00:00:00Z,3132214.89538877
2020-04-10T00:00:00Z,3138149.47139845
2020-04-09T00:00:00Z,3142385.81345785
2020-04-08T00:00:00Z,3152010.81055376
2020-04-07T00:00:00Z,3156558.9357966
2020-04-06T00:00:00Z,3155541.51601544
2020-04-05T00:00:00Z,3155095.32157981
2020-04-04T00:00:00Z,3158720.83665893
2020-04-03T00:00:00Z,3159621.03727182
2020-04-02T00:00:00Z,3165408.8173285
2020-04-01T00:00:00Z,3160107.37344482
2020-03-31T00:00:00Z,3161366.55817454
2020-03-30T00:00:00Z,3168182.74680814
2020-03-29T00:00:00Z,3165831.69968687
2020-03-28T00:00:00Z,3159318.78383609
2020-03-27T00:00:00Z,3164210.20672987
2020-03-26T00:00:00Z,3175461.71620815
2020-03-25T00:00:00Z,3173310.32412169
2020-03-24T00:00:00Z,3183205.38901626
2020-03-23T00:00:00Z,3198237.7585377
2020-03-22T00:00:00Z,3200611.72994412
2020-03-21T00:00:00Z,3199919.13381125
2020-03-20T00:00:00Z,3207756.42630424
2020-03-19T00:00:00Z,3205264.62736299
2020-03-18T00:00:00Z,3220379.02709462
2020-03-17T00:00:00Z,3237228.70565598
2020-03-16T00:00:00Z,3247765.47230062
2020-03-15T00:00:00Z,3260423.63927493
2020-03-14T00:00:00Z,3257708.97550582
2020-03-13T00:00:00Z,3260601.82014337
2020-03-12T00:00:00Z,3222495.29563744
2020-03-11T00:00:00Z,3181472.09916856
2020-03-10T00:00:00Z,3172571.60610484
2020-03-09T00:00:00Z,3172417.40057421
2020-03-08T00:00:00Z,3151616.98137558
2020-03-07T00:00:00Z,3149061.40573394
2020-03-06T00:00:00Z,3146148.94197065
2020-03-05T00:00:00Z,3159589.46507185
2020-03-04T00:00:00Z,3165880.76037693
2020-03-03T00:00:00Z,3173255.20640045
2020-03-02T00:00:00Z,3181541.50800595
2020-03-01T00:00:00Z,3175589.56653993
2020-02-29T00:00:00Z,3175082.05360203
2020-02-28T00:00:00Z,3175820.36914165
2020-02-27T00:00:00Z,3180941.74158837
2020-02-26T00:00:00Z,3185680.87187852
2020-02-25T00:00:00Z,3184593.74305904
2020-02-24T00:00:00Z,3187741.91530516
2020-02-23T00:00:00Z,3187263.26951849
2020-02-22T00:00:00Z,3185655.18948073
2020-02-21T00:00:00Z,3184447.59646469
2020-02-20T00:00:00Z,3197267.31470533
2020-02-19T00:00:00Z,3200915.95810016
2020-02-18T00:00:00Z,3203138.60835981
2020-02-17T00:00:00Z,3204213.31249479
2020-02-16T00:00:00Z,3199237.67654928
2020-02-15T00:00:00Z,3198098.09915235
2020-02-14T00:00:00Z,3197720.853027
2020-02-13T00:00:00Z,3199709.19501394
2020-02-12T00:00:00Z,3203835.0489305
2020-02-11T00:00:00Z,3196794.95333226
2020-02-10T00:00:00Z,3187246.60100471
2020-02-09T00:00:00Z,3191874.09259591
2020-02-08T00:00:00Z,3186588.07270177
2020-02-07T00:00:00Z,3185547.03965542
2020-02-06T00:00:00Z,3189361.36772402
2020-02-05T00:00:00Z,3183965.59024145
2020-02-04T00:00:00Z,3176624.62991881
2020-02-03T00:00:00Z,3172627.2439236
2020-02-02T00:00:00Z,3174356.82117424
2020-02-01T00:00:00Z,3173513.71745034
2020-01-31T00:00:00Z,3171224.41369553
2020-01-30T00:00:00Z,3175970.80193668
2020-01-29T00:00:00Z,3175654.08967146
2020-01-28T00:00:00Z,3167693.25961831
2020-01-27T00:00:00Z,3159534.1266099
2020-01-26T00:00:00Z,3159498.61099524
2020-01-25T00:00:00Z,3158289.57037391
2020-01-24T00:00:00Z,3159360.24016214
2020-01-23T00:00:00Z,3160152.57903924
2020-01-22T00:00:00Z,3154202.18997122
2020-01-21T00:00:00Z,3157472.02034602
2020-01-20T00:00:00Z,3158008.89563454
2020-01-19T00:00:00Z,3159389.02769536
2020-01-18T00:00:00Z,3158444.51644161
2020-01-17T00:00:00Z,3156514.98634231
2020-01-16T00:00:00Z,3157629.30054523
2020-01-15T00:00:00Z,3163706.75334517
2020-01-14T00:00:00Z,3161517.32088153
2020-01-13T00:00:00Z,3144745.88226917
2020-01-12T00:00:00Z,3142755.51630708
2020-01-11T00:00:00Z,3142420.39806028
2020-01-10T00:00:00Z,3143745.07702154
2020-01-09T00:00:00Z,3138218.79381958
2020-01-08T00:00:00Z,3137526.66140018
2020-01-07T00:00:00Z,3125632.41783157
2020-01-06T00:00:00Z,3119365.97273051
2020-01-05T00:00:00Z,3118177.24349992
2020-01-04T00:00:00Z,3116712.56545212
2020-01-03T00:00:00Z,3116163.40145649
2020-01-02T00:00:00Z,3113607.64673616
2020-01-01T00:00:00Z,3113319.60271054
2019-12-31T00:00:00Z,3109133.08631572
2019-12-30T00:00:00Z,3120052.29766984
2019-12-29T00:00:00Z,3119034.97985595
2019-12-28T00:00:00Z,3117305.27311012
2019-12-27T00:00:00Z,3114247.55904616
2019-12-26T00:00:00Z,3113936.08190689
2019-12-25T00:00:00Z,3110479.11704322
2019-12-24T00:00:00Z,3108841.72233615
2019-12-23T00:00:00Z,3116745.20211953
2019-12-22T00:00:00Z,3108395.80292922
2019-12-21T00:00:00Z,3107352.66319555
2019-12-20T00:00:00Z,3109800.96303123
2019-12-19T00:00:00Z,3096650.968569
2019-12-18T00:00:00Z,3099273.8510786
2019-12-17T00:00:00Z,3090067.93597317
2019-12-16T00:00:00Z,3084546.63321109
2019-12-15T00:00:00Z,3084069.53331265
2019-12-14T00:00:00Z,3084532.56924381
2019-12-13T00:00:00Z,3082974.9262402
2019-12-12T00:00:00Z,3083048.24381446
2019-12-11T00:00:00Z,3083568.50429985
2019-12-10T00:00:00Z,3084804.25697509
2019-12-09T00:00:00Z,3086495.73986141
2019-12-08T00:00:00Z,3082660.90579784
2019-12-07T00:00:00Z,3082932.80600087
2019-12-06T00:00:00Z,3079354.86310646
2019-12-05T00:00:00Z,3081953.05780656
2019-12-04T00:00:00Z,3083206.289082
2019-12-03T00:00:00Z,3083623.46574375
2019-12-02T00:00:00Z,3082819.53923869
2019-12-01T00:00:00Z,3077313.15057297
2019-11-30T00:00:00Z,3084164.64187524
2019-11-29T00:00:00Z,3096437.1261569
2019-11-28T00:00:00Z,3102325.93393927
2019-11-27T00:00:00Z,3108295.75453993
2019-11-26T00:00:00Z,3107084.7191082
2019-11-25T00:00:00Z,3103094.80690177
2019-11-24T00:00:00Z,3102437.45588421
2019-11-23T00:00:00Z,3099549.05635098
2019-11-22T00:00:00Z,3101078.34651661
2019-11-21T00:00:00Z,3103389.16886046
2019-11-20T00:00:00Z,3100138.60645041
2019-11-19T00:00:00Z,3103123.64231946
2019-11-18T00:00:00Z,3107564.29729666
2019-11-17T00:00:00Z,3093499.69481257
2019-11-16T00:00:00Z,3092779.83233366
2019-11-15T00:00:00Z,3092218.67639398
2019-11-14T00:00:00Z,3092285.05538093
2019-11-13T00:00:00Z,3108854.09694809
2019-11-12T00:00:00Z,3095258.07845562
2019-11-11T00:00:00Z,3096706.49708851
2019-11-10T00:00:00Z,3096323.37148763
2019-11-09T00:00:00Z,3095485.67918686
2019-11-08T00:00:00Z,3095738.55283815
2019-11-07T00:00:00Z,3108336.2141314
2019-11-06T00:00:00Z,3103175.32654701
2019-11-05T00:00:00Z,3080343.83245786
2019-11-04T00:00:00Z,3073957.13898033
2019-11-03T00:00:00Z,3072570.86814854
2019-11-02T00:00:00Z,3071946.94306736
2019-11-01T00:00:00Z,3070463.77618684
2019-10-31T00:00:00Z,3072804.49561731
2019-10-30T00:00:00Z,3070491.81410061
2019-10-29T00:00:00Z,3068988.52513361
2019-10-28T00:00:00Z,3071644.50537477
2019-10-27T00:00:00Z,3065601.67154204
2019-10-26T00:00:00Z,3061893.60669401
2019-10-25T00:00:00Z,3046097.86150277
2019-10-24T00:00:00Z,3028266.66927729
2019-10-23T00:00:00Z,3028271.45072089
2019-10-22T00:00:00Z,3027288.04794928
2019-10-21T00:00:00Z,3025045.94013032
2019-10-20T00:00:00Z,3025463.22771473
2019-10-19T00:00:00Z,3024303.70634827
2019-10-18T00:00:00Z,3025097.17067036
2019-10-17T00:00:00Z,3014422.42389186
2019-10-16T00:00:00Z,3015001.09121241
2019-10-15T00:00:00Z,3013915.26401882
2019-10-14T00:00:00Z,3009704.93351267
2019-10-13T00:00:00Z,3125880.21568471
2019-10-12T00:00:00Z,3122016.27376633
2019-10-11T00:00:00Z,3122926.53529353
2019-10-10T00:00:00Z,3131258.28561061
2019-10-09T00:00:00Z,3127819.40043713
2019-10-08T00:00:00Z,3125027.83007226
2019-10-07T00:00:00Z,3117141.44809406
2019-10-06T00:00:00Z,3117520.33716094
2019-10-05T00:00:00Z,3113942.42668535
2019-10-04T00:00:00Z,3111693.90885801
2019-10-03T00:00:00Z,3112299.04919508
2019-10-02T00:00:00Z,3115054.49810441
2019-10-01T00:00:00Z,3116582.45300788
2019-09-30T00:00:00Z,3119649.02234276
2019-09-29T00:00:00Z,3116927.06793604
2019-09-28T00:00:00Z,3118360.66932342
2019-09-27T00:00:00Z,3119378.76510815
2019-09-26T00:00:00Z,3123355.96038205
2019-09-25T00:00:00Z,3119731.37384373
2019-09-24T00:00:00Z,3113401.91743206
2019-09-23T00:00:00Z,3085763.48708588
2019-09-22T00:00:00Z,3085182.18252293
2019-09-21T00:00:00Z,3084508.09640887
2019-09-20T00:00:00Z,3080089.26122415
2019-09-19T00:00:00Z,3079501.18647429
2019-09-18T00:00:00Z,3081557.31765397
2019-09-17T00:00:00Z,3081328.34811782
2019-09-16T00:00:00Z,3075583.98300632
2019-09-15T00:00:00Z,3072248.32935731
2019-09-14T00:00:00Z,3070596.99713937
2019-09-13T00:00:00Z,3068669.63504615
2019-09-12T00:00:00Z,3070122.98483644
2019-09-11T00:00:00Z,3064756.28409646
2019-09-10T00:00:00Z,3061451.99478097
2019-09-09T00:00:00Z,3064676.38125507
2019-09-08T00:00:00Z,3059451.95304964
2019-09-07T00:00:00Z,3056959.91564401
2019-09-06T00:00:00Z,3055646.84029762
2019-09-05T00:00:00Z,3054304.53036269
2019-09-04T00:00:00Z,3043195.1052444
2019-09-03T00:00:00Z,3040087.04752355
2019-09-02T00:00:00Z,3029696.7736911
2019-09-01T00:00:00Z,3026945.37769276
2019-08-31T00:00:00Z,3026687.14702572
2019-08-30T00:00:00Z,3027342.62314036
2019-08-29T00:00:00Z,3036855.21760005
2019-08-28T00:00:00Z,3041861.37418439
2019-08-27T00:00:00Z,3040356.95934974
2019-08-26T00:00:00Z,3040641.38356498
2019-08-25T00:00:00Z,3033832.97045422
2019-08-24T00:00:00Z,3032689.46176261
2019-08-23T00:00:00Z,3033114.63154982
2019-08-22T00:00:00Z,3034098.78056255
2019-08-21T00:00:00Z,3028900.47157723
2019-08-20T00:00:00Z,3031138.69051769
2019-08-19T00:00:00Z,3030253.48338882
2019-08-18T00:00:00Z,3028297.47386087
2019-08-17T00:00:00Z,3026445.3530856
2019-08-16T00:00:00Z,3025574.13054082
2019-08-15T00:00:00Z,3034812.77252374
2019-08-14T00:00:00Z,3038283.38561684
2019-08-13T00:00:00Z,3038257.82656583
2019-08-12T00:00:00Z,3037607.00816163
2019-08-11T00:00:00Z,3033077.78455754
2019-08-10T00:00:00Z,3032125.45637787
2019-08-09T00:00:00Z,3029883.13378559
2019-08-08T00:00:00Z,3026730.64242112
2019-08-07T00:00:00Z,3023120.7394176
2019-08-06T00:00:00Z,3037772.73008793
2019-08-05T00:00:00Z,3068870.11287441
2019-08-04T00:00:00Z,3059142.60630808
2019-08-03T00:00:00Z,3057770.98679738
2019-08-02T00:00:00Z,3056424.03376287
2019-08-01T00:00:00Z,3047768.72660952
2019-07-31T00:00:00Z,3041259.64128774
2019-07-30T00:00:00Z,3044010.27673938
2019-07-29T00:00:00Z,3046158.45099253
2019-07-28T00:00:00Z,3042868.23614997
2019-07-27T00:00:00Z,3042537.41567032
2019-07-26T00:00:00Z,3043279.38077873
2019-07-25T00:00:00Z,3051509.31349619
2019-07-24T00:00:00Z,3059112.36858188
2019-07-23T00:00:00Z,3057736.76999733
2019-07-22T00:00:00Z,3064344.01179588
2019-07-21T00:00:00Z,3066120.58934395
2019-07-20T00:00:00Z,3067788.62023518
2019-07-19T00:00:00Z,3068036.5222901
2019-07-18T00:00:00Z,3067080.6956581
2019-07-17T00:00:00Z,3058657.99842362
2019-07-16T00:00:00Z,3053808.58142687
2019-07-15T00:00:00Z,3051233.63921117
2019-07-14T00:00:00Z,3054474.99361134
2019-07-13T00:00:00Z,3051372.5331663
2019-07-12T00:00:00Z,3051282.8378075
2019-07-11T00:00:00Z,3069628.8006147
2019-07-10T00:00:00Z,3057304.67610679
2019-07-09T00:00:00Z,3043541.90845011
2019-07-08T00:00:00Z,3033122.66782707
2019-07-07T00:00:00Z,3017692.58361062
2019-07-06T00:00:00Z,3018222.13765951
2019-07-05T00:00:00Z,3019369.31835064
2019-07-04T00:00:00Z,3028345.41696457
2019-07-03T00:00:00Z,3020970.95007796
2019-07-02T00:00:00Z,3022932.7369523
2019-07-01T00:00:00Z,3013724.98308352
2019-06-30T00:00:00Z,3007520.2356114
2019-06-29T00:00:00Z,2985404.28146049
2019-06-28T00:00:00Z,2977806.67130448
2019-06-27T00:00:00Z,2977394.01198818
2019-06-26T00:00:00Z,2959840.54592297
2019-06-25T00:00:00Z,2940390.78046744
2019-06-24T00:00:00Z,2930202.40115535
2019-06-23T00:00:00Z,2928168.39150598
2019-06-22T00:00:00Z,2924466.78929152
2019-06-21T00:00:00Z,2910878.90247475
2019-06-20T00:00:00Z,2910749.72022204
2019-06-19T00:00:00Z,2909650.53635671
2019-06-18T00:00:00Z,2908695.4245507
2019-06-17T00:00:00Z,2901357.70777993
2019-06-16T00:00:00Z,2903433.40559553
2019-06-15T00:00:00Z,2892140.23745942
2019-06-14T00:00:00Z,2887890.09757285
2019-06-13T00:00:00Z,2893546.85768245
2019-06-12T00:00:00Z,2890655.56217428
2019-06-11T00:00:00Z,2882025.4176598
2019-06-10T00:00:00Z,2882606.38953168
2019-06-09T00:00:00Z,2881004.23906385
2019-06-08T00:00:00Z,2880891.80962837
2019-06-07T00:00:00Z,2880527.38543249
2019-06-06T00:00:00Z,2884019.97087485
2019-06-05T00:00:00Z,2888571.07840845
2019-06-04T00:00:00Z,2890037.84136954
2019-06-03T00:00:00Z,2915869.74268544
2019-06-02T00:00:00Z,2886298.25992558
2019-06-01T00:00:00Z,2881938.65344932
2019-05-31T00:00:00Z,2880288.84174289
2019-05-30T00:00:00Z,2886860.64583405
2019-05-29T00:00:00Z,2883837.19491411
2019-05-28T00:00:00Z,2880716.11431569
2019-05-27T00:00:00Z,2873572.00896598
2019-05-26T00:00:00Z,2863920.18105691
2019-05-25T00:00:00Z,2857953.40645
2019-05-24T00:00:00Z,2856711.64126365
2019-05-23T00:00:00Z,2851858.63638555
2019-05-22T00:00:00Z,2841607.53891996
2019-05-21T00:00:00Z,2848012.47395448
2019-05-20T00:00:00Z,2847408.26313029
2019-05-19T00:00:00Z,2847858.21123946
2019-05-18T00:00:00Z,2838795.63403374
2019-05-17T00:00:00Z,2840033.4852777
2019-05-16T00:00:00Z,2840442.15767851
2019-05-15T00:00:00Z,2839726.25351774
2019-05-14T00:00:00Z,2823000.83698196
2019-05-13T00:00:00Z,2823116.61223623
2019-05-12T00:00:00Z,2823293.31174462
2019-05-11T00:00:00Z,2814652.23759945
2019-05-10T00:00:00Z,2814105.50710246
2019-05-09T00:00:00Z,2812861.12814646
2019-05-08T00:00:00Z,2811557.64586501
2019-05-07T00:00:00Z,2818005.10476108
2019-05-06T00:00:00Z,2830711.27534746
2019-05-05T00:00:00Z,2836957.85567264
2019-05-04T00:00:00Z,2843173.62409257
2019-05-03T00:00:00Z,2839890.6740137
2019-05-02T00:00:00Z,2838613.97565493
2019-05-01T00:00:00Z,2842728.65555095
2019-04-30T00:00:00Z,2837232.79602536
2019-04-29T00:00:00Z,2831961.19832598
2019-04-28T00:00:00Z,2847878.13740817
2019-04-27T00:00:00Z,2856037.54137294
2019-04-26T00:00:00Z,2858467.09514303
2019-04-25T00:00:00Z,2871392.56600217
2019-04-24T00:00:00Z,2871526.13618573
2019-04-23T00:00:00Z,2870477.3811148
2019-04-22T00:00:00Z,2866637.42014955
2019-04-21T00:00:00Z,2860169.05860652
2019-04-20T00:00:00Z,2857773.96728064
2019-04-19T00:00:00Z,2859107.13898374
2019-04-18T00:00:00Z,2856875.31148271
2019-04-17T00:00:00Z,2857814.94323351
2019-04-16T00:00:00Z,2853332.7784702
2019-04-15T00:00:00Z,2859673.31502821
2019-04-14T00:00:00Z,2856406.60040991
2019-04-13T00:00:00Z,2859043.65545993
2019-04-12T00:00:00Z,2861962.01887938
2019-04-11T00:00:00Z,2859567.52806736
2019-04-10T00:00:00Z,2875036.04220055
2019-04-09T00:00:00Z,2886359.51994816
2019-04-08T00:00:00Z,2883339.12983547
2019-04-07T00:00:00Z,2872764.28666562
2019-04-06T00:00:00Z,2869100.29184617
2019-04-05T00:00:00Z,2866525.65562585
2019-04-04T00:00:00Z,2861788.42732385
2019-04-03T00:00:00Z,2869664.74557414
2019-04-02T00:00:00Z,2864599.04819343
2019-04-01T00:00:00Z,2851846.42326576
2019-03-31T00:00:00Z,2856038.53212523
2019-03-30T00:00:00Z,2852046.29306404
2019-03-29T00:00:00Z,2853414.38628357
2019-03-28T00:00:00Z,2854703.24905806
2019-03-27T00:00:00Z,2858153.4653849
2019-03-26T00:00:00Z,2861329.40385358
2019-03-25T00:00:00Z,2852097.60286213
2019-03-24T00:00:00Z,2857452.42007018
2019-03-23T00:00:00Z,2857410.49757318
2019-03-22T00:00:00Z,2857162.65850252
2019-03-21T00:00:00Z,2861038.49354795
2019-03-20T00:00:00Z,2855316.14340362
2019-03-19T00:00:00Z,2859689.78071203
2019-03-18T00:00:00Z,2852378.61090763
2019-03-17T00:00:00Z,2853774.1839682
2019-03-16T00:00:00Z,2854712.67328011
2019-03-15T00:00:00Z,2853486.58027454
2019-03-14T00:00:00Z,2855751.91274627
2019-03-13T00:00:00Z,2856334.85195041
2019-03-12T00:00:00Z,2855979.31276197
2019-03-11T00:00:00Z,2852846.29713257
2019-03-10T00:00:00Z,2856056.5078398
2019-03-09T00:00:00Z,2854350.19302826
2019-03-08T00:00:00Z,2853337.56194815
2019-03-07T00:00:00Z,2860528.5474625
2019-03-06T00:00:00Z,2858224.86051369
2019-03-05T00:00:00Z,2859611.3855632
2019-03-04T00:00:00Z,2856940.84393347
2019-03-03T00:00:00Z,2855542.9060682
2019-03-02T00:00:00Z,2853871.49432577
2019-03-01T00:00:00Z,2852504.12022203
2019-02-28T00:00:00Z,2853819.33119657
2019-02-27T00:00:00Z,2850493.85514389
2019-02-26T00:00:00Z,2850664.13903881
2019-02-25T00:00:00Z,2855227.42529118
2019-02-24T00:00:00Z,2860066.05815357
2019-02-23T00:00:00Z,2861361.76306809
2019-02-22T00:00:00Z,2860680.2971718
2019-02-21T00:00:00Z,2858637.49190129
2019-02-20T00:00:00Z,2856816.58218193
2019-02-19T00:00:00Z,2861175.58321513
2019-02-18T00:00:00Z,2859624.50778718
2019-02-17T00:00:00Z,2856064.36864263
2019-02-16T00:00:00Z,2856567.05811223
2019-02-15T00:00:00Z,2851964.22639032
2019-02-14T00:00:00Z,2861065.90344199
2019-02-13T00:00:00Z,2859665.60509005
2019-02-12T00:00:00Z,2862506.17127753
2019-02-11T00:00:00Z,2859185.38418374
2019-02-10T00:00:00Z,2862765.72799167
2019-02-09T00:00:00Z,2861506.84355929
2019-02-08T00:00:00Z,2859437.29219582
2019-02-07T00:00:00Z,2857082.44264672
2019-02-06T00:00:00Z,2844782.24381673
2019-02-05T00:00:00Z,2844914.26582427
2019-02-04T00:00:00Z,2844322.25922627
2019-02-03T00:00:00Z,2847326.81090403
2019-02-02T00:00:00Z,2845566.5769917
2019-02-01T00:00:00Z,2849827.66797321
2019-01-31T00:00:00Z,2875987.5416018
2019-01-30T00:00:00Z,2875086.72172723
2019-01-29T00:00:00Z,2891866.45306576
2019-01-28T00:00:00Z,2891458.38721483
2019-01-27T00:00:00Z,2886864.86426852
2019-01-26T00:00:00Z,2884991.40751292
2019-01-25T00:00:00Z,2885502.80928856
2019-01-24T00:00:00Z,2889909.32392478
2019-01-23T00:00:00Z,2889643.00539365
2019-01-22T00:00:00Z,2894996.47950274
2019-01-21T00:00:00Z,2883051.03791768
2019-01-20T00:00:00Z,2888056.0884173
2019-01-19T00:00:00Z,2886213.48964547
2019-01-18T00:00:00Z,2888449.23676149
2019-01-17T00:00:00Z,2888519.86609016
2019-01-16T00:00:00Z,2886820.91585122
2019-01-15T00:00:00Z,2883279.45217937
2019-01-14T00:00:00Z,2879724.90734322
2019-01-13T00:00:00Z,2879601.56087724
2019-01-12T00:00:00Z,2874834.59937896
2019-01-11T00:00:00Z,2875498.31818907
2019-01-10T00:00:00Z,2879178.08067275
2019-01-09T00:00:00Z,2878740.37947431
2019-01-08T00:00:00Z,2878503.8516407
2019-01-07T00:00:00Z,2878214.50567151
2019-01-06T00:00:00Z,2882848.35765744
2019-01-05T00:00:00Z,2877566.64736731
2019-01-04T00:00:00Z,2872535.99082808
2019-01-03T00:00:00Z,2870898.95586611
2019-01-02T00:00:00Z,2872125.84051696
2019-01-01T00:00:00Z,2874566.93646363
2018-12-31T00:00:00Z,2874851.20867108
2018-12-30T00:00:00Z,2880365.29109724
2018-12-29T00:00:00Z,2881519.32807883
2018-12-28T00:00:00Z,2884760.02128267
2018-12-27T00:00:00Z,2886836.68742274
2018-12-26T00:00:00Z,2885886.43455129
2018-12-25T00:00:00Z,2880924.99833404
2018-12-24T00:00:00Z,2878924.04941623
2018-12-23T00:00:00Z,2877017.47562234
2018-12-22T00:00:00Z,2880795.26378878
2018-12-21T00:00:00Z,2880074.28940319
2018-12-20T00:00:00Z,2875581.01221615
2018-12-19T00:00:00Z,2866047.4175889
2018-12-18T00:00:00Z,2873521.49300654
2018-12-17T00:00:00Z,2872018.35324614
2018-12-16T00:00:00Z,2862253.13270927
2018-12-15T00:00:00Z,2863099.74260193
2018-12-14T00:00:00Z,2861422.81163993
2018-12-13T00:00:00Z,2863550.57774676
2018-12-12T00:00:00Z,2859318.86624249
2018-12-11T00:00:00Z,2853874.05080498
2018-12-10T00:00:00Z,2849433.26934886
2018-12-09T00:00:00Z,2845942.7140897
2018-12-08T00:00:00Z,2847240.69120687
2018-12-07T00:00:00Z,2842086.83568425
2018-12-06T00:00:00Z,2825217.07219871
2018-12-05T00:00:00Z,2802893.30385346
2018-12-04T00:00:00Z,2806628.19257724
2018-12-03T00:00:00Z,2807253.53332745
2018-12-02T00:00:00Z,2801932.8208628
2018-12-01T00:00:00Z,2806236.2617396
2018-11-30T00:00:00Z,2795779.32360199
2018-11-29T00:00:00Z,2712320.07920535
2018-11-28T00:00:00Z,2717941.0860764
2018-11-27T00:00:00Z,2721031.00302601
2018-11-26T00:00:00Z,2718769.06602914
2018-11-25T00:00:00Z,2709866.7759062
2018-11-24T00:00:00Z,2681405.30971998
2018-11-23T00:00:00Z,2667580.10244257
2018-11-22T00:00:00Z,2664923.97896655
2018-11-21T00:00:00Z,2669288.65216359
2018-11-20T00:00:00Z,2671034.95931708
2018-11-19T00:00:00Z,2655408.71970458
2018-11-18T00:00:00Z,2620729.30993303
2018-11-17T00:00:00Z,2620778.67764695
2018-11-16T00:00:00Z,2622513.61463046
2018-11-15T00:00:00Z,2614605.02312387
2018-11-14T00:00:00Z,2608616.2298
2018-11-13T00:00:00Z,2589310.82210989
2018-11-12T00:00:00Z,2579354.15424497
2018-11-11T00:00:00Z,2572919.38221353
2018-11-10T00:00:00Z,2569656.61750504
2018-11-09T00:00:00Z,2568631.51185028
2018-11-08T00:00:00Z,2567411.76405808
2018-11-07T00:00:00Z,2565213.29801536
2018-11-06T00:00:00Z,2561141.44513676
2018-11-05T00:00:00Z,2553135.97424034
2018-11-04T00:00:00Z,2555317.51283611
2018-11-03T00:00:00Z,2554399.11244533
2018-11-02T00:00:00Z,2548583.41245828
2018-11-01T00:00:00Z,2538657.67404588
2018-10-31T00:00:00Z,2541468.84311382
2018-10-30T00:00:00Z,2526610.7336745
2018-10-29T00:00:00Z,2525343.7174834
2018-10-28T00:00:00Z,2546571.32468336
2018-10-27T00:00:00Z,2546738.75459852
2018-10-26T00:00:00Z,2544840.26965389
2018-10-25T00:00:00Z,2548691.0043652
2018-10-24T00:00:00Z,2546868.75863674
2018-10-23T00:00:00Z,2546667.03936049
2018-10-22T00:00:00Z,2541744.74447281
2018-10-21T00:00:00Z,2554144.91796759
2018-10-20T00:00:00Z,2553133.12988315
2018-10-19T00:00:00Z,2550349.16006074
2018-10-18T00:00:00Z,2549153.18957555
2018-10-17T00:00:00Z,2546674.30955636
2018-10-16T00:00:00Z,2550957.7821609
2018-10-15T00:00:00Z,2553767.23844936
2018-10-14T00:00:00Z,2550686.60073443
2018-10-13T00:00:00Z,2550178.20162686
2018-10-12T00:00:00Z,2550691.4281054
2018-10-11T00:00:00Z,2548788.61990727
2018-10-10T00:00:00Z,2551495.40118448
2018-10-09T00:00:00Z,2548976.3805142
2018-10-08T00:00:00Z,2548743.6280762
2018-10-07T00:00:00Z,2547989.84304892
2018-10-06T00:00:00Z,2550060.18008081
2018-10-05T00:00:00Z,2551318.37224638
2018-10-04T00:00:00Z,2555019.21072696
2018-10-03T00:00:00Z,2562678.27621351
2018-10-02T00:00:00Z,2557702.21737614
2018-10-01T00:00:00Z,2559030.80863616
2018-09-30T00:00:00Z,2558018.28146652
2018-09-29T00:00:00Z,2555935.33129292
2018-09-28T00:00:00Z,2559469.3601107
2018-09-27T00:00:00Z,2555708.53495109
2018-09-26T00:00:00Z,2553706.18498531
2018-09-25T00:00:00Z,2555059.17680774
2018-09-24T00:00:00Z,2558464.35510812
2018-09-23T00:00:00Z,2554611.59503776
2018-09-22T00:00:00Z,2555993.68850709
2018-09-21T00:00:00Z,2553147.77105915
2018-09-20T00:00:00Z,2546758.6755413
2018-09-19T00:00:00Z,2544874.88448028
2018-09-18T00:00:00Z,2541928.78709507
2018-09-17T00:00:00Z,2540875.31384007
2018-09-16T00:00:00Z,2537919.10989187
2018-09-15T00:00:00Z,2538394.7828896
2018-09-14T00:00:00Z,2536322.51634974
2018-09-13T00:00:00Z,2538157.99021077
2018-09-12T00:00:00Z,2534405.56350964
2018-09-11T00:00:00Z,2535032.45072659
2018-09-10T00:00:00Z,2532188.99391061
2018-09-09T00:00:00Z,2531297.45120399
2018-09-08T00:00:00Z,2531040.37269864
2018-09-07T00:00:00Z,2529035.67173673
2018-09-06T00:00:00Z,2531959.81714723
2018-09-05T00:00:00Z,2514951.53263931
2018-09-04T00:00:00Z,2506046.13689959
2018-09-03T00:00:00Z,2496715.8160152
2018-09-02T00:00:00Z,2492867.57885551
2018-09-01T00:00:00Z,2490462.27560955
2018-08-31T00:00:00Z,2486059.89055513
2018-08-30T00:00:00Z,2479332.06588673
2018-08-29T00:00:00Z,2473840.7277642
2018-08-28T00:00:00Z,2464648.75338201
2018-08-27T00:00:00Z,2472881.30148254
2018-08-26T00:00:00Z,2472245.18679327
2018-08-25T00:00:00Z,2470809.2174423
2018-08-24T00:00:00Z,2467889.23761747
2018-08-23T00:00:00Z,2463859.1140069
2018-08-22T00:00:00Z,2465730.85686436
2018-08-21T00:00:00Z,2455082.61872428
2018-08-20T00:00:00Z,2446305.01367833
2018-08-19T00:00:00Z,2445427.33288815
2018-08-18T00:00:00Z,2445874.0773169
2018-08-17T00:00:00Z,2443442.28713824
2018-08-16T00:00:00Z,2450924.63663194
2018-08-15T00:00:00Z,2447523.68429939
2018-08-14T00:00:00Z,2439934.24919038
2018-08-13T00:00:00Z,2434411.47809479
2018-08-12T00:00:00Z,2434294.37167613
2018-08-11T00:00:00Z,2434282.85316683
2018-08-10T00:00:00Z,2436880.24925263
2018-08-09T00:00:00Z,2433948.3334157
2018-08-08T00:00:00Z,2439624.6609084
2018-08-07T00:00:00Z,2445266.22376823
2018-08-06T00:00:00Z,2442606.31465834
2018-08-05T00:00:00Z,2433568.42102033
2018-08-04T00:00:00Z,2432205.21996471
2018-08-03T00:00:00Z,2427953.82226408
2018-08-02T00:00:00Z,2424024.33670871
2018-08-01T00:00:00Z,2418333.79741219
2018-07-31T00:00:00Z,2418874.17127397
2018-07-30T00:00:00Z,2416923.37967817
2018-07-29T00:00:00Z,2411679.97900118
2018-07-28T00:00:00Z,2411064.10275181
2018-07-27T00:00:00Z,2408647.78916154
2018-07-26T00:00:00Z,2412294.57908242
2018-07-25T00:00:00Z,2412880.22345739
2018-07-24T00:00:00Z,2412797.43313497
2018-07-23T00:00:00Z,2406178.65040901
2018-07-22T00:00:00Z,2398722.20362446
2018-07-21T00:00:00Z,2398215.63174633
2018-07-20T00:00:00Z,2390753.08086094
2018-07-19T00:00:00Z,2383362.31005908
2018-07-18T00:00:00Z,2382740.13308128
2018-07-17T00:00:00Z,2376246.30913793
2018-07-16T00:00:00Z,2365894.85327787
2018-07-15T00:00:00Z,2360699.02105728
2018-07-14T00:00:00Z,2362787.88427182
2018-07-13T00:00:00Z,2364725.18313833
2018-07-12T00:00:00Z,2372771.64513057
2018-07-11T00:00:00Z,2371524.86323871
2018-07-10T00:00:00Z,2383564.4906053
2018-07-09T00:00:00Z,2377049.28948245
2018-07-08T00:00:00Z,2378124.2732376
2018-07-07T00:00:00Z,2376626.5706961
2018-07-06T00:00:00Z,2376265.8386636
2018-07-05T00:00:00Z,2382736.17641396
2018-07-04T00:00:00Z,2380359.95877769
2018-07-03T00:00:00Z,2381163.85407326
2018-07-02T00:00:00Z,2398532.96196532
2018-07-01T00:00:00Z,2395116.62302896
2018-06-30T00:00:00Z,2394343.74016012
2018-06-29T00:00:00Z,2392676.47976161
2018-06-28T00:00:00Z,2388317.74491032
2018-06-27T00:00:00Z,2381325.79195547
2018-06-26T00:00:00Z,2376569.99341963
2018-06-25T00:00:00Z,2374510.37060668
2018-06-24T00:00:00Z,2376508.73400427
2018-06-23T00:00:00Z,2368056.89518589
2018-06-22T00:00:00Z,2369954.80343769
2018-06-21T00:00:00Z,2361961.9210483
2018-06-20T00:00:00Z,2366401.77002703
2018-06-19T00:00:00Z,2365945.15398228
2018-06-18T00:00:00Z,2371202.53468307
2018-06-17T00:00:00Z,2364921.90584794
2018-06-16T00:00:00Z,2352957.222471
2018-06-15T00:00:00Z,2352562.38110855
2018-06-14T00:00:00Z,2354491.98221365
2018-06-13T00:00:00Z,2355809.13579287
2018-06-12T00:00:00Z,2347520.13744265
2018-06-11T00:00:00Z,2348908.42159188
2018-06-10T00:00:00Z,2353166.10516001
2018-06-09T00:00:00Z,2345438.33903395
2018-06-08T00:00:00Z,2346446.49074175
2018-06-07T00:00:00Z,2350417.8964922
2018-06-06T00:00:00Z,2353458.96653424
2018-06-05T00:00:00Z,2354863.6146188
2018-06-04T00:00:00Z,2354789.98229156
2018-06-03T00:00:00Z,2348610.48143946
2018-06-02T00:00:00Z,2347968.45917025
2018-06-01T00:00:00Z,2342115.39261325
2018-05-31T00:00:00Z,2341495.13170824
2018-05-30T00:00:00Z,2342740.96751846
2018-05-29T00:00:00Z,2349837.02264722
2018-05-28T00:00:00Z,2342337.19562537
2018-05-27T00:00:00Z,2344949.91281968
2018-05-26T00:00:00Z,2349662.54202964
2018-05-25T00:00:00Z,2352959.11672272
2018-05-24T00:00:00Z,2358868.18089159
2018-05-23T00:00:00Z,2356840.84677929
2018-05-22T00:00:00Z,2344377.90173146
2018-05-21T00:00:00Z,2343541.64060994
2018-05-20T00:00:00Z,2339889.09277212
2018-05-19T00:00:00Z,2341002.58582693
2018-05-18T00:00:00Z,2339032.99984238
2018-05-17T00:00:00Z,2340504.65643242
2018-05-16T00:00:00Z,2324012.06980555
2018-05-15T00:00:00Z,2330686.94339839
2018-05-14T00:00:00Z,2334365.10401476
2018-05-13T00:00:00Z,2335746.60005298
2018-05-12T00:00:00Z,2336158.03420698
2018-05-11T00:00:00Z,2330878.44480062
2018-05-10T00:00:00Z,2323489.6537457
2018-05-09T00:00:00Z,2332187.26416573
2018-05-08T00:00:00Z,2331750.48517185
2018-05-07T00:00:00Z,2336424.94567778
2018-05-06T00:00:00Z,2334394.09537092
2018-05-05T00:00:00Z,2338156.77540622
2018-05-04T00:00:00Z,2328975.07675965
2018-05-03T00:00:00Z,2327243.91683712
2018-05-02T00:00:00Z,2318030.09821209
2018-05-01T00:00:00Z,2319959.34375821
2018-04-30T00:00:00Z,2323233.64504985
2018-04-29T00:00:00Z,2321211.22000897
2018-04-28T00:00:00Z,2318456.62019972
2018-04-27T00:00:00Z,2330414.4443344
2018-04-26T00:00:00Z,2330725.68485181
2018-04-25T00:00:00Z,2344891.11184566
2018-04-24T00:00:00Z,2342172.38765495
2018-04-23T00:00:00Z,2331438.26063964
2018-04-22T00:00:00Z,2328310.2253638
2018-04-21T00:00:00Z,2335116.56946187
2018-04-20T00:00:00Z,2334430.19475572
2018-04-19T00:00:00Z,2341470.46533462
2018-04-18T00:00:00Z,2336972.77429514
2018-04-17T00:00:00Z,2334712.63756553
2018-04-16T00:00:00Z,2344238.02629786
2018-04-15T00:00:00Z,2342581.50157282
2018-04-14T00:00:00Z,2339230.81061854
2018-04-13T00:00:00Z,2330638.76125636
2018-04-12T00:00:00Z,2339685.65695547
2018-04-11T00:00:00Z,2327659.23654933
2018-04-10T00:00:00Z,2315601.85306795
2018-04-09T00:00:00Z,2317179.46537522
2018-04-08T00:00:00Z,2320137.31935389
2018-04-07T00:00:00Z,2319136.36151621
2018-04-06T00:00:00Z,2328774.91835475
2018-04-05T00:00:00Z,2345522.24749459
2018-04-04T00:00:00Z,2346033.73825119
2018-04-03T00:00:00Z,2345966.99955838
2018-04-02T00:00:00Z,2337039.5937893
2018-04-01T00:00:00Z,2330623.72932222
2018-03-31T00:00:00Z,2330981.66613213
2018-03-30T00:00:00Z,2330292.88032267
2018-03-29T00:00:00Z,2324014.98125247
2018-03-28T00:00:00Z,2310016.94998621
2018-03-27T00:00:00Z,2309655.30577059
2018-03-26T00:00:00Z,2313274.37564611
2018-03-25T00:00:00Z,2303781.68606626
2018-03-24T00:00:00Z,2304274.96146086
2018-03-23T00:00:00Z,2302554.37239837
2018-03-22T00:00:00Z,2302526.96609325
2018-03-21T00:00:00Z,2315791.68874171
2018-03-20T00:00:00Z,2309827.64560039
2018-03-19T00:00:00Z,2314078.20342701
2018-03-18T00:00:00Z,2302177.33288923
2018-03-17T00:00:00Z,2284391.02295348
2018-03-16T00:00:00Z,2285250.65669186
2018-03-15T00:00:00Z,2279833.2334543
2018-03-14T00:00:00Z,2270966.8226242
2018-03-13T00:00:00Z,2254047.27096087
2018-03-12T00:00:00Z,2251738.67572322
2018-03-11T00:00:00Z,2252010.2513223
2018-03-10T00:00:00Z,2251501.18372621
2018-03-09T00:00:00Z,2253405.39888259
2018-03-08T00:00:00Z,2253464.24785949
2018-03-07T00:00:00Z,2268330.0247959
2018-03-06T00:00:00Z,2271391.03172712
2018-03-05T00:00:00Z,2268367.57888077
2018-03-04T00:00:00Z,2253952.75677435
2018-03-03T00:00:00Z,2250951.89870092
2018-03-02T00:00:00Z,2249971.48390754
2018-03-01T00:00:00Z,2244693.90412868
2018-02-28T00:00:00Z,2230003.97809198
2018-02-27T00:00:00Z,2227948.86362239
2018-02-26T00:00:00Z,2231384.40307694
2018-02-25T00:00:00Z,2224897.37832305
2018-02-24T00:00:00Z,2219663.78783111
2018-02-23T00:00:00Z,2219553.04813241
2018-02-22T00:00:00Z,2223453.50666095
2018-02-21T00:00:00Z,2209480.71151014
2018-02-20T00:00:00Z,2209103.29210532
2018-02-19T00:00:00Z,2194419.22091445
2018-02-18T00:00:00Z,2193884.25245152
2018-02-17T00:00:00Z,2196600.98665264
2018-02-16T00:00:00Z,2197037.97353789
2018-02-15T00:00:00Z,2199260.23524295
2018-02-14T00:00:00Z,2203299.17634853
2018-02-13T00:00:00Z,2206028.23068115
2018-02-12T00:00:00Z,2205311.2737978
2018-02-11T00:00:00Z,2211081.53478751
2018-02-10T00:00:00Z,2207346.26693381
2018-02-09T00:00:00Z,2210662.25184301
2018-02-08T00:00:00Z,2235608.77096618
2018-02-07T00:00:00Z,2216509.06406771
2018-02-06T00:00:00Z,2212903.80409031
2018-02-05T00:00:00Z,2197834.45738693
2018-02-04T00:00:00Z,2168645.95372315
2018-02-03T00:00:00Z,2145331.42119469
2018-02-02T00:00:00Z,2147505.90124267
2018-02-01T00:00:00Z,2126996.50022239
2018-01-31T00:00:00Z,2105503.65086505
2018-01-30T00:00:00Z,2109826.39269682
2018-01-29T00:00:00Z,2108011.49657428
2018-01-28T00:00:00Z,2110080.97265078
2018-01-27T00:00:00Z,2107648.05742548
2018-01-26T00:00:00Z,2111692.88478429
2018-01-25T00:00:00Z,2109626.43394288
2018-01-24T00:00:00Z,2103064.54606673
2018-01-23T00:00:00Z,2104566.80011842
2018-01-22T00:00:00Z,2104587.55340848
2018-01-21T00:00:00Z,2104515.28428994
2018-01-20T00:00:00Z,2109000.2197402
2018-01-19T00:00:00Z,2136784.45769504
2018-01-18T00:00:00Z,2149003.22190838
2018-01-17T00:00:00Z,2120226.77679155
2018-01-16T00:00:00Z,2104762.92924154
2018-01-15T00:00:00Z,2086011.96038399
2018-01-14T00:00:00Z,2081540.13652891
2018-01-13T00:00:00Z,2085078.05586158
2018-01-12T00:00:00Z,2080658.17103128
2018-01-11T00:00:00Z,2072740.17556988
2018-01-10T00:00:00Z,2075101.90932365
2018-01-09T00:00:00Z,2066433.74634045
2018-01-08T00:00:00Z,2059702.57998358
2018-01-07T00:00:00Z,2058692.44309193
2018-01-06T00:00:00Z,2057688.62845287
2018-01-05T00:00:00Z,2050153.82571879
2018-01-04T00:00:00Z,2025593.60084974
2018-01-03T00:00:00Z,2019716.89147785
2018-01-02T00:00:00Z,2019212.15167347
2018-01-01T00:00:00Z,2006099.07890653
2017-12-31T00:00:00Z,2015418.97581927
2017-12-30T00:00:00Z,2013435.04009085
2017-12-29T00:00:00Z,2005227.43615769
2017-12-28T00:00:00Z,2021638.38077873
2017-12-27T00:00:00Z,2024418.08155064
2017-12-26T00:00:00Z,2019245.6264515
2017-12-25T00:00:00Z,2009740.18008743
2017-12-24T00:00:00Z,2009630.94719981
2017-12-23T00:00:00Z,1996483.37425899
2017-12-22T00:00:00Z,1991092.71680125
2017-12-21T00:00:00Z,1954155.75738544
2017-12-20T00:00:00Z,1940200.52985168
2017-12-19T00:00:00Z,1896050.68195329
2017-12-18T00:00:00Z,1889321.31408757
2017-12-17T00:00:00Z,1884636.43951771
2017-12-16T00:00:00Z,1873565.0837326
2017-12-15T00:00:00Z,1871344.27903137
2017-12-14T00:00:00Z,1873341.57951732
2017-12-13T00:00:00Z,1858175.48676165
2017-12-12T00:00:00Z,1834907.72373017
2017-12-11T00:00:00Z,1826339.99060572
2017-12-10T00:00:00Z,1827798.43060497
2017-12-09T00:00:00Z,1829521.13165329
2017-12-08T00:00:00Z,1818942.09749575
2017-12-07T00:00:00Z,1804367.14756151
2017-12-06T00:00:00Z,1783849.94747453
2017-12-05T00:00:00Z,1790976.45190887
2017-12-04T00:00:00Z,1785016.35122101
2017-12-03T00:00:00Z,1778758.32730227
2017-12-02T00:00:00Z,1772051.65911643
2017-12-01T00:00:00Z,1774906.64736712
2017-11-30T00:00:00Z,1769553.119654
2017-11-29T00:00:00Z,1773556.14230647
2017-11-28T00:00:00Z,1763570.27348233
2017-11-27T00:00:00Z,1754886.79884357
2017-11-26T00:00:00Z,1746382.25779049
2017-11-25T00:00:00Z,1745077.32929185
2017-11-24T00:00:00Z,1742180.10072192
2017-11-23T00:00:00Z,1736736.47021203
2017-11-22T00:00:00Z,1735228.18136093
2017-11-21T00:00:00Z,1748955.01124357
2017-11-20T00:00:00Z,1764025.86498711
2017-11-19T00:00:00Z,1774032.44482717
2017-11-18T00:00:00Z,1767184.47578342
2017-11-17T00:00:00Z,1787971.85847328
2017-11-16T00:00:00Z,1776920.7676916
2017-11-15T00:00:00Z,1770580.8358958
2017-11-14T00:00:00Z,1793632.92416022
2017-11-13T00:00:00Z,1789884.72136765
2017-11-12T00:00:00Z,1791856.52961618
2017-11-11T00:00:00Z,1701857.71793751
2017-11-10T00:00:00Z,1676872.46030579
2017-11-09T00:00:00Z,1656346.95692512
2017-11-08T00:00:00Z,1659177.42590126
2017-11-07T00:00:00Z,1634691.3770005
2017-11-06T00:00:00Z,1647143.65859373
2017-11-05T00:00:00Z,1651484.69517263
2017-11-04T00:00:00Z,1642945.39557833
2017-11-03T00:00:00Z,1633273.23701162
2017-11-02T00:00:00Z,1635106.11751401
2017-11-01T00:00:00Z,1633055.47822701
2017-10-31T00:00:00Z,1634584.26812722
2017-10-30T00:00:00Z,1638108.65255833
2017-10-29T00:00:00Z,1633667.15564665
2017-10-28T00:00:00Z,1620859.3638559
2017-10-27T00:00:00Z,1626221.65189486
2017-10-26T00:00:00Z,1633886.95241951
2017-10-25T00:00:00Z,1633497.63015545
2017-10-24T00:00:00Z,1645126.09439181
2017-10-23T00:00:00Z,1632685.60532251
2017-10-22T00:00:00Z,1642589.93788649
2017-10-21T00:00:00Z,1640164.47651822
2017-10-20T00:00:00Z,1636209.45588186
2017-10-19T00:00:00Z,1630690.43935881
2017-10-18T00:00:00Z,1635423.67277325
2017-10-17T00:00:00Z,1654173.89966841
2017-10-16T00:00:00Z,1662125.86917967
2017-10-15T00:00:00Z,1664860.02995956
2017-10-14T00:00:00Z,1663747.33576339
2017-10-13T00:00:00Z,1662573.74262885
2017-10-12T00:00:00Z,1647399.63839461
2017-10-11T00:00:00Z,1636340.91103835
2017-10-10T00:00:00Z,1627400.43146269
2017-10-09T00:00:00Z,1626617.70929989
2017-10-08T00:00:00Z,1609829.07097981
2017-10-07T00:00:00Z,1604347.08020326
2017-10-06T00:00:00Z,1599258.35074701
2017-10-05T00:00:00Z,1596652.73342155
2017-10-04T00:00:00Z,1596148.48930112
2017-10-03T00:00:00Z,1602912.08289878
2017-10-02T00:00:00Z,1602129.1731374
2017-10-01T00:00:00Z,1604538.12217131
2017-09-30T00:00:00Z,1601404.74764806
2017-09-29T00:00:00Z,1618471.64325757
2017-09-28T00:00:00Z,1611457.701747
2017-09-27T00:00:00Z,1597247.14576581
2017-09-26T00:00:00Z,1605880.99169548
2017-09-25T00:00:00Z,1616445.13083022
2017-09-24T00:00:00Z,1616146.94662666
2017-09-23T00:00:00Z,1610706.53251081
2017-09-22T00:00:00Z,1617687.85130689
2017-09-21T00:00:00Z,1615323.06968361
2017-09-20T00:00:00Z,1619604.56067877
2017-09-19T00:00:00Z,1619582.1154613
2017-09-18T00:00:00Z,1631012.10011758
2017-09-17T00:00:00Z,1634057.65132341
2017-09-16T00:00:00Z,1642368.02654383
2017-09-15T00:00:00Z,1658379.43245241
2017-09-14T00:00:00Z,1642957.51914756
2017-09-13T00:00:00Z,1624042.31331565
2017-09-12T00:00:00Z,1630623.73267324
2017-09-11T00:00:00Z,1630939.50842401
2017-09-10T00:00:00Z,1632601.17789994
2017-09-09T00:00:00Z,1612439.68901642
2017-09-08T00:00:00Z,1613558.21776265
2017-09-07T00:00:00Z,1588789.06784307
2017-09-06T00:00:00Z,1598106.86546144
2017-09-05T00:00:00Z,1596253.22957674
2017-09-04T00:00:00Z,1614566.14513756
2017-09-03T00:00:00Z,1613246.461841
2017-09-02T00:00:00Z,1617637.11545677
2017-09-01T00:00:00Z,1614544.15064928
2017-08-31T00:00:00Z,1607495.22102402
2017-08-30T00:00:00Z,1616245.49619112
2017-08-29T00:00:00Z,1608272.36576183
2017-08-28T00:00:00Z,1588546.84966731
2017-08-27T00:00:00Z,1608314.52648258
2017-08-26T00:00:00Z,1611087.41753331
2017-08-25T00:00:00Z,1601069.95527183
2017-08-24T00:00:00Z,1596677.10690543
2017-08-23T00:00:00Z,1627166.78015791
2017-08-22T00:00:00Z,1612490.35877907
2017-08-21T00:00:00Z,1620035.4626653
2017-08-20T00:00:00Z,1610418.1952776
2017-08-19T00:00:00Z,1602411.10951674
2017-08-18T00:00:00Z,1614158.61615613
2017-08-17T00:00:00Z,1596932.60472193
2017-08-16T00:00:00Z,1604607.44735749
2017-08-15T00:00:00Z,1580052.65762752
2017-08-14T00:00:00Z,1586394.4749843
2017-08-13T00:00:00Z,1580576.61835411
2017-08-12T00:00:00Z,1556180.08904106
2017-08-11T00:00:00Z,1564869.87978482
2017-08-10T00:00:00Z,1561859.82077192
2017-08-09T00:00:00Z,1564016.47917616
2017-08-08T00:00:00Z,1550312.03034438
2017-08-07T00:00:00Z,1519208.78190366
2017-08-06T00:00:00Z,1529566.81725814
2017-08-05T00:00:00Z,1539113.14243075
2017-08-04T00:00:00Z,1539900.59978398
2017-08-03T00:00:00Z,1534937.37139643
2017-08-02T00:00:00Z,1535591.51387576
2017-08-01T00:00:00Z,1535745.28789763
2017-07-31T00:00:00Z,1489612.22721909
2017-07-30T00:00:00Z,1453460.90291234
2017-07-29T00:00:00Z,1452628.85469602
2017-07-28T00:00:00Z,1425453.26230306
2017-07-27T00:00:00Z,1442981.63912217
2017-07-26T00:00:00Z,1471455.72327875
2017-07-25T00:00:00Z,1475856.12777543
2017-07-24T00:00:00Z,1461706.27573486
2017-07-23T00:00:00Z,1457349.88121442
2017-07-22T00:00:00Z,1481710.76739598
2017-07-21T00:00:00Z,1485995.71546563
2017-07-20T00:00:00Z,1483683.85536434
2017-07-19T00:00:00Z,1473143.756586
2017-07-18T00:00:00Z,1471724.24717577
2017-07-17T00:00:00Z,1471203.37487342
2017-07-16T00:00:00Z,1464700.75420527
2017-07-15T00:00:00Z,1458574.94940936
2017-07-14T00:00:00Z,1445418.76028012
2017-07-13T00:00:00Z,1439398.55649518
2017-07-12T00:00:00Z,1455090.06895753
2017-07-11T00:00:00Z,1467082.54853646
2017-07-10T00:00:00Z,1459798.2025023
2017-07-09T00:00:00Z,1453660.16513066
2017-07-08T00:00:00Z,1417304.78414016
2017-07-07T00:00:00Z,1417726.27968539
2017-07-06T00:00:00Z,1427657.35741645
2017-07-05T00:00:00Z,1438188.05064004
2017-07-04T00:00:00Z,1443064.00998818
2017-07-03T00:00:00Z,1441263.39731357
2017-07-02T00:00:00Z,1453197.70932133
2017-07-01T00:00:00Z,1446245.60523859
2017-06-30T00:00:00Z,1453074.49670149
2017-06-29T00:00:00Z,1464217.68895257
2017-06-28T00:00:00Z,1447593.7238342
2017-06-27T00:00:00Z,1455477.04908691
2017-06-26T00:00:00Z,1457389.33997801
2017-06-25T00:00:00Z,1451770.02110964
2017-06-24T00:00:00Z,1445108.3138867
2017-06-23T00:00:00Z,1439680.69813049
2017-06-22T00:00:00Z,1447278.36582535
2017-06-21T00:00:00Z,1455520.6306589
2017-06-20T00:00:00Z,1452618.36842294
2017-06-19T00:00:00Z,1444859.38790635
2017-06-18T00:00:00Z,1430087.37625214
2017-06-17T00:00:00Z,1470131.97584507
2017-06-16T00:00:00Z,1467031.67748227
2017-06-15T00:00:00Z,1465522.27863966
2017-06-14T00:00:00Z,1465576.2992354
2017-06-13T00:00:00Z,1464535.90358292
2017-06-12T00:00:00Z,1457851.95591218
2017-06-11T00:00:00Z,1448460.21730206
2017-06-10T00:00:00Z,1439225.53778562
2017-06-09T00:00:00Z,1421804.18980377
2017-06-08T00:00:00Z,1420072.94254723
2017-06-07T00:00:00Z,1420410.95427852
2017-06-06T00:00:00Z,1434871.87606362
2017-06-05T00:00:00Z,1423956.97228411
2017-06-04T00:00:00Z,1430183.99575235
2017-06-03T00:00:00Z,1431544.03057711
2017-06-02T00:00:00Z,1445023.10222019
2017-06-01T00:00:00Z,1438381.8497579
2017-05-31T00:00:00Z,1430773.48687624
2017-05-30T00:00:00Z,1449277.09655999
2017-05-29T00:00:00Z,1450245.43845723
2017-05-28T00:00:00Z,1462757.45179915
2017-05-27T00:00:00Z,1463366.93076536
2017-05-26T00:00:00Z,1445955.92669069
2017-05-25T00:00:00Z,1445074.59649098
2017-05-24T00:00:00Z,1397048.88741264
2017-05-23T00:00:00Z,1387761.17239285
2017-05-22T00:00:00Z,1390849.76143751
2017-05-21T00:00:00Z,1377348.77192493
2017-05-20T00:00:00Z,1359283.21133043
2017-05-19T00:00:00Z,1343468.40002172
2017-05-18T00:00:00Z,1339820.84234519
2017-05-17T00:00:00Z,1329172.12337907
2017-05-16T00:00:00Z,1351285.40238388
2017-05-15T00:00:00Z,1351728.7336954
2017-05-14T00:00:00Z,1355952.63505851
2017-05-13T00:00:00Z,1358075.59988218
2017-05-12T00:00:00Z,1349944.03041736
2017-05-11T00:00:00Z,1365529.55973203
2017-05-10T00:00:00Z,1354195.37144089
2017-05-09T00:00:00Z,1354614.5749225
2017-05-08T00:00:00Z,1363147.07156588
2017-05-07T00:00:00Z,1355513.67436854
2017-05-06T00:00:00Z,1346566.75374953
2017-05-05T00:00:00Z,1339966.55857468
2017-05-04T00:00:00Z,1331127.39741452
2017-05-03T00:00:00Z,1322933.52776513
2017-05-02T00:00:00Z,1339810.28606506
2017-05-01T00:00:00Z,1329761.06208627
2017-04-30T00:00:00Z,1310941.79622459
2017-04-29T00:00:00Z,1298220.1839041
2017-04-28T00:00:00Z,1293436.44456083
2017-04-27T00:00:00Z,1286703.14816895
2017-04-26T00:00:00Z,1274322.42933069
2017-04-25T00:00:00Z,1270378.00426102
2017-04-24T00:00:00Z,1265959.83771532
2017-04-23T00:00:00Z,1280434.46727464
2017-04-22T00:00:00Z,1283264.45055816
2017-04-21T00:00:00Z,1286420.71545568
2017-04-20T00:00:00Z,1286699.1169965
2017-04-19T00:00:00Z,1291830.01349336
2017-04-18T00:00:00Z,1298249.40415042
2017-04-17T00:00:00Z,1304872.57051719
2017-04-16T00:00:00Z,1314732.94410499
2017-04-15T00:00:00Z,1315967.3028786
2017-04-14T00:00:00Z,1322632.03192382
2017-04-13T00:00:00Z,1313274.37456295
2017-04-12T00:00:00Z,1315089.11700594
2017-04-11T00:00:00Z,1321777.96503395
2017-04-10T00:00:00Z,1322050.41404453
2017-04-09T00:00:00Z,1320982.30566182
2017-04-08T00:00:00Z,1320899.48728339
2017-04-07T00:00:00Z,1326803.5659631
2017-04-06T00:00:00Z,1325861.64773672
2017-04-05T00:00:00Z,1317152.4289396
2017-04-04T00:00:00Z,1324076.47967211
2017-04-03T00:00:00Z,1339388.68316228
2017-04-02T00:00:00Z,1338837.03158247
2017-04-01T00:00:00Z,1334693.12088001
2017-03-31T00:00:00Z,1350725.73047409
2017-03-30T00:00:00Z,1341075.62714693
2017-03-29T00:00:00Z,1338059.44940926
2017-03-28T00:00:00Z,1351491.48474617
2017-03-27T00:00:00Z,1362356.49448608
2017-03-26T00:00:00Z,1356706.40973165
2017-03-25T00:00:00Z,1349977.94141457
2017-03-24T00:00:00Z,1319936.74020342
2017-03-23T00:00:00Z,1303277.07358246
2017-03-22T00:00:00Z,1310459.55228434
2017-03-21T00:00:00Z,1306631.56718771
2017-03-20T00:00:00Z,1299167.14036815
2017-03-19T00:00:00Z,1308474.13077659
2017-03-18T00:00:00Z,1310593.99016333
2017-03-17T00:00:00Z,1267565.47088144
2017-03-16T00:00:00Z,1244892.0168913
2017-03-15T00:00:00Z,1228933.3202298
2017-03-14T00:00:00Z,1227838.88749548
2017-03-13T00:00:00Z,1230603.74403088
2017-03-12T00:00:00Z,1229906.06524483
2017-03-11T00:00:00Z,1224048.17269755
2017-03-10T00:00:00Z,1231381.0370488
2017-03-09T00:00:00Z,1223212.79489677
2017-03-08T00:00:00Z,1216866.39703905
2017-03-07T00:00:00Z,1206881.27852897
2017-03-06T00:00:00Z,1204592.6943609
2017-03-05T00:00:00Z,1199054.79532356
2017-03-04T00:00:00Z,1201663.43366831
2017-03-03T00:00:00Z,1176926.19599059
2017-03-02T00:00:00Z,1165101.33900381
2017-03-01T00:00:00Z,1159320.71225569
2017-02-28T00:00:00Z,1156217.55113153
2017-02-27T00:00:00Z,1148250.87426555
2017-02-26T00:00:00Z,1155515.84154087
2017-02-25T00:00:00Z,1158707.99525629
2017-02-24T00:00:00Z,1148261.2198501
2017-02-23T00:00:00Z,1146309.52090824
2017-02-22T00:00:00Z,1142571.01614644
2017-02-21T00:00:00Z,1139304.83195573
2017-02-20T00:00:00Z,1130450.47676199
2017-02-19T00:00:00Z,1130738.91234569
2017-02-18T00:00:00Z,1129999.23445701
2017-02-17T00:00:00Z,1130738.81663113
2017-02-16T00:00:00Z,1120392.76259773
2017-02-15T00:00:00Z,1128908.12256025
2017-02-14T00:00:00Z,1132554.36639277
2017-02-13T00:00:00Z,1131318.11822352
2017-02-12T00:00:00Z,1126686.72727707
2017-02-11T00:00:00Z,1133484.43713944
2017-02-10T00:00:00Z,1129507.66308214
2017-02-09T00:00:00Z,1139367.64892876
2017-02-08T00:00:00Z,1138857.5746511
2017-02-07T00:00:00Z,1147284.74827519
2017-02-06T00:00:00Z,1146181.19748726
2017-02-05T00:00:00Z,1146000.77699886
2017-02-04T00:00:00Z,1150865.37554873
2017-02-03T00:00:00Z,1151948.09114227
2017-02-02T00:00:00Z,1164761.17131425
2017-02-01T00:00:00Z,1168694.89097202
2017-01-31T00:00:00Z,1167289.29180869
2017-01-30T00:00:00Z,1168689.69110024
2017-01-29T00:00:00Z,1169971.18890694
2017-01-28T00:00:00Z,1169594.21994762
2017-01-27T00:00:00Z,1168037.68697519
2017-01-26T00:00:00Z,1169979.96121327
2017-01-25T00:00:00Z,1173843.30241636
2017-01-24T00:00:00Z,1176717.28812989
2017-01-23T00:00:00Z,1185495.33477289
2017-01-22T00:00:00Z,1189785.5969251
2017-01-21T00:00:00Z,1189375.1020685
2017-01-20T00:00:00Z,1194951.63112495
2017-01-19T00:00:00Z,1183696.34677692
2017-01-18T00:00:00Z,1193522.44533684
2017-01-17T00:00:00Z,1200804.97409472
2017-01-16T00:00:00Z,1199627.68490582
2017-01-15T00:00:00Z,1198628.31500349
2017-01-14T00:00:00Z,1197853.08757755
2017-01-13T00:00:00Z,1206588.4371648
2017-01-12T00:00:00Z,1216707.39146599
2017-01-11T00:00:00Z,1224483.37237964
2017-01-10T00:00:00Z,1213503.20857419
2017-01-09T00:00:00Z,1219242.51425939
2017-01-08T00:00:00Z,1230609.20320182
2017-01-07T00:00:00Z,1231770.77327128
2017-01-06T00:00:00Z,1223124.60143027
2017-01-05T00:00:00Z,1220047.45623041
2017-01-04T00:00:00Z,1208800.78297241
2017-01-03T00:00:00Z,1185014.32568921
2017-01-02T00:00:00Z,1179599.03362906
2017-01-01T00:00:00Z,1174336.06763923
2016-12-31T00:00:00Z,1169042.70319201
2016-12-30T00:00:00Z,1161301.09385777
2016-12-29T00:00:00Z,1165661.18236182
2016-12-28T00:00:00Z,1162983.02014315
2016-12-27T00:00:00Z,1164120.7482835
2016-12-26T00:00:00Z,1166738.64227102
2016-12-25T00:00:00Z,1161430.16529612
2016-12-24T00:00:00Z,1166264.33727202
2016-12-23T00:00:00Z,1162545.75923817
2016-12-22T00:00:00Z,1160573.03709583
2016-12-21T00:00:00Z,1156545.32380385
2016-12-20T00:00:00Z,1163940.36789999
2016-12-19T00:00:00Z,1168211.35480743
2016-12-18T00:00:00Z,1171368.24297198
2016-12-17T00:00:00Z,1180529.91291325
2016-12-16T00:00:00Z,1172594.54375684
2016-12-15T00:00:00Z,1183172.02503963
2016-12-14T00:00:00Z,1189848.29604351
2016-12-13T00:00:00Z,1186746.52812893
2016-12-12T00:00:00Z,1183974.51795092
2016-12-11T00:00:00Z,1198864.40480893
2016-12-10T00:00:00Z,1197455.09720324
2016-12-09T00:00:00Z,1195388.61559618
2016-12-08T00:00:00Z,1203490.57263648
2016-12-07T00:00:00Z,1206152.4604426
2016-12-06T00:00:00Z,1206087.43094266
2016-12-05T00:00:00Z,1194478.1310616
2016-12-04T00:00:00Z,1200927.30834658
2016-12-03T00:00:00Z,1201967.79316252
2016-12-02T00:00:00Z,1202734.08824546
2016-12-01T00:00:00Z,1193962.65685927
2016-11-30T00:00:00Z,1194934.43515797
2016-11-29T00:00:00Z,1197124.83112354
2016-11-28T00:00:00Z,1195713.25819578
2016-11-27T00:00:00Z,1199756.92469526
2016-11-26T00:00:00Z,1211767.37894203
2016-11-25T00:00:00Z,1197095.64348948
2016-11-24T00:00:00Z,1199241.46836852
2016-11-23T00:00:00Z,1195180.74040834
2016-11-22T00:00:00Z,1198238.78323902
2016-11-21T00:00:00Z,1191305.48159651
2016-11-20T00:00:00Z,1191115.63856693
2016-11-19T00:00:00Z,1197680.91300129
2016-11-18T00:00:00Z,1200032.74215924
2016-11-17T00:00:00Z,1202864.31698052
2016-11-16T00:00:00Z,1196674.69978896
2016-11-15T00:00:00Z,1202933.82409765
2016-11-14T00:00:00Z,1205491.20260524
2016-11-13T00:00:00Z,1210354.16541252
2016-11-12T00:00:00Z,1212347.01481259
2016-11-11T00:00:00Z,1212581.39910853
2016-11-10T00:00:00Z,1217805.21090535
2016-11-09T00:00:00Z,1217861.86694902
2016-11-08T00:00:00Z,1210711.71949835
2016-11-07T00:00:00Z,1206622.06589931
2016-11-06T00:00:00Z,1205336.42856882
2016-11-05T00:00:00Z,1204341.99088445
2016-11-04T00:00:00Z,1210534.59537053
2016-11-03T00:00:00Z,1212647.57771152
2016-11-02T00:00:00Z,1202766.11511896
2016-11-01T00:00:00Z,1200271.87553886
2016-10-31T00:00:00Z,1197204.68460733
2016-10-30T00:00:00Z,1198432.9009249
2016-10-29T00:00:00Z,1197252.46116303
2016-10-28T00:00:00Z,1191028.04049487
2016-10-27T00:00:00Z,1194963.27733635
2016-10-26T00:00:00Z,1202388.24378633
2016-10-25T00:00:00Z,1200772.14535564
2016-10-24T00:00:00Z,1190156.96329415
2016-10-23T00:00:00Z,1187790.32266226
2016-10-22T00:00:00Z,1182601.55857848
2016-10-21T00:00:00Z,1185372.8872945
2016-10-20T00:00:00Z,1187001.60485677
2016-10-19T00:00:00Z,1191148.92492133
2016-10-18T00:00:00Z,1194556.67860997
2016-10-17T00:00:00Z,1191798.05301615
2016-10-16T00:00:00Z,1185541.61190217
2016-10-15T00:00:00Z,1185466.04521887
2016-10-14T00:00:00Z,1185680.68585982
2016-10-13T00:00:00Z,1188682.9507251
2016-10-12T00:00:00Z,1189661.4643491
2016-10-11T00:00:00Z,1191202.02774603
2016-10-10T00:00:00Z,1179652.38097126
2016-10-09T00:00:00Z,1184543.38470332
2016-10-08T00:00:00Z,1182968.18499672
2016-10-07T00:00:00Z,1189874.84647067
2016-10-06T00:00:00Z,1187192.30030133
2016-10-05T00:00:00Z,1185605.82451667
2016-10-04T00:00:00Z,1189422.53148725
2016-10-03T00:00:00Z,1191597.29242174
2016-10-02T00:00:00Z,1193542.1868205
2016-10-01T00:00:00Z,1192540.73113008
2016-09-30T00:00:00Z,1191643.88903589
2016-09-29T00:00:00Z,1197502.3720051
2016-09-28T00:00:00Z,1189425.41960992
2016-09-27T00:00:00Z,1187259.51139232
2016-09-26T00:00:00Z,1196651.37633944
2016-09-25T00:00:00Z,1191460.17786201
2016-09-24T00:00:00Z,1192995.0373978
2016-09-23T00:00:00Z,1195933.66027603
2016-09-22T00:00:00Z,1202579.71607757
2016-09-21T00:00:00Z,1191731.54668598
2016-09-20T00:00:00Z,1194599.27485885
2016-09-19T00:00:00Z,1190522.37425738
2016-09-18T00:00:00Z,1184916.9006373
2016-09-17T00:00:00Z,1184012.29625834
2016-09-16T00:00:00Z,1183649.70523481
2016-09-15T00:00:00Z,1182498.83263329
2016-09-14T00:00:00Z,1183709.56787998
2016-09-13T00:00:00Z,1178847.95286991
2016-09-12T00:00:00Z,1179049.11371684
2016-09-11T00:00:00Z,1184880.02364709
2016-09-10T00:00:00Z,1180226.58080036
2016-09-09T00:00:00Z,1177044.37831742
2016-09-08T00:00:00Z,1177202.64264111
2016-09-07T00:00:00Z,1174695.82642532
2016-09-06T00:00:00Z,1167560.89280224
2016-09-05T00:00:00Z,1169104.24148191
2016-09-04T00:00:00Z,1166304.39917803
2016-09-03T00:00:00Z,1166054.50990133
2016-09-02T00:00:00Z,1161638.37841943
2016-09-01T00:00:00Z,1160115.51942611
2016-08-31T00:00:00Z,1167901.25537199
2016-08-30T00:00:00Z,1172845.99407063
2016-08-29T00:00:00Z,1165610.28250542
2016-08-28T00:00:00Z,1161263.93971564
2016-08-27T00:00:00Z,1157899.2950922
2016-08-26T00:00:00Z,1154489.45022369
2016-08-25T00:00:00Z,1156409.91936126
2016-08-24T00:00:00Z,1153220.58772478
2016-08-23T00:00:00Z,1148313.1392314
2016-08-22T00:00:00Z,1144733.90489396
2016-08-21T00:00:00Z,1140658.76598713
2016-08-20T00:00:00Z,1140129.71078347
2016-08-19T00:00:00Z,1147762.52699209
2016-08-18T00:00:00Z,1145123.69968333
2016-08-17T00:00:00Z,1143677.4591173
2016-08-16T00:00:00Z,1147168.13860126
2016-08-15T00:00:00Z,1150638.45839704
2016-08-14T00:00:00Z,1155900.58479448
2016-08-13T00:00:00Z,1159819.71306358
2016-08-12T00:00:00Z,1165476.28928309
2016-08-11T00:00:00Z,1163036.07037771
2016-08-10T00:00:00Z,1171757.34123428
2016-08-09T00:00:00Z,1168056.78859374
2016-08-08T00:00:00Z,1180458.18639867
2016-08-07T00:00:00Z,1181866.46830429
2016-08-06T00:00:00Z,1183505.00070994
2016-08-05T00:00:00Z,1195153.08980268
2016-08-04T00:00:00Z,1196582.88190947
2016-08-03T00:00:00Z,1206745.73152832
2016-08-02T00:00:00Z,1207219.88665557
2016-08-01T00:00:00Z,1210920.72427214
2016-07-31T00:00:00Z,1210160.82604188
2016-07-30T00:00:00Z,1215804.50822999
2016-07-29T00:00:00Z,1212950.25857691
2016-07-28T00:00:00Z,1208672.84530056
2016-07-27T00:00:00Z,1208995.62186876
2016-07-26T00:00:00Z,1211716.73046223
2016-07-25T00:00:00Z,1197375.65436925
2016-07-24T00:00:00Z,1196785.64330743
2016-07-23T00:00:00Z,1194591.49065146
2016-07-22T00:00:00Z,1202032.3919085
2016-07-21T00:00:00Z,1193829.0853082
2016-07-20T00:00:00Z,1196402.79651468
2016-07-19T00:00:00Z,1184097.67278294
2016-07-18T00:00:00Z,1184873.49226023
2016-07-17T00:00:00Z,1185734.8892617
2016-07-16T00:00:00Z,1188729.3420986
2016-07-15T00:00:00Z,1199107.54742886
2016-07-14T00:00:00Z,1200722.00485221
2016-07-13T00:00:00Z,1194898.39874091
2016-07-12T00:00:00Z,1197869.57559536
2016-07-11T00:00:00Z,1192065.73765084
2016-07-10T00:00:00Z,1187547.57637194
2016-07-09T00:00:00Z,1186602.98653251
2016-07-08T00:00:00Z,1182569.6243537
2016-07-07T00:00:00Z,1182537.02805659
2016-07-06T00:00:00Z,1190532.69616736
2016-07-05T00:00:00Z,1179518.63365168
2016-07-04T00:00:00Z,1178252.6094852
2016-07-03T00:00:00Z,1171331.90433412
2016-07-02T00:00:00Z,1175256.01520966
2016-07-01T00:00:00Z,1190564.07205455
2016-06-30T00:00:00Z,1186247.1996676
2016-06-29T00:00:00Z,1191073.90939788
2016-06-28T00:00:00Z,1192191.94221636
2016-06-27T00:00:00Z,1190272.03174867
2016-06-26T00:00:00Z,1195150.43264336
2016-06-25T00:00:00Z,1191536.06716811
2016-06-24T00:00:00Z,1182642.43472291
2016-06-23T00:00:00Z,1186227.04117304
2016-06-22T00:00:00Z,1203397.10836396
2016-06-21T00:00:00Z,1165008.80599354
2016-06-20T00:00:00Z,1141319.90398733
2016-06-19T00:00:00Z,1147217.97946562
2016-06-18T00:00:00Z,1155972.53634223
2016-06-17T00:00:00Z,1161226.16515218
2016-06-16T00:00:00Z,1155300.15096918
2016-06-15T00:00:00Z,1171360.57293703
2016-06-14T00:00:00Z,1148091.67558114
2016-06-13T00:00:00Z,1144927.04888692
2016-06-12T00:00:00Z,1127410.89219947
2016-06-11T00:00:00Z,1128712.19040795
2016-06-10T00:00:00Z,1129356.09251713
2016-06-09T00:00:00Z,1144285.84913707
2016-06-08T00:00:00Z,1105520.72302017
2016-06-07T00:00:00Z,1113208.84830749
2016-06-06T00:00:00Z,1110867.57679969
2016-06-05T00:00:00Z,1122441.35406727
2016-06-04T00:00:00Z,1132544.14584796
2016-06-03T00:00:00Z,1123356.72138817
2016-06-02T00:00:00Z,1119379.33548448
2016-06-01T00:00:00Z,1109751.98958552
2016-05-31T00:00:00Z,1105732.85377727
2016-05-30T00:00:00Z,1086369.28710279
2016-05-29T00:00:00Z,1078662.59789574
2016-05-28T00:00:00Z,1065975.09062357
2016-05-27T00:00:00Z,1063682.33996302
2016-05-26T00:00:00Z,1064435.69631469
2016-05-25T00:00:00Z,1072584.07052558
2016-05-24T00:00:00Z,1080847.77008279
2016-05-23T00:00:00Z,1073401.7723471
2016-05-22T00:00:00Z,1074628.56365537
2016-05-21T00:00:00Z,1075028.83963995
2016-05-20T00:00:00Z,1079194.3673165
2016-05-19T00:00:00Z,1076896.22363284
2016-05-18T00:00:00Z,1093395.82761967
2016-05-17T00:00:00Z,1090731.4727318
2016-05-16T00:00:00Z,1085916.15860392
2016-05-15T00:00:00Z,1093267.27975437
2016-05-14T00:00:00Z,1095205.23572255
2016-05-13T00:00:00Z,1097512.28862266
2016-05-12T00:00:00Z,1092841.25954222
2016-05-11T00:00:00Z,1089376.64495112
2016-05-10T00:00:00Z,1095292.4654445
2016-05-09T00:00:00Z,1084781.79681889
2016-05-08T00:00:00Z,1081078.33767
2016-05-07T00:00:00Z,1082631.59707044
2016-05-06T00:00:00Z,1085334.74967604
2016-05-05T00:00:00Z,1091908.87719079
2016-05-04T00:00:00Z,1087191.86924461
2016-05-03T00:00:00Z,1087835.65397389
2016-05-02T00:00:00Z,1094876.01280542
2016-05-01T00:00:00Z,1103309.38131014
2016-04-30T00:00:00Z,1100175.79351352
2016-04-29T00:00:00Z,1098068.92231195
2016-04-28T00:00:00Z,1100169.81702904
2016-04-27T00:00:00Z,1104293.45694425
2016-04-26T00:00:00Z,1102953.64919891
2016-04-25T00:00:00Z,1112005.77777463
2016-04-24T00:00:00Z,1116070.87628964
2016-04-23T00:00:00Z,1115479.39916093
2016-04-22T00:00:00Z,1115735.82281164
2016-04-21T00:00:00Z,1110577.38991116
2016-04-20T00:00:00Z,1116977.61492057
2016-04-19T00:00:00Z,1112761.55504629
2016-04-18T00:00:00Z,1109561.26212869
2016-04-17T00:00:00Z,1102227.48825711
2016-04-16T00:00:00Z,1109810.55304693
2016-04-15T00:00:00Z,1107723.68424555
2016-04-14T00:00:00Z,1104314.19957343
2016-04-13T00:00:00Z,1118042.28246738
2016-04-12T00:00:00Z,1120896.01131621
2016-04-11T00:00:00Z,1116526.54029159
2016-04-10T00:00:00Z,1117739.0976256
2016-04-09T00:00:00Z,1107927.49118843
2016-04-08T00:00:00Z,1104771.53255831
2016-04-07T00:00:00Z,1108490.13315339
2016-04-06T00:00:00Z,1107907.81333592
2016-04-05T00:00:00Z,1109894.86274917
2016-04-04T00:00:00Z,1109410.29843759
2016-04-03T00:00:00Z,1108969.6715581
2016-04-02T00:00:00Z,1113291.86819265
2016-04-01T00:00:00Z,1112511.58471158
2016-03-31T00:00:00Z,1126817.96925395
2016-03-30T00:00:00Z,1124220.09987339
2016-03-29T00:00:00Z,1122813.36012756
2016-03-28T00:00:00Z,1122984.32804286
2016-03-27T00:00:00Z,1124375.79835167
2016-03-26T00:00:00Z,1121439.31178296
2016-03-25T00:00:00Z,1123272.38617137
2016-03-24T00:00:00Z,1117654.66547841
2016-03-23T00:00:00Z,1124596.17001997
2016-03-22T00:00:00Z,1128561.60679493
2016-03-21T00:00:00Z,1133003.9245331
2016-03-20T00:00:00Z,1144488.77156096
2016-03-19T00:00:00Z,1138703.58417327
2016-03-18T00:00:00Z,1137478.11062119
2016-03-17T00:00:00Z,1148017.75384085
2016-03-16T00:00:00Z,1144917.37304056
2016-03-15T00:00:00Z,1135324.69141598
2016-03-14T00:00:00Z,1137677.49043592
2016-03-13T00:00:00Z,1134256.62734507
2016-03-12T00:00:00Z,1140533.5171906
2016-03-11T00:00:00Z,1141047.16110436
2016-03-10T00:00:00Z,1139373.21738554
2016-03-09T00:00:00Z,1147098.16022363
2016-03-08T00:00:00Z,1147077.55081723
2016-03-07T00:00:00Z,1150518.97718471
2016-03-06T00:00:00Z,1140815.43697133
2016-03-05T00:00:00Z,1132908.64803919
2016-03-04T00:00:00Z,1109103.40278335
2016-03-03T00:00:00Z,1107684.18340079
2016-03-02T00:00:00Z,1084040.62343991
2016-03-01T00:00:00Z,1089141.84518644
2016-02-29T00:00:00Z,1073241.19643464
2016-02-28T00:00:00Z,1070602.28369408
2016-02-27T00:00:00Z,1068662.39438842
2016-02-26T00:00:00Z,1072148.41548373
2016-02-25T00:00:00Z,1073023.72402877
2016-02-24T00:00:00Z,1077600.41247557
2016-02-23T00:00:00Z,1078013.40705888
2016-02-22T00:00:00Z,1073804.47301087
2016-02-21T00:00:00Z,1072122.94385455
2016-02-20T00:00:00Z,1075233.5591899
2016-02-19T00:00:00Z,1077677.14037793
2016-02-18T00:00:00Z,1071797.66790098
2016-02-17T00:00:00Z,1066928.74123792
2016-02-16T00:00:00Z,1062741.11636258
2016-02-15T00:00:00Z,1066994.26200826
2016-02-14T00:00:00Z,1065683.30563292
2016-02-13T00:00:00Z,1062521.49326551
2016-02-12T00:00:00Z,1061257.89893569
2016-02-11T00:00:00Z,1057573.97248013
2016-02-10T00:00:00Z,1048908.6102891
2016-02-09T00:00:00Z,1032912.75513085
2016-02-08T00:00:00Z,1037279.14651924
2016-02-07T00:00:00Z,1025258.68504849
2016-02-06T00:00:00Z,1030791.50911252
2016-02-05T00:00:00Z,1026054.39772409
2016-02-04T00:00:00Z,1017949.45849282
2016-02-03T00:00:00Z,1024451.7125776
2016-02-02T00:00:00Z,1017629.63183903
2016-02-01T00:00:00Z,1029499.31479976
2016-01-31T00:00:00Z,1010820.80966639
2016-01-30T00:00:00Z,1013294.36855332
2016-01-29T00:00:00Z,1010794.18391137
2016-01-28T00:00:00Z,1015018.71968797
2016-01-27T00:00:00Z,1013182.25642791
2016-01-26T00:00:00Z,1017634.03295526
2016-01-25T00:00:00Z,990323.65830504
2016-01-24T00:00:00Z,983918.49395246
2016-01-23T00:00:00Z,977644.09750812
2016-01-22T00:00:00Z,975611.22694401
2016-01-21T00:00:00Z,968667.56829023
2016-01-20T00:00:00Z,962404.32622723
2016-01-19T00:00:00Z,957518.2974215
2016-01-18T00:00:00Z,955525.78748953
2016-01-17T00:00:00Z,960271.97336066
2016-01-16T00:00:00Z,955442.33821854
2016-01-15T00:00:00Z,953786.1562833
2016-01-14T00:00:00Z,945869.76327292
2016-01-13T00:00:00Z,946642.64239906
2016-01-12T00:00:00Z,940156.35284276
2016-01-11T00:00:00Z,953932.91828745
2016-01-10T00:00:00Z,932426.05369599
2016-01-09T00:00:00Z,938307.46155009
2016-01-08T00:00:00Z,935527.45355522
2016-01-07T00:00:00Z,932946.54929265
2016-01-06T00:00:00Z,934223.43098784
2016-01-05T00:00:00Z,928818.79327703
2016-01-04T00:00:00Z,920248.00967324
2016-01-03T00:00:00Z,920080.07384772
2016-01-02T00:00:00Z,920678.2673284
2016-01-01T00:00:00Z,922177.29507442
2015-12-31T00:00:00Z,912523.68650971
2015-12-30T00:00:00Z,912758.46769063
2015-12-29T00:00:00Z,912380.40700003
2015-12-28T00:00:00Z,915511.24339898
2015-12-27T00:00:00Z,915645.76416023
2015-12-26T00:00:00Z,911220.61201096
2015-12-25T00:00:00Z,908155.65112359
2015-12-24T00:00:00Z,911171.97322892
2015-12-23T00:00:00Z,921248.08525594
2015-12-22T00:00:00Z,924120.56796338
2015-12-21T00:00:00Z,935076.68236065
2015-12-20T00:00:00Z,953212.85931304
2015-12-19T00:00:00Z,953460.29662713
2015-12-18T00:00:00Z,936970.03254127
2015-12-17T00:00:00Z,939951.23059958
2015-12-16T00:00:00Z,942585.48889961
2015-12-15T00:00:00Z,942990.79183636
2015-12-14T00:00:00Z,943451.59483503
2015-12-13T00:00:00Z,950562.11704458
2015-12-12T00:00:00Z,956417.28558482
2015-12-11T00:00:00Z,953225.10869003
2015-12-10T00:00:00Z,946457.1514239
2015-12-09T00:00:00Z,949875.24848248
2015-12-08T00:00:00Z,945600.8734767
2015-12-07T00:00:00Z,950598.40062271
2015-12-06T00:00:00Z,952754.07973599
2015-12-05T00:00:00Z,961956.35455
2015-12-04T00:00:00Z,961914.87528636
2015-12-03T00:00:00Z,959574.74042528
2015-12-02T00:00:00Z,954077.33765283
2015-12-01T00:00:00Z,965058.0283568
2015-11-30T00:00:00Z,960396.69357583
2015-11-29T00:00:00Z,960537.93030419
2015-11-28T00:00:00Z,959776.46373107
2015-11-27T00:00:00Z,961548.91150462
2015-11-26T00:00:00Z,952388.95260311
2015-11-25T00:00:00Z,945999.28513752
2015-11-24T00:00:00Z,945478.26883425
2015-11-23T00:00:00Z,945644.7789522
2015-11-22T00:00:00Z,943085.1596307
2015-11-21T00:00:00Z,946250.40171987
2015-11-20T00:00:00Z,945372.1862474
2015-11-19T00:00:00Z,946335.62518291
2015-11-18T00:00:00Z,943339.29621588
2015-11-17T00:00:00Z,941497.8960028
2015-11-16T00:00:00Z,942446.26788475
2015-11-15T00:00:00Z,963745.97701084
2015-11-14T00:00:00Z,961296.29650265
2015-11-13T00:00:00Z,961709.51763406
2015-11-12T00:00:00Z,967224.35416973
2015-11-11T00:00:00Z,969572.84879601
2015-11-10T00:00:00Z,963774.39879882
2015-11-09T00:00:00Z,963904.80623406
2015-11-08T00:00:00Z,970171.11476615
2015-11-07T00:00:00Z,964431.6558619
2015-11-06T00:00:00Z,959890.89958336
2015-11-05T00:00:00Z,943726.94869496
2015-11-04T00:00:00Z,926381.73277495
2015-11-03T00:00:00Z,915010.15852566
2015-11-02T00:00:00Z,900079.89273038
2015-11-01T00:00:00Z,901855.7363886
2015-10-31T00:00:00Z,903934.48533744
2015-10-30T00:00:00Z,906504.65048645
2015-10-29T00:00:00Z,897998.11227379
2015-10-28T00:00:00Z,902268.50500655
2015-10-27T00:00:00Z,900960.5833838
2015-10-26T00:00:00Z,896475.92789631
2015-10-25T00:00:00Z,896519.37158074
2015-10-24T00:00:00Z,892709.38435012
2015-10-23T00:00:00Z,890981.83807622
2015-10-22T00:00:00Z,890764.44319935
2015-10-21T00:00:00Z,890904.87870427
2015-10-20T00:00:00Z,892132.56325568
2015-10-19T00:00:00Z,877996.23823354
2015-10-18T00:00:00Z,878459.88635418
2015-10-17T00:00:00Z,881036.65260125
2015-10-16T00:00:00Z,879271.50666002
2015-10-15T00:00:00Z,883632.95217391
2015-10-14T00:00:00Z,880910.77219343
2015-10-13T00:00:00Z,866277.85418955
2015-10-12T00:00:00Z,867402.02642087
2015-10-11T00:00:00Z,866103.81469778
2015-10-10T00:00:00Z,868095.5207143
2015-10-09T00:00:00Z,865628.06835906
2015-10-08T00:00:00Z,869561.42385501
2015-10-07T00:00:00Z,868257.26232347
2015-10-06T00:00:00Z,860495.07070846
2015-10-05T00:00:00Z,862982.23590097
2015-10-04T00:00:00Z,865702.85996744
2015-10-03T00:00:00Z,865511.24902202
2015-10-02T00:00:00Z,864467.47151844
2015-10-01T00:00:00Z,865155.97729272
2015-09-30T00:00:00Z,866325.1085279
2015-09-29T00:00:00Z,868008.04250615
2015-09-28T00:00:00Z,863014.19080922
2015-09-27T00:00:00Z,852898.70446802
2015-09-26T00:00:00Z,851928.01468794
2015-09-25T00:00:00Z,864225.74376209
2015-09-24T00:00:00Z,860472.42629324
2015-09-23T00:00:00Z,864869.24066935
2015-09-22T00:00:00Z,865594.09832537
2015-09-21T00:00:00Z,870043.62179496
2015-09-20T00:00:00Z,872244.60266082
2015-09-19T00:00:00Z,873285.07532855
2015-09-18T00:00:00Z,872078.07096785
2015-09-17T00:00:00Z,874272.27230113
2015-09-16T00:00:00Z,876745.02163335
2015-09-15T00:00:00Z,874661.05130825
2015-09-14T00:00:00Z,888232.00139199
2015-09-13T00:00:00Z,888806.73981821
2015-09-12T00:00:00Z,886371.78419732
2015-09-11T00:00:00Z,883622.46285058
2015-09-10T00:00:00Z,880200.8621847
2015-09-09T00:00:00Z,876486.73996578
2015-09-08T00:00:00Z,873184.42130025
2015-09-07T00:00:00Z,871839.21711311
2015-09-06T00:00:00Z,871240.45594744
2015-09-05T00:00:00Z,871802.99118591
2015-09-04T00:00:00Z,868824.74919173
2015-09-03T00:00:00Z,873748.75026895
2015-09-02T00:00:00Z,878118.07962861
2015-09-01T00:00:00Z,875840.46682288
2015-08-31T00:00:00Z,875655.47695651
2015-08-30T00:00:00Z,883667.91701718
2015-08-29T00:00:00Z,882557.40606867
2015-08-28T00:00:00Z,882050.4428423
2015-08-27T00:00:00Z,892539.80359787
2015-08-26T00:00:00Z,894382.276048
2015-08-25T00:00:00Z,892175.52466904
2015-08-24T00:00:00Z,893571.70626649
2015-08-23T00:00:00Z,892390.9062994
2015-08-22T00:00:00Z,891670.40150692
2015-08-21T00:00:00Z,888638.16806222
2015-08-20T00:00:00Z,876419.92217254
2015-08-19T00:00:00Z,875283.18612741
2015-08-18T00:00:00Z,872826.02753101
2015-08-17T00:00:00Z,865187.31565866
2015-08-16T00:00:00Z,864213.12839212
2015-08-15T00:00:00Z,864433.62574847
2015-08-14T00:00:00Z,862357.10423735
2015-08-13T00:00:00Z,855104.04864276
2015-08-12T00:00:00Z,848422.77890079
2015-08-11T00:00:00Z,846557.92923073
2015-08-10T00:00:00Z,849091.76157352
2015-08-09T00:00:00Z,884432.80860613
2015-08-08T00:00:00Z,850491.18836155
2015-08-07T00:00:00Z,845108.45726527
2015-08-06T00:00:00Z,846767.26900761
2015-08-05T00:00:00Z,842567.86002741
2015-08-04T00:00:00Z,843717.88708921
2015-08-03T00:00:00Z,843037.4991699
2015-08-02T00:00:00Z,842123.18008734
2015-08-01T00:00:00Z,841852.88041834
2015-07-31T00:00:00Z,836887.77088237
2015-07-30T00:00:00Z,837169.14174117
2015-07-29T00:00:00Z,836236.84414933
2015-07-28T00:00:00Z,837461.70504595
2015-07-27T00:00:00Z,839718.74280307
2015-07-26T00:00:00Z,850694.87904004
2015-07-25T00:00:00Z,849347.86224553
2015-07-24T00:00:00Z,846657.80261685
2015-07-23T00:00:00Z,848422.57032349
2015-07-22T00:00:00Z,845392.14189686
2015-07-21T00:00:00Z,848906.65853369
2015-07-20T00:00:00Z,854505.0654283
2015-07-19T00:00:00Z,855063.58615876
2015-07-18T00:00:00Z,849670.06978053
2015-07-17T00:00:00Z,849308.65048365
2015-07-16T00:00:00Z,850064.50947368
2015-07-15T00:00:00Z,854353.46649349
2015-07-14T00:00:00Z,842919.8959607
2015-07-13T00:00:00Z,838939.41547827
2015-07-12T00:00:00Z,837920.11311655
2015-07-11T00:00:00Z,830928.43392585
2015-07-10T00:00:00Z,829277.30122362
2015-07-09T00:00:00Z,829552.39934894
2015-07-08T00:00:00Z,828840.27486698
2015-07-07T00:00:00Z,836006.59658677
2015-07-06T00:00:00Z,833641.33517149
2015-07-05T00:00:00Z,834368.09373386
2015-07-04T00:00:00Z,830870.41167942
2015-07-03T00:00:00Z,832056.52080022
2015-07-02T00:00:00Z,832060.09559426
2015-07-01T00:00:00Z,827646.89584349
2015-06-30T00:00:00Z,829732.80718235
2015-06-29T00:00:00Z,828232.05167703
2015-06-28T00:00:00Z,827770.1370717
2015-06-27T00:00:00Z,828076.95470649
2015-06-26T00:00:00Z,827185.05137711
2015-06-25T00:00:00Z,824965.76408671
2015-06-24T00:00:00Z,825499.00204695
2015-06-23T00:00:00Z,823685.13432967
2015-06-22T00:00:00Z,826086.59587036
2015-06-21T00:00:00Z,825113.81434871
2015-06-20T00:00:00Z,823285.94827039
2015-06-19T00:00:00Z,823051.55722333
2015-06-18T00:00:00Z,824131.16600332
2015-06-17T00:00:00Z,830097.12962247
2015-06-16T00:00:00Z,828361.14070979
2015-06-15T00:00:00Z,832183.62916327
2015-06-14T00:00:00Z,833419.32177974
2015-06-13T00:00:00Z,830974.41473732
2015-06-12T00:00:00Z,828945.09477563
2015-06-11T00:00:00Z,827816.06646857
2015-06-10T00:00:00Z,827716.69924638
2015-06-09T00:00:00Z,826533.0659227
2015-06-08T00:00:00Z,827623.2022547
2015-06-07T00:00:00Z,828168.48647687
2015-06-06T00:00:00Z,826838.27134003
2015-06-05T00:00:00Z,826520.6642203
2015-06-04T00:00:00Z,831007.44359849
2015-06-03T00:00:00Z,828031.74696238
2015-06-02T00:00:00Z,835710.76197942
2015-06-01T00:00:00Z,839229.81300512
2015-05-31T00:00:00Z,835476.19137694
2015-05-30T00:00:00Z,835108.05304009
2015-05-29T00:00:00Z,833711.63286323
2015-05-28T00:00:00Z,830946.41610622
2015-05-27T00:00:00Z,835266.14038687
2015-05-26T00:00:00Z,832530.53856093
2015-05-25T00:00:00Z,830514.04383266
2015-05-24T00:00:00Z,835955.46792371
2015-05-23T00:00:00Z,830513.2644662
2015-05-22T00:00:00Z,828099.98634571
2015-05-21T00:00:00Z,823899.06705648
2015-05-20T00:00:00Z,826818.12424744
2015-05-19T00:00:00Z,818245.64889671
2015-05-18T00:00:00Z,821344.36748533
2015-05-17T00:00:00Z,823072.32084948
2015-05-16T00:00:00Z,821671.1535029
2015-05-15T00:00:00Z,820228.44720616
2015-05-14T00:00:00Z,820389.90449878
2015-05-13T00:00:00Z,822808.86332583
2015-05-12T00:00:00Z,818943.14358446
2015-05-11T00:00:00Z,822998.89756577
2015-05-10T00:00:00Z,810155.22905076
2015-05-09T00:00:00Z,808602.96746269
2015-05-08T00:00:00Z,809840.35339564
2015-05-07T00:00:00Z,809607.12932639
2015-05-06T00:00:00Z,808711.60130205
2015-05-05T00:00:00Z,811074.277123
2015-05-04T00:00:00Z,810476.13463688
2015-05-03T00:00:00Z,818405.38950652
2015-05-02T00:00:00Z,818489.72964089
2015-05-01T00:00:00Z,818583.71568727
2015-04-30T00:00:00Z,807888.16618201
2015-04-29T00:00:00Z,807209.45698245
2015-04-28T00:00:00Z,816319.56009187
2015-04-27T00:00:00Z,814797.32859273
2015-04-26T00:00:00Z,812713.71452595
2015-04-25T00:00:00Z,813175.49180924
2015-04-24T00:00:00Z,810995.81667202
2015-04-23T00:00:00Z,808275.66611342
2015-04-22T00:00:00Z,805101.65089951
2015-04-21T00:00:00Z,804002.08260967
2015-04-20T00:00:00Z,805916.01462339
2015-04-19T00:00:00Z,811291.2062829
2015-04-18T00:00:00Z,809153.24601685
2015-04-17T00:00:00Z,812000.49018329
2015-04-16T00:00:00Z,810785.19963185
2015-04-15T00:00:00Z,807384.7677909
2015-04-14T00:00:00Z,814091.58755215
2015-04-13T00:00:00Z,816237.04271285
2015-04-12T00:00:00Z,812707.16813027
2015-04-11T00:00:00Z,810771.58678091
2015-04-10T00:00:00Z,810636.58872486
2015-04-09T00:00:00Z,808633.11941796
2015-04-08T00:00:00Z,821438.95901269
2015-04-07T00:00:00Z,817753.00519137
2015-04-06T00:00:00Z,814159.62228339
2015-04-05T00:00:00Z,815007.08045606
2015-04-04T00:00:00Z,811272.98086136
2015-04-03T00:00:00Z,813048.17998945
2015-04-02T00:00:00Z,815420.92894719
2015-04-01T00:00:00Z,807571.10038126
2015-03-31T00:00:00Z,812749.83866765
2015-03-30T00:00:00Z,815721.78355396
2015-03-29T00:00:00Z,820568.95010195
2015-03-28T00:00:00Z,819282.34142498
2015-03-27T00:00:00Z,821244.34574714
2015-03-26T00:00:00Z,816922.02181612
2015-03-25T00:00:00Z,814731.63266168
2015-03-24T00:00:00Z,814187.36316169
2015-03-23T00:00:00Z,821237.36014853
2015-03-22T00:00:00Z,816942.9777419
2015-03-21T00:00:00Z,815640.02211968
2015-03-20T00:00:00Z,817620.96760193
2015-03-19T00:00:00Z,818059.79011457
2015-03-18T00:00:00Z,815359.00156843
2015-03-17T00:00:00Z,819746.07262997
2015-03-16T00:00:00Z,828826.82690388
2015-03-15T00:00:00Z,815331.13810701
2015-03-14T00:00:00Z,813204.62598638
2015-03-13T00:00:00Z,815899.21612548
2015-03-12T00:00:00Z,813230.41582949
2015-03-11T00:00:00Z,815251.07305962
2015-03-10T00:00:00Z,801742.33003695
2015-03-09T00:00:00Z,803257.541182
2015-03-08T00:00:00Z,796944.0384477
2015-03-07T00:00:00Z,797017.86680511
2015-03-06T00:00:00Z,805982.89407049
2015-03-05T00:00:00Z,795622.76465841
2015-03-04T00:00:00Z,811594.30329472
2015-03-03T00:00:00Z,813484.85885521
2015-03-02T00:00:00Z,800979.53853085
2015-03-01T00:00:00Z,802732.70211975
2015-02-28T00:00:00Z,802014.90415105
2015-02-27T00:00:00Z,800580.21286514
2015-02-26T00:00:00Z,799903.57790774
2015-02-25T00:00:00Z,798357.5904942
2015-02-24T00:00:00Z,808839.37720461
2015-02-23T00:00:00Z,807928.91107339
2015-02-22T00:00:00Z,810505.36637729
2015-02-21T00:00:00Z,808073.05261312
2015-02-20T00:00:00Z,810655.89559301
2015-02-19T00:00:00Z,809404.44120466
2015-02-18T00:00:00Z,805401.52252622
2015-02-17T00:00:00Z,807523.08184588
2015-02-16T00:00:00Z,806471.56142755
2015-02-15T00:00:00Z,809851.99293065
2015-02-14T00:00:00Z,813056.73103782
2015-02-13T00:00:00Z,812136.76249559
2015-02-12T00:00:00Z,806785.88907269
2015-02-11T00:00:00Z,806012.13111877
2015-02-10T00:00:00Z,803546.03635384
2015-02-09T00:00:00Z,801493.84365311
2015-02-08T00:00:00Z,810644.92747883
2015-02-07T00:00:00Z,807819.49658602
2015-02-06T00:00:00Z,809460.79257282
2015-02-05T00:00:00Z,809119.15945844
2015-02-04T00:00:00Z,807446.40871661
2015-02-03T00:00:00Z,802436.76808919
2015-02-02T00:00:00Z,805956.611905
2015-02-01T00:00:00Z,805809.94172037
2015-01-31T00:00:00Z,811942.74236578
2015-01-30T00:00:00Z,810096.79801261
2015-01-29T00:00:00Z,803796.9172643
2015-01-28T00:00:00Z,796958.78555916
2015-01-27T00:00:00Z,800346.26044885
2015-01-26T00:00:00Z,805670.2577048
2015-01-25T00:00:00Z,811884.14667882
2015-01-24T00:00:00Z,809900.91958503
2015-01-23T00:00:00Z,814789.42751506
2015-01-22T00:00:00Z,825749.3505764
2015-01-21T00:00:00Z,824257.07880041
2015-01-20T00:00:00Z,639269.77080583
2015-01-19T00:00:00Z,637041.06248948
2015-01-18T00:00:00Z,636207.09804649
2015-01-17T00:00:00Z,632739.13797073
2015-01-16T00:00:00Z,634615.82739988
2015-01-15T00:00:00Z,640828.75009096
2015-01-14T00:00:00Z,641075.29096671
2015-01-13T00:00:00Z,642329.26495468
2015-01-12T00:00:00Z,640568.6302572
2015-01-11T00:00:00Z,639384.97282812
2015-01-10T00:00:00Z,641697.6660659
2015-01-09T00:00:00Z,648997.07732722
2015-01-08T00:00:00Z,628664.00886121
2015-01-07T00:00:00Z,628862.86907645
2015-01-06T00:00:00Z,629543.42147243
2015-01-05T00:00:00Z,630686.42053444
2015-01-04T00:00:00Z,630204.20322779
2015-01-03T00:00:00Z,629419.14288566
2015-01-02T00:00:00Z,628710.97477043
2015-01-01T00:00:00Z,627883.52747231
2014-12-31T00:00:00Z,627744.77174624
2014-12-30T00:00:00Z,630549.65819636
2014-12-29T00:00:00Z,630733.57155878
2014-12-28T00:00:00Z,640290.0442569
2014-12-27T00:00:00Z,640350.17844782
2014-12-26T00:00:00Z,640295.23067771
2014-12-25T00:00:00Z,636970.34698143
2014-12-24T00:00:00Z,637209.25131274
2014-12-23T00:00:00Z,632148.06969248
2014-12-22T00:00:00Z,630916.81595074
2014-12-21T00:00:00Z,629632.36083743
2014-12-20T00:00:00Z,629248.84729652
2014-12-19T00:00:00Z,627901.98300586
2014-12-18T00:00:00Z,628017.02226928
2014-12-17T00:00:00Z,626423.92435805
2014-12-16T00:00:00Z,626175.71430028
2014-12-15T00:00:00Z,625337.08569515
2014-12-14T00:00:00Z,624429.16503178
2014-12-13T00:00:00Z,624966.86916085
2014-12-12T00:00:00Z,623974.28158322
2014-12-11T00:00:00Z,625155.60055071
2014-12-10T00:00:00Z,626001.13711888
2014-12-09T00:00:00Z,625573.7921129
2014-12-08T00:00:00Z,626045.22000851
2014-12-07T00:00:00Z,616272.77743159
2014-12-06T00:00:00Z,615287.72195116
2014-12-05T00:00:00Z,615061.78010678
2014-12-04T00:00:00Z,609064.67274452
2014-12-03T00:00:00Z,610127.04139711
2014-12-02T00:00:00Z,609321.06842572
2014-12-01T00:00:00Z,606914.28825164
2014-11-30T00:00:00Z,607284.94479113
2014-11-29T00:00:00Z,606457.08575261
2014-11-28T00:00:00Z,605467.25578711
2014-11-27T00:00:00Z,605386.9904679
2014-11-26T00:00:00Z,605094.6190552
2014-11-25T00:00:00Z,604387.88990579
2014-11-24T00:00:00Z,606336.26334479
2014-11-23T00:00:00Z,604780.7037674
2014-11-22T00:00:00Z,604091.20383535
2014-11-21T00:00:00Z,604109.01982665
2014-11-20T00:00:00Z,605049.35681188
2014-11-19T00:00:00Z,602276.72143451
2014-11-18T00:00:00Z,599758.39514987
2014-11-17T00:00:00Z,598156.77012728
2014-11-16T00:00:00Z,597578.239167
2014-11-15T00:00:00Z,597520.77344127
2014-11-14T00:00:00Z,595855.07014901
2014-11-13T00:00:00Z,587835.2064067
2014-11-12T00:00:00Z,598986.03400102
2014-11-11T00:00:00Z,599844.28502135
2014-11-10T00:00:00Z,598690.48123102
2014-11-09T00:00:00Z,590311.42821371
2014-11-08T00:00:00Z,588760.05426959
2014-11-07T00:00:00Z,589385.10886506
2014-11-06T00:00:00Z,583732.593096
2014-11-05T00:00:00Z,572837.4019926
2014-11-04T00:00:00Z,575716.98403067
2014-11-03T00:00:00Z,575651.63247738
2014-11-02T00:00:00Z,575365.20128014
2014-11-01T00:00:00Z,575716.38480721
2014-10-31T00:00:00Z,574741.35466192
2014-10-30T00:00:00Z,572902.05502156
2014-10-29T00:00:00Z,571959.77239356
2014-10-28T00:00:00Z,572254.90404919
2014-10-27T00:00:00Z,572243.14339787
2014-10-26T00:00:00Z,570903.2303962
2014-10-25T00:00:00Z,570707.94012139
2014-10-24T00:00:00Z,566162.81257782
2014-10-23T00:00:00Z,566526.71590276
2014-10-22T00:00:00Z,566823.74249629
2014-10-21T00:00:00Z,512184.6959547
2014-10-20T00:00:00Z,511443.73348078
2014-10-19T00:00:00Z,510846.10287159
2014-10-18T00:00:00Z,512785.95066385
2014-10-17T00:00:00Z,512940.71941323
2014-10-16T00:00:00Z,512871.72758773
2014-10-15T00:00:00Z,513381.36774998
2014-10-14T00:00:00Z,513809.13906043
2014-10-13T00:00:00Z,514487.68181371
2014-10-12T00:00:00Z,514868.59967281
2014-10-11T00:00:00Z,513569.04679171
2014-10-10T00:00:00Z,514893.7540986
2014-10-09T00:00:00Z,512822.49584416
2014-10-08T00:00:00Z,510353.45688493
2014-10-07T00:00:00Z,507803.5269731
2014-10-06T00:00:00Z,505712.03953117
2014-10-05T00:00:00Z,510300.05076654
2014-10-04T00:00:00Z,506269.90795459
2014-10-03T00:00:00Z,502699.70498065
2014-10-02T00:00:00Z,499115.16122941
2014-10-01T00:00:00Z,496944.03146491
2014-09-30T00:00:00Z,496604.64005305
2014-09-29T00:00:00Z,496802.50113378
2014-09-28T00:00:00Z,496353.95790358
2014-09-27T00:00:00Z,497169.4427075
2014-09-26T00:00:00Z,497647.7239617
2014-09-25T00:00:00Z,498402.81771776
2014-09-24T00:00:00Z,499651.33591092
2014-09-23T00:00:00Z,496796.01717289
2014-09-22T00:00:00Z,493797.51238254
2014-09-21T00:00:00Z,492516.47533007
2014-09-20T00:00:00Z,492099.66284744
2014-09-19T00:00:00Z,490724.3417033
2014-09-18T00:00:00Z,487630.70104677
2014-09-17T00:00:00Z,486884.32778448
2014-09-16T00:00:00Z,487075.83116632
2014-09-15T00:00:00Z,487827.55312437
2014-09-14T00:00:00Z,488518.17843626
2014-09-13T00:00:00Z,487533.38897871
2014-09-12T00:00:00Z,488002.957778
2014-09-11T00:00:00Z,486871.28154816
2014-09-10T00:00:00Z,484331.82056042
2014-09-09T00:00:00Z,484443.54511969
2014-09-08T00:00:00Z,483794.18241096
2014-09-07T00:00:00Z,483200.58703483
2014-09-06T00:00:00Z,482636.91749987
2014-09-05T00:00:00Z,482197.33054172
2014-09-04T00:00:00Z,481878.27796593
2014-09-03T00:00:00Z,481432.81454788
2014-09-02T00:00:00Z,481437.57775597
2014-09-01T00:00:00Z,481498.81466714
2014-08-31T00:00:00Z,479042.49579585
2014-08-30T00:00:00Z,478052.20189967
2014-08-29T00:00:00Z,473801.48046767
2014-08-28T00:00:00Z,472368.88175087
2014-08-27T00:00:00Z,471383.01372591
2014-08-26T00:00:00Z,471528.71732492
2014-08-25T00:00:00Z,471120.36133723
2014-08-24T00:00:00Z,471098.04373735
2014-08-23T00:00:00Z,471005.3402534
2014-08-22T00:00:00Z,470246.18426234
2014-08-21T00:00:00Z,468636.96686911
2014-08-20T00:00:00Z,468028.31429118
2014-08-19T00:00:00Z,467837.71369438
2014-08-18T00:00:00Z,467335.0245901
2014-08-17T00:00:00Z,464638.34635439
2014-08-16T00:00:00Z,463811.74612509
2014-08-15T00:00:00Z,461748.81494007
2014-08-14T00:00:00Z,460544.31279392
2014-08-13T00:00:00Z,456423.25402556
2014-08-12T00:00:00Z,453687.84041027
2014-08-11T00:00:00Z,452628.62281968
2014-08-10T00:00:00Z,452576.76990347
2014-08-09T00:00:00Z,452652.51970972
2014-08-08T00:00:00Z,452287.56133375
2014-08-07T00:00:00Z,451931.70727314
2014-08-06T00:00:00Z,450941.39613017
2014-08-05T00:00:00Z,451904.10721307
2014-08-04T00:00:00Z,451909.56012905
2014-08-03T00:00:00Z,453365.46922783
2014-08-02T00:00:00Z,453234.76407797
2014-08-01T00:00:00Z,453402.72301358
2014-07-31T00:00:00Z,453569.64072324
2014-07-30T00:00:00Z,453340.53674683
2014-07-29T00:00:00Z,451785.85685931
2014-07-28T00:00:00Z,450904.72619238
2014-07-27T00:00:00Z,449134.01922118
2014-07-26T00:00:00Z,449048.7162943
2014-07-25T00:00:00Z,448170.75772241
2014-07-24T00:00:00Z,447734.67333155
2014-07-23T00:00:00Z,447584.14842545
2014-07-22T00:00:00Z,448229.49697738
2014-07-21T00:00:00Z,447715.28759621
2014-07-20T00:00:00Z,446251.58448079
2014-07-19T00:00:00Z,446941.89020451
2014-07-18T00:00:00Z,446672.60784744
2014-07-17T00:00:00Z,446361.72789043
2014-07-16T00:00:00Z,445769.87840391
2014-07-15T00:00:00Z,441739.37295948
2014-07-14T00:00:00Z,440949.48756603
2014-07-13T00:00:00Z,439568.7157637
2014-07-12T00:00:00Z,438598.46846649
2014-07-11T00:00:00Z,437546.80737449
2014-07-10T00:00:00Z,437593.01899375
2014-07-09T00:00:00Z,437436.98026787
2014-07-08T00:00:00Z,437473.45309535
2014-07-07T00:00:00Z,436983.85372652
2014-07-06T00:00:00Z,436003.78174977
2014-07-05T00:00:00Z,435454.28271925
2014-07-04T00:00:00Z,435351.54445005
2014-07-03T00:00:00Z,432657.53048873
2014-07-02T00:00:00Z,431669.95504045
2014-07-01T00:00:00Z,430371.39919713
2014-06-30T00:00:00Z,430092.77044617
2014-06-29T00:00:00Z,425484.40064082
2014-06-28T00:00:00Z,425162.45291162
2014-06-27T00:00:00Z,425220.03585099
2014-06-26T00:00:00Z,424841.037305
2014-06-25T00:00:00Z,425050.12831556
2014-06-24T00:00:00Z,424529.96287029
2014-06-23T00:00:00Z,423864.04246906
2014-06-22T00:00:00Z,422902.3849898
2014-06-21T00:00:00Z,422483.75329419
2014-06-20T00:00:00Z,422446.32651523
2014-06-19T00:00:00Z,422381.81385914
2014-06-18T00:00:00Z,421924.72734177
2014-06-17T00:00:00Z,421746.47108742
2014-06-16T00:00:00Z,422094.36455078
2014-06-15T00:00:00Z,421701.65517364
2014-06-14T00:00:00Z,421160.17990047
2014-06-13T00:00:00Z,421292.82143252
2014-06-12T00:00:00Z,421202.10633625
2014-06-11T00:00:00Z,352539.52920897
2014-06-10T00:00:00Z,286004.76172159
2014-06-09T00:00:00Z,258848.84323364
2014-06-08T00:00:00Z,258676.14720548
2014-06-07T00:00:00Z,258783.63598355
2014-06-06T00:00:00Z,258742.8894646
2014-06-05T00:00:00Z,258490.1060445
2014-06-04T00:00:00Z,257461.76616622
2014-06-03T00:00:00Z,257356.26430768
2014-06-02T00:00:00Z,258100.28251642
2014-06-01T00:00:00Z,256130.12614728
2014-05-31T00:00:00Z,255314.54522314
2014-05-30T00:00:00Z,254949.70676105
2014-05-29T00:00:00Z,254771.99809785
2014-05-28T00:00:00Z,254219.7785122
2014-05-27T00:00:00Z,253265.77477446
2014-05-26T00:00:00Z,253074.33914485
2014-05-25T00:00:00Z,253495.27894664
2014-05-24T00:00:00Z,253298.65492063
2014-05-23T00:00:00Z,252704.39655177
2014-05-22T00:00:00Z,252097.36208971
2014-05-21T00:00:00Z,252035.54911027
2014-05-20T00:00:00Z,252078.53157016
2014-05-19T00:00:00Z,251478.87129541
2014-05-18T00:00:00Z,251050.50773127
2014-05-17T00:00:00Z,250676.03193097
2014-05-16T00:00:00Z,250651.62394886
2014-05-15T00:00:00Z,249531.70711071
2014-05-14T00:00:00Z,248438.12315267
2014-05-13T00:00:00Z,248089.9188527
2014-05-12T00:00:00Z,247711.63929705
2014-05-11T00:00:00Z,247547.47832118
2014-05-10T00:00:00Z,247230.14466551
2014-05-09T00:00:00Z,247436.78006829
2014-05-08T00:00:00Z,247214.93777698
2014-05-07T00:00:00Z,247016.07812385
2014-05-06T00:00:00Z,246952.16266447
2014-05-05T00:00:00Z,246899.44520867
2014-05-04T00:00:00Z,246403.63117187
2014-05-03T00:00:00Z,245867.62003736
2014-05-02T00:00:00Z,245971.79527782
2014-05-01T00:00:00Z,245812.94434289
2014-04-30T00:00:00Z,245564.61707413
2014-04-29T00:00:00Z,245140.34482855
2014-04-28T00:00:00Z,243250.62292111
2014-04-27T00:00:00Z,243942.89434302
2014-04-26T00:00:00Z,244422.67337562
2014-04-25T00:00:00Z,244245.98333069
2014-04-24T00:00:00Z,244321.24111383
2014-04-23T00:00:00Z,244392.21201803
2014-04-22T00:00:00Z,243726.11285782
2014-04-21T00:00:00Z,243437.0921471
2014-04-20T00:00:00Z,243316.4243801
2014-04-19T00:00:00Z,243604.65273621
2014-04-18T00:00:00Z,243276.81894109
2014-04-17T00:00:00Z,242799.02858114
2014-04-16T00:00:00Z,241393.75392622
2014-04-15T00:00:00Z,241209.97552422
2014-04-14T00:00:00Z,241045.765906
2014-04-13T00:00:00Z,241027.95336255
2014-04-12T00:00:00Z,241233.58932625
2014-04-11T00:00:00Z,240579.8427919
2014-04-10T00:00:00Z,240834.6059771
2014-04-09T00:00:00Z,240256.65586121
2014-04-08T00:00:00Z,240057.53684051
2014-04-07T00:00:00Z,240096.51146355
2014-04-06T00:00:00Z,240151.58282331
2014-04-05T00:00:00Z,238730.91300594
2014-04-04T00:00:00Z,238040.05425334
2014-04-03T00:00:00Z,237811.35263759
2014-04-02T00:00:00Z,237643.22489223
2014-04-01T00:00:00Z,238038.1808684
2014-03-31T00:00:00Z,236905.32825662
2014-03-30T00:00:00Z,235290.55556543
2014-03-29T00:00:00Z,235324.49461943
2014-03-28T00:00:00Z,233274.07940535
2014-03-27T00:00:00Z,231923.62939483
2014-03-26T00:00:00Z,228674.84637507
2014-03-25T00:00:00Z,227646.56512491
2014-03-24T00:00:00Z,227746.81117225
2014-03-23T00:00:00Z,226776.25769038
2014-03-22T00:00:00Z,226601.20214073
2014-03-21T00:00:00Z,227383.49495727
2014-03-20T00:00:00Z,225253.17980854
2014-03-19T00:00:00Z,225412.32047121
2014-03-18T00:00:00Z,226796.03250477
2014-03-17T00:00:00Z,225033.38992778
2014-03-16T00:00:00Z,224849.29055517
2014-03-15T00:00:00Z,224533.60762076
2014-03-14T00:00:00Z,224270.66741768
2014-03-13T00:00:00Z,224168.49941441
2014-03-12T00:00:00Z,224207.36461388
2014-03-11T00:00:00Z,222754.44687877
2014-03-10T00:00:00Z,222907.11981142
2014-03-09T00:00:00Z,222674.09508294
2014-03-08T00:00:00Z,222786.53587568
2014-03-07T00:00:00Z,222734.97214498
2014-03-06T00:00:00Z,222979.17161899
2014-03-05T00:00:00Z,222798.6473113
2014-03-04T00:00:00Z,221249.68653029
2014-03-03T00:00:00Z,215843.53919918
2014-03-02T00:00:00Z,215981.43641861
2014-03-01T00:00:00Z,215552.9510116
2014-02-28T00:00:00Z,215459.33366551
2014-02-27T00:00:00Z,215542.61725581
2014-02-26T00:00:00Z,214894.87440985
2014-02-25T00:00:00Z,214924.87799417
2014-02-24T00:00:00Z,195254.56363921
2014-02-23T00:00:00Z,193728.99945728
2014-02-22T00:00:00Z,193588.21228001
2014-02-21T00:00:00Z,191168.43986166
2014-02-20T00:00:00Z,190536.44942443
2014-02-19T00:00:00Z,189940.74465216
2014-02-18T00:00:00Z,189758.0302747
2014-02-17T00:00:00Z,189400.97250804
2014-02-16T00:00:00Z,186267.86458335
2014-02-15T00:00:00Z,182892.50004245
2014-02-14T00:00:00Z,182704.68506467
2014-02-13T00:00:00Z,182685.10337072
2014-02-12T00:00:00Z,182316.6844577
2014-02-11T00:00:00Z,181677.71835466
2014-02-10T00:00:00Z,179737.75734683
2014-02-09T00:00:00Z,178950.59716651
2014-02-08T00:00:00Z,179308.7302419
2014-02-07T00:00:00Z,179442.88228083
2014-02-06T00:00:00Z,176172.31510282
2014-02-05T00:00:00Z,176225.61574872
2014-02-04T00:00:00Z,176183.52768301
2014-02-03T00:00:00Z,175986.41787529
2014-02-02T00:00:00Z,175933.12576623
2014-02-01T00:00:00Z,175516.78566097
2014-01-31T00:00:00Z,175002.14780753
2014-01-30T00:00:00Z,174651.55380537
2014-01-29T00:00:00Z,173565.78990984
2014-01-28T00:00:00Z,172599.79248451
2014-01-27T00:00:00Z,172415.92384392
2014-01-26T00:00:00Z,169133.51913938
2014-01-25T00:00:00Z,169352.04805539
2014-01-24T00:00:00Z,169739.67824889
2014-01-23T00:00:00Z,169663.3752592
2014-01-22T00:00:00Z,169546.06747053
2014-01-21T00:00:00Z,169250.02251654
2014-01-20T00:00:00Z,169501.99441157
2014-01-19T00:00:00Z,169257.31554976
2014-01-18T00:00:00Z,168072.68029386
2014-01-17T00:00:00Z,167484.8050227
2014-01-16T00:00:00Z,165935.76358807
2014-01-15T00:00:00Z,165762.31892655
2014-01-14T00:00:00Z,165743.11715241
2014-01-13T00:00:00Z,165703.64294162
2014-01-12T00:00:00Z,165555.07137048
2014-01-11T00:00:00Z,164831.06596553
2014-01-10T00:00:00Z,164164.78555763
2014-01-09T00:00:00Z,164439.25916889
2014-01-08T00:00:00Z,164105.74073025
2014-01-07T00:00:00Z,164042.79675625
2014-01-06T00:00:00Z,163568.15546422
2014-01-05T00:00:00Z,161723.04418855
2014-01-04T00:00:00Z,161111.11081327
2014-01-03T00:00:00Z,161184.36704746
2014-01-02T00:00:00Z,161056.18587006
2014-01-01T00:00:00Z,160981.75462371
2013-12-31T00:00:00Z,160792.26907988
2013-12-30T00:00:00Z,161324.58711366
2013-12-29T00:00:00Z,157327.24515062
2013-12-28T00:00:00Z,157683.07842132
2013-12-27T00:00:00Z,158062.15533988
2013-12-26T00:00:00Z,157982.91771221
2013-12-25T00:00:00Z,157903.35732171
2013-12-24T00:00:00Z,155810.71058692
2013-12-23T00:00:00Z,155669.33943472
2013-12-22T00:00:00Z,155494.82049827
2013-12-21T00:00:00Z,155084.89270199
2013-12-20T00:00:00Z,153399.07205898
2013-12-19T00:00:00Z,153751.10681739
2013-12-18T00:00:00Z,153838.36888888
2013-12-17T00:00:00Z,152854.59171329
2013-12-16T00:00:00Z,152384.1936223
2013-12-15T00:00:00Z,152201.29360672
2013-12-14T00:00:00Z,152596.2200871
2013-12-13T00:00:00Z,152497.23140811
2013-12-12T00:00:00Z,149403.22808111
2013-12-11T00:00:00Z,149471.70507118
2013-12-10T00:00:00Z,148875.59874989
2013-12-09T00:00:00Z,148918.06404645
2013-12-08T00:00:00Z,148987.5702281
2013-12-07T00:00:00Z,142475.40933331
2013-12-06T00:00:00Z,142149.22284894
2013-12-05T00:00:00Z,140988.6587298
2013-12-04T00:00:00Z,140834.83698082
2013-12-03T00:00:00Z,140694.69169123
2013-12-02T00:00:00Z,141328.66343135
2013-12-01T00:00:00Z,141409.65981342
2013-11-30T00:00:00Z,140668.48776046
2013-11-29T00:00:00Z,140632.39526938
2013-11-28T00:00:00Z,140433.55326707
2013-11-27T00:00:00Z,141131.3577365
2013-11-26T00:00:00Z,140451.52375053
2013-11-25T00:00:00Z,85644.7707213
2013-11-24T00:00:00Z,85535.94743353
2013-11-23T00:00:00Z,85510.37534579
2013-11-22T00:00:00Z,66715.35758647
2013-11-21T00:00:00Z,65993.85189368
2013-11-20T00:00:00Z,66579.36170506
2013-11-19T00:00:00Z,66071.22214431
2013-11-18T00:00:00Z,66972.07149024
2013-11-17T00:00:00Z,66633.54439864
2013-11-16T00:00:00Z,66576.48768293
2013-11-15T00:00:00Z,66087.65230198
2013-11-14T00:00:00Z,66112.39627449
2013-11-13T00:00:00Z,68938.73097905
2013-11-12T00:00:00Z,65919.85325595
2013-11-11T00:00:00Z,66794.48343657
2013-11-10T00:00:00Z,66752.47921338
2013-11-09T00:00:00Z,66022.74825899
2013-11-08T00:00:00Z,66748.64485839
2013-11-07T00:00:00Z,65864.92638866
2013-11-06T00:00:00Z,66695.87694677
2013-11-05T00:00:00Z,65864.04657001
2013-11-04T00:00:00Z,66336.39738866
2013-11-03T00:00:00Z,66236.60982251
2013-11-02T00:00:00Z,66136.75915329
2013-11-01T00:00:00Z,66049.3755007
2013-10-31T00:00:00Z,65945.63581966
2013-10-30T00:00:00Z,64768.71935304
2013-10-29T00:00:00Z,64717.67885156
2013-10-28T00:00:00Z,64750.1898639
2013-10-27T00:00:00Z,64880.91285545
2013-10-26T00:00:00Z,64851.26985694
2013-10-25T00:00:00Z,64871.84371075
2013-10-24T00:00:00Z,64721.16629722
2013-10-23T00:00:00Z,64401.07916681
2013-10-22T00:00:00Z,65083.20380126
2013-10-21T00:00:00Z,65609.08683968
2013-10-20T00:00:00Z,64056.25791454
2013-10-19T00:00:00Z,64044.6884076
2013-10-18T00:00:00Z,63883.7218232
2013-10-17T00:00:00Z,63764.07025028
2013-10-16T00:00:00Z,63777.78501878
2013-10-15T00:00:00Z,63801.35081177
2013-10-14T00:00:00Z,63759.16461207
2013-10-13T00:00:00Z,63659.47503806
2013-10-12T00:00:00Z,63619.44910597
2013-10-11T00:00:00Z,63595.50159508
2013-10-10T00:00:00Z,63573.77517338
2013-10-09T00:00:00Z,63452.83635398
2013-10-08T00:00:00Z,63451.23088453
2013-10-07T00:00:00Z,63509.41504825
2013-10-06T00:00:00Z,63462.49899237
2013-10-05T00:00:00Z,63491.25991448
2013-10-04T00:00:00Z,63435.72936303
2013-10-03T00:00:00Z,63390.31129652
2013-10-02T00:00:00Z,63121.77516107
2013-10-01T00:00:00Z,63049.20377358
2013-09-30T00:00:00Z,63090.91220755
2013-09-29T00:00:00Z,63229.47528585
2013-09-28T00:00:00Z,63315.49251725
2013-09-27T00:00:00Z,63350.09632882
2013-09-26T00:00:00Z,62768.94440494
2013-09-25T00:00:00Z,62695.58733103
2013-09-24T00:00:00Z,62552.00391197
2013-09-23T00:00:00Z,62552.85966717
2013-09-22T00:00:00Z,62531.61487472
2013-09-21T00:00:00Z,62499.89888255
2013-09-20T00:00:00Z,62507.688304
2013-09-19T00:00:00Z,62525.36369075
2013-09-18T00:00:00Z,62486.40150852
2013-09-17T00:00:00Z,62491.1969515
2013-09-16T00:00:00Z,62452.49061426
2013-09-15T00:00:00Z,62449.02024057
2013-09-14T00:00:00Z,62446.52243018
2013-09-13T00:00:00Z,63451.33168106
2013-09-12T00:00:00Z,62521.98088438
2013-09-11T00:00:00Z,62424.71125395
2013-09-10T00:00:00Z,62523.75281094
2013-09-09T00:00:00Z,62317.144229
2013-09-08T00:00:00Z,62308.23212485
2013-09-07T00:00:00Z,62300.38175379
2013-09-06T00:00:00Z,62298.74830007
2013-09-05T00:00:00Z,62218.55907995
2013-09-04T00:00:00Z,62221.98351889
2013-09-03T00:00:00Z,62216.63520889
2013-09-02T00:00:00Z,62217.92139856
2013-09-01T00:00:00Z,62220.30696794
2013-08-31T00:00:00Z,62224.29063926
2013-08-30T00:00:00Z,62212.99819065
2013-08-29T00:00:00Z,62131.72551479
2013-08-28T00:00:00Z,62034.3593684
2013-08-27T00:00:00Z,62018.28197517
2013-08-26T00:00:00Z,61999.0649217
2013-08-25T00:00:00Z,62011.07624545
2013-08-24T00:00:00Z,61995.86104005
2013-08-23T00:00:00Z,61991.75450073
2013-08-22T00:00:00Z,61993.5877243
2013-08-21T00:00:00Z,62026.64352642
2013-08-20T00:00:00Z,61993.39694016
2013-08-19T00:00:00Z,62698.29743277
2013-08-18T00:00:00Z,62064.55101535
2013-08-17T00:00:00Z,61995.86179249
2013-08-16T00:00:00Z,86962.89122502
2013-08-15T00:00:00Z,86955.7673954
2013-08-14T00:00:00Z,86940.03158133
2013-08-13T00:00:00Z,82200.06002861
2013-08-12T00:00:00Z,81195.13662803
2013-08-11T00:00:00Z,81185.002788
2013-08-10T00:00:00Z,81043.58949067
2013-08-09T00:00:00Z,76793.90095532
2013-08-08T00:00:00Z,76771.65985924
2013-08-07T00:00:00Z,76700.95620027
2013-08-06T00:00:00Z,72695.79208686
2013-08-05T00:00:00Z,72702.80892643
2013-08-04T00:00:00Z,68616.73994889
2013-08-03T00:00:00Z,68608.6124261
2013-08-02T00:00:00Z,62012.09889925
2013-08-01T00:00:00Z,62018.73898997
2013-07-31T00:00:00Z,61983.96752589
2013-07-30T00:00:00Z,61990.54067144
2013-07-29T00:00:00Z,61984.28350016
2013-07-28T00:00:00Z,61993.66292621
2013-07-27T00:00:00Z,61982.30419617
2013-07-26T00:00:00Z,61991.65828479
2013-07-25T00:00:00Z,61972.20211843
2013-07-24T00:00:00Z,61978.60915177
2013-07-23T00:00:00Z,61981.64648365
2013-07-22T00:00:00Z,61977.38771282
2013-07-21T00:00:00Z,61978.26933047
2013-07-20T00:00:00Z,61993.50666012
2013-07-19T00:00:00Z,61985.95171871
2013-07-18T00:00:00Z,61977.99549911
2013-07-17T00:00:00Z,61972.68908658
2013-07-16T00:00:00Z,61980.47309006
2013-07-15T00:00:00Z,61984.73525488
2013-07-14T00:00:00Z,61982.64175786
2013-07-13T00:00:00Z,61983.67882551
2013-07-12T00:00:00Z,61981.77669338
2013-07-11T00:00:00Z,61977.82266941
2013-07-10T00:00:00Z,61975.07359515
2013-07-09T00:00:00Z,61985.79635421
2013-07-08T00:00:00Z,61982.18867857
2013-07-07T00:00:00Z,61979.51510506
2013-07-06T00:00:00Z,61972.89391037
2013-07-05T00:00:00Z,61992.43667393
2013-07-04T00:00:00Z,61977.22941474
2013-07-03T00:00:00Z,61984.52683167
2013-07-02T00:00:00Z,61972.34792631
2013-07-01T00:00:00Z,61982.1440802
2013-06-30T00:00:00Z,62020.08396711
2013-06-29T00:00:00Z,61978.92014456
2013-06-28T00:00:00Z,61971.30597742
2013-06-27T00:00:00Z,61974.92528501
2013-06-26T00:00:00Z,61974.36430831
2013-06-25T00:00:00Z,61977.90885375
2013-06-24T00:00:00Z,61969.96971501
2013-06-23T00:00:00Z,61970.61768143
2013-06-22T00:00:00Z,61973.34626451
2013-06-21T00:00:00Z,61976.00195226
2013-06-20T00:00:00Z,61987.2732152
2013-06-19T00:00:00Z,61977.52178305
2013-06-18T00:00:00Z,61986.08880774
2013-06-17T00:00:00Z,62024.78694038
2013-06-16T00:00:00Z,61979.47410299
2013-06-15T00:00:00Z,56978.73183094
2013-06-14T00:00:00Z,56981.12906222
2013-06-13T00:00:00Z,57094.47416105
2013-06-12T00:00:00Z,56976.58245722
2013-06-11T00:00:00Z,56978.27987014
2013-06-10T00:00:00Z,56974.59948605
2013-06-09T00:00:00Z,56971.68813677
2013-06-08T00:00:00Z,56975.66566853
2013-06-07T00:00:00Z,56970.31075198
2013-06-06T00:00:00Z,56969.80449968
2013-06-05T00:00:00Z,56970.04798587
2013-06-04T00:00:00Z,56967.32621452
2013-06-03T00:00:00Z,56976.47368207
2013-06-02T00:00:00Z,56977.63156797
2013-06-01T00:00:00Z,56971.63827353
2013-05-31T00:00:00Z,56970.0042963
2013-05-30T00:00:00Z,56974.47022145
2013-05-29T00:00:00Z,56972.64468736
2013-05-28T00:00:00Z,56968.62093853
2013-05-27T00:00:00Z,56968.04697663
2013-05-26T00:00:00Z,56971.22590099
2013-05-25T00:00:00Z,56969.57253877
2013-05-24T00:00:00Z,56964.56142093
2013-05-23T00:00:00Z,56962.76778965
2013-05-22T00:00:00Z,56967.43048964
2013-05-21T00:00:00Z,56959.92813358
2013-05-20T00:00:00Z,56965.48827097
2013-05-19T00:00:00Z,56968.47034432
2013-05-18T00:00:00Z,56964.19854546
2013-05-17T00:00:00Z,56967.40773676
2013-05-16T00:00:00Z,56993.20444763
2013-05-15T00:00:00Z,56971.63077117
2013-05-14T00:00:00Z,56967.91828752
2013-05-13T00:00:00Z,56967.86103114
2013-05-12T00:00:00Z,56962.33292491
2013-05-11T00:00:00Z,56973.59742356
2013-05-10T00:00:00Z,56958.95775357
2013-05-09T00:00:00Z,56968.70510606
2013-05-08T00:00:00Z,56965.98672522
2013-05-07T00:00:00Z,56958.2170914
2013-05-06T00:00:00Z,56956.50448865
2013-05-05T00:00:00Z,56956.99678497
2013-05-04T00:00:00Z,56957.90824011
2013-05-03T00:00:00Z,56960.64755187
2013-05-02T00:00:00Z,56959.70933053
2013-05-01T00:00:00Z,56956.06544307
2013-04-30T00:00:00Z,56958.16836234
2013-04-29T00:00:00Z,56955.44668215
2013-04-28T00:00:00Z,56952.65674025
2013-04-27T00:00:00Z,56974.85554317
2013-04-26T00:00:00Z,56952.88327697
2013-04-25T00:00:00Z,56948.99405567
2013-04-24T00:00:00Z,56948.46826566
2013-04-23T00:00:00Z,56952.12756545
2013-04-22T00:00:00Z,56952.44771848
2013-04-21T00:00:00Z,56950.71549408
2013-04-20T00:00:00Z,56952.12372667
2013-04-19T00:00:00Z,56981.07019147
2013-04-18T00:00:00Z,56948.32536297
2013-04-17T00:00:00Z,56953.9206362
2013-04-16T00:00:00Z,56948.51498961
2013-04-15T00:00:00Z,56950.39878522
2013-04-14T00:00:00Z,56949.79391737
2013-04-13T00:00:00Z,56946.22562633
2013-04-12T00:00:00Z,56944.66222754
2013-04-11T00:00:00Z,56946.62374444
2013-04-10T00:00:00Z,56944.07326284
2013-04-09T00:00:00Z,56948.09276878
2013-04-08T00:00:00Z,56944.47556964
2013-04-07T00:00:00Z,56945.41040863
2013-04-06T00:00:00Z,56950.7511727
2013-04-05T00:00:00Z,56948.81151296
2013-04-04T00:00:00Z,56947.51686657
2013-04-03T00:00:00Z,56948.64535417
2013-04-02T00:00:00Z,56897.26322278
2013-04-01T00:00:00Z,56897.44406344
2013-03-31T00:00:00Z,56897.18066304
2013-03-30T00:00:00Z,56897.10741507
2013-03-29T00:00:00Z,56897.42273759
2013-03-28T00:00:00Z,56904.45728833
2013-03-27T00:00:00Z,56907.79673098
2013-03-26T00:00:00Z,56898.33907286
2013-03-25T00:00:00Z,56898.3043699
2013-03-24T00:00:00Z,56914.5157447
2013-03-23T00:00:00Z,56929.24172484
2013-03-22T00:00:00Z,57012.87944598
2013-03-21T00:00:00Z,56948.94920204
2013-03-20T00:00:00Z,56926.60556224
2013-03-19T00:00:00Z,56914.10750654
2013-03-18T00:00:00Z,56894.91564029
2013-03-17T00:00:00Z,56903.80417423
2013-03-16T00:00:00Z,56895.59062439
2013-03-15T00:00:00Z,56901.57144111
2013-03-14T00:00:00Z,56895.24451538
2013-03-13T00:00:00Z,56896.67710545
2013-03-12T00:00:00Z,56894.63725946
2013-03-11T00:00:00Z,56893.90799529
2013-03-10T00:00:00Z,56893.82438752
2013-03-09T00:00:00Z,56893.78154123
2013-03-08T00:00:00Z,56894.37689219
2013-03-07T00:00:00Z,56893.92307239
2013-03-06T00:00:00Z,56895.46313327
2013-03-05T00:00:00Z,56900.26686453
2013-03-04T00:00:00Z,56893.01192026
2013-03-03T00:00:00Z,56894.82636284
2013-03-02T00:00:00Z,56893.62102197
2013-03-01T00:00:00Z,56893.20799427
2013-02-28T00:00:00Z,56893.93442965
2013-02-27T00:00:00Z,56893.88692074
2013-02-26T00:00:00Z,56893.71465274
2013-02-25T00:00:00Z,56893.86791889
2013-02-24T00:00:00Z,20.66642224
2013-02-23T00:00:00Z,23.66387901
2013-02-22T00:00:00Z,23.57921795
2013-02-21T00:00:00Z,23.89179428
2013-02-20T00:00:00Z,24.42851097
2013-02-19T00:00:00Z,23.89028037
2013-02-18T00:00:00Z,24.96489821
2013-02-17T00:00:00Z,24.26471615
2013-02-16T00:00:00Z,31.71182769
2013-02-15T00:00:00Z,23.83073853
2013-02-14T00:00:00Z,23.41393732
2013-02-13T00:00:00Z,24.42210541
2013-02-12T00:00:00Z,23.69030906
2013-02-11T00:00:00Z,24.1603352
2013-02-10T00:00:00Z,23.05353078
2013-02-09T00:00:00Z,23.44678808
2013-02-08T00:00:00Z,22.79063059
2013-02-07T00:00:00Z,21.78902777
2013-02-06T00:00:00Z,22.86231945
2013-02-05T00:00:00Z,22.7845599
2013-02-04T00:00:00Z,23.47763723
2013-02-03T00:00:00Z,23.45936223
2013-02-02T00:00:00Z,24.92501949
2013-02-01T00:00:00Z,22.98873126
2013-01-31T00:00:00Z,1512.9407018
2013-01-30T00:00:00Z,1512.41544278
2013-01-29T00:00:00Z,1512.01949646
2013-01-28T00:00:00Z,1511.30349031
2013-01-27T00:00:00Z,1510.61531825
2013-01-26T00:00:00Z,1510.76694867
2013-01-25T00:00:00Z,1511.12092607
2013-01-24T00:00:00Z,1510.74243074
2013-01-23T00:00:00Z,1510.25894175
2013-01-22T00:00:00Z,1518.5622842
2013-01-21T00:00:00Z,1518.31030015
2013-01-20T00:00:00Z,1514.50569172
2013-01-19T00:00:00Z,1514.79258032
2013-01-18T00:00:00Z,1514.68440127
2013-01-17T00:00:00Z,1514.48826557
2013-01-16T00:00:00Z,1516.98309895
2013-01-15T00:00:00Z,1515.82952825
2013-01-14T00:00:00Z,1519.17393757
2013-01-13T00:00:00Z,1515.39735967
2013-01-12T00:00:00Z,1515.67885946
2013-01-11T00:00:00Z,1515.03580662
2013-01-10T00:00:00Z,1518.20444534
2013-01-09T00:00:00Z,1520.02494122
2013-01-08T00:00:00Z,1514.55414566
2013-01-07T00:00:00Z,1522.08613537
2013-01-06T00:00:00Z,1514.79702116
2013-01-05T00:00:00Z,1515.61969135
2013-01-04T00:00:00Z,1515.07391888
2013-01-03T00:00:00Z,1524.48307536
2013-01-02T00:00:00Z,1515.15243335
2013-01-01T00:00:00Z,1516.91729158
2012-12-31T00:00:00Z,1518.97335898
2012-12-30T00:00:00Z,1514.4513927
2012-12-29T00:00:00Z,1513.87684505
2012-12-28T00:00:00Z,1519.20775513
2012-12-27T00:00:00Z,1517.3043874
2012-12-26T00:00:00Z,1515.07771896
2012-12-25T00:00:00Z,1514.11674959
2012-12-24T00:00:00Z,460.86891552
2012-12-23T00:00:00Z,461.14503806
2012-12-22T00:00:00Z,460.91741068
2012-12-21T00:00:00Z,464.13935738
2012-12-20T00:00:00Z,459.59536132
2012-12-19T00:00:00Z,459.55272592
2012-12-18T00:00:00Z,474.86711893
2012-12-17T00:00:00Z,461.44991818
2012-12-16T00:00:00Z,458.59514778
2012-12-15T00:00:00Z,463.65972124
2012-12-14T00:00:00Z,459.54996756
2012-12-13T00:00:00Z,459.01957321
2012-12-12T00:00:00Z,4511.24084439
2012-12-11T00:00:00Z,4512.11864252
2012-12-10T00:00:00Z,4512.53960559
2012-12-09T00:00:00Z,5511.93555988
2012-12-08T00:00:00Z,7015.72853647
2012-12-07T00:00:00Z,7011.83137186
2012-12-06T00:00:00Z,7012.42229133
2012-12-05T00:00:00Z,7016.40019523
2012-12-04T00:00:00Z,8016.38969341
2012-12-03T00:00:00Z,8012.37272183
2012-12-02T00:00:00Z,8023.48611751
2012-12-01T00:00:00Z,8013.35432967
2012-11-30T00:00:00Z,8013.98847449
2012-11-29T00:00:00Z,8017.20224575
2012-11-28T00:00:00Z,8058.60081971
2012-11-27T00:00:00Z,8012.31675527
2012-11-26T00:00:00Z,8011.93669484
2012-11-25T00:00:00Z,8013.87151797
2012-11-24T00:00:00Z,8012.33832211
2012-11-23T00:00:00Z,8012.14101717
2012-11-22T00:00:00Z,8012.58248229
2012-11-21T00:00:00Z,8014.31984501
2012-11-20T00:00:00Z,8012.80727724
2012-11-19T00:00:00Z,8012.89838391
2012-11-18T00:00:00Z,8029.14199439
2012-11-17T00:00:00Z,8013.03836796
2012-11-16T00:00:00Z,8015.58151822
2012-11-15T00:00:00Z,8013.96305819
2012-11-14T00:00:00Z,8013.427847
2012-11-13T00:00:00Z,8012.8346657
2012-11-12T00:00:00Z,8012.18040715
2012-11-11T00:00:00Z,8012.16683143
2012-11-10T00:00:00Z,8013.66743269
2012-11-09T00:00:00Z,8011.51068365
2012-11-08T00:00:00Z,8010.91790807
2012-11-07T00:00:00Z,8009.8182885
2012-11-06T00:00:00Z,8033.06948754
2012-11-05T00:00:00Z,8033.84369788
2012-11-04T00:00:00Z,8033.8255927
2012-11-03T00:00:00Z,8032.28047107
2012-11-02T00:00:00Z,8028.47869352
2012-11-01T00:00:00Z,8013.92828284
2012-10-31T00:00:00Z,8014.57144873
2012-10-30T00:00:00Z,8008.71704004
2012-10-29T00:00:00Z,8005.94230004
2012-10-28T00:00:00Z,8005.91570513
2012-10-27T00:00:00Z,8004.74972285
2012-10-26T00:00:00Z,8006.11360952
2012-10-25T00:00:00Z,8018.92563254
2012-10-24T00:00:00Z,8018.38724408
2012-10-23T00:00:00Z,8000.53761348
2012-10-22T00:00:00Z,7999.39406354
2012-10-21T00:00:00Z,7998.13004682
2012-10-20T00:00:00Z,8019.24972069
2012-10-19T00:00:00Z,8018.06420025
2012-10-18T00:00:00Z,8016.91622447
2012-10-17T00:00:00Z,8016.69133311
2012-10-16T00:00:00Z,8026.52837592
2012-10-15T00:00:00Z,8015.57473546
2012-10-14T00:00:00Z,8014.49539999
2012-10-13T00:00:00Z,8013.11392095
2012-10-12T00:00:00Z,8013.9038276
2012-10-11T00:00:00Z,8011.94222113
2012-10-10T00:00:00Z,8035.38177391
2012-10-09T00:00:00Z,8034.79259792
2012-10-08T00:00:00Z,8034.80777163
2012-10-07T00:00:00Z,8013.63262253
2012-10-06T00:00:00Z,8013.94733846
2012-10-05T00:00:00Z,8025.85309424
2012-10-04T00:00:00Z,8029.81626542
2012-10-03T00:00:00Z,8139.05994456
2012-10-02T00:00:00Z,8138.09286936
2012-10-01T00:00:00Z,8137.72912275
2012-09-30T00:00:00Z,8136.53033061
2012-09-29T00:00:00Z,8135.37519227
2012-09-28T00:00:00Z,8134.50420599
2012-09-27T00:00:00Z,8118.37016457
2012-09-26T00:00:00Z,8110.52490316
2012-09-25T00:00:00Z,8165.73354354
2012-09-24T00:00:00Z,8094.11295769
2012-09-23T00:00:00Z,8041.87297162
2012-09-22T00:00:00Z,8041.88446914
2012-09-21T00:00:00Z,8031.1757933
2012-09-20T00:00:00Z,8029.98909262
2012-09-19T00:00:00Z,8029.45704312
2012-09-18T00:00:00Z,8025.13322498
2012-09-17T00:00:00Z,8022.81482265
2012-09-16T00:00:00Z,8003.33152635
2012-09-15T00:00:00Z,8000.66848885
2012-09-14T00:00:00Z,7997.92095351
2012-09-13T00:00:00Z,7985.50018855
2012-09-12T00:00:00Z,7985.16971838
2012-09-11T00:00:00Z,7979.68196274
2012-09-10T00:00:00Z,7971.83058964
2012-09-09T00:00:00Z,7969.94952799
2012-09-08T00:00:00Z,7970.04526284
2012-09-07T00:00:00Z,7969.08317848
2012-09-06T00:00:00Z,7978.02032936
2012-09-05T00:00:00Z,7962.65444234
2012-09-04T00:00:00Z,7961.16489082
2012-09-03T00:00:00Z,7912.09517465
2012-09-02T00:00:00Z,7901.06625107
2012-09-01T00:00:00Z,7892.45165074
2012-08-31T00:00:00Z,7889.89914761
2012-08-30T00:00:00Z,7883.71173521
2012-08-29T00:00:00Z,7880.93557888
2012-08-28T00:00:00Z,7860.14589367
2012-08-27T00:00:00Z,7845.51136526
2012-08-26T00:00:00Z,7822.75653724
2012-08-25T00:00:00Z,7795.15871668
2012-08-24T00:00:00Z,7791.91651046
2012-08-23T00:00:00Z,7776.12082018
2012-08-22T00:00:00Z,7770.41120529
2012-08-21T00:00:00Z,7765.16991947
2012-08-20T00:00:00Z,7762.56454986
2012-08-19T00:00:00Z,7755.4567947
2012-08-18T00:00:00Z,7747.9563334
2012-08-17T00:00:00Z,7729.42563036
2012-08-16T00:00:00Z,7713.9014773
2012-08-15T00:00:00Z,7693.66642638
2012-08-14T00:00:00Z,7690.0009986
2012-08-13T00:00:00Z,7668.43246158
2012-08-12T00:00:00Z,7648.25775963
2012-08-11T00:00:00Z,7643.70981379
2012-08-10T00:00:00Z,7630.82715585
2012-08-09T00:00:00Z,7611.29022278
2012-08-08T00:00:00Z,7569.9642931
2012-08-07T00:00:00Z,7563.4397861
2012-08-06T00:00:00Z,7562.36226718
2012-08-05T00:00:00Z,7554.15852577
2012-08-04T00:00:00Z,7548.69665478
2012-08-03T00:00:00Z,7546.60637294
2012-08-02T00:00:00Z,7546.74285712
2012-08-01T00:00:00Z,7546.72365712
2012-07-31T00:00:00Z,7542.44309712
2012-07-30T00:00:00Z,7523.10303816
2012-07-29T00:00:00Z,7506.4255389
2012-07-28T00:00:00Z,7458.42654771
2012-07-27T00:00:00Z,7458.41602136
2012-07-26T00:00:00Z,7436.09136958
2012-07-25T00:00:00Z,7392.92748313
2012-07-24T00:00:00Z,7394.54663976
2012-07-23T00:00:00Z,7365.65274649
2012-07-22T00:00:00Z,7359.8031495
2012-07-21T00:00:00Z,7356.42220253
2012-07-20T00:00:00Z,7340.96589422
2012-07-19T00:00:00Z,7335.69168529
2012-07-18T00:00:00Z,7335.77354529
2012-07-17T00:00:00Z,7319.3643843
2012-07-16T00:00:00Z,2826.555764
2012-07-15T00:00:00Z,2739.81342682
2012-07-14T00:00:00Z,2453.13959969
2012-07-13T00:00:00Z,2437.08761539
2012-07-12T00:00:00Z,2413.29421106
2012-07-11T00:00:00Z,2432.44742016
2012-07-10T00:00:00Z,2367.5097195
2012-07-09T00:00:00Z,2321.18151547
2012-07-08T00:00:00Z,2308.83290286
2012-07-07T00:00:00Z,2284.59855034
2012-07-06T00:00:00Z,2243.00367174
2012-07-05T00:00:00Z,1765.337123
2012-07-04T00:00:00Z,1761.38154421
2012-07-03T00:00:00Z,1757.77763442
2012-07-02T00:00:00Z,1753.42384985
2012-07-01T00:00:00Z,1734.57739778
2012-06-30T00:00:00Z,1267.1378017
2012-06-29T00:00:00Z,809.56832641
2012-06-28T00:00:00Z,471.02581397
2012-06-27T00:00:00Z,437.56818779
2012-06-26T00:00:00Z,424.38818779
2012-06-25T00:00:00Z,5192.50960066
2012-06-24T00:00:00Z,5168.35761158
2012-06-23T00:00:00Z,5133.6455117
2012-06-22T00:00:00Z,5114.46999164
2012-06-21T00:00:00Z,5093.60043265
2012-06-20T00:00:00Z,4686.17049112
2012-06-19T00:00:00Z,4657.84801306
2012-06-18T00:00:00Z,4657.84801306
2012-06-17T00:00:00Z,4627.95808705
2012-06-16T00:00:00Z,4616.9166072
2012-06-15T00:00:00Z,4603.0273631
2012-06-14T00:00:00Z,4519.65203068
2012-06-13T00:00:00Z,4518.65203068
2012-06-12T00:00:00Z,4468.95031897
2012-06-11T00:00:00Z,3445.58463252
2012-06-10T00:00:00Z,3445.58463252
2012-06-09T00:00:00Z,3431.52203252
2012-06-08T00:00:00Z,3431.52203252
2012-06-07T00:00:00Z,3431.52203252
2012-06-06T00:00:00Z,2955.12203252
2012-06-05T00:00:00Z,2955.08203252
2012-06-04T00:00:00Z,2887.17889399
2012-06-03T00:00:00Z,2866.32806297
2012-06-02T00:00:00Z,2866.32806297
2012-06-01T00:00:00Z,2866.32806297
2012-05-31T00:00:00Z,2860.69161866
2012-05-30T00:00:00Z,2860.69161866
2012-05-29T00:00:00Z,2674.6301744
2012-05-28T00:00:00Z,2670.0301744
2012-05-27T00:00:00Z,2657.16905332
2012-05-26T00:00:00Z,2414.56905332
2012-05-25T00:00:00Z,2414.56905332
2012-05-24T00:00:00Z,2812.05302332
2012-05-23T00:00:00Z,2812.05302332
2012-05-22T00:00:00Z,2812.05302332
2012-05-21T00:00:00Z,2812.05302332
2012-05-20T00:00:00Z,2812.05302332
2012-05-19T00:00:00Z,2888.94
2012-05-18T00:00:00Z,2534.42
2012-05-17T00:00:00Z,2186.352
2012-05-16T00:00:00Z,2186.352
2012-05-15T00:00:00Z,2186.352
2012-05-14T00:00:00Z,2186.352
2012-05-13T00:00:00Z,2186.347
2012-05-12T00:00:00Z,2186.347
2012-05-11T00:00:00Z,2186.327
2012-05-10T00:00:00Z,1718.636
2012-05-09T00:00:00Z,1718.636
2012-05-08T00:00:00Z,1718.636
2012-05-07T00:00:00Z,1718.636
2012-05-06T00:00:00Z,1718.636
2012-05-05T00:00:00Z,1718.586
2012-05-04T00:00:00Z,1130.412
2012-05-03T00:00:00Z,750.384
2012-05-02T00:00:00Z,648.216
2012-05-01T00:00:00Z,648.216
2012-04-30T00:00:00Z,582.466
2012-04-29T00:00:00Z,582.466
2012-04-28T00:00:00Z,582.466
2012-04-27T00:00:00Z,479.946
2012-04-26T00:00:00Z,479.946
2012-04-25T00:00:00Z,479.946
2012-04-24T00:00:00Z,0.09
2012-04-23T00:00:00Z,0.09
2012-04-22T00:00:00Z,0.09
2012-04-21T00:00:00Z,0.09
2012-04-20T00:00:00Z,0.09
2012-04-19T00:00:00Z,0.09
2012-04-18T00:00:00Z,0.09
2012-04-17T00:00:00Z,0.09
2012-04-16T00:00:00Z,0.09
2012-04-15T00:00:00Z,0.09
2012-04-14T00:00:00Z,0.09
2012-04-13T00:00:00Z,0.09
2012-04-12T00:00:00Z,0.09
2012-04-11T00:00:00Z,0.09
2012-04-10T00:00:00Z,0.09
2012-04-09T00:00:00Z,0.09
2012-04-08T00:00:00Z,0.09
2012-04-07T00:00:00Z,0.07
2012-04-06T00:00:00Z,0.02
2012-04-05T00:00:00Z,0.02
2012-04-04T00:00:00Z,0.02
2012-04-03T00:00:00Z,0.02
2012-04-02T00:00:00Z,0.02
