Datetime,Miner Reserve
2025-06-10T00:00:00Z,1807639.34978673
2025-06-09T00:00:00Z,1808100.55898909
2025-06-08T00:00:00Z,1807720.97316162
2025-06-07T00:00:00Z,1807631.31602801
2025-06-06T00:00:00Z,1807637.8869195
2025-06-05T00:00:00Z,1807729.60416404
2025-06-04T00:00:00Z,1807732.9499259
2025-06-03T00:00:00Z,1808611.61762143
2025-06-02T00:00:00Z,1807707.60444364
2025-06-01T00:00:00Z,1807686.85575663
2025-05-31T00:00:00Z,1806906.32422187
2025-05-30T00:00:00Z,1806867.91825132
2025-05-29T00:00:00Z,1807061.74518964
2025-05-28T00:00:00Z,1806896.15165539
2025-05-27T00:00:00Z,1807279.52589241
2025-05-26T00:00:00Z,1806900.10405894
2025-05-25T00:00:00Z,1806897.2050112
2025-05-24T00:00:00Z,1806989.98713347
2025-05-23T00:00:00Z,1806642.21040332
2025-05-22T00:00:00Z,1807435.08161184
2025-05-21T00:00:00Z,1808636.13046169
2025-05-20T00:00:00Z,1808939.13222418
2025-05-19T00:00:00Z,1808654.7675319
2025-05-18T00:00:00Z,1810548.57759189
2025-05-17T00:00:00Z,1808275.36062612
2025-05-16T00:00:00Z,1808477.8953197
2025-05-15T00:00:00Z,1809265.32316042
2025-05-14T00:00:00Z,1808718.53003785
2025-05-13T00:00:00Z,1808757.73953352
2025-05-12T00:00:00Z,1808902.0678666
2025-05-11T00:00:00Z,1808704.69205739
2025-05-10T00:00:00Z,1809033.4815164
2025-05-09T00:00:00Z,1808695.50347785
2025-05-08T00:00:00Z,1809136.19368289
2025-05-07T00:00:00Z,1808739.8661722
2025-05-06T00:00:00Z,1809204.08902404
2025-05-05T00:00:00Z,1808615.6696043
2025-05-04T00:00:00Z,1808600.89121459
2025-05-03T00:00:00Z,1808907.5087949
2025-05-02T00:00:00Z,1808409.3259752
2025-05-01T00:00:00Z,1808348.60374697
2025-04-30T00:00:00Z,1807935.20879561
2025-04-29T00:00:00Z,1807707.33156494
2025-04-28T00:00:00Z,1807507.87084022
2025-04-27T00:00:00Z,1808412.03424849
2025-04-26T00:00:00Z,1808507.90789106
2025-04-25T00:00:00Z,1808682.87883786
2025-04-24T00:00:00Z,1808787.59993199
2025-04-23T00:00:00Z,1808816.88136543
2025-04-22T00:00:00Z,1808774.74443622
2025-04-21T00:00:00Z,1808797.87870675
2025-04-20T00:00:00Z,1808833.9058165
2025-04-19T00:00:00Z,1808765.83458127
2025-04-18T00:00:00Z,1808721.75074529
2025-04-17T00:00:00Z,1808694.88518018
2025-04-16T00:00:00Z,1809082.88963139
2025-04-15T00:00:00Z,1809025.56119976
2025-04-14T00:00:00Z,1808641.84536833
2025-04-13T00:00:00Z,1808542.09727625
2025-04-12T00:00:00Z,1808555.40133263
2025-04-11T00:00:00Z,1808510.84699229
2025-04-10T00:00:00Z,1808982.33410484
2025-04-09T00:00:00Z,1809633.76110328
2025-04-08T00:00:00Z,1809443.70567149
2025-04-07T00:00:00Z,1808944.21841151
2025-04-06T00:00:00Z,1810612.36699186
2025-04-05T00:00:00Z,1809393.13642498
2025-04-04T00:00:00Z,1809201.33550234
2025-04-03T00:00:00Z,1809180.27411095
2025-04-02T00:00:00Z,1809011.42001404
2025-04-01T00:00:00Z,1808366.09278602
2025-03-31T00:00:00Z,1808496.42702816
2025-03-30T00:00:00Z,1808557.85890495
2025-03-29T00:00:00Z,1808556.53921836
2025-03-28T00:00:00Z,1808850.15791123
2025-03-27T00:00:00Z,1809098.60444398
2025-03-26T00:00:00Z,1809226.1886544
2025-03-25T00:00:00Z,1809435.34063099
2025-03-24T00:00:00Z,1809851.79377811
2025-03-23T00:00:00Z,1809453.05313682
2025-03-22T00:00:00Z,1809406.98262076
2025-03-21T00:00:00Z,1809410.52515012
2025-03-20T00:00:00Z,1809724.59281263
2025-03-19T00:00:00Z,1809587.97315002
2025-03-18T00:00:00Z,1809569.10830158
2025-03-17T00:00:00Z,1809407.59831012
2025-03-16T00:00:00Z,1809518.81166194
2025-03-15T00:00:00Z,1809496.19831061
2025-03-14T00:00:00Z,1809671.64300389
2025-03-13T00:00:00Z,1809786.99095377
2025-03-12T00:00:00Z,1809776.93656886
2025-03-11T00:00:00Z,1809589.45093303
2025-03-10T00:00:00Z,1810465.22346014
2025-03-09T00:00:00Z,1810414.80294644
2025-03-08T00:00:00Z,1809878.61155545
2025-03-07T00:00:00Z,1809821.51519392
2025-03-06T00:00:00Z,1810073.73352852
2025-03-05T00:00:00Z,1809778.15938635
2025-03-04T00:00:00Z,1809819.71500782
2025-03-03T00:00:00Z,1809616.75638969
2025-03-02T00:00:00Z,1809752.0878661
2025-03-01T00:00:00Z,1809489.41201768
2025-02-28T00:00:00Z,1809279.11434576
2025-02-27T00:00:00Z,1809083.4788975
2025-02-26T00:00:00Z,1809530.95127076
2025-02-25T00:00:00Z,1809454.79931933
2025-02-24T00:00:00Z,1810753.56985407
2025-02-23T00:00:00Z,1809272.90954139
2025-02-22T00:00:00Z,1809405.53194238
2025-02-21T00:00:00Z,1810010.04967644
2025-02-20T00:00:00Z,1809134.98156617
2025-02-19T00:00:00Z,1808948.50905686
2025-02-18T00:00:00Z,1809586.10740668
2025-02-17T00:00:00Z,1809259.78106777
2025-02-16T00:00:00Z,1809402.83521868
2025-02-15T00:00:00Z,1809514.56676775
2025-02-14T00:00:00Z,1809241.57251505
2025-02-13T00:00:00Z,1809283.73132148
2025-02-12T00:00:00Z,1809394.49422173
2025-02-11T00:00:00Z,1809735.42681798
2025-02-10T00:00:00Z,1810707.71646271
2025-02-09T00:00:00Z,1809863.47130878
2025-02-08T00:00:00Z,1809768.73133317
2025-02-07T00:00:00Z,1809682.83905678
2025-02-06T00:00:00Z,1809507.43891201
2025-02-05T00:00:00Z,1809518.71532219
2025-02-04T00:00:00Z,1810156.25522903
2025-02-03T00:00:00Z,1810401.10472979
2025-02-02T00:00:00Z,1811046.49523338
2025-02-01T00:00:00Z,1811644.36035472
2025-01-31T00:00:00Z,1810340.3006588
2025-01-30T00:00:00Z,1809701.44151329
2025-01-29T00:00:00Z,1809867.44020035
2025-01-28T00:00:00Z,1809428.84311434
2025-01-27T00:00:00Z,1809575.52165521
2025-01-26T00:00:00Z,1809765.38582178
2025-01-25T00:00:00Z,1809252.27796288
2025-01-24T00:00:00Z,1809471.32135096
2025-01-23T00:00:00Z,1809800.64935763
2025-01-22T00:00:00Z,1808878.4023722
2025-01-21T00:00:00Z,1809395.12424927
2025-01-20T00:00:00Z,1809081.50801386
2025-01-19T00:00:00Z,1809826.07631193
2025-01-18T00:00:00Z,1809229.36636384
2025-01-17T00:00:00Z,1809448.5381518
2025-01-16T00:00:00Z,1808843.2268811
2025-01-15T00:00:00Z,1809536.14748443
2025-01-14T00:00:00Z,1809107.25443025
2025-01-13T00:00:00Z,1809213.83501984
2025-01-12T00:00:00Z,1809247.70997549
2025-01-11T00:00:00Z,1809660.40349345
2025-01-10T00:00:00Z,1809060.68403172
2025-01-09T00:00:00Z,1808570.1626521
2025-01-08T00:00:00Z,1809025.33160197
2025-01-07T00:00:00Z,1808855.20167764
2025-01-06T00:00:00Z,1809160.68266785
2025-01-05T00:00:00Z,1808749.4813089
2025-01-04T00:00:00Z,1808622.07206659
2025-01-03T00:00:00Z,1808904.07820795
2025-01-02T00:00:00Z,1809296.73415234
2025-01-01T00:00:00Z,1808861.19114991
2024-12-31T00:00:00Z,1808993.96931528
2024-12-30T00:00:00Z,1809012.83825587
2024-12-29T00:00:00Z,1808769.78575247
2024-12-28T00:00:00Z,1808549.06296789
2024-12-27T00:00:00Z,1808438.3517296
2024-12-26T00:00:00Z,1808643.61192539
2024-12-25T00:00:00Z,1808339.14824815
2024-12-24T00:00:00Z,1808882.94540619
2024-12-23T00:00:00Z,1811158.49508413
2024-12-22T00:00:00Z,1811885.46519443
2024-12-21T00:00:00Z,1811786.3831542
2024-12-20T00:00:00Z,1812287.47445111
2024-12-19T00:00:00Z,1811244.12192529
2024-12-18T00:00:00Z,1810524.48038127
2024-12-17T00:00:00Z,1810635.98633068
2024-12-16T00:00:00Z,1810835.0245747
2024-12-15T00:00:00Z,1811901.62383076
2024-12-14T00:00:00Z,1810365.35521203
2024-12-13T00:00:00Z,1810827.54582288
2024-12-12T00:00:00Z,1810387.44627015
2024-12-11T00:00:00Z,1810851.08848108
2024-12-10T00:00:00Z,1810970.67482133
2024-12-09T00:00:00Z,1811861.79297824
2024-12-08T00:00:00Z,1811107.13438718
2024-12-07T00:00:00Z,1811476.42279389
2024-12-06T00:00:00Z,1811718.5264099
2024-12-05T00:00:00Z,1814577.98303349
2024-12-04T00:00:00Z,1813319.75879511
2024-12-03T00:00:00Z,1813339.21537517
2024-12-02T00:00:00Z,1813231.4888143
2024-12-01T00:00:00Z,1813651.84323271
2024-11-30T00:00:00Z,1813360.35153548
2024-11-29T00:00:00Z,1813442.23096749
2024-11-28T00:00:00Z,1812651.13715545
2024-11-27T00:00:00Z,1813133.21272398
2024-11-26T00:00:00Z,1812863.55804761
2024-11-25T00:00:00Z,1812504.71566815
2024-11-24T00:00:00Z,1811896.72834427
2024-11-23T00:00:00Z,1811776.64830561
2024-11-22T00:00:00Z,1813351.84946896
2024-11-21T00:00:00Z,1812461.10985091
2024-11-20T00:00:00Z,1813849.93847708
2024-11-19T00:00:00Z,1812919.20428337
2024-11-18T00:00:00Z,1812757.03196116
2024-11-17T00:00:00Z,1812953.53291876
2024-11-16T00:00:00Z,1813298.47372876
2024-11-15T00:00:00Z,1813589.09246651
2024-11-14T00:00:00Z,1816489.12365685
2024-11-13T00:00:00Z,1814611.09065534
2024-11-12T00:00:00Z,1814240.08557351
2024-11-11T00:00:00Z,1815909.01787041
2024-11-10T00:00:00Z,1814398.013619
2024-11-09T00:00:00Z,1813916.37100871
2024-11-08T00:00:00Z,1813693.64834666
2024-11-07T00:00:00Z,1813329.1512104
2024-11-06T00:00:00Z,1813743.16325499
2024-11-05T00:00:00Z,1813191.24453336
2024-11-04T00:00:00Z,1813948.90782141
2024-11-03T00:00:00Z,1812944.75284828
2024-11-02T00:00:00Z,1813118.59078552
2024-11-01T00:00:00Z,1812820.52638472
2024-10-31T00:00:00Z,1813172.14641183
2024-10-30T00:00:00Z,1813015.81716729
2024-10-29T00:00:00Z,1814939.99447676
2024-10-28T00:00:00Z,1815340.91796984
2024-10-27T00:00:00Z,1814789.98129848
2024-10-26T00:00:00Z,1816424.45887801
2024-10-25T00:00:00Z,1815144.83871629
2024-10-24T00:00:00Z,1815893.94138477
2024-10-23T00:00:00Z,1814838.44725997
2024-10-22T00:00:00Z,1815278.0551086
2024-10-21T00:00:00Z,1814868.68051126
2024-10-20T00:00:00Z,1815229.36522938
2024-10-19T00:00:00Z,1814833.92420689
2024-10-18T00:00:00Z,1815338.24346237
2024-10-17T00:00:00Z,1815140.39244889
2024-10-16T00:00:00Z,1815722.02472974
2024-10-15T00:00:00Z,1814439.57475414
2024-10-14T00:00:00Z,1814760.03520279
2024-10-13T00:00:00Z,1814346.6251731
2024-10-12T00:00:00Z,1814445.97161761
2024-10-11T00:00:00Z,1814362.32439632
2024-10-10T00:00:00Z,1814113.42259284
2024-10-09T00:00:00Z,1814214.08830315
2024-10-08T00:00:00Z,1814140.11507242
2024-10-07T00:00:00Z,1814764.57111961
2024-10-06T00:00:00Z,1814695.11611103
2024-10-05T00:00:00Z,1814294.90495387
2024-10-04T00:00:00Z,1814347.78226465
2024-10-03T00:00:00Z,1814350.37196929
2024-10-02T00:00:00Z,1815605.95966666
2024-10-01T00:00:00Z,1816717.96657638
2024-09-30T00:00:00Z,1816752.48054209
2024-09-29T00:00:00Z,1816105.7549844
2024-09-28T00:00:00Z,1815896.11552072
2024-09-27T00:00:00Z,1815862.5749156
2024-09-26T00:00:00Z,1815898.99598906
2024-09-25T00:00:00Z,1816231.59278019
2024-09-24T00:00:00Z,1816443.42189417
2024-09-23T00:00:00Z,1815902.96624467
2024-09-22T00:00:00Z,1816170.43173881
2024-09-21T00:00:00Z,1815810.70204225
2024-09-20T00:00:00Z,1816454.00251493
2024-09-19T00:00:00Z,1816722.49558712
2024-09-18T00:00:00Z,1816946.6814106
2024-09-17T00:00:00Z,1816474.82243729
2024-09-16T00:00:00Z,1816556.664682
2024-09-15T00:00:00Z,1817426.65541092
2024-09-14T00:00:00Z,1816412.88848402
2024-09-13T00:00:00Z,1817135.20241925
2024-09-12T00:00:00Z,1816651.75867191
2024-09-11T00:00:00Z,1816745.34900596
2024-09-10T00:00:00Z,1816892.02552411
2024-09-09T00:00:00Z,1816703.06400987
2024-09-08T00:00:00Z,1816635.53271207
2024-09-07T00:00:00Z,1816737.6887288
2024-09-06T00:00:00Z,1817183.66454791
2024-09-05T00:00:00Z,1816905.99474955
2024-09-04T00:00:00Z,1816685.43243586
2024-09-03T00:00:00Z,1817012.78833601
2024-09-02T00:00:00Z,1817588.96732842
2024-09-01T00:00:00Z,1817302.53714613
2024-08-31T00:00:00Z,1817215.82113879
2024-08-30T00:00:00Z,1820013.3119322
2024-08-29T00:00:00Z,1817085.63399579
2024-08-28T00:00:00Z,1817164.43711583
2024-08-27T00:00:00Z,1816999.53116544
2024-08-26T00:00:00Z,1816012.25216747
2024-08-25T00:00:00Z,1816260.94769083
2024-08-24T00:00:00Z,1815983.33216824
2024-08-23T00:00:00Z,1816406.01737167
2024-08-22T00:00:00Z,1816479.19344399
2024-08-21T00:00:00Z,1816099.59451547
2024-08-20T00:00:00Z,1816172.7504515
2024-08-19T00:00:00Z,1816167.89888663
2024-08-18T00:00:00Z,1815991.32091121
2024-08-17T00:00:00Z,1815853.38790547
2024-08-16T00:00:00Z,1815764.45039872
2024-08-15T00:00:00Z,1815879.92332967
2024-08-14T00:00:00Z,1815837.94755291
2024-08-13T00:00:00Z,1815783.73512883
2024-08-12T00:00:00Z,1815463.03319472
2024-08-11T00:00:00Z,1815855.79943278
2024-08-10T00:00:00Z,1815605.27303072
2024-08-09T00:00:00Z,1815769.56552536
2024-08-08T00:00:00Z,1816589.89395005
2024-08-07T00:00:00Z,1817041.52548523
2024-08-06T00:00:00Z,1816244.48626655
2024-08-05T00:00:00Z,1816361.77297943
2024-08-04T00:00:00Z,1815624.44678733
2024-08-03T00:00:00Z,1815394.97538033
2024-08-02T00:00:00Z,1816195.33714637
2024-08-01T00:00:00Z,1816474.42621218
2024-07-31T00:00:00Z,1815479.91810943
2024-07-30T00:00:00Z,1815480.11621313
2024-07-29T00:00:00Z,1815427.15746109
2024-07-28T00:00:00Z,1815193.32877867
2024-07-27T00:00:00Z,1815482.7945495
2024-07-26T00:00:00Z,1815180.05068263
2024-07-25T00:00:00Z,1815343.77746391
2024-07-24T00:00:00Z,1815018.1890649
2024-07-23T00:00:00Z,1815565.84976484
2024-07-22T00:00:00Z,1815549.77621739
2024-07-21T00:00:00Z,1815732.62253459
2024-07-20T00:00:00Z,1815566.2093841
2024-07-19T00:00:00Z,1816088.3271965
2024-07-18T00:00:00Z,1816137.40573484
2024-07-17T00:00:00Z,1816389.3995715
2024-07-16T00:00:00Z,1817125.90114608
2024-07-15T00:00:00Z,1817875.37223728
2024-07-14T00:00:00Z,1818368.87336481
2024-07-13T00:00:00Z,1818283.51485164
2024-07-12T00:00:00Z,1817360.29274357
2024-07-11T00:00:00Z,1816966.89805021
2024-07-10T00:00:00Z,1817328.44134257
2024-07-09T00:00:00Z,1817245.53700364
2024-07-08T00:00:00Z,1817066.22245643
2024-07-07T00:00:00Z,1817576.0071542
2024-07-06T00:00:00Z,1817091.79418167
2024-07-05T00:00:00Z,1817347.82285666
2024-07-04T00:00:00Z,1817089.55426541
2024-07-03T00:00:00Z,1816973.53351439
2024-07-02T00:00:00Z,1817138.64006865
2024-07-01T00:00:00Z,1816900.91982777
2024-06-30T00:00:00Z,1819240.56456758
2024-06-29T00:00:00Z,1819194.42797462
2024-06-28T00:00:00Z,1819432.19975817
2024-06-27T00:00:00Z,1818557.77957526
2024-06-26T00:00:00Z,1818663.37650425
2024-06-25T00:00:00Z,1817842.1915235
2024-06-24T00:00:00Z,1818466.92630523
2024-06-23T00:00:00Z,1818458.1360649
2024-06-22T00:00:00Z,1818240.8155275
2024-06-21T00:00:00Z,1819140.31362532
2024-06-20T00:00:00Z,1818530.3275885
2024-06-19T00:00:00Z,1818450.45476798
2024-06-18T00:00:00Z,1818404.32991468
2024-06-17T00:00:00Z,1818384.92412429
2024-06-16T00:00:00Z,1818919.41360215
2024-06-15T00:00:00Z,1818714.21399971
2024-06-14T00:00:00Z,1819469.26740924
2024-06-13T00:00:00Z,1819223.63523146
2024-06-12T00:00:00Z,1818791.86311286
2024-06-11T00:00:00Z,1818404.24936055
2024-06-10T00:00:00Z,1819016.92368566
2024-06-09T00:00:00Z,1819201.18010818
2024-06-08T00:00:00Z,1819267.27789764
2024-06-07T00:00:00Z,1823792.79646596
2024-06-06T00:00:00Z,1819083.17892689
2024-06-05T00:00:00Z,1818983.60279218
2024-06-04T00:00:00Z,1819718.07155894
2024-06-03T00:00:00Z,1819345.71952571
2024-06-02T00:00:00Z,1819459.00006969
2024-06-01T00:00:00Z,1819295.47979302
2024-05-31T00:00:00Z,1819801.92218354
2024-05-30T00:00:00Z,1820178.16760738
2024-05-29T00:00:00Z,1819452.21440784
2024-05-28T00:00:00Z,1819624.97698398
2024-05-27T00:00:00Z,1819185.19469872
2024-05-26T00:00:00Z,1819187.97103037
2024-05-25T00:00:00Z,1819418.68710949
2024-05-24T00:00:00Z,1819569.51099183
2024-05-23T00:00:00Z,1819710.52415145
2024-05-22T00:00:00Z,1819592.40017281
2024-05-21T00:00:00Z,1821323.18349297
2024-05-20T00:00:00Z,1822889.95753132
2024-05-19T00:00:00Z,1821145.81840017
2024-05-18T00:00:00Z,1821221.13279968
2024-05-17T00:00:00Z,1822080.65597047
2024-05-16T00:00:00Z,1822012.1180504
2024-05-15T00:00:00Z,1822316.07152893
2024-05-14T00:00:00Z,1821982.40600405
2024-05-13T00:00:00Z,1822024.24380538
2024-05-12T00:00:00Z,1822285.94121655
2024-05-11T00:00:00Z,1821995.92512712
2024-05-10T00:00:00Z,1822148.76379637
2024-05-09T00:00:00Z,1822430.33680208
2024-05-08T00:00:00Z,1822762.42960382
2024-05-07T00:00:00Z,1822990.69826303
2024-05-06T00:00:00Z,1822798.83066048
2024-05-05T00:00:00Z,1822894.07019957
2024-05-04T00:00:00Z,1822611.5636357
2024-05-03T00:00:00Z,1822932.52700083
2024-05-02T00:00:00Z,1822753.62520142
2024-05-01T00:00:00Z,1823932.58319824
2024-04-30T00:00:00Z,1823299.48254169
2024-04-29T00:00:00Z,1823196.4802007
2024-04-28T00:00:00Z,1822839.41846338
2024-04-27T00:00:00Z,1822846.98156545
2024-04-26T00:00:00Z,1823286.11841526
2024-04-25T00:00:00Z,1822941.34457733
2024-04-24T00:00:00Z,1824880.46101498
2024-04-23T00:00:00Z,1830865.08925665
2024-04-22T00:00:00Z,1827389.77763326
2024-04-21T00:00:00Z,1826261.98641917
2024-04-20T00:00:00Z,1826748.13469251
2024-04-19T00:00:00Z,1826909.93594899
2024-04-18T00:00:00Z,1825295.73572328
2024-04-17T00:00:00Z,1824133.84920412
2024-04-16T00:00:00Z,1823355.19230465
2024-04-15T00:00:00Z,1824220.96221476
2024-04-14T00:00:00Z,1823467.14116481
2024-04-13T00:00:00Z,1824238.27268073
2024-04-12T00:00:00Z,1824501.09287401
2024-04-11T00:00:00Z,1824601.53382074
2024-04-10T00:00:00Z,1822991.38097411
2024-04-09T00:00:00Z,1822591.13584274
2024-04-08T00:00:00Z,1822011.62306897
2024-04-07T00:00:00Z,1821432.1954297
2024-04-06T00:00:00Z,1821941.95192053
2024-04-05T00:00:00Z,1821778.46226101
2024-04-04T00:00:00Z,1821644.84222978
2024-04-03T00:00:00Z,1821438.11457337
2024-04-02T00:00:00Z,1821333.7049382
2024-04-01T00:00:00Z,1821486.73849353
2024-03-31T00:00:00Z,1822027.21950182
2024-03-30T00:00:00Z,1821853.52367596
2024-03-29T00:00:00Z,1821668.36805106
2024-03-28T00:00:00Z,1822149.70191131
2024-03-27T00:00:00Z,1821461.33147762
2024-03-26T00:00:00Z,1821875.00669481
2024-03-25T00:00:00Z,1825764.36684848
2024-03-24T00:00:00Z,1824140.62563877
2024-03-23T00:00:00Z,1823569.86914744
2024-03-22T00:00:00Z,1823664.85703347
2024-03-21T00:00:00Z,1824456.75107111
2024-03-20T00:00:00Z,1824455.67093131
2024-03-19T00:00:00Z,1825396.47954226
2024-03-18T00:00:00Z,1824693.73489613
2024-03-17T00:00:00Z,1824357.64076884
2024-03-16T00:00:00Z,1824494.8151586
2024-03-15T00:00:00Z,1826247.04631404
2024-03-14T00:00:00Z,1825188.64435563
2024-03-13T00:00:00Z,1824721.73979459
2024-03-12T00:00:00Z,1825338.78617993
2024-03-11T00:00:00Z,1825113.55731323
2024-03-10T00:00:00Z,1825501.03281071
2024-03-09T00:00:00Z,1825556.91207595
2024-03-08T00:00:00Z,1825602.07123971
2024-03-07T00:00:00Z,1825541.61422581
2024-03-06T00:00:00Z,1825677.72513215
2024-03-05T00:00:00Z,1825713.64385156
2024-03-04T00:00:00Z,1829194.45493344
2024-03-03T00:00:00Z,1826085.37841305
2024-03-02T00:00:00Z,1825182.20554379
2024-03-01T00:00:00Z,1826300.36785993
2024-02-29T00:00:00Z,1829758.32734148
2024-02-28T00:00:00Z,1829262.03319692
2024-02-27T00:00:00Z,1828425.5472669
2024-02-26T00:00:00Z,1829893.92751142
2024-02-25T00:00:00Z,1827291.41905236
2024-02-24T00:00:00Z,1827090.22960599
2024-02-23T00:00:00Z,1827365.53352792
2024-02-22T00:00:00Z,1828558.71750889
2024-02-21T00:00:00Z,1828589.96991507
2024-02-20T00:00:00Z,1828315.55474319
2024-02-19T00:00:00Z,1828341.23779142
2024-02-18T00:00:00Z,1828515.62317845
2024-02-17T00:00:00Z,1828567.94285987
2024-02-16T00:00:00Z,1828684.28578247
2024-02-15T00:00:00Z,1828898.77134742
2024-02-14T00:00:00Z,1829039.47378153
2024-02-13T00:00:00Z,1828282.19001565
2024-02-12T00:00:00Z,1828548.97506504
2024-02-11T00:00:00Z,1829022.73291031
2024-02-10T00:00:00Z,1829513.05587925
2024-02-09T00:00:00Z,1830380.14034315
2024-02-08T00:00:00Z,1830947.62975746
2024-02-07T00:00:00Z,1831401.00896945
2024-02-06T00:00:00Z,1830296.77755947
2024-02-05T00:00:00Z,1831161.08358631
2024-02-04T00:00:00Z,1832363.32908596
2024-02-03T00:00:00Z,1832374.16634827
2024-02-02T00:00:00Z,1832423.50567396
2024-02-01T00:00:00Z,1832225.26838811
2024-01-31T00:00:00Z,1835091.07275847
2024-01-30T00:00:00Z,1834419.95513071
2024-01-29T00:00:00Z,1835005.27182972
2024-01-28T00:00:00Z,1836107.55068661
2024-01-27T00:00:00Z,1835284.03776872
2024-01-26T00:00:00Z,1834961.07693762
2024-01-25T00:00:00Z,1835118.7356131
2024-01-24T00:00:00Z,1834223.99664734
2024-01-23T00:00:00Z,1834559.08870287
2024-01-22T00:00:00Z,1834770.4745544
2024-01-21T00:00:00Z,1834533.89015901
2024-01-20T00:00:00Z,1834295.42972174
2024-01-19T00:00:00Z,1834602.49759664
2024-01-18T00:00:00Z,1834899.32326137
2024-01-17T00:00:00Z,1834918.1027378
2024-01-16T00:00:00Z,1836233.42050967
2024-01-15T00:00:00Z,1835820.60992674
2024-01-14T00:00:00Z,1836587.68955326
2024-01-13T00:00:00Z,1836771.36781504
2024-01-12T00:00:00Z,1835754.94233849
2024-01-11T00:00:00Z,1836292.11429155
2024-01-10T00:00:00Z,1836273.19267526
2024-01-09T00:00:00Z,1836834.06897793
2024-01-08T00:00:00Z,1836616.53504301
2024-01-07T00:00:00Z,1836972.85959411
2024-01-06T00:00:00Z,1837154.68773389
2024-01-05T00:00:00Z,1836789.64136871
2024-01-04T00:00:00Z,1839305.08793593
2024-01-03T00:00:00Z,1838721.60318759
2024-01-02T00:00:00Z,1838436.23113025
2024-01-01T00:00:00Z,1842380.10152422
2023-12-31T00:00:00Z,1839946.14853694
2023-12-30T00:00:00Z,1846462.9216008
2023-12-29T00:00:00Z,1859689.82365629
2023-12-28T00:00:00Z,1853838.75176613
2023-12-27T00:00:00Z,1849747.39312428
2023-12-26T00:00:00Z,1847993.91546737
2023-12-25T00:00:00Z,1845247.61723962
2023-12-24T00:00:00Z,1856318.98207655
2023-12-23T00:00:00Z,1852414.44161032
2023-12-22T00:00:00Z,1849688.94228652
2023-12-21T00:00:00Z,1846640.01297361
2023-12-20T00:00:00Z,1843824.00086721
2023-12-19T00:00:00Z,1843693.35938988
2023-12-18T00:00:00Z,1840962.66738389
2023-12-17T00:00:00Z,1841237.84076469
2023-12-16T00:00:00Z,1843174.96617646
2023-12-15T00:00:00Z,1840234.34765152
2023-12-14T00:00:00Z,1840251.44265676
2023-12-13T00:00:00Z,1839809.64805586
2023-12-12T00:00:00Z,1840647.52826985
2023-12-11T00:00:00Z,1838935.71064235
2023-12-10T00:00:00Z,1839066.20027002
2023-12-09T00:00:00Z,1839820.63429454
2023-12-08T00:00:00Z,1840859.43847635
2023-12-07T00:00:00Z,1840000.26809221
2023-12-06T00:00:00Z,1843028.06198574
2023-12-05T00:00:00Z,1847236.14993109
2023-12-04T00:00:00Z,1843767.23652596
2023-12-03T00:00:00Z,1844388.11877138
2023-12-02T00:00:00Z,1843439.36805569
2023-12-01T00:00:00Z,1842784.09334571
2023-11-30T00:00:00Z,1842428.58177267
2023-11-29T00:00:00Z,1843360.8044862
2023-11-28T00:00:00Z,1842945.38576817
2023-11-27T00:00:00Z,1843104.6014355
2023-11-26T00:00:00Z,1843253.79704115
2023-11-25T00:00:00Z,1843094.06504774
2023-11-24T00:00:00Z,1842940.83303094
2023-11-23T00:00:00Z,1842927.93488135
2023-11-22T00:00:00Z,1843734.28902635
2023-11-21T00:00:00Z,1843765.19991747
2023-11-20T00:00:00Z,1843284.67361459
2023-11-19T00:00:00Z,1844567.48738452
2023-11-18T00:00:00Z,1843718.7452842
2023-11-17T00:00:00Z,1842910.2198106
2023-11-16T00:00:00Z,1844700.1468117
2023-11-15T00:00:00Z,1844363.94518328
2023-11-14T00:00:00Z,1844086.4461925
2023-11-13T00:00:00Z,1843618.0764035
2023-11-12T00:00:00Z,1843716.56543779
2023-11-11T00:00:00Z,1843727.24992523
2023-11-10T00:00:00Z,1844093.37206971
2023-11-09T00:00:00Z,1866478.60975117
2023-11-08T00:00:00Z,1857026.35197238
2023-11-07T00:00:00Z,1848306.73478748
2023-11-06T00:00:00Z,1843739.91080731
2023-11-05T00:00:00Z,1844172.44356032
2023-11-04T00:00:00Z,1844979.85421281
2023-11-03T00:00:00Z,1844604.29040369
2023-11-02T00:00:00Z,1844177.33887764
2023-11-01T00:00:00Z,1846447.88539103
2023-10-31T00:00:00Z,1845448.91049627
2023-10-30T00:00:00Z,1845825.35670479
2023-10-29T00:00:00Z,1846343.16608718
2023-10-28T00:00:00Z,1845722.02027391
2023-10-27T00:00:00Z,1845690.67772464
2023-10-26T00:00:00Z,1844442.20314214
2023-10-25T00:00:00Z,1845102.91822657
2023-10-24T00:00:00Z,1846142.63763239
2023-10-23T00:00:00Z,1848113.71147002
2023-10-22T00:00:00Z,1846480.25485465
2023-10-21T00:00:00Z,1846170.59420281
2023-10-20T00:00:00Z,1846539.68423595
2023-10-19T00:00:00Z,1844098.86135195
2023-10-18T00:00:00Z,1843792.73350817
2023-10-17T00:00:00Z,1843203.54634996
2023-10-16T00:00:00Z,1843633.66361457
2023-10-15T00:00:00Z,1843997.30548931
2023-10-14T00:00:00Z,1843427.71985034
2023-10-13T00:00:00Z,1843668.30637025
2023-10-12T00:00:00Z,1843577.82302955
2023-10-11T00:00:00Z,1845143.05909099
2023-10-10T00:00:00Z,1843740.30924336
2023-10-09T00:00:00Z,1843685.67163438
2023-10-08T00:00:00Z,1843643.9933363
2023-10-07T00:00:00Z,1843981.56382817
2023-10-06T00:00:00Z,1843246.24528033
2023-10-05T00:00:00Z,1843048.07080605
2023-10-04T00:00:00Z,1843132.11075303
2023-10-03T00:00:00Z,1842873.03407557
2023-10-02T00:00:00Z,1842755.12079533
2023-10-01T00:00:00Z,1843249.02804903
2023-09-30T00:00:00Z,1842505.60709803
2023-09-29T00:00:00Z,1842686.76795237
2023-09-28T00:00:00Z,1842878.9412478
2023-09-27T00:00:00Z,1842741.47478767
2023-09-26T00:00:00Z,1842598.61248188
2023-09-25T00:00:00Z,1842715.69019308
2023-09-24T00:00:00Z,1842475.28875862
2023-09-23T00:00:00Z,1842514.8967351
2023-09-22T00:00:00Z,1842600.51991177
2023-09-21T00:00:00Z,1843154.60257957
2023-09-20T00:00:00Z,1843128.45748708
2023-09-19T00:00:00Z,1843408.1980505
2023-09-18T00:00:00Z,1843530.90153011
2023-09-17T00:00:00Z,1843238.53937211
2023-09-16T00:00:00Z,1843083.30580393
2023-09-15T00:00:00Z,1843776.62869418
2023-09-14T00:00:00Z,1842568.96067538
2023-09-13T00:00:00Z,1842721.67941703
2023-09-12T00:00:00Z,1842844.50684257
2023-09-11T00:00:00Z,1842490.45195216
2023-09-10T00:00:00Z,1842904.83834088
2023-09-09T00:00:00Z,1842268.71097535
2023-09-08T00:00:00Z,1842160.20267241
2023-09-07T00:00:00Z,1842598.8419049
2023-09-06T00:00:00Z,1842754.74144203
2023-09-05T00:00:00Z,1841923.7574551
2023-09-04T00:00:00Z,1842069.23882228
2023-09-03T00:00:00Z,1841718.97903642
2023-09-02T00:00:00Z,1841641.862457
2023-09-01T00:00:00Z,1841341.14838659
2023-08-31T00:00:00Z,1843098.33431786
2023-08-30T00:00:00Z,1842752.02735609
2023-08-29T00:00:00Z,1842125.03884415
2023-08-28T00:00:00Z,1843859.94605793
2023-08-27T00:00:00Z,1843760.47588487
2023-08-26T00:00:00Z,1845519.99656843
2023-08-25T00:00:00Z,1845005.05957665
2023-08-24T00:00:00Z,1845039.37210748
2023-08-23T00:00:00Z,1846372.26787728
2023-08-22T00:00:00Z,1847001.84551131
2023-08-21T00:00:00Z,1846722.03262444
2023-08-20T00:00:00Z,1846639.17685813
2023-08-19T00:00:00Z,1846322.09679769
2023-08-18T00:00:00Z,1846625.67706426
2023-08-17T00:00:00Z,1847022.05222443
2023-08-16T00:00:00Z,1846210.78735297
2023-08-15T00:00:00Z,1846232.31617324
2023-08-14T00:00:00Z,1845975.98554879
2023-08-13T00:00:00Z,1846846.31856716
2023-08-12T00:00:00Z,1846844.66284643
2023-08-11T00:00:00Z,1845863.60397514
2023-08-10T00:00:00Z,1846448.56331705
2023-08-09T00:00:00Z,1846098.28622681
2023-08-08T00:00:00Z,1846023.41680994
2023-08-07T00:00:00Z,1845964.31417852
2023-08-06T00:00:00Z,1845717.67077696
2023-08-05T00:00:00Z,1845465.07058985
2023-08-04T00:00:00Z,1846609.74464895
2023-08-03T00:00:00Z,1845826.30462785
2023-08-02T00:00:00Z,1845300.49465376
2023-08-01T00:00:00Z,1845547.11090779
2023-07-31T00:00:00Z,1845032.3146234
2023-07-30T00:00:00Z,1845542.60076206
2023-07-29T00:00:00Z,1845082.3170207
2023-07-28T00:00:00Z,1844892.25174647
2023-07-27T00:00:00Z,1844984.5644247
2023-07-26T00:00:00Z,1845553.48458377
2023-07-25T00:00:00Z,1845733.65438324
2023-07-24T00:00:00Z,1845186.64546983
2023-07-23T00:00:00Z,1844603.13107261
2023-07-22T00:00:00Z,1844405.40452993
2023-07-21T00:00:00Z,1844712.85424416
2023-07-20T00:00:00Z,1844473.3778066
2023-07-19T00:00:00Z,1844390.30674144
2023-07-18T00:00:00Z,1844375.81619475
2023-07-17T00:00:00Z,1844210.3552728
2023-07-16T00:00:00Z,1844567.89864921
2023-07-15T00:00:00Z,1844266.18911658
2023-07-14T00:00:00Z,1843807.03114446
2023-07-13T00:00:00Z,1843973.10688859
2023-07-12T00:00:00Z,1844983.03434524
2023-07-11T00:00:00Z,1845309.04589657
2023-07-10T00:00:00Z,1844158.0377479
2023-07-09T00:00:00Z,1844129.02412772
2023-07-08T00:00:00Z,1844479.55799428
2023-07-07T00:00:00Z,1843737.29910511
2023-07-06T00:00:00Z,1843708.83760308
2023-07-05T00:00:00Z,1843958.35703321
2023-07-04T00:00:00Z,1843837.75400525
2023-07-03T00:00:00Z,1844186.8803078
2023-07-02T00:00:00Z,1843655.49433527
2023-07-01T00:00:00Z,1843429.10662013
2023-06-30T00:00:00Z,1843964.03658857
2023-06-29T00:00:00Z,1843281.07787166
2023-06-28T00:00:00Z,1844518.25352155
2023-06-27T00:00:00Z,1843958.26882219
2023-06-26T00:00:00Z,1843674.72311608
2023-06-25T00:00:00Z,1844289.49590586
2023-06-24T00:00:00Z,1844141.20037381
2023-06-23T00:00:00Z,1845668.22832569
2023-06-22T00:00:00Z,1844123.82316121
2023-06-21T00:00:00Z,1845562.18959537
2023-06-20T00:00:00Z,1844749.22243933
2023-06-19T00:00:00Z,1845834.11913098
2023-06-18T00:00:00Z,1846061.16656387
2023-06-17T00:00:00Z,1845695.51251771
2023-06-16T00:00:00Z,1845983.47128251
2023-06-15T00:00:00Z,1845828.00761117
2023-06-14T00:00:00Z,1847904.308834
2023-06-13T00:00:00Z,1848128.26466468
2023-06-12T00:00:00Z,1848256.28608224
2023-06-11T00:00:00Z,1848833.43441249
2023-06-10T00:00:00Z,1848535.71370222
2023-06-09T00:00:00Z,1848204.39383496
2023-06-08T00:00:00Z,1847529.89761515
2023-06-07T00:00:00Z,1848733.24254045
2023-06-06T00:00:00Z,1848330.57569653
2023-06-05T00:00:00Z,1848619.34206303
2023-06-04T00:00:00Z,1847424.58259172
2023-06-03T00:00:00Z,1847111.43268261
2023-06-02T00:00:00Z,1849631.51620967
2023-06-01T00:00:00Z,1849376.46881463
2023-05-31T00:00:00Z,1849893.04237714
2023-05-30T00:00:00Z,1851526.46670173
2023-05-29T00:00:00Z,1851466.64490448
2023-05-28T00:00:00Z,1844284.70910589
2023-05-27T00:00:00Z,1843900.16581211
2023-05-26T00:00:00Z,1844112.04904101
2023-05-25T00:00:00Z,1844149.56433534
2023-05-24T00:00:00Z,1845557.34033595
2023-05-23T00:00:00Z,1845716.51461215
2023-05-22T00:00:00Z,1845499.63043435
2023-05-21T00:00:00Z,1845612.41164641
2023-05-20T00:00:00Z,1845335.90568148
2023-05-19T00:00:00Z,1845374.17814201
2023-05-18T00:00:00Z,1845287.7251918
2023-05-17T00:00:00Z,1847151.51253632
2023-05-16T00:00:00Z,1847223.48204221
2023-05-15T00:00:00Z,1847480.38119947
2023-05-14T00:00:00Z,1847024.32283439
2023-05-13T00:00:00Z,1846703.74637278
2023-05-12T00:00:00Z,1846641.02458614
2023-05-11T00:00:00Z,1846505.64167961
2023-05-10T00:00:00Z,1846351.15456226
2023-05-09T00:00:00Z,1845725.24803536
2023-05-08T00:00:00Z,1847046.52484552
2023-05-07T00:00:00Z,1845643.44681916
2023-05-06T00:00:00Z,1844942.69493053
2023-05-05T00:00:00Z,1844639.19313382
2023-05-04T00:00:00Z,1844711.92077318
2023-05-03T00:00:00Z,1844847.33695757
2023-05-02T00:00:00Z,1844715.97574478
2023-05-01T00:00:00Z,1844563.49245413
2023-04-30T00:00:00Z,1844229.28689668
2023-04-29T00:00:00Z,1844191.59991206
2023-04-28T00:00:00Z,1844001.01948762
2023-04-27T00:00:00Z,1845500.28824551
2023-04-26T00:00:00Z,1845599.64350035
2023-04-25T00:00:00Z,1845709.64803651
2023-04-24T00:00:00Z,1845180.40626109
2023-04-23T00:00:00Z,1845295.9561743
2023-04-22T00:00:00Z,1845096.35868062
2023-04-21T00:00:00Z,1845109.84880268
2023-04-20T00:00:00Z,1850826.10982807
2023-04-19T00:00:00Z,1850872.60553168
2023-04-18T00:00:00Z,1851320.28326284
2023-04-17T00:00:00Z,1850522.68909914
2023-04-16T00:00:00Z,1850209.47084017
2023-04-15T00:00:00Z,1850212.08706356
2023-04-14T00:00:00Z,1850109.38589151
2023-04-13T00:00:00Z,1850496.75825571
2023-04-12T00:00:00Z,1850411.92169481
2023-04-11T00:00:00Z,1850516.66894724
2023-04-10T00:00:00Z,1850283.46377569
2023-04-09T00:00:00Z,1850820.10649535
2023-04-08T00:00:00Z,1850700.7597081
2023-04-07T00:00:00Z,1850504.6942514
2023-04-06T00:00:00Z,1850533.39687371
2023-04-05T00:00:00Z,1850419.36934364
2023-04-04T00:00:00Z,1850394.27649413
2023-04-03T00:00:00Z,1850202.91529473
2023-04-02T00:00:00Z,1850245.94809182
2023-04-01T00:00:00Z,1850194.93364919
2023-03-31T00:00:00Z,1850300.61253017
2023-03-30T00:00:00Z,1850098.60775912
2023-03-29T00:00:00Z,1850378.84748348
2023-03-28T00:00:00Z,1850089.30364256
2023-03-27T00:00:00Z,1850166.76033751
2023-03-26T00:00:00Z,1850087.02932761
2023-03-25T00:00:00Z,1850090.17303165
2023-03-24T00:00:00Z,1849944.5655911
2023-03-23T00:00:00Z,1849856.41879393
2023-03-22T00:00:00Z,1849495.01764914
2023-03-21T00:00:00Z,1849589.85275898
2023-03-20T00:00:00Z,1849570.23746684
2023-03-19T00:00:00Z,1850199.65368927
2023-03-18T00:00:00Z,1850048.32597222
2023-03-17T00:00:00Z,1850327.6890792
2023-03-16T00:00:00Z,1850443.54367002
2023-03-15T00:00:00Z,1850510.92044345
2023-03-14T00:00:00Z,1850699.44602334
2023-03-13T00:00:00Z,1850847.38309786
2023-03-12T00:00:00Z,1850713.92219912
2023-03-11T00:00:00Z,1850540.70244915
2023-03-10T00:00:00Z,1851606.86780413
2023-03-09T00:00:00Z,1851765.31215172
2023-03-08T00:00:00Z,1851627.20262327
2023-03-07T00:00:00Z,1848460.9708575
2023-03-06T00:00:00Z,1848199.2254108
2023-03-05T00:00:00Z,1849140.31101049
2023-03-04T00:00:00Z,1850067.6444185
2023-03-03T00:00:00Z,1849812.04233414
2023-03-02T00:00:00Z,1849466.89217962
2023-03-01T00:00:00Z,1848946.05062178
2023-02-28T00:00:00Z,1850905.0176332
2023-02-27T00:00:00Z,1851215.85496075
2023-02-26T00:00:00Z,1851578.70936472
2023-02-25T00:00:00Z,1851382.33688414
2023-02-24T00:00:00Z,1851667.35084039
2023-02-23T00:00:00Z,1852109.5250462
2023-02-22T00:00:00Z,1851522.2752547
2023-02-21T00:00:00Z,1851495.99658684
2023-02-20T00:00:00Z,1850961.8942546
2023-02-19T00:00:00Z,1851117.65720981
2023-02-18T00:00:00Z,1850960.12959765
2023-02-17T00:00:00Z,1850998.98505321
2023-02-16T00:00:00Z,1851086.4168213
2023-02-15T00:00:00Z,1850741.63059354
2023-02-14T00:00:00Z,1850401.13435698
2023-02-13T00:00:00Z,1851076.5248632
2023-02-12T00:00:00Z,1850546.85253824
2023-02-11T00:00:00Z,1850471.17130316
2023-02-10T00:00:00Z,1850423.79849071
2023-02-09T00:00:00Z,1854597.36018368
2023-02-08T00:00:00Z,1852517.17227995
2023-02-07T00:00:00Z,1850923.91442105
2023-02-06T00:00:00Z,1849720.2779829
2023-02-05T00:00:00Z,1849910.80925249
2023-02-04T00:00:00Z,1849615.79436765
2023-02-03T00:00:00Z,1849487.35568083
2023-02-02T00:00:00Z,1849832.29712978
2023-02-01T00:00:00Z,1849551.64840109
2023-01-31T00:00:00Z,1849779.81929802
2023-01-30T00:00:00Z,1850015.98081717
2023-01-29T00:00:00Z,1850711.96031396
2023-01-28T00:00:00Z,1850223.32636375
2023-01-27T00:00:00Z,1850276.64340804
2023-01-26T00:00:00Z,1849654.75118518
2023-01-25T00:00:00Z,1849801.52896139
2023-01-24T00:00:00Z,1849360.05694492
2023-01-23T00:00:00Z,1849173.27226416
2023-01-22T00:00:00Z,1849750.46203305
2023-01-21T00:00:00Z,1849540.73825798
2023-01-20T00:00:00Z,1850207.99089407
2023-01-19T00:00:00Z,1850193.2547608
2023-01-18T00:00:00Z,1852644.41667333
2023-01-17T00:00:00Z,1853515.61619183
2023-01-16T00:00:00Z,1856428.36363924
2023-01-15T00:00:00Z,1856253.9569133
2023-01-14T00:00:00Z,1856507.36284327
2023-01-13T00:00:00Z,1860280.76402243
2023-01-12T00:00:00Z,1860931.43294642
2023-01-11T00:00:00Z,1860660.38167221
2023-01-10T00:00:00Z,1860600.4857131
2023-01-09T00:00:00Z,1860585.0135095
2023-01-08T00:00:00Z,1860209.80155232
2023-01-07T00:00:00Z,1859970.52874604
2023-01-06T00:00:00Z,1859918.22439766
2023-01-05T00:00:00Z,1860364.64872852
2023-01-04T00:00:00Z,1859307.37548979
2023-01-03T00:00:00Z,1860624.90044153
2023-01-02T00:00:00Z,1855872.09048153
2023-01-01T00:00:00Z,1855559.5438872
2022-12-31T00:00:00Z,1855409.99538634
2022-12-30T00:00:00Z,1855603.48509203
2022-12-29T00:00:00Z,1855472.39661327
2022-12-28T00:00:00Z,1855586.37179701
2022-12-27T00:00:00Z,1855220.63222001
2022-12-26T00:00:00Z,1855107.92903179
2022-12-25T00:00:00Z,1855041.62570053
2022-12-24T00:00:00Z,1854715.66503721
2022-12-23T00:00:00Z,1855634.54599718
2022-12-22T00:00:00Z,1854909.17026351
2022-12-21T00:00:00Z,1854777.91495809
2022-12-20T00:00:00Z,1855058.82473376
2022-12-19T00:00:00Z,1855034.12623911
2022-12-18T00:00:00Z,1854724.43391661
2022-12-17T00:00:00Z,1854580.33204141
2022-12-16T00:00:00Z,1855001.86620343
2022-12-15T00:00:00Z,1854542.78478149
2022-12-14T00:00:00Z,1851306.0129195
2022-12-13T00:00:00Z,1851991.15118608
2022-12-12T00:00:00Z,1850541.00624847
2022-12-11T00:00:00Z,1850487.43596565
2022-12-10T00:00:00Z,1850421.01015315
2022-12-09T00:00:00Z,1850729.16270726
2022-12-08T00:00:00Z,1850419.56071142
2022-12-07T00:00:00Z,1850078.31759338
2022-12-06T00:00:00Z,1850110.53178666
2022-12-05T00:00:00Z,1849966.55661872
2022-12-04T00:00:00Z,1849644.51222396
2022-12-03T00:00:00Z,1849803.88924243
2022-12-02T00:00:00Z,1849933.05058905
2022-12-01T00:00:00Z,1849925.93126143
2022-11-30T00:00:00Z,1849675.96848169
2022-11-29T00:00:00Z,1850188.22211196
2022-11-28T00:00:00Z,1848088.55768214
2022-11-27T00:00:00Z,1847883.24732762
2022-11-26T00:00:00Z,1851211.05048433
2022-11-25T00:00:00Z,1848996.02716382
2022-11-24T00:00:00Z,1848345.4089848
2022-11-23T00:00:00Z,1848767.74535459
2022-11-22T00:00:00Z,1849579.31551882
2022-11-21T00:00:00Z,1849040.6197975
2022-11-20T00:00:00Z,1848578.98103395
2022-11-19T00:00:00Z,1848247.51069226
2022-11-18T00:00:00Z,1848353.09525098
2022-11-17T00:00:00Z,1849103.21332896
2022-11-16T00:00:00Z,1849416.57576778
2022-11-15T00:00:00Z,1848743.85232407
2022-11-14T00:00:00Z,1848671.93075974
2022-11-13T00:00:00Z,1848080.82068258
2022-11-12T00:00:00Z,1848405.77963249
2022-11-11T00:00:00Z,1849693.98668417
2022-11-10T00:00:00Z,1850177.40482092
2022-11-09T00:00:00Z,1854205.50056679
2022-11-08T00:00:00Z,1858628.67371624
2022-11-07T00:00:00Z,1859185.73464506
2022-11-06T00:00:00Z,1857412.82538792
2022-11-05T00:00:00Z,1857198.87747905
2022-11-04T00:00:00Z,1857088.37004237
2022-11-03T00:00:00Z,1856480.69697599
2022-11-02T00:00:00Z,1856552.93516633
2022-11-01T00:00:00Z,1856587.80350305
2022-10-31T00:00:00Z,1856762.65744076
2022-10-30T00:00:00Z,1856451.29560054
2022-10-29T00:00:00Z,1855815.40614466
2022-10-28T00:00:00Z,1855738.04167561
2022-10-27T00:00:00Z,1855786.65880519
2022-10-26T00:00:00Z,1855845.79539543
2022-10-25T00:00:00Z,1856166.29837359
2022-10-24T00:00:00Z,1856279.74828688
2022-10-23T00:00:00Z,1856261.42510665
2022-10-22T00:00:00Z,1855799.89555195
2022-10-21T00:00:00Z,1855830.3926096
2022-10-20T00:00:00Z,1855312.88853071
2022-10-19T00:00:00Z,1855329.53781477
2022-10-18T00:00:00Z,1857476.00730869
2022-10-17T00:00:00Z,1857605.14059171
2022-10-16T00:00:00Z,1857813.45219558
2022-10-15T00:00:00Z,1857528.20694606
2022-10-14T00:00:00Z,1857330.31322212
2022-10-13T00:00:00Z,1857067.57501856
2022-10-12T00:00:00Z,1856905.74876629
2022-10-11T00:00:00Z,1859747.51479437
2022-10-10T00:00:00Z,1859489.7452364
2022-10-09T00:00:00Z,1859368.99406294
2022-10-08T00:00:00Z,1859173.98557442
2022-10-07T00:00:00Z,1859270.8932873
2022-10-06T00:00:00Z,1858850.66420874
2022-10-05T00:00:00Z,1858613.18185751
2022-10-04T00:00:00Z,1859073.16854555
2022-10-03T00:00:00Z,1858917.74990986
2022-10-02T00:00:00Z,1859099.02729967
2022-10-01T00:00:00Z,1858990.29981806
2022-09-30T00:00:00Z,1859093.05930516
2022-09-29T00:00:00Z,1859049.35873313
2022-09-28T00:00:00Z,1859696.04469775
2022-09-27T00:00:00Z,1859300.28884758
2022-09-26T00:00:00Z,1859013.47122443
2022-09-25T00:00:00Z,1859239.66680021
2022-09-24T00:00:00Z,1859115.84668181
2022-09-23T00:00:00Z,1859120.37200218
2022-09-22T00:00:00Z,1859227.67722959
2022-09-21T00:00:00Z,1859375.59132794
2022-09-20T00:00:00Z,1859638.71475743
2022-09-19T00:00:00Z,1860150.42500183
2022-09-18T00:00:00Z,1859602.20224005
2022-09-17T00:00:00Z,1859855.83371782
2022-09-16T00:00:00Z,1859889.01296409
2022-09-15T00:00:00Z,1858877.48205068
2022-09-14T00:00:00Z,1859247.56268211
2022-09-13T00:00:00Z,1859194.56039989
2022-09-12T00:00:00Z,1859700.32361777
2022-09-11T00:00:00Z,1860086.72207044
2022-09-10T00:00:00Z,1859676.76077281
2022-09-09T00:00:00Z,1859765.76198116
2022-09-08T00:00:00Z,1859754.82601571
2022-09-07T00:00:00Z,1859913.76500563
2022-09-06T00:00:00Z,1859300.92275378
2022-09-05T00:00:00Z,1859057.41113107
2022-09-04T00:00:00Z,1859092.62748934
2022-09-03T00:00:00Z,1858899.40733262
2022-09-02T00:00:00Z,1858952.65324266
2022-09-01T00:00:00Z,1863005.83791578
2022-08-31T00:00:00Z,1863233.03973127
2022-08-30T00:00:00Z,1862784.87763018
2022-08-29T00:00:00Z,1863227.01322999
2022-08-28T00:00:00Z,1863602.99402546
2022-08-27T00:00:00Z,1862959.03510287
2022-08-26T00:00:00Z,1863449.20173517
2022-08-25T00:00:00Z,1863188.87748929
2022-08-24T00:00:00Z,1864667.73599811
2022-08-23T00:00:00Z,1863938.48429116
2022-08-22T00:00:00Z,1863933.59400003
2022-08-21T00:00:00Z,1864340.96731099
2022-08-20T00:00:00Z,1863160.58772668
2022-08-19T00:00:00Z,1862930.86099225
2022-08-18T00:00:00Z,1863508.95237225
2022-08-17T00:00:00Z,1862281.15142614
2022-08-16T00:00:00Z,1862422.16479234
2022-08-15T00:00:00Z,1862504.84980791
2022-08-14T00:00:00Z,1862604.130131
2022-08-13T00:00:00Z,1862643.82271736
2022-08-12T00:00:00Z,1862818.76628842
2022-08-11T00:00:00Z,1862993.47802071
2022-08-10T00:00:00Z,1862864.58056746
2022-08-09T00:00:00Z,1862185.66706486
2022-08-08T00:00:00Z,1862746.290176
2022-08-07T00:00:00Z,1862701.29644283
2022-08-06T00:00:00Z,1862363.46059042
2022-08-05T00:00:00Z,1862296.33253316
2022-08-04T00:00:00Z,1861875.72361417
2022-08-03T00:00:00Z,1861716.31755132
2022-08-02T00:00:00Z,1862356.66672184
2022-08-01T00:00:00Z,1861899.38843762
2022-07-31T00:00:00Z,1862217.38219214
2022-07-30T00:00:00Z,1862035.97387067
2022-07-29T00:00:00Z,1862277.38556278
2022-07-28T00:00:00Z,1861687.01845845
2022-07-27T00:00:00Z,1863903.57852981
2022-07-26T00:00:00Z,1862154.19363057
2022-07-25T00:00:00Z,1859318.47195514
2022-07-24T00:00:00Z,1858551.18790723
2022-07-23T00:00:00Z,1857767.4138413
2022-07-22T00:00:00Z,1857091.08390914
2022-07-21T00:00:00Z,1857619.00296223
2022-07-20T00:00:00Z,1857412.36729715
2022-07-19T00:00:00Z,1857533.69914631
2022-07-18T00:00:00Z,1858300.87611563
2022-07-17T00:00:00Z,1857464.48434807
2022-07-16T00:00:00Z,1857496.58283051
2022-07-15T00:00:00Z,1856835.30855186
2022-07-14T00:00:00Z,1856770.72444367
2022-07-13T00:00:00Z,1856427.77622894
2022-07-12T00:00:00Z,1856949.33829892
2022-07-11T00:00:00Z,1856494.22177063
2022-07-10T00:00:00Z,1856301.3622663
2022-07-09T00:00:00Z,1856119.85853193
2022-07-08T00:00:00Z,1855282.02892787
2022-07-07T00:00:00Z,1855347.56334341
2022-07-06T00:00:00Z,1854603.02364073
2022-07-05T00:00:00Z,1854676.06637004
2022-07-04T00:00:00Z,1854698.12545633
2022-07-03T00:00:00Z,1854708.83569533
2022-07-02T00:00:00Z,1854493.79995888
2022-07-01T00:00:00Z,1854552.13484184
2022-06-30T00:00:00Z,1855045.73651823
2022-06-29T00:00:00Z,1853316.90344017
2022-06-28T00:00:00Z,1853005.3859918
2022-06-27T00:00:00Z,1852509.86153926
2022-06-26T00:00:00Z,1852947.13113655
2022-06-25T00:00:00Z,1852830.22760847
2022-06-24T00:00:00Z,1852709.12047159
2022-06-23T00:00:00Z,1852631.97713451
2022-06-22T00:00:00Z,1852772.05837568
2022-06-21T00:00:00Z,1857806.39620798
2022-06-20T00:00:00Z,1857849.24683537
2022-06-19T00:00:00Z,1858227.53472945
2022-06-18T00:00:00Z,1858022.15231359
2022-06-17T00:00:00Z,1858063.7166086
2022-06-16T00:00:00Z,1854999.94985015
2022-06-15T00:00:00Z,1857322.31925937
2022-06-14T00:00:00Z,1856224.74677347
2022-06-13T00:00:00Z,1856292.85834096
2022-06-12T00:00:00Z,1851476.63255648
2022-06-11T00:00:00Z,1851756.05126002
2022-06-10T00:00:00Z,1851710.78467475
2022-06-09T00:00:00Z,1851563.57958859
2022-06-08T00:00:00Z,1851740.87082415
2022-06-07T00:00:00Z,1851925.87182771
2022-06-06T00:00:00Z,1851340.950673
2022-06-05T00:00:00Z,1851360.76089183
2022-06-04T00:00:00Z,1851246.21197969
2022-06-03T00:00:00Z,1851650.5193838
2022-06-02T00:00:00Z,1851216.62645364
2022-06-01T00:00:00Z,1851019.4449833
2022-05-31T00:00:00Z,1851149.98021508
2022-05-30T00:00:00Z,1851757.8798304
2022-05-29T00:00:00Z,1851743.32988791
2022-05-28T00:00:00Z,1851944.63398032
2022-05-27T00:00:00Z,1851941.00493096
2022-05-26T00:00:00Z,1851704.95272769
2022-05-25T00:00:00Z,1852095.5262907
2022-05-24T00:00:00Z,1852952.9448694
2022-05-23T00:00:00Z,1852352.40190761
2022-05-22T00:00:00Z,1849884.29156773
2022-05-21T00:00:00Z,1850102.11910377
2022-05-20T00:00:00Z,1849904.8221574
2022-05-19T00:00:00Z,1850186.10348437
2022-05-18T00:00:00Z,1849481.8151668
2022-05-17T00:00:00Z,1849623.13600123
2022-05-16T00:00:00Z,1848035.08153168
2022-05-15T00:00:00Z,1847568.23492953
2022-05-14T00:00:00Z,1847452.79590744
2022-05-13T00:00:00Z,1847242.7494375
2022-05-12T00:00:00Z,1848973.87640987
2022-05-11T00:00:00Z,1850926.94150585
2022-05-10T00:00:00Z,1850905.80059588
2022-05-09T00:00:00Z,1852561.37436334
2022-05-08T00:00:00Z,1853675.64319496
2022-05-07T00:00:00Z,1855005.66874653
2022-05-06T00:00:00Z,1855546.10389609
2022-05-05T00:00:00Z,1857310.06502628
2022-05-04T00:00:00Z,1857341.71512188
2022-05-03T00:00:00Z,1857207.01019986
2022-05-02T00:00:00Z,1857074.04893056
2022-05-01T00:00:00Z,1857088.81525653
2022-04-30T00:00:00Z,1856991.62762606
2022-04-29T00:00:00Z,1856751.27196483
2022-04-28T00:00:00Z,1856584.82737162
2022-04-27T00:00:00Z,1856390.33649346
2022-04-26T00:00:00Z,1858700.9883497
2022-04-25T00:00:00Z,1858345.04090709
2022-04-24T00:00:00Z,1862724.6822825
2022-04-23T00:00:00Z,1862379.11213845
2022-04-22T00:00:00Z,1862258.40169114
2022-04-21T00:00:00Z,1862207.16984535
2022-04-20T00:00:00Z,1861581.99483128
2022-04-19T00:00:00Z,1861013.03905673
2022-04-18T00:00:00Z,1859804.82116882
2022-04-17T00:00:00Z,1859435.83506038
2022-04-16T00:00:00Z,1859072.64823312
2022-04-15T00:00:00Z,1858790.59522527
2022-04-14T00:00:00Z,1858401.47011582
2022-04-13T00:00:00Z,1858319.11774958
2022-04-12T00:00:00Z,1857828.51385762
2022-04-11T00:00:00Z,1858172.36068557
2022-04-10T00:00:00Z,1858101.023321
2022-04-09T00:00:00Z,1857960.81286324
2022-04-08T00:00:00Z,1857663.87438062
2022-04-07T00:00:00Z,1857567.31802145
2022-04-06T00:00:00Z,1858345.15067344
2022-04-05T00:00:00Z,1858069.17849597
2022-04-04T00:00:00Z,1858000.87115949
2022-04-03T00:00:00Z,1858055.87196572
2022-04-02T00:00:00Z,1858054.27489844
2022-04-01T00:00:00Z,1857590.50668253
2022-03-31T00:00:00Z,1856633.95333007
2022-03-30T00:00:00Z,1856691.53044251
2022-03-29T00:00:00Z,1856696.07534878
2022-03-28T00:00:00Z,1856817.74861026
2022-03-27T00:00:00Z,1854963.83827486
2022-03-26T00:00:00Z,1854918.33754668
2022-03-25T00:00:00Z,1854696.89324942
2022-03-24T00:00:00Z,1854404.60088544
2022-03-23T00:00:00Z,1853570.78179271
2022-03-22T00:00:00Z,1853506.54871239
2022-03-21T00:00:00Z,1853332.66177725
2022-03-20T00:00:00Z,1853049.55506866
2022-03-19T00:00:00Z,1852983.68989806
2022-03-18T00:00:00Z,1852835.95085633
2022-03-17T00:00:00Z,1852651.47714978
2022-03-16T00:00:00Z,1852382.30181255
2022-03-15T00:00:00Z,1852264.66849628
2022-03-14T00:00:00Z,1851810.41995527
2022-03-13T00:00:00Z,1851042.06154397
2022-03-12T00:00:00Z,1850894.22147911
2022-03-11T00:00:00Z,1850056.60158547
2022-03-10T00:00:00Z,1849832.56916692
2022-03-09T00:00:00Z,1850114.06697008
2022-03-08T00:00:00Z,1850123.86540284
2022-03-07T00:00:00Z,1850061.5341671
2022-03-06T00:00:00Z,1850334.60356041
2022-03-05T00:00:00Z,1850271.04580872
2022-03-04T00:00:00Z,1850398.52524907
2022-03-03T00:00:00Z,1850389.52130053
2022-03-02T00:00:00Z,1850572.00146391
2022-03-01T00:00:00Z,1850235.14536636
2022-02-28T00:00:00Z,1850418.79434969
2022-02-27T00:00:00Z,1850442.81985911
2022-02-26T00:00:00Z,1850410.66604782
2022-02-25T00:00:00Z,1850511.16218724
2022-02-24T00:00:00Z,1851005.29468341
2022-02-23T00:00:00Z,1851663.35123677
2022-02-22T00:00:00Z,1851157.68343546
2022-02-21T00:00:00Z,1851183.16975478
2022-02-20T00:00:00Z,1851971.7400618
2022-02-19T00:00:00Z,1852232.68993791
2022-02-18T00:00:00Z,1852125.94683121
2022-02-17T00:00:00Z,1852293.37191457
2022-02-16T00:00:00Z,1852043.55680875
2022-02-15T00:00:00Z,1851885.04345637
2022-02-14T00:00:00Z,1852018.43388453
2022-02-13T00:00:00Z,1852203.26305334
2022-02-12T00:00:00Z,1852311.1394932
2022-02-11T00:00:00Z,1851823.50181089
2022-02-10T00:00:00Z,1852930.79759538
2022-02-09T00:00:00Z,1852802.32708324
2022-02-08T00:00:00Z,1852607.73555196
2022-02-07T00:00:00Z,1852667.08459729
2022-02-06T00:00:00Z,1850882.65639503
2022-02-05T00:00:00Z,1850889.05842211
2022-02-04T00:00:00Z,1850981.13023543
2022-02-03T00:00:00Z,1850877.18581499
2022-02-02T00:00:00Z,1850766.77545353
2022-02-01T00:00:00Z,1850577.78839185
2022-01-31T00:00:00Z,1850759.96364496
2022-01-30T00:00:00Z,1850781.4971438
2022-01-29T00:00:00Z,1850146.36854812
2022-01-28T00:00:00Z,1849183.23500173
2022-01-27T00:00:00Z,1849146.91573338
2022-01-26T00:00:00Z,1849433.83374113
2022-01-25T00:00:00Z,1849458.84305537
2022-01-24T00:00:00Z,1849937.54942014
2022-01-23T00:00:00Z,1849868.8659557
2022-01-22T00:00:00Z,1849619.28759821
2022-01-21T00:00:00Z,1849838.03568115
2022-01-20T00:00:00Z,1849977.22207705
2022-01-19T00:00:00Z,1849892.26068717
2022-01-18T00:00:00Z,1849257.90448711
2022-01-17T00:00:00Z,1849679.5657067
2022-01-16T00:00:00Z,1849711.92710582
2022-01-15T00:00:00Z,1849093.47559968
2022-01-14T00:00:00Z,1849048.94591552
2022-01-13T00:00:00Z,1848582.18007137
2022-01-12T00:00:00Z,1849070.41184117
2022-01-11T00:00:00Z,1849159.66881609
2022-01-10T00:00:00Z,1848550.22896032
2022-01-09T00:00:00Z,1848554.85275281
2022-01-08T00:00:00Z,1848817.83884849
2022-01-07T00:00:00Z,1848713.57446269
2022-01-06T00:00:00Z,1848574.12820695
2022-01-05T00:00:00Z,1842909.97216237
2022-01-04T00:00:00Z,1842880.20270486
2022-01-03T00:00:00Z,1842409.32620715
2022-01-02T00:00:00Z,1842545.86338671
2022-01-01T00:00:00Z,1842729.82772245
2021-12-31T00:00:00Z,1842401.67575148
2021-12-30T00:00:00Z,1842461.21797366
2021-12-29T00:00:00Z,1842221.11803525
2021-12-28T00:00:00Z,1842124.77951542
2021-12-27T00:00:00Z,1842173.91051658
2021-12-26T00:00:00Z,1842538.79170987
2021-12-25T00:00:00Z,1842598.47497634
2021-12-24T00:00:00Z,1842651.87275805
2021-12-23T00:00:00Z,1842232.78675185
2021-12-22T00:00:00Z,1842168.34589408
2021-12-21T00:00:00Z,1842381.63249988
2021-12-20T00:00:00Z,1842375.19009041
2021-12-19T00:00:00Z,1842397.02704038
2021-12-18T00:00:00Z,1842199.29285792
2021-12-17T00:00:00Z,1842153.16577012
2021-12-16T00:00:00Z,1842043.47828294
2021-12-15T00:00:00Z,1842065.05717538
2021-12-14T00:00:00Z,1841608.57858757
2021-12-13T00:00:00Z,1841649.39392532
2021-12-12T00:00:00Z,1841624.81137833
2021-12-11T00:00:00Z,1841547.99574373
2021-12-10T00:00:00Z,1843048.75908281
2021-12-09T00:00:00Z,1841524.42402665
2021-12-08T00:00:00Z,1841270.08419366
2021-12-07T00:00:00Z,1841016.81645604
2021-12-06T00:00:00Z,1840831.01153824
2021-12-05T00:00:00Z,1840284.68567631
2021-12-04T00:00:00Z,1840208.20071506
2021-12-03T00:00:00Z,1840625.75068727
2021-12-02T00:00:00Z,1839937.26643262
2021-12-01T00:00:00Z,1839804.45290847
2021-11-30T00:00:00Z,1839835.11832987
2021-11-29T00:00:00Z,1840114.6216704
2021-11-28T00:00:00Z,1839476.70873301
2021-11-27T00:00:00Z,1839406.84109731
2021-11-26T00:00:00Z,1839235.07691713
2021-11-25T00:00:00Z,1839370.685578
2021-11-24T00:00:00Z,1839332.36532336
2021-11-23T00:00:00Z,1839379.99186883
2021-11-22T00:00:00Z,1837292.33872509
2021-11-21T00:00:00Z,1836400.17176497
2021-11-20T00:00:00Z,1836398.36274641
2021-11-19T00:00:00Z,1836361.16661649
2021-11-18T00:00:00Z,1836236.19327152
2021-11-17T00:00:00Z,1836254.75790496
2021-11-16T00:00:00Z,1836017.35691914
2021-11-15T00:00:00Z,1835580.54742735
2021-11-14T00:00:00Z,1835486.19227014
2021-11-13T00:00:00Z,1835704.20035734
2021-11-12T00:00:00Z,1835609.30266743
2021-11-11T00:00:00Z,1837041.18294318
2021-11-10T00:00:00Z,1836953.02087639
2021-11-09T00:00:00Z,1837851.94351621
2021-11-08T00:00:00Z,1838067.18200953
2021-11-07T00:00:00Z,1838270.2694116
2021-11-06T00:00:00Z,1838015.49776304
2021-11-05T00:00:00Z,1837953.09489277
2021-11-04T00:00:00Z,1837967.56480945
2021-11-03T00:00:00Z,1837908.85815739
2021-11-02T00:00:00Z,1837453.53571188
2021-11-01T00:00:00Z,1837507.18515517
2021-10-31T00:00:00Z,1837605.86576775
2021-10-30T00:00:00Z,1837621.06509498
2021-10-29T00:00:00Z,1837843.82456627
2021-10-28T00:00:00Z,1838045.50803351
2021-10-27T00:00:00Z,1837465.37614939
2021-10-26T00:00:00Z,1837689.78015792
2021-10-25T00:00:00Z,1837424.65662911
2021-10-24T00:00:00Z,1835468.74320048
2021-10-23T00:00:00Z,1835249.50521448
2021-10-22T00:00:00Z,1835502.79090212
2021-10-21T00:00:00Z,1835158.76495544
2021-10-20T00:00:00Z,1835420.13270602
2021-10-19T00:00:00Z,1835673.80034691
2021-10-18T00:00:00Z,1835944.19357707
2021-10-17T00:00:00Z,1836092.43417744
2021-10-16T00:00:00Z,1835939.08757721
2021-10-15T00:00:00Z,1835758.03138437
2021-10-14T00:00:00Z,1836192.65709979
2021-10-13T00:00:00Z,1835936.34422992
2021-10-12T00:00:00Z,1836259.4799333
2021-10-11T00:00:00Z,1837597.31363059
2021-10-10T00:00:00Z,1837712.02169203
2021-10-09T00:00:00Z,1837628.48869208
2021-10-08T00:00:00Z,1835793.97688143
2021-10-07T00:00:00Z,1836004.87804268
2021-10-06T00:00:00Z,1835616.17613045
2021-10-05T00:00:00Z,1835504.24484519
2021-10-04T00:00:00Z,1837072.44265116
2021-10-03T00:00:00Z,1836727.17461716
2021-10-02T00:00:00Z,1836858.50259056
2021-10-01T00:00:00Z,1836472.08413405
2021-09-30T00:00:00Z,1836753.68851134
2021-09-29T00:00:00Z,1836956.09313534
2021-09-28T00:00:00Z,1836321.66841425
2021-09-27T00:00:00Z,1835868.03678134
2021-09-26T00:00:00Z,1835383.41557348
2021-09-25T00:00:00Z,1835416.59865698
2021-09-24T00:00:00Z,1835416.74115992
2021-09-23T00:00:00Z,1835844.21261337
2021-09-22T00:00:00Z,1835380.25896488
2021-09-21T00:00:00Z,1835481.08640918
2021-09-20T00:00:00Z,1835848.31241737
2021-09-19T00:00:00Z,1835791.500197
2021-09-18T00:00:00Z,1835753.34797517
2021-09-17T00:00:00Z,1835776.01687959
2021-09-16T00:00:00Z,1835370.01306476
2021-09-15T00:00:00Z,1836541.19778423
2021-09-14T00:00:00Z,1836136.36974309
2021-09-13T00:00:00Z,1835837.06385275
2021-09-12T00:00:00Z,1835575.70412779
2021-09-11T00:00:00Z,1834929.33625146
2021-09-10T00:00:00Z,1834668.92258565
2021-09-09T00:00:00Z,1834504.098892
2021-09-08T00:00:00Z,1834753.71438405
2021-09-07T00:00:00Z,1834720.3467643
2021-09-06T00:00:00Z,1835168.22421924
2021-09-05T00:00:00Z,1834305.19977309
2021-09-04T00:00:00Z,1834830.79916928
2021-09-03T00:00:00Z,1834516.57803197
2021-09-02T00:00:00Z,1834854.68281093
2021-09-01T00:00:00Z,1834473.60020822
2021-08-31T00:00:00Z,1834451.61230771
2021-08-30T00:00:00Z,1834651.49515762
2021-08-29T00:00:00Z,1835242.56329625
2021-08-28T00:00:00Z,1835094.57648606
2021-08-27T00:00:00Z,1835032.81328912
2021-08-26T00:00:00Z,1835726.89462252
2021-08-25T00:00:00Z,1834826.33988451
2021-08-24T00:00:00Z,1835033.32667394
2021-08-23T00:00:00Z,1835207.72353916
2021-08-22T00:00:00Z,1834907.06707443
2021-08-21T00:00:00Z,1834831.04101419
2021-08-20T00:00:00Z,1834862.79074226
2021-08-19T00:00:00Z,1834655.08955854
2021-08-18T00:00:00Z,1834452.68845848
2021-08-17T00:00:00Z,1834168.85618971
2021-08-16T00:00:00Z,1834551.38879786
2021-08-15T00:00:00Z,1834464.56489937
2021-08-14T00:00:00Z,1834334.76865332
2021-08-13T00:00:00Z,1834059.30950043
2021-08-12T00:00:00Z,1834400.4754487
2021-08-11T00:00:00Z,1833865.50865044
2021-08-10T00:00:00Z,1834065.63196608
2021-08-09T00:00:00Z,1834069.48048759
2021-08-08T00:00:00Z,1831597.3532824
2021-08-07T00:00:00Z,1832098.12511958
2021-08-06T00:00:00Z,1832067.1629525
2021-08-05T00:00:00Z,1832081.87147511
2021-08-04T00:00:00Z,1831803.33584772
2021-08-03T00:00:00Z,1831733.90839195
2021-08-02T00:00:00Z,1831239.90049157
2021-08-01T00:00:00Z,1831425.29760463
2021-07-31T00:00:00Z,1831846.16448397
2021-07-30T00:00:00Z,1830196.3188799
2021-07-29T00:00:00Z,1830855.41568573
2021-07-28T00:00:00Z,1830898.2822151
2021-07-27T00:00:00Z,1830576.05911084
2021-07-26T00:00:00Z,1830987.25399538
2021-07-25T00:00:00Z,1830594.39406559
2021-07-24T00:00:00Z,1830225.92360629
2021-07-23T00:00:00Z,1830090.36398606
2021-07-22T00:00:00Z,1829766.89102672
2021-07-21T00:00:00Z,1829476.69883411
2021-07-20T00:00:00Z,1829167.14870148
2021-07-19T00:00:00Z,1829428.74197127
2021-07-18T00:00:00Z,1829117.99374845
2021-07-17T00:00:00Z,1829038.2886812
2021-07-16T00:00:00Z,1828974.59233945
2021-07-15T00:00:00Z,1828987.63169132
2021-07-14T00:00:00Z,1828965.81953717
2021-07-13T00:00:00Z,1828617.16197147
2021-07-12T00:00:00Z,1828695.03996152
2021-07-11T00:00:00Z,1828496.53026662
2021-07-10T00:00:00Z,1828416.60184882
2021-07-09T00:00:00Z,1828074.58387143
2021-07-08T00:00:00Z,1827555.35464311
2021-07-07T00:00:00Z,1827479.68086124
2021-07-06T00:00:00Z,1827403.72673603
2021-07-05T00:00:00Z,1826668.62059992
2021-07-04T00:00:00Z,1826717.2575965
2021-07-03T00:00:00Z,1826772.6260821
2021-07-02T00:00:00Z,1826530.74826525
2021-07-01T00:00:00Z,1827470.85180635
2021-06-30T00:00:00Z,1825676.67979171
2021-06-29T00:00:00Z,1826069.56287521
2021-06-28T00:00:00Z,1826111.86885879
2021-06-27T00:00:00Z,1826084.58107977
2021-06-26T00:00:00Z,1826226.69524245
2021-06-25T00:00:00Z,1826371.27609005
2021-06-24T00:00:00Z,1826365.09862016
2021-06-23T00:00:00Z,1826320.06996922
2021-06-22T00:00:00Z,1826259.9933054
2021-06-21T00:00:00Z,1825690.41397323
2021-06-20T00:00:00Z,1825537.35157489
2021-06-19T00:00:00Z,1825371.16228217
2021-06-18T00:00:00Z,1825264.4576412
2021-06-17T00:00:00Z,1824974.30390751
2021-06-16T00:00:00Z,1825217.53883384
2021-06-15T00:00:00Z,1825137.69418136
2021-06-14T00:00:00Z,1824861.58946424
2021-06-13T00:00:00Z,1824912.31379913
2021-06-12T00:00:00Z,1824547.76484376
2021-06-11T00:00:00Z,1824275.09307522
2021-06-10T00:00:00Z,1825103.90408801
2021-06-09T00:00:00Z,1824679.13462278
2021-06-08T00:00:00Z,1825187.09984019
2021-06-07T00:00:00Z,1826460.87142368
2021-06-06T00:00:00Z,1826334.7530051
2021-06-05T00:00:00Z,1825958.72732621
2021-06-04T00:00:00Z,1826088.0067612
2021-06-03T00:00:00Z,1828499.96713008
2021-06-02T00:00:00Z,1831416.55767632
2021-06-01T00:00:00Z,1831835.84385638
2021-05-31T00:00:00Z,1831321.07441635
2021-05-30T00:00:00Z,1831227.58379259
2021-05-29T00:00:00Z,1830647.44905031
2021-05-28T00:00:00Z,1830963.2722379
2021-05-27T00:00:00Z,1831815.63285608
2021-05-26T00:00:00Z,1829827.14613492
2021-05-25T00:00:00Z,1830316.99346225
2021-05-24T00:00:00Z,1829930.05247233
2021-05-23T00:00:00Z,1829488.49978416
2021-05-22T00:00:00Z,1829108.48020531
2021-05-21T00:00:00Z,1828454.16514461
2021-05-20T00:00:00Z,1828427.66344621
2021-05-19T00:00:00Z,1828468.70043776
2021-05-18T00:00:00Z,1829144.94624363
2021-05-17T00:00:00Z,1828519.96193427
2021-05-16T00:00:00Z,1828105.65663976
2021-05-15T00:00:00Z,1827338.05841498
2021-05-14T00:00:00Z,1827325.1625538
2021-05-13T00:00:00Z,1828024.44313567
2021-05-12T00:00:00Z,1828458.09005188
2021-05-11T00:00:00Z,1828348.25596953
2021-05-10T00:00:00Z,1828711.92667092
2021-05-09T00:00:00Z,1829312.66900765
2021-05-08T00:00:00Z,1827451.08825076
2021-05-07T00:00:00Z,1827228.07946134
2021-05-06T00:00:00Z,1826496.23886158
2021-05-05T00:00:00Z,1826846.8802174
2021-05-04T00:00:00Z,1826129.39442531
2021-05-03T00:00:00Z,1826279.2644878
2021-05-02T00:00:00Z,1826238.96623814
2021-05-01T00:00:00Z,1825557.96317329
2021-04-30T00:00:00Z,1825391.83357513
2021-04-29T00:00:00Z,1825219.45111392
2021-04-28T00:00:00Z,1825575.70821928
2021-04-27T00:00:00Z,1825250.74191231
2021-04-26T00:00:00Z,1824667.72123137
2021-04-25T00:00:00Z,1824823.11130536
2021-04-24T00:00:00Z,1824790.68619851
2021-04-23T00:00:00Z,1823943.36279578
2021-04-22T00:00:00Z,1825236.73088669
2021-04-21T00:00:00Z,1822280.21913311
2021-04-20T00:00:00Z,1822022.68255777
2021-04-19T00:00:00Z,1822302.16765156
2021-04-18T00:00:00Z,1822014.41647723
2021-04-17T00:00:00Z,1821951.8051552
2021-04-16T00:00:00Z,1821717.35562587
2021-04-15T00:00:00Z,1821953.82672328
2021-04-14T00:00:00Z,1821468.72434438
2021-04-13T00:00:00Z,1821911.06646736
2021-04-12T00:00:00Z,1821613.99099454
2021-04-11T00:00:00Z,1821862.26785094
2021-04-10T00:00:00Z,1821583.98378421
2021-04-09T00:00:00Z,1822047.83485128
2021-04-08T00:00:00Z,1822778.554102
2021-04-07T00:00:00Z,1822369.6872994
2021-04-06T00:00:00Z,1822026.49754756
2021-04-05T00:00:00Z,1822240.33638558
2021-04-04T00:00:00Z,1821834.6279077
2021-04-03T00:00:00Z,1821633.01374523
2021-04-02T00:00:00Z,1821444.43977771
2021-04-01T00:00:00Z,1821509.8762005
2021-03-31T00:00:00Z,1819617.92343194
2021-03-30T00:00:00Z,1818766.77262551
2021-03-29T00:00:00Z,1818564.90956053
2021-03-28T00:00:00Z,1819562.18445361
2021-03-27T00:00:00Z,1819056.24677403
2021-03-26T00:00:00Z,1818548.08010172
2021-03-25T00:00:00Z,1817822.25515396
2021-03-24T00:00:00Z,1817893.42386775
2021-03-23T00:00:00Z,1818999.36017
2021-03-22T00:00:00Z,1819576.37373713
2021-03-21T00:00:00Z,1819319.4617069
2021-03-20T00:00:00Z,1818767.57186481
2021-03-19T00:00:00Z,1818290.78127752
2021-03-18T00:00:00Z,1817894.70415427
2021-03-17T00:00:00Z,1818616.30490917
2021-03-16T00:00:00Z,1818572.25957874
2021-03-15T00:00:00Z,1818677.47187326
2021-03-14T00:00:00Z,1819077.06558769
2021-03-13T00:00:00Z,1819060.40025583
2021-03-12T00:00:00Z,1818330.92613075
2021-03-11T00:00:00Z,1818567.04226216
2021-03-10T00:00:00Z,1818217.83670137
2021-03-09T00:00:00Z,1818084.2531015
2021-03-08T00:00:00Z,1818112.88683691
2021-03-07T00:00:00Z,1818061.51181258
2021-03-06T00:00:00Z,1817993.37408285
2021-03-05T00:00:00Z,1817655.36734912
2021-03-04T00:00:00Z,1818465.99451967
2021-03-03T00:00:00Z,1818328.94552911
2021-03-02T00:00:00Z,1817557.84408589
2021-03-01T00:00:00Z,1817332.78792568
2021-02-28T00:00:00Z,1817839.68567534
2021-02-27T00:00:00Z,1819017.46321965
2021-02-26T00:00:00Z,1819418.42586869
2021-02-25T00:00:00Z,1818342.76306338
2021-02-24T00:00:00Z,1818429.12389022
2021-02-23T00:00:00Z,1818141.97880197
2021-02-22T00:00:00Z,1818159.10173488
2021-02-21T00:00:00Z,1818906.09109688
2021-02-20T00:00:00Z,1819235.44465928
2021-02-19T00:00:00Z,1820972.52582406
2021-02-18T00:00:00Z,1820469.5518613
2021-02-17T00:00:00Z,1819962.66215621
2021-02-16T00:00:00Z,1821200.93787071
2021-02-15T00:00:00Z,1821207.86369877
2021-02-14T00:00:00Z,1820672.75515988
2021-02-13T00:00:00Z,1821154.8068402
2021-02-12T00:00:00Z,1820669.01990329
2021-02-11T00:00:00Z,1820188.05602383
2021-02-10T00:00:00Z,1819107.00923298
2021-02-09T00:00:00Z,1818716.81119772
2021-02-08T00:00:00Z,1816801.18860092
2021-02-07T00:00:00Z,1816956.54465015
2021-02-06T00:00:00Z,1817235.38384328
2021-02-05T00:00:00Z,1817224.82638609
2021-02-04T00:00:00Z,1818732.28233627
2021-02-03T00:00:00Z,1818968.3336769
2021-02-02T00:00:00Z,1818532.8261546
2021-02-01T00:00:00Z,1820247.6580761
2021-01-31T00:00:00Z,1818824.26752715
2021-01-30T00:00:00Z,1818331.60304534
2021-01-29T00:00:00Z,1818404.33243576
2021-01-28T00:00:00Z,1818729.19402394
2021-01-27T00:00:00Z,1818260.19111694
2021-01-26T00:00:00Z,1819798.85183213
2021-01-25T00:00:00Z,1821483.85152359
2021-01-24T00:00:00Z,1823734.97990903
2021-01-23T00:00:00Z,1823684.02079976
2021-01-22T00:00:00Z,1822929.93331807
2021-01-21T00:00:00Z,1823433.12906828
2021-01-20T00:00:00Z,1823964.17413214
2021-01-19T00:00:00Z,1823983.25990463
2021-01-18T00:00:00Z,1822908.10095111
2021-01-17T00:00:00Z,1823412.35484911
2021-01-16T00:00:00Z,1824787.82871615
2021-01-15T00:00:00Z,1824707.4041881
2021-01-14T00:00:00Z,1823808.39198458
2021-01-13T00:00:00Z,1823243.80503611
2021-01-12T00:00:00Z,1822839.72499163
2021-01-11T00:00:00Z,1822610.68574687
2021-01-10T00:00:00Z,1822825.1656263
2021-01-09T00:00:00Z,1823735.33526638
2021-01-08T00:00:00Z,1824501.09073342
2021-01-07T00:00:00Z,1825378.35528686
2021-01-06T00:00:00Z,1826952.32433369
2021-01-05T00:00:00Z,1826897.28127576
2021-01-04T00:00:00Z,1825557.25353743
2021-01-03T00:00:00Z,1824724.28946148
2021-01-02T00:00:00Z,1826471.25956757
2021-01-01T00:00:00Z,1826717.66935004
2020-12-31T00:00:00Z,1826575.43800778
2020-12-30T00:00:00Z,1826407.77539416
2020-12-29T00:00:00Z,1835672.67202561
2020-12-28T00:00:00Z,1835230.84345521
2020-12-27T00:00:00Z,1872419.12552341
2020-12-26T00:00:00Z,1874840.07206328
2020-12-25T00:00:00Z,1874308.79290974
2020-12-24T00:00:00Z,1872594.71833737
2020-12-23T00:00:00Z,1873663.9348693
2020-12-22T00:00:00Z,1872259.95909239
2020-12-21T00:00:00Z,1871358.3978867
2020-12-20T00:00:00Z,1871766.53323616
2020-12-19T00:00:00Z,1872303.54624796
2020-12-18T00:00:00Z,1871916.44748493
2020-12-17T00:00:00Z,1870282.18116632
2020-12-16T00:00:00Z,1870677.61254287
2020-12-15T00:00:00Z,1870725.2964404
2020-12-14T00:00:00Z,1870729.20769376
2020-12-13T00:00:00Z,1872425.29129212
2020-12-12T00:00:00Z,1872118.02652554
2020-12-11T00:00:00Z,1872075.04089443
2020-12-10T00:00:00Z,1872023.01440461
2020-12-09T00:00:00Z,1870928.18020416
2020-12-08T00:00:00Z,1872080.68556484
2020-12-07T00:00:00Z,1871721.49114158
2020-12-06T00:00:00Z,1871316.42894773
2020-12-05T00:00:00Z,1871253.77762653
2020-12-04T00:00:00Z,1871079.37966697
2020-12-03T00:00:00Z,1871696.17292922
2020-12-02T00:00:00Z,1870931.92786804
2020-12-01T00:00:00Z,1870480.7039066
2020-11-30T00:00:00Z,1869790.68253618
2020-11-29T00:00:00Z,1870583.24364107
2020-11-28T00:00:00Z,1870500.06414449
2020-11-27T00:00:00Z,1870007.86061984
2020-11-26T00:00:00Z,1868965.54213787
2020-11-25T00:00:00Z,1867824.56907935
2020-11-24T00:00:00Z,1866924.62012399
2020-11-23T00:00:00Z,1867786.7082133
2020-11-22T00:00:00Z,1867812.54397652
2020-11-21T00:00:00Z,1867661.5852531
2020-11-20T00:00:00Z,1866716.79971919
2020-11-19T00:00:00Z,1866992.54032372
2020-11-18T00:00:00Z,1867651.36604465
2020-11-17T00:00:00Z,1865877.50141571
2020-11-16T00:00:00Z,1865808.47894142
2020-11-15T00:00:00Z,1865852.59413116
2020-11-14T00:00:00Z,1865565.2035358
2020-11-13T00:00:00Z,1865651.72592695
2020-11-12T00:00:00Z,1865557.91192231
2020-11-11T00:00:00Z,1864993.29699708
2020-11-10T00:00:00Z,1864930.76052861
2020-11-09T00:00:00Z,1864804.26917338
2020-11-08T00:00:00Z,1865176.74632239
2020-11-07T00:00:00Z,1866060.36680366
2020-11-06T00:00:00Z,1866626.89564467
2020-11-05T00:00:00Z,1867901.69735538
2020-11-04T00:00:00Z,1865246.84489794
2020-11-03T00:00:00Z,1865244.42747452
2020-11-02T00:00:00Z,1864385.44803472
2020-11-01T00:00:00Z,1864113.91779968
2020-10-31T00:00:00Z,1862111.56302319
2020-10-30T00:00:00Z,1862710.75526013
2020-10-29T00:00:00Z,1862965.5351281
2020-10-28T00:00:00Z,1863345.77168105
2020-10-27T00:00:00Z,1864141.0860897
2020-10-26T00:00:00Z,1864531.12498759
2020-10-25T00:00:00Z,1865383.83457381
2020-10-24T00:00:00Z,1864995.46310749
2020-10-23T00:00:00Z,1864881.87565711
2020-10-22T00:00:00Z,1864855.43018005
2020-10-21T00:00:00Z,1865663.79377451
2020-10-20T00:00:00Z,1864210.3587944
2020-10-19T00:00:00Z,1864177.72507724
2020-10-18T00:00:00Z,1864748.90224646
2020-10-17T00:00:00Z,1864775.86174745
2020-10-16T00:00:00Z,1864580.06440029
2020-10-15T00:00:00Z,1866234.89685087
2020-10-14T00:00:00Z,1866114.76583183
2020-10-13T00:00:00Z,1866020.43918481
2020-10-12T00:00:00Z,1865659.9903365
2020-10-11T00:00:00Z,1866127.53418634
2020-10-10T00:00:00Z,1866890.00802861
2020-10-09T00:00:00Z,1866984.05712017
2020-10-08T00:00:00Z,1867016.36080028
2020-10-07T00:00:00Z,1867631.79651518
2020-10-06T00:00:00Z,1866765.23798756
2020-10-05T00:00:00Z,1866725.55080848
2020-10-04T00:00:00Z,1866431.97362778
2020-10-03T00:00:00Z,1866257.11211813
2020-10-02T00:00:00Z,1865679.36189936
2020-10-01T00:00:00Z,1865092.5785112
2020-09-30T00:00:00Z,1865114.33345726
2020-09-29T00:00:00Z,1864874.68123367
2020-09-28T00:00:00Z,1866515.00022102
2020-09-27T00:00:00Z,1866926.78091879
2020-09-26T00:00:00Z,1866726.09107139
2020-09-25T00:00:00Z,1866799.03386866
2020-09-24T00:00:00Z,1866383.81364418
2020-09-23T00:00:00Z,1866398.72007784
2020-09-22T00:00:00Z,1866316.67391243
2020-09-21T00:00:00Z,1865903.01297974
2020-09-20T00:00:00Z,1866242.34316003
2020-09-19T00:00:00Z,1866387.20266525
2020-09-18T00:00:00Z,1866484.78128969
2020-09-17T00:00:00Z,1867045.96584449
2020-09-16T00:00:00Z,1868405.31815862
2020-09-15T00:00:00Z,1867049.55345469
2020-09-14T00:00:00Z,1866373.06117991
2020-09-13T00:00:00Z,1866009.83813916
2020-09-12T00:00:00Z,1866420.23345203
2020-09-11T00:00:00Z,1866142.08343619
2020-09-10T00:00:00Z,1866655.51376171
2020-09-09T00:00:00Z,1866663.80119629
2020-09-08T00:00:00Z,1866806.77578639
2020-09-07T00:00:00Z,1866487.99888237
2020-09-06T00:00:00Z,1866254.50148701
2020-09-05T00:00:00Z,1866383.81889596
2020-09-04T00:00:00Z,1865231.83983806
2020-09-03T00:00:00Z,1865289.19787338
2020-09-02T00:00:00Z,1865512.18989227
2020-09-01T00:00:00Z,1865362.61298155
2020-08-31T00:00:00Z,1865625.79556174
2020-08-30T00:00:00Z,1865987.31220432
2020-08-29T00:00:00Z,1865614.25622846
2020-08-28T00:00:00Z,1865363.96308738
2020-08-27T00:00:00Z,1867143.34343696
2020-08-26T00:00:00Z,1867442.35047345
2020-08-25T00:00:00Z,1867355.48711473
2020-08-24T00:00:00Z,1867653.77273246
2020-08-23T00:00:00Z,1867631.52938226
2020-08-22T00:00:00Z,1867322.98913163
2020-08-21T00:00:00Z,1867276.75755013
2020-08-20T00:00:00Z,1867906.18028963
2020-08-19T00:00:00Z,1868490.79522302
2020-08-18T00:00:00Z,1868285.94330437
2020-08-17T00:00:00Z,1868447.20380978
2020-08-16T00:00:00Z,1868411.29276789
2020-08-15T00:00:00Z,1868333.85734172
2020-08-14T00:00:00Z,1868593.66793558
2020-08-13T00:00:00Z,1868279.13698921
2020-08-12T00:00:00Z,1868797.28141055
2020-08-11T00:00:00Z,1868656.82405098
2020-08-10T00:00:00Z,1868578.35401676
2020-08-09T00:00:00Z,1867730.02252554
2020-08-08T00:00:00Z,1867525.86173496
2020-08-07T00:00:00Z,1868041.26521942
2020-08-06T00:00:00Z,1867821.91526716
2020-08-05T00:00:00Z,1866985.97325893
2020-08-04T00:00:00Z,1866610.32282062
2020-08-03T00:00:00Z,1866733.67888734
2020-08-02T00:00:00Z,1867146.58096366
2020-08-01T00:00:00Z,1867407.86330467
2020-07-31T00:00:00Z,1867822.11585772
2020-07-30T00:00:00Z,1867330.92730354
2020-07-29T00:00:00Z,1867665.09640438
2020-07-28T00:00:00Z,1867319.9005737
2020-07-27T00:00:00Z,1867725.59518178
2020-07-26T00:00:00Z,1868088.91304947
2020-07-25T00:00:00Z,1867859.96191894
2020-07-24T00:00:00Z,1867389.71503329
2020-07-23T00:00:00Z,1866519.64771049
2020-07-22T00:00:00Z,1865973.45086364
2020-07-21T00:00:00Z,1865903.19593488
2020-07-20T00:00:00Z,1865623.59054721
2020-07-19T00:00:00Z,1865874.33239302
2020-07-18T00:00:00Z,1866125.78100969
2020-07-17T00:00:00Z,1865840.16342359
2020-07-16T00:00:00Z,1865675.22940641
2020-07-15T00:00:00Z,1865276.07731566
2020-07-14T00:00:00Z,1865333.11944564
2020-07-13T00:00:00Z,1864998.38456372
2020-07-12T00:00:00Z,1865160.34413603
2020-07-11T00:00:00Z,1865071.39285554
2020-07-10T00:00:00Z,1864799.17363641
2020-07-09T00:00:00Z,1865189.87419148
2020-07-08T00:00:00Z,1864829.36864789
2020-07-07T00:00:00Z,1865550.76960586
2020-07-06T00:00:00Z,1865333.29626287
2020-07-05T00:00:00Z,1865536.38461216
2020-07-04T00:00:00Z,1865034.30251908
2020-07-03T00:00:00Z,1865182.5856978
2020-07-02T00:00:00Z,1865154.06184086
2020-07-01T00:00:00Z,1864957.42325548
2020-06-30T00:00:00Z,1865204.19233485
2020-06-29T00:00:00Z,1864844.96167329
2020-06-28T00:00:00Z,1864774.88369253
2020-06-27T00:00:00Z,1865263.2608166
2020-06-26T00:00:00Z,1865378.61475501
2020-06-25T00:00:00Z,1866516.34848999
2020-06-24T00:00:00Z,1865125.94589021
2020-06-23T00:00:00Z,1864528.0486694
2020-06-22T00:00:00Z,1867846.36903386
2020-06-21T00:00:00Z,1868049.68368659
2020-06-20T00:00:00Z,1867706.79884088
2020-06-19T00:00:00Z,1868015.5442509
2020-06-18T00:00:00Z,1868107.97878552
2020-06-17T00:00:00Z,1867732.35734656
2020-06-16T00:00:00Z,1867527.88923443
2020-06-15T00:00:00Z,1867831.6372847
2020-06-14T00:00:00Z,1867586.33469942
2020-06-13T00:00:00Z,1867365.0602393
2020-06-12T00:00:00Z,1867206.36631607
2020-06-11T00:00:00Z,1866702.57621092
2020-06-10T00:00:00Z,1866511.45930166
2020-06-09T00:00:00Z,1867088.53687573
2020-06-08T00:00:00Z,1867933.18071222
2020-06-07T00:00:00Z,1867941.82510021
2020-06-06T00:00:00Z,1867855.36768009
2020-06-05T00:00:00Z,1867356.07408394
2020-06-04T00:00:00Z,1869716.65786388
2020-06-03T00:00:00Z,1870494.43375914
2020-06-02T00:00:00Z,1868421.12558868
2020-06-01T00:00:00Z,1865341.11565108
2020-05-31T00:00:00Z,1865384.90900244
2020-05-30T00:00:00Z,1865407.88115839
2020-05-29T00:00:00Z,1865934.38609023
2020-05-28T00:00:00Z,1865990.03282713
2020-05-27T00:00:00Z,1866191.92775054
2020-05-26T00:00:00Z,1866547.03563506
2020-05-25T00:00:00Z,1866859.03542129
2020-05-24T00:00:00Z,1864895.85860832
2020-05-23T00:00:00Z,1865252.0039059
2020-05-22T00:00:00Z,1864874.37842865
2020-05-21T00:00:00Z,1866711.77255216
2020-05-20T00:00:00Z,1864497.93679488
2020-05-19T00:00:00Z,1859543.49538876
2020-05-18T00:00:00Z,1860384.60182094
2020-05-17T00:00:00Z,1863882.53020869
2020-05-16T00:00:00Z,1863875.05168798
2020-05-15T00:00:00Z,1864155.0952802
2020-05-14T00:00:00Z,1863945.97214792
2020-05-13T00:00:00Z,1863474.73383151
2020-05-12T00:00:00Z,1864133.81721543
2020-05-11T00:00:00Z,1863527.55042296
2020-05-10T00:00:00Z,1864052.36961215
2020-05-09T00:00:00Z,1863411.8391743
2020-05-08T00:00:00Z,1861491.56653784
2020-05-07T00:00:00Z,1862862.91623001
2020-05-06T00:00:00Z,1865699.62484889
2020-05-05T00:00:00Z,1867026.58797352
2020-05-04T00:00:00Z,1867171.17855463
2020-05-03T00:00:00Z,1867241.99073807
2020-05-02T00:00:00Z,1867034.1385341
2020-05-01T00:00:00Z,1868041.0413437
2020-04-30T00:00:00Z,1867438.76490939
2020-04-29T00:00:00Z,1867224.12638189
2020-04-28T00:00:00Z,1866527.71761498
2020-04-27T00:00:00Z,1866508.87446328
2020-04-26T00:00:00Z,1867046.43980541
2020-04-25T00:00:00Z,1866919.42638956
2020-04-24T00:00:00Z,1867679.98395447
2020-04-23T00:00:00Z,1867885.74418641
2020-04-22T00:00:00Z,1867955.17624191
2020-04-21T00:00:00Z,1869425.79295823
2020-04-20T00:00:00Z,1868827.6202827
2020-04-19T00:00:00Z,1865156.23401203
2020-04-18T00:00:00Z,1864762.07606204
2020-04-17T00:00:00Z,1864730.43056665
2020-04-16T00:00:00Z,1866805.75579902
2020-04-15T00:00:00Z,1864546.51427026
2020-04-14T00:00:00Z,1864168.71559281
2020-04-13T00:00:00Z,1863796.32134346
2020-04-12T00:00:00Z,1863430.05387123
2020-04-11T00:00:00Z,1863420.26650801
2020-04-10T00:00:00Z,1862775.09208035
2020-04-09T00:00:00Z,1862377.77290554
2020-04-08T00:00:00Z,1862310.96808505
2020-04-07T00:00:00Z,1864137.92688266
2020-04-06T00:00:00Z,1862358.34704658
2020-04-05T00:00:00Z,1862318.28039081
2020-04-04T00:00:00Z,1861894.91246132
2020-04-03T00:00:00Z,1861392.99101736
2020-04-02T00:00:00Z,1861138.93295099
2020-04-01T00:00:00Z,1861465.36613128
2020-03-31T00:00:00Z,1861409.66104938
2020-03-30T00:00:00Z,1862046.92904531
2020-03-29T00:00:00Z,1862049.05377261
2020-03-28T00:00:00Z,1862072.142799
2020-03-27T00:00:00Z,1859671.55228919
2020-03-26T00:00:00Z,1859768.39158777
2020-03-25T00:00:00Z,1859594.53167593
2020-03-24T00:00:00Z,1859576.12723137
2020-03-23T00:00:00Z,1860659.68359472
2020-03-22T00:00:00Z,1860172.69674621
2020-03-21T00:00:00Z,1860090.33565082
2020-03-20T00:00:00Z,1859579.59598121
2020-03-19T00:00:00Z,1861540.67959189
2020-03-18T00:00:00Z,1862008.8081926
2020-03-17T00:00:00Z,1854481.35380994
2020-03-16T00:00:00Z,1853554.17102014
2020-03-15T00:00:00Z,1854040.04435982
2020-03-14T00:00:00Z,1854314.77892831
2020-03-13T00:00:00Z,1853899.42129471
2020-03-12T00:00:00Z,1853477.72371959
2020-03-11T00:00:00Z,1851855.33558355
2020-03-10T00:00:00Z,1852784.10890215
2020-03-09T00:00:00Z,1853614.6890468
2020-03-08T00:00:00Z,1852836.90616023
2020-03-07T00:00:00Z,1852168.18134903
2020-03-06T00:00:00Z,1852241.66510618
2020-03-05T00:00:00Z,1852512.50610062
2020-03-04T00:00:00Z,1853010.53839419
2020-03-03T00:00:00Z,1852676.49177381
2020-03-02T00:00:00Z,1852436.08691978
2020-03-01T00:00:00Z,1852995.94758432
2020-02-29T00:00:00Z,1852271.78375301
2020-02-28T00:00:00Z,1852583.83669958
2020-02-27T00:00:00Z,1852219.71039194
2020-02-26T00:00:00Z,1852554.65562252
2020-02-25T00:00:00Z,1853037.06386546
2020-02-24T00:00:00Z,1852464.07133752
2020-02-23T00:00:00Z,1852449.26457486
2020-02-22T00:00:00Z,1852717.68444938
2020-02-21T00:00:00Z,1851865.39201677
2020-02-20T00:00:00Z,1852222.85029214
2020-02-19T00:00:00Z,1851418.68488174
2020-02-18T00:00:00Z,1850990.18412591
2020-02-17T00:00:00Z,1850505.6893695
2020-02-16T00:00:00Z,1850728.48152146
2020-02-15T00:00:00Z,1850696.03231714
2020-02-14T00:00:00Z,1851413.25802955
2020-02-13T00:00:00Z,1850611.91580533
2020-02-12T00:00:00Z,1850392.45424496
2020-02-11T00:00:00Z,1850893.71137551
2020-02-10T00:00:00Z,1850631.4369403
2020-02-09T00:00:00Z,1850785.73031399
2020-02-08T00:00:00Z,1850611.06521389
2020-02-07T00:00:00Z,1850914.78979254
2020-02-06T00:00:00Z,1850655.87533602
2020-02-05T00:00:00Z,1851386.76560613
2020-02-04T00:00:00Z,1851073.41552078
2020-02-03T00:00:00Z,1851596.59920979
2020-02-02T00:00:00Z,1853263.22550236
2020-02-01T00:00:00Z,1852946.5672551
2020-01-31T00:00:00Z,1853686.18954992
2020-01-30T00:00:00Z,1853375.50475111
2020-01-29T00:00:00Z,1853053.12333594
2020-01-28T00:00:00Z,1853130.48435942
2020-01-27T00:00:00Z,1853753.75739932
2020-01-26T00:00:00Z,1853408.21176746
2020-01-25T00:00:00Z,1853845.41822644
2020-01-24T00:00:00Z,1853811.67895915
2020-01-23T00:00:00Z,1853556.74700397
2020-01-22T00:00:00Z,1853289.95549762
2020-01-21T00:00:00Z,1853466.79652829
2020-01-20T00:00:00Z,1853429.30245728
2020-01-19T00:00:00Z,1853223.99594429
2020-01-18T00:00:00Z,1852802.30859243
2020-01-17T00:00:00Z,1852969.69716821
2020-01-16T00:00:00Z,1852881.23380065
2020-01-15T00:00:00Z,1852523.68907691
2020-01-14T00:00:00Z,1852447.35607218
2020-01-13T00:00:00Z,1852061.48414932
2020-01-12T00:00:00Z,1853373.49667993
2020-01-11T00:00:00Z,1852879.17518259
2020-01-10T00:00:00Z,1852789.17792978
2020-01-09T00:00:00Z,1852529.95039028
2020-01-08T00:00:00Z,1852075.56180549
2020-01-07T00:00:00Z,1852368.04316755
2020-01-06T00:00:00Z,1852147.41309646
2020-01-05T00:00:00Z,1852340.06855526
2020-01-04T00:00:00Z,1852129.17727797
2020-01-03T00:00:00Z,1851921.51274399
2020-01-02T00:00:00Z,1851617.96253373
2020-01-01T00:00:00Z,1851831.67127263
2019-12-31T00:00:00Z,1851196.07927859
2019-12-30T00:00:00Z,1851532.47432271
2019-12-29T00:00:00Z,1851306.97456179
2019-12-28T00:00:00Z,1851596.1170044
2019-12-27T00:00:00Z,1850998.87898207
2019-12-26T00:00:00Z,1850974.24198918
2019-12-25T00:00:00Z,1859799.65815568
2019-12-24T00:00:00Z,1859943.58818364
2019-12-23T00:00:00Z,1862921.49466791
2019-12-22T00:00:00Z,1860065.06913119
2019-12-21T00:00:00Z,1860391.90920469
2019-12-20T00:00:00Z,1859290.1531204
2019-12-19T00:00:00Z,1859971.04410967
2019-12-18T00:00:00Z,1860201.63230237
2019-12-17T00:00:00Z,1859619.69316082
2019-12-16T00:00:00Z,1859369.66146641
2019-12-15T00:00:00Z,1859768.38558844
2019-12-14T00:00:00Z,1859433.3916236
2019-12-13T00:00:00Z,1859219.62855542
2019-12-12T00:00:00Z,1860456.9287391
2019-12-11T00:00:00Z,1860620.23108061
2019-12-10T00:00:00Z,1860407.92479221
2019-12-09T00:00:00Z,1860584.76626608
2019-12-08T00:00:00Z,1860450.70295692
2019-12-07T00:00:00Z,1860672.50019166
2019-12-06T00:00:00Z,1860042.73423242
2019-12-05T00:00:00Z,1860123.14638137
2019-12-04T00:00:00Z,1860054.93260354
2019-12-03T00:00:00Z,1859250.93397441
2019-12-02T00:00:00Z,1859283.68941572
2019-12-01T00:00:00Z,1859071.34376697
2019-11-30T00:00:00Z,1858540.20091689
2019-11-29T00:00:00Z,1858322.4781745
2019-11-28T00:00:00Z,1859259.83294859
2019-11-27T00:00:00Z,1859011.26684908
2019-11-26T00:00:00Z,1858893.10324167
2019-11-25T00:00:00Z,1859200.89336013
2019-11-24T00:00:00Z,1859437.08617818
2019-11-23T00:00:00Z,1859970.12592297
2019-11-22T00:00:00Z,1859314.31177966
2019-11-21T00:00:00Z,1858738.73150328
2019-11-20T00:00:00Z,1858855.38541187
2019-11-19T00:00:00Z,1858738.81570016
2019-11-18T00:00:00Z,1861726.99303985
2019-11-17T00:00:00Z,1861452.3599586
2019-11-16T00:00:00Z,1861646.81899488
2019-11-15T00:00:00Z,1861106.72439134
2019-11-14T00:00:00Z,1861057.64233889
2019-11-13T00:00:00Z,1860982.672092
2019-11-12T00:00:00Z,1860789.4622986
2019-11-11T00:00:00Z,1861049.08752786
2019-11-10T00:00:00Z,1861272.88535548
2019-11-09T00:00:00Z,1860549.96765534
2019-11-08T00:00:00Z,1860370.39977787
2019-11-07T00:00:00Z,1860124.14443023
2019-11-06T00:00:00Z,1859310.38498917
2019-11-05T00:00:00Z,1859126.3548348
2019-11-04T00:00:00Z,1858851.06303616
2019-11-03T00:00:00Z,1859985.84315404
2019-11-02T00:00:00Z,1859781.86653058
2019-11-01T00:00:00Z,1859022.47984002
2019-10-31T00:00:00Z,1857197.56758394
2019-10-30T00:00:00Z,1857628.16497381
2019-10-29T00:00:00Z,1856727.02028962
2019-10-28T00:00:00Z,1856641.69806849
2019-10-27T00:00:00Z,1857320.88372171
2019-10-26T00:00:00Z,1857202.41434282
2019-10-25T00:00:00Z,1857803.42128051
2019-10-24T00:00:00Z,1857369.11508386
2019-10-23T00:00:00Z,1857323.70732529
2019-10-22T00:00:00Z,1856652.09121742
2019-10-21T00:00:00Z,1857553.67584842
2019-10-20T00:00:00Z,1857191.64440887
2019-10-19T00:00:00Z,1856879.50724996
2019-10-18T00:00:00Z,1857604.4426201
2019-10-17T00:00:00Z,1857187.26408474
2019-10-16T00:00:00Z,1857382.07051532
2019-10-15T00:00:00Z,1857229.15089804
2019-10-14T00:00:00Z,1856915.45057251
2019-10-13T00:00:00Z,1857052.4142227
2019-10-12T00:00:00Z,1857106.62312541
2019-10-11T00:00:00Z,1857096.85253182
2019-10-10T00:00:00Z,1857667.67188032
2019-10-09T00:00:00Z,1857992.56265784
2019-10-08T00:00:00Z,1859206.69396306
2019-10-07T00:00:00Z,1858270.52311087
2019-10-06T00:00:00Z,1858698.52900629
2019-10-05T00:00:00Z,1858093.32479786
2019-10-04T00:00:00Z,1858001.77922094
2019-10-03T00:00:00Z,1857535.52774768
2019-10-02T00:00:00Z,1857953.82794974
2019-10-01T00:00:00Z,1857772.02496922
2019-09-30T00:00:00Z,1858017.82308615
2019-09-29T00:00:00Z,1857866.50531342
2019-09-28T00:00:00Z,1857876.80970927
2019-09-27T00:00:00Z,1858020.189818
2019-09-26T00:00:00Z,1858733.85370048
2019-09-25T00:00:00Z,1858420.81894668
2019-09-24T00:00:00Z,1858529.91280347
2019-09-23T00:00:00Z,1858645.85508979
2019-09-22T00:00:00Z,1859156.99598352
2019-09-21T00:00:00Z,1859078.47869045
2019-09-20T00:00:00Z,1858497.03416447
2019-09-19T00:00:00Z,1859061.37682317
2019-09-18T00:00:00Z,1859866.76351747
2019-09-17T00:00:00Z,1858755.69677636
2019-09-16T00:00:00Z,1858375.11895319
2019-09-15T00:00:00Z,1858501.87968711
2019-09-14T00:00:00Z,1858625.28323158
2019-09-13T00:00:00Z,1859283.46379283
2019-09-12T00:00:00Z,1859248.91692378
2019-09-11T00:00:00Z,1859243.2937487
2019-09-10T00:00:00Z,1859056.96756498
2019-09-09T00:00:00Z,1858986.15869126
2019-09-08T00:00:00Z,1859289.23669409
2019-09-07T00:00:00Z,1857541.19642398
2019-09-06T00:00:00Z,1857530.45594019
2019-09-05T00:00:00Z,1857239.25348532
2019-09-04T00:00:00Z,1858416.00543112
2019-09-03T00:00:00Z,1858604.08261282
2019-09-02T00:00:00Z,1858939.43167691
2019-09-01T00:00:00Z,1859376.45187443
2019-08-31T00:00:00Z,1859151.24764986
2019-08-30T00:00:00Z,1859112.54965536
2019-08-29T00:00:00Z,1859364.99949734
2019-08-28T00:00:00Z,1859108.69216633
2019-08-27T00:00:00Z,1859335.7986641
2019-08-26T00:00:00Z,1859588.73089025
2019-08-25T00:00:00Z,1860198.3981613
2019-08-24T00:00:00Z,1859887.56410379
2019-08-23T00:00:00Z,1859740.51493171
2019-08-22T00:00:00Z,1859915.80283842
2019-08-21T00:00:00Z,1861153.29934149
2019-08-20T00:00:00Z,1861786.24897472
2019-08-19T00:00:00Z,1861658.10127807
2019-08-18T00:00:00Z,1861416.27042555
2019-08-17T00:00:00Z,1861512.76536081
2019-08-16T00:00:00Z,1861702.39960044
2019-08-15T00:00:00Z,1861516.43190631
2019-08-14T00:00:00Z,1861439.10769078
2019-08-13T00:00:00Z,1862268.12707335
2019-08-12T00:00:00Z,1861266.27990382
2019-08-11T00:00:00Z,1861765.65784534
2019-08-10T00:00:00Z,1861495.54908429
2019-08-09T00:00:00Z,1861041.29309808
2019-08-08T00:00:00Z,1861420.82272425
2019-08-07T00:00:00Z,1861741.46134859
2019-08-06T00:00:00Z,1861432.40195799
2019-08-05T00:00:00Z,1861934.65202499
2019-08-04T00:00:00Z,1862008.51474005
2019-08-03T00:00:00Z,1861968.49079429
2019-08-02T00:00:00Z,1861181.02726219
2019-08-01T00:00:00Z,1863215.77478429
2019-07-31T00:00:00Z,1865185.6339907
2019-07-30T00:00:00Z,1865681.02313626
2019-07-29T00:00:00Z,1865107.62591462
2019-07-28T00:00:00Z,1865630.27180963
2019-07-27T00:00:00Z,1864811.49470256
2019-07-26T00:00:00Z,1863977.332897
2019-07-25T00:00:00Z,1864421.3912067
2019-07-24T00:00:00Z,1863926.50411569
2019-07-23T00:00:00Z,1863506.78031186
2019-07-22T00:00:00Z,1863299.66279494
2019-07-21T00:00:00Z,1863253.64701456
2019-07-20T00:00:00Z,1862837.96956617
2019-07-19T00:00:00Z,1862777.98744074
2019-07-18T00:00:00Z,1863227.87783452
2019-07-17T00:00:00Z,1862855.65066136
2019-07-16T00:00:00Z,1862625.93419174
2019-07-15T00:00:00Z,1862107.85305286
2019-07-14T00:00:00Z,1861698.95004099
2019-07-13T00:00:00Z,1861626.98438052
2019-07-12T00:00:00Z,1861154.70599119
2019-07-11T00:00:00Z,1860837.05034598
2019-07-10T00:00:00Z,1860562.36716549
2019-07-09T00:00:00Z,1861011.850596
2019-07-08T00:00:00Z,1861424.01194334
2019-07-07T00:00:00Z,1861786.23419306
2019-07-06T00:00:00Z,1861242.55759012
2019-07-05T00:00:00Z,1860663.53715746
2019-07-04T00:00:00Z,1863202.60643212
2019-07-03T00:00:00Z,1863236.54203994
2019-07-02T00:00:00Z,1862559.46751732
2019-07-01T00:00:00Z,1861665.66165506
2019-06-30T00:00:00Z,1862774.09043143
2019-06-29T00:00:00Z,1862685.16294485
2019-06-28T00:00:00Z,1863487.63163906
2019-06-27T00:00:00Z,1862891.7646683
2019-06-26T00:00:00Z,1864306.27220027
2019-06-25T00:00:00Z,1863937.30575172
2019-06-24T00:00:00Z,1864090.75821095
2019-06-23T00:00:00Z,1863735.80290225
2019-06-22T00:00:00Z,1864241.2280399
2019-06-21T00:00:00Z,1869011.4055789
2019-06-20T00:00:00Z,1868075.47180767
2019-06-19T00:00:00Z,1869009.38055034
2019-06-18T00:00:00Z,1869540.52604345
2019-06-17T00:00:00Z,1869496.33171936
2019-06-16T00:00:00Z,1869244.70323807
2019-06-15T00:00:00Z,1869832.57886435
2019-06-14T00:00:00Z,1869178.59285326
2019-06-13T00:00:00Z,1869245.43042853
2019-06-12T00:00:00Z,1869983.19116817
2019-06-11T00:00:00Z,1869575.58939051
2019-06-10T00:00:00Z,1869563.72554702
2019-06-09T00:00:00Z,1869317.75624672
2019-06-08T00:00:00Z,1869466.476059
2019-06-07T00:00:00Z,1870049.32302387
2019-06-06T00:00:00Z,1870207.16759679
2019-06-05T00:00:00Z,1869672.08722046
2019-06-04T00:00:00Z,1870035.79799892
2019-06-03T00:00:00Z,1870528.88375695
2019-06-02T00:00:00Z,1870688.03380823
2019-06-01T00:00:00Z,1870447.95374659
2019-05-31T00:00:00Z,1870075.97499078
2019-05-30T00:00:00Z,1870283.17026843
2019-05-29T00:00:00Z,1870672.52810349
2019-05-28T00:00:00Z,1871982.25143026
2019-05-27T00:00:00Z,1871299.04885907
2019-05-26T00:00:00Z,1871723.05456704
2019-05-25T00:00:00Z,1871470.62202782
2019-05-24T00:00:00Z,1871475.69391124
2019-05-23T00:00:00Z,1871786.43056269
2019-05-22T00:00:00Z,1871746.1735078
2019-05-21T00:00:00Z,1871647.0273106
2019-05-20T00:00:00Z,1871327.62201617
2019-05-19T00:00:00Z,1871322.73415758
2019-05-18T00:00:00Z,1872643.14313903
2019-05-17T00:00:00Z,1873251.21391774
2019-05-16T00:00:00Z,1872859.46260733
2019-05-15T00:00:00Z,1872671.43529958
2019-05-14T00:00:00Z,1873402.24267402
2019-05-13T00:00:00Z,1873850.82768196
2019-05-12T00:00:00Z,1873494.2842698
2019-05-11T00:00:00Z,1873393.93844242
2019-05-10T00:00:00Z,1876299.74758549
2019-05-09T00:00:00Z,1873424.71625647
2019-05-08T00:00:00Z,1873895.5750039
2019-05-07T00:00:00Z,1873844.24615758
2019-05-06T00:00:00Z,1872061.05894413
2019-05-05T00:00:00Z,1872416.29409714
2019-05-04T00:00:00Z,1872445.91696749
2019-05-03T00:00:00Z,1873831.1742598
2019-05-02T00:00:00Z,1873499.1427188
2019-05-01T00:00:00Z,1873123.69443387
2019-04-30T00:00:00Z,1872434.39575552
2019-04-29T00:00:00Z,1873075.42713354
2019-04-28T00:00:00Z,1873259.6180649
2019-04-27T00:00:00Z,1872887.37413449
2019-04-26T00:00:00Z,1872632.96298545
2019-04-25T00:00:00Z,1872362.36997702
2019-04-24T00:00:00Z,1872941.35344541
2019-04-23T00:00:00Z,1842203.05634573
2019-04-22T00:00:00Z,1841882.85630166
2019-04-21T00:00:00Z,1842678.20232138
2019-04-20T00:00:00Z,1842740.98325977
2019-04-19T00:00:00Z,1841802.3427608
2019-04-18T00:00:00Z,1841483.40614915
2019-04-17T00:00:00Z,1841841.38053409
2019-04-16T00:00:00Z,1841782.39997515
2019-04-15T00:00:00Z,1841590.49117539
2019-04-14T00:00:00Z,1841787.17576331
2019-04-13T00:00:00Z,1842148.98353184
2019-04-12T00:00:00Z,1841662.06201982
2019-04-11T00:00:00Z,1841533.26205067
2019-04-10T00:00:00Z,1840841.78758736
2019-04-09T00:00:00Z,1841781.16524316
2019-04-08T00:00:00Z,1841319.47418479
2019-04-07T00:00:00Z,1842441.12808644
2019-04-06T00:00:00Z,1842114.57076462
2019-04-05T00:00:00Z,1841509.95935955
2019-04-04T00:00:00Z,1836300.76034733
2019-04-03T00:00:00Z,1835996.60342804
2019-04-02T00:00:00Z,1836735.6670742
2019-04-01T00:00:00Z,1837504.13301457
2019-03-31T00:00:00Z,1838219.85300049
2019-03-30T00:00:00Z,1837754.54291009
2019-03-29T00:00:00Z,1837223.42669772
2019-03-28T00:00:00Z,1838512.61737459
2019-03-27T00:00:00Z,1837921.62321458
2019-03-26T00:00:00Z,1837765.90165007
2019-03-25T00:00:00Z,1841578.2957001
2019-03-24T00:00:00Z,1841308.66651527
2019-03-23T00:00:00Z,1840765.57710224
2019-03-22T00:00:00Z,1840252.45119485
2019-03-21T00:00:00Z,1839832.11561144
2019-03-20T00:00:00Z,1840585.59826479
2019-03-19T00:00:00Z,1840988.00067484
2019-03-18T00:00:00Z,1841135.63156845
2019-03-17T00:00:00Z,1840764.59321207
2019-03-16T00:00:00Z,1840897.53182806
2019-03-15T00:00:00Z,1840494.13093173
2019-03-14T00:00:00Z,1842075.25424961
2019-03-13T00:00:00Z,1842078.90347169
2019-03-12T00:00:00Z,1842219.61273759
2019-03-11T00:00:00Z,1842703.26257936
2019-03-10T00:00:00Z,1843042.68803818
2019-03-09T00:00:00Z,1843053.50600418
2019-03-08T00:00:00Z,1842594.19634552
2019-03-07T00:00:00Z,1841944.55011773
2019-03-06T00:00:00Z,1842497.38814804
2019-03-05T00:00:00Z,1842352.273214
2019-03-04T00:00:00Z,1842037.82558755
2019-03-03T00:00:00Z,1841608.01440124
2019-03-02T00:00:00Z,1841359.50277195
2019-03-01T00:00:00Z,1841005.61432225
2019-02-28T00:00:00Z,1841946.10812779
2019-02-27T00:00:00Z,1842455.91673659
2019-02-26T00:00:00Z,1842233.47538226
2019-02-25T00:00:00Z,1841532.66799509
2019-02-24T00:00:00Z,1841464.07645188
2019-02-23T00:00:00Z,1841122.21883304
2019-02-22T00:00:00Z,1840952.13589438
2019-02-21T00:00:00Z,1841112.62217858
2019-02-20T00:00:00Z,1841281.34776778
2019-02-19T00:00:00Z,1841325.07496944
2019-02-18T00:00:00Z,1843630.57710752
2019-02-17T00:00:00Z,1843372.06993961
2019-02-16T00:00:00Z,1843647.77379032
2019-02-15T00:00:00Z,1843453.05036702
2019-02-14T00:00:00Z,1843230.83320639
2019-02-13T00:00:00Z,1843157.89555613
2019-02-12T00:00:00Z,1852710.38965573
2019-02-11T00:00:00Z,1852552.75382878
2019-02-10T00:00:00Z,1851939.66023012
2019-02-09T00:00:00Z,1851843.14437244
2019-02-08T00:00:00Z,1851658.04195813
2019-02-07T00:00:00Z,1851203.99606636
2019-02-06T00:00:00Z,1850676.88139991
2019-02-05T00:00:00Z,1851973.51538308
2019-02-04T00:00:00Z,1851655.47756252
2019-02-03T00:00:00Z,1850848.42666091
2019-02-02T00:00:00Z,1850623.96900028
2019-02-01T00:00:00Z,1850538.36600165
2019-01-31T00:00:00Z,1850111.84161196
2019-01-30T00:00:00Z,1849572.8751306
2019-01-29T00:00:00Z,1849651.23028376
2019-01-28T00:00:00Z,1849577.82254608
2019-01-27T00:00:00Z,1851947.71653983
2019-01-26T00:00:00Z,1851771.09663151
2019-01-25T00:00:00Z,1853460.26452878
2019-01-24T00:00:00Z,1852768.33964564
2019-01-23T00:00:00Z,1853440.93495164
2019-01-22T00:00:00Z,1852932.61802368
2019-01-21T00:00:00Z,1852966.1179286
2019-01-20T00:00:00Z,1853009.94085757
2019-01-19T00:00:00Z,1852998.47638191
2019-01-18T00:00:00Z,1850773.18239407
2019-01-17T00:00:00Z,1851030.33048103
2019-01-16T00:00:00Z,1850856.04204043
2019-01-15T00:00:00Z,1851010.73449478
2019-01-14T00:00:00Z,1850727.29199677
2019-01-13T00:00:00Z,1850499.64016331
2019-01-12T00:00:00Z,1852618.52946039
2019-01-11T00:00:00Z,1852745.95838901
2019-01-10T00:00:00Z,1853389.26257378
2019-01-09T00:00:00Z,1852390.31913718
2019-01-08T00:00:00Z,1854862.58682157
2019-01-07T00:00:00Z,1854153.71862606
2019-01-06T00:00:00Z,1855191.14305967
2019-01-05T00:00:00Z,1855444.32579138
2019-01-04T00:00:00Z,1857168.2175265
2019-01-03T00:00:00Z,1857115.86897089
2019-01-02T00:00:00Z,1856308.35671908
2019-01-01T00:00:00Z,1857213.04542391
2018-12-31T00:00:00Z,1856275.78924065
2018-12-30T00:00:00Z,1855486.22852831
2018-12-29T00:00:00Z,1855046.09218359
2018-12-28T00:00:00Z,1855058.03557571
2018-12-27T00:00:00Z,1855594.62108081
2018-12-26T00:00:00Z,1854807.82105023
2018-12-25T00:00:00Z,1855161.04952347
2018-12-24T00:00:00Z,1854725.81781717
2018-12-23T00:00:00Z,1855875.26212339
2018-12-22T00:00:00Z,1854850.76949523
2018-12-21T00:00:00Z,1854725.07403415
2018-12-20T00:00:00Z,1854373.75820923
2018-12-19T00:00:00Z,1854358.42557678
2018-12-18T00:00:00Z,1854856.01219005
2018-12-17T00:00:00Z,1850748.29706438
2018-12-16T00:00:00Z,1852438.08293048
2018-12-15T00:00:00Z,1851913.05280502
2018-12-14T00:00:00Z,1851515.0802747
2018-12-13T00:00:00Z,1850159.95799135
2018-12-12T00:00:00Z,1850024.83044714
2018-12-11T00:00:00Z,1849623.6484198
2018-12-10T00:00:00Z,1850090.79838932
2018-12-09T00:00:00Z,1849332.63552821
2018-12-08T00:00:00Z,1848806.00175377
2018-12-07T00:00:00Z,1850967.380354
2018-12-06T00:00:00Z,1852203.20134975
2018-12-05T00:00:00Z,1851205.67459861
2018-12-04T00:00:00Z,1851927.81099464
2018-12-03T00:00:00Z,1851476.23067357
2018-12-02T00:00:00Z,1851306.43314911
2018-12-01T00:00:00Z,1850819.57380393
2018-11-30T00:00:00Z,1850992.58026903
2018-11-29T00:00:00Z,1851349.04262298
2018-11-28T00:00:00Z,1851348.66233229
2018-11-27T00:00:00Z,1854155.36542653
2018-11-26T00:00:00Z,1854134.86999261
2018-11-25T00:00:00Z,1855043.58302492
2018-11-24T00:00:00Z,1855990.76248644
2018-11-23T00:00:00Z,1856544.25244575
2018-11-22T00:00:00Z,1855705.37841918
2018-11-21T00:00:00Z,1855770.33258586
2018-11-20T00:00:00Z,1856322.71950416
2018-11-19T00:00:00Z,1855566.28079207
2018-11-18T00:00:00Z,1855855.05636716
2018-11-17T00:00:00Z,1855184.0118454
2018-11-16T00:00:00Z,1855239.21808892
2018-11-15T00:00:00Z,1855997.28420277
2018-11-14T00:00:00Z,1856170.20801388
2018-11-13T00:00:00Z,1855802.76180356
2018-11-12T00:00:00Z,1855418.02673501
2018-11-11T00:00:00Z,1855785.46040946
2018-11-10T00:00:00Z,1855217.32598673
2018-11-09T00:00:00Z,1854793.25591809
2018-11-08T00:00:00Z,1854575.11887518
2018-11-07T00:00:00Z,1855034.02121728
2018-11-06T00:00:00Z,1856184.17787572
2018-11-05T00:00:00Z,1856002.77306545
2018-11-04T00:00:00Z,1856388.24892396
2018-11-03T00:00:00Z,1855821.20603921
2018-11-02T00:00:00Z,1856189.66124283
2018-11-01T00:00:00Z,1855541.62545284
2018-10-31T00:00:00Z,1855661.66074624
2018-10-30T00:00:00Z,1855423.62548418
2018-10-29T00:00:00Z,1854580.67509092
2018-10-28T00:00:00Z,1855504.81623126
2018-10-27T00:00:00Z,1854192.14445923
2018-10-26T00:00:00Z,1854354.97138908
2018-10-25T00:00:00Z,1854597.89850535
2018-10-24T00:00:00Z,1854485.24549752
2018-10-23T00:00:00Z,1854686.95226065
2018-10-22T00:00:00Z,1854159.62782693
2018-10-21T00:00:00Z,1853840.75769295
2018-10-20T00:00:00Z,1853543.51785993
2018-10-19T00:00:00Z,1854061.78985318
2018-10-18T00:00:00Z,1853753.02181236
2018-10-17T00:00:00Z,1855247.61106498
2018-10-16T00:00:00Z,1856147.11934388
2018-10-15T00:00:00Z,1856288.22232677
2018-10-14T00:00:00Z,1856431.62738524
2018-10-13T00:00:00Z,1857026.23762246
2018-10-12T00:00:00Z,1856476.74180062
2018-10-11T00:00:00Z,1856617.49558112
2018-10-10T00:00:00Z,1855791.80669933
2018-10-09T00:00:00Z,1856008.23503518
2018-10-08T00:00:00Z,1858785.45157875
2018-10-07T00:00:00Z,1858714.82844727
2018-10-06T00:00:00Z,1858457.93711904
2018-10-05T00:00:00Z,1859094.03560887
2018-10-04T00:00:00Z,1859298.30946297
2018-10-03T00:00:00Z,1861680.0273351
2018-10-02T00:00:00Z,1859061.90526798
2018-10-01T00:00:00Z,1858704.95989182
2018-09-30T00:00:00Z,1858632.24746353
2018-09-29T00:00:00Z,1858680.06201664
2018-09-28T00:00:00Z,1858227.03733209
2018-09-27T00:00:00Z,1858730.80339685
2018-09-26T00:00:00Z,1859441.07256683
2018-09-25T00:00:00Z,1859466.27762628
2018-09-24T00:00:00Z,1859480.69515646
2018-09-23T00:00:00Z,1859077.10201765
2018-09-22T00:00:00Z,1858610.75654667
2018-09-21T00:00:00Z,1859586.22960908
2018-09-20T00:00:00Z,1859875.10980028
2018-09-19T00:00:00Z,1858932.06537168
2018-09-18T00:00:00Z,1858453.26068475
2018-09-17T00:00:00Z,1858761.10880831
2018-09-16T00:00:00Z,1858875.39293079
2018-09-15T00:00:00Z,1858146.21231159
2018-09-14T00:00:00Z,1857735.17267979
2018-09-13T00:00:00Z,1857377.13994432
2018-09-12T00:00:00Z,1856809.54183826
2018-09-11T00:00:00Z,1856265.85112674
2018-09-10T00:00:00Z,1855518.28467196
2018-09-09T00:00:00Z,1856693.64892817
2018-09-08T00:00:00Z,1856234.10406386
2018-09-07T00:00:00Z,1855507.03102635
2018-09-06T00:00:00Z,1854475.16385905
2018-09-05T00:00:00Z,1855141.81112811
2018-09-04T00:00:00Z,1854088.78471336
2018-09-03T00:00:00Z,1855185.45904815
2018-09-02T00:00:00Z,1855511.72530512
2018-09-01T00:00:00Z,1854509.15799477
2018-08-31T00:00:00Z,1854572.65009799
2018-08-30T00:00:00Z,1855045.97631201
2018-08-29T00:00:00Z,1855393.13332957
2018-08-28T00:00:00Z,1858334.36321896
2018-08-27T00:00:00Z,1858079.06163214
2018-08-26T00:00:00Z,1857006.38539399
2018-08-25T00:00:00Z,1856210.38057536
2018-08-24T00:00:00Z,1856614.60209101
2018-08-23T00:00:00Z,1859725.0495473
2018-08-22T00:00:00Z,1865082.3500778
2018-08-21T00:00:00Z,1864930.73816693
2018-08-20T00:00:00Z,1864163.05500322
2018-08-19T00:00:00Z,1863025.72091147
2018-08-18T00:00:00Z,1862977.96710526
2018-08-17T00:00:00Z,1863673.67838259
2018-08-16T00:00:00Z,1855771.87363637
2018-08-15T00:00:00Z,1857343.233119
2018-08-14T00:00:00Z,1858813.78454911
2018-08-13T00:00:00Z,1857972.30420411
2018-08-12T00:00:00Z,1860042.43024133
2018-08-11T00:00:00Z,1859747.11634324
2018-08-10T00:00:00Z,1858389.54190132
2018-08-09T00:00:00Z,1857728.14134777
2018-08-08T00:00:00Z,1857185.70743971
2018-08-07T00:00:00Z,1858474.30397523
2018-08-06T00:00:00Z,1857126.87812718
2018-08-05T00:00:00Z,1857346.55893548
2018-08-04T00:00:00Z,1856441.18336925
2018-08-03T00:00:00Z,1857466.72710831
2018-08-02T00:00:00Z,1856779.55964901
2018-08-01T00:00:00Z,1856361.86200258
2018-07-31T00:00:00Z,1857915.62960466
2018-07-30T00:00:00Z,1858385.42551113
2018-07-29T00:00:00Z,1857918.06336181
2018-07-28T00:00:00Z,1857517.30816018
2018-07-27T00:00:00Z,1857575.1327259
2018-07-26T00:00:00Z,1858572.17410203
2018-07-25T00:00:00Z,1857840.54804685
2018-07-24T00:00:00Z,1856826.04816739
2018-07-23T00:00:00Z,1856466.64564925
2018-07-22T00:00:00Z,1855394.68623131
2018-07-21T00:00:00Z,1855245.45282866
2018-07-20T00:00:00Z,1854554.86970696
2018-07-19T00:00:00Z,1854377.58276067
2018-07-18T00:00:00Z,1856521.02016037
2018-07-17T00:00:00Z,1856878.33831399
2018-07-16T00:00:00Z,1855913.8536196
2018-07-15T00:00:00Z,1855964.79701359
2018-07-14T00:00:00Z,1856643.95011357
2018-07-13T00:00:00Z,1856738.3924146
2018-07-12T00:00:00Z,1856107.65771705
2018-07-11T00:00:00Z,1856272.58798518
2018-07-10T00:00:00Z,1855473.38946187
2018-07-09T00:00:00Z,1854364.52018904
2018-07-08T00:00:00Z,1854628.10967507
2018-07-07T00:00:00Z,1855054.26679352
2018-07-06T00:00:00Z,1854888.27060909
2018-07-05T00:00:00Z,1854408.42118261
2018-07-04T00:00:00Z,1854010.29240837
2018-07-03T00:00:00Z,1853613.5608694
2018-07-02T00:00:00Z,1852501.52024866
2018-07-01T00:00:00Z,1854950.21834698
2018-06-30T00:00:00Z,1856429.56435408
2018-06-29T00:00:00Z,1856158.99771609
2018-06-28T00:00:00Z,1855141.39971576
2018-06-27T00:00:00Z,1858245.56666248
2018-06-26T00:00:00Z,1860929.46273433
2018-06-25T00:00:00Z,1860576.26287554
2018-06-24T00:00:00Z,1860570.15770944
2018-06-23T00:00:00Z,1860645.2249853
2018-06-22T00:00:00Z,1860096.67591682
2018-06-21T00:00:00Z,1860223.61992773
2018-06-20T00:00:00Z,1861946.92127662
2018-06-19T00:00:00Z,1861183.65805247
2018-06-18T00:00:00Z,1860316.3862317
2018-06-17T00:00:00Z,1862470.39096317
2018-06-16T00:00:00Z,1861594.97755087
2018-06-15T00:00:00Z,1863354.08088638
2018-06-14T00:00:00Z,1865099.3074886
2018-06-13T00:00:00Z,1863073.52640745
2018-06-12T00:00:00Z,1863336.36383441
2018-06-11T00:00:00Z,1861779.66876624
2018-06-10T00:00:00Z,1863037.94093341
2018-06-09T00:00:00Z,1862313.36454268
2018-06-08T00:00:00Z,1857832.65982568
2018-06-07T00:00:00Z,1858091.0467719
2018-06-06T00:00:00Z,1858944.85979441
2018-06-05T00:00:00Z,1858901.0074935
2018-06-04T00:00:00Z,1858888.96696213
2018-06-03T00:00:00Z,1857662.41264495
2018-06-02T00:00:00Z,1857352.34621451
2018-06-01T00:00:00Z,1857462.27010669
2018-05-31T00:00:00Z,1857980.32224727
2018-05-30T00:00:00Z,1858323.3984905
2018-05-29T00:00:00Z,1857740.80028908
2018-05-28T00:00:00Z,1857279.77053178
2018-05-27T00:00:00Z,1857646.05539096
2018-05-26T00:00:00Z,1856468.03086414
2018-05-25T00:00:00Z,1855761.65719006
2018-05-24T00:00:00Z,1856655.46560769
2018-05-23T00:00:00Z,1856548.06481879
2018-05-22T00:00:00Z,1855778.49651401
2018-05-21T00:00:00Z,1856812.75042153
2018-05-20T00:00:00Z,1856834.49053328
2018-05-19T00:00:00Z,1856981.45983954
2018-05-18T00:00:00Z,1856632.4959599
2018-05-17T00:00:00Z,1857414.6967661
2018-05-16T00:00:00Z,1857179.37483068
2018-05-15T00:00:00Z,1856407.19421317
2018-05-14T00:00:00Z,1856531.96562645
2018-05-13T00:00:00Z,1856474.22128591
2018-05-12T00:00:00Z,1856041.01180637
2018-05-11T00:00:00Z,1855171.08780949
2018-05-10T00:00:00Z,1855679.18707104
2018-05-09T00:00:00Z,1855000.02239285
2018-05-08T00:00:00Z,1854423.43607938
2018-05-07T00:00:00Z,1854618.74253618
2018-05-06T00:00:00Z,1856228.73027192
2018-05-05T00:00:00Z,1856154.91457823
2018-05-04T00:00:00Z,1855727.82652027
2018-05-03T00:00:00Z,1854873.64393499
2018-05-02T00:00:00Z,1855347.96650046
2018-05-01T00:00:00Z,1855677.49507463
2018-04-30T00:00:00Z,1854803.50016281
2018-04-29T00:00:00Z,1854280.30935302
2018-04-28T00:00:00Z,1854953.5990842
2018-04-27T00:00:00Z,1854930.76616844
2018-04-26T00:00:00Z,1855125.75523573
2018-04-25T00:00:00Z,1856798.63398138
2018-04-24T00:00:00Z,1856056.34144887
2018-04-23T00:00:00Z,1855400.72982092
2018-04-22T00:00:00Z,1855609.44356018
2018-04-21T00:00:00Z,1854232.71179877
2018-04-20T00:00:00Z,1854114.68802771
2018-04-19T00:00:00Z,1854826.3290031
2018-04-18T00:00:00Z,1855116.77903107
2018-04-17T00:00:00Z,1854746.53821408
2018-04-16T00:00:00Z,1854987.73909312
2018-04-15T00:00:00Z,1855381.62663695
2018-04-14T00:00:00Z,1855808.56617898
2018-04-13T00:00:00Z,1855663.73861132
2018-04-12T00:00:00Z,1855826.17306081
2018-04-11T00:00:00Z,1854845.9011995
2018-04-10T00:00:00Z,1859611.21988521
2018-04-09T00:00:00Z,1860128.16251542
2018-04-08T00:00:00Z,1858849.85712671
2018-04-07T00:00:00Z,1858459.54107806
2018-04-06T00:00:00Z,1858569.02008557
2018-04-05T00:00:00Z,1859096.51202832
2018-04-04T00:00:00Z,1858603.00417313
2018-04-03T00:00:00Z,1859765.73222535
2018-04-02T00:00:00Z,1861933.15686866
2018-04-01T00:00:00Z,1862118.76523505
2018-03-31T00:00:00Z,1862286.41907969
2018-03-30T00:00:00Z,1861539.39257899
2018-03-29T00:00:00Z,1860885.44368942
2018-03-28T00:00:00Z,1861268.2787665
2018-03-27T00:00:00Z,1859979.04550221
2018-03-26T00:00:00Z,1859257.93395003
2018-03-25T00:00:00Z,1862595.48411045
2018-03-24T00:00:00Z,1862367.39364931
2018-03-23T00:00:00Z,1866159.88998584
2018-03-22T00:00:00Z,1866838.52822964
2018-03-21T00:00:00Z,1866410.44658372
2018-03-20T00:00:00Z,1867851.28049111
2018-03-19T00:00:00Z,1869237.01650954
2018-03-18T00:00:00Z,1870530.76156707
2018-03-17T00:00:00Z,1870172.49680105
2018-03-16T00:00:00Z,1869636.71355027
2018-03-15T00:00:00Z,1872773.50829578
2018-03-14T00:00:00Z,1872164.90080867
2018-03-13T00:00:00Z,1873838.53318018
2018-03-12T00:00:00Z,1877222.12460144
2018-03-11T00:00:00Z,1877668.55764383
2018-03-10T00:00:00Z,1877418.73435451
2018-03-09T00:00:00Z,1877837.13067468
2018-03-08T00:00:00Z,1877013.59014851
2018-03-07T00:00:00Z,1879383.08373299
2018-03-06T00:00:00Z,1879071.09726452
2018-03-05T00:00:00Z,1879039.30312673
2018-03-04T00:00:00Z,1879717.14373717
2018-03-03T00:00:00Z,1880143.54159949
2018-03-02T00:00:00Z,1880462.132052
2018-03-01T00:00:00Z,1882025.72394664
2018-02-28T00:00:00Z,1881954.89290502
2018-02-27T00:00:00Z,1881906.18455918
2018-02-26T00:00:00Z,1881965.56615189
2018-02-25T00:00:00Z,1882099.79900469
2018-02-24T00:00:00Z,1881490.69263424
2018-02-23T00:00:00Z,1882624.18026963
2018-02-22T00:00:00Z,1882488.37912023
2018-02-21T00:00:00Z,1882673.06776341
2018-02-20T00:00:00Z,1882849.87271662
2018-02-19T00:00:00Z,1882673.95197962
2018-02-18T00:00:00Z,1882385.33996416
2018-02-17T00:00:00Z,1881773.2607808
2018-02-16T00:00:00Z,1882071.96198682
2018-02-15T00:00:00Z,1881957.55736322
2018-02-14T00:00:00Z,1881232.22322031
2018-02-13T00:00:00Z,1880682.49764454
2018-02-12T00:00:00Z,1881051.62907001
2018-02-11T00:00:00Z,1881771.91530426
2018-02-10T00:00:00Z,1881139.29940905
2018-02-09T00:00:00Z,1880679.81847431
2018-02-08T00:00:00Z,1881091.81406592
2018-02-07T00:00:00Z,1889394.49171848
2018-02-06T00:00:00Z,1891952.57655467
2018-02-05T00:00:00Z,1891352.84524832
2018-02-04T00:00:00Z,1890214.44702358
2018-02-03T00:00:00Z,1891767.90238154
2018-02-02T00:00:00Z,1890318.01277434
2018-02-01T00:00:00Z,1890933.48067847
2018-01-31T00:00:00Z,1892091.30849341
2018-01-30T00:00:00Z,1892211.34634014
2018-01-29T00:00:00Z,1892677.72251859
2018-01-28T00:00:00Z,1893305.37608207
2018-01-27T00:00:00Z,1893752.26001142
2018-01-26T00:00:00Z,1893296.49779767
2018-01-25T00:00:00Z,1892633.69241925
2018-01-24T00:00:00Z,1892708.51363938
2018-01-23T00:00:00Z,1892078.59485105
2018-01-22T00:00:00Z,1892790.19231442
2018-01-21T00:00:00Z,1891324.74339797
2018-01-20T00:00:00Z,1891824.89255126
2018-01-19T00:00:00Z,1891975.39955312
2018-01-18T00:00:00Z,1891704.47614977
2018-01-17T00:00:00Z,1892837.23013851
2018-01-16T00:00:00Z,1892369.23423514
2018-01-15T00:00:00Z,1892573.07428835
2018-01-14T00:00:00Z,1891928.11756443
2018-01-13T00:00:00Z,1892846.57737967
2018-01-12T00:00:00Z,1892369.32456965
2018-01-11T00:00:00Z,1892087.80555737
2018-01-10T00:00:00Z,1890971.03755261
2018-01-09T00:00:00Z,1891166.8371993
2018-01-08T00:00:00Z,1890452.83809508
2018-01-07T00:00:00Z,1890302.44136919
2018-01-06T00:00:00Z,1889761.15638556
2018-01-05T00:00:00Z,1889806.04034683
2018-01-04T00:00:00Z,1892935.45853257
2018-01-03T00:00:00Z,1894073.13611011
2018-01-02T00:00:00Z,1893751.58742492
2018-01-01T00:00:00Z,1895107.74365203
2017-12-31T00:00:00Z,1893971.5106448
2017-12-30T00:00:00Z,1892990.73601399
2017-12-29T00:00:00Z,1892730.09759624
2017-12-28T00:00:00Z,1896002.49126166
2017-12-27T00:00:00Z,1896043.66664548
2017-12-26T00:00:00Z,1898799.97215644
2017-12-25T00:00:00Z,1900155.82420438
2017-12-24T00:00:00Z,1901265.17315272
2017-12-23T00:00:00Z,1900368.73645397
2017-12-22T00:00:00Z,1900264.18215216
2017-12-21T00:00:00Z,1899263.18927227
2017-12-20T00:00:00Z,1898527.72948328
2017-12-19T00:00:00Z,1898974.58230142
2017-12-18T00:00:00Z,1897977.62447123
2017-12-17T00:00:00Z,1898966.76814958
2017-12-16T00:00:00Z,1897858.54629687
2017-12-15T00:00:00Z,1897764.99770191
2017-12-14T00:00:00Z,1898166.3074381
2017-12-13T00:00:00Z,1899042.43124651
2017-12-12T00:00:00Z,1902536.85139148
2017-12-11T00:00:00Z,1901449.2147465
2017-12-10T00:00:00Z,1904770.04690933
2017-12-09T00:00:00Z,1904571.63818827
2017-12-08T00:00:00Z,1904554.5000286
2017-12-07T00:00:00Z,1904150.52686294
2017-12-06T00:00:00Z,1905541.7129137
2017-12-05T00:00:00Z,1904244.09786108
2017-12-04T00:00:00Z,1900875.62343085
2017-12-03T00:00:00Z,1900758.37070969
2017-12-02T00:00:00Z,1901194.25404513
2017-12-01T00:00:00Z,1900855.39058537
2017-11-30T00:00:00Z,1899620.82087382
2017-11-29T00:00:00Z,1899694.9968208
2017-11-28T00:00:00Z,1899165.79117847
2017-11-27T00:00:00Z,1900005.84340308
2017-11-26T00:00:00Z,1901777.21361876
2017-11-25T00:00:00Z,1904010.10854161
2017-11-24T00:00:00Z,1904742.43298391
2017-11-23T00:00:00Z,1905266.93364993
2017-11-22T00:00:00Z,1904012.75849265
2017-11-21T00:00:00Z,1903313.3367667
2017-11-20T00:00:00Z,1902300.22193819
2017-11-19T00:00:00Z,1902187.56330342
2017-11-18T00:00:00Z,1901032.74083424
2017-11-17T00:00:00Z,1901501.10602485
2017-11-16T00:00:00Z,1901118.04330974
2017-11-15T00:00:00Z,1900396.47344991
2017-11-14T00:00:00Z,1899473.25272307
2017-11-13T00:00:00Z,1899683.55347381
2017-11-12T00:00:00Z,1900470.20729991
2017-11-11T00:00:00Z,1900572.48613912
2017-11-10T00:00:00Z,1899989.81986016
2017-11-09T00:00:00Z,1899121.40759736
2017-11-08T00:00:00Z,1903731.56203183
2017-11-07T00:00:00Z,1903776.26496442
2017-11-06T00:00:00Z,1905208.53078069
2017-11-05T00:00:00Z,1904494.29906719
2017-11-04T00:00:00Z,1904660.24773372
2017-11-03T00:00:00Z,1897406.61035344
2017-11-02T00:00:00Z,1898014.23386804
2017-11-01T00:00:00Z,1897679.68716987
2017-10-31T00:00:00Z,1897173.9317496
2017-10-30T00:00:00Z,1896519.65486353
2017-10-29T00:00:00Z,1897374.72773584
2017-10-28T00:00:00Z,1897127.11534451
2017-10-27T00:00:00Z,1896548.95147804
2017-10-26T00:00:00Z,1896450.94325854
2017-10-25T00:00:00Z,1896854.66954857
2017-10-24T00:00:00Z,1895980.32139199
2017-10-23T00:00:00Z,1896600.39386875
2017-10-22T00:00:00Z,1897665.21373365
2017-10-21T00:00:00Z,1896726.37880802
2017-10-20T00:00:00Z,1897216.6740041
2017-10-19T00:00:00Z,1896508.53900308
2017-10-18T00:00:00Z,1893914.54696285
2017-10-17T00:00:00Z,1894162.6408693
2017-10-16T00:00:00Z,1894988.53701187
2017-10-15T00:00:00Z,1894696.08449813
2017-10-14T00:00:00Z,1893613.16519996
2017-10-13T00:00:00Z,1893450.60059431
2017-10-12T00:00:00Z,1895236.11582769
2017-10-11T00:00:00Z,1893569.0538547
2017-10-10T00:00:00Z,1893271.26468392
2017-10-09T00:00:00Z,1895648.31393769
2017-10-08T00:00:00Z,1895806.57947421
2017-10-07T00:00:00Z,1895012.38310023
2017-10-06T00:00:00Z,1895266.26106457
2017-10-05T00:00:00Z,1894487.00494543
2017-10-04T00:00:00Z,1894805.77815375
2017-10-03T00:00:00Z,1895387.21733942
2017-10-02T00:00:00Z,1892184.68195916
2017-10-01T00:00:00Z,1891369.70405504
2017-09-30T00:00:00Z,1891860.40261891
2017-09-29T00:00:00Z,1891347.94915429
2017-09-28T00:00:00Z,1890157.19965564
2017-09-27T00:00:00Z,1892113.99140792
2017-09-26T00:00:00Z,1890597.98041902
2017-09-25T00:00:00Z,1890396.18198724
2017-09-24T00:00:00Z,1891977.35241301
2017-09-23T00:00:00Z,1891793.71701372
2017-09-22T00:00:00Z,1890694.07812967
2017-09-21T00:00:00Z,1891625.38940638
2017-09-20T00:00:00Z,1890420.42998171
2017-09-19T00:00:00Z,1889761.60481536
2017-09-18T00:00:00Z,1890269.92458252
2017-09-17T00:00:00Z,1888681.665677
2017-09-16T00:00:00Z,1886333.43973195
2017-09-15T00:00:00Z,1886756.69020052
2017-09-14T00:00:00Z,1890447.79783194
2017-09-13T00:00:00Z,1894902.23374364
2017-09-12T00:00:00Z,1895983.64365221
2017-09-11T00:00:00Z,1892187.20945223
2017-09-10T00:00:00Z,1890950.72492961
2017-09-09T00:00:00Z,1891499.81776672
2017-09-08T00:00:00Z,1891993.53608444
2017-09-07T00:00:00Z,1891510.82043756
2017-09-06T00:00:00Z,1890344.80071887
2017-09-05T00:00:00Z,1892186.80526587
2017-09-04T00:00:00Z,1889912.05396317
2017-09-03T00:00:00Z,1891543.71927398
2017-09-02T00:00:00Z,1890937.99642785
2017-09-01T00:00:00Z,1889632.15758492
2017-08-31T00:00:00Z,1890122.74492962
2017-08-30T00:00:00Z,1887925.26455536
2017-08-29T00:00:00Z,1891588.93708325
2017-08-28T00:00:00Z,1889943.85736562
2017-08-27T00:00:00Z,1890923.59180535
2017-08-26T00:00:00Z,1890143.01190741
2017-08-25T00:00:00Z,1892057.68964522
2017-08-24T00:00:00Z,1892689.07477121
2017-08-23T00:00:00Z,1892649.93412512
2017-08-22T00:00:00Z,1891367.77951759
2017-08-21T00:00:00Z,1900334.53182076
2017-08-20T00:00:00Z,1899127.97842646
2017-08-19T00:00:00Z,1899240.85587258
2017-08-18T00:00:00Z,1911815.67492352
2017-08-17T00:00:00Z,1912639.20535645
2017-08-16T00:00:00Z,1910522.4366277
2017-08-15T00:00:00Z,1912192.3159342
2017-08-14T00:00:00Z,1910893.43861646
2017-08-13T00:00:00Z,1912107.03392912
2017-08-12T00:00:00Z,1913978.07025121
2017-08-11T00:00:00Z,1918243.2750568
2017-08-10T00:00:00Z,1915098.21844755
2017-08-09T00:00:00Z,1918240.39736761
2017-08-08T00:00:00Z,1923120.0899262
2017-08-07T00:00:00Z,1927619.79108501
2017-08-06T00:00:00Z,1928675.96373169
2017-08-05T00:00:00Z,1940377.50215962
2017-08-04T00:00:00Z,1945659.44125349
2017-08-03T00:00:00Z,1952680.51377466
2017-08-02T00:00:00Z,1950101.25202198
2017-08-01T00:00:00Z,1951554.28312969
2017-07-31T00:00:00Z,1949143.51271783
2017-07-30T00:00:00Z,1949963.492451
2017-07-29T00:00:00Z,1951325.84849811
2017-07-28T00:00:00Z,1955102.67918665
2017-07-27T00:00:00Z,1956909.87136256
2017-07-26T00:00:00Z,1950910.30170968
2017-07-25T00:00:00Z,1963428.47585913
2017-07-24T00:00:00Z,1958523.96426914
2017-07-23T00:00:00Z,1958029.97441589
2017-07-22T00:00:00Z,1956650.81493824
2017-07-21T00:00:00Z,1957333.552552
2017-07-20T00:00:00Z,1960579.30276891
2017-07-19T00:00:00Z,1963133.06731215
2017-07-18T00:00:00Z,1963494.97127408
2017-07-17T00:00:00Z,1965477.98202509
2017-07-16T00:00:00Z,1966568.71893299
2017-07-15T00:00:00Z,1968361.32790299
2017-07-14T00:00:00Z,1968403.5578351
2017-07-13T00:00:00Z,1967746.74635253
2017-07-12T00:00:00Z,1967111.12705925
2017-07-11T00:00:00Z,1966630.70034047
2017-07-10T00:00:00Z,1964768.66768827
2017-07-09T00:00:00Z,1948562.55417259
2017-07-08T00:00:00Z,1947046.38688235
2017-07-07T00:00:00Z,1946113.41563207
2017-07-06T00:00:00Z,1944964.73121368
2017-07-05T00:00:00Z,1944713.40302279
2017-07-04T00:00:00Z,1941077.29386477
2017-07-03T00:00:00Z,1938327.8139517
2017-07-02T00:00:00Z,1936729.70042235
2017-07-01T00:00:00Z,1936900.63603492
2017-06-30T00:00:00Z,1936332.07971246
2017-06-29T00:00:00Z,1936480.19449268
2017-06-28T00:00:00Z,1936110.35818807
2017-06-27T00:00:00Z,1936145.63561154
2017-06-26T00:00:00Z,1951471.18743819
2017-06-25T00:00:00Z,1952753.50014352
2017-06-24T00:00:00Z,1951090.48496764
2017-06-23T00:00:00Z,1950106.20991836
2017-06-22T00:00:00Z,1950219.9907172
2017-06-21T00:00:00Z,1949409.48626204
2017-06-20T00:00:00Z,1948767.24573485
2017-06-19T00:00:00Z,1947348.22283638
2017-06-18T00:00:00Z,1947527.64673948
2017-06-17T00:00:00Z,1947389.47294834
2017-06-16T00:00:00Z,1946903.49853736
2017-06-15T00:00:00Z,1946947.43081286
2017-06-14T00:00:00Z,1947823.8407566
2017-06-13T00:00:00Z,1946421.84646327
2017-06-12T00:00:00Z,1948076.82589478
2017-06-11T00:00:00Z,1950050.37894614
2017-06-10T00:00:00Z,1949185.58121364
2017-06-09T00:00:00Z,1949558.41605263
2017-06-08T00:00:00Z,1953745.43155235
2017-06-07T00:00:00Z,1959467.91822555
2017-06-06T00:00:00Z,1957780.87159951
2017-06-05T00:00:00Z,1958373.5052451
2017-06-04T00:00:00Z,1958705.23886686
2017-06-03T00:00:00Z,1959109.70637644
2017-06-02T00:00:00Z,1958936.81206425
2017-06-01T00:00:00Z,1958547.67101632
2017-05-31T00:00:00Z,1960044.50302317
2017-05-30T00:00:00Z,1957328.53085958
2017-05-29T00:00:00Z,1955817.82167209
2017-05-28T00:00:00Z,1956561.68478709
2017-05-27T00:00:00Z,1955877.00215804
2017-05-26T00:00:00Z,1955865.15364912
2017-05-25T00:00:00Z,1954285.54948256
2017-05-24T00:00:00Z,1951505.43894424
2017-05-23T00:00:00Z,1950350.77934395
2017-05-22T00:00:00Z,1952062.96403923
2017-05-21T00:00:00Z,1950918.80999519
2017-05-20T00:00:00Z,1952550.97013431
2017-05-19T00:00:00Z,1950862.79047888
2017-05-18T00:00:00Z,1956544.56094633
2017-05-17T00:00:00Z,1959994.20266616
2017-05-16T00:00:00Z,1960345.62762482
2017-05-15T00:00:00Z,1960142.8921524
2017-05-14T00:00:00Z,1961363.13912608
2017-05-13T00:00:00Z,1961827.6352447
2017-05-12T00:00:00Z,1961581.06022087
2017-05-11T00:00:00Z,1962647.82145852
2017-05-10T00:00:00Z,1960950.78147271
2017-05-09T00:00:00Z,1962141.42150023
2017-05-08T00:00:00Z,1964181.93707939
2017-05-07T00:00:00Z,1963223.36872737
2017-05-06T00:00:00Z,1965441.08881626
2017-05-05T00:00:00Z,1964255.75808358
2017-05-04T00:00:00Z,1964801.39993984
2017-05-03T00:00:00Z,1963309.98472349
2017-05-02T00:00:00Z,1965085.15657652
2017-05-01T00:00:00Z,1967346.39110129
2017-04-30T00:00:00Z,1967812.18334516
2017-04-29T00:00:00Z,1969678.35867414
2017-04-28T00:00:00Z,1969984.69177982
2017-04-27T00:00:00Z,1969710.24082778
2017-04-26T00:00:00Z,1969154.53246776
2017-04-25T00:00:00Z,1974205.29438979
2017-04-24T00:00:00Z,1972963.15565057
2017-04-23T00:00:00Z,1972500.53234833
2017-04-22T00:00:00Z,1971102.74680205
2017-04-21T00:00:00Z,1970575.75185291
2017-04-20T00:00:00Z,1970973.63502246
2017-04-19T00:00:00Z,1970577.61738764
2017-04-18T00:00:00Z,1970644.87698825
2017-04-17T00:00:00Z,1971680.34485511
2017-04-16T00:00:00Z,1971549.74665218
2017-04-15T00:00:00Z,1971099.69119094
2017-04-14T00:00:00Z,1971224.54505068
2017-04-13T00:00:00Z,1972215.18839881
2017-04-12T00:00:00Z,1976041.35824894
2017-04-11T00:00:00Z,1974880.15690185
2017-04-10T00:00:00Z,1974534.87093084
2017-04-09T00:00:00Z,1975556.72347778
2017-04-08T00:00:00Z,1973937.39988475
2017-04-07T00:00:00Z,1973041.55568778
2017-04-06T00:00:00Z,1972299.00733514
2017-04-05T00:00:00Z,1970508.55700815
2017-04-04T00:00:00Z,1970735.7972539
2017-04-03T00:00:00Z,1972059.66878626
2017-04-02T00:00:00Z,1970703.45216119
2017-04-01T00:00:00Z,1969047.13342333
2017-03-31T00:00:00Z,1970025.32837582
2017-03-30T00:00:00Z,1969037.8977967
2017-03-29T00:00:00Z,1967879.50399855
2017-03-28T00:00:00Z,1968310.09522571
2017-03-27T00:00:00Z,1968555.16024614
2017-03-26T00:00:00Z,1970289.38314096
2017-03-25T00:00:00Z,1968778.38507176
2017-03-24T00:00:00Z,1980739.03079368
2017-03-23T00:00:00Z,1983208.26095123
2017-03-22T00:00:00Z,1988666.2304552
2017-03-21T00:00:00Z,1989336.84777363
2017-03-20T00:00:00Z,1988182.01750325
2017-03-19T00:00:00Z,1986389.47899438
2017-03-18T00:00:00Z,1986059.5641849
2017-03-17T00:00:00Z,1992893.02332319
2017-03-16T00:00:00Z,1992380.2501159
2017-03-15T00:00:00Z,1995580.07065302
2017-03-14T00:00:00Z,1993241.39373691
2017-03-13T00:00:00Z,1993912.74547239
2017-03-12T00:00:00Z,1992575.68377273
2017-03-11T00:00:00Z,1992328.40489258
2017-03-10T00:00:00Z,1991297.89499753
2017-03-09T00:00:00Z,1990991.82018032
2017-03-08T00:00:00Z,1991177.36015106
2017-03-07T00:00:00Z,1991498.2024372
2017-03-06T00:00:00Z,1990572.28328022
2017-03-05T00:00:00Z,1990890.30100115
2017-03-04T00:00:00Z,1989465.3813487
2017-03-03T00:00:00Z,1988674.17230861
2017-03-02T00:00:00Z,1989596.90852851
2017-03-01T00:00:00Z,1990392.14469887
2017-02-28T00:00:00Z,1990483.58077095
2017-02-27T00:00:00Z,1991326.56619015
2017-02-26T00:00:00Z,1988761.91081585
2017-02-25T00:00:00Z,1988028.7296356
2017-02-24T00:00:00Z,1986591.50709643
2017-02-23T00:00:00Z,1987667.99442583
2017-02-22T00:00:00Z,1986642.07220401
2017-02-21T00:00:00Z,1986448.30384088
2017-02-20T00:00:00Z,1985760.71829453
2017-02-19T00:00:00Z,1985331.06585738
2017-02-18T00:00:00Z,1985203.48928821
2017-02-17T00:00:00Z,1984290.59179352
2017-02-16T00:00:00Z,1986457.46539698
2017-02-15T00:00:00Z,1989344.20043918
2017-02-14T00:00:00Z,1989756.60603217
2017-02-13T00:00:00Z,1993282.66707984
2017-02-12T00:00:00Z,1993925.75406205
2017-02-11T00:00:00Z,1993556.90424944
2017-02-10T00:00:00Z,1994123.40569846
2017-02-09T00:00:00Z,1992737.79970444
2017-02-08T00:00:00Z,1991943.07630234
2017-02-07T00:00:00Z,1999348.214073
2017-02-06T00:00:00Z,2000653.43197164
2017-02-05T00:00:00Z,2008580.76058797
2017-02-04T00:00:00Z,2007876.50458525
2017-02-03T00:00:00Z,2008789.0804554
2017-02-02T00:00:00Z,2008857.00834592
2017-02-01T00:00:00Z,2007712.44786235
2017-01-31T00:00:00Z,2007681.45829038
2017-01-30T00:00:00Z,2007369.17929569
2017-01-29T00:00:00Z,2006825.12343974
2017-01-28T00:00:00Z,2005976.72097784
2017-01-27T00:00:00Z,2005845.63159009
2017-01-26T00:00:00Z,2004910.83975091
2017-01-25T00:00:00Z,2004137.73151712
2017-01-24T00:00:00Z,2002338.1920088
2017-01-23T00:00:00Z,1999800.69672712
2017-01-22T00:00:00Z,2000348.49303504
2017-01-21T00:00:00Z,1999422.67339943
2017-01-20T00:00:00Z,1999431.24101952
2017-01-19T00:00:00Z,2007492.67201775
2017-01-18T00:00:00Z,2006874.32311106
2017-01-17T00:00:00Z,2005016.81339291
2017-01-16T00:00:00Z,2003080.47959493
2017-01-15T00:00:00Z,2003140.68757858
2017-01-14T00:00:00Z,2001805.7779885
2017-01-13T00:00:00Z,2001686.29555196
2017-01-12T00:00:00Z,2001289.54532658
2017-01-11T00:00:00Z,2001752.85481036
2017-01-10T00:00:00Z,2009613.9408771
2017-01-09T00:00:00Z,2009518.45689416
2017-01-08T00:00:00Z,2028349.08213745
2017-01-07T00:00:00Z,2027227.828734
2017-01-06T00:00:00Z,2026729.2196427
2017-01-05T00:00:00Z,2027972.19667564
2017-01-04T00:00:00Z,2038440.5048864
2017-01-03T00:00:00Z,2034510.16772951
2017-01-02T00:00:00Z,2034104.43000067
2017-01-01T00:00:00Z,2033433.99537174
2016-12-31T00:00:00Z,2031716.64876094
2016-12-30T00:00:00Z,2037876.21682207
2016-12-29T00:00:00Z,2034316.50165244
2016-12-28T00:00:00Z,2032475.53605539
2016-12-27T00:00:00Z,2033576.31943345
2016-12-26T00:00:00Z,2034537.29992881
2016-12-25T00:00:00Z,2030795.66580432
2016-12-24T00:00:00Z,2015850.12904695
2016-12-23T00:00:00Z,2014547.49582419
2016-12-22T00:00:00Z,2019409.88570938
2016-12-21T00:00:00Z,2019653.82274576
2016-12-20T00:00:00Z,2027634.93383523
2016-12-19T00:00:00Z,2029181.30057037
2016-12-18T00:00:00Z,2027652.74127143
2016-12-17T00:00:00Z,2027222.96531921
2016-12-16T00:00:00Z,2027360.1068124
2016-12-15T00:00:00Z,2027058.02907615
2016-12-14T00:00:00Z,2028627.19606395
2016-12-13T00:00:00Z,2027105.87444127
2016-12-12T00:00:00Z,2026868.48019362
2016-12-11T00:00:00Z,2025639.17674287
2016-12-10T00:00:00Z,2024484.86147483
2016-12-09T00:00:00Z,2029711.83299446
2016-12-08T00:00:00Z,2028919.69609379
2016-12-07T00:00:00Z,2027502.17769078
2016-12-06T00:00:00Z,2028060.25490178
2016-12-05T00:00:00Z,2027107.13186992
2016-12-04T00:00:00Z,2024292.06713205
2016-12-03T00:00:00Z,2024893.30059733
2016-12-02T00:00:00Z,2024111.91104669
2016-12-01T00:00:00Z,2027993.01473591
2016-11-30T00:00:00Z,2027524.38633168
2016-11-29T00:00:00Z,2043788.8181846
2016-11-28T00:00:00Z,2038814.00237888
2016-11-27T00:00:00Z,2044335.92485185
2016-11-26T00:00:00Z,2043679.80481771
2016-11-25T00:00:00Z,2043077.56532764
2016-11-24T00:00:00Z,2044123.41225073
2016-11-23T00:00:00Z,2043463.18491402
2016-11-22T00:00:00Z,2044974.7015235
2016-11-21T00:00:00Z,2043271.8346873
2016-11-20T00:00:00Z,2058153.16029165
2016-11-19T00:00:00Z,2058017.71724065
2016-11-18T00:00:00Z,2057480.19992081
2016-11-17T00:00:00Z,2054332.77293606
2016-11-16T00:00:00Z,2050551.79052583
2016-11-15T00:00:00Z,2053840.98259671
2016-11-14T00:00:00Z,2053841.8204701
2016-11-13T00:00:00Z,2050875.85179034
2016-11-12T00:00:00Z,2049680.18811925
2016-11-11T00:00:00Z,2048663.87473148
2016-11-10T00:00:00Z,2051042.38929395
2016-11-09T00:00:00Z,2054788.35440757
2016-11-08T00:00:00Z,2056040.55754643
2016-11-07T00:00:00Z,2052958.18074104
2016-11-06T00:00:00Z,2055055.12281288
2016-11-05T00:00:00Z,2054430.08370172
2016-11-04T00:00:00Z,2056590.13843595
2016-11-03T00:00:00Z,2053713.2070395
2016-11-02T00:00:00Z,2049330.4878449
2016-11-01T00:00:00Z,2050640.61718158
2016-10-31T00:00:00Z,2053417.27295156
2016-10-30T00:00:00Z,2054446.65603139
2016-10-29T00:00:00Z,2051141.99380066
2016-10-28T00:00:00Z,2050793.00929036
2016-10-27T00:00:00Z,2055958.70118542
2016-10-26T00:00:00Z,2056606.78487567
2016-10-25T00:00:00Z,2064894.87102504
2016-10-24T00:00:00Z,2062789.12914377
2016-10-23T00:00:00Z,2054272.01214573
2016-10-22T00:00:00Z,2052534.01701967
2016-10-21T00:00:00Z,2052131.52401553
2016-10-20T00:00:00Z,2061037.39259608
2016-10-19T00:00:00Z,2065038.65668602
2016-10-18T00:00:00Z,2064070.44274615
2016-10-17T00:00:00Z,2081262.32771757
2016-10-16T00:00:00Z,2081370.3641172
2016-10-15T00:00:00Z,2080066.60796885
2016-10-14T00:00:00Z,2068648.85063891
2016-10-13T00:00:00Z,2071935.00398891
2016-10-12T00:00:00Z,2080181.52678157
2016-10-11T00:00:00Z,2078639.84796884
2016-10-10T00:00:00Z,2079007.10799231
2016-10-09T00:00:00Z,2075733.85893238
2016-10-08T00:00:00Z,2074104.0253828
2016-10-07T00:00:00Z,2073632.08387821
2016-10-06T00:00:00Z,2074580.55927156
2016-10-05T00:00:00Z,2068774.95201933
2016-10-04T00:00:00Z,2077147.62698739
2016-10-03T00:00:00Z,2071230.56455418
2016-10-02T00:00:00Z,2086741.35597772
2016-10-01T00:00:00Z,2087874.55268108
2016-09-30T00:00:00Z,2086737.98081094
2016-09-29T00:00:00Z,2082945.18116389
2016-09-28T00:00:00Z,2085964.51118556
2016-09-27T00:00:00Z,2082990.03378533
2016-09-26T00:00:00Z,2086257.86090175
2016-09-25T00:00:00Z,2092377.2327552
2016-09-24T00:00:00Z,2090719.15736504
2016-09-23T00:00:00Z,2088896.59199445
2016-09-22T00:00:00Z,2091779.76021366
2016-09-21T00:00:00Z,2087415.24443983
2016-09-20T00:00:00Z,2079126.17228656
2016-09-19T00:00:00Z,2091046.90773615
2016-09-18T00:00:00Z,2079449.52228316
2016-09-17T00:00:00Z,2078206.29859919
2016-09-16T00:00:00Z,2077770.87065575
2016-09-15T00:00:00Z,2086629.74246064
2016-09-14T00:00:00Z,2095181.86426988
2016-09-13T00:00:00Z,2095636.56667226
2016-09-12T00:00:00Z,2086626.59163381
2016-09-11T00:00:00Z,2091467.14728206
2016-09-10T00:00:00Z,2090204.44461376
2016-09-09T00:00:00Z,2089245.74467135
2016-09-08T00:00:00Z,2099358.65846421
2016-09-07T00:00:00Z,2097406.87449739
2016-09-06T00:00:00Z,2108281.10494191
2016-09-05T00:00:00Z,2107615.02800531
2016-09-04T00:00:00Z,2108320.03929052
2016-09-03T00:00:00Z,2107897.52532397
2016-09-02T00:00:00Z,2107554.36587806
2016-09-01T00:00:00Z,2102805.14896817
2016-08-31T00:00:00Z,2109348.8287652
2016-08-30T00:00:00Z,2086727.50718042
2016-08-29T00:00:00Z,2085430.11395253
2016-08-28T00:00:00Z,2086040.38967169
2016-08-27T00:00:00Z,2085041.4891277
2016-08-26T00:00:00Z,2083907.65467069
2016-08-25T00:00:00Z,2085152.27265194
2016-08-24T00:00:00Z,2086495.4893879
2016-08-23T00:00:00Z,2095231.96118484
2016-08-22T00:00:00Z,2098314.02968945
2016-08-21T00:00:00Z,2101808.12970423
2016-08-20T00:00:00Z,2100730.67547737
2016-08-19T00:00:00Z,2099839.74587877
2016-08-18T00:00:00Z,2102137.31868538
2016-08-17T00:00:00Z,2103905.13682347
2016-08-16T00:00:00Z,2121165.94281012
2016-08-15T00:00:00Z,2141219.88016964
2016-08-14T00:00:00Z,2140194.45368766
2016-08-13T00:00:00Z,2137123.97938503
2016-08-12T00:00:00Z,2135485.23818957
2016-08-11T00:00:00Z,2134276.52394706
2016-08-10T00:00:00Z,2124530.26550626
2016-08-09T00:00:00Z,2125243.52994666
2016-08-08T00:00:00Z,2130430.31940915
2016-08-07T00:00:00Z,2129058.76376772
2016-08-06T00:00:00Z,2127978.18482592
2016-08-05T00:00:00Z,2126324.86619829
2016-08-04T00:00:00Z,2125552.14553717
2016-08-03T00:00:00Z,2144742.36461438
2016-08-02T00:00:00Z,2146188.08514092
2016-08-01T00:00:00Z,2142251.95868929
2016-07-31T00:00:00Z,2132705.34229018
2016-07-30T00:00:00Z,2119784.13907144
2016-07-29T00:00:00Z,2118795.5964394
2016-07-28T00:00:00Z,2116888.92907859
2016-07-27T00:00:00Z,2117989.19472073
2016-07-26T00:00:00Z,2121700.98174429
2016-07-25T00:00:00Z,2129721.32585088
2016-07-24T00:00:00Z,2133892.64540299
2016-07-23T00:00:00Z,2133656.75266417
2016-07-22T00:00:00Z,2131996.84267145
2016-07-21T00:00:00Z,2131320.83903029
2016-07-20T00:00:00Z,2135116.67561019
2016-07-19T00:00:00Z,2149165.77850643
2016-07-18T00:00:00Z,2149768.91915691
2016-07-17T00:00:00Z,2155469.11115712
2016-07-16T00:00:00Z,2144402.26549959
2016-07-15T00:00:00Z,2134188.62866995
2016-07-14T00:00:00Z,2131393.21149395
2016-07-13T00:00:00Z,2129000.37130003
2016-07-12T00:00:00Z,2128426.1841571
2016-07-11T00:00:00Z,2132028.83588934
2016-07-10T00:00:00Z,2138160.61526023
2016-07-09T00:00:00Z,2132610.04286756
2016-07-08T00:00:00Z,2130471.9121963
2016-07-07T00:00:00Z,2133835.03654636
2016-07-06T00:00:00Z,2138085.54312608
2016-07-05T00:00:00Z,2157394.10855849
2016-07-04T00:00:00Z,2155519.27000339
2016-07-03T00:00:00Z,2157359.63628608
2016-07-02T00:00:00Z,2140890.96329413
2016-07-01T00:00:00Z,2126878.35047412
2016-06-30T00:00:00Z,2119846.0007427
2016-06-29T00:00:00Z,2112468.67951834
2016-06-28T00:00:00Z,2133208.42939522
2016-06-27T00:00:00Z,2125511.95092306
2016-06-26T00:00:00Z,2123800.93312144
2016-06-25T00:00:00Z,2119265.50376922
2016-06-24T00:00:00Z,2113616.57253448
2016-06-23T00:00:00Z,2109705.36561394
2016-06-22T00:00:00Z,2110578.18734158
2016-06-21T00:00:00Z,2138140.89699896
2016-06-20T00:00:00Z,2135257.28351889
2016-06-19T00:00:00Z,2142317.39903255
2016-06-18T00:00:00Z,2136282.14797596
2016-06-17T00:00:00Z,2136932.34298814
2016-06-16T00:00:00Z,2134269.3417246
2016-06-15T00:00:00Z,2138047.98119026
2016-06-14T00:00:00Z,2169887.18681449
2016-06-13T00:00:00Z,2181649.42069816
2016-06-12T00:00:00Z,2210952.02494518
2016-06-11T00:00:00Z,2192316.85417277
2016-06-10T00:00:00Z,2172345.44146141
2016-06-09T00:00:00Z,2147740.2338708
2016-06-08T00:00:00Z,2185316.27331074
2016-06-07T00:00:00Z,2164655.1682239
2016-06-06T00:00:00Z,2154972.61890691
2016-06-05T00:00:00Z,2141883.53799638
2016-06-04T00:00:00Z,2110399.61245403
2016-06-03T00:00:00Z,2108734.90487239
2016-06-02T00:00:00Z,2106487.40875695
2016-06-01T00:00:00Z,2104216.12491529
2016-05-31T00:00:00Z,2101321.73802989
2016-05-30T00:00:00Z,2107636.39940628
2016-05-29T00:00:00Z,2132737.99424718
2016-05-28T00:00:00Z,2139990.47733974
2016-05-27T00:00:00Z,2113068.67969494
2016-05-26T00:00:00Z,2101009.35995837
2016-05-25T00:00:00Z,2103489.32578317
2016-05-24T00:00:00Z,2102735.73877473
2016-05-23T00:00:00Z,2096991.477319
2016-05-22T00:00:00Z,2103268.29778654
2016-05-21T00:00:00Z,2109351.9291199
2016-05-20T00:00:00Z,2109410.99398484
2016-05-19T00:00:00Z,2107573.67822107
2016-05-18T00:00:00Z,2105602.71350962
2016-05-17T00:00:00Z,2103289.89793013
2016-05-16T00:00:00Z,2100841.43046218
2016-05-15T00:00:00Z,2099052.19428688
2016-05-14T00:00:00Z,2097523.79348959
2016-05-13T00:00:00Z,2098320.17108681
2016-05-12T00:00:00Z,2096390.17807613
2016-05-11T00:00:00Z,2096413.9551937
2016-05-10T00:00:00Z,2093560.82697493
2016-05-09T00:00:00Z,2091824.75165005
2016-05-08T00:00:00Z,2091966.60643586
2016-05-07T00:00:00Z,2090165.04215446
2016-05-06T00:00:00Z,2088909.60467512
2016-05-05T00:00:00Z,2087827.7962293
2016-05-04T00:00:00Z,2087033.83189056
2016-05-03T00:00:00Z,2084826.35110346
2016-05-02T00:00:00Z,2083591.62109385
2016-05-01T00:00:00Z,2081956.38626344
2016-04-30T00:00:00Z,2080846.88770912
2016-04-29T00:00:00Z,2081060.05690738
2016-04-28T00:00:00Z,2083421.84889435
2016-04-27T00:00:00Z,2080291.85472617
2016-04-26T00:00:00Z,2078959.62871078
2016-04-25T00:00:00Z,2081852.31118299
2016-04-24T00:00:00Z,2077052.52891089
2016-04-23T00:00:00Z,2075546.6812018
2016-04-22T00:00:00Z,2076106.57939737
2016-04-21T00:00:00Z,2075673.06508753
2016-04-20T00:00:00Z,2074147.99118029
2016-04-19T00:00:00Z,2074037.51937173
2016-04-18T00:00:00Z,2071679.91258768
2016-04-17T00:00:00Z,2075110.71097348
2016-04-16T00:00:00Z,2072491.50546169
2016-04-15T00:00:00Z,2094926.68075213
2016-04-14T00:00:00Z,2094008.16395125
2016-04-13T00:00:00Z,2093677.81518711
2016-04-12T00:00:00Z,2093818.67216549
2016-04-11T00:00:00Z,2092325.254898
2016-04-10T00:00:00Z,2089811.65235362
2016-04-09T00:00:00Z,2088990.16625432
2016-04-08T00:00:00Z,2087515.25706459
2016-04-07T00:00:00Z,2085792.36535891
2016-04-06T00:00:00Z,2084724.47065167
2016-04-05T00:00:00Z,2082234.73174259
2016-04-04T00:00:00Z,2082278.05488822
2016-04-03T00:00:00Z,2081019.41761696
2016-04-02T00:00:00Z,2080194.74963522
2016-04-01T00:00:00Z,2078500.76003087
2016-03-31T00:00:00Z,2077828.5965809
2016-03-30T00:00:00Z,2081283.48695135
2016-03-29T00:00:00Z,2078751.74393092
2016-03-28T00:00:00Z,2076174.06638308
2016-03-27T00:00:00Z,2073196.07114847
2016-03-26T00:00:00Z,2089735.70460116
2016-03-25T00:00:00Z,2088809.30195359
2016-03-24T00:00:00Z,2083511.43606552
2016-03-23T00:00:00Z,2086943.238839
2016-03-22T00:00:00Z,2083379.40867378
2016-03-21T00:00:00Z,2081567.88353097
2016-03-20T00:00:00Z,2082564.14165931
2016-03-19T00:00:00Z,2083622.02202973
2016-03-18T00:00:00Z,2080328.04306662
2016-03-17T00:00:00Z,2081953.18821547
2016-03-16T00:00:00Z,2082181.91598292
2016-03-15T00:00:00Z,2080067.20375671
2016-03-14T00:00:00Z,2074878.80870772
2016-03-13T00:00:00Z,2070770.63752171
2016-03-12T00:00:00Z,2069342.97026416
2016-03-11T00:00:00Z,2069044.25301463
2016-03-10T00:00:00Z,2089111.62748944
2016-03-09T00:00:00Z,2101151.77530819
2016-03-08T00:00:00Z,2097841.94466871
2016-03-07T00:00:00Z,2094100.06173806
2016-03-06T00:00:00Z,2100499.36473607
2016-03-05T00:00:00Z,2094106.36007801
2016-03-04T00:00:00Z,2100780.06385499
2016-03-03T00:00:00Z,2124101.0751254
2016-03-02T00:00:00Z,2125857.05270611
2016-03-01T00:00:00Z,2144981.1703934
2016-02-29T00:00:00Z,2127880.20974774
2016-02-28T00:00:00Z,2109000.11368494
2016-02-27T00:00:00Z,2099809.73471775
2016-02-26T00:00:00Z,2136006.65715976
2016-02-25T00:00:00Z,2145773.09802806
2016-02-24T00:00:00Z,2141965.37258081
2016-02-23T00:00:00Z,2140481.84982633
2016-02-22T00:00:00Z,2136771.52674492
2016-02-21T00:00:00Z,2132695.36253268
2016-02-20T00:00:00Z,2127071.70414847
2016-02-19T00:00:00Z,2123081.56940224
2016-02-18T00:00:00Z,2119528.65214946
2016-02-17T00:00:00Z,2122804.84657388
2016-02-16T00:00:00Z,2121230.82251195
2016-02-15T00:00:00Z,2122316.51199616
2016-02-14T00:00:00Z,2123133.95458803
2016-02-13T00:00:00Z,2123232.50431101
2016-02-12T00:00:00Z,2122308.14019053
2016-02-11T00:00:00Z,2119932.70666157
2016-02-10T00:00:00Z,2118313.05035704
2016-02-09T00:00:00Z,2113072.85777781
2016-02-08T00:00:00Z,2112213.54821891
2016-02-07T00:00:00Z,2110556.65201452
2016-02-06T00:00:00Z,2108442.61363523
2016-02-05T00:00:00Z,2114905.75093574
2016-02-04T00:00:00Z,2127901.2753466
2016-02-03T00:00:00Z,2126430.11070586
2016-02-02T00:00:00Z,2126299.78054469
2016-02-01T00:00:00Z,2125428.17188582
2016-01-31T00:00:00Z,2122505.86907541
2016-01-30T00:00:00Z,2117637.27563176
2016-01-29T00:00:00Z,2117421.59686489
2016-01-28T00:00:00Z,2116283.66613449
2016-01-27T00:00:00Z,2112192.32498888
2016-01-26T00:00:00Z,2108438.08091882
2016-01-25T00:00:00Z,2104262.92663558
2016-01-24T00:00:00Z,2100150.56463565
2016-01-23T00:00:00Z,2098715.78938904
2016-01-22T00:00:00Z,2097961.87023994
2016-01-21T00:00:00Z,2096006.84170112
2016-01-20T00:00:00Z,2108178.28074712
2016-01-19T00:00:00Z,2108617.47880346
2016-01-18T00:00:00Z,2112690.57768751
2016-01-17T00:00:00Z,2114114.24336874
2016-01-16T00:00:00Z,2113220.87314665
2016-01-15T00:00:00Z,2111608.80765864
2016-01-14T00:00:00Z,2110533.2703836
2016-01-13T00:00:00Z,2112138.45351944
2016-01-12T00:00:00Z,2115444.42366065
2016-01-11T00:00:00Z,2113972.42486121
2016-01-10T00:00:00Z,2117065.26293509
2016-01-09T00:00:00Z,2122834.26857746
2016-01-08T00:00:00Z,2122374.93475565
2016-01-07T00:00:00Z,2119572.81781376
2016-01-06T00:00:00Z,2117903.08513776
2016-01-05T00:00:00Z,2120663.83578296
2016-01-04T00:00:00Z,2126362.83384755
2016-01-03T00:00:00Z,2124033.42304763
2016-01-02T00:00:00Z,2123201.49538198
2016-01-01T00:00:00Z,2122688.43288269
2015-12-31T00:00:00Z,2121525.1713151
2015-12-30T00:00:00Z,2120460.23863541
2015-12-29T00:00:00Z,2119512.61708087
2015-12-28T00:00:00Z,2116921.01171301
2015-12-27T00:00:00Z,2135422.22848813
2015-12-26T00:00:00Z,2137497.92934593
2015-12-25T00:00:00Z,2137834.88453902
2015-12-24T00:00:00Z,2131226.18613882
2015-12-23T00:00:00Z,2134293.95856581
2015-12-22T00:00:00Z,2123024.81637323
2015-12-21T00:00:00Z,2151085.46184509
2015-12-20T00:00:00Z,2144227.7952416
2015-12-19T00:00:00Z,2126984.73277132
2015-12-18T00:00:00Z,2128143.62310233
2015-12-17T00:00:00Z,2113994.97957376
2015-12-16T00:00:00Z,2127201.4868968
2015-12-15T00:00:00Z,2138410.14151554
2015-12-14T00:00:00Z,2153522.2221194
2015-12-13T00:00:00Z,2139512.43528137
2015-12-12T00:00:00Z,2126469.56216816
2015-12-11T00:00:00Z,2117742.2588663
2015-12-10T00:00:00Z,2129420.84055142
2015-12-09T00:00:00Z,2116998.32569173
2015-12-08T00:00:00Z,2103007.28486117
2015-12-07T00:00:00Z,2127736.90595283
2015-12-06T00:00:00Z,2114550.92403769
2015-12-05T00:00:00Z,2105554.58674651
2015-12-04T00:00:00Z,2092273.93182598
2015-12-03T00:00:00Z,2090914.37687841
2015-12-02T00:00:00Z,2113034.95879369
2015-12-01T00:00:00Z,2124937.22479605
2015-11-30T00:00:00Z,2112750.72727624
2015-11-29T00:00:00Z,2104435.03397546
2015-11-28T00:00:00Z,2094057.49650605
2015-11-27T00:00:00Z,2082954.35749598
2015-11-26T00:00:00Z,2149931.70691654
2015-11-25T00:00:00Z,2140658.01673734
2015-11-24T00:00:00Z,2131025.02730101
2015-11-23T00:00:00Z,2122633.97566102
2015-11-22T00:00:00Z,2114108.13004423
2015-11-21T00:00:00Z,2106681.98317673
2015-11-20T00:00:00Z,2093727.98886676
2015-11-19T00:00:00Z,2081309.69096307
2015-11-18T00:00:00Z,2067743.77192309
2015-11-17T00:00:00Z,2060878.14057604
2015-11-16T00:00:00Z,2100370.85558796
2015-11-15T00:00:00Z,2122120.33599641
2015-11-14T00:00:00Z,2105963.17136856
2015-11-13T00:00:00Z,2089208.82554977
2015-11-12T00:00:00Z,2073807.6198262
2015-11-11T00:00:00Z,2054362.11917633
2015-11-10T00:00:00Z,2081715.41141392
2015-11-09T00:00:00Z,2114115.54515063
2015-11-08T00:00:00Z,2098515.84838129
2015-11-07T00:00:00Z,2085954.45389064
2015-11-06T00:00:00Z,2074580.5148576
2015-11-05T00:00:00Z,2064695.4020948
2015-11-04T00:00:00Z,2062603.34980823
2015-11-03T00:00:00Z,2049931.03152629
2015-11-02T00:00:00Z,2067234.83754008
2015-11-01T00:00:00Z,2064253.34403346
2015-10-31T00:00:00Z,2063974.63694609
2015-10-30T00:00:00Z,2078960.01061495
2015-10-29T00:00:00Z,2093525.93685973
2015-10-28T00:00:00Z,2084930.69502525
2015-10-27T00:00:00Z,2076923.88073485
2015-10-26T00:00:00Z,2074803.24782737
2015-10-25T00:00:00Z,2067568.15169381
2015-10-24T00:00:00Z,2065890.52999509
2015-10-23T00:00:00Z,2060716.60140995
2015-10-22T00:00:00Z,2059182.01240024
2015-10-21T00:00:00Z,2053614.62437336
2015-10-20T00:00:00Z,2052092.1773917
2015-10-19T00:00:00Z,2049280.63955816
2015-10-18T00:00:00Z,2052847.56822948
2015-10-17T00:00:00Z,2058850.82500412
2015-10-16T00:00:00Z,2055151.92674605
2015-10-15T00:00:00Z,2056813.73454414
2015-10-14T00:00:00Z,2062394.9601862
2015-10-13T00:00:00Z,2066517.61353338
2015-10-12T00:00:00Z,2065239.31726301
2015-10-11T00:00:00Z,2066189.6845408
2015-10-10T00:00:00Z,2066259.10791852
2015-10-09T00:00:00Z,2066002.89344795
2015-10-08T00:00:00Z,2064662.04617396
2015-10-07T00:00:00Z,2073656.48271102
2015-10-06T00:00:00Z,2077607.04430783
2015-10-05T00:00:00Z,2083803.38983934
2015-10-04T00:00:00Z,2083483.58605383
2015-10-03T00:00:00Z,2096250.10104542
2015-10-02T00:00:00Z,2093100.03009393
2015-10-01T00:00:00Z,2091102.51861615
2015-09-30T00:00:00Z,2086895.3308584
2015-09-29T00:00:00Z,2081416.07163311
2015-09-28T00:00:00Z,2078303.3010848
2015-09-27T00:00:00Z,2081843.48908123
2015-09-26T00:00:00Z,2078399.5683116
2015-09-25T00:00:00Z,2076204.82851151
2015-09-24T00:00:00Z,2079931.47688321
2015-09-23T00:00:00Z,2078155.93621379
2015-09-22T00:00:00Z,2075318.51007685
2015-09-21T00:00:00Z,2072957.81580696
2015-09-20T00:00:00Z,2070838.72014597
2015-09-19T00:00:00Z,2069592.98134949
2015-09-18T00:00:00Z,2069047.21217954
2015-09-17T00:00:00Z,2067960.87621275
2015-09-16T00:00:00Z,2066771.28525141
2015-09-15T00:00:00Z,2066528.41064744
2015-09-14T00:00:00Z,2065140.73115352
2015-09-13T00:00:00Z,2062549.50045119
2015-09-12T00:00:00Z,2060976.0142967
2015-09-11T00:00:00Z,2060644.80251091
2015-09-10T00:00:00Z,2059692.95571814
2015-09-09T00:00:00Z,2059964.09769858
2015-09-08T00:00:00Z,2057867.36729622
2015-09-07T00:00:00Z,2063164.39349347
2015-09-06T00:00:00Z,2067542.84457668
2015-09-05T00:00:00Z,2064270.70689471
2015-09-04T00:00:00Z,2062569.24611004
2015-09-03T00:00:00Z,2060372.02711339
2015-09-02T00:00:00Z,2059134.06617321
2015-09-01T00:00:00Z,2055155.75096743
2015-08-31T00:00:00Z,2059099.19732688
2015-08-30T00:00:00Z,2057123.04339653
2015-08-29T00:00:00Z,2058831.29394062
2015-08-28T00:00:00Z,2057693.41063086
2015-08-27T00:00:00Z,2054846.22431498
2015-08-26T00:00:00Z,2052958.78832496
2015-08-25T00:00:00Z,2051492.29023067
2015-08-24T00:00:00Z,2062931.80758317
2015-08-23T00:00:00Z,2061788.16284414
2015-08-22T00:00:00Z,2059783.74120117
2015-08-21T00:00:00Z,2059452.49592012
2015-08-20T00:00:00Z,2057127.9961349
2015-08-19T00:00:00Z,2055577.9918399
2015-08-18T00:00:00Z,2054141.80100199
2015-08-17T00:00:00Z,2057401.52265707
2015-08-16T00:00:00Z,2054415.78137977
2015-08-15T00:00:00Z,2053803.4628501
2015-08-14T00:00:00Z,2052609.65167168
2015-08-13T00:00:00Z,2049033.79772968
2015-08-12T00:00:00Z,2046628.09029389
2015-08-11T00:00:00Z,2052719.86622639
2015-08-10T00:00:00Z,2054084.96605766
2015-08-09T00:00:00Z,2054403.42916698
2015-08-08T00:00:00Z,2052631.39807775
2015-08-07T00:00:00Z,2064993.46934464
2015-08-06T00:00:00Z,2066986.15186715
2015-08-05T00:00:00Z,2065192.49998394
2015-08-04T00:00:00Z,2067972.35868755
2015-08-03T00:00:00Z,2062136.13438758
2015-08-02T00:00:00Z,2058735.3815377
2015-08-01T00:00:00Z,2057220.74770732
2015-07-31T00:00:00Z,2054859.78554188
2015-07-30T00:00:00Z,2053914.7887538
2015-07-29T00:00:00Z,2056613.00696838
2015-07-28T00:00:00Z,2055711.39119344
2015-07-27T00:00:00Z,2054846.97090059
2015-07-26T00:00:00Z,2052752.26154894
2015-07-25T00:00:00Z,2060010.42189002
2015-07-24T00:00:00Z,2057147.99621755
2015-07-23T00:00:00Z,2052957.79689813
2015-07-22T00:00:00Z,2050352.64264431
2015-07-21T00:00:00Z,2048489.78911908
2015-07-20T00:00:00Z,2049978.83733137
2015-07-19T00:00:00Z,2052774.86113809
2015-07-18T00:00:00Z,2053373.35863755
2015-07-17T00:00:00Z,2050701.99290387
2015-07-16T00:00:00Z,2048567.56964193
2015-07-15T00:00:00Z,2046547.87344083
2015-07-14T00:00:00Z,2044953.95295355
2015-07-13T00:00:00Z,2044724.94417052
2015-07-12T00:00:00Z,2042756.97351773
2015-07-11T00:00:00Z,2043179.24694289
2015-07-10T00:00:00Z,2041933.6848632
2015-07-09T00:00:00Z,2041152.62432332
2015-07-08T00:00:00Z,2040936.22835589
2015-07-07T00:00:00Z,2045992.88490505
2015-07-06T00:00:00Z,2043483.8650132
2015-07-05T00:00:00Z,2044363.44901605
2015-07-04T00:00:00Z,2046373.7524503
2015-07-03T00:00:00Z,2045168.886877
2015-07-02T00:00:00Z,2043502.90673893
2015-07-01T00:00:00Z,2043530.7241354
2015-06-30T00:00:00Z,2044292.90480712
2015-06-29T00:00:00Z,2044203.64786596
2015-06-28T00:00:00Z,2046900.26264565
2015-06-27T00:00:00Z,2047455.93269592
2015-06-26T00:00:00Z,2048993.30385013
2015-06-25T00:00:00Z,2052037.33195875
2015-06-24T00:00:00Z,2047183.86829851
2015-06-23T00:00:00Z,2048179.01857674
2015-06-22T00:00:00Z,2052112.68327749
2015-06-21T00:00:00Z,2051551.57005161
2015-06-20T00:00:00Z,2048942.4706953
2015-06-19T00:00:00Z,2048934.03881952
2015-06-18T00:00:00Z,2072599.37425015
2015-06-17T00:00:00Z,2071717.94481558
2015-06-16T00:00:00Z,2070966.35402287
2015-06-15T00:00:00Z,2088318.02110215
2015-06-14T00:00:00Z,2088236.38286755
2015-06-13T00:00:00Z,2088335.3074099
2015-06-12T00:00:00Z,2086735.73237249
2015-06-11T00:00:00Z,2085890.84114199
2015-06-10T00:00:00Z,2083322.89384883
2015-06-09T00:00:00Z,2080454.8120706
2015-06-08T00:00:00Z,2079971.15656303
2015-06-07T00:00:00Z,2081777.90506933
2015-06-06T00:00:00Z,2081768.06149508
2015-06-05T00:00:00Z,2080916.31413663
2015-06-04T00:00:00Z,2081282.22022046
2015-06-03T00:00:00Z,2080611.46156296
2015-06-02T00:00:00Z,2080273.58279678
2015-06-01T00:00:00Z,2074734.46683749
2015-05-31T00:00:00Z,2075343.64340617
2015-05-30T00:00:00Z,2076699.89615255
2015-05-29T00:00:00Z,2072230.52216845
2015-05-28T00:00:00Z,2069910.11543053
2015-05-27T00:00:00Z,2068062.27220201
2015-05-26T00:00:00Z,2069672.31891081
2015-05-25T00:00:00Z,2069892.26331758
2015-05-24T00:00:00Z,2068632.45192732
2015-05-23T00:00:00Z,2068452.14767446
2015-05-22T00:00:00Z,2069399.83778162
2015-05-21T00:00:00Z,2068670.00042909
2015-05-20T00:00:00Z,2066378.97318297
2015-05-19T00:00:00Z,2065503.20930547
2015-05-18T00:00:00Z,2071748.07857839
2015-05-17T00:00:00Z,2070556.18674072
2015-05-16T00:00:00Z,2069635.90572352
2015-05-15T00:00:00Z,2069282.59721729
2015-05-14T00:00:00Z,2068080.46746887
2015-05-13T00:00:00Z,2066378.51690599
2015-05-12T00:00:00Z,2067959.29901954
2015-05-11T00:00:00Z,2070526.35614771
2015-05-10T00:00:00Z,2071042.40406298
2015-05-09T00:00:00Z,2070464.27743461
2015-05-08T00:00:00Z,2069111.94631418
2015-05-07T00:00:00Z,2068027.22885317
2015-05-06T00:00:00Z,2066580.51139614
2015-05-05T00:00:00Z,2067629.25471413
2015-05-04T00:00:00Z,2065846.04027128
2015-05-03T00:00:00Z,2066499.59801533
2015-05-02T00:00:00Z,2066800.23490028
2015-05-01T00:00:00Z,2065725.03927978
2015-04-30T00:00:00Z,2065017.38919593
2015-04-29T00:00:00Z,2065590.23903798
2015-04-28T00:00:00Z,2064916.66165459
2015-04-27T00:00:00Z,2064609.52486839
2015-04-26T00:00:00Z,2065979.76463044
2015-04-25T00:00:00Z,2065278.91447985
2015-04-24T00:00:00Z,2062895.47933159
2015-04-23T00:00:00Z,2061520.38958428
2015-04-22T00:00:00Z,2061242.40063283
2015-04-21T00:00:00Z,2061286.64845719
2015-04-20T00:00:00Z,2060223.39687214
2015-04-19T00:00:00Z,2059746.58167841
2015-04-18T00:00:00Z,2059020.09631285
2015-04-17T00:00:00Z,2058901.36212304
2015-04-16T00:00:00Z,2054804.47069608
2015-04-15T00:00:00Z,2055953.07419959
2015-04-14T00:00:00Z,2054678.03148041
2015-04-13T00:00:00Z,2054304.79692128
2015-04-12T00:00:00Z,2061271.68255089
2015-04-11T00:00:00Z,2060953.28047252
2015-04-10T00:00:00Z,2060705.83939458
2015-04-09T00:00:00Z,2061143.61093023
2015-04-08T00:00:00Z,2059269.8441486
2015-04-07T00:00:00Z,2061679.4375487
2015-04-06T00:00:00Z,2065040.82081874
2015-04-05T00:00:00Z,2062903.37192412
2015-04-04T00:00:00Z,2061982.32760888
2015-04-03T00:00:00Z,2060803.02457145
2015-04-02T00:00:00Z,2061239.82913485
2015-04-01T00:00:00Z,2063313.48461982
2015-03-31T00:00:00Z,2065818.33067419
2015-03-30T00:00:00Z,2064251.34400089
2015-03-29T00:00:00Z,2064290.86892719
2015-03-28T00:00:00Z,2063845.0169452
2015-03-27T00:00:00Z,2063431.44220464
2015-03-26T00:00:00Z,2061483.91398828
2015-03-25T00:00:00Z,2061838.08140298
2015-03-24T00:00:00Z,2063332.83100975
2015-03-23T00:00:00Z,2061858.24344539
2015-03-22T00:00:00Z,2061731.64805816
2015-03-21T00:00:00Z,2062494.28154697
2015-03-20T00:00:00Z,2058839.33627823
2015-03-19T00:00:00Z,2056425.02969717
2015-03-18T00:00:00Z,2056378.36014533
2015-03-17T00:00:00Z,2055125.4977263
2015-03-16T00:00:00Z,2058410.31065174
2015-03-15T00:00:00Z,2058318.31733677
2015-03-14T00:00:00Z,2058727.12681965
2015-03-13T00:00:00Z,2058329.27292732
2015-03-12T00:00:00Z,2059844.83475982
2015-03-11T00:00:00Z,2058461.2540706
2015-03-10T00:00:00Z,2058127.5415736
2015-03-09T00:00:00Z,2057292.42310663
2015-03-08T00:00:00Z,2057766.02709573
2015-03-07T00:00:00Z,2056977.58866529
2015-03-06T00:00:00Z,2056112.13956619
2015-03-05T00:00:00Z,2054207.94917255
2015-03-04T00:00:00Z,2054637.99596951
2015-03-03T00:00:00Z,2053861.92342558
2015-03-02T00:00:00Z,2056121.3202816
2015-03-01T00:00:00Z,2057868.38120891
2015-02-28T00:00:00Z,2057960.13490511
2015-02-27T00:00:00Z,2057967.7945686
2015-02-26T00:00:00Z,2057667.2673022
2015-02-25T00:00:00Z,2057791.98482057
2015-02-24T00:00:00Z,2058091.78295749
2015-02-23T00:00:00Z,2061555.07936584
2015-02-22T00:00:00Z,2069824.15762888
2015-02-21T00:00:00Z,2068776.9867078
2015-02-20T00:00:00Z,2070255.27693982
2015-02-19T00:00:00Z,2069694.31978749
2015-02-18T00:00:00Z,2069301.83214073
2015-02-17T00:00:00Z,2068985.7895454
2015-02-16T00:00:00Z,2067841.65543303
2015-02-15T00:00:00Z,2066874.33352323
2015-02-14T00:00:00Z,2066965.9308642
2015-02-13T00:00:00Z,2065926.66683292
2015-02-12T00:00:00Z,2069015.26428604
2015-02-11T00:00:00Z,2070478.83511323
2015-02-10T00:00:00Z,2072799.37941313
2015-02-09T00:00:00Z,2075913.18323255
2015-02-08T00:00:00Z,2075443.66700991
2015-02-07T00:00:00Z,2078938.37776167
2015-02-06T00:00:00Z,2078575.68287108
2015-02-05T00:00:00Z,2078407.16148991
2015-02-04T00:00:00Z,2077077.51569767
2015-02-03T00:00:00Z,2077236.19789704
2015-02-02T00:00:00Z,2076814.85029652
2015-02-01T00:00:00Z,2075794.91718241
2015-01-31T00:00:00Z,2076936.56462272
2015-01-30T00:00:00Z,2076071.45758444
2015-01-29T00:00:00Z,2081100.38291463
2015-01-28T00:00:00Z,2081943.9782989
2015-01-27T00:00:00Z,2081649.06286873
2015-01-26T00:00:00Z,2083808.87117666
2015-01-25T00:00:00Z,2081872.86611754
2015-01-24T00:00:00Z,2081754.95102115
2015-01-23T00:00:00Z,2082663.01524823
2015-01-22T00:00:00Z,2081567.32444474
2015-01-21T00:00:00Z,2079422.56244182
2015-01-20T00:00:00Z,2104918.60909925
2015-01-19T00:00:00Z,2104720.7895703
2015-01-18T00:00:00Z,2106533.74316301
2015-01-17T00:00:00Z,2104304.41526305
2015-01-16T00:00:00Z,2103362.46970784
2015-01-15T00:00:00Z,2103120.88123036
2015-01-14T00:00:00Z,2104863.31033327
2015-01-13T00:00:00Z,2103902.5167113
2015-01-12T00:00:00Z,2104278.81329147
2015-01-11T00:00:00Z,2101802.48897258
2015-01-10T00:00:00Z,2100254.737886
2015-01-09T00:00:00Z,2099911.66157504
2015-01-08T00:00:00Z,2099085.4866528
2015-01-07T00:00:00Z,2103688.7011903
2015-01-06T00:00:00Z,2104595.52162022
2015-01-05T00:00:00Z,2105023.75976627
2015-01-04T00:00:00Z,2111749.6109199
2015-01-03T00:00:00Z,2110471.30248687
2015-01-02T00:00:00Z,2109350.90016109
2015-01-01T00:00:00Z,2101000.43388469
2014-12-31T00:00:00Z,2101274.86497264
2014-12-30T00:00:00Z,2103603.79903985
2014-12-29T00:00:00Z,2101731.75637697
2014-12-28T00:00:00Z,2100221.52541789
2014-12-27T00:00:00Z,2099526.46807755
2014-12-26T00:00:00Z,2097516.41152778
2014-12-25T00:00:00Z,2099442.59394934
2014-12-24T00:00:00Z,2096214.84276666
2014-12-23T00:00:00Z,2092231.15667254
2014-12-22T00:00:00Z,2100078.50010786
2014-12-21T00:00:00Z,2101058.84520338
2014-12-20T00:00:00Z,2106027.11318543
2014-12-19T00:00:00Z,2104537.46926336
2014-12-18T00:00:00Z,2106692.58501355
2014-12-17T00:00:00Z,2108614.73175859
2014-12-16T00:00:00Z,2106073.9071329
2014-12-15T00:00:00Z,2106458.87840094
2014-12-14T00:00:00Z,2107651.17011202
2014-12-13T00:00:00Z,2107068.72859646
2014-12-12T00:00:00Z,2105712.17773532
2014-12-11T00:00:00Z,2103472.76575665
2014-12-10T00:00:00Z,2102816.58534576
2014-12-09T00:00:00Z,2102374.44833245
2014-12-08T00:00:00Z,2099653.86497218
2014-12-07T00:00:00Z,2099319.11638309
2014-12-06T00:00:00Z,2098529.91617956
2014-12-05T00:00:00Z,2099435.31883416
2014-12-04T00:00:00Z,2097633.5653888
2014-12-03T00:00:00Z,2098593.75548822
2014-12-02T00:00:00Z,2098055.36788386
2014-12-01T00:00:00Z,2106441.86395071
2014-11-30T00:00:00Z,2105853.84324364
2014-11-29T00:00:00Z,2107374.1512733
2014-11-28T00:00:00Z,2105940.13899636
2014-11-27T00:00:00Z,2104050.70595131
2014-11-26T00:00:00Z,2103008.09261159
2014-11-25T00:00:00Z,2106384.36092824
2014-11-24T00:00:00Z,2106176.32959987
2014-11-23T00:00:00Z,2105296.56022698
2014-11-22T00:00:00Z,2106657.48808493
2014-11-21T00:00:00Z,2105725.04239327
2014-11-20T00:00:00Z,2104497.28658933
2014-11-19T00:00:00Z,2106146.5265587
2014-11-18T00:00:00Z,2105727.14274102
2014-11-17T00:00:00Z,2108769.71313905
2014-11-16T00:00:00Z,2123424.25930291
2014-11-15T00:00:00Z,2121796.03456617
2014-11-14T00:00:00Z,2119934.80257412
2014-11-13T00:00:00Z,2122301.56509566
2014-11-12T00:00:00Z,2120358.65358602
2014-11-11T00:00:00Z,2121010.31215262
2014-11-10T00:00:00Z,2127236.35492627
2014-11-09T00:00:00Z,2124853.56954706
2014-11-08T00:00:00Z,2128678.49846777
2014-11-07T00:00:00Z,2126848.11554482
2014-11-06T00:00:00Z,2128368.42707839
2014-11-05T00:00:00Z,2126695.38286849
2014-11-04T00:00:00Z,2126822.62757601
2014-11-03T00:00:00Z,2139846.45780942
2014-11-02T00:00:00Z,2140235.38140196
2014-11-01T00:00:00Z,2139632.93864273
2014-10-31T00:00:00Z,2137944.56742776
2014-10-30T00:00:00Z,2136453.66765011
2014-10-29T00:00:00Z,2134542.73504927
2014-10-28T00:00:00Z,2136846.28949175
2014-10-27T00:00:00Z,2135339.57354239
2014-10-26T00:00:00Z,2134854.35193834
2014-10-25T00:00:00Z,2133324.43878573
2014-10-24T00:00:00Z,2131837.17214302
2014-10-23T00:00:00Z,2130463.37608823
2014-10-22T00:00:00Z,2128847.1577554
2014-10-21T00:00:00Z,2128808.57055203
2014-10-20T00:00:00Z,2128725.66259548
2014-10-19T00:00:00Z,2127662.2873927
2014-10-18T00:00:00Z,2126906.18631334
2014-10-17T00:00:00Z,2125855.14432615
2014-10-16T00:00:00Z,2128559.52601449
2014-10-15T00:00:00Z,2127763.11204145
2014-10-14T00:00:00Z,2126388.64023386
2014-10-13T00:00:00Z,2127495.62537343
2014-10-12T00:00:00Z,2128029.74156811
2014-10-11T00:00:00Z,2126959.94376285
2014-10-10T00:00:00Z,2124021.62860846
2014-10-09T00:00:00Z,2136819.54588658
2014-10-08T00:00:00Z,2135473.78473836
2014-10-07T00:00:00Z,2137359.93254353
2014-10-06T00:00:00Z,2138764.71089495
2014-10-05T00:00:00Z,2139943.29450805
2014-10-04T00:00:00Z,2140196.56467494
2014-10-03T00:00:00Z,2141357.55314152
2014-10-02T00:00:00Z,2141483.38248084
2014-10-01T00:00:00Z,2140560.01947197
2014-09-30T00:00:00Z,2141944.38487859
2014-09-29T00:00:00Z,2140792.32181567
2014-09-28T00:00:00Z,2139965.60811864
2014-09-27T00:00:00Z,2141596.01193817
2014-09-26T00:00:00Z,2140363.51638666
2014-09-25T00:00:00Z,2137886.83933198
2014-09-24T00:00:00Z,2138710.86732934
2014-09-23T00:00:00Z,2137939.19048375
2014-09-22T00:00:00Z,2136526.9798234
2014-09-21T00:00:00Z,2136142.20570668
2014-09-20T00:00:00Z,2134485.20062617
2014-09-19T00:00:00Z,2133236.99932614
2014-09-18T00:00:00Z,2132928.49305961
2014-09-17T00:00:00Z,2131266.8927373
2014-09-16T00:00:00Z,2126706.49759015
2014-09-15T00:00:00Z,2124983.11012777
2014-09-14T00:00:00Z,2128786.31314352
2014-09-13T00:00:00Z,2126353.14556751
2014-09-12T00:00:00Z,2125485.85237109
2014-09-11T00:00:00Z,2128064.98570513
2014-09-10T00:00:00Z,2129179.84296956
2014-09-09T00:00:00Z,2134276.15597992
2014-09-08T00:00:00Z,2132474.01753006
2014-09-07T00:00:00Z,2130830.71542721
2014-09-06T00:00:00Z,2130294.89292273
2014-09-05T00:00:00Z,2132506.47814874
2014-09-04T00:00:00Z,2130311.50274098
2014-09-03T00:00:00Z,2129068.73672602
2014-09-02T00:00:00Z,2127962.51258045
2014-09-01T00:00:00Z,2127580.83596644
2014-08-31T00:00:00Z,2134725.4064789
2014-08-30T00:00:00Z,2134228.96228956
2014-08-29T00:00:00Z,2131791.97876115
2014-08-28T00:00:00Z,2175704.37589751
2014-08-27T00:00:00Z,2175404.36562797
2014-08-26T00:00:00Z,2179768.9743783
2014-08-25T00:00:00Z,2178274.56265837
2014-08-24T00:00:00Z,2180766.34428075
2014-08-23T00:00:00Z,2179329.20042209
2014-08-22T00:00:00Z,2179241.0170234
2014-08-21T00:00:00Z,2179524.67969709
2014-08-20T00:00:00Z,2178245.86994535
2014-08-19T00:00:00Z,2177791.16169175
2014-08-18T00:00:00Z,2176742.70057721
2014-08-17T00:00:00Z,2175035.10905189
2014-08-16T00:00:00Z,2173425.32181967
2014-08-15T00:00:00Z,2172768.40485702
2014-08-14T00:00:00Z,2172122.49794618
2014-08-13T00:00:00Z,2171134.53248431
2014-08-12T00:00:00Z,2169736.34063909
2014-08-11T00:00:00Z,2169125.88304683
2014-08-10T00:00:00Z,2168228.85864857
2014-08-09T00:00:00Z,2166935.88686853
2014-08-08T00:00:00Z,2164357.29850707
2014-08-07T00:00:00Z,2162911.33756574
2014-08-06T00:00:00Z,2161597.47590171
2014-08-05T00:00:00Z,2166032.08784222
2014-08-04T00:00:00Z,2169037.39153777
2014-08-03T00:00:00Z,2168456.59475502
2014-08-02T00:00:00Z,2166399.01490542
2014-08-01T00:00:00Z,2164025.54659797
2014-07-31T00:00:00Z,2164662.14223185
2014-07-30T00:00:00Z,2163972.24655607
2014-07-29T00:00:00Z,2161711.86247304
2014-07-28T00:00:00Z,2161608.7790934
2014-07-27T00:00:00Z,2160707.12404066
2014-07-26T00:00:00Z,2161295.2596925
2014-07-25T00:00:00Z,2159867.64723016
2014-07-24T00:00:00Z,2158531.85371937
2014-07-23T00:00:00Z,2156979.4105475
2014-07-22T00:00:00Z,2157268.07630581
2014-07-21T00:00:00Z,2157447.24711419
2014-07-20T00:00:00Z,2160080.34483551
2014-07-19T00:00:00Z,2158089.59981133
2014-07-18T00:00:00Z,2155759.98097536
2014-07-17T00:00:00Z,2154266.15231634
2014-07-16T00:00:00Z,2153663.61678468
2014-07-15T00:00:00Z,2159405.38598953
2014-07-14T00:00:00Z,2157911.23339413
2014-07-13T00:00:00Z,2157729.61226136
2014-07-12T00:00:00Z,2156718.13221487
2014-07-11T00:00:00Z,2154713.08749368
2014-07-10T00:00:00Z,2153456.15300375
2014-07-09T00:00:00Z,2152839.67332352
2014-07-08T00:00:00Z,2150495.71339723
2014-07-07T00:00:00Z,2149059.87813847
2014-07-06T00:00:00Z,2149248.99758958
2014-07-05T00:00:00Z,2148306.81814577
2014-07-04T00:00:00Z,2146516.63512606
2014-07-03T00:00:00Z,2146088.55349112
2014-07-02T00:00:00Z,2144434.63064851
2014-07-01T00:00:00Z,2145705.44725252
2014-06-30T00:00:00Z,2144790.35507872
2014-06-29T00:00:00Z,2145960.72822277
2014-06-28T00:00:00Z,2144869.01784159
2014-06-27T00:00:00Z,2142679.65194208
2014-06-26T00:00:00Z,2139601.89264725
2014-06-25T00:00:00Z,2140926.5948224
2014-06-24T00:00:00Z,2138551.31704333
2014-06-23T00:00:00Z,2137936.10436881
2014-06-22T00:00:00Z,2133085.42697207
2014-06-21T00:00:00Z,2130812.14844279
2014-06-20T00:00:00Z,2130154.07882317
2014-06-19T00:00:00Z,2127920.81628619
2014-06-18T00:00:00Z,2127454.88099795
2014-06-17T00:00:00Z,2129733.09056365
2014-06-16T00:00:00Z,2129165.63330923
2014-06-15T00:00:00Z,2128300.93346459
2014-06-14T00:00:00Z,2126325.51533344
2014-06-13T00:00:00Z,2124512.01730276
2014-06-12T00:00:00Z,2122145.00051373
2014-06-11T00:00:00Z,2120392.53362862
2014-06-10T00:00:00Z,2122298.59813924
2014-06-09T00:00:00Z,2121449.00114609
2014-06-08T00:00:00Z,2122811.02840991
2014-06-07T00:00:00Z,2121675.12748178
2014-06-06T00:00:00Z,2119808.70620517
2014-06-05T00:00:00Z,2120443.07216272
2014-06-04T00:00:00Z,2123624.54745924
2014-06-03T00:00:00Z,2122416.31399725
2014-06-02T00:00:00Z,2121859.55922607
2014-06-01T00:00:00Z,2119400.04808289
2014-05-31T00:00:00Z,2122228.47129241
2014-05-30T00:00:00Z,2121263.71283348
2014-05-29T00:00:00Z,2120078.73376801
2014-05-28T00:00:00Z,2121236.75246861
2014-05-27T00:00:00Z,2119050.44923611
2014-05-26T00:00:00Z,2119684.66456898
2014-05-25T00:00:00Z,2123368.47271941
2014-05-24T00:00:00Z,2123597.07340582
2014-05-23T00:00:00Z,2123469.01534678
2014-05-22T00:00:00Z,2121420.167088
2014-05-21T00:00:00Z,2119918.64593986
2014-05-20T00:00:00Z,2120301.36096709
2014-05-19T00:00:00Z,2119281.22603926
2014-05-18T00:00:00Z,2121470.5357414
2014-05-17T00:00:00Z,2119116.66348342
2014-05-16T00:00:00Z,2118441.17567199
2014-05-15T00:00:00Z,2119930.83805722
2014-05-14T00:00:00Z,2118078.93300594
2014-05-13T00:00:00Z,2118111.38798016
2014-05-12T00:00:00Z,2118765.76510051
2014-05-11T00:00:00Z,2118353.80607333
2014-05-10T00:00:00Z,2119849.54030167
2014-05-09T00:00:00Z,2118001.51798223
2014-05-08T00:00:00Z,2115967.29867432
2014-05-07T00:00:00Z,2114605.3119167
2014-05-06T00:00:00Z,2112886.72655111
2014-05-05T00:00:00Z,2113009.09665674
2014-05-04T00:00:00Z,2114612.95925595
2014-05-03T00:00:00Z,2112572.24153997
2014-05-02T00:00:00Z,2111110.46882202
2014-05-01T00:00:00Z,2113062.40387948
2014-04-30T00:00:00Z,2114525.66784298
2014-04-29T00:00:00Z,2115014.29054879
2014-04-28T00:00:00Z,2114611.82464228
2014-04-27T00:00:00Z,2112698.56311079
2014-04-26T00:00:00Z,2109592.17199466
2014-04-25T00:00:00Z,2109246.75397003
2014-04-24T00:00:00Z,2109860.21207132
2014-04-23T00:00:00Z,2109086.23871731
2014-04-22T00:00:00Z,2106963.49547304
2014-04-21T00:00:00Z,2106988.35183253
2014-04-20T00:00:00Z,2106084.88190574
2014-04-19T00:00:00Z,2104858.3622388
2014-04-18T00:00:00Z,2103898.2620563
2014-04-17T00:00:00Z,2105388.89453125
2014-04-16T00:00:00Z,2101092.29630386
2014-04-15T00:00:00Z,2104024.16545929
2014-04-14T00:00:00Z,2104714.1724675
2014-04-13T00:00:00Z,2101565.53056609
2014-04-12T00:00:00Z,2101152.91521877
2014-04-11T00:00:00Z,2100729.1290205
2014-04-10T00:00:00Z,2100977.56133127
2014-04-09T00:00:00Z,2100480.29550376
2014-04-08T00:00:00Z,2101336.93438859
2014-04-07T00:00:00Z,2102778.33985865
2014-04-06T00:00:00Z,2101669.10061942
2014-04-05T00:00:00Z,2102844.2633004
2014-04-04T00:00:00Z,2101666.07312462
2014-04-03T00:00:00Z,2101154.41845954
2014-04-02T00:00:00Z,2100364.73400739
2014-04-01T00:00:00Z,2099263.98438211
2014-03-31T00:00:00Z,2099525.88418904
2014-03-30T00:00:00Z,2100062.82930342
2014-03-29T00:00:00Z,2098891.52515867
2014-03-28T00:00:00Z,2097959.21718753
2014-03-27T00:00:00Z,2097346.4374956
2014-03-26T00:00:00Z,2095468.31667179
2014-03-25T00:00:00Z,2096979.67221356
2014-03-24T00:00:00Z,2097025.19898338
2014-03-23T00:00:00Z,2097584.8729524
2014-03-22T00:00:00Z,2095400.87557885
2014-03-21T00:00:00Z,2095535.27923376
2014-03-20T00:00:00Z,2095845.02751628
2014-03-19T00:00:00Z,2097259.75720618
2014-03-18T00:00:00Z,2096224.96122947
2014-03-17T00:00:00Z,2098589.89205756
2014-03-16T00:00:00Z,2096531.60415747
2014-03-15T00:00:00Z,2096695.50914205
2014-03-14T00:00:00Z,2097306.0206082
2014-03-13T00:00:00Z,2099186.17626537
2014-03-12T00:00:00Z,2100178.05072767
2014-03-11T00:00:00Z,2100406.96403006
2014-03-10T00:00:00Z,2098925.39160186
2014-03-09T00:00:00Z,2104071.31782758
2014-03-08T00:00:00Z,2099005.5803211
2014-03-07T00:00:00Z,2106386.41765226
2014-03-06T00:00:00Z,2295579.2038906
2014-03-05T00:00:00Z,2298074.94038179
2014-03-04T00:00:00Z,2298638.33017527
2014-03-03T00:00:00Z,2298238.65181654
2014-03-02T00:00:00Z,2301185.87004948
2014-03-01T00:00:00Z,2301056.97263677
2014-02-28T00:00:00Z,2300104.25666894
2014-02-27T00:00:00Z,2300483.10616115
2014-02-26T00:00:00Z,2301259.62801945
2014-02-25T00:00:00Z,2299527.93088144
2014-02-24T00:00:00Z,2300641.00129564
2014-02-23T00:00:00Z,2299787.47956979
2014-02-22T00:00:00Z,2298617.94225408
2014-02-21T00:00:00Z,2298014.54509721
2014-02-20T00:00:00Z,2296019.41996502
2014-02-19T00:00:00Z,2298544.55878657
2014-02-18T00:00:00Z,2299708.43320027
2014-02-17T00:00:00Z,2297863.66467714
2014-02-16T00:00:00Z,2298105.62136877
2014-02-15T00:00:00Z,2295054.46421785
2014-02-14T00:00:00Z,2294035.84565165
2014-02-13T00:00:00Z,2292783.60666306
2014-02-12T00:00:00Z,2293050.98480638
2014-02-11T00:00:00Z,2290843.5743105
2014-02-10T00:00:00Z,2297021.18187129
2014-02-09T00:00:00Z,2298039.5072275
2014-02-08T00:00:00Z,2295637.95705196
2014-02-07T00:00:00Z,2295235.05829342
2014-02-06T00:00:00Z,2295198.288016
2014-02-05T00:00:00Z,2294322.7119192
2014-02-04T00:00:00Z,2293084.08766325
2014-02-03T00:00:00Z,2293448.11687305
2014-02-02T00:00:00Z,2291126.52293457
2014-02-01T00:00:00Z,2291085.37569439
2014-01-31T00:00:00Z,2288983.64920613
2014-01-30T00:00:00Z,2287120.68103938
2014-01-29T00:00:00Z,2287488.20821506
2014-01-28T00:00:00Z,2286213.3346643
2014-01-27T00:00:00Z,2286090.15814303
2014-01-26T00:00:00Z,2286132.79468459
2014-01-25T00:00:00Z,2286037.06509791
2014-01-24T00:00:00Z,2286651.14401491
2014-01-23T00:00:00Z,2285623.16822449
2014-01-22T00:00:00Z,2287020.46953998
2014-01-21T00:00:00Z,2285812.12843839
2014-01-20T00:00:00Z,2280410.97257992
2014-01-19T00:00:00Z,2279875.31449153
2014-01-18T00:00:00Z,2281134.41973258
2014-01-17T00:00:00Z,2279033.81442016
2014-01-16T00:00:00Z,2278216.57426021
2014-01-15T00:00:00Z,2277534.62170339
2014-01-14T00:00:00Z,2278333.22813045
2014-01-13T00:00:00Z,2277151.14173034
2014-01-12T00:00:00Z,2278295.7432299
2014-01-11T00:00:00Z,2278237.81436084
2014-01-10T00:00:00Z,2276633.98315427
2014-01-09T00:00:00Z,2275569.47390701
2014-01-08T00:00:00Z,2276301.52394419
2014-01-07T00:00:00Z,2276041.04331349
2014-01-06T00:00:00Z,2275516.47629661
2014-01-05T00:00:00Z,2278091.12031171
2014-01-04T00:00:00Z,2278850.94494978
2014-01-03T00:00:00Z,2279427.18238777
2014-01-02T00:00:00Z,2278205.16959636
2014-01-01T00:00:00Z,2275515.51276462
2013-12-31T00:00:00Z,2273806.50586367
2013-12-30T00:00:00Z,2275502.00152053
2013-12-29T00:00:00Z,2272415.52671197
2013-12-28T00:00:00Z,2275019.54636198
2013-12-27T00:00:00Z,2276301.9821279
2013-12-26T00:00:00Z,2271798.74015272
2013-12-25T00:00:00Z,2269896.76119209
2013-12-24T00:00:00Z,2269315.85644812
2013-12-23T00:00:00Z,2267831.53897815
2013-12-22T00:00:00Z,2269788.94869632
2013-12-21T00:00:00Z,2269375.48407395
2013-12-20T00:00:00Z,2269086.31084766
2013-12-19T00:00:00Z,2266411.2296678
2013-12-18T00:00:00Z,2265403.72886208
2013-12-17T00:00:00Z,2265240.07285865
2013-12-16T00:00:00Z,2260457.14902892
2013-12-15T00:00:00Z,2262021.93889061
2013-12-14T00:00:00Z,2261265.83943415
2013-12-13T00:00:00Z,2258309.97576319
2013-12-12T00:00:00Z,2256116.7967917
2013-12-11T00:00:00Z,2255324.6766899
2013-12-10T00:00:00Z,2255007.99399863
2013-12-09T00:00:00Z,2254712.46768505
2013-12-08T00:00:00Z,2254825.15168098
2013-12-07T00:00:00Z,2252469.66296398
2013-12-06T00:00:00Z,2250285.24897588
2013-12-05T00:00:00Z,2252411.32678776
2013-12-04T00:00:00Z,2255613.97247702
2013-12-03T00:00:00Z,2255265.68219195
2013-12-02T00:00:00Z,2254778.2274461
2013-12-01T00:00:00Z,2254422.48869346
2013-11-30T00:00:00Z,2254790.47782767
2013-11-29T00:00:00Z,2254318.80246092
2013-11-28T00:00:00Z,2254353.23476077
2013-11-27T00:00:00Z,2253003.26656466
2013-11-26T00:00:00Z,2253691.20125788
2013-11-25T00:00:00Z,2254426.37390099
2013-11-24T00:00:00Z,2254725.9754953
2013-11-23T00:00:00Z,2254741.04640739
2013-11-22T00:00:00Z,2253246.43409019
2013-11-21T00:00:00Z,2254220.92724351
2013-11-20T00:00:00Z,2252994.57373487
2013-11-19T00:00:00Z,2259691.24602752
2013-11-18T00:00:00Z,2263463.34643039
2013-11-17T00:00:00Z,2262723.31490519
2013-11-16T00:00:00Z,2260251.16172164
2013-11-15T00:00:00Z,2263141.74922333
2013-11-14T00:00:00Z,2267751.21490646
2013-11-13T00:00:00Z,2261654.22880463
2013-11-12T00:00:00Z,2265535.43899482
2013-11-11T00:00:00Z,2266033.78900229
2013-11-10T00:00:00Z,2270200.91723499
2013-11-09T00:00:00Z,2273730.49095472
2013-11-08T00:00:00Z,2272022.8171502
2013-11-07T00:00:00Z,2282406.33941794
2013-11-06T00:00:00Z,2279251.38719831
2013-11-05T00:00:00Z,2278589.71497827
2013-11-04T00:00:00Z,2281175.81595227
2013-11-03T00:00:00Z,2279772.78470482
2013-11-02T00:00:00Z,2280359.53763014
2013-11-01T00:00:00Z,2281040.40612655
2013-10-31T00:00:00Z,2285675.89605926
2013-10-30T00:00:00Z,2285668.71954581
2013-10-29T00:00:00Z,2295724.8739778
2013-10-28T00:00:00Z,2300649.31680411
2013-10-27T00:00:00Z,2297188.23413415
2013-10-26T00:00:00Z,2297973.07081908
2013-10-25T00:00:00Z,2296682.38649823
2013-10-24T00:00:00Z,2293082.84619215
2013-10-23T00:00:00Z,2295174.14423963
2013-10-22T00:00:00Z,2291800.20199232
2013-10-21T00:00:00Z,2293097.09898828
2013-10-20T00:00:00Z,2299691.52974597
2013-10-19T00:00:00Z,2301662.08646151
2013-10-18T00:00:00Z,2292129.37231829
2013-10-17T00:00:00Z,2283193.12511993
2013-10-16T00:00:00Z,2290339.56249482
2013-10-15T00:00:00Z,2292022.41308134
2013-10-14T00:00:00Z,2289782.65783272
2013-10-13T00:00:00Z,2293340.38356648
2013-10-12T00:00:00Z,2291891.9965924
2013-10-11T00:00:00Z,2296355.77496494
2013-10-10T00:00:00Z,2292601.50124706
2013-10-09T00:00:00Z,2293103.29446042
2013-10-08T00:00:00Z,2298610.92884285
2013-10-07T00:00:00Z,2297406.92718777
2013-10-06T00:00:00Z,2334496.22781122
2013-10-05T00:00:00Z,2333487.8760407
2013-10-04T00:00:00Z,2333588.23076761
2013-10-03T00:00:00Z,2329881.00801829
2013-10-02T00:00:00Z,2331314.20435165
2013-10-01T00:00:00Z,2338764.93387481
2013-09-30T00:00:00Z,2333655.02265447
2013-09-29T00:00:00Z,2335508.51429339
2013-09-28T00:00:00Z,2336413.06630013
2013-09-27T00:00:00Z,2333333.08321593
2013-09-26T00:00:00Z,2334009.7323741
2013-09-25T00:00:00Z,2334963.78532636
2013-09-24T00:00:00Z,2331820.9490341
2013-09-23T00:00:00Z,2334641.53821627
2013-09-22T00:00:00Z,2339409.17427385
2013-09-21T00:00:00Z,2336666.09984485
2013-09-20T00:00:00Z,2335249.65041505
2013-09-19T00:00:00Z,2330800.63054428
2013-09-18T00:00:00Z,2330600.92270521
2013-09-17T00:00:00Z,2333170.11948125
2013-09-16T00:00:00Z,2332602.87745831
2013-09-15T00:00:00Z,2331808.19037198
2013-09-14T00:00:00Z,2331444.62194703
2013-09-13T00:00:00Z,2327668.49778689
2013-09-12T00:00:00Z,2329631.18125347
2013-09-11T00:00:00Z,2330229.24032848
2013-09-10T00:00:00Z,2326915.58250369
2013-09-09T00:00:00Z,2325668.95783723
2013-09-08T00:00:00Z,2316770.34057477
2013-09-07T00:00:00Z,2317936.01328792
2013-09-06T00:00:00Z,2316617.89113697
2013-09-05T00:00:00Z,2314373.50623551
2013-09-04T00:00:00Z,2313804.99780522
2013-09-03T00:00:00Z,2316331.86448147
2013-09-02T00:00:00Z,2311231.24905252
2013-09-01T00:00:00Z,2309093.28929976
2013-08-31T00:00:00Z,2309309.75526239
2013-08-30T00:00:00Z,2309005.48183731
2013-08-29T00:00:00Z,2304594.09989684
2013-08-28T00:00:00Z,2306884.6679808
2013-08-27T00:00:00Z,2308466.8386668
2013-08-26T00:00:00Z,2308549.40307709
2013-08-25T00:00:00Z,2308457.08947546
2013-08-24T00:00:00Z,2309634.91429647
2013-08-23T00:00:00Z,2308956.048046
2013-08-22T00:00:00Z,2308302.79594469
2013-08-21T00:00:00Z,2310620.75652687
2013-08-20T00:00:00Z,2307859.80373353
2013-08-19T00:00:00Z,2308340.39130956
2013-08-18T00:00:00Z,2307487.08988873
2013-08-17T00:00:00Z,2312161.2761153
2013-08-16T00:00:00Z,2312928.42911228
2013-08-15T00:00:00Z,2312990.7861952
2013-08-14T00:00:00Z,2312476.49243473
2013-08-13T00:00:00Z,2314475.5887316
2013-08-12T00:00:00Z,2325523.99023226
2013-08-11T00:00:00Z,2324990.61377209
2013-08-10T00:00:00Z,2325051.43648535
2013-08-09T00:00:00Z,2330788.08927955
2013-08-08T00:00:00Z,2324726.26450706
2013-08-07T00:00:00Z,2320149.83840421
2013-08-06T00:00:00Z,2323583.18344103
2013-08-05T00:00:00Z,2322887.58208697
2013-08-04T00:00:00Z,2322894.70953267
2013-08-03T00:00:00Z,2324106.64881191
2013-08-02T00:00:00Z,2324851.72872022
2013-08-01T00:00:00Z,2320191.05713642
2013-07-31T00:00:00Z,2320156.82350198
2013-07-30T00:00:00Z,2324218.65493522
2013-07-29T00:00:00Z,2321923.71669047
2013-07-28T00:00:00Z,2322976.78370869
2013-07-27T00:00:00Z,2325953.29049274
2013-07-26T00:00:00Z,2325887.26073415
2013-07-25T00:00:00Z,2326464.45520144
2013-07-24T00:00:00Z,2325629.2799747
2013-07-23T00:00:00Z,2332250.15301034
2013-07-22T00:00:00Z,2331702.67035986
2013-07-21T00:00:00Z,2330526.45691054
2013-07-20T00:00:00Z,2329843.89324376
2013-07-19T00:00:00Z,2329378.20916002
2013-07-18T00:00:00Z,2328290.54846094
2013-07-17T00:00:00Z,2349439.94849176
2013-07-16T00:00:00Z,2351411.95940748
2013-07-15T00:00:00Z,2337842.65121762
2013-07-14T00:00:00Z,2337824.11487378
2013-07-13T00:00:00Z,2338456.41856971
2013-07-12T00:00:00Z,2337622.10613513
2013-07-11T00:00:00Z,2331437.05227353
2013-07-10T00:00:00Z,2331522.94813245
2013-07-09T00:00:00Z,2329309.34664923
2013-07-08T00:00:00Z,2332296.45288657
2013-07-07T00:00:00Z,2332880.4100301
2013-07-06T00:00:00Z,2334512.45820183
2013-07-05T00:00:00Z,2338565.88136603
2013-07-04T00:00:00Z,2337472.22571552
2013-07-03T00:00:00Z,2340943.24991768
2013-07-02T00:00:00Z,2350021.3473246
2013-07-01T00:00:00Z,2347802.64541624
2013-06-30T00:00:00Z,2359510.68918765
2013-06-29T00:00:00Z,2358189.40973597
2013-06-28T00:00:00Z,2356883.84078349
2013-06-27T00:00:00Z,2358247.43143602
2013-06-26T00:00:00Z,2359480.38308473
2013-06-25T00:00:00Z,2369941.22404853
2013-06-24T00:00:00Z,2366090.58506138
2013-06-23T00:00:00Z,2365925.49928965
2013-06-22T00:00:00Z,2368233.43889309
2013-06-21T00:00:00Z,2367181.90413129
2013-06-20T00:00:00Z,2371623.33767073
2013-06-19T00:00:00Z,2369309.10393082
2013-06-18T00:00:00Z,2382259.71074053
2013-06-17T00:00:00Z,2393593.50326495
2013-06-16T00:00:00Z,2376137.56342684
2013-06-15T00:00:00Z,2379079.41934883
2013-06-14T00:00:00Z,2378626.65790443
2013-06-13T00:00:00Z,2377920.97782922
2013-06-12T00:00:00Z,2378280.46601851
2013-06-11T00:00:00Z,2383535.35248216
2013-06-10T00:00:00Z,2378763.33083551
2013-06-09T00:00:00Z,2384073.80309095
2013-06-08T00:00:00Z,2376533.36901493
2013-06-07T00:00:00Z,2379583.54280823
2013-06-06T00:00:00Z,2369009.56501499
2013-06-05T00:00:00Z,2369854.08861875
2013-06-04T00:00:00Z,2379045.55922186
2013-06-03T00:00:00Z,2374367.8419879
2013-06-02T00:00:00Z,2368530.53539164
2013-06-01T00:00:00Z,2369993.16244773
2013-05-31T00:00:00Z,2366787.02709097
2013-05-30T00:00:00Z,2365190.78328811
2013-05-29T00:00:00Z,2366911.30759941
2013-05-28T00:00:00Z,2375015.47795966
2013-05-27T00:00:00Z,2379835.06373308
2013-05-26T00:00:00Z,2374731.03191113
2013-05-25T00:00:00Z,2373805.45693621
2013-05-24T00:00:00Z,2374922.72750029
2013-05-23T00:00:00Z,2377756.30563107
2013-05-22T00:00:00Z,2383348.86463598
2013-05-21T00:00:00Z,2389461.78127995
2013-05-20T00:00:00Z,2390995.45826148
2013-05-19T00:00:00Z,2396016.71558276
2013-05-18T00:00:00Z,2401226.55352112
2013-05-17T00:00:00Z,2404019.93222839
2013-05-16T00:00:00Z,2411801.91347001
2013-05-15T00:00:00Z,2452693.02359143
2013-05-14T00:00:00Z,2481335.25818792
2013-05-13T00:00:00Z,2493891.2634113
2013-05-12T00:00:00Z,2498885.21784644
2013-05-11T00:00:00Z,2505474.33245541
2013-05-10T00:00:00Z,2502381.17587018
2013-05-09T00:00:00Z,2500032.81639194
2013-05-08T00:00:00Z,2513599.65002093
2013-05-07T00:00:00Z,2517440.88657725
2013-05-06T00:00:00Z,2511144.24252161
2013-05-05T00:00:00Z,2525599.09143181
2013-05-04T00:00:00Z,2521199.59215264
2013-05-03T00:00:00Z,2517737.52874768
2013-05-02T00:00:00Z,2543562.93031095
2013-05-01T00:00:00Z,2538513.4566028
2013-04-30T00:00:00Z,2519391.05915079
2013-04-29T00:00:00Z,2533461.76533184
2013-04-28T00:00:00Z,2549713.04963253
2013-04-27T00:00:00Z,2556436.92608784
2013-04-26T00:00:00Z,2580456.0927521
2013-04-25T00:00:00Z,2589922.40275309
2013-04-24T00:00:00Z,2584264.87489743
2013-04-23T00:00:00Z,2587235.89757243
2013-04-22T00:00:00Z,2582256.31027671
2013-04-21T00:00:00Z,2584690.60121657
2013-04-20T00:00:00Z,2586608.46082656
2013-04-19T00:00:00Z,2583241.24548725
2013-04-18T00:00:00Z,2566683.44815756
2013-04-17T00:00:00Z,2568457.56658793
2013-04-16T00:00:00Z,2563857.26765394
2013-04-15T00:00:00Z,2546165.08994754
2013-04-14T00:00:00Z,2503469.17517577
2013-04-13T00:00:00Z,2506916.50731889
2013-04-12T00:00:00Z,2499771.25325458
2013-04-11T00:00:00Z,2488973.61421953
2013-04-10T00:00:00Z,2484225.22874136
2013-04-09T00:00:00Z,2490920.27754368
2013-04-08T00:00:00Z,2490967.26869863
2013-04-07T00:00:00Z,2484087.8795395
2013-04-06T00:00:00Z,2479455.15387476
2013-04-05T00:00:00Z,2480262.39193523
2013-04-04T00:00:00Z,2474502.86771056
2013-04-03T00:00:00Z,2479797.49949723
2013-04-02T00:00:00Z,2485233.06066079
2013-04-01T00:00:00Z,2486853.24360919
2013-03-31T00:00:00Z,2475467.93987217
2013-03-30T00:00:00Z,2488140.28028174
2013-03-29T00:00:00Z,2475376.71121926
2013-03-28T00:00:00Z,2470082.34985652
2013-03-27T00:00:00Z,2476587.20321822
2013-03-26T00:00:00Z,2465377.6707862
2013-03-25T00:00:00Z,2456482.6194392
2013-03-24T00:00:00Z,2444627.86999444
2013-03-23T00:00:00Z,2443591.25400007
2013-03-22T00:00:00Z,2441160.54562447
2013-03-21T00:00:00Z,2432550.43596042
2013-03-20T00:00:00Z,2441194.64367296
2013-03-19T00:00:00Z,2446904.05648761
2013-03-18T00:00:00Z,2445022.43138735
2013-03-17T00:00:00Z,2440893.19096757
2013-03-16T00:00:00Z,2437907.1150889
2013-03-15T00:00:00Z,2436016.60408221
2013-03-14T00:00:00Z,2452177.70690137
2013-03-13T00:00:00Z,2466925.36410717
2013-03-12T00:00:00Z,2466569.94760956
2013-03-11T00:00:00Z,2453389.79040437
2013-03-10T00:00:00Z,2453034.54672906
2013-03-09T00:00:00Z,2445533.87632671
2013-03-08T00:00:00Z,2440108.2005718
2013-03-07T00:00:00Z,2447891.1355263
2013-03-06T00:00:00Z,2447042.62666297
2013-03-05T00:00:00Z,2451223.79590517
2013-03-04T00:00:00Z,2452433.66597281
2013-03-03T00:00:00Z,2455953.83030875
2013-03-02T00:00:00Z,2455641.18890496
2013-03-01T00:00:00Z,2453021.64101745
2013-02-28T00:00:00Z,2455892.24385777
2013-02-27T00:00:00Z,2471227.30472022
2013-02-26T00:00:00Z,2467281.44079519
2013-02-25T00:00:00Z,2466309.48061761
2013-02-24T00:00:00Z,2475117.84243263
2013-02-23T00:00:00Z,2470848.19952681
2013-02-22T00:00:00Z,2468357.96735349
2013-02-21T00:00:00Z,2464157.74821094
2013-02-20T00:00:00Z,2470852.16467574
2013-02-19T00:00:00Z,2459717.49379443
2013-02-18T00:00:00Z,2459646.37779092
2013-02-17T00:00:00Z,2467568.11754704
2013-02-16T00:00:00Z,2470155.59297359
2013-02-15T00:00:00Z,2467570.7903177
2013-02-14T00:00:00Z,2478699.96377425
2013-02-13T00:00:00Z,2483011.19289261
2013-02-12T00:00:00Z,2481058.05141008
2013-02-11T00:00:00Z,2479824.02114042
2013-02-10T00:00:00Z,2468446.43463822
2013-02-09T00:00:00Z,2456797.30357367
2013-02-08T00:00:00Z,2449671.07957975
2013-02-07T00:00:00Z,2445208.96272111
2013-02-06T00:00:00Z,2442578.01316924
2013-02-05T00:00:00Z,2440119.83855735
2013-02-04T00:00:00Z,2443751.45830999
2013-02-03T00:00:00Z,2444530.76486731
2013-02-02T00:00:00Z,2440287.67168076
2013-02-01T00:00:00Z,2442676.20727451
2013-01-31T00:00:00Z,2484294.05356792
2013-01-30T00:00:00Z,2488411.59876706
2013-01-29T00:00:00Z,2489609.2610399
2013-01-28T00:00:00Z,2500674.66317868
2013-01-27T00:00:00Z,2498728.29410727
2013-01-26T00:00:00Z,2484955.13801238
2013-01-25T00:00:00Z,2480339.59566816
2013-01-24T00:00:00Z,2480478.88149088
2013-01-23T00:00:00Z,2473144.25527829
2013-01-22T00:00:00Z,2480284.34304707
2013-01-21T00:00:00Z,2478121.33455289
2013-01-20T00:00:00Z,2471785.80742843
2013-01-19T00:00:00Z,2460187.87077646
2013-01-18T00:00:00Z,2461623.62972271
2013-01-17T00:00:00Z,2464224.10155429
2013-01-16T00:00:00Z,2462690.62435359
2013-01-15T00:00:00Z,2456783.36224222
2013-01-14T00:00:00Z,2461985.14424105
2013-01-13T00:00:00Z,2464907.50771452
2013-01-12T00:00:00Z,2458329.39945337
2013-01-11T00:00:00Z,2456904.88908259
2013-01-10T00:00:00Z,2459954.81674426
2013-01-09T00:00:00Z,2461000.06401031
2013-01-08T00:00:00Z,2464968.3815242
2013-01-07T00:00:00Z,2461773.63896554
2013-01-06T00:00:00Z,2462954.04363573
2013-01-05T00:00:00Z,2464962.85401756
2013-01-04T00:00:00Z,2468795.93374261
2013-01-03T00:00:00Z,2474560.21304443
2013-01-02T00:00:00Z,2471055.03065361
2013-01-01T00:00:00Z,2475854.04866667
2012-12-31T00:00:00Z,2485607.98733258
2012-12-30T00:00:00Z,2500120.99536176
2012-12-29T00:00:00Z,2501215.9480924
2012-12-28T00:00:00Z,2507213.83007764
2012-12-27T00:00:00Z,2508510.42564205
2012-12-26T00:00:00Z,2505229.28721375
2012-12-25T00:00:00Z,2505429.89894596
2012-12-24T00:00:00Z,2502150.26785509
2012-12-23T00:00:00Z,2488340.11710826
2012-12-22T00:00:00Z,2495043.42172108
2012-12-21T00:00:00Z,2492421.04391441
2012-12-20T00:00:00Z,2493838.46410334
2012-12-19T00:00:00Z,2498622.40522505
2012-12-18T00:00:00Z,2503764.11568407
2012-12-17T00:00:00Z,2504047.75691669
2012-12-16T00:00:00Z,2515187.69988917
2012-12-15T00:00:00Z,2518000.49543882
2012-12-14T00:00:00Z,2516629.39070013
2012-12-13T00:00:00Z,2531520.35663974
2012-12-12T00:00:00Z,2520325.94157766
2012-12-11T00:00:00Z,2531027.46093034
2012-12-10T00:00:00Z,2528538.8584751
2012-12-09T00:00:00Z,2538260.80782147
2012-12-08T00:00:00Z,2535329.94969617
2012-12-07T00:00:00Z,2533121.63932614
2012-12-06T00:00:00Z,2528519.67980427
2012-12-05T00:00:00Z,2525273.76794703
2012-12-04T00:00:00Z,2528842.15967595
2012-12-03T00:00:00Z,2539168.90886622
2012-12-02T00:00:00Z,2544270.4866132
2012-12-01T00:00:00Z,2539943.11861017
2012-11-30T00:00:00Z,2535722.34104191
2012-11-29T00:00:00Z,2534317.06720892
2012-11-28T00:00:00Z,2538985.37722865
2012-11-27T00:00:00Z,2542248.68796173
2012-11-26T00:00:00Z,2577350.39582239
2012-11-25T00:00:00Z,2596612.99663446
2012-11-24T00:00:00Z,2594751.88038276
2012-11-23T00:00:00Z,2580836.40076226
2012-11-22T00:00:00Z,2577618.69502128
2012-11-21T00:00:00Z,2574526.7545425
2012-11-20T00:00:00Z,2575029.82791254
2012-11-19T00:00:00Z,2577664.15781833
2012-11-18T00:00:00Z,2574938.24461604
2012-11-17T00:00:00Z,2571961.24197271
2012-11-16T00:00:00Z,2566755.98615389
2012-11-15T00:00:00Z,2564419.10971669
2012-11-14T00:00:00Z,2568058.57160353
2012-11-13T00:00:00Z,2568725.90723339
2012-11-12T00:00:00Z,2570044.07218414
2012-11-11T00:00:00Z,2569028.87349848
2012-11-10T00:00:00Z,2570455.01433211
2012-11-09T00:00:00Z,2568386.22149598
2012-11-08T00:00:00Z,2570704.95814114
2012-11-07T00:00:00Z,2568889.33550776
2012-11-06T00:00:00Z,2567078.33868547
2012-11-05T00:00:00Z,2572559.65333553
2012-11-04T00:00:00Z,2574172.00437618
2012-11-03T00:00:00Z,2575422.9253584
2012-11-02T00:00:00Z,2574186.05124115
2012-11-01T00:00:00Z,2577165.10358636
2012-10-31T00:00:00Z,2573381.97324277
2012-10-30T00:00:00Z,2578527.90878906
2012-10-29T00:00:00Z,2587658.60869225
2012-10-28T00:00:00Z,2587422.00313425
2012-10-27T00:00:00Z,2586777.59859955
2012-10-26T00:00:00Z,2586426.17697914
2012-10-25T00:00:00Z,2584376.9906436
2012-10-24T00:00:00Z,2570047.59716381
2012-10-23T00:00:00Z,2578366.39163
2012-10-22T00:00:00Z,2586234.95393152
2012-10-21T00:00:00Z,2556029.48074839
2012-10-20T00:00:00Z,2539677.25214983
2012-10-19T00:00:00Z,2545682.07181788
2012-10-18T00:00:00Z,2543133.85919147
2012-10-17T00:00:00Z,2535937.76233477
2012-10-16T00:00:00Z,2549603.6759216
2012-10-15T00:00:00Z,2550245.21880299
2012-10-14T00:00:00Z,2549790.34700865
2012-10-13T00:00:00Z,2545479.6692591
2012-10-12T00:00:00Z,2542872.83808544
2012-10-11T00:00:00Z,2540844.21919794
2012-10-10T00:00:00Z,2545929.60403122
2012-10-09T00:00:00Z,2552646.02960691
2012-10-08T00:00:00Z,2547399.70823585
2012-10-07T00:00:00Z,2551119.31954345
2012-10-06T00:00:00Z,2550192.0866685
2012-10-05T00:00:00Z,2548065.38121354
2012-10-04T00:00:00Z,2548911.77388032
2012-10-03T00:00:00Z,2544139.49761845
2012-10-02T00:00:00Z,2546951.37139123
2012-10-01T00:00:00Z,2549207.72142067
2012-09-30T00:00:00Z,2516648.3298975
2012-09-29T00:00:00Z,2512934.99278045
2012-09-28T00:00:00Z,2511466.68606666
2012-09-27T00:00:00Z,2519853.19947628
2012-09-26T00:00:00Z,2521368.08976226
2012-09-25T00:00:00Z,2516848.96245134
2012-09-24T00:00:00Z,2525342.4813079
2012-09-23T00:00:00Z,2533451.74500044
2012-09-22T00:00:00Z,2537202.84723037
2012-09-21T00:00:00Z,2539895.28480588
2012-09-20T00:00:00Z,2531421.6955725
2012-09-19T00:00:00Z,2504852.47209357
2012-09-18T00:00:00Z,2520136.88432848
2012-09-17T00:00:00Z,2531060.10302135
2012-09-16T00:00:00Z,2534746.81522667
2012-09-15T00:00:00Z,2532100.33637424
2012-09-14T00:00:00Z,2536918.09294254
2012-09-13T00:00:00Z,2538000.91418075
2012-09-12T00:00:00Z,2548946.11601532
2012-09-11T00:00:00Z,2540535.69970456
2012-09-10T00:00:00Z,2535559.49358234
2012-09-09T00:00:00Z,2539688.66140434
2012-09-08T00:00:00Z,2583602.7546514
2012-09-07T00:00:00Z,2578301.07580913
2012-09-06T00:00:00Z,2570159.57898625
2012-09-05T00:00:00Z,2568384.19153754
2012-09-04T00:00:00Z,2570438.92275867
2012-09-03T00:00:00Z,2573873.47564876
2012-09-02T00:00:00Z,2580222.20804241
2012-09-01T00:00:00Z,2583118.11326364
2012-08-31T00:00:00Z,2558047.06579413
2012-08-30T00:00:00Z,2551161.72032301
2012-08-29T00:00:00Z,2574509.49846039
2012-08-28T00:00:00Z,2571657.10386857
2012-08-27T00:00:00Z,2575563.51943513
2012-08-26T00:00:00Z,2583222.61109419
2012-08-25T00:00:00Z,2570962.45574966
2012-08-24T00:00:00Z,2549076.88085688
2012-08-23T00:00:00Z,2537856.42579123
2012-08-22T00:00:00Z,2527126.23803158
2012-08-21T00:00:00Z,2539238.77509439
2012-08-20T00:00:00Z,2546971.71081064
2012-08-19T00:00:00Z,2539360.73908512
2012-08-18T00:00:00Z,2517631.88358061
2012-08-17T00:00:00Z,2522350.51080269
2012-08-16T00:00:00Z,2526656.19891355
2012-08-15T00:00:00Z,2523039.5082623
2012-08-14T00:00:00Z,2529908.24382623
2012-08-13T00:00:00Z,2534426.31086743
2012-08-12T00:00:00Z,2516663.4218152
2012-08-11T00:00:00Z,2520390.35462545
2012-08-10T00:00:00Z,2520008.47003375
2012-08-09T00:00:00Z,2516035.05629742
2012-08-08T00:00:00Z,2512536.11535838
2012-08-07T00:00:00Z,2522960.98288649
2012-08-06T00:00:00Z,2523590.94224229
2012-08-05T00:00:00Z,2521451.90205177
2012-08-04T00:00:00Z,2520078.7525762
2012-08-03T00:00:00Z,2522242.6550909
2012-08-02T00:00:00Z,2529714.82603546
2012-08-01T00:00:00Z,2511742.46188479
2012-07-31T00:00:00Z,2508193.75695199
2012-07-30T00:00:00Z,2487128.04562845
2012-07-29T00:00:00Z,2490783.37617715
2012-07-28T00:00:00Z,2498681.90998375
2012-07-27T00:00:00Z,2496709.14898683
2012-07-26T00:00:00Z,2508553.77064888
2012-07-25T00:00:00Z,2517702.60852064
2012-07-24T00:00:00Z,2523465.31710744
2012-07-23T00:00:00Z,2520392.45286663
2012-07-22T00:00:00Z,2519691.40458144
2012-07-21T00:00:00Z,2526341.1704866
2012-07-20T00:00:00Z,2527472.55247346
2012-07-19T00:00:00Z,2531863.84819042
2012-07-18T00:00:00Z,2539139.27943013
2012-07-17T00:00:00Z,2531586.42798959
2012-07-16T00:00:00Z,2528807.5225313
2012-07-15T00:00:00Z,2520613.59015264
2012-07-14T00:00:00Z,2519854.04797377
2012-07-13T00:00:00Z,2523548.94415545
2012-07-12T00:00:00Z,2522544.40390501
2012-07-11T00:00:00Z,2553829.29389037
2012-07-10T00:00:00Z,2561462.70727731
2012-07-09T00:00:00Z,2557891.57066645
2012-07-08T00:00:00Z,2546618.89136664
2012-07-07T00:00:00Z,2548713.58557657
2012-07-06T00:00:00Z,2543059.49317141
2012-07-05T00:00:00Z,2549250.7736092
2012-07-04T00:00:00Z,2542403.85781593
2012-07-03T00:00:00Z,2547121.19777984
2012-07-02T00:00:00Z,2562972.78123087
2012-07-01T00:00:00Z,2552280.93064721
2012-06-30T00:00:00Z,2548846.61854402
2012-06-29T00:00:00Z,2551247.80518698
2012-06-28T00:00:00Z,2553572.288436
2012-06-27T00:00:00Z,2549886.31960539
2012-06-26T00:00:00Z,2561552.52089708
2012-06-25T00:00:00Z,2558259.70117766
2012-06-24T00:00:00Z,2553478.24145379
2012-06-23T00:00:00Z,2559202.46711946
2012-06-22T00:00:00Z,2562408.64803381
2012-06-21T00:00:00Z,2558254.39835539
2012-06-20T00:00:00Z,2568577.63525624
2012-06-19T00:00:00Z,2563512.44739922
2012-06-18T00:00:00Z,2572749.63909863
2012-06-17T00:00:00Z,2569690.65217625
2012-06-16T00:00:00Z,2585241.75794969
2012-06-15T00:00:00Z,2573312.53497809
2012-06-14T00:00:00Z,2573192.90634215
2012-06-13T00:00:00Z,2574869.01377677
2012-06-12T00:00:00Z,2579737.43171727
2012-06-11T00:00:00Z,2592575.57332727
2012-06-10T00:00:00Z,2588242.26464583
2012-06-09T00:00:00Z,2586745.96937103
2012-06-08T00:00:00Z,2627288.44271496
2012-06-07T00:00:00Z,2609388.15341764
2012-06-06T00:00:00Z,2608445.13703736
2012-06-05T00:00:00Z,2613594.23871255
2012-06-04T00:00:00Z,2613499.7017031
2012-06-03T00:00:00Z,2613735.34940038
2012-06-02T00:00:00Z,2613091.95157733
2012-06-01T00:00:00Z,2611955.98566422
2012-05-31T00:00:00Z,2567988.17883281
2012-05-30T00:00:00Z,2575505.16270942
2012-05-29T00:00:00Z,2582430.25189394
2012-05-28T00:00:00Z,2586529.65806762
2012-05-27T00:00:00Z,2593026.79162411
2012-05-26T00:00:00Z,2587330.84663489
2012-05-25T00:00:00Z,2588698.15768465
2012-05-24T00:00:00Z,2587895.62969635
2012-05-23T00:00:00Z,2593518.56457223
2012-05-22T00:00:00Z,2601543.89612221
2012-05-21T00:00:00Z,2591238.11806137
2012-05-20T00:00:00Z,2593962.96838161
2012-05-19T00:00:00Z,2599881.90037061
2012-05-18T00:00:00Z,2599997.93461149
2012-05-17T00:00:00Z,2608551.93175454
2012-05-16T00:00:00Z,2615277.57187713
2012-05-15T00:00:00Z,2617681.43232329
2012-05-14T00:00:00Z,2614243.3674536
2012-05-13T00:00:00Z,2615698.66433618
2012-05-12T00:00:00Z,2611261.53694918
2012-05-11T00:00:00Z,2644902.8411951
2012-05-10T00:00:00Z,2650352.90357945
2012-05-09T00:00:00Z,2649138.53222571
2012-05-08T00:00:00Z,2651110.11924417
2012-05-07T00:00:00Z,2651583.25371015
2012-05-06T00:00:00Z,2660484.47333799
2012-05-05T00:00:00Z,2664508.27703606
2012-05-04T00:00:00Z,2658830.19999924
2012-05-03T00:00:00Z,2659913.92780229
2012-05-02T00:00:00Z,2666904.35942386
2012-05-01T00:00:00Z,2672228.64325565
2012-04-30T00:00:00Z,2682017.02166486
2012-04-29T00:00:00Z,2682462.58081262
2012-04-28T00:00:00Z,2664189.51313049
2012-04-27T00:00:00Z,2657379.14239402
2012-04-26T00:00:00Z,2663159.30372574
2012-04-25T00:00:00Z,2657648.41200732
2012-04-24T00:00:00Z,2658588.91778973
2012-04-23T00:00:00Z,2669348.21004219
2012-04-22T00:00:00Z,2668967.96412238
2012-04-21T00:00:00Z,2703648.50025679
2012-04-20T00:00:00Z,2699036.525183
2012-04-19T00:00:00Z,2722633.32124113
2012-04-18T00:00:00Z,2716402.05918568
2012-04-17T00:00:00Z,2712045.56781596
2012-04-16T00:00:00Z,2713695.35514735
2012-04-15T00:00:00Z,2741430.38992625
2012-04-14T00:00:00Z,2730502.2684286
2012-04-13T00:00:00Z,2718535.13190899
2012-04-12T00:00:00Z,2715159.96126137
2012-04-11T00:00:00Z,2727998.25708042
2012-04-10T00:00:00Z,2739131.19888152
2012-04-09T00:00:00Z,2720433.0479471
2012-04-08T00:00:00Z,2713661.29385083
2012-04-07T00:00:00Z,2710130.44545678
2012-04-06T00:00:00Z,2712586.53346568
2012-04-05T00:00:00Z,2710865.50654823
2012-04-04T00:00:00Z,2712600.25917614
2012-04-03T00:00:00Z,2712698.93309067
2012-04-02T00:00:00Z,2714969.00951579
2012-04-01T00:00:00Z,2715523.8693135
2012-03-31T00:00:00Z,2718700.20767836
2012-03-30T00:00:00Z,2714158.30935467
2012-03-29T00:00:00Z,2719396.66298947
2012-03-28T00:00:00Z,2720892.50481621
2012-03-27T00:00:00Z,2723189.32088553
2012-03-26T00:00:00Z,2722680.8936033
2012-03-25T00:00:00Z,2726107.89810673
2012-03-24T00:00:00Z,2723415.14653696
2012-03-23T00:00:00Z,2727620.22133587
2012-03-22T00:00:00Z,2736456.06078876
2012-03-21T00:00:00Z,2739047.81147471
2012-03-20T00:00:00Z,2743333.67876713
2012-03-19T00:00:00Z,2741507.94189055
2012-03-18T00:00:00Z,2743624.56935131
2012-03-17T00:00:00Z,2736431.76037758
2012-03-16T00:00:00Z,2723113.82463007
2012-03-15T00:00:00Z,2722844.42373234
2012-03-14T00:00:00Z,2721947.66048999
2012-03-13T00:00:00Z,2732142.68718493
2012-03-12T00:00:00Z,2726700.51388327
2012-03-11T00:00:00Z,2724941.38875876
2012-03-10T00:00:00Z,2715613.69662341
2012-03-09T00:00:00Z,2719065.96209227
2012-03-08T00:00:00Z,2721880.5492642
2012-03-07T00:00:00Z,2723239.25620246
2012-03-06T00:00:00Z,2716612.73051216
2012-03-05T00:00:00Z,2714038.54574773
2012-03-04T00:00:00Z,2707045.56717061
2012-03-03T00:00:00Z,2700116.88278935
2012-03-02T00:00:00Z,2702933.2294712
2012-03-01T00:00:00Z,2713083.77835488
2012-02-29T00:00:00Z,2722042.71613165
2012-02-28T00:00:00Z,2718815.90534248
2012-02-27T00:00:00Z,2722694.02373084
2012-02-26T00:00:00Z,2729158.85846682
2012-02-25T00:00:00Z,2723307.16172661
2012-02-24T00:00:00Z,2725047.81156539
2012-02-23T00:00:00Z,2712925.08070603
2012-02-22T00:00:00Z,2707735.90715828
2012-02-21T00:00:00Z,2710158.14339726
2012-02-20T00:00:00Z,2713065.01108536
2012-02-19T00:00:00Z,2717775.47127657
2012-02-18T00:00:00Z,2719941.06844326
2012-02-17T00:00:00Z,2720199.05417312
2012-02-16T00:00:00Z,2727163.78896985
2012-02-15T00:00:00Z,2713945.11401468
2012-02-14T00:00:00Z,2717031.02030479
2012-02-13T00:00:00Z,2790903.56659073
2012-02-12T00:00:00Z,2745140.97346918
2012-02-11T00:00:00Z,2740468.1601463
2012-02-10T00:00:00Z,2752033.9890029
2012-02-09T00:00:00Z,2748054.42126366
2012-02-08T00:00:00Z,2747467.93392084
2012-02-07T00:00:00Z,2750359.28290391
2012-02-06T00:00:00Z,2750814.26409668
2012-02-05T00:00:00Z,2739493.08499212
2012-02-04T00:00:00Z,2736656.68193638
2012-02-03T00:00:00Z,2734218.8585355
2012-02-02T00:00:00Z,2736736.47767303
2012-02-01T00:00:00Z,2738020.15124569
2012-01-31T00:00:00Z,2729171.84902646
2012-01-30T00:00:00Z,2724602.09638553
2012-01-29T00:00:00Z,2737401.96252341
2012-01-28T00:00:00Z,2732663.64111027
2012-01-27T00:00:00Z,2734546.47227868
2012-01-26T00:00:00Z,2726023.3873529
2012-01-25T00:00:00Z,2729079.96658592
2012-01-24T00:00:00Z,2732357.88784101
2012-01-23T00:00:00Z,2732648.66210687
2012-01-22T00:00:00Z,2729754.11980591
2012-01-21T00:00:00Z,2730248.35941765
2012-01-20T00:00:00Z,2732707.45487047
2012-01-19T00:00:00Z,2729688.38777382
2012-01-18T00:00:00Z,2728070.04807144
2012-01-17T00:00:00Z,2733758.54980092
2012-01-16T00:00:00Z,2715121.92124604
2012-01-15T00:00:00Z,2705473.98071335
2012-01-14T00:00:00Z,2699289.87509452
2012-01-13T00:00:00Z,2697289.60061627
2012-01-12T00:00:00Z,2701075.57315446
2012-01-11T00:00:00Z,2704858.55256178
2012-01-10T00:00:00Z,2706430.4665999
2012-01-09T00:00:00Z,2697415.24168944
2012-01-08T00:00:00Z,2696003.262606
2012-01-07T00:00:00Z,2692660.54117067
2012-01-06T00:00:00Z,2692842.01282574
2012-01-05T00:00:00Z,2697138.12713726
2012-01-04T00:00:00Z,2691809.42413006
2012-01-03T00:00:00Z,2699505.64145815
2012-01-02T00:00:00Z,2694997.62578149
2012-01-01T00:00:00Z,2690054.35258166
2011-12-31T00:00:00Z,2690042.2277319
2011-12-30T00:00:00Z,2688655.47096985
2011-12-29T00:00:00Z,2694737.02203585
2011-12-28T00:00:00Z,2687631.18798187
2011-12-27T00:00:00Z,2687567.53238034
2011-12-26T00:00:00Z,2663987.02046834
2011-12-25T00:00:00Z,2644189.07307223
2011-12-24T00:00:00Z,2634602.72608505
2011-12-23T00:00:00Z,2635507.35224337
2011-12-22T00:00:00Z,2649974.31732594
2011-12-21T00:00:00Z,2670933.07746762
2011-12-20T00:00:00Z,2687932.3363342
2011-12-19T00:00:00Z,2709237.4187001
2011-12-18T00:00:00Z,2721636.20998124
2011-12-17T00:00:00Z,2715109.32572456
2011-12-16T00:00:00Z,2710205.06181065
2011-12-15T00:00:00Z,2719225.95552268
2011-12-14T00:00:00Z,2740727.47536701
2011-12-13T00:00:00Z,2728170.41882004
2011-12-12T00:00:00Z,2714717.81023826
2011-12-11T00:00:00Z,2655133.22225089
2011-12-10T00:00:00Z,2612366.87383968
2011-12-09T00:00:00Z,2615115.46861148
2011-12-08T00:00:00Z,2564438.79293009
2011-12-07T00:00:00Z,2981756.89337755
2011-12-06T00:00:00Z,2550767.58853141
2011-12-05T00:00:00Z,2994862.77577552
2011-12-04T00:00:00Z,3001352.22956024
2011-12-03T00:00:00Z,3004181.17845903
2011-12-02T00:00:00Z,2554137.17457186
2011-12-01T00:00:00Z,3007813.6936931
2011-11-30T00:00:00Z,2557565.617296
2011-11-29T00:00:00Z,2565308.69849555
2011-11-28T00:00:00Z,3026011.0756698
2011-11-27T00:00:00Z,2574246.48321935
2011-11-26T00:00:00Z,2577231.66096345
2011-11-25T00:00:00Z,2591652.9652674
2011-11-24T00:00:00Z,2578322.30878633
2011-11-23T00:00:00Z,2593598.55651718
2011-11-22T00:00:00Z,3086853.3646879
2011-11-21T00:00:00Z,2586434.46390703
2011-11-20T00:00:00Z,3096741.48953766
2011-11-19T00:00:00Z,2604450.81515848
2011-11-18T00:00:00Z,2617799.27506776
2011-11-17T00:00:00Z,2592670.92345661
2011-11-16T00:00:00Z,3119325.77660351
2011-11-15T00:00:00Z,3054892.45363406
2011-11-14T00:00:00Z,3064543.89689484
2011-11-13T00:00:00Z,3069851.25514854
2011-11-12T00:00:00Z,3063616.86222274
2011-11-11T00:00:00Z,3066936.23487733
2011-11-10T00:00:00Z,3065150.73041392
2011-11-09T00:00:00Z,3073322.62859015
2011-11-08T00:00:00Z,3071040.99531937
2011-11-07T00:00:00Z,3082607.37027297
2011-11-06T00:00:00Z,3075785.72475856
2011-11-05T00:00:00Z,3076257.37715447
2011-11-04T00:00:00Z,3062762.64536957
2011-11-03T00:00:00Z,3077127.14067439
2011-11-02T00:00:00Z,3069972.53780655
2011-11-01T00:00:00Z,3073931.96805943
2011-10-31T00:00:00Z,3087231.49820196
2011-10-30T00:00:00Z,3095893.91197394
2011-10-29T00:00:00Z,3092619.09092634
2011-10-28T00:00:00Z,3085994.190537
2011-10-27T00:00:00Z,3105113.11193995
2011-10-26T00:00:00Z,3100356.29007455
2011-10-25T00:00:00Z,3105671.60373992
2011-10-24T00:00:00Z,3108860.21577815
2011-10-23T00:00:00Z,3100778.91729857
2011-10-22T00:00:00Z,3100959.56324793
2011-10-21T00:00:00Z,3099718.58231211
2011-10-20T00:00:00Z,3103673.78339933
2011-10-19T00:00:00Z,3099613.13285129
2011-10-18T00:00:00Z,3097675.26015292
2011-10-17T00:00:00Z,3100653.58208127
2011-10-16T00:00:00Z,3092486.30742796
2011-10-15T00:00:00Z,3097631.25758062
2011-10-14T00:00:00Z,3101940.8915064
2011-10-13T00:00:00Z,3094578.12091255
2011-10-12T00:00:00Z,3086317.87277364
2011-10-11T00:00:00Z,3086577.35605171
2011-10-10T00:00:00Z,3091391.03480163
2011-10-09T00:00:00Z,3095721.79617947
2011-10-08T00:00:00Z,3093426.93236293
2011-10-07T00:00:00Z,3088683.63515304
2011-10-06T00:00:00Z,3091263.89531709
2011-10-05T00:00:00Z,3105706.61504044
2011-10-04T00:00:00Z,3105445.74828542
2011-10-03T00:00:00Z,3100191.92120065
2011-10-02T00:00:00Z,3102554.98351062
2011-10-01T00:00:00Z,3108372.46458459
2011-09-30T00:00:00Z,3112956.31489074
2011-09-29T00:00:00Z,3114584.74239284
2011-09-28T00:00:00Z,3114484.59295614
2011-09-27T00:00:00Z,3113968.77699105
2011-09-26T00:00:00Z,3113279.01466192
2011-09-25T00:00:00Z,3108347.33784626
2011-09-24T00:00:00Z,3108250.38445299
2011-09-23T00:00:00Z,3103964.35431117
2011-09-22T00:00:00Z,3103649.46674029
2011-09-21T00:00:00Z,3098384.92380869
2011-09-20T00:00:00Z,3096253.70468192
2011-09-19T00:00:00Z,3081279.38440801
2011-09-18T00:00:00Z,3076628.62986978
2011-09-17T00:00:00Z,3048638.85615003
2011-09-16T00:00:00Z,3047656.17648018
2011-09-15T00:00:00Z,3058360.97356627
2011-09-14T00:00:00Z,3045660.98664896
2011-09-13T00:00:00Z,3054601.4478323
2011-09-12T00:00:00Z,3054809.56888321
2011-09-11T00:00:00Z,3072989.61526333
2011-09-10T00:00:00Z,2460527.86270501
2011-09-09T00:00:00Z,2472056.43684926
2011-09-08T00:00:00Z,2480104.87444382
2011-09-07T00:00:00Z,2480303.27800702
2011-09-06T00:00:00Z,2533706.90208896
2011-09-05T00:00:00Z,2522375.3913376
2011-09-04T00:00:00Z,2504989.43416386
2011-09-03T00:00:00Z,2528200.43170844
2011-09-02T00:00:00Z,2525991.61056385
2011-09-01T00:00:00Z,2521782.31960203
2011-08-31T00:00:00Z,2511973.57716078
2011-08-30T00:00:00Z,2512342.12016429
2011-08-29T00:00:00Z,2513090.02430155
2011-08-28T00:00:00Z,2511148.0192167
2011-08-27T00:00:00Z,2512190.0196939
2011-08-26T00:00:00Z,2625812.63426828
2011-08-25T00:00:00Z,2620597.42329294
2011-08-24T00:00:00Z,2605307.50501566
2011-08-23T00:00:00Z,2584270.61578975
2011-08-22T00:00:00Z,2578570.19930851
2011-08-21T00:00:00Z,2572929.60571539
2011-08-20T00:00:00Z,2569369.32086975
2011-08-19T00:00:00Z,2566034.43315157
2011-08-18T00:00:00Z,2565102.67370697
2011-08-17T00:00:00Z,2564363.26554214
2011-08-16T00:00:00Z,2595926.70258588
2011-08-15T00:00:00Z,2590091.2281645
2011-08-14T00:00:00Z,2583810.47261937
2011-08-13T00:00:00Z,2580132.68619018
2011-08-12T00:00:00Z,2576460.929387
2011-08-11T00:00:00Z,2579630.11995149
2011-08-10T00:00:00Z,2571105.68576875
2011-08-09T00:00:00Z,2566477.76873716
2011-08-08T00:00:00Z,2528685.56442582
2011-08-07T00:00:00Z,2529214.45587456
2011-08-06T00:00:00Z,2542504.47065611
2011-08-05T00:00:00Z,2529824.40106724
2011-08-04T00:00:00Z,2583713.5512584
2011-08-03T00:00:00Z,2557400.23214642
2011-08-02T00:00:00Z,2542734.4860948
2011-08-01T00:00:00Z,2539503.58419367
2011-07-31T00:00:00Z,2539349.86358147
2011-07-30T00:00:00Z,2538157.34549803
2011-07-29T00:00:00Z,2537107.23427786
2011-07-28T00:00:00Z,2538246.25249481
2011-07-27T00:00:00Z,2538458.00259841
2011-07-26T00:00:00Z,2540912.20652022
2011-07-25T00:00:00Z,2548905.99654292
2011-07-24T00:00:00Z,2541944.71088383
2011-07-23T00:00:00Z,2538839.70857324
2011-07-22T00:00:00Z,2538699.55923017
2011-07-21T00:00:00Z,2538384.97320537
2011-07-20T00:00:00Z,2540909.11325595
2011-07-19T00:00:00Z,2541105.44121633
2011-07-18T00:00:00Z,2539789.4282008
2011-07-17T00:00:00Z,2556406.0758325
2011-07-16T00:00:00Z,2556211.88165794
2011-07-15T00:00:00Z,2554408.95837032
2011-07-14T00:00:00Z,2552824.57085196
2011-07-13T00:00:00Z,2553967.07461286
2011-07-12T00:00:00Z,2553368.90237597
2011-07-11T00:00:00Z,2552627.02908615
2011-07-10T00:00:00Z,2553866.69224847
2011-07-09T00:00:00Z,2555313.07686441
2011-07-08T00:00:00Z,2553843.20111799
2011-07-07T00:00:00Z,2553012.67653895
2011-07-06T00:00:00Z,2552104.5914352
2011-07-05T00:00:00Z,2547693.64999248
2011-07-04T00:00:00Z,2554894.8197517
2011-07-03T00:00:00Z,2556144.409948
2011-07-02T00:00:00Z,2558443.02086734
2011-07-01T00:00:00Z,2557839.01724252
2011-06-30T00:00:00Z,2559400.69642978
2011-06-29T00:00:00Z,2560030.05439516
2011-06-28T00:00:00Z,2563009.31680567
2011-06-27T00:00:00Z,2570664.16790581
2011-06-26T00:00:00Z,2579367.98579794
2011-06-25T00:00:00Z,2579824.41794278
2011-06-24T00:00:00Z,2581351.49583773
2011-06-23T00:00:00Z,2595362.60775052
2011-06-22T00:00:00Z,2595287.15175678
2011-06-21T00:00:00Z,2595389.6421056
2011-06-20T00:00:00Z,2592699.12722065
2011-06-19T00:00:00Z,2600859.82494483
2011-06-18T00:00:00Z,3050250.48710781
2011-06-17T00:00:00Z,3047599.10701594
2011-06-16T00:00:00Z,3050777.91892833
2011-06-15T00:00:00Z,3093175.11069156
2011-06-14T00:00:00Z,3113703.21385924
2011-06-13T00:00:00Z,3188843.89685796
2011-06-12T00:00:00Z,3218757.71325823
2011-06-11T00:00:00Z,2793105.80580283
2011-06-10T00:00:00Z,2825006.69358738
2011-06-09T00:00:00Z,2837430.09004562
2011-06-08T00:00:00Z,2847165.12685915
2011-06-07T00:00:00Z,2861542.05557724
2011-06-06T00:00:00Z,2869394.89969312
2011-06-05T00:00:00Z,2875015.8177557
2011-06-04T00:00:00Z,2904520.34211334
2011-06-03T00:00:00Z,2906045.26796826
2011-06-02T00:00:00Z,2942300.69127032
2011-06-01T00:00:00Z,2953790.48912743
2011-05-31T00:00:00Z,2954089.44719111
2011-05-30T00:00:00Z,2954821.3218547
2011-05-29T00:00:00Z,2965041.95833665
2011-05-28T00:00:00Z,2964389.08879492
2011-05-27T00:00:00Z,2966741.82540256
2011-05-26T00:00:00Z,2970402.36176541
2011-05-25T00:00:00Z,2973902.86088076
2011-05-24T00:00:00Z,2977431.86285807
2011-05-23T00:00:00Z,2984876.88343363
2011-05-22T00:00:00Z,2991474.57195307
2011-05-21T00:00:00Z,2989285.9072733
2011-05-20T00:00:00Z,2991785.77844523
2011-05-19T00:00:00Z,2997918.89534822
2011-05-18T00:00:00Z,3000839.02345778
2011-05-17T00:00:00Z,3005396.46925197
2011-05-16T00:00:00Z,3004045.26029036
2011-05-15T00:00:00Z,3008054.78362672
2011-05-14T00:00:00Z,3008223.74943285
2011-05-13T00:00:00Z,3010391.30548365
2011-05-12T00:00:00Z,3016633.77375376
2011-05-11T00:00:00Z,3067871.29532169
2011-05-10T00:00:00Z,3077802.83276592
2011-05-09T00:00:00Z,3089495.7723293
2011-05-08T00:00:00Z,3087798.26884129
2011-05-07T00:00:00Z,3083640.18322276
2011-05-06T00:00:00Z,3095227.91629189
2011-05-05T00:00:00Z,3085658.50629971
2011-05-04T00:00:00Z,3087187.12578499
2011-05-03T00:00:00Z,3102386.11648127
2011-05-02T00:00:00Z,3098241.38195597
2011-05-01T00:00:00Z,3101557.35373437
2011-04-30T00:00:00Z,3102422.87838338
2011-04-29T00:00:00Z,3105937.98267503
2011-04-28T00:00:00Z,3114346.47778291
2011-04-27T00:00:00Z,3123337.54982844
2011-04-26T00:00:00Z,3130325.06990806
2011-04-25T00:00:00Z,3128767.59143067
2011-04-24T00:00:00Z,3129526.69195329
2011-04-23T00:00:00Z,3129204.35350789
2011-04-22T00:00:00Z,3144608.69027557
2011-04-21T00:00:00Z,3145386.40044347
2011-04-20T00:00:00Z,3142415.78015967
2011-04-19T00:00:00Z,3140772.3562246
2011-04-18T00:00:00Z,3139034.82542823
2011-04-17T00:00:00Z,3146640.03494247
2011-04-16T00:00:00Z,3145159.02994247
2011-04-15T00:00:00Z,3146865.94800019
2011-04-14T00:00:00Z,3154611.2810567
2011-04-13T00:00:00Z,3156145.2084567
2011-04-12T00:00:00Z,3167983.81031749
2011-04-11T00:00:00Z,3176043.9696376
2011-04-10T00:00:00Z,3180369.40268529
2011-04-09T00:00:00Z,3177254.98899608
2011-04-08T00:00:00Z,3174098.63909608
2011-04-07T00:00:00Z,3172611.24624098
2011-04-06T00:00:00Z,3172239.45524098
2011-04-05T00:00:00Z,3172917.76637233
2011-04-04T00:00:00Z,3168068.87929096
2011-04-03T00:00:00Z,3173235.90244374
2011-04-02T00:00:00Z,3168157.37433046
2011-04-01T00:00:00Z,3162653.31393044
2011-03-31T00:00:00Z,3158664.4164379
2011-03-30T00:00:00Z,3157206.13272974
2011-03-29T00:00:00Z,3155491.55272974
2011-03-28T00:00:00Z,3152581.78928403
2011-03-27T00:00:00Z,3151698.24928403
2011-03-26T00:00:00Z,3153452.95905133
2011-03-25T00:00:00Z,3155046.75151097
2011-03-24T00:00:00Z,3151345.73609673
2011-03-23T00:00:00Z,3162526.94514861
2011-03-22T00:00:00Z,3161093.03017167
2011-03-21T00:00:00Z,3159365.09988073
2011-03-20T00:00:00Z,3157349.88988073
2011-03-19T00:00:00Z,3155200.20097617
2011-03-18T00:00:00Z,3154833.68318322
2011-03-17T00:00:00Z,3161502.58267617
2011-03-16T00:00:00Z,3158740.02328323
2011-03-15T00:00:00Z,3165582.75468322
2011-03-14T00:00:00Z,3164957.34928339
2011-03-13T00:00:00Z,3178621.70646492
2011-03-12T00:00:00Z,3176457.84147196
2011-03-11T00:00:00Z,3174924.53379134
2011-03-10T00:00:00Z,3174891.76239839
2011-03-09T00:00:00Z,3173948.7280539
2011-03-08T00:00:00Z,3172419.52999839
2011-03-07T00:00:00Z,3168318.16009837
2011-03-06T00:00:00Z,3165350.04869838
2011-03-05T00:00:00Z,3151895.93059838
2011-03-04T00:00:00Z,3159409.81989837
2011-03-03T00:00:00Z,3155644.95334845
2011-03-02T00:00:00Z,3151644.04674845
2011-03-01T00:00:00Z,3152319.28274845
2011-02-28T00:00:00Z,3339101.11844845
2011-02-27T00:00:00Z,3367261.04844845
2011-02-26T00:00:00Z,3365153.88893421
2011-02-25T00:00:00Z,3366906.24893421
2011-02-24T00:00:00Z,3368833.68796269
2011-02-23T00:00:00Z,3363807.06075373
2011-02-22T00:00:00Z,3358123.44289996
2011-02-21T00:00:00Z,3352406.93289996
2011-02-20T00:00:00Z,3349003.80289996
2011-02-19T00:00:00Z,3344550.58289996
2011-02-18T00:00:00Z,3342816.99059468
2011-02-17T00:00:00Z,3347288.75428427
2011-02-16T00:00:00Z,3340515.05082234
2011-02-15T00:00:00Z,3335128.62428427
2011-02-14T00:00:00Z,3330893.96428427
2011-02-13T00:00:00Z,3349323.18428427
2011-02-12T00:00:00Z,3355909.61246402
2011-02-11T00:00:00Z,3353577.83246402
2011-02-10T00:00:00Z,3354239.99554254
2011-02-09T00:00:00Z,3352260.79801574
2011-02-08T00:00:00Z,3353662.31996293
2011-02-07T00:00:00Z,3345497.74571384
2011-02-06T00:00:00Z,3350660.52850443
2011-02-05T00:00:00Z,3353456.48737855
2011-02-04T00:00:00Z,3364820.14362092
2011-02-03T00:00:00Z,3361862.89415038
2011-02-02T00:00:00Z,3351785.33597063
2011-02-01T00:00:00Z,3340243.33597063
2011-01-31T00:00:00Z,3351862.33597063
2011-01-30T00:00:00Z,3352866.98597063
2011-01-29T00:00:00Z,3353065.28597063
2011-01-28T00:00:00Z,3361197.28401455
2011-01-27T00:00:00Z,3359996.71401455
2011-01-26T00:00:00Z,3204272.75307374
2011-01-25T00:00:00Z,3204622.11307374
2011-01-24T00:00:00Z,3203272.39401455
2011-01-23T00:00:00Z,3200036.5735595
2011-01-22T00:00:00Z,3204170.19994591
2011-01-21T00:00:00Z,3204281.20125663
2011-01-20T00:00:00Z,3198399.39413401
2011-01-19T00:00:00Z,3190851.79676734
2011-01-18T00:00:00Z,3183264.09439917
2011-01-17T00:00:00Z,3185858.73479046
2011-01-16T00:00:00Z,3179765.55169678
2011-01-15T00:00:00Z,3177993.7066034
2011-01-14T00:00:00Z,3174877.49708916
2011-01-13T00:00:00Z,3180795.19708916
2011-01-12T00:00:00Z,3192654.78708916
2011-01-11T00:00:00Z,3191113.45708916
2011-01-10T00:00:00Z,3207729.50708916
2011-01-09T00:00:00Z,3201426.30873023
2011-01-08T00:00:00Z,3199860.57873023
2011-01-07T00:00:00Z,3202918.17873023
2011-01-06T00:00:00Z,3199879.18673028
2011-01-05T00:00:00Z,3198899.88564422
2011-01-04T00:00:00Z,3205236.22355801
2011-01-03T00:00:00Z,3199802.5022671
2011-01-02T00:00:00Z,3192334.35383776
2011-01-01T00:00:00Z,3188402.99882598
2010-12-31T00:00:00Z,3183429.3996734
2010-12-30T00:00:00Z,3172677.3076137
2010-12-29T00:00:00Z,3164209.7770098
2010-12-28T00:00:00Z,3169778.0570098
2010-12-27T00:00:00Z,3164016.30361713
2010-12-26T00:00:00Z,3161108.44175711
2010-12-25T00:00:00Z,3159769.84611192
2010-12-24T00:00:00Z,3155537.20611192
2010-12-23T00:00:00Z,3149293.0960358
2010-12-22T00:00:00Z,3143034.23435807
2010-12-21T00:00:00Z,3147767.34435807
2010-12-20T00:00:00Z,3165749.54000326
2010-12-19T00:00:00Z,3173539.65000326
2010-12-18T00:00:00Z,3176205.51435807
2010-12-17T00:00:00Z,3170391.46782243
2010-12-16T00:00:00Z,3166070.23837771
2010-12-15T00:00:00Z,3165416.03860658
2010-12-14T00:00:00Z,3158612.88117606
2010-12-13T00:00:00Z,3153036.87986018
2010-12-12T00:00:00Z,3177830.35102653
2010-12-11T00:00:00Z,3173711.28492947
2010-12-10T00:00:00Z,3169522.77795347
2010-12-09T00:00:00Z,3164414.58795347
2010-12-08T00:00:00Z,3158359.12332478
2010-12-07T00:00:00Z,3152295.70332478
2010-12-06T00:00:00Z,3156005.86117841
2010-12-05T00:00:00Z,3147690.69543274
2010-12-04T00:00:00Z,3140308.88543274
2010-12-03T00:00:00Z,3142200.3391671
2010-12-02T00:00:00Z,3147956.2391671
2010-12-01T00:00:00Z,3147336.9791671
2010-11-30T00:00:00Z,3153251.0891671
2010-11-29T00:00:00Z,3137636.7791671
2010-11-28T00:00:00Z,3133230.4891671
2010-11-27T00:00:00Z,3125251.1291671
2010-11-26T00:00:00Z,3123057.5691671
2010-11-25T00:00:00Z,3119642.2891671
2010-11-24T00:00:00Z,3109207.4091671
2010-11-23T00:00:00Z,3105684.5091671
2010-11-22T00:00:00Z,3107751.5291671
2010-11-21T00:00:00Z,3101605.6691671
2010-11-20T00:00:00Z,3092814.1791671
2010-11-19T00:00:00Z,3089261.1291671
2010-11-18T00:00:00Z,3087159.9691671
2010-11-17T00:00:00Z,3078232.2191671
2010-11-16T00:00:00Z,3072860.0491671
2010-11-15T00:00:00Z,3070061.1691671
2010-11-14T00:00:00Z,3070820.7691671
2010-11-13T00:00:00Z,3077962.9391671
2010-11-12T00:00:00Z,3075920.3891671
2010-11-11T00:00:00Z,3073422.2891671
2010-11-10T00:00:00Z,3068447.8991671
2010-11-09T00:00:00Z,3059757.7291671
2010-11-08T00:00:00Z,3055824.4791671
2010-11-07T00:00:00Z,3094172.0091671
2010-11-06T00:00:00Z,3090733.9291671
2010-11-05T00:00:00Z,3139853.8391671
2010-11-04T00:00:00Z,3135936.0291671
2010-11-03T00:00:00Z,3134212.6891671
2010-11-02T00:00:00Z,3135520.2291671
2010-11-01T00:00:00Z,3127762.8791671
2010-10-31T00:00:00Z,3122451.5091671
2010-10-30T00:00:00Z,3121343.6491671
2010-10-29T00:00:00Z,3119193.0491671
2010-10-28T00:00:00Z,3118365.3791671
2010-10-27T00:00:00Z,3127667.7091671
2010-10-26T00:00:00Z,3128980.0591671
2010-10-25T00:00:00Z,3095939.1191671
2010-10-24T00:00:00Z,3085056.1391671
2010-10-23T00:00:00Z,3080492.3091671
2010-10-22T00:00:00Z,3079425.5191671
2010-10-21T00:00:00Z,3066982.8791671
2010-10-20T00:00:00Z,3070134.3291671
2010-10-19T00:00:00Z,3056383.5391671
2010-10-18T00:00:00Z,3040287.0891671
2010-10-17T00:00:00Z,3039113.1291671
2010-10-16T00:00:00Z,3032297.7591671
2010-10-15T00:00:00Z,3036263.75916601
2010-10-14T00:00:00Z,3075227.29916601
2010-10-13T00:00:00Z,3073392.95916601
2010-10-12T00:00:00Z,3085879.37916601
2010-10-11T00:00:00Z,3083667.64916601
2010-10-10T00:00:00Z,3082392.6591671
2010-10-09T00:00:00Z,3072373.2191671
2010-10-08T00:00:00Z,3058896.8191671
2010-10-07T00:00:00Z,3074462.6291671
2010-10-06T00:00:00Z,3072859.7091671
2010-10-05T00:00:00Z,3064690.419167
2010-10-04T00:00:00Z,3112540.2491671
2010-10-03T00:00:00Z,3119816.7991671
2010-10-02T00:00:00Z,3116700.759167
2010-10-01T00:00:00Z,3118675.75139887
2010-09-30T00:00:00Z,3137231.87112198
2010-09-29T00:00:00Z,3134146.92112198
2010-09-28T00:00:00Z,3128633.58112198
2010-09-27T00:00:00Z,3123241.3500011
2010-09-26T00:00:00Z,3134087.9800011
2010-09-25T00:00:00Z,3128821.9300011
2010-09-24T00:00:00Z,3117596.7300011
2010-09-23T00:00:00Z,3105058.7700011
2010-09-22T00:00:00Z,3097940.5900011
2010-09-21T00:00:00Z,3094837.7400011
2010-09-20T00:00:00Z,3092563.5300011
2010-09-19T00:00:00Z,3086754.9500011
2010-09-18T00:00:00Z,3088244.94960462
2010-09-17T00:00:00Z,3085394.76960462
2010-09-16T00:00:00Z,3079079.89960462
2010-09-15T00:00:00Z,3075382.98960462
2010-09-14T00:00:00Z,3076886.09960462
2010-09-13T00:00:00Z,3074258.2800011
2010-09-12T00:00:00Z,3071086.050001
2010-09-11T00:00:00Z,3073573.1200013
2010-09-10T00:00:00Z,3066973.3900013
2010-09-09T00:00:00Z,3061325.5899992
2010-09-08T00:00:00Z,3057560.6699993
2010-09-07T00:00:00Z,3053668.9699994
2010-09-06T00:00:00Z,3053371.4599994
2010-09-05T00:00:00Z,3049762.6499994
2010-09-04T00:00:00Z,3044947.9099994
2010-09-03T00:00:00Z,3040897.9499994
2010-09-02T00:00:00Z,3035213.2999994
2010-09-01T00:00:00Z,3036153.8299995
2010-08-31T00:00:00Z,3032708.8600012
2010-08-30T00:00:00Z,3042726.520001
2010-08-29T00:00:00Z,3043018.7300011
2010-08-28T00:00:00Z,3037512.1700011
2010-08-27T00:00:00Z,3035296.19
2010-08-26T00:00:00Z,3033916.69
2010-08-25T00:00:00Z,3027961.12
2010-08-24T00:00:00Z,3020750.2
2010-08-23T00:00:00Z,3016995.43
2010-08-22T00:00:00Z,3015043.4
2010-08-21T00:00:00Z,3013250.29
2010-08-20T00:00:00Z,3009413.29
2010-08-19T00:00:00Z,3005692.6
2010-08-18T00:00:00Z,3001173.09
2010-08-17T00:00:00Z,3002268.26
2010-08-16T00:00:00Z,2998089.81
2010-08-15T00:00:00Z,2997240.79
2010-08-14T00:00:00Z,2994942.7
2010-08-13T00:00:00Z,2986741.04
2010-08-12T00:00:00Z,2977082.07
2010-08-11T00:00:00Z,2968407.26
2010-08-10T00:00:00Z,2970427.83
2010-08-09T00:00:00Z,2965756.94
2010-08-08T00:00:00Z,2959126.02
2010-08-07T00:00:00Z,2955183.38
2010-08-06T00:00:00Z,2956453.9
2010-08-05T00:00:00Z,2952654.98
2010-08-04T00:00:00Z,2948631.62
2010-08-03T00:00:00Z,2943044.67
2010-08-02T00:00:00Z,2942732.64
2010-08-01T00:00:00Z,2937609.08
2010-07-31T00:00:00Z,2932445.14
2010-07-30T00:00:00Z,2929210.59
2010-07-29T00:00:00Z,2922654.29
2010-07-28T00:00:00Z,2913501.17
2010-07-27T00:00:00Z,2909001.08
2010-07-26T00:00:00Z,2905694.74
2010-07-25T00:00:00Z,2948574.05
2010-07-24T00:00:00Z,2949588.39
2010-07-23T00:00:00Z,2969506.57
2010-07-22T00:00:00Z,2965776.73
2010-07-21T00:00:00Z,2960597.81
2010-07-20T00:00:00Z,2956011.73
2010-07-19T00:00:00Z,2951279.45
2010-07-18T00:00:00Z,2962274.93
2010-07-17T00:00:00Z,2960589.04
2010-07-16T00:00:00Z,2963034.23
2010-07-15T00:00:00Z,2942796.73
2010-07-14T00:00:00Z,2911400.41
2010-07-13T00:00:00Z,2874878.12
2010-07-12T00:00:00Z,2859067.35
2010-07-11T00:00:00Z,2802548
2010-07-10T00:00:00Z,2796928
2010-07-09T00:00:00Z,2791702.63
2010-07-08T00:00:00Z,2783380.63
2010-07-07T00:00:00Z,2778935.63
2010-07-06T00:00:00Z,2767902.14
2010-07-05T00:00:00Z,2766897.14
2010-07-04T00:00:00Z,2751877.14
2010-07-03T00:00:00Z,2755917.14
2010-07-02T00:00:00Z,2741303.14
2010-07-01T00:00:00Z,2742055.27
2010-06-30T00:00:00Z,2734674.91
2010-06-29T00:00:00Z,2769899.91
2010-06-28T00:00:00Z,2777034.36
2010-06-27T00:00:00Z,2771504.36
2010-06-26T00:00:00Z,2765878.36
2010-06-25T00:00:00Z,2759574.36
2010-06-24T00:00:00Z,2750574.36
2010-06-23T00:00:00Z,2741575.36
2010-06-22T00:00:00Z,2731320.36
2010-06-21T00:00:00Z,2726245.26
2010-06-20T00:00:00Z,2720630.27
2010-06-19T00:00:00Z,2712940.26
2010-06-18T00:00:00Z,2683434.5
2010-06-17T00:00:00Z,2673024.5
2010-06-16T00:00:00Z,2667163.5
2010-06-15T00:00:00Z,2663212.81
2010-06-14T00:00:00Z,2655162.8
2010-06-13T00:00:00Z,2653648.81
2010-06-12T00:00:00Z,2643933.44
2010-06-11T00:00:00Z,2638255.35
2010-06-10T00:00:00Z,2633170.24
2010-06-09T00:00:00Z,2614122.34
2010-06-08T00:00:00Z,2595202.34
2010-06-07T00:00:00Z,2593052.34
2010-06-06T00:00:00Z,2606952.14
2010-06-05T00:00:00Z,2602598.83
2010-06-04T00:00:00Z,2596948.83
2010-06-03T00:00:00Z,2622276.18
2010-06-02T00:00:00Z,2619386.38
2010-06-01T00:00:00Z,2614289.69
2010-05-31T00:00:00Z,2611766.25
2010-05-30T00:00:00Z,2607609.59
2010-05-29T00:00:00Z,2600487.29
2010-05-28T00:00:00Z,2587162.94
2010-05-27T00:00:00Z,2596794.76
2010-05-26T00:00:00Z,2591793.76
2010-05-25T00:00:00Z,2589070.26
2010-05-24T00:00:00Z,2582570.26
2010-05-23T00:00:00Z,2576181.26
2010-05-22T00:00:00Z,2570480.26
2010-05-21T00:00:00Z,2575398.17
2010-05-20T00:00:00Z,2547008.17
2010-05-19T00:00:00Z,2537708.17
2010-05-18T00:00:00Z,2529050.09
2010-05-17T00:00:00Z,2523300.09
2010-05-16T00:00:00Z,2520100.09
2010-05-15T00:00:00Z,2514800.09
2010-05-14T00:00:00Z,2512300.09
2010-05-13T00:00:00Z,2515582.18
2010-05-12T00:00:00Z,2509433.35
2010-05-11T00:00:00Z,2507523.46
2010-05-10T00:00:00Z,2502623.52
2010-05-09T00:00:00Z,2501172.58
2010-05-08T00:00:00Z,2494514.7
2010-05-07T00:00:00Z,2498354.7
2010-05-06T00:00:00Z,2498382.7
2010-05-05T00:00:00Z,2503032.7
2010-05-04T00:00:00Z,2505615.38
2010-05-03T00:00:00Z,2511013.38
2010-05-02T00:00:00Z,2509563.38
2010-05-01T00:00:00Z,2502263.38
2010-04-30T00:00:00Z,2494837.38
2010-04-29T00:00:00Z,2487600.04
2010-04-28T00:00:00Z,2480945.03
2010-04-27T00:00:00Z,2472696.12
2010-04-26T00:00:00Z,2459510.16
2010-04-25T00:00:00Z,2458459.66
2010-04-24T00:00:00Z,2453203.66
2010-04-23T00:00:00Z,2445608.66
2010-04-22T00:00:00Z,2438890.76
2010-04-21T00:00:00Z,2426240.76
2010-04-20T00:00:00Z,2420650.76
2010-04-19T00:00:00Z,2416530.76
2010-04-18T00:00:00Z,2415351.63
2010-04-17T00:00:00Z,2403379.96
2010-04-16T00:00:00Z,2394937.74
2010-04-15T00:00:00Z,2392599.29
2010-04-14T00:00:00Z,2410760.44
2010-04-13T00:00:00Z,2403776.75
2010-04-12T00:00:00Z,2394626.74
2010-04-11T00:00:00Z,2394851.74
2010-04-10T00:00:00Z,2388961.79
2010-04-09T00:00:00Z,2387554.97
2010-04-08T00:00:00Z,2381927.68
2010-04-07T00:00:00Z,2372877.68
2010-04-06T00:00:00Z,2367630.79
2010-04-05T00:00:00Z,2361944.16
2010-04-04T00:00:00Z,2359516.6
2010-04-03T00:00:00Z,2352816.6
2010-04-02T00:00:00Z,2345366.6
2010-04-01T00:00:00Z,2338316.6
2010-03-31T00:00:00Z,2330416.6
2010-03-30T00:00:00Z,2320266.6
2010-03-29T00:00:00Z,2309866.6
2010-03-28T00:00:00Z,2301966.6
2010-03-27T00:00:00Z,2291316.6
2010-03-26T00:00:00Z,2283166.6
2010-03-25T00:00:00Z,2273616.6
2010-03-24T00:00:00Z,2264566.6
2010-03-23T00:00:00Z,2257016.6
2010-03-22T00:00:00Z,2248193.68
2010-03-21T00:00:00Z,2239893.68
2010-03-20T00:00:00Z,2230742.68
2010-03-19T00:00:00Z,2221987.68
2010-03-18T00:00:00Z,2216333.68
2010-03-17T00:00:00Z,2209683.68
2010-03-16T00:00:00Z,2202883.68
2010-03-15T00:00:00Z,2196784.68
2010-03-14T00:00:00Z,2190034.68
2010-03-13T00:00:00Z,2182934.68
2010-03-12T00:00:00Z,2175284.68
2010-03-11T00:00:00Z,2169234.68
2010-03-10T00:00:00Z,2163084.68
2010-03-09T00:00:00Z,2155035.68
2010-03-08T00:00:00Z,2147735.68
2010-03-07T00:00:00Z,2141940.51
2010-03-06T00:00:00Z,2133035.69
2010-03-05T00:00:00Z,2124335.69
2010-03-04T00:00:00Z,2115785.69
2010-03-03T00:00:00Z,2106585.69
2010-03-02T00:00:00Z,2096185.69
2010-03-01T00:00:00Z,2087585.69
2010-02-28T00:00:00Z,2078135.69
2010-02-27T00:00:00Z,2070385.69
2010-02-26T00:00:00Z,2061985.69
2010-02-25T00:00:00Z,2044285.69
2010-02-24T00:00:00Z,2036585.69
2010-02-23T00:00:00Z,2028785.69
2010-02-22T00:00:00Z,2016285.69
2010-02-21T00:00:00Z,2013335.69
2010-02-20T00:00:00Z,2002485.69
2010-02-19T00:00:00Z,1992685.69
2010-02-18T00:00:00Z,1983135.66
2010-02-17T00:00:00Z,1973835.66
2010-02-16T00:00:00Z,1960855.16
2010-02-15T00:00:00Z,1951655.16
2010-02-14T00:00:00Z,1943191.78
2010-02-13T00:00:00Z,1933491.78
2010-02-12T00:00:00Z,1922541.78
2010-02-11T00:00:00Z,1911741.78
2010-02-10T00:00:00Z,1907191.78
2010-02-09T00:00:00Z,1899441.78
2010-02-08T00:00:00Z,1908391.78
2010-02-07T00:00:00Z,1900188.78
2010-02-06T00:00:00Z,1889890.78
2010-02-05T00:00:00Z,1881990.78
2010-02-04T00:00:00Z,1871240.78
2010-02-03T00:00:00Z,1862040.76
2010-02-02T00:00:00Z,1849240.76
2010-02-01T00:00:00Z,1843240.76
2010-01-31T00:00:00Z,1834940.76
2010-01-30T00:00:00Z,1828090.76
2010-01-29T00:00:00Z,1817990.76
2010-01-28T00:00:00Z,1809190.76
2010-01-27T00:00:00Z,1801540.76
2010-01-26T00:00:00Z,1794440.76
2010-01-25T00:00:00Z,1785389.76
2010-01-24T00:00:00Z,1778039.76
2010-01-23T00:00:00Z,1770339.76
2010-01-22T00:00:00Z,1762290.76
2010-01-21T00:00:00Z,1755790.76
2010-01-20T00:00:00Z,1748140.76
2010-01-19T00:00:00Z,1740840.76
2010-01-18T00:00:00Z,1735590.76
2010-01-17T00:00:00Z,1729740.76
2010-01-16T00:00:00Z,1723190.76
2010-01-15T00:00:00Z,1717090.76
2010-01-14T00:00:00Z,1710640.76
2010-01-13T00:00:00Z,1704090.76
2010-01-12T00:00:00Z,1696644.76
2010-01-11T00:00:00Z,1689344.76
2010-01-10T00:00:00Z,1682144.76
2010-01-09T00:00:00Z,1673144.76
2010-01-08T00:00:00Z,1665594.76
2010-01-07T00:00:00Z,1657944.76
2010-01-06T00:00:00Z,1650244.76
2010-01-05T00:00:00Z,1642094.76
2010-01-04T00:00:00Z,1632194.76
2010-01-03T00:00:00Z,1623171.1
2010-01-02T00:00:00Z,1613871.1
2010-01-01T00:00:00Z,1607621.1
2009-12-31T00:00:00Z,1600971.1
2009-12-30T00:00:00Z,1594071.1
2009-12-29T00:00:00Z,1587021.1
2009-12-28T00:00:00Z,1578471.1
2009-12-27T00:00:00Z,1571621.1
2009-12-26T00:00:00Z,1563521.1
2009-12-25T00:00:00Z,1554821.1
2009-12-24T00:00:00Z,1547371.6
2009-12-23T00:00:00Z,1539671.6
2009-12-22T00:00:00Z,1531971.6
2009-12-21T00:00:00Z,1523871.6
2009-12-20T00:00:00Z,1515121.6
2009-12-19T00:00:00Z,1506371.6
2009-12-18T00:00:00Z,1496471.6
2009-12-17T00:00:00Z,1485221.6
2009-12-16T00:00:00Z,1476972.6
2009-12-15T00:00:00Z,1470172.6
2009-12-14T00:00:00Z,1464672.6
2009-12-13T00:00:00Z,1459384.6
2009-12-12T00:00:00Z,1453684.6
2009-12-11T00:00:00Z,1448184.6
2009-12-10T00:00:00Z,1442584.6
2009-12-09T00:00:00Z,1437384.6
2009-12-08T00:00:00Z,1432784.6
2009-12-07T00:00:00Z,1427534.6
2009-12-06T00:00:00Z,1421934.6
2009-12-05T00:00:00Z,1416784.6
2009-12-04T00:00:00Z,1414480.25
2009-12-03T00:00:00Z,1412680.25
2009-12-02T00:00:00Z,1408280.25
2009-12-01T00:00:00Z,1403580.25
2009-11-30T00:00:00Z,1409930.45
2009-11-29T00:00:00Z,1406180.45
2009-11-28T00:00:00Z,1403180.45
2009-11-27T00:00:00Z,1399630.45
2009-11-26T00:00:00Z,1395930.45
2009-11-25T00:00:00Z,1391730.45
2009-11-24T00:00:00Z,1387230.45
2009-11-23T00:00:00Z,1382580.45
2009-11-22T00:00:00Z,1377780.45
2009-11-21T00:00:00Z,1372480.45
2009-11-20T00:00:00Z,1368830.45
2009-11-19T00:00:00Z,1364530.45
2009-11-18T00:00:00Z,1361030.45
2009-11-17T00:00:00Z,1357080.45
2009-11-16T00:00:00Z,1352480.45
2009-11-15T00:00:00Z,1347630.45
2009-11-14T00:00:00Z,1342830.45
2009-11-13T00:00:00Z,1338880.45
2009-11-12T00:00:00Z,1334880.45
2009-11-11T00:00:00Z,1331580.45
2009-11-10T00:00:00Z,1328380.45
2009-11-09T00:00:00Z,1324480.45
2009-11-08T00:00:00Z,1321280.45
2009-11-07T00:00:00Z,1317630.45
2009-11-06T00:00:00Z,1314180.45
2009-11-05T00:00:00Z,1311080.45
2009-11-04T00:00:00Z,1308230.45
2009-11-03T00:00:00Z,1305080.45
2009-11-02T00:00:00Z,1301980.45
2009-11-01T00:00:00Z,1300330.45
2009-10-31T00:00:00Z,1299080.45
2009-10-30T00:00:00Z,1296780.45
2009-10-29T00:00:00Z,1293780.45
2009-10-28T00:00:00Z,1291480.45
2009-10-27T00:00:00Z,1288180.45
2009-10-26T00:00:00Z,1284980.45
2009-10-25T00:00:00Z,1281430.45
2009-10-24T00:00:00Z,1277630.45
2009-10-23T00:00:00Z,1274530.45
2009-10-22T00:00:00Z,1270080.45
2009-10-21T00:00:00Z,1265580.45
2009-10-20T00:00:00Z,1261580.45
2009-10-19T00:00:00Z,1256830.45
2009-10-18T00:00:00Z,1251230.45
2009-10-17T00:00:00Z,1247530.45
2009-10-16T00:00:00Z,1244680.45
2009-10-15T00:00:00Z,1241680.45
2009-10-14T00:00:00Z,1238130.45
2009-10-13T00:00:00Z,1234680.45
2009-10-12T00:00:00Z,1231830.45
2009-10-11T00:00:00Z,1228930.45
2009-10-10T00:00:00Z,1225230.45
2009-10-09T00:00:00Z,1221430.45
2009-10-08T00:00:00Z,1217430.45
2009-10-07T00:00:00Z,1213930.45
2009-10-06T00:00:00Z,1210930.45
2009-10-05T00:00:00Z,1208780.45
2009-10-04T00:00:00Z,1206030.45
2009-10-03T00:00:00Z,1203380.45
2009-10-02T00:00:00Z,1200480.45
2009-10-01T00:00:00Z,1196830.45
2009-09-30T00:00:00Z,1192780.45
2009-09-29T00:00:00Z,1188530.45
2009-09-28T00:00:00Z,1184130.45
2009-09-27T00:00:00Z,1179880.45
2009-09-26T00:00:00Z,1175530.45
2009-09-25T00:00:00Z,1170530.45
2009-09-24T00:00:00Z,1165980.45
2009-09-23T00:00:00Z,1161130.45
2009-09-22T00:00:00Z,1159330.45
2009-09-21T00:00:00Z,1158080.45
2009-09-20T00:00:00Z,1154630.45
2009-09-19T00:00:00Z,1150730.45
2009-09-18T00:00:00Z,1147030.45
2009-09-17T00:00:00Z,1143130.45
2009-09-16T00:00:00Z,1138930.45
2009-09-15T00:00:00Z,1135329.45
2009-09-14T00:00:00Z,1133129.45
2009-09-13T00:00:00Z,1129429.45
2009-09-12T00:00:00Z,1125679.45
2009-09-11T00:00:00Z,1122229.45
2009-09-10T00:00:00Z,1118879.45
2009-09-09T00:00:00Z,1115529.45
2009-09-08T00:00:00Z,1112829.45
2009-09-07T00:00:00Z,1109379.45
2009-09-06T00:00:00Z,1105479.45
2009-09-05T00:00:00Z,1102079.45
2009-09-04T00:00:00Z,1098279.45
2009-09-03T00:00:00Z,1095079.45
2009-09-02T00:00:00Z,1092029.45
2009-09-01T00:00:00Z,1088729.45
2009-08-31T00:00:00Z,1084829.45
2009-08-30T00:00:00Z,1080529.45
2009-08-29T00:00:00Z,1075679.45
2009-08-28T00:00:00Z,1071779.45
2009-08-27T00:00:00Z,1068029.45
2009-08-26T00:00:00Z,1066579.45
2009-08-25T00:00:00Z,1064180.45
2009-08-24T00:00:00Z,1061680.45
2009-08-23T00:00:00Z,1060930.45
2009-08-22T00:00:00Z,1060180.45
2009-08-21T00:00:00Z,1059830.45
2009-08-20T00:00:00Z,1059130.45
2009-08-19T00:00:00Z,1058030.45
2009-08-18T00:00:00Z,1057130.45
2009-08-17T00:00:00Z,1056630.45
2009-08-16T00:00:00Z,1055780.45
2009-08-15T00:00:00Z,1054830.45
2009-08-14T00:00:00Z,1053530.45
2009-08-13T00:00:00Z,1050380.45
2009-08-12T00:00:00Z,1046130.45
2009-08-11T00:00:00Z,1042980.45
2009-08-10T00:00:00Z,1039480.45
2009-08-09T00:00:00Z,1035730.45
2009-08-08T00:00:00Z,1030680.45
2009-08-07T00:00:00Z,1026680.45
2009-08-06T00:00:00Z,1022680.45
2009-08-05T00:00:00Z,1018180.45
2009-08-04T00:00:00Z,1013830.45
2009-08-03T00:00:00Z,1009780.45
2009-08-02T00:00:00Z,1009180.45
2009-08-01T00:00:00Z,1008030.45
2009-07-31T00:00:00Z,1006630.45
2009-07-30T00:00:00Z,1005780.45
2009-07-29T00:00:00Z,1005035.45
2009-07-28T00:00:00Z,1004185.45
2009-07-27T00:00:00Z,1002135.45
2009-07-26T00:00:00Z,998435.45
2009-07-25T00:00:00Z,997385.45
2009-07-24T00:00:00Z,995785.45
2009-07-23T00:00:00Z,992135.45
2009-07-22T00:00:00Z,988335.45
2009-07-21T00:00:00Z,985335.45
2009-07-20T00:00:00Z,981235.45
2009-07-19T00:00:00Z,977735.45
2009-07-18T00:00:00Z,974235.45
2009-07-17T00:00:00Z,974035.45
2009-07-16T00:00:00Z,971685.45
2009-07-15T00:00:00Z,968135.45
2009-07-14T00:00:00Z,965885.45
2009-07-13T00:00:00Z,962435.45
2009-07-12T00:00:00Z,958535.45
2009-07-11T00:00:00Z,954685.45
2009-07-10T00:00:00Z,950535.45
2009-07-09T00:00:00Z,946485.45
2009-07-08T00:00:00Z,942185.45
2009-07-07T00:00:00Z,938485.45
2009-07-06T00:00:00Z,935035.45
2009-07-05T00:00:00Z,930835.45
2009-07-04T00:00:00Z,926885.45
2009-07-03T00:00:00Z,922435.45
2009-07-02T00:00:00Z,918335.45
2009-07-01T00:00:00Z,914195.45
2009-06-30T00:00:00Z,910495.45
2009-06-29T00:00:00Z,906245.45
2009-06-28T00:00:00Z,902095.45
2009-06-27T00:00:00Z,899795.45
2009-06-26T00:00:00Z,895595.45
2009-06-25T00:00:00Z,891095.45
2009-06-24T00:00:00Z,887695.45
2009-06-23T00:00:00Z,882945.45
2009-06-22T00:00:00Z,879145.45
2009-06-21T00:00:00Z,875345.45
2009-06-20T00:00:00Z,871295.45
2009-06-19T00:00:00Z,867395.45
2009-06-18T00:00:00Z,863045.45
2009-06-17T00:00:00Z,859045.45
2009-06-16T00:00:00Z,855095.45
2009-06-15T00:00:00Z,851545.45
2009-06-14T00:00:00Z,847345.45
2009-06-13T00:00:00Z,843745.45
2009-06-12T00:00:00Z,839845.45
2009-06-11T00:00:00Z,835545.45
2009-06-10T00:00:00Z,831095.45
2009-06-09T00:00:00Z,826995.45
2009-06-08T00:00:00Z,822445.45
2009-06-07T00:00:00Z,818345.45
2009-06-06T00:00:00Z,817545.45
2009-06-05T00:00:00Z,816145.45
2009-06-04T00:00:00Z,814645.45
2009-06-03T00:00:00Z,811345.45
2009-06-02T00:00:00Z,807795.45
2009-06-01T00:00:00Z,802245.45
2009-05-31T00:00:00Z,798695.45
2009-05-30T00:00:00Z,793895.45
2009-05-29T00:00:00Z,788445.45
2009-05-28T00:00:00Z,783145.45
2009-05-27T00:00:00Z,778395.45
2009-05-26T00:00:00Z,772445.45
2009-05-25T00:00:00Z,766195.45
2009-05-24T00:00:00Z,760745.45
2009-05-23T00:00:00Z,755745.45
2009-05-22T00:00:00Z,754145.45
2009-05-21T00:00:00Z,751095.45
2009-05-20T00:00:00Z,746995.45
2009-05-19T00:00:00Z,740995.45
2009-05-18T00:00:00Z,736695.45
2009-05-17T00:00:00Z,730795.45
2009-05-16T00:00:00Z,724445.45
2009-05-15T00:00:00Z,718495.45
2009-05-14T00:00:00Z,711695.45
2009-05-13T00:00:00Z,704745.45
2009-05-12T00:00:00Z,699195.45
2009-05-11T00:00:00Z,692695.45
2009-05-10T00:00:00Z,686695.45
2009-05-09T00:00:00Z,682445.45
2009-05-08T00:00:00Z,678545.45
2009-05-07T00:00:00Z,673145.45
2009-05-06T00:00:00Z,667095.45
2009-05-05T00:00:00Z,660345.45
2009-05-04T00:00:00Z,653595.45
2009-05-03T00:00:00Z,647195.45
2009-05-02T00:00:00Z,641895.45
2009-05-01T00:00:00Z,635595.45
2009-04-30T00:00:00Z,629545.45
2009-04-29T00:00:00Z,622995.45
2009-04-28T00:00:00Z,616595.45
2009-04-27T00:00:00Z,610745.45
2009-04-26T00:00:00Z,605545.45
2009-04-25T00:00:00Z,600695.45
2009-04-24T00:00:00Z,594795.45
2009-04-23T00:00:00Z,589045.45
2009-04-22T00:00:00Z,585295.45
2009-04-21T00:00:00Z,579245.45
2009-04-20T00:00:00Z,573095.45
2009-04-19T00:00:00Z,567145.45
2009-04-18T00:00:00Z,561595.45
2009-04-17T00:00:00Z,555427.96
2009-04-16T00:00:00Z,549827.96
2009-04-15T00:00:00Z,543677.96
2009-04-14T00:00:00Z,538027.96
2009-04-13T00:00:00Z,531827.96
2009-04-12T00:00:00Z,526077.96
2009-04-11T00:00:00Z,520477.96
2009-04-10T00:00:00Z,514827.96
2009-04-09T00:00:00Z,509427.96
2009-04-08T00:00:00Z,504477.96
2009-04-07T00:00:00Z,499227.96
2009-04-06T00:00:00Z,494227.96
2009-04-05T00:00:00Z,488777.96
2009-04-04T00:00:00Z,483127.96
2009-04-03T00:00:00Z,477477.96
2009-04-02T00:00:00Z,471677.96
2009-04-01T00:00:00Z,465927.96
2009-03-31T00:00:00Z,460227.96
2009-03-30T00:00:00Z,454727.96
2009-03-29T00:00:00Z,448727.96
2009-03-28T00:00:00Z,442927.96
2009-03-27T00:00:00Z,437977.96
2009-03-26T00:00:00Z,432677.96
2009-03-25T00:00:00Z,426827.96
2009-03-24T00:00:00Z,420977.96
2009-03-23T00:00:00Z,415727.96
2009-03-22T00:00:00Z,409227.96
2009-03-21T00:00:00Z,403827.96
2009-03-20T00:00:00Z,401327.96
2009-03-19T00:00:00Z,395427.96
2009-03-18T00:00:00Z,389327.96
2009-03-17T00:00:00Z,384327.96
2009-03-16T00:00:00Z,378627.96
2009-03-15T00:00:00Z,372577.96
2009-03-14T00:00:00Z,366427.96
2009-03-13T00:00:00Z,360927.96
2009-03-12T00:00:00Z,356027.96
2009-03-11T00:00:00Z,350127.96
2009-03-10T00:00:00Z,344427.96
2009-03-09T00:00:00Z,339077.96
2009-03-08T00:00:00Z,333677.96
2009-03-07T00:00:00Z,329127.96
2009-03-06T00:00:00Z,323677.96
2009-03-05T00:00:00Z,317827.96
2009-03-04T00:00:00Z,312227.96
2009-03-03T00:00:00Z,307027.96
2009-03-02T00:00:00Z,302177.96
2009-03-01T00:00:00Z,296777.96
2009-02-28T00:00:00Z,291527.96
2009-02-27T00:00:00Z,286927.96
2009-02-26T00:00:00Z,281177.96
2009-02-25T00:00:00Z,275827.96
2009-02-24T00:00:00Z,270577.96
2009-02-23T00:00:00Z,265277.96
2009-02-22T00:00:00Z,259877.96
2009-02-21T00:00:00Z,254227.96
2009-02-20T00:00:00Z,248527.96
2009-02-19T00:00:00Z,242427.96
2009-02-18T00:00:00Z,236227.96
2009-02-17T00:00:00Z,230327.96
2009-02-16T00:00:00Z,224477.96
2009-02-15T00:00:00Z,218377.96
2009-02-14T00:00:00Z,212527.96
2009-02-13T00:00:00Z,205727.96
2009-02-12T00:00:00Z,199527.96
2009-02-11T00:00:00Z,193577.96
2009-02-10T00:00:00Z,187478
2009-02-09T00:00:00Z,181478
2009-02-08T00:00:00Z,174778
2009-02-07T00:00:00Z,167178
2009-02-06T00:00:00Z,161878
2009-02-05T00:00:00Z,155778
2009-02-04T00:00:00Z,149478
2009-02-03T00:00:00Z,143528
2009-02-02T00:00:00Z,136578
2009-02-01T00:00:00Z,130228
2009-01-31T00:00:00Z,124578
2009-01-30T00:00:00Z,118678
2009-01-29T00:00:00Z,112828
2009-01-28T00:00:00Z,106778
2009-01-27T00:00:00Z,101178
2009-01-26T00:00:00Z,96478
2009-01-25T00:00:00Z,91678
2009-01-24T00:00:00Z,82128
2009-01-23T00:00:00Z,72578
2009-01-22T00:00:00Z,68528
2009-01-21T00:00:00Z,63978
2009-01-20T00:00:00Z,58978
2009-01-19T00:00:00Z,53278
2009-01-18T00:00:00Z,47528
2009-01-17T00:00:00Z,42328
2009-01-16T00:00:00Z,36878
2009-01-15T00:00:00Z,31578
2009-01-14T00:00:00Z,25628
2009-01-13T00:00:00Z,19239
2009-01-12T00:00:00Z,13089
2009-01-11T00:00:00Z,8400
2009-01-10T00:00:00Z,3750
2009-01-09T00:00:00Z,700
