Datetime,Active Addresses
2025-06-10T00:00:00Z,1020485
2025-06-09T00:00:00Z,893460
2025-06-08T00:00:00Z,779831
2025-06-07T00:00:00Z,787698
2025-06-06T00:00:00Z,859500
2025-06-05T00:00:00Z,866463
2025-06-04T00:00:00Z,863634
2025-06-03T00:00:00Z,1019819
2025-06-02T00:00:00Z,923053
2025-06-01T00:00:00Z,827916
2025-05-31T00:00:00Z,839988
2025-05-30T00:00:00Z,1010560
2025-05-29T00:00:00Z,949203
2025-05-28T00:00:00Z,1088447
2025-05-27T00:00:00Z,914906
2025-05-26T00:00:00Z,962746
2025-05-25T00:00:00Z,875289
2025-05-24T00:00:00Z,897126
2025-05-23T00:00:00Z,1049732
2025-05-22T00:00:00Z,1100527
2025-05-21T00:00:00Z,1070843
2025-05-20T00:00:00Z,914048
2025-05-19T00:00:00Z,882832
2025-05-18T00:00:00Z,943792
2025-05-17T00:00:00Z,910699
2025-05-16T00:00:00Z,1033195
2025-05-15T00:00:00Z,959746
2025-05-14T00:00:00Z,996549
2025-05-13T00:00:00Z,975749
2025-05-12T00:00:00Z,930377
2025-05-11T00:00:00Z,966443
2025-05-10T00:00:00Z,1139439
2025-05-09T00:00:00Z,1091807
2025-05-08T00:00:00Z,1123834
2025-05-07T00:00:00Z,1159368
2025-05-06T00:00:00Z,909676
2025-05-05T00:00:00Z,1000264
2025-05-04T00:00:00Z,795057
2025-05-03T00:00:00Z,958743
2025-05-02T00:00:00Z,1113820
2025-05-01T00:00:00Z,960293
2025-04-30T00:00:00Z,926397
2025-04-29T00:00:00Z,992076
2025-04-28T00:00:00Z,1016940
2025-04-27T00:00:00Z,889936
2025-04-26T00:00:00Z,845795
2025-04-25T00:00:00Z,1003481
2025-04-24T00:00:00Z,1013108
2025-04-23T00:00:00Z,877695
2025-04-22T00:00:00Z,1096758
2025-04-21T00:00:00Z,907339
2025-04-20T00:00:00Z,844001
2025-04-19T00:00:00Z,838836
2025-04-18T00:00:00Z,933105
2025-04-17T00:00:00Z,1080565
2025-04-16T00:00:00Z,915144
2025-04-15T00:00:00Z,924542
2025-04-14T00:00:00Z,959211
2025-04-13T00:00:00Z,916359
2025-04-12T00:00:00Z,869439
2025-04-11T00:00:00Z,941616
2025-04-10T00:00:00Z,861029
2025-04-09T00:00:00Z,884812
2025-04-08T00:00:00Z,903421
2025-04-07T00:00:00Z,870355
2025-04-06T00:00:00Z,770588
2025-04-05T00:00:00Z,809254
2025-04-04T00:00:00Z,994546
2025-04-03T00:00:00Z,990235
2025-04-02T00:00:00Z,983541
2025-04-01T00:00:00Z,1023066
2025-03-31T00:00:00Z,965070
2025-03-30T00:00:00Z,808078
2025-03-29T00:00:00Z,982218
2025-03-28T00:00:00Z,1040116
2025-03-27T00:00:00Z,1036242
2025-03-26T00:00:00Z,1039006
2025-03-25T00:00:00Z,912093
2025-03-24T00:00:00Z,1047599
2025-03-23T00:00:00Z,975243
2025-03-22T00:00:00Z,932051
2025-03-21T00:00:00Z,904164
2025-03-20T00:00:00Z,936960
2025-03-19T00:00:00Z,995507
2025-03-18T00:00:00Z,986376
2025-03-17T00:00:00Z,951207
2025-03-16T00:00:00Z,996158
2025-03-15T00:00:00Z,944851
2025-03-14T00:00:00Z,1012722
2025-03-13T00:00:00Z,1093632
2025-03-12T00:00:00Z,994861
2025-03-11T00:00:00Z,980262
2025-03-10T00:00:00Z,1045900
2025-03-09T00:00:00Z,890262
2025-03-08T00:00:00Z,809330
2025-03-07T00:00:00Z,984904
2025-03-06T00:00:00Z,1081143
2025-03-05T00:00:00Z,864877
2025-03-04T00:00:00Z,855894
2025-03-03T00:00:00Z,985932
2025-03-02T00:00:00Z,976663
2025-03-01T00:00:00Z,976759
2025-02-28T00:00:00Z,1217056
2025-02-27T00:00:00Z,968751
2025-02-26T00:00:00Z,995211
2025-02-25T00:00:00Z,1069978
2025-02-24T00:00:00Z,1003051
2025-02-23T00:00:00Z,929214
2025-02-22T00:00:00Z,998913
2025-02-21T00:00:00Z,964255
2025-02-20T00:00:00Z,958455
2025-02-19T00:00:00Z,954360
2025-02-18T00:00:00Z,1019349
2025-02-17T00:00:00Z,889370
2025-02-16T00:00:00Z,778724
2025-02-15T00:00:00Z,792462
2025-02-14T00:00:00Z,901371
2025-02-13T00:00:00Z,967171
2025-02-12T00:00:00Z,946750
2025-02-11T00:00:00Z,952232
2025-02-10T00:00:00Z,979120
2025-02-09T00:00:00Z,890732
2025-02-08T00:00:00Z,971944
2025-02-07T00:00:00Z,1073850
2025-02-06T00:00:00Z,1015757
2025-02-05T00:00:00Z,967038
2025-02-04T00:00:00Z,905783
2025-02-03T00:00:00Z,1036123
2025-02-02T00:00:00Z,1012472
2025-02-01T00:00:00Z,979203
2025-01-31T00:00:00Z,870247
2025-01-30T00:00:00Z,931153
2025-01-29T00:00:00Z,936002
2025-01-28T00:00:00Z,826104
2025-01-27T00:00:00Z,970853
2025-01-26T00:00:00Z,838567
2025-01-25T00:00:00Z,858828
2025-01-24T00:00:00Z,958925
2025-01-23T00:00:00Z,936981
2025-01-22T00:00:00Z,1068089
2025-01-21T00:00:00Z,948937
2025-01-20T00:00:00Z,954757
2025-01-19T00:00:00Z,1044750
2025-01-18T00:00:00Z,902806
2025-01-17T00:00:00Z,1097441
2025-01-16T00:00:00Z,964011
2025-01-15T00:00:00Z,961892
2025-01-14T00:00:00Z,1045390
2025-01-13T00:00:00Z,958127
2025-01-12T00:00:00Z,968549
2025-01-11T00:00:00Z,915406
2025-01-10T00:00:00Z,1023618
2025-01-09T00:00:00Z,1088725
2025-01-08T00:00:00Z,947850
2025-01-07T00:00:00Z,955682
2025-01-06T00:00:00Z,958957
2025-01-05T00:00:00Z,959360
2025-01-04T00:00:00Z,936769
2025-01-03T00:00:00Z,996231
2025-01-02T00:00:00Z,1081402
2025-01-01T00:00:00Z,827036
2024-12-31T00:00:00Z,896056
2024-12-30T00:00:00Z,976218
2024-12-29T00:00:00Z,936994
2024-12-28T00:00:00Z,828964
2024-12-27T00:00:00Z,1022848
2024-12-26T00:00:00Z,856161
2024-12-25T00:00:00Z,899671
2024-12-24T00:00:00Z,870300
2024-12-23T00:00:00Z,871287
2024-12-22T00:00:00Z,936862
2024-12-21T00:00:00Z,867713
2024-12-20T00:00:00Z,1031633
2024-12-19T00:00:00Z,1057822
2024-12-18T00:00:00Z,1083923
2024-12-17T00:00:00Z,1023794
2024-12-16T00:00:00Z,1080512
2024-12-15T00:00:00Z,926036
2024-12-14T00:00:00Z,1046146
2024-12-13T00:00:00Z,1212989
2024-12-12T00:00:00Z,1080291
2024-12-11T00:00:00Z,1032262
2024-12-10T00:00:00Z,1136142
2024-12-09T00:00:00Z,1087840
2024-12-08T00:00:00Z,1089100
2024-12-07T00:00:00Z,999248
2024-12-06T00:00:00Z,1042221
2024-12-05T00:00:00Z,1174057
2024-12-04T00:00:00Z,1105871
2024-12-03T00:00:00Z,1101954
2024-12-02T00:00:00Z,988487
2024-12-01T00:00:00Z,1124768
2024-11-30T00:00:00Z,1181828
2024-11-29T00:00:00Z,903345
2024-11-28T00:00:00Z,1058339
2024-11-27T00:00:00Z,1039764
2024-11-26T00:00:00Z,1008069
2024-11-25T00:00:00Z,1276535
2024-11-24T00:00:00Z,996213
2024-11-23T00:00:00Z,1007492
2024-11-22T00:00:00Z,1113678
2024-11-21T00:00:00Z,1144045
2024-11-20T00:00:00Z,1098293
2024-11-19T00:00:00Z,1192231
2024-11-18T00:00:00Z,1150013
2024-11-17T00:00:00Z,1081761
2024-11-16T00:00:00Z,1150812
2024-11-15T00:00:00Z,1156975
2024-11-14T00:00:00Z,1053247
2024-11-13T00:00:00Z,1125975
2024-11-12T00:00:00Z,1183462
2024-11-11T00:00:00Z,1109265
2024-11-10T00:00:00Z,1091496
2024-11-09T00:00:00Z,977355
2024-11-08T00:00:00Z,1029738
2024-11-07T00:00:00Z,993800
2024-11-06T00:00:00Z,1073658
2024-11-05T00:00:00Z,885638
2024-11-04T00:00:00Z,908373
2024-11-03T00:00:00Z,766947
2024-11-02T00:00:00Z,940400
2024-11-01T00:00:00Z,953123
2024-10-31T00:00:00Z,956238
2024-10-30T00:00:00Z,965446
2024-10-29T00:00:00Z,982540
2024-10-28T00:00:00Z,935953
2024-10-27T00:00:00Z,805818
2024-10-26T00:00:00Z,899457
2024-10-25T00:00:00Z,1015120
2024-10-24T00:00:00Z,980926
2024-10-23T00:00:00Z,987050
2024-10-22T00:00:00Z,900775
2024-10-21T00:00:00Z,1111868
2024-10-20T00:00:00Z,1053574
2024-10-19T00:00:00Z,1009284
2024-10-18T00:00:00Z,869098
2024-10-17T00:00:00Z,1054178
2024-10-16T00:00:00Z,1004122
2024-10-15T00:00:00Z,1092599
2024-10-14T00:00:00Z,992251
2024-10-13T00:00:00Z,968322
2024-10-12T00:00:00Z,1011900
2024-10-11T00:00:00Z,1030914
2024-10-10T00:00:00Z,1095907
2024-10-09T00:00:00Z,930217
2024-10-08T00:00:00Z,1148420
2024-10-07T00:00:00Z,1048591
2024-10-06T00:00:00Z,1016251
2024-10-05T00:00:00Z,1058272
2024-10-04T00:00:00Z,1043687
2024-10-03T00:00:00Z,864567
2024-10-02T00:00:00Z,827630
2024-10-01T00:00:00Z,900775
2024-09-30T00:00:00Z,855744
2024-09-29T00:00:00Z,908345
2024-09-28T00:00:00Z,892769
2024-09-27T00:00:00Z,925607
2024-09-26T00:00:00Z,910673
2024-09-25T00:00:00Z,932980
2024-09-24T00:00:00Z,864763
2024-09-23T00:00:00Z,929533
2024-09-22T00:00:00Z,784479
2024-09-21T00:00:00Z,796828
2024-09-20T00:00:00Z,933244
2024-09-19T00:00:00Z,852606
2024-09-18T00:00:00Z,842586
2024-09-17T00:00:00Z,814757
2024-09-16T00:00:00Z,764033
2024-09-15T00:00:00Z,777448
2024-09-14T00:00:00Z,756061
2024-09-13T00:00:00Z,847583
2024-09-12T00:00:00Z,885329
2024-09-11T00:00:00Z,718771
2024-09-10T00:00:00Z,788289
2024-09-09T00:00:00Z,825272
2024-09-08T00:00:00Z,747772
2024-09-07T00:00:00Z,721258
2024-09-06T00:00:00Z,803138
2024-09-05T00:00:00Z,880914
2024-09-04T00:00:00Z,838302
2024-09-03T00:00:00Z,786493
2024-09-02T00:00:00Z,901160
2024-09-01T00:00:00Z,794395
2024-08-31T00:00:00Z,796223
2024-08-30T00:00:00Z,953726
2024-08-29T00:00:00Z,806465
2024-08-28T00:00:00Z,806465
2024-08-27T00:00:00Z,758753
2024-08-26T00:00:00Z,797997
2024-08-25T00:00:00Z,744759
2024-08-24T00:00:00Z,805081
2024-08-23T00:00:00Z,785094
2024-08-22T00:00:00Z,871787
2024-08-21T00:00:00Z,894817
2024-08-20T00:00:00Z,872260
2024-08-19T00:00:00Z,851193
2024-08-18T00:00:00Z,796700
2024-08-17T00:00:00Z,790222
2024-08-16T00:00:00Z,882680
2024-08-15T00:00:00Z,882544
2024-08-14T00:00:00Z,820903
2024-08-13T00:00:00Z,931086
2024-08-12T00:00:00Z,868614
2024-08-11T00:00:00Z,877189
2024-08-10T00:00:00Z,772324
2024-08-09T00:00:00Z,796885
2024-08-08T00:00:00Z,846038
2024-08-07T00:00:00Z,814567
2024-08-06T00:00:00Z,845417
2024-08-05T00:00:00Z,996905
2024-08-04T00:00:00Z,807758
2024-08-03T00:00:00Z,773369
2024-08-02T00:00:00Z,821243
2024-08-01T00:00:00Z,868823
2024-07-31T00:00:00Z,861785
2024-07-30T00:00:00Z,776132
2024-07-29T00:00:00Z,928735
2024-07-28T00:00:00Z,767063
2024-07-27T00:00:00Z,836058
2024-07-26T00:00:00Z,793661
2024-07-25T00:00:00Z,895343
2024-07-24T00:00:00Z,801263
2024-07-23T00:00:00Z,998677
2024-07-22T00:00:00Z,1058452
2024-07-21T00:00:00Z,951486
2024-07-20T00:00:00Z,955562
2024-07-19T00:00:00Z,892533
2024-07-18T00:00:00Z,904320
2024-07-17T00:00:00Z,993646
2024-07-16T00:00:00Z,929695
2024-07-15T00:00:00Z,1008449
2024-07-14T00:00:00Z,1000169
2024-07-13T00:00:00Z,973442
2024-07-12T00:00:00Z,912534
2024-07-11T00:00:00Z,818978
2024-07-10T00:00:00Z,887388
2024-07-09T00:00:00Z,955123
2024-07-08T00:00:00Z,985123
2024-07-07T00:00:00Z,889723
2024-07-06T00:00:00Z,978369
2024-07-05T00:00:00Z,835421
2024-07-04T00:00:00Z,946407
2024-07-03T00:00:00Z,983138
2024-07-02T00:00:00Z,983050
2024-07-01T00:00:00Z,1015903
2024-06-30T00:00:00Z,803888
2024-06-29T00:00:00Z,867860
2024-06-28T00:00:00Z,918176
2024-06-27T00:00:00Z,893894
2024-06-26T00:00:00Z,828884
2024-06-25T00:00:00Z,888825
2024-06-24T00:00:00Z,893550
2024-06-23T00:00:00Z,682091
2024-06-22T00:00:00Z,925896
2024-06-21T00:00:00Z,963534
2024-06-20T00:00:00Z,916455
2024-06-19T00:00:00Z,954942
2024-06-18T00:00:00Z,1066425
2024-06-17T00:00:00Z,948822
2024-06-16T00:00:00Z,1040265
2024-06-15T00:00:00Z,841905
2024-06-14T00:00:00Z,910146
2024-06-13T00:00:00Z,1009924
2024-06-12T00:00:00Z,1007895
2024-06-11T00:00:00Z,878151
2024-06-10T00:00:00Z,1008098
2024-06-09T00:00:00Z,1054113
2024-06-08T00:00:00Z,999348
2024-06-07T00:00:00Z,672974
2024-06-06T00:00:00Z,949531
2024-06-05T00:00:00Z,915385
2024-06-04T00:00:00Z,1016239
2024-06-03T00:00:00Z,1147466
2024-06-02T00:00:00Z,1015291
2024-06-01T00:00:00Z,1007578
2024-05-31T00:00:00Z,1123333
2024-05-30T00:00:00Z,964993
2024-05-29T00:00:00Z,976169
2024-05-28T00:00:00Z,930203
2024-05-27T00:00:00Z,917761
2024-05-26T00:00:00Z,931761
2024-05-25T00:00:00Z,966822
2024-05-24T00:00:00Z,1026701
2024-05-23T00:00:00Z,1059758
2024-05-22T00:00:00Z,975924
2024-05-21T00:00:00Z,955576
2024-05-20T00:00:00Z,951535
2024-05-19T00:00:00Z,975540
2024-05-18T00:00:00Z,795106
2024-05-17T00:00:00Z,908994
2024-05-16T00:00:00Z,868483
2024-05-15T00:00:00Z,912841
2024-05-14T00:00:00Z,809691
2024-05-13T00:00:00Z,939433
2024-05-12T00:00:00Z,769275
2024-05-11T00:00:00Z,990769
2024-05-10T00:00:00Z,991405
2024-05-09T00:00:00Z,891469
2024-05-08T00:00:00Z,879871
2024-05-07T00:00:00Z,883856
2024-05-06T00:00:00Z,918911
2024-05-05T00:00:00Z,976709
2024-05-04T00:00:00Z,1025682
2024-05-03T00:00:00Z,958737
2024-05-02T00:00:00Z,948547
2024-05-01T00:00:00Z,938921
2024-04-30T00:00:00Z,1068985
2024-04-29T00:00:00Z,942050
2024-04-28T00:00:00Z,984146
2024-04-27T00:00:00Z,986664
2024-04-26T00:00:00Z,1002551
2024-04-25T00:00:00Z,1084376
2024-04-24T00:00:00Z,1106169
2024-04-23T00:00:00Z,1076918
2024-04-22T00:00:00Z,1066217
2024-04-21T00:00:00Z,989546
2024-04-20T00:00:00Z,864428
2024-04-19T00:00:00Z,997670
2024-04-18T00:00:00Z,943848
2024-04-17T00:00:00Z,868910
2024-04-16T00:00:00Z,1076906
2024-04-15T00:00:00Z,996084
2024-04-14T00:00:00Z,1018135
2024-04-13T00:00:00Z,1095294
2024-04-12T00:00:00Z,1002627
2024-04-11T00:00:00Z,965157
2024-04-10T00:00:00Z,1061088
2024-04-09T00:00:00Z,1081226
2024-04-08T00:00:00Z,1058575
2024-04-07T00:00:00Z,1116184
2024-04-06T00:00:00Z,1136858
2024-04-05T00:00:00Z,1075206
2024-04-04T00:00:00Z,1038706
2024-04-03T00:00:00Z,1049647
2024-04-02T00:00:00Z,1039178
2024-04-01T00:00:00Z,1031541
2024-03-31T00:00:00Z,821787
2024-03-30T00:00:00Z,1087964
2024-03-29T00:00:00Z,1048408
2024-03-28T00:00:00Z,1106775
2024-03-27T00:00:00Z,949813
2024-03-26T00:00:00Z,935150
2024-03-25T00:00:00Z,988020
2024-03-24T00:00:00Z,1064400
2024-03-23T00:00:00Z,1044009
2024-03-22T00:00:00Z,963298
2024-03-21T00:00:00Z,909376
2024-03-20T00:00:00Z,1093898
2024-03-19T00:00:00Z,1117110
2024-03-18T00:00:00Z,1017010
2024-03-17T00:00:00Z,1026657
2024-03-16T00:00:00Z,1076628
2024-03-15T00:00:00Z,1000317
2024-03-14T00:00:00Z,1070971
2024-03-13T00:00:00Z,1190791
2024-03-12T00:00:00Z,1141110
2024-03-11T00:00:00Z,1249158
2024-03-10T00:00:00Z,1001878
2024-03-09T00:00:00Z,1053358
2024-03-08T00:00:00Z,1101513
2024-03-07T00:00:00Z,1183104
2024-03-06T00:00:00Z,1072135
2024-03-05T00:00:00Z,1288838
2024-03-04T00:00:00Z,987804
2024-03-03T00:00:00Z,1007530
2024-03-02T00:00:00Z,976756
2024-03-01T00:00:00Z,1189013
2024-02-29T00:00:00Z,1089376
2024-02-28T00:00:00Z,1155885
2024-02-27T00:00:00Z,1030641
2024-02-26T00:00:00Z,1012696
2024-02-25T00:00:00Z,1086252
2024-02-24T00:00:00Z,912736
2024-02-23T00:00:00Z,1070572
2024-02-22T00:00:00Z,965972
2024-02-21T00:00:00Z,901929
2024-02-20T00:00:00Z,969733
2024-02-19T00:00:00Z,970218
2024-02-18T00:00:00Z,851429
2024-02-17T00:00:00Z,942886
2024-02-16T00:00:00Z,970159
2024-02-15T00:00:00Z,963563
2024-02-14T00:00:00Z,862669
2024-02-13T00:00:00Z,942823
2024-02-12T00:00:00Z,1158585
2024-02-11T00:00:00Z,1006859
2024-02-10T00:00:00Z,1096482
2024-02-09T00:00:00Z,1092294
2024-02-08T00:00:00Z,979656
2024-02-07T00:00:00Z,1007243
2024-02-06T00:00:00Z,972498
2024-02-05T00:00:00Z,948535
2024-02-04T00:00:00Z,927999
2024-02-03T00:00:00Z,983358
2024-02-02T00:00:00Z,1083848
2024-02-01T00:00:00Z,1070918
2024-01-31T00:00:00Z,1012268
2024-01-30T00:00:00Z,1080833
2024-01-29T00:00:00Z,1136834
2024-01-28T00:00:00Z,1089163
2024-01-27T00:00:00Z,1173368
2024-01-26T00:00:00Z,1077043
2024-01-25T00:00:00Z,1199567
2024-01-24T00:00:00Z,1031387
2024-01-23T00:00:00Z,969267
2024-01-22T00:00:00Z,1153095
2024-01-21T00:00:00Z,1050318
2024-01-20T00:00:00Z,1065975
2024-01-19T00:00:00Z,1002689
2024-01-18T00:00:00Z,1023426
2024-01-17T00:00:00Z,924853
2024-01-16T00:00:00Z,951792
2024-01-15T00:00:00Z,920986
2024-01-14T00:00:00Z,932551
2024-01-13T00:00:00Z,1092776
2024-01-12T00:00:00Z,1123402
2024-01-11T00:00:00Z,1128843
2024-01-10T00:00:00Z,967940
2024-01-09T00:00:00Z,1109327
2024-01-08T00:00:00Z,927845
2024-01-07T00:00:00Z,885185
2024-01-06T00:00:00Z,971775
2024-01-05T00:00:00Z,986311
2024-01-04T00:00:00Z,1231301
2024-01-03T00:00:00Z,1201698
2024-01-02T00:00:00Z,1109288
2024-01-01T00:00:00Z,1174482
2023-12-31T00:00:00Z,1120983
2023-12-30T00:00:00Z,1063123
2023-12-29T00:00:00Z,1184466
2023-12-28T00:00:00Z,1017846
2023-12-27T00:00:00Z,963371
2023-12-26T00:00:00Z,1012264
2023-12-25T00:00:00Z,947496
2023-12-24T00:00:00Z,1155291
2023-12-23T00:00:00Z,1150551
2023-12-22T00:00:00Z,1239202
2023-12-21T00:00:00Z,1076792
2023-12-20T00:00:00Z,1062818
2023-12-19T00:00:00Z,1176051
2023-12-18T00:00:00Z,1246893
2023-12-17T00:00:00Z,1104844
2023-12-16T00:00:00Z,1122378
2023-12-15T00:00:00Z,1216813
2023-12-14T00:00:00Z,961690
2023-12-13T00:00:00Z,981440
2023-12-12T00:00:00Z,1097992
2023-12-11T00:00:00Z,1129605
2023-12-10T00:00:00Z,1043384
2023-12-09T00:00:00Z,1136350
2023-12-08T00:00:00Z,1054730
2023-12-07T00:00:00Z,1004699
2023-12-06T00:00:00Z,1012600
2023-12-05T00:00:00Z,1016184
2023-12-04T00:00:00Z,1250232
2023-12-03T00:00:00Z,1202950
2023-12-02T00:00:00Z,978914
2023-12-01T00:00:00Z,1209534
2023-11-30T00:00:00Z,1056818
2023-11-29T00:00:00Z,994250
2023-11-28T00:00:00Z,1071105
2023-11-27T00:00:00Z,1003648
2023-11-26T00:00:00Z,1037389
2023-11-25T00:00:00Z,1118178
2023-11-24T00:00:00Z,1275101
2023-11-23T00:00:00Z,764248
2023-11-22T00:00:00Z,1110808
2023-11-21T00:00:00Z,1121367
2023-11-20T00:00:00Z,1252545
2023-11-19T00:00:00Z,1215755
2023-11-18T00:00:00Z,1107335
2023-11-17T00:00:00Z,1198080
2023-11-16T00:00:00Z,1123362
2023-11-15T00:00:00Z,1128776
2023-11-14T00:00:00Z,1108994
2023-11-13T00:00:00Z,1055625
2023-11-12T00:00:00Z,1164826
2023-11-11T00:00:00Z,1181040
2023-11-10T00:00:00Z,1240510
2023-11-09T00:00:00Z,1133908
2023-11-08T00:00:00Z,1171267
2023-11-07T00:00:00Z,1096166
2023-11-06T00:00:00Z,1094830
2023-11-05T00:00:00Z,1241232
2023-11-04T00:00:00Z,1262758
2023-11-03T00:00:00Z,1071137
2023-11-02T00:00:00Z,1113374
2023-11-01T00:00:00Z,1104293
2023-10-31T00:00:00Z,1120286
2023-10-30T00:00:00Z,1199458
2023-10-29T00:00:00Z,1004460
2023-10-28T00:00:00Z,1128528
2023-10-27T00:00:00Z,1159074
2023-10-26T00:00:00Z,1128057
2023-10-25T00:00:00Z,1127479
2023-10-24T00:00:00Z,1042942
2023-10-23T00:00:00Z,1173379
2023-10-22T00:00:00Z,879745
2023-10-21T00:00:00Z,972673
2023-10-20T00:00:00Z,968348
2023-10-19T00:00:00Z,924935
2023-10-18T00:00:00Z,938260
2023-10-17T00:00:00Z,968207
2023-10-16T00:00:00Z,1066823
2023-10-15T00:00:00Z,874445
2023-10-14T00:00:00Z,877502
2023-10-13T00:00:00Z,925816
2023-10-12T00:00:00Z,903068
2023-10-11T00:00:00Z,892395
2023-10-10T00:00:00Z,1031293
2023-10-09T00:00:00Z,1011262
2023-10-08T00:00:00Z,901659
2023-10-07T00:00:00Z,922140
2023-10-06T00:00:00Z,968579
2023-10-05T00:00:00Z,994327
2023-10-04T00:00:00Z,951410
2023-10-03T00:00:00Z,1238442
2023-10-02T00:00:00Z,1131370
2023-10-01T00:00:00Z,1011164
2023-09-30T00:00:00Z,1035392
2023-09-29T00:00:00Z,1071454
2023-09-28T00:00:00Z,1122630
2023-09-27T00:00:00Z,1106646
2023-09-26T00:00:00Z,1040240
2023-09-25T00:00:00Z,1117044
2023-09-24T00:00:00Z,1099919
2023-09-23T00:00:00Z,1174602
2023-09-22T00:00:00Z,1030385
2023-09-21T00:00:00Z,1100217
2023-09-20T00:00:00Z,1121896
2023-09-19T00:00:00Z,1057601
2023-09-18T00:00:00Z,1165213
2023-09-17T00:00:00Z,1067611
2023-09-16T00:00:00Z,1107833
2023-09-15T00:00:00Z,1308983
2023-09-14T00:00:00Z,1173438
2023-09-13T00:00:00Z,1086788
2023-09-12T00:00:00Z,1057925
2023-09-11T00:00:00Z,1148753
2023-09-10T00:00:00Z,1073778
2023-09-09T00:00:00Z,1126508
2023-09-08T00:00:00Z,1053247
2023-09-07T00:00:00Z,1090598
2023-09-06T00:00:00Z,1071273
2023-09-05T00:00:00Z,961533
2023-09-04T00:00:00Z,1087046
2023-09-03T00:00:00Z,1098630
2023-09-02T00:00:00Z,1102613
2023-09-01T00:00:00Z,1075497
2023-08-31T00:00:00Z,1071952
2023-08-30T00:00:00Z,977098
2023-08-29T00:00:00Z,1124858
2023-08-28T00:00:00Z,893181
2023-08-27T00:00:00Z,870605
2023-08-26T00:00:00Z,989103
2023-08-25T00:00:00Z,1002700
2023-08-24T00:00:00Z,1014748
2023-08-23T00:00:00Z,1023113
2023-08-22T00:00:00Z,1012468
2023-08-21T00:00:00Z,1133240
2023-08-20T00:00:00Z,1136796
2023-08-19T00:00:00Z,1039211
2023-08-18T00:00:00Z,1033055
2023-08-17T00:00:00Z,1139671
2023-08-16T00:00:00Z,1154818
2023-08-15T00:00:00Z,1174118
2023-08-14T00:00:00Z,1161105
2023-08-13T00:00:00Z,987252
2023-08-12T00:00:00Z,1045599
2023-08-11T00:00:00Z,1105956
2023-08-10T00:00:00Z,947131
2023-08-09T00:00:00Z,1170068
2023-08-08T00:00:00Z,918542
2023-08-07T00:00:00Z,1043577
2023-08-06T00:00:00Z,1093479
2023-08-05T00:00:00Z,1089588
2023-08-04T00:00:00Z,949274
2023-08-03T00:00:00Z,1156003
2023-08-02T00:00:00Z,1136918
2023-08-01T00:00:00Z,1048708
2023-07-31T00:00:00Z,1024482
2023-07-30T00:00:00Z,1183445
2023-07-29T00:00:00Z,959360
2023-07-28T00:00:00Z,1030070
2023-07-27T00:00:00Z,1023206
2023-07-26T00:00:00Z,1069658
2023-07-25T00:00:00Z,1013320
2023-07-24T00:00:00Z,1081922
2023-07-23T00:00:00Z,1048641
2023-07-22T00:00:00Z,957305
2023-07-21T00:00:00Z,891895
2023-07-20T00:00:00Z,978203
2023-07-19T00:00:00Z,1040570
2023-07-18T00:00:00Z,1164733
2023-07-17T00:00:00Z,1012912
2023-07-16T00:00:00Z,1088368
2023-07-15T00:00:00Z,1007863
2023-07-14T00:00:00Z,1057571
2023-07-13T00:00:00Z,921772
2023-07-12T00:00:00Z,1030675
2023-07-11T00:00:00Z,1003670
2023-07-10T00:00:00Z,1096498
2023-07-09T00:00:00Z,1152333
2023-07-08T00:00:00Z,1214210
2023-07-07T00:00:00Z,1190589
2023-07-06T00:00:00Z,1041033
2023-07-05T00:00:00Z,1082348
2023-07-04T00:00:00Z,1047613
2023-07-03T00:00:00Z,980281
2023-07-02T00:00:00Z,1093675
2023-07-01T00:00:00Z,969026
2023-06-30T00:00:00Z,1188637
2023-06-29T00:00:00Z,1052786
2023-06-28T00:00:00Z,859363
2023-06-27T00:00:00Z,1024983
2023-06-26T00:00:00Z,1071810
2023-06-25T00:00:00Z,978815
2023-06-24T00:00:00Z,1030281
2023-06-23T00:00:00Z,968172
2023-06-22T00:00:00Z,1025104
2023-06-21T00:00:00Z,928418
2023-06-20T00:00:00Z,982438
2023-06-19T00:00:00Z,1011975
2023-06-18T00:00:00Z,960537
2023-06-17T00:00:00Z,1004030
2023-06-16T00:00:00Z,1091354
2023-06-15T00:00:00Z,1019970
2023-06-14T00:00:00Z,876200
2023-06-13T00:00:00Z,1022336
2023-06-12T00:00:00Z,1065202
2023-06-11T00:00:00Z,1015688
2023-06-10T00:00:00Z,1023477
2023-06-09T00:00:00Z,1113151
2023-06-08T00:00:00Z,1054290
2023-06-07T00:00:00Z,1054349
2023-06-06T00:00:00Z,1136001
2023-06-05T00:00:00Z,963856
2023-06-04T00:00:00Z,952790
2023-06-03T00:00:00Z,926445
2023-06-02T00:00:00Z,1122925
2023-06-01T00:00:00Z,958222
2023-05-31T00:00:00Z,982316
2023-05-30T00:00:00Z,1077881
2023-05-29T00:00:00Z,1100169
2023-05-28T00:00:00Z,1012265
2023-05-27T00:00:00Z,1035066
2023-05-26T00:00:00Z,1099256
2023-05-25T00:00:00Z,1081343
2023-05-24T00:00:00Z,988586
2023-05-23T00:00:00Z,1049196
2023-05-22T00:00:00Z,1029296
2023-05-21T00:00:00Z,996488
2023-05-20T00:00:00Z,905636
2023-05-19T00:00:00Z,1077632
2023-05-18T00:00:00Z,1017521
2023-05-17T00:00:00Z,1147788
2023-05-16T00:00:00Z,1101922
2023-05-15T00:00:00Z,1066068
2023-05-14T00:00:00Z,1165745
2023-05-13T00:00:00Z,1025754
2023-05-12T00:00:00Z,1045435
2023-05-11T00:00:00Z,1098884
2023-05-10T00:00:00Z,1233125
2023-05-09T00:00:00Z,1083757
2023-05-08T00:00:00Z,1022142
2023-05-07T00:00:00Z,960605
2023-05-06T00:00:00Z,1087479
2023-05-05T00:00:00Z,967726
2023-05-04T00:00:00Z,1082397
2023-05-03T00:00:00Z,1098862
2023-05-02T00:00:00Z,1002371
2023-05-01T00:00:00Z,1278842
2023-04-30T00:00:00Z,1069856
2023-04-29T00:00:00Z,1011785
2023-04-28T00:00:00Z,1108698
2023-04-27T00:00:00Z,1003527
2023-04-26T00:00:00Z,1023844
2023-04-25T00:00:00Z,977794
2023-04-24T00:00:00Z,1024963
2023-04-23T00:00:00Z,984751
2023-04-22T00:00:00Z,962038
2023-04-21T00:00:00Z,1011734
2023-04-20T00:00:00Z,951340
2023-04-19T00:00:00Z,994873
2023-04-18T00:00:00Z,1150539
2023-04-17T00:00:00Z,1005521
2023-04-16T00:00:00Z,834276
2023-04-15T00:00:00Z,1047448
2023-04-14T00:00:00Z,1014137
2023-04-13T00:00:00Z,1011584
2023-04-12T00:00:00Z,1042530
2023-04-11T00:00:00Z,1153468
2023-04-10T00:00:00Z,943967
2023-04-09T00:00:00Z,931935
2023-04-08T00:00:00Z,863736
2023-04-07T00:00:00Z,952734
2023-04-06T00:00:00Z,984753
2023-04-05T00:00:00Z,937630
2023-04-04T00:00:00Z,1127322
2023-04-03T00:00:00Z,980401
2023-04-02T00:00:00Z,1042160
2023-04-01T00:00:00Z,1028308
2023-03-31T00:00:00Z,1026493
2023-03-30T00:00:00Z,1000134
2023-03-29T00:00:00Z,974547
2023-03-28T00:00:00Z,962379
2023-03-27T00:00:00Z,1037896
2023-03-26T00:00:00Z,828990
2023-03-25T00:00:00Z,893229
2023-03-24T00:00:00Z,880384
2023-03-23T00:00:00Z,910464
2023-03-22T00:00:00Z,928053
2023-03-21T00:00:00Z,984310
2023-03-20T00:00:00Z,1031633
2023-03-19T00:00:00Z,847448
2023-03-18T00:00:00Z,965628
2023-03-17T00:00:00Z,1068637
2023-03-16T00:00:00Z,891738
2023-03-15T00:00:00Z,1013604
2023-03-14T00:00:00Z,1028209
2023-03-13T00:00:00Z,992408
2023-03-12T00:00:00Z,879737
2023-03-11T00:00:00Z,969227
2023-03-10T00:00:00Z,987446
2023-03-09T00:00:00Z,938391
2023-03-08T00:00:00Z,890273
2023-03-07T00:00:00Z,1050716
2023-03-06T00:00:00Z,918444
2023-03-05T00:00:00Z,984816
2023-03-04T00:00:00Z,902100
2023-03-03T00:00:00Z,1075657
2023-03-02T00:00:00Z,942765
2023-03-01T00:00:00Z,1074490
2023-02-28T00:00:00Z,968401
2023-02-27T00:00:00Z,960544
2023-02-26T00:00:00Z,900637
2023-02-25T00:00:00Z,802842
2023-02-24T00:00:00Z,955006
2023-02-23T00:00:00Z,1066328
2023-02-22T00:00:00Z,932054
2023-02-21T00:00:00Z,999710
2023-02-20T00:00:00Z,900047
2023-02-19T00:00:00Z,907082
2023-02-18T00:00:00Z,1035164
2023-02-17T00:00:00Z,1035039
2023-02-16T00:00:00Z,1105698
2023-02-15T00:00:00Z,964466
2023-02-14T00:00:00Z,882538
2023-02-13T00:00:00Z,951194
2023-02-12T00:00:00Z,857445
2023-02-11T00:00:00Z,859412
2023-02-10T00:00:00Z,896950
2023-02-09T00:00:00Z,1036802
2023-02-08T00:00:00Z,926050
2023-02-07T00:00:00Z,917812
2023-02-06T00:00:00Z,892038
2023-02-05T00:00:00Z,789859
2023-02-04T00:00:00Z,951481
2023-02-03T00:00:00Z,973940
2023-02-02T00:00:00Z,981160
2023-02-01T00:00:00Z,1028510
2023-01-31T00:00:00Z,929815
2023-01-30T00:00:00Z,927721
2023-01-29T00:00:00Z,818826
2023-01-28T00:00:00Z,845751
2023-01-27T00:00:00Z,912499
2023-01-26T00:00:00Z,885161
2023-01-25T00:00:00Z,906785
2023-01-24T00:00:00Z,900889
2023-01-23T00:00:00Z,917979
2023-01-22T00:00:00Z,849956
2023-01-21T00:00:00Z,889162
2023-01-20T00:00:00Z,906430
2023-01-19T00:00:00Z,922857
2023-01-18T00:00:00Z,936327
2023-01-17T00:00:00Z,975893
2023-01-16T00:00:00Z,955777
2023-01-15T00:00:00Z,797534
2023-01-14T00:00:00Z,967345
2023-01-13T00:00:00Z,1058236
2023-01-12T00:00:00Z,1034516
2023-01-11T00:00:00Z,932933
2023-01-10T00:00:00Z,1136444
2023-01-09T00:00:00Z,971058
2023-01-08T00:00:00Z,762499
2023-01-07T00:00:00Z,794551
2023-01-06T00:00:00Z,941264
2023-01-05T00:00:00Z,925965
2023-01-04T00:00:00Z,914279
2023-01-03T00:00:00Z,974091
2023-01-02T00:00:00Z,843181
2023-01-01T00:00:00Z,712664
2022-12-31T00:00:00Z,837966
2022-12-30T00:00:00Z,1062578
2022-12-29T00:00:00Z,942075
2022-12-28T00:00:00Z,905707
2022-12-27T00:00:00Z,859414
2022-12-26T00:00:00Z,774973
2022-12-25T00:00:00Z,748157
2022-12-24T00:00:00Z,755696
2022-12-23T00:00:00Z,885213
2022-12-22T00:00:00Z,896150
2022-12-21T00:00:00Z,919286
2022-12-20T00:00:00Z,944586
2022-12-19T00:00:00Z,957935
2022-12-18T00:00:00Z,798628
2022-12-17T00:00:00Z,963314
2022-12-16T00:00:00Z,875023
2022-12-15T00:00:00Z,908082
2022-12-14T00:00:00Z,920673
2022-12-13T00:00:00Z,965271
2022-12-12T00:00:00Z,900447
2022-12-11T00:00:00Z,766079
2022-12-10T00:00:00Z,929079
2022-12-09T00:00:00Z,936944
2022-12-08T00:00:00Z,875966
2022-12-07T00:00:00Z,912628
2022-12-06T00:00:00Z,937273
2022-12-05T00:00:00Z,959456
2022-12-04T00:00:00Z,845931
2022-12-03T00:00:00Z,932938
2022-12-02T00:00:00Z,964508
2022-12-01T00:00:00Z,1027983
2022-11-30T00:00:00Z,933904
2022-11-29T00:00:00Z,957052
2022-11-28T00:00:00Z,932397
2022-11-27T00:00:00Z,848156
2022-11-26T00:00:00Z,886962
2022-11-25T00:00:00Z,976930
2022-11-24T00:00:00Z,990682
2022-11-23T00:00:00Z,1054327
2022-11-22T00:00:00Z,921336
2022-11-21T00:00:00Z,970667
2022-11-20T00:00:00Z,1010049
2022-11-19T00:00:00Z,1101525
2022-11-18T00:00:00Z,965468
2022-11-17T00:00:00Z,880087
2022-11-16T00:00:00Z,949434
2022-11-15T00:00:00Z,992111
2022-11-14T00:00:00Z,941905
2022-11-13T00:00:00Z,889844
2022-11-12T00:00:00Z,919110
2022-11-11T00:00:00Z,968431
2022-11-10T00:00:00Z,1044189
2022-11-09T00:00:00Z,1069456
2022-11-08T00:00:00Z,1049922
2022-11-07T00:00:00Z,911538
2022-11-06T00:00:00Z,816876
2022-11-05T00:00:00Z,924031
2022-11-04T00:00:00Z,943707
2022-11-03T00:00:00Z,1005201
2022-11-02T00:00:00Z,866504
2022-11-01T00:00:00Z,954321
2022-10-31T00:00:00Z,961732
2022-10-30T00:00:00Z,825309
2022-10-29T00:00:00Z,875554
2022-10-28T00:00:00Z,935057
2022-10-27T00:00:00Z,893675
2022-10-26T00:00:00Z,1043169
2022-10-25T00:00:00Z,824527
2022-10-24T00:00:00Z,915870
2022-10-23T00:00:00Z,801148
2022-10-22T00:00:00Z,827041
2022-10-21T00:00:00Z,921355
2022-10-20T00:00:00Z,886071
2022-10-19T00:00:00Z,918416
2022-10-18T00:00:00Z,881511
2022-10-17T00:00:00Z,869486
2022-10-16T00:00:00Z,759662
2022-10-15T00:00:00Z,854631
2022-10-14T00:00:00Z,977143
2022-10-13T00:00:00Z,942047
2022-10-12T00:00:00Z,869395
2022-10-11T00:00:00Z,894276
2022-10-10T00:00:00Z,909532
2022-10-09T00:00:00Z,769718
2022-10-08T00:00:00Z,813395
2022-10-07T00:00:00Z,938821
2022-10-06T00:00:00Z,936104
2022-10-05T00:00:00Z,886971
2022-10-04T00:00:00Z,930631
2022-10-03T00:00:00Z,982804
2022-10-02T00:00:00Z,835001
2022-10-01T00:00:00Z,877053
2022-09-30T00:00:00Z,986252
2022-09-29T00:00:00Z,880839
2022-09-28T00:00:00Z,859266
2022-09-27T00:00:00Z,949450
2022-09-26T00:00:00Z,925738
2022-09-25T00:00:00Z,788050
2022-09-24T00:00:00Z,806834
2022-09-23T00:00:00Z,981069
2022-09-22T00:00:00Z,860891
2022-09-21T00:00:00Z,908783
2022-09-20T00:00:00Z,960956
2022-09-19T00:00:00Z,910492
2022-09-18T00:00:00Z,771927
2022-09-17T00:00:00Z,927636
2022-09-16T00:00:00Z,931778
2022-09-15T00:00:00Z,951425
2022-09-14T00:00:00Z,982437
2022-09-13T00:00:00Z,945638
2022-09-12T00:00:00Z,982875
2022-09-11T00:00:00Z,857087
2022-09-10T00:00:00Z,892673
2022-09-09T00:00:00Z,1030863
2022-09-08T00:00:00Z,929322
2022-09-07T00:00:00Z,956328
2022-09-06T00:00:00Z,925724
2022-09-05T00:00:00Z,933649
2022-09-04T00:00:00Z,769646
2022-09-03T00:00:00Z,940094
2022-09-02T00:00:00Z,989567
2022-09-01T00:00:00Z,964871
2022-08-31T00:00:00Z,919804
2022-08-30T00:00:00Z,947202
2022-08-29T00:00:00Z,935361
2022-08-28T00:00:00Z,767468
2022-08-27T00:00:00Z,839110
2022-08-26T00:00:00Z,926362
2022-08-25T00:00:00Z,915381
2022-08-24T00:00:00Z,919135
2022-08-23T00:00:00Z,931459
2022-08-22T00:00:00Z,881918
2022-08-21T00:00:00Z,764497
2022-08-20T00:00:00Z,839108
2022-08-19T00:00:00Z,993721
2022-08-18T00:00:00Z,1008356
2022-08-17T00:00:00Z,909991
2022-08-16T00:00:00Z,1027193
2022-08-15T00:00:00Z,913797
2022-08-14T00:00:00Z,814828
2022-08-13T00:00:00Z,823412
2022-08-12T00:00:00Z,955987
2022-08-11T00:00:00Z,1007606
2022-08-10T00:00:00Z,1028471
2022-08-09T00:00:00Z,948500
2022-08-08T00:00:00Z,919607
2022-08-07T00:00:00Z,708377
2022-08-06T00:00:00Z,870832
2022-08-05T00:00:00Z,945787
2022-08-04T00:00:00Z,950479
2022-08-03T00:00:00Z,974198
2022-08-02T00:00:00Z,942671
2022-08-01T00:00:00Z,903174
2022-07-31T00:00:00Z,768629
2022-07-30T00:00:00Z,797014
2022-07-29T00:00:00Z,949562
2022-07-28T00:00:00Z,1011653
2022-07-27T00:00:00Z,885921
2022-07-26T00:00:00Z,957399
2022-07-25T00:00:00Z,900793
2022-07-24T00:00:00Z,730306
2022-07-23T00:00:00Z,771916
2022-07-22T00:00:00Z,848475
2022-07-21T00:00:00Z,959711
2022-07-20T00:00:00Z,916073
2022-07-19T00:00:00Z,992525
2022-07-18T00:00:00Z,870506
2022-07-17T00:00:00Z,723191
2022-07-16T00:00:00Z,786563
2022-07-15T00:00:00Z,950107
2022-07-14T00:00:00Z,986358
2022-07-13T00:00:00Z,808198
2022-07-12T00:00:00Z,940269
2022-07-11T00:00:00Z,834854
2022-07-10T00:00:00Z,706308
2022-07-09T00:00:00Z,777696
2022-07-08T00:00:00Z,942125
2022-07-07T00:00:00Z,1002098
2022-07-06T00:00:00Z,980050
2022-07-05T00:00:00Z,865464
2022-07-04T00:00:00Z,850446
2022-07-03T00:00:00Z,732490
2022-07-02T00:00:00Z,842837
2022-07-01T00:00:00Z,937013
2022-06-30T00:00:00Z,957656
2022-06-29T00:00:00Z,917884
2022-06-28T00:00:00Z,904211
2022-06-27T00:00:00Z,970026
2022-06-26T00:00:00Z,712703
2022-06-25T00:00:00Z,751786
2022-06-24T00:00:00Z,881146
2022-06-23T00:00:00Z,856840
2022-06-22T00:00:00Z,877460
2022-06-21T00:00:00Z,912243
2022-06-20T00:00:00Z,830583
2022-06-19T00:00:00Z,746655
2022-06-18T00:00:00Z,930873
2022-06-17T00:00:00Z,877166
2022-06-16T00:00:00Z,889528
2022-06-15T00:00:00Z,1064695
2022-06-14T00:00:00Z,1092137
2022-06-13T00:00:00Z,1001964
2022-06-12T00:00:00Z,755875
2022-06-11T00:00:00Z,844730
2022-06-10T00:00:00Z,903839
2022-06-09T00:00:00Z,911979
2022-06-08T00:00:00Z,889019
2022-06-07T00:00:00Z,940398
2022-06-06T00:00:00Z,952457
2022-06-05T00:00:00Z,737139
2022-06-04T00:00:00Z,775169
2022-06-03T00:00:00Z,940554
2022-06-02T00:00:00Z,951207
2022-06-01T00:00:00Z,964245
2022-05-31T00:00:00Z,995006
2022-05-30T00:00:00Z,935287
2022-05-29T00:00:00Z,751929
2022-05-28T00:00:00Z,787533
2022-05-27T00:00:00Z,930185
2022-05-26T00:00:00Z,903836
2022-05-25T00:00:00Z,1026760
2022-05-24T00:00:00Z,843401
2022-05-23T00:00:00Z,932885
2022-05-22T00:00:00Z,746377
2022-05-21T00:00:00Z,781167
2022-05-20T00:00:00Z,943398
2022-05-19T00:00:00Z,897158
2022-05-18T00:00:00Z,897444
2022-05-17T00:00:00Z,1030268
2022-05-16T00:00:00Z,1091892
2022-05-15T00:00:00Z,1017662
2022-05-14T00:00:00Z,1093680
2022-05-13T00:00:00Z,1033349
2022-05-12T00:00:00Z,1040909
2022-05-11T00:00:00Z,1000331
2022-05-10T00:00:00Z,977454
2022-05-09T00:00:00Z,1037295
2022-05-08T00:00:00Z,841620
2022-05-07T00:00:00Z,834123
2022-05-06T00:00:00Z,1091795
2022-05-05T00:00:00Z,1171109
2022-05-04T00:00:00Z,867889
2022-05-03T00:00:00Z,944615
2022-05-02T00:00:00Z,973910
2022-05-01T00:00:00Z,831675
2022-04-30T00:00:00Z,961543
2022-04-29T00:00:00Z,1057628
2022-04-28T00:00:00Z,1008745
2022-04-27T00:00:00Z,964517
2022-04-26T00:00:00Z,961289
2022-04-25T00:00:00Z,1001239
2022-04-24T00:00:00Z,807346
2022-04-23T00:00:00Z,856003
2022-04-22T00:00:00Z,945522
2022-04-21T00:00:00Z,983954
2022-04-20T00:00:00Z,967071
2022-04-19T00:00:00Z,943675
2022-04-18T00:00:00Z,925911
2022-04-17T00:00:00Z,747929
2022-04-16T00:00:00Z,794295
2022-04-15T00:00:00Z,889547
2022-04-14T00:00:00Z,911235
2022-04-13T00:00:00Z,939896
2022-04-12T00:00:00Z,989315
2022-04-11T00:00:00Z,974436
2022-04-10T00:00:00Z,745373
2022-04-09T00:00:00Z,802546
2022-04-08T00:00:00Z,923813
2022-04-07T00:00:00Z,935358
2022-04-06T00:00:00Z,918215
2022-04-05T00:00:00Z,945961
2022-04-04T00:00:00Z,981386
2022-04-03T00:00:00Z,801171
2022-04-02T00:00:00Z,941603
2022-04-01T00:00:00Z,1064701
2022-03-31T00:00:00Z,976395
2022-03-30T00:00:00Z,943547
2022-03-29T00:00:00Z,959701
2022-03-28T00:00:00Z,1043338
2022-03-27T00:00:00Z,810088
2022-03-26T00:00:00Z,828810
2022-03-25T00:00:00Z,1074565
2022-03-24T00:00:00Z,952449
2022-03-23T00:00:00Z,964976
2022-03-22T00:00:00Z,932548
2022-03-21T00:00:00Z,938580
2022-03-20T00:00:00Z,780552
2022-03-19T00:00:00Z,879093
2022-03-18T00:00:00Z,983887
2022-03-17T00:00:00Z,1027631
2022-03-16T00:00:00Z,1010448
2022-03-15T00:00:00Z,932934
2022-03-14T00:00:00Z,925994
2022-03-13T00:00:00Z,756401
2022-03-12T00:00:00Z,808126
2022-03-11T00:00:00Z,904698
2022-03-10T00:00:00Z,996689
2022-03-09T00:00:00Z,961949
2022-03-08T00:00:00Z,954871
2022-03-07T00:00:00Z,916978
2022-03-06T00:00:00Z,774989
2022-03-05T00:00:00Z,809032
2022-03-04T00:00:00Z,958257
2022-03-03T00:00:00Z,1009335
2022-03-02T00:00:00Z,1095697
2022-03-01T00:00:00Z,1059469
2022-02-28T00:00:00Z,964140
2022-02-27T00:00:00Z,782729
2022-02-26T00:00:00Z,807880
2022-02-25T00:00:00Z,934448
2022-02-24T00:00:00Z,950341
2022-02-23T00:00:00Z,854965
2022-02-22T00:00:00Z,899034
2022-02-21T00:00:00Z,876240
2022-02-20T00:00:00Z,737140
2022-02-19T00:00:00Z,850345
2022-02-18T00:00:00Z,941761
2022-02-17T00:00:00Z,930160
2022-02-16T00:00:00Z,921652
2022-02-15T00:00:00Z,1013646
2022-02-14T00:00:00Z,896374
2022-02-13T00:00:00Z,818214
2022-02-12T00:00:00Z,1080825
2022-02-11T00:00:00Z,979209
2022-02-10T00:00:00Z,1024459
2022-02-09T00:00:00Z,1000037
2022-02-08T00:00:00Z,1015745
2022-02-07T00:00:00Z,927163
2022-02-06T00:00:00Z,902296
2022-02-05T00:00:00Z,954708
2022-02-04T00:00:00Z,883131
2022-02-03T00:00:00Z,927292
2022-02-02T00:00:00Z,969045
2022-02-01T00:00:00Z,1054699
2022-01-31T00:00:00Z,988525
2022-01-30T00:00:00Z,772941
2022-01-29T00:00:00Z,820896
2022-01-28T00:00:00Z,945317
2022-01-27T00:00:00Z,903256
2022-01-26T00:00:00Z,876999
2022-01-25T00:00:00Z,886341
2022-01-24T00:00:00Z,964337
2022-01-23T00:00:00Z,756417
2022-01-22T00:00:00Z,989288
2022-01-21T00:00:00Z,1023883
2022-01-20T00:00:00Z,946146
2022-01-19T00:00:00Z,937220
2022-01-18T00:00:00Z,905931
2022-01-17T00:00:00Z,959875
2022-01-16T00:00:00Z,764669
2022-01-15T00:00:00Z,819717
2022-01-14T00:00:00Z,981338
2022-01-13T00:00:00Z,936863
2022-01-12T00:00:00Z,964897
2022-01-11T00:00:00Z,956098
2022-01-10T00:00:00Z,961442
2022-01-09T00:00:00Z,753210
2022-01-08T00:00:00Z,813308
2022-01-07T00:00:00Z,960959
2022-01-06T00:00:00Z,951443
2022-01-05T00:00:00Z,1002471
2022-01-04T00:00:00Z,970813
2022-01-03T00:00:00Z,929587
2022-01-02T00:00:00Z,739289
2022-01-01T00:00:00Z,693743
2021-12-31T00:00:00Z,1104794
2021-12-30T00:00:00Z,977974
2021-12-29T00:00:00Z,1139924
2021-12-28T00:00:00Z,1048584
2021-12-27T00:00:00Z,995299
2021-12-26T00:00:00Z,764542
2021-12-25T00:00:00Z,872531
2021-12-24T00:00:00Z,982620
2021-12-23T00:00:00Z,983233
2021-12-22T00:00:00Z,715634
2021-12-21T00:00:00Z,1007885
2021-12-20T00:00:00Z,1008108
2021-12-19T00:00:00Z,732673
2021-12-18T00:00:00Z,870323
2021-12-17T00:00:00Z,987343
2021-12-16T00:00:00Z,877717
2021-12-15T00:00:00Z,1051108
2021-12-14T00:00:00Z,962657
2021-12-13T00:00:00Z,967803
2021-12-12T00:00:00Z,737377
2021-12-11T00:00:00Z,809157
2021-12-10T00:00:00Z,933315
2021-12-09T00:00:00Z,1109356
2021-12-08T00:00:00Z,912548
2021-12-07T00:00:00Z,999049
2021-12-06T00:00:00Z,1049148
2021-12-05T00:00:00Z,965886
2021-12-04T00:00:00Z,947917
2021-12-03T00:00:00Z,1008904
2021-12-02T00:00:00Z,1174204
2021-12-01T00:00:00Z,1052839
2021-11-30T00:00:00Z,963697
2021-11-29T00:00:00Z,985115
2021-11-28T00:00:00Z,809876
2021-11-27T00:00:00Z,789772
2021-11-26T00:00:00Z,997204
2021-11-25T00:00:00Z,968969
2021-11-24T00:00:00Z,1065002
2021-11-23T00:00:00Z,912596
2021-11-22T00:00:00Z,923232
2021-11-21T00:00:00Z,847277
2021-11-20T00:00:00Z,852675
2021-11-19T00:00:00Z,968222
2021-11-18T00:00:00Z,983603
2021-11-17T00:00:00Z,997849
2021-11-16T00:00:00Z,1029747
2021-11-15T00:00:00Z,1070653
2021-11-14T00:00:00Z,806850
2021-11-13T00:00:00Z,835397
2021-11-12T00:00:00Z,952469
2021-11-11T00:00:00Z,1040620
2021-11-10T00:00:00Z,1033037
2021-11-09T00:00:00Z,1190205
2021-11-08T00:00:00Z,992966
2021-11-07T00:00:00Z,834189
2021-11-06T00:00:00Z,826628
2021-11-05T00:00:00Z,1043145
2021-11-04T00:00:00Z,1002073
2021-11-03T00:00:00Z,1052028
2021-11-02T00:00:00Z,1032974
2021-11-01T00:00:00Z,1067992
2021-10-31T00:00:00Z,876506
2021-10-30T00:00:00Z,904712
2021-10-29T00:00:00Z,1008747
2021-10-28T00:00:00Z,1038068
2021-10-27T00:00:00Z,967838
2021-10-26T00:00:00Z,985103
2021-10-25T00:00:00Z,1065991
2021-10-24T00:00:00Z,743291
2021-10-23T00:00:00Z,814841
2021-10-22T00:00:00Z,970470
2021-10-21T00:00:00Z,1127776
2021-10-20T00:00:00Z,965091
2021-10-19T00:00:00Z,1075780
2021-10-18T00:00:00Z,984997
2021-10-17T00:00:00Z,827891
2021-10-16T00:00:00Z,944641
2021-10-15T00:00:00Z,1023379
2021-10-14T00:00:00Z,988882
2021-10-13T00:00:00Z,990490
2021-10-12T00:00:00Z,953468
2021-10-11T00:00:00Z,1011942
2021-10-10T00:00:00Z,793259
2021-10-09T00:00:00Z,987157
2021-10-08T00:00:00Z,981410
2021-10-07T00:00:00Z,1142928
2021-10-06T00:00:00Z,893976
2021-10-05T00:00:00Z,1042508
2021-10-04T00:00:00Z,1027955
2021-10-03T00:00:00Z,802798
2021-10-02T00:00:00Z,963418
2021-10-01T00:00:00Z,955027
2021-09-30T00:00:00Z,1068702
2021-09-29T00:00:00Z,832582
2021-09-28T00:00:00Z,921636
2021-09-27T00:00:00Z,882985
2021-09-26T00:00:00Z,707218
2021-09-25T00:00:00Z,708405
2021-09-24T00:00:00Z,962186
2021-09-23T00:00:00Z,900349
2021-09-22T00:00:00Z,902630
2021-09-21T00:00:00Z,839076
2021-09-20T00:00:00Z,1007693
2021-09-19T00:00:00Z,711318
2021-09-18T00:00:00Z,820746
2021-09-17T00:00:00Z,935439
2021-09-16T00:00:00Z,1028195
2021-09-15T00:00:00Z,975679
2021-09-14T00:00:00Z,940201
2021-09-13T00:00:00Z,915749
2021-09-12T00:00:00Z,701498
2021-09-11T00:00:00Z,846299
2021-09-10T00:00:00Z,899440
2021-09-09T00:00:00Z,933429
2021-09-08T00:00:00Z,904573
2021-09-07T00:00:00Z,933129
2021-09-06T00:00:00Z,963737
2021-09-05T00:00:00Z,728706
2021-09-04T00:00:00Z,787632
2021-09-03T00:00:00Z,1013308
2021-09-02T00:00:00Z,1019123
2021-09-01T00:00:00Z,962164
2021-08-31T00:00:00Z,925824
2021-08-30T00:00:00Z,908062
2021-08-29T00:00:00Z,671284
2021-08-28T00:00:00Z,744768
2021-08-27T00:00:00Z,852663
2021-08-26T00:00:00Z,833562
2021-08-25T00:00:00Z,859741
2021-08-24T00:00:00Z,947467
2021-08-23T00:00:00Z,973854
2021-08-22T00:00:00Z,716084
2021-08-21T00:00:00Z,797184
2021-08-20T00:00:00Z,980841
2021-08-19T00:00:00Z,888604
2021-08-18T00:00:00Z,875674
2021-08-17T00:00:00Z,962796
2021-08-16T00:00:00Z,959290
2021-08-15T00:00:00Z,758321
2021-08-14T00:00:00Z,719720
2021-08-13T00:00:00Z,931288
2021-08-12T00:00:00Z,841072
2021-08-11T00:00:00Z,867556
2021-08-10T00:00:00Z,887854
2021-08-09T00:00:00Z,922233
2021-08-08T00:00:00Z,722866
2021-08-07T00:00:00Z,738955
2021-08-06T00:00:00Z,898793
2021-08-05T00:00:00Z,846781
2021-08-04T00:00:00Z,847189
2021-08-03T00:00:00Z,823257
2021-08-02T00:00:00Z,909840
2021-08-01T00:00:00Z,680271
2021-07-31T00:00:00Z,732373
2021-07-30T00:00:00Z,850139
2021-07-29T00:00:00Z,883075
2021-07-28T00:00:00Z,858734
2021-07-27T00:00:00Z,913242
2021-07-26T00:00:00Z,938943
2021-07-25T00:00:00Z,648144
2021-07-24T00:00:00Z,719171
2021-07-23T00:00:00Z,796279
2021-07-22T00:00:00Z,802126
2021-07-21T00:00:00Z,811204
2021-07-20T00:00:00Z,823996
2021-07-19T00:00:00Z,843762
2021-07-18T00:00:00Z,639766
2021-07-17T00:00:00Z,641144
2021-07-16T00:00:00Z,764281
2021-07-15T00:00:00Z,833330
2021-07-14T00:00:00Z,819554
2021-07-13T00:00:00Z,812757
2021-07-12T00:00:00Z,821413
2021-07-11T00:00:00Z,712215
2021-07-10T00:00:00Z,699116
2021-07-09T00:00:00Z,841440
2021-07-08T00:00:00Z,800772
2021-07-07T00:00:00Z,812879
2021-07-06T00:00:00Z,838268
2021-07-05T00:00:00Z,920372
2021-07-04T00:00:00Z,850495
2021-07-03T00:00:00Z,1022355
2021-07-02T00:00:00Z,809808
2021-07-01T00:00:00Z,831221
2021-06-30T00:00:00Z,775122
2021-06-29T00:00:00Z,800655
2021-06-28T00:00:00Z,787774
2021-06-27T00:00:00Z,505311
2021-06-26T00:00:00Z,714973
2021-06-25T00:00:00Z,864250
2021-06-24T00:00:00Z,859120
2021-06-23T00:00:00Z,853832
2021-06-22T00:00:00Z,774373
2021-06-21T00:00:00Z,823425
2021-06-20T00:00:00Z,651968
2021-06-19T00:00:00Z,693951
2021-06-18T00:00:00Z,816938
2021-06-17T00:00:00Z,864260
2021-06-16T00:00:00Z,951336
2021-06-15T00:00:00Z,982687
2021-06-14T00:00:00Z,950563
2021-06-13T00:00:00Z,798375
2021-06-12T00:00:00Z,1009291
2021-06-11T00:00:00Z,887279
2021-06-10T00:00:00Z,943006
2021-06-09T00:00:00Z,815586
2021-06-08T00:00:00Z,1002121
2021-06-07T00:00:00Z,907296
2021-06-06T00:00:00Z,715955
2021-06-05T00:00:00Z,772685
2021-06-04T00:00:00Z,916658
2021-06-03T00:00:00Z,1016686
2021-06-02T00:00:00Z,1082877
2021-06-01T00:00:00Z,917355
2021-05-31T00:00:00Z,977201
2021-05-30T00:00:00Z,992262
2021-05-29T00:00:00Z,870421
2021-05-28T00:00:00Z,968623
2021-05-27T00:00:00Z,863228
2021-05-26T00:00:00Z,940636
2021-05-25T00:00:00Z,972853
2021-05-24T00:00:00Z,972316
2021-05-23T00:00:00Z,963625
2021-05-22T00:00:00Z,917816
2021-05-21T00:00:00Z,947769
2021-05-20T00:00:00Z,943409
2021-05-19T00:00:00Z,1025227
2021-05-18T00:00:00Z,855449
2021-05-17T00:00:00Z,958102
2021-05-16T00:00:00Z,974661
2021-05-15T00:00:00Z,960854
2021-05-14T00:00:00Z,1069162
2021-05-13T00:00:00Z,1188830
2021-05-12T00:00:00Z,1262008
2021-05-11T00:00:00Z,1244515
2021-05-10T00:00:00Z,1312253
2021-05-09T00:00:00Z,1236401
2021-05-08T00:00:00Z,1172111
2021-05-07T00:00:00Z,1188301
2021-05-06T00:00:00Z,1236919
2021-05-05T00:00:00Z,1210517
2021-05-04T00:00:00Z,1288588
2021-05-03T00:00:00Z,1266265
2021-05-02T00:00:00Z,1243802
2021-05-01T00:00:00Z,1048168
2021-04-30T00:00:00Z,1116459
2021-04-29T00:00:00Z,993072
2021-04-28T00:00:00Z,1115073
2021-04-27T00:00:00Z,1092433
2021-04-26T00:00:00Z,944641
2021-04-25T00:00:00Z,1027850
2021-04-24T00:00:00Z,1123937
2021-04-23T00:00:00Z,1117128
2021-04-22T00:00:00Z,1120306
2021-04-21T00:00:00Z,923291
2021-04-20T00:00:00Z,1123407
2021-04-19T00:00:00Z,886617
2021-04-18T00:00:00Z,1046281
2021-04-17T00:00:00Z,839769
2021-04-16T00:00:00Z,935909
2021-04-15T00:00:00Z,1362778
2021-04-14T00:00:00Z,1152031
2021-04-13T00:00:00Z,1173976
2021-04-12T00:00:00Z,1123916
2021-04-11T00:00:00Z,1049543
2021-04-10T00:00:00Z,1160199
2021-04-09T00:00:00Z,1223064
2021-04-08T00:00:00Z,1095111
2021-04-07T00:00:00Z,1242652
2021-04-06T00:00:00Z,1191972
2021-04-05T00:00:00Z,1222966
2021-04-04T00:00:00Z,1037273
2021-04-03T00:00:00Z,1024877
2021-04-02T00:00:00Z,1105975
2021-04-01T00:00:00Z,1137575
2021-03-31T00:00:00Z,1245153
2021-03-30T00:00:00Z,1150667
2021-03-29T00:00:00Z,1116535
2021-03-28T00:00:00Z,1070155
2021-03-27T00:00:00Z,1149821
2021-03-26T00:00:00Z,1094374
2021-03-25T00:00:00Z,1207004
2021-03-24T00:00:00Z,1157957
2021-03-23T00:00:00Z,1237248
2021-03-22T00:00:00Z,1145951
2021-03-21T00:00:00Z,1101143
2021-03-20T00:00:00Z,1134595
2021-03-19T00:00:00Z,1162160
2021-03-18T00:00:00Z,1210098
2021-03-17T00:00:00Z,1122035
2021-03-16T00:00:00Z,1161562
2021-03-15T00:00:00Z,1165698
2021-03-14T00:00:00Z,1162447
2021-03-13T00:00:00Z,1110685
2021-03-12T00:00:00Z,1184501
2021-03-11T00:00:00Z,1082305
2021-03-10T00:00:00Z,1178319
2021-03-09T00:00:00Z,1087024
2021-03-08T00:00:00Z,1170140
2021-03-07T00:00:00Z,1046348
2021-03-06T00:00:00Z,1128235
2021-03-05T00:00:00Z,1164414
2021-03-04T00:00:00Z,1042708
2021-03-03T00:00:00Z,1182148
2021-03-02T00:00:00Z,1130633
2021-03-01T00:00:00Z,1085604
2021-02-28T00:00:00Z,1029358
2021-02-27T00:00:00Z,1200761
2021-02-26T00:00:00Z,1120916
2021-02-25T00:00:00Z,1215099
2021-02-24T00:00:00Z,1236735
2021-02-23T00:00:00Z,1058649
2021-02-22T00:00:00Z,1094544
2021-02-21T00:00:00Z,1041994
2021-02-20T00:00:00Z,1189479
2021-02-19T00:00:00Z,1246505
2021-02-18T00:00:00Z,1138757
2021-02-17T00:00:00Z,1138584
2021-02-16T00:00:00Z,991954
2021-02-15T00:00:00Z,1142376
2021-02-14T00:00:00Z,1114654
2021-02-13T00:00:00Z,1220392
2021-02-12T00:00:00Z,1149357
2021-02-11T00:00:00Z,1063768
2021-02-10T00:00:00Z,1185265
2021-02-09T00:00:00Z,1179907
2021-02-08T00:00:00Z,1243518
2021-02-07T00:00:00Z,1151235
2021-02-06T00:00:00Z,1159389
2021-02-05T00:00:00Z,1256485
2021-02-04T00:00:00Z,1229557
2021-02-03T00:00:00Z,1189221
2021-02-02T00:00:00Z,1211761
2021-02-01T00:00:00Z,981062
2021-01-31T00:00:00Z,1076392
2021-01-30T00:00:00Z,1085214
2021-01-29T00:00:00Z,1213506
2021-01-28T00:00:00Z,1097518
2021-01-27T00:00:00Z,1102173
2021-01-26T00:00:00Z,1180058
2021-01-25T00:00:00Z,1118502
2021-01-24T00:00:00Z,999640
2021-01-23T00:00:00Z,1135774
2021-01-22T00:00:00Z,1098284
2021-01-21T00:00:00Z,1071968
2021-01-20T00:00:00Z,1092200
2021-01-19T00:00:00Z,1101158
2021-01-18T00:00:00Z,1082382
2021-01-17T00:00:00Z,1008700
2021-01-16T00:00:00Z,1114572
2021-01-15T00:00:00Z,1204511
2021-01-14T00:00:00Z,1166587
2021-01-13T00:00:00Z,1164134
2021-01-12T00:00:00Z,1209837
2021-01-11T00:00:00Z,1206931
2021-01-10T00:00:00Z,1179143
2021-01-09T00:00:00Z,1099492
2021-01-08T00:00:00Z,1235794
2021-01-07T00:00:00Z,1291190
2021-01-06T00:00:00Z,1343930
2021-01-05T00:00:00Z,1234251
2021-01-04T00:00:00Z,1274847
2021-01-03T00:00:00Z,1188464
2021-01-02T00:00:00Z,1138638
2021-01-01T00:00:00Z,996196
2020-12-31T00:00:00Z,1203679
2020-12-30T00:00:00Z,1215763
2020-12-29T00:00:00Z,1150748
2020-12-28T00:00:00Z,1144976
2020-12-27T00:00:00Z,1060073
2020-12-26T00:00:00Z,949571
2020-12-25T00:00:00Z,1025889
2020-12-24T00:00:00Z,972144
2020-12-23T00:00:00Z,1131843
2020-12-22T00:00:00Z,1099362
2020-12-21T00:00:00Z,1125450
2020-12-20T00:00:00Z,1078253
2020-12-19T00:00:00Z,1165906
2020-12-18T00:00:00Z,1193446
2020-12-17T00:00:00Z,1068922
2020-12-16T00:00:00Z,1093062
2020-12-15T00:00:00Z,1047013
2020-12-14T00:00:00Z,978888
2020-12-13T00:00:00Z,943861
2020-12-12T00:00:00Z,963463
2020-12-11T00:00:00Z,1075108
2020-12-10T00:00:00Z,993043
2020-12-09T00:00:00Z,1058492
2020-12-08T00:00:00Z,1060856
2020-12-07T00:00:00Z,1014443
2020-12-06T00:00:00Z,911087
2020-12-05T00:00:00Z,1074615
2020-12-04T00:00:00Z,1073953
2020-12-03T00:00:00Z,1169707
2020-12-02T00:00:00Z,1018310
2020-12-01T00:00:00Z,1170494
2020-11-30T00:00:00Z,889644
2020-11-29T00:00:00Z,884136
2020-11-28T00:00:00Z,1043286
2020-11-27T00:00:00Z,1098305
2020-11-26T00:00:00Z,1119870
2020-11-25T00:00:00Z,1129786
2020-11-24T00:00:00Z,1057101
2020-11-23T00:00:00Z,1002388
2020-11-22T00:00:00Z,866490
2020-11-21T00:00:00Z,1018157
2020-11-20T00:00:00Z,1182436
2020-11-19T00:00:00Z,1058696
2020-11-18T00:00:00Z,1187950
2020-11-17T00:00:00Z,1134744
2020-11-16T00:00:00Z,1036970
2020-11-15T00:00:00Z,859876
2020-11-14T00:00:00Z,916250
2020-11-13T00:00:00Z,1001908
2020-11-12T00:00:00Z,1050344
2020-11-11T00:00:00Z,1016056
2020-11-10T00:00:00Z,1023184
2020-11-09T00:00:00Z,1201534
2020-11-08T00:00:00Z,926627
2020-11-07T00:00:00Z,1053464
2020-11-06T00:00:00Z,1084929
2020-11-05T00:00:00Z,1069913
2020-11-04T00:00:00Z,1169317
2020-11-03T00:00:00Z,1033213
2020-11-02T00:00:00Z,778653
2020-11-01T00:00:00Z,891916
2020-10-31T00:00:00Z,882394
2020-10-30T00:00:00Z,897889
2020-10-29T00:00:00Z,890326
2020-10-28T00:00:00Z,818954
2020-10-27T00:00:00Z,827578
2020-10-26T00:00:00Z,824534
2020-10-25T00:00:00Z,853445
2020-10-24T00:00:00Z,1097115
2020-10-23T00:00:00Z,986600
2020-10-22T00:00:00Z,1048148
2020-10-21T00:00:00Z,1010645
2020-10-20T00:00:00Z,1012552
2020-10-19T00:00:00Z,932636
2020-10-18T00:00:00Z,730447
2020-10-17T00:00:00Z,847038
2020-10-16T00:00:00Z,988351
2020-10-15T00:00:00Z,1040537
2020-10-14T00:00:00Z,938247
2020-10-13T00:00:00Z,1058044
2020-10-12T00:00:00Z,940767
2020-10-11T00:00:00Z,794428
2020-10-10T00:00:00Z,914134
2020-10-09T00:00:00Z,1007260
2020-10-08T00:00:00Z,1039059
2020-10-07T00:00:00Z,1065078
2020-10-06T00:00:00Z,978442
2020-10-05T00:00:00Z,945311
2020-10-04T00:00:00Z,917215
2020-10-03T00:00:00Z,1013419
2020-10-02T00:00:00Z,988351
2020-10-01T00:00:00Z,931042
2020-09-30T00:00:00Z,1118934
2020-09-29T00:00:00Z,1004386
2020-09-28T00:00:00Z,872095
2020-09-27T00:00:00Z,786826
2020-09-26T00:00:00Z,951447
2020-09-25T00:00:00Z,1148110
2020-09-24T00:00:00Z,945654
2020-09-23T00:00:00Z,1016914
2020-09-22T00:00:00Z,970779
2020-09-21T00:00:00Z,945411
2020-09-20T00:00:00Z,806738
2020-09-19T00:00:00Z,901626
2020-09-18T00:00:00Z,972241
2020-09-17T00:00:00Z,1108605
2020-09-16T00:00:00Z,1068302
2020-09-15T00:00:00Z,969283
2020-09-14T00:00:00Z,1023205
2020-09-13T00:00:00Z,791795
2020-09-12T00:00:00Z,900122
2020-09-11T00:00:00Z,961917
2020-09-10T00:00:00Z,1097739
2020-09-09T00:00:00Z,965169
2020-09-08T00:00:00Z,980359
2020-09-07T00:00:00Z,1088285
2020-09-06T00:00:00Z,992020
2020-09-05T00:00:00Z,980206
2020-09-04T00:00:00Z,1008089
2020-09-03T00:00:00Z,980459
2020-09-02T00:00:00Z,1027536
2020-09-01T00:00:00Z,1082543
2020-08-31T00:00:00Z,924454
2020-08-30T00:00:00Z,829980
2020-08-29T00:00:00Z,974900
2020-08-28T00:00:00Z,1080168
2020-08-27T00:00:00Z,954574
2020-08-26T00:00:00Z,1032473
2020-08-25T00:00:00Z,953519
2020-08-24T00:00:00Z,933412
2020-08-23T00:00:00Z,914516
2020-08-22T00:00:00Z,955075
2020-08-21T00:00:00Z,1090646
2020-08-20T00:00:00Z,997645
2020-08-19T00:00:00Z,979273
2020-08-18T00:00:00Z,1017003
2020-08-17T00:00:00Z,882281
2020-08-16T00:00:00Z,886146
2020-08-15T00:00:00Z,975743
2020-08-14T00:00:00Z,1089027
2020-08-13T00:00:00Z,946687
2020-08-12T00:00:00Z,1057502
2020-08-11T00:00:00Z,1086945
2020-08-10T00:00:00Z,972715
2020-08-09T00:00:00Z,905680
2020-08-08T00:00:00Z,950898
2020-08-07T00:00:00Z,1051827
2020-08-06T00:00:00Z,1126579
2020-08-05T00:00:00Z,955270
2020-08-04T00:00:00Z,995799
2020-08-03T00:00:00Z,1080032
2020-08-02T00:00:00Z,952145
2020-08-01T00:00:00Z,958510
2020-07-31T00:00:00Z,1061455
2020-07-30T00:00:00Z,968143
2020-07-29T00:00:00Z,1044217
2020-07-28T00:00:00Z,1055938
2020-07-27T00:00:00Z,1021510
2020-07-26T00:00:00Z,997871
2020-07-25T00:00:00Z,973436
2020-07-24T00:00:00Z,1081597
2020-07-23T00:00:00Z,983791
2020-07-22T00:00:00Z,1019890
2020-07-21T00:00:00Z,923970
2020-07-20T00:00:00Z,939138
2020-07-19T00:00:00Z,874309
2020-07-18T00:00:00Z,890801
2020-07-17T00:00:00Z,854373
2020-07-16T00:00:00Z,969565
2020-07-15T00:00:00Z,966108
2020-07-14T00:00:00Z,1003319
2020-07-13T00:00:00Z,907523
2020-07-12T00:00:00Z,744446
2020-07-11T00:00:00Z,879035
2020-07-10T00:00:00Z,983997
2020-07-09T00:00:00Z,1041620
2020-07-08T00:00:00Z,1016237
2020-07-07T00:00:00Z,970602
2020-07-06T00:00:00Z,993238
2020-07-05T00:00:00Z,765090
2020-07-04T00:00:00Z,805246
2020-07-03T00:00:00Z,945298
2020-07-02T00:00:00Z,959783
2020-07-01T00:00:00Z,1083565
2020-06-30T00:00:00Z,930951
2020-06-29T00:00:00Z,942483
2020-06-28T00:00:00Z,687107
2020-06-27T00:00:00Z,773658
2020-06-26T00:00:00Z,934311
2020-06-25T00:00:00Z,890842
2020-06-24T00:00:00Z,927355
2020-06-23T00:00:00Z,1035746
2020-06-22T00:00:00Z,837555
2020-06-21T00:00:00Z,713570
2020-06-20T00:00:00Z,769124
2020-06-19T00:00:00Z,952295
2020-06-18T00:00:00Z,848169
2020-06-17T00:00:00Z,924734
2020-06-16T00:00:00Z,984152
2020-06-15T00:00:00Z,866389
2020-06-14T00:00:00Z,688469
2020-06-13T00:00:00Z,809580
2020-06-12T00:00:00Z,918566
2020-06-11T00:00:00Z,1040251
2020-06-10T00:00:00Z,907703
2020-06-09T00:00:00Z,928293
2020-06-08T00:00:00Z,967885
2020-06-07T00:00:00Z,687135
2020-06-06T00:00:00Z,776336
2020-06-05T00:00:00Z,913740
2020-06-04T00:00:00Z,902332
2020-06-03T00:00:00Z,954700
2020-06-02T00:00:00Z,896079
2020-06-01T00:00:00Z,880916
2020-05-31T00:00:00Z,793690
2020-05-30T00:00:00Z,904554
2020-05-29T00:00:00Z,851434
2020-05-28T00:00:00Z,866829
2020-05-27T00:00:00Z,906221
2020-05-26T00:00:00Z,869814
2020-05-25T00:00:00Z,823000
2020-05-24T00:00:00Z,808253
2020-05-23T00:00:00Z,849490
2020-05-22T00:00:00Z,797311
2020-05-21T00:00:00Z,922403
2020-05-20T00:00:00Z,876746
2020-05-19T00:00:00Z,890228
2020-05-18T00:00:00Z,964207
2020-05-17T00:00:00Z,769754
2020-05-16T00:00:00Z,879033
2020-05-15T00:00:00Z,896259
2020-05-14T00:00:00Z,881299
2020-05-13T00:00:00Z,854780
2020-05-12T00:00:00Z,958684
2020-05-11T00:00:00Z,990656
2020-05-10T00:00:00Z,872997
2020-05-09T00:00:00Z,913700
2020-05-08T00:00:00Z,952938
2020-05-07T00:00:00Z,1011692
2020-05-06T00:00:00Z,974468
2020-05-05T00:00:00Z,971846
2020-05-04T00:00:00Z,893446
2020-05-03T00:00:00Z,906311
2020-05-02T00:00:00Z,989270
2020-05-01T00:00:00Z,944673
2020-04-30T00:00:00Z,949648
2020-04-29T00:00:00Z,910176
2020-04-28T00:00:00Z,932436
2020-04-27T00:00:00Z,874529
2020-04-26T00:00:00Z,706086
2020-04-25T00:00:00Z,826119
2020-04-24T00:00:00Z,895121
2020-04-23T00:00:00Z,942805
2020-04-22T00:00:00Z,748474
2020-04-21T00:00:00Z,816156
2020-04-20T00:00:00Z,851024
2020-04-19T00:00:00Z,710286
2020-04-18T00:00:00Z,865593
2020-04-17T00:00:00Z,849150
2020-04-16T00:00:00Z,869818
2020-04-15T00:00:00Z,934898
2020-04-14T00:00:00Z,826329
2020-04-13T00:00:00Z,778333
2020-04-12T00:00:00Z,606014
2020-04-11T00:00:00Z,632960
2020-04-10T00:00:00Z,739564
2020-04-09T00:00:00Z,724015
2020-04-08T00:00:00Z,776632
2020-04-07T00:00:00Z,945739
2020-04-06T00:00:00Z,771477
2020-04-05T00:00:00Z,596653
2020-04-04T00:00:00Z,655946
2020-04-03T00:00:00Z,754394
2020-04-02T00:00:00Z,803864
2020-04-01T00:00:00Z,808470
2020-03-31T00:00:00Z,821829
2020-03-30T00:00:00Z,777776
2020-03-29T00:00:00Z,579531
2020-03-28T00:00:00Z,625438
2020-03-27T00:00:00Z,839424
2020-03-26T00:00:00Z,882429
2020-03-25T00:00:00Z,591890
2020-03-24T00:00:00Z,732068
2020-03-23T00:00:00Z,681613
2020-03-22T00:00:00Z,553441
2020-03-21T00:00:00Z,659069
2020-03-20T00:00:00Z,735362
2020-03-19T00:00:00Z,713007
2020-03-18T00:00:00Z,629269
2020-03-17T00:00:00Z,759835
2020-03-16T00:00:00Z,729762
2020-03-15T00:00:00Z,643416
2020-03-14T00:00:00Z,765693
2020-03-13T00:00:00Z,781826
2020-03-12T00:00:00Z,917475
2020-03-11T00:00:00Z,717222
2020-03-10T00:00:00Z,815212
2020-03-09T00:00:00Z,812725
2020-03-08T00:00:00Z,643997
2020-03-07T00:00:00Z,680477
2020-03-06T00:00:00Z,806405
2020-03-05T00:00:00Z,625612
2020-03-04T00:00:00Z,875557
2020-03-03T00:00:00Z,838610
2020-03-02T00:00:00Z,822602
2020-03-01T00:00:00Z,671887
2020-02-29T00:00:00Z,673535
2020-02-28T00:00:00Z,797714
2020-02-27T00:00:00Z,774276
2020-02-26T00:00:00Z,773386
2020-02-25T00:00:00Z,736787
2020-02-24T00:00:00Z,759278
2020-02-23T00:00:00Z,608578
2020-02-22T00:00:00Z,677122
2020-02-21T00:00:00Z,770778
2020-02-20T00:00:00Z,766668
2020-02-19T00:00:00Z,791503
2020-02-18T00:00:00Z,784419
2020-02-17T00:00:00Z,776167
2020-02-16T00:00:00Z,640007
2020-02-15T00:00:00Z,755098
2020-02-14T00:00:00Z,729019
2020-02-13T00:00:00Z,829741
2020-02-12T00:00:00Z,813663
2020-02-11T00:00:00Z,892364
2020-02-10T00:00:00Z,708223
2020-02-09T00:00:00Z,686025
2020-02-08T00:00:00Z,723083
2020-02-07T00:00:00Z,868595
2020-02-06T00:00:00Z,749134
2020-02-05T00:00:00Z,837539
2020-02-04T00:00:00Z,768229
2020-02-03T00:00:00Z,865001
2020-02-02T00:00:00Z,727241
2020-02-01T00:00:00Z,720057
2020-01-31T00:00:00Z,772893
2020-01-30T00:00:00Z,763787
2020-01-29T00:00:00Z,776162
2020-01-28T00:00:00Z,823225
2020-01-27T00:00:00Z,702919
2020-01-26T00:00:00Z,573743
2020-01-25T00:00:00Z,650863
2020-01-24T00:00:00Z,733016
2020-01-23T00:00:00Z,768894
2020-01-22T00:00:00Z,783830
2020-01-21T00:00:00Z,757024
2020-01-20T00:00:00Z,736441
2020-01-19T00:00:00Z,636701
2020-01-18T00:00:00Z,634565
2020-01-17T00:00:00Z,757453
2020-01-16T00:00:00Z,741782
2020-01-15T00:00:00Z,769964
2020-01-14T00:00:00Z,852445
2020-01-13T00:00:00Z,682404
2020-01-12T00:00:00Z,590374
2020-01-11T00:00:00Z,655710
2020-01-10T00:00:00Z,784614
2020-01-09T00:00:00Z,780274
2020-01-08T00:00:00Z,745784
2020-01-07T00:00:00Z,771658
2020-01-06T00:00:00Z,724306
2020-01-05T00:00:00Z,596340
2020-01-04T00:00:00Z,615787
2020-01-03T00:00:00Z,712212
2020-01-02T00:00:00Z,678392
2020-01-01T00:00:00Z,522168
2019-12-31T00:00:00Z,669836
2019-12-30T00:00:00Z,730522
2019-12-29T00:00:00Z,587289
2019-12-28T00:00:00Z,630088
2019-12-27T00:00:00Z,706116
2019-12-26T00:00:00Z,639350
2019-12-25T00:00:00Z,543220
2019-12-24T00:00:00Z,668281
2019-12-23T00:00:00Z,706461
2019-12-22T00:00:00Z,586703
2019-12-21T00:00:00Z,621622
2019-12-20T00:00:00Z,711789
2019-12-19T00:00:00Z,728848
2019-12-18T00:00:00Z,743777
2019-12-17T00:00:00Z,891039
2019-12-16T00:00:00Z,793630
2019-12-15T00:00:00Z,645548
2019-12-14T00:00:00Z,630775
2019-12-13T00:00:00Z,729491
2019-12-12T00:00:00Z,723511
2019-12-11T00:00:00Z,793441
2019-12-10T00:00:00Z,803303
2019-12-09T00:00:00Z,784036
2019-12-08T00:00:00Z,587615
2019-12-07T00:00:00Z,658981
2019-12-06T00:00:00Z,743973
2019-12-05T00:00:00Z,730613
2019-12-04T00:00:00Z,758379
2019-12-03T00:00:00Z,753760
2019-12-02T00:00:00Z,736979
2019-12-01T00:00:00Z,607737
2019-11-30T00:00:00Z,677656
2019-11-29T00:00:00Z,735146
2019-11-28T00:00:00Z,703998
2019-11-27T00:00:00Z,827228
2019-11-26T00:00:00Z,785864
2019-11-25T00:00:00Z,665246
2019-11-24T00:00:00Z,559893
2019-11-23T00:00:00Z,673391
2019-11-22T00:00:00Z,808622
2019-11-21T00:00:00Z,793358
2019-11-20T00:00:00Z,701264
2019-11-19T00:00:00Z,831643
2019-11-18T00:00:00Z,687896
2019-11-17T00:00:00Z,596022
2019-11-16T00:00:00Z,681650
2019-11-15T00:00:00Z,764275
2019-11-14T00:00:00Z,748626
2019-11-13T00:00:00Z,761880
2019-11-12T00:00:00Z,678955
2019-11-11T00:00:00Z,698264
2019-11-10T00:00:00Z,585409
2019-11-09T00:00:00Z,728801
2019-11-08T00:00:00Z,723610
2019-11-07T00:00:00Z,786057
2019-11-06T00:00:00Z,837371
2019-11-05T00:00:00Z,792812
2019-11-04T00:00:00Z,743530
2019-11-03T00:00:00Z,626689
2019-11-02T00:00:00Z,630465
2019-11-01T00:00:00Z,795079
2019-10-31T00:00:00Z,703141
2019-10-30T00:00:00Z,725871
2019-10-29T00:00:00Z,727817
2019-10-28T00:00:00Z,752676
2019-10-27T00:00:00Z,591957
2019-10-26T00:00:00Z,767837
2019-10-25T00:00:00Z,789550
2019-10-24T00:00:00Z,713982
2019-10-23T00:00:00Z,744132
2019-10-22T00:00:00Z,725915
2019-10-21T00:00:00Z,736594
2019-10-20T00:00:00Z,568269
2019-10-19T00:00:00Z,632139
2019-10-18T00:00:00Z,675694
2019-10-17T00:00:00Z,727637
2019-10-16T00:00:00Z,737761
2019-10-15T00:00:00Z,707906
2019-10-14T00:00:00Z,693483
2019-10-13T00:00:00Z,541139
2019-10-12T00:00:00Z,590439
2019-10-11T00:00:00Z,726807
2019-10-10T00:00:00Z,733534
2019-10-09T00:00:00Z,700147
2019-10-08T00:00:00Z,719574
2019-10-07T00:00:00Z,736371
2019-10-06T00:00:00Z,563665
2019-10-05T00:00:00Z,633816
2019-10-04T00:00:00Z,712820
2019-10-03T00:00:00Z,704751
2019-10-02T00:00:00Z,714454
2019-10-01T00:00:00Z,772742
2019-09-30T00:00:00Z,740484
2019-09-29T00:00:00Z,560917
2019-09-28T00:00:00Z,629982
2019-09-27T00:00:00Z,701101
2019-09-26T00:00:00Z,747716
2019-09-25T00:00:00Z,799468
2019-09-24T00:00:00Z,836549
2019-09-23T00:00:00Z,724610
2019-09-22T00:00:00Z,596346
2019-09-21T00:00:00Z,644728
2019-09-20T00:00:00Z,731508
2019-09-19T00:00:00Z,731760
2019-09-18T00:00:00Z,859200
2019-09-17T00:00:00Z,783196
2019-09-16T00:00:00Z,773306
2019-09-15T00:00:00Z,562238
2019-09-14T00:00:00Z,659001
2019-09-13T00:00:00Z,761742
2019-09-12T00:00:00Z,749285
2019-09-11T00:00:00Z,795971
2019-09-10T00:00:00Z,807317
2019-09-09T00:00:00Z,765863
2019-09-08T00:00:00Z,568191
2019-09-07T00:00:00Z,617442
2019-09-06T00:00:00Z,789916
2019-09-05T00:00:00Z,736089
2019-09-04T00:00:00Z,747327
2019-09-03T00:00:00Z,799882
2019-09-02T00:00:00Z,725197
2019-09-01T00:00:00Z,566105
2019-08-31T00:00:00Z,605843
2019-08-30T00:00:00Z,729208
2019-08-29T00:00:00Z,735860
2019-08-28T00:00:00Z,713002
2019-08-27T00:00:00Z,728435
2019-08-26T00:00:00Z,747739
2019-08-25T00:00:00Z,521399
2019-08-24T00:00:00Z,701311
2019-08-23T00:00:00Z,790328
2019-08-22T00:00:00Z,826533
2019-08-21T00:00:00Z,770011
2019-08-20T00:00:00Z,751190
2019-08-19T00:00:00Z,700842
2019-08-18T00:00:00Z,534668
2019-08-17T00:00:00Z,572536
2019-08-16T00:00:00Z,693285
2019-08-15T00:00:00Z,713758
2019-08-14T00:00:00Z,761112
2019-08-13T00:00:00Z,874350
2019-08-12T00:00:00Z,644677
2019-08-11T00:00:00Z,547312
2019-08-10T00:00:00Z,613419
2019-08-09T00:00:00Z,749824
2019-08-08T00:00:00Z,820883
2019-08-07T00:00:00Z,809610
2019-08-06T00:00:00Z,858666
2019-08-05T00:00:00Z,795985
2019-08-04T00:00:00Z,583096
2019-08-03T00:00:00Z,625762
2019-08-02T00:00:00Z,775877
2019-08-01T00:00:00Z,760278
2019-07-31T00:00:00Z,777284
2019-07-30T00:00:00Z,744134
2019-07-29T00:00:00Z,725281
2019-07-28T00:00:00Z,530868
2019-07-27T00:00:00Z,586285
2019-07-26T00:00:00Z,754327
2019-07-25T00:00:00Z,777045
2019-07-24T00:00:00Z,718478
2019-07-23T00:00:00Z,711421
2019-07-22T00:00:00Z,706006
2019-07-21T00:00:00Z,542507
2019-07-20T00:00:00Z,719972
2019-07-19T00:00:00Z,741198
2019-07-18T00:00:00Z,740081
2019-07-17T00:00:00Z,740530
2019-07-16T00:00:00Z,786204
2019-07-15T00:00:00Z,757234
2019-07-14T00:00:00Z,592146
2019-07-13T00:00:00Z,656426
2019-07-12T00:00:00Z,907403
2019-07-11T00:00:00Z,777672
2019-07-10T00:00:00Z,798533
2019-07-09T00:00:00Z,819099
2019-07-08T00:00:00Z,830651
2019-07-07T00:00:00Z,604469
2019-07-06T00:00:00Z,679459
2019-07-05T00:00:00Z,820571
2019-07-04T00:00:00Z,822481
2019-07-03T00:00:00Z,894230
2019-07-02T00:00:00Z,896391
2019-07-01T00:00:00Z,834139
2019-06-30T00:00:00Z,672872
2019-06-29T00:00:00Z,853702
2019-06-28T00:00:00Z,1008354
2019-06-27T00:00:00Z,891787
2019-06-26T00:00:00Z,1038146
2019-06-25T00:00:00Z,914861
2019-06-24T00:00:00Z,967261
2019-06-23T00:00:00Z,894877
2019-06-22T00:00:00Z,846364
2019-06-21T00:00:00Z,840332
2019-06-20T00:00:00Z,827052
2019-06-19T00:00:00Z,902831
2019-06-18T00:00:00Z,951760
2019-06-17T00:00:00Z,797798
2019-06-16T00:00:00Z,697143
2019-06-15T00:00:00Z,862368
2019-06-14T00:00:00Z,1033167
2019-06-13T00:00:00Z,896255
2019-06-12T00:00:00Z,796283
2019-06-11T00:00:00Z,839869
2019-06-10T00:00:00Z,801678
2019-06-09T00:00:00Z,576544
2019-06-08T00:00:00Z,632791
2019-06-07T00:00:00Z,859432
2019-06-06T00:00:00Z,818981
2019-06-05T00:00:00Z,873789
2019-06-04T00:00:00Z,907744
2019-06-03T00:00:00Z,731833
2019-06-02T00:00:00Z,692257
2019-06-01T00:00:00Z,851570
2019-05-31T00:00:00Z,769533
2019-05-30T00:00:00Z,854106
2019-05-29T00:00:00Z,894464
2019-05-28T00:00:00Z,952551
2019-05-27T00:00:00Z,880064
2019-05-26T00:00:00Z,663737
2019-05-25T00:00:00Z,712805
2019-05-24T00:00:00Z,860958
2019-05-23T00:00:00Z,833107
2019-05-22T00:00:00Z,872877
2019-05-21T00:00:00Z,885569
2019-05-20T00:00:00Z,833741
2019-05-19T00:00:00Z,748605
2019-05-18T00:00:00Z,855044
2019-05-17T00:00:00Z,907033
2019-05-16T00:00:00Z,882376
2019-05-15T00:00:00Z,877510
2019-05-14T00:00:00Z,902407
2019-05-13T00:00:00Z,876062
2019-05-12T00:00:00Z,824701
2019-05-11T00:00:00Z,775129
2019-05-10T00:00:00Z,784390
2019-05-09T00:00:00Z,826117
2019-05-08T00:00:00Z,839338
2019-05-07T00:00:00Z,759345
2019-05-06T00:00:00Z,769267
2019-05-05T00:00:00Z,617825
2019-05-04T00:00:00Z,660283
2019-05-03T00:00:00Z,803538
2019-05-02T00:00:00Z,790965
2019-05-01T00:00:00Z,765613
2019-04-30T00:00:00Z,837464
2019-04-29T00:00:00Z,793479
2019-04-28T00:00:00Z,594401
2019-04-27T00:00:00Z,614086
2019-04-26T00:00:00Z,769122
2019-04-25T00:00:00Z,754032
2019-04-24T00:00:00Z,880292
2019-04-23T00:00:00Z,715618
2019-04-22T00:00:00Z,645237
2019-04-21T00:00:00Z,683512
2019-04-20T00:00:00Z,689000
2019-04-19T00:00:00Z,791185
2019-04-18T00:00:00Z,744216
2019-04-17T00:00:00Z,748396
2019-04-16T00:00:00Z,772132
2019-04-15T00:00:00Z,775828
2019-04-14T00:00:00Z,594261
2019-04-13T00:00:00Z,595857
2019-04-12T00:00:00Z,772977
2019-04-11T00:00:00Z,813445
2019-04-10T00:00:00Z,779775
2019-04-09T00:00:00Z,777623
2019-04-08T00:00:00Z,776683
2019-04-07T00:00:00Z,621932
2019-04-06T00:00:00Z,677538
2019-04-05T00:00:00Z,883945
2019-04-04T00:00:00Z,806481
2019-04-03T00:00:00Z,856239
2019-04-02T00:00:00Z,887943
2019-04-01T00:00:00Z,690267
2019-03-31T00:00:00Z,625988
2019-03-30T00:00:00Z,684567
2019-03-29T00:00:00Z,764554
2019-03-28T00:00:00Z,768236
2019-03-27T00:00:00Z,783503
2019-03-26T00:00:00Z,686300
2019-03-25T00:00:00Z,716722
2019-03-24T00:00:00Z,559563
2019-03-23T00:00:00Z,583506
2019-03-22T00:00:00Z,722829
2019-03-21T00:00:00Z,708214
2019-03-20T00:00:00Z,738366
2019-03-19T00:00:00Z,750470
2019-03-18T00:00:00Z,716941
2019-03-17T00:00:00Z,538885
2019-03-16T00:00:00Z,612919
2019-03-15T00:00:00Z,719163
2019-03-14T00:00:00Z,741462
2019-03-13T00:00:00Z,716432
2019-03-12T00:00:00Z,699031
2019-03-11T00:00:00Z,750671
2019-03-10T00:00:00Z,521890
2019-03-09T00:00:00Z,601886
2019-03-08T00:00:00Z,711513
2019-03-07T00:00:00Z,689211
2019-03-06T00:00:00Z,738120
2019-03-05T00:00:00Z,706754
2019-03-04T00:00:00Z,681631
2019-03-03T00:00:00Z,555628
2019-03-02T00:00:00Z,631290
2019-03-01T00:00:00Z,723763
2019-02-28T00:00:00Z,692972
2019-02-27T00:00:00Z,679225
2019-02-26T00:00:00Z,704081
2019-02-25T00:00:00Z,670201
2019-02-24T00:00:00Z,569551
2019-02-23T00:00:00Z,570616
2019-02-22T00:00:00Z,739327
2019-02-21T00:00:00Z,648091
2019-02-20T00:00:00Z,694099
2019-02-19T00:00:00Z,715477
2019-02-18T00:00:00Z,684684
2019-02-17T00:00:00Z,522930
2019-02-16T00:00:00Z,604959
2019-02-15T00:00:00Z,618560
2019-02-14T00:00:00Z,618710
2019-02-13T00:00:00Z,765352
2019-02-12T00:00:00Z,826480
2019-02-11T00:00:00Z,692074
2019-02-10T00:00:00Z,495946
2019-02-09T00:00:00Z,564093
2019-02-08T00:00:00Z,694288
2019-02-07T00:00:00Z,647026
2019-02-06T00:00:00Z,687624
2019-02-05T00:00:00Z,650507
2019-02-04T00:00:00Z,616383
2019-02-03T00:00:00Z,521485
2019-02-02T00:00:00Z,554281
2019-02-01T00:00:00Z,665426
2019-01-31T00:00:00Z,640465
2019-01-30T00:00:00Z,609610
2019-01-29T00:00:00Z,626793
2019-01-28T00:00:00Z,636805
2019-01-27T00:00:00Z,496688
2019-01-26T00:00:00Z,585767
2019-01-25T00:00:00Z,627186
2019-01-24T00:00:00Z,631403
2019-01-23T00:00:00Z,681839
2019-01-22T00:00:00Z,598611
2019-01-21T00:00:00Z,596521
2019-01-20T00:00:00Z,514507
2019-01-19T00:00:00Z,526853
2019-01-18T00:00:00Z,625357
2019-01-17T00:00:00Z,610163
2019-01-16T00:00:00Z,653019
2019-01-15T00:00:00Z,618216
2019-01-14T00:00:00Z,599656
2019-01-13T00:00:00Z,485001
2019-01-12T00:00:00Z,511636
2019-01-11T00:00:00Z,623737
2019-01-10T00:00:00Z,646794
2019-01-09T00:00:00Z,615701
2019-01-08T00:00:00Z,618872
2019-01-07T00:00:00Z,605732
2019-01-06T00:00:00Z,513105
2019-01-05T00:00:00Z,510116
2019-01-04T00:00:00Z,588155
2019-01-03T00:00:00Z,602499
2019-01-02T00:00:00Z,585895
2019-01-01T00:00:00Z,430431
2018-12-31T00:00:00Z,554009
2018-12-30T00:00:00Z,535621
2018-12-29T00:00:00Z,569958
2018-12-28T00:00:00Z,639459
2018-12-27T00:00:00Z,617822
2018-12-26T00:00:00Z,544465
2018-12-25T00:00:00Z,489964
2018-12-24T00:00:00Z,582356
2018-12-23T00:00:00Z,522611
2018-12-22T00:00:00Z,552671
2018-12-21T00:00:00Z,660851
2018-12-20T00:00:00Z,649999
2018-12-19T00:00:00Z,708715
2018-12-18T00:00:00Z,649674
2018-12-17T00:00:00Z,696316
2018-12-16T00:00:00Z,536378
2018-12-15T00:00:00Z,598790
2018-12-14T00:00:00Z,696397
2018-12-13T00:00:00Z,642768
2018-12-12T00:00:00Z,626588
2018-12-11T00:00:00Z,622451
2018-12-10T00:00:00Z,620290
2018-12-09T00:00:00Z,516282
2018-12-08T00:00:00Z,533720
2018-12-07T00:00:00Z,663554
2018-12-06T00:00:00Z,655308
2018-12-05T00:00:00Z,602413
2018-12-04T00:00:00Z,679714
2018-12-03T00:00:00Z,576356
2018-12-02T00:00:00Z,507845
2018-12-01T00:00:00Z,591455
2018-11-30T00:00:00Z,596009
2018-11-29T00:00:00Z,614248
2018-11-28T00:00:00Z,617804
2018-11-27T00:00:00Z,643313
2018-11-26T00:00:00Z,633479
2018-11-25T00:00:00Z,569057
2018-11-24T00:00:00Z,579240
2018-11-23T00:00:00Z,639963
2018-11-22T00:00:00Z,656428
2018-11-21T00:00:00Z,628177
2018-11-20T00:00:00Z,768696
2018-11-19T00:00:00Z,674503
2018-11-18T00:00:00Z,549212
2018-11-17T00:00:00Z,594727
2018-11-16T00:00:00Z,713931
2018-11-15T00:00:00Z,720036
2018-11-14T00:00:00Z,727949
2018-11-13T00:00:00Z,650640
2018-11-12T00:00:00Z,683388
2018-11-11T00:00:00Z,590387
2018-11-10T00:00:00Z,595444
2018-11-09T00:00:00Z,704879
2018-11-08T00:00:00Z,700117
2018-11-07T00:00:00Z,705209
2018-11-06T00:00:00Z,694055
2018-11-05T00:00:00Z,712976
2018-11-04T00:00:00Z,619063
2018-11-03T00:00:00Z,641974
2018-11-02T00:00:00Z,769117
2018-11-01T00:00:00Z,692504
2018-10-31T00:00:00Z,707291
2018-10-30T00:00:00Z,697601
2018-10-29T00:00:00Z,708285
2018-10-28T00:00:00Z,560480
2018-10-27T00:00:00Z,580054
2018-10-26T00:00:00Z,691997
2018-10-25T00:00:00Z,659220
2018-10-24T00:00:00Z,637741
2018-10-23T00:00:00Z,683587
2018-10-22T00:00:00Z,676895
2018-10-21T00:00:00Z,554355
2018-10-20T00:00:00Z,593963
2018-10-19T00:00:00Z,685201
2018-10-18T00:00:00Z,654573
2018-10-17T00:00:00Z,673361
2018-10-16T00:00:00Z,678723
2018-10-15T00:00:00Z,699171
2018-10-14T00:00:00Z,524084
2018-10-13T00:00:00Z,573912
2018-10-12T00:00:00Z,693363
2018-10-11T00:00:00Z,686810
2018-10-10T00:00:00Z,642600
2018-10-09T00:00:00Z,621386
2018-10-08T00:00:00Z,646076
2018-10-07T00:00:00Z,598361
2018-10-06T00:00:00Z,588478
2018-10-05T00:00:00Z,688115
2018-10-04T00:00:00Z,642395
2018-10-03T00:00:00Z,694010
2018-10-02T00:00:00Z,678543
2018-10-01T00:00:00Z,672475
2018-09-30T00:00:00Z,532067
2018-09-29T00:00:00Z,552202
2018-09-28T00:00:00Z,673177
2018-09-27T00:00:00Z,633994
2018-09-26T00:00:00Z,628119
2018-09-25T00:00:00Z,648244
2018-09-24T00:00:00Z,614679
2018-09-23T00:00:00Z,507621
2018-09-22T00:00:00Z,562522
2018-09-21T00:00:00Z,715507
2018-09-20T00:00:00Z,628587
2018-09-19T00:00:00Z,631546
2018-09-18T00:00:00Z,638235
2018-09-17T00:00:00Z,631067
2018-09-16T00:00:00Z,470139
2018-09-15T00:00:00Z,558339
2018-09-14T00:00:00Z,620772
2018-09-13T00:00:00Z,608107
2018-09-12T00:00:00Z,599503
2018-09-11T00:00:00Z,651098
2018-09-10T00:00:00Z,614057
2018-09-09T00:00:00Z,506835
2018-09-08T00:00:00Z,546144
2018-09-07T00:00:00Z,689985
2018-09-06T00:00:00Z,666558
2018-09-05T00:00:00Z,664157
2018-09-04T00:00:00Z,629625
2018-09-03T00:00:00Z,613352
2018-09-02T00:00:00Z,495998
2018-09-01T00:00:00Z,564630
2018-08-31T00:00:00Z,651131
2018-08-30T00:00:00Z,621242
2018-08-29T00:00:00Z,669404
2018-08-28T00:00:00Z,663743
2018-08-27T00:00:00Z,664869
2018-08-26T00:00:00Z,502611
2018-08-25T00:00:00Z,548608
2018-08-24T00:00:00Z,632142
2018-08-23T00:00:00Z,569277
2018-08-22T00:00:00Z,638156
2018-08-21T00:00:00Z,589708
2018-08-20T00:00:00Z,623598
2018-08-19T00:00:00Z,514313
2018-08-18T00:00:00Z,502019
2018-08-17T00:00:00Z,652818
2018-08-16T00:00:00Z,620660
2018-08-15T00:00:00Z,680561
2018-08-14T00:00:00Z,657023
2018-08-13T00:00:00Z,611815
2018-08-12T00:00:00Z,477955
2018-08-11T00:00:00Z,525917
2018-08-10T00:00:00Z,658540
2018-08-09T00:00:00Z,629986
2018-08-08T00:00:00Z,649793
2018-08-07T00:00:00Z,706511
2018-08-06T00:00:00Z,654516
2018-08-05T00:00:00Z,495719
2018-08-04T00:00:00Z,542819
2018-08-03T00:00:00Z,688873
2018-08-02T00:00:00Z,634184
2018-08-01T00:00:00Z,705913
2018-07-31T00:00:00Z,690053
2018-07-30T00:00:00Z,636120
2018-07-29T00:00:00Z,484547
2018-07-28T00:00:00Z,564178
2018-07-27T00:00:00Z,717598
2018-07-26T00:00:00Z,639897
2018-07-25T00:00:00Z,776511
2018-07-24T00:00:00Z,718928
2018-07-23T00:00:00Z,711253
2018-07-22T00:00:00Z,458207
2018-07-21T00:00:00Z,505481
2018-07-20T00:00:00Z,651803
2018-07-19T00:00:00Z,636864
2018-07-18T00:00:00Z,770835
2018-07-17T00:00:00Z,688584
2018-07-16T00:00:00Z,583692
2018-07-15T00:00:00Z,509930
2018-07-14T00:00:00Z,809623
2018-07-13T00:00:00Z,933538
2018-07-12T00:00:00Z,944272
2018-07-11T00:00:00Z,616214
2018-07-10T00:00:00Z,666042
2018-07-09T00:00:00Z,627020
2018-07-08T00:00:00Z,492262
2018-07-07T00:00:00Z,473901
2018-07-06T00:00:00Z,647794
2018-07-05T00:00:00Z,545559
2018-07-04T00:00:00Z,609579
2018-07-03T00:00:00Z,659326
2018-07-02T00:00:00Z,638283
2018-07-01T00:00:00Z,483872
2018-06-30T00:00:00Z,567603
2018-06-29T00:00:00Z,589876
2018-06-28T00:00:00Z,555077
2018-06-27T00:00:00Z,589279
2018-06-26T00:00:00Z,612977
2018-06-25T00:00:00Z,614032
2018-06-24T00:00:00Z,456995
2018-06-23T00:00:00Z,483230
2018-06-22T00:00:00Z,618791
2018-06-21T00:00:00Z,562602
2018-06-20T00:00:00Z,585078
2018-06-19T00:00:00Z,621857
2018-06-18T00:00:00Z,574922
2018-06-17T00:00:00Z,436137
2018-06-16T00:00:00Z,442345
2018-06-15T00:00:00Z,629466
2018-06-14T00:00:00Z,583318
2018-06-13T00:00:00Z,658357
2018-06-12T00:00:00Z,654022
2018-06-11T00:00:00Z,587881
2018-06-10T00:00:00Z,529728
2018-06-09T00:00:00Z,492526
2018-06-08T00:00:00Z,648973
2018-06-07T00:00:00Z,634103
2018-06-06T00:00:00Z,651145
2018-06-05T00:00:00Z,655694
2018-06-04T00:00:00Z,702904
2018-06-03T00:00:00Z,531463
2018-06-02T00:00:00Z,521910
2018-06-01T00:00:00Z,692509
2018-05-31T00:00:00Z,627768
2018-05-30T00:00:00Z,592865
2018-05-29T00:00:00Z,604757
2018-05-28T00:00:00Z,589218
2018-05-27T00:00:00Z,442647
2018-05-26T00:00:00Z,467761
2018-05-25T00:00:00Z,618176
2018-05-24T00:00:00Z,569804
2018-05-23T00:00:00Z,640762
2018-05-22T00:00:00Z,588253
2018-05-21T00:00:00Z,622918
2018-05-20T00:00:00Z,475738
2018-05-19T00:00:00Z,514455
2018-05-18T00:00:00Z,703271
2018-05-17T00:00:00Z,629548
2018-05-16T00:00:00Z,604422
2018-05-15T00:00:00Z,640177
2018-05-14T00:00:00Z,636148
2018-05-13T00:00:00Z,483628
2018-05-12T00:00:00Z,588539
2018-05-11T00:00:00Z,758816
2018-05-10T00:00:00Z,617388
2018-05-09T00:00:00Z,612055
2018-05-08T00:00:00Z,665088
2018-05-07T00:00:00Z,660191
2018-05-06T00:00:00Z,533415
2018-05-05T00:00:00Z,625693
2018-05-04T00:00:00Z,695603
2018-05-03T00:00:00Z,663171
2018-05-02T00:00:00Z,683386
2018-05-01T00:00:00Z,632650
2018-04-30T00:00:00Z,642134
2018-04-29T00:00:00Z,541897
2018-04-28T00:00:00Z,562250
2018-04-27T00:00:00Z,675804
2018-04-26T00:00:00Z,660414
2018-04-25T00:00:00Z,688680
2018-04-24T00:00:00Z,774318
2018-04-23T00:00:00Z,642656
2018-04-22T00:00:00Z,509559
2018-04-21T00:00:00Z,620016
2018-04-20T00:00:00Z,653018
2018-04-19T00:00:00Z,644595
2018-04-18T00:00:00Z,589421
2018-04-17T00:00:00Z,608590
2018-04-16T00:00:00Z,738315
2018-04-15T00:00:00Z,587020
2018-04-14T00:00:00Z,493659
2018-04-13T00:00:00Z,646935
2018-04-12T00:00:00Z,617410
2018-04-11T00:00:00Z,539442
2018-04-10T00:00:00Z,565732
2018-04-09T00:00:00Z,543836
2018-04-08T00:00:00Z,404622
2018-04-07T00:00:00Z,499530
2018-04-06T00:00:00Z,640379
2018-04-05T00:00:00Z,536162
2018-04-04T00:00:00Z,568015
2018-04-03T00:00:00Z,594098
2018-04-02T00:00:00Z,494672
2018-04-01T00:00:00Z,423281
2018-03-31T00:00:00Z,479750
2018-03-30T00:00:00Z,570440
2018-03-29T00:00:00Z,565348
2018-03-28T00:00:00Z,543737
2018-03-27T00:00:00Z,602500
2018-03-26T00:00:00Z,584461
2018-03-25T00:00:00Z,442843
2018-03-24T00:00:00Z,538133
2018-03-23T00:00:00Z,624356
2018-03-22T00:00:00Z,595119
2018-03-21T00:00:00Z,573438
2018-03-20T00:00:00Z,568469
2018-03-19T00:00:00Z,582460
2018-03-18T00:00:00Z,534906
2018-03-17T00:00:00Z,460743
2018-03-16T00:00:00Z,593940
2018-03-15T00:00:00Z,617139
2018-03-14T00:00:00Z,574892
2018-03-13T00:00:00Z,764106
2018-03-12T00:00:00Z,844775
2018-03-11T00:00:00Z,884564
2018-03-10T00:00:00Z,810973
2018-03-09T00:00:00Z,881628
2018-03-08T00:00:00Z,915698
2018-03-07T00:00:00Z,917555
2018-03-06T00:00:00Z,836894
2018-03-05T00:00:00Z,850566
2018-03-04T00:00:00Z,802172
2018-03-03T00:00:00Z,930026
2018-03-02T00:00:00Z,749023
2018-03-01T00:00:00Z,819981
2018-02-28T00:00:00Z,806237
2018-02-27T00:00:00Z,713403
2018-02-26T00:00:00Z,669623
2018-02-25T00:00:00Z,528654
2018-02-24T00:00:00Z,704058
2018-02-23T00:00:00Z,739570
2018-02-22T00:00:00Z,713590
2018-02-21T00:00:00Z,705387
2018-02-20T00:00:00Z,714645
2018-02-19T00:00:00Z,849889
2018-02-18T00:00:00Z,730175
2018-02-17T00:00:00Z,770450
2018-02-16T00:00:00Z,773228
2018-02-15T00:00:00Z,788520
2018-02-14T00:00:00Z,937586
2018-02-13T00:00:00Z,852830
2018-02-12T00:00:00Z,914744
2018-02-11T00:00:00Z,818420
2018-02-10T00:00:00Z,741906
2018-02-09T00:00:00Z,775358
2018-02-08T00:00:00Z,746349
2018-02-07T00:00:00Z,814508
2018-02-06T00:00:00Z,999121
2018-02-05T00:00:00Z,903367
2018-02-04T00:00:00Z,720912
2018-02-03T00:00:00Z,714666
2018-02-02T00:00:00Z,854261
2018-02-01T00:00:00Z,842407
2018-01-31T00:00:00Z,676289
2018-01-30T00:00:00Z,838824
2018-01-29T00:00:00Z,778150
2018-01-28T00:00:00Z,768043
2018-01-27T00:00:00Z,870592
2018-01-26T00:00:00Z,807963
2018-01-25T00:00:00Z,841506
2018-01-24T00:00:00Z,944583
2018-01-23T00:00:00Z,900248
2018-01-22T00:00:00Z,944996
2018-01-21T00:00:00Z,985152
2018-01-20T00:00:00Z,973534
2018-01-19T00:00:00Z,1027758
2018-01-18T00:00:00Z,1053533
2018-01-17T00:00:00Z,1090522
2018-01-16T00:00:00Z,999065
2018-01-15T00:00:00Z,953007
2018-01-14T00:00:00Z,967584
2018-01-13T00:00:00Z,943080
2018-01-12T00:00:00Z,1152568
2018-01-11T00:00:00Z,1223977
2018-01-10T00:00:00Z,1125371
2018-01-09T00:00:00Z,1150333
2018-01-08T00:00:00Z,1158259
2018-01-07T00:00:00Z,1127779
2018-01-06T00:00:00Z,1171166
2018-01-05T00:00:00Z,1068678
2018-01-04T00:00:00Z,1253400
2018-01-03T00:00:00Z,1132612
2018-01-02T00:00:00Z,1142472
2018-01-01T00:00:00Z,966713
2017-12-31T00:00:00Z,1007352
2017-12-30T00:00:00Z,1009195
2017-12-29T00:00:00Z,1094029
2017-12-28T00:00:00Z,1003665
2017-12-27T00:00:00Z,1032417
2017-12-26T00:00:00Z,912401
2017-12-25T00:00:00Z,879901
2017-12-24T00:00:00Z,1023773
2017-12-23T00:00:00Z,980574
2017-12-22T00:00:00Z,1112381
2017-12-21T00:00:00Z,1002360
2017-12-20T00:00:00Z,1025885
2017-12-19T00:00:00Z,1048091
2017-12-18T00:00:00Z,1197857
2017-12-17T00:00:00Z,1176110
2017-12-16T00:00:00Z,1136363
2017-12-15T00:00:00Z,1179829
2017-12-14T00:00:00Z,1283929
2017-12-13T00:00:00Z,1261348
2017-12-12T00:00:00Z,1096932
2017-12-11T00:00:00Z,1153418
2017-12-10T00:00:00Z,1077265
2017-12-09T00:00:00Z,1187736
2017-12-08T00:00:00Z,1125005
2017-12-07T00:00:00Z,1068971
2017-12-06T00:00:00Z,1230813
2017-12-05T00:00:00Z,1145916
2017-12-04T00:00:00Z,1145180
2017-12-03T00:00:00Z,1016509
2017-12-02T00:00:00Z,942700
2017-12-01T00:00:00Z,1116245
2017-11-30T00:00:00Z,1084885
2017-11-29T00:00:00Z,1131747
2017-11-28T00:00:00Z,1025731
2017-11-27T00:00:00Z,1057287
2017-11-26T00:00:00Z,936230
2017-11-25T00:00:00Z,931680
2017-11-24T00:00:00Z,907143
2017-11-23T00:00:00Z,956721
2017-11-22T00:00:00Z,870876
2017-11-21T00:00:00Z,979924
2017-11-20T00:00:00Z,989857
2017-11-19T00:00:00Z,908966
2017-11-18T00:00:00Z,849503
2017-11-17T00:00:00Z,980129
2017-11-16T00:00:00Z,903497
2017-11-15T00:00:00Z,951196
2017-11-14T00:00:00Z,817534
2017-11-13T00:00:00Z,917287
2017-11-12T00:00:00Z,598625
2017-11-11T00:00:00Z,578308
2017-11-10T00:00:00Z,795418
2017-11-09T00:00:00Z,945888
2017-11-08T00:00:00Z,860914
2017-11-07T00:00:00Z,939818
2017-11-06T00:00:00Z,825192
2017-11-05T00:00:00Z,803250
2017-11-04T00:00:00Z,800319
2017-11-03T00:00:00Z,818583
2017-11-02T00:00:00Z,916841
2017-11-01T00:00:00Z,960573
2017-10-31T00:00:00Z,829238
2017-10-30T00:00:00Z,889430
2017-10-29T00:00:00Z,911592
2017-10-28T00:00:00Z,555051
2017-10-27T00:00:00Z,673653
2017-10-26T00:00:00Z,730711
2017-10-25T00:00:00Z,919336
2017-10-24T00:00:00Z,957976
2017-10-23T00:00:00Z,877356
2017-10-22T00:00:00Z,981728
2017-10-21T00:00:00Z,805473
2017-10-20T00:00:00Z,850258
2017-10-19T00:00:00Z,910174
2017-10-18T00:00:00Z,818815
2017-10-17T00:00:00Z,873937
2017-10-16T00:00:00Z,850054
2017-10-15T00:00:00Z,826707
2017-10-14T00:00:00Z,796789
2017-10-13T00:00:00Z,819164
2017-10-12T00:00:00Z,783622
2017-10-11T00:00:00Z,780257
2017-10-10T00:00:00Z,826210
2017-10-09T00:00:00Z,800806
2017-10-08T00:00:00Z,689838
2017-10-07T00:00:00Z,670951
2017-10-06T00:00:00Z,819066
2017-10-05T00:00:00Z,727434
2017-10-04T00:00:00Z,639802
2017-10-03T00:00:00Z,785914
2017-10-02T00:00:00Z,815069
2017-10-01T00:00:00Z,624785
2017-09-30T00:00:00Z,628485
2017-09-29T00:00:00Z,743932
2017-09-28T00:00:00Z,758808
2017-09-27T00:00:00Z,691464
2017-09-26T00:00:00Z,728985
2017-09-25T00:00:00Z,658174
2017-09-24T00:00:00Z,532701
2017-09-23T00:00:00Z,568729
2017-09-22T00:00:00Z,649021
2017-09-21T00:00:00Z,694714
2017-09-20T00:00:00Z,620733
2017-09-19T00:00:00Z,786890
2017-09-18T00:00:00Z,673775
2017-09-17T00:00:00Z,588671
2017-09-16T00:00:00Z,647176
2017-09-15T00:00:00Z,833211
2017-09-14T00:00:00Z,773640
2017-09-13T00:00:00Z,718715
2017-09-12T00:00:00Z,710521
2017-09-11T00:00:00Z,734974
2017-09-10T00:00:00Z,558828
2017-09-09T00:00:00Z,627154
2017-09-08T00:00:00Z,825480
2017-09-07T00:00:00Z,768389
2017-09-06T00:00:00Z,776418
2017-09-05T00:00:00Z,784428
2017-09-04T00:00:00Z,752544
2017-09-03T00:00:00Z,586966
2017-09-02T00:00:00Z,694986
2017-09-01T00:00:00Z,782822
2017-08-31T00:00:00Z,797085
2017-08-30T00:00:00Z,799696
2017-08-29T00:00:00Z,795732
2017-08-28T00:00:00Z,654533
2017-08-27T00:00:00Z,749676
2017-08-26T00:00:00Z,618641
2017-08-25T00:00:00Z,578206
2017-08-24T00:00:00Z,548838
2017-08-23T00:00:00Z,843676
2017-08-22T00:00:00Z,529977
2017-08-21T00:00:00Z,633972
2017-08-20T00:00:00Z,617442
2017-08-19T00:00:00Z,713770
2017-08-18T00:00:00Z,728856
2017-08-17T00:00:00Z,860903
2017-08-16T00:00:00Z,688857
2017-08-15T00:00:00Z,822011
2017-08-14T00:00:00Z,689236
2017-08-13T00:00:00Z,705051
2017-08-12T00:00:00Z,693260
2017-08-11T00:00:00Z,737678
2017-08-10T00:00:00Z,733461
2017-08-09T00:00:00Z,706721
2017-08-08T00:00:00Z,789754
2017-08-07T00:00:00Z,683046
2017-08-06T00:00:00Z,538559
2017-08-05T00:00:00Z,658939
2017-08-04T00:00:00Z,665795
2017-08-03T00:00:00Z,596154
2017-08-02T00:00:00Z,591933
2017-08-01T00:00:00Z,477477
2017-07-31T00:00:00Z,706629
2017-07-30T00:00:00Z,568497
2017-07-29T00:00:00Z,641806
2017-07-28T00:00:00Z,681262
2017-07-27T00:00:00Z,681607
2017-07-26T00:00:00Z,664407
2017-07-25T00:00:00Z,697756
2017-07-24T00:00:00Z,674883
2017-07-23T00:00:00Z,533040
2017-07-22T00:00:00Z,645094
2017-07-21T00:00:00Z,749779
2017-07-20T00:00:00Z,658031
2017-07-19T00:00:00Z,717067
2017-07-18T00:00:00Z,811433
2017-07-17T00:00:00Z,692430
2017-07-16T00:00:00Z,609552
2017-07-15T00:00:00Z,634632
2017-07-14T00:00:00Z,640696
2017-07-13T00:00:00Z,680465
2017-07-12T00:00:00Z,749635
2017-07-11T00:00:00Z,770221
2017-07-10T00:00:00Z,771121
2017-07-09T00:00:00Z,549467
2017-07-08T00:00:00Z,641547
2017-07-07T00:00:00Z,737763
2017-07-06T00:00:00Z,625934
2017-07-05T00:00:00Z,651108
2017-07-04T00:00:00Z,714285
2017-07-03T00:00:00Z,668469
2017-07-02T00:00:00Z,605013
2017-07-01T00:00:00Z,642954
2017-06-30T00:00:00Z,722889
2017-06-29T00:00:00Z,621633
2017-06-28T00:00:00Z,743276
2017-06-27T00:00:00Z,696066
2017-06-26T00:00:00Z,704387
2017-06-25T00:00:00Z,534993
2017-06-24T00:00:00Z,646742
2017-06-23T00:00:00Z,710482
2017-06-22T00:00:00Z,735737
2017-06-21T00:00:00Z,755253
2017-06-20T00:00:00Z,741906
2017-06-19T00:00:00Z,729519
2017-06-18T00:00:00Z,628651
2017-06-17T00:00:00Z,665263
2017-06-16T00:00:00Z,727787
2017-06-15T00:00:00Z,796500
2017-06-14T00:00:00Z,744121
2017-06-13T00:00:00Z,768135
2017-06-12T00:00:00Z,722926
2017-06-11T00:00:00Z,667449
2017-06-10T00:00:00Z,701424
2017-06-09T00:00:00Z,764555
2017-06-08T00:00:00Z,820508
2017-06-07T00:00:00Z,878586
2017-06-06T00:00:00Z,800493
2017-06-05T00:00:00Z,767620
2017-06-04T00:00:00Z,734744
2017-06-03T00:00:00Z,883252
2017-06-02T00:00:00Z,726206
2017-06-01T00:00:00Z,838148
2017-05-31T00:00:00Z,819588
2017-05-30T00:00:00Z,848314
2017-05-29T00:00:00Z,766059
2017-05-28T00:00:00Z,856639
2017-05-27T00:00:00Z,892643
2017-05-26T00:00:00Z,818388
2017-05-25T00:00:00Z,842960
2017-05-24T00:00:00Z,806743
2017-05-23T00:00:00Z,876753
2017-05-22T00:00:00Z,773303
2017-05-21T00:00:00Z,791586
2017-05-20T00:00:00Z,851763
2017-05-19T00:00:00Z,807946
2017-05-18T00:00:00Z,742312
2017-05-17T00:00:00Z,762466
2017-05-16T00:00:00Z,655424
2017-05-15T00:00:00Z,825608
2017-05-14T00:00:00Z,893649
2017-05-13T00:00:00Z,793153
2017-05-12T00:00:00Z,745640
2017-05-11T00:00:00Z,703578
2017-05-10T00:00:00Z,735155
2017-05-09T00:00:00Z,794529
2017-05-08T00:00:00Z,889537
2017-05-07T00:00:00Z,787633
2017-05-06T00:00:00Z,872106
2017-05-05T00:00:00Z,663371
2017-05-04T00:00:00Z,851802
2017-05-03T00:00:00Z,690007
2017-05-02T00:00:00Z,787411
2017-05-01T00:00:00Z,707250
2017-04-30T00:00:00Z,724937
2017-04-29T00:00:00Z,828936
2017-04-28T00:00:00Z,727287
2017-04-27T00:00:00Z,723992
2017-04-26T00:00:00Z,768513
2017-04-25T00:00:00Z,738873
2017-04-24T00:00:00Z,608289
2017-04-23T00:00:00Z,644281
2017-04-22T00:00:00Z,686367
2017-04-21T00:00:00Z,791946
2017-04-20T00:00:00Z,688123
2017-04-19T00:00:00Z,723144
2017-04-18T00:00:00Z,709072
2017-04-17T00:00:00Z,604963
2017-04-16T00:00:00Z,592441
2017-04-15T00:00:00Z,687253
2017-04-14T00:00:00Z,703291
2017-04-13T00:00:00Z,611531
2017-04-12T00:00:00Z,689626
2017-04-11T00:00:00Z,753921
2017-04-10T00:00:00Z,690857
2017-04-09T00:00:00Z,656647
2017-04-08T00:00:00Z,600050
2017-04-07T00:00:00Z,718080
2017-04-06T00:00:00Z,701254
2017-04-05T00:00:00Z,745792
2017-04-04T00:00:00Z,635711
2017-04-03T00:00:00Z,736053
2017-04-02T00:00:00Z,652269
2017-04-01T00:00:00Z,639653
2017-03-31T00:00:00Z,630967
2017-03-30T00:00:00Z,694171
2017-03-29T00:00:00Z,683505
2017-03-28T00:00:00Z,735755
2017-03-27T00:00:00Z,600367
2017-03-26T00:00:00Z,588054
2017-03-25T00:00:00Z,616232
2017-03-24T00:00:00Z,703673
2017-03-23T00:00:00Z,678638
2017-03-22T00:00:00Z,745066
2017-03-21T00:00:00Z,693278
2017-03-20T00:00:00Z,651290
2017-03-19T00:00:00Z,675490
2017-03-18T00:00:00Z,685027
2017-03-17T00:00:00Z,709455
2017-03-16T00:00:00Z,734444
2017-03-15T00:00:00Z,675317
2017-03-14T00:00:00Z,740057
2017-03-13T00:00:00Z,691402
2017-03-12T00:00:00Z,594463
2017-03-11T00:00:00Z,697665
2017-03-10T00:00:00Z,744240
2017-03-09T00:00:00Z,705823
2017-03-08T00:00:00Z,687751
2017-03-07T00:00:00Z,738069
2017-03-06T00:00:00Z,680973
2017-03-05T00:00:00Z,694648
2017-03-04T00:00:00Z,624702
2017-03-03T00:00:00Z,734179
2017-03-02T00:00:00Z,735135
2017-03-01T00:00:00Z,681438
2017-02-28T00:00:00Z,699527
2017-02-27T00:00:00Z,664567
2017-02-26T00:00:00Z,657119
2017-02-25T00:00:00Z,745056
2017-02-24T00:00:00Z,766916
2017-02-23T00:00:00Z,700730
2017-02-22T00:00:00Z,634528
2017-02-21T00:00:00Z,645626
2017-02-20T00:00:00Z,657687
2017-02-19T00:00:00Z,597242
2017-02-18T00:00:00Z,689424
2017-02-17T00:00:00Z,695647
2017-02-16T00:00:00Z,670733
2017-02-15T00:00:00Z,630944
2017-02-14T00:00:00Z,675342
2017-02-13T00:00:00Z,669492
2017-02-12T00:00:00Z,568401
2017-02-11T00:00:00Z,628956
2017-02-10T00:00:00Z,658325
2017-02-09T00:00:00Z,758515
2017-02-08T00:00:00Z,665656
2017-02-07T00:00:00Z,717417
2017-02-06T00:00:00Z,619108
2017-02-05T00:00:00Z,689329
2017-02-04T00:00:00Z,655219
2017-02-03T00:00:00Z,715695
2017-02-02T00:00:00Z,639858
2017-02-01T00:00:00Z,790453
2017-01-31T00:00:00Z,677356
2017-01-30T00:00:00Z,644885
2017-01-29T00:00:00Z,644559
2017-01-28T00:00:00Z,661095
2017-01-27T00:00:00Z,662445
2017-01-26T00:00:00Z,721023
2017-01-25T00:00:00Z,711276
2017-01-24T00:00:00Z,723324
2017-01-23T00:00:00Z,620376
2017-01-22T00:00:00Z,564645
2017-01-21T00:00:00Z,637023
2017-01-20T00:00:00Z,663085
2017-01-19T00:00:00Z,685645
2017-01-18T00:00:00Z,649975
2017-01-17T00:00:00Z,657197
2017-01-16T00:00:00Z,632449
2017-01-15T00:00:00Z,551772
2017-01-14T00:00:00Z,592806
2017-01-13T00:00:00Z,591030
2017-01-12T00:00:00Z,623555
2017-01-11T00:00:00Z,638259
2017-01-10T00:00:00Z,701527
2017-01-09T00:00:00Z,611419
2017-01-08T00:00:00Z,597145
2017-01-07T00:00:00Z,645716
2017-01-06T00:00:00Z,717134
2017-01-05T00:00:00Z,651157
2017-01-04T00:00:00Z,696386
2017-01-03T00:00:00Z,654614
2017-01-02T00:00:00Z,703956
2017-01-01T00:00:00Z,463524
2016-12-31T00:00:00Z,571945
2016-12-30T00:00:00Z,642264
2016-12-29T00:00:00Z,654659
2016-12-28T00:00:00Z,660743
2016-12-27T00:00:00Z,647978
2016-12-26T00:00:00Z,590003
2016-12-25T00:00:00Z,470730
2016-12-24T00:00:00Z,550962
2016-12-23T00:00:00Z,659622
2016-12-22T00:00:00Z,683218
2016-12-21T00:00:00Z,704306
2016-12-20T00:00:00Z,651525
2016-12-19T00:00:00Z,659635
2016-12-18T00:00:00Z,565086
2016-12-17T00:00:00Z,585323
2016-12-16T00:00:00Z,638084
2016-12-15T00:00:00Z,611935
2016-12-14T00:00:00Z,619913
2016-12-13T00:00:00Z,663897
2016-12-12T00:00:00Z,637404
2016-12-11T00:00:00Z,568515
2016-12-10T00:00:00Z,594520
2016-12-09T00:00:00Z,616032
2016-12-08T00:00:00Z,651835
2016-12-07T00:00:00Z,768077
2016-12-06T00:00:00Z,748679
2016-12-05T00:00:00Z,670364
2016-12-04T00:00:00Z,644845
2016-12-03T00:00:00Z,703995
2016-12-02T00:00:00Z,732676
2016-12-01T00:00:00Z,596125
2016-11-30T00:00:00Z,637060
2016-11-29T00:00:00Z,650263
2016-11-28T00:00:00Z,709141
2016-11-27T00:00:00Z,572082
2016-11-26T00:00:00Z,664484
2016-11-25T00:00:00Z,682916
2016-11-24T00:00:00Z,735177
2016-11-23T00:00:00Z,646475
2016-11-22T00:00:00Z,609321
2016-11-21T00:00:00Z,609893
2016-11-20T00:00:00Z,579558
2016-11-19T00:00:00Z,579057
2016-11-18T00:00:00Z,625829
2016-11-17T00:00:00Z,627629
2016-11-16T00:00:00Z,616360
2016-11-15T00:00:00Z,653384
2016-11-14T00:00:00Z,633190
2016-11-13T00:00:00Z,539464
2016-11-12T00:00:00Z,572164
2016-11-11T00:00:00Z,557455
2016-11-10T00:00:00Z,611576
2016-11-09T00:00:00Z,614664
2016-11-08T00:00:00Z,662890
2016-11-07T00:00:00Z,628572
2016-11-06T00:00:00Z,519672
2016-11-05T00:00:00Z,555971
2016-11-04T00:00:00Z,547623
2016-11-03T00:00:00Z,593610
2016-11-02T00:00:00Z,585172
2016-11-01T00:00:00Z,602670
2016-10-31T00:00:00Z,579849
2016-10-30T00:00:00Z,472384
2016-10-29T00:00:00Z,541665
2016-10-28T00:00:00Z,570194
2016-10-27T00:00:00Z,721678
2016-10-26T00:00:00Z,613898
2016-10-25T00:00:00Z,617973
2016-10-24T00:00:00Z,581792
2016-10-23T00:00:00Z,525340
2016-10-22T00:00:00Z,524550
2016-10-21T00:00:00Z,584321
2016-10-20T00:00:00Z,624199
2016-10-19T00:00:00Z,459988
2016-10-18T00:00:00Z,588298
2016-10-17T00:00:00Z,550541
2016-10-16T00:00:00Z,482676
2016-10-15T00:00:00Z,501726
2016-10-14T00:00:00Z,532160
2016-10-13T00:00:00Z,547741
2016-10-12T00:00:00Z,544859
2016-10-11T00:00:00Z,601465
2016-10-10T00:00:00Z,514281
2016-10-09T00:00:00Z,509901
2016-10-08T00:00:00Z,549445
2016-10-07T00:00:00Z,577273
2016-10-06T00:00:00Z,621273
2016-10-05T00:00:00Z,585521
2016-10-04T00:00:00Z,600999
2016-10-03T00:00:00Z,628813
2016-10-02T00:00:00Z,462255
2016-10-01T00:00:00Z,498339
2016-09-30T00:00:00Z,559609
2016-09-29T00:00:00Z,553367
2016-09-28T00:00:00Z,547163
2016-09-27T00:00:00Z,549579
2016-09-26T00:00:00Z,540295
2016-09-25T00:00:00Z,465836
2016-09-24T00:00:00Z,473858
2016-09-23T00:00:00Z,488936
2016-09-22T00:00:00Z,496593
2016-09-21T00:00:00Z,514307
2016-09-20T00:00:00Z,533341
2016-09-19T00:00:00Z,505154
2016-09-18T00:00:00Z,463470
2016-09-17T00:00:00Z,509415
2016-09-16T00:00:00Z,474551
2016-09-15T00:00:00Z,494413
2016-09-14T00:00:00Z,491556
2016-09-13T00:00:00Z,530408
2016-09-12T00:00:00Z,510506
2016-09-11T00:00:00Z,458631
2016-09-10T00:00:00Z,446010
2016-09-09T00:00:00Z,491674
2016-09-08T00:00:00Z,500357
2016-09-07T00:00:00Z,525784
2016-09-06T00:00:00Z,519346
2016-09-05T00:00:00Z,541919
2016-09-04T00:00:00Z,438972
2016-09-03T00:00:00Z,464611
2016-09-02T00:00:00Z,477624
2016-09-01T00:00:00Z,486458
2016-08-31T00:00:00Z,497980
2016-08-30T00:00:00Z,548999
2016-08-29T00:00:00Z,500187
2016-08-28T00:00:00Z,427997
2016-08-27T00:00:00Z,456265
2016-08-26T00:00:00Z,483713
2016-08-25T00:00:00Z,489493
2016-08-24T00:00:00Z,513945
2016-08-23T00:00:00Z,512461
2016-08-22T00:00:00Z,526727
2016-08-21T00:00:00Z,446866
2016-08-20T00:00:00Z,495671
2016-08-19T00:00:00Z,508749
2016-08-18T00:00:00Z,528979
2016-08-17T00:00:00Z,523675
2016-08-16T00:00:00Z,537436
2016-08-15T00:00:00Z,500686
2016-08-14T00:00:00Z,455991
2016-08-13T00:00:00Z,455323
2016-08-12T00:00:00Z,491194
2016-08-11T00:00:00Z,531345
2016-08-10T00:00:00Z,531356
2016-08-09T00:00:00Z,491165
2016-08-08T00:00:00Z,530901
2016-08-07T00:00:00Z,447578
2016-08-06T00:00:00Z,425211
2016-08-05T00:00:00Z,477072
2016-08-04T00:00:00Z,488412
2016-08-03T00:00:00Z,517165
2016-08-02T00:00:00Z,538166
2016-08-01T00:00:00Z,515927
2016-07-31T00:00:00Z,492077
2016-07-30T00:00:00Z,450533
2016-07-29T00:00:00Z,465294
2016-07-28T00:00:00Z,494972
2016-07-27T00:00:00Z,477076
2016-07-26T00:00:00Z,507457
2016-07-25T00:00:00Z,498664
2016-07-24T00:00:00Z,433804
2016-07-23T00:00:00Z,447396
2016-07-22T00:00:00Z,467862
2016-07-21T00:00:00Z,446246
2016-07-20T00:00:00Z,477671
2016-07-19T00:00:00Z,468926
2016-07-18T00:00:00Z,496566
2016-07-17T00:00:00Z,434166
2016-07-16T00:00:00Z,467772
2016-07-15T00:00:00Z,452552
2016-07-14T00:00:00Z,475270
2016-07-13T00:00:00Z,452818
2016-07-12T00:00:00Z,476759
2016-07-11T00:00:00Z,492779
2016-07-10T00:00:00Z,400076
2016-07-09T00:00:00Z,438235
2016-07-08T00:00:00Z,463200
2016-07-07T00:00:00Z,467526
2016-07-06T00:00:00Z,465240
2016-07-05T00:00:00Z,488121
2016-07-04T00:00:00Z,504550
2016-07-03T00:00:00Z,429466
2016-07-02T00:00:00Z,446260
2016-07-01T00:00:00Z,494905
2016-06-30T00:00:00Z,506973
2016-06-29T00:00:00Z,466288
2016-06-28T00:00:00Z,541226
2016-06-27T00:00:00Z,483625
2016-06-26T00:00:00Z,501782
2016-06-25T00:00:00Z,529844
2016-06-24T00:00:00Z,547545
2016-06-23T00:00:00Z,549165
2016-06-22T00:00:00Z,546794
2016-06-21T00:00:00Z,592437
2016-06-20T00:00:00Z,563282
2016-06-19T00:00:00Z,514944
2016-06-18T00:00:00Z,561728
2016-06-17T00:00:00Z,586166
2016-06-16T00:00:00Z,582328
2016-06-15T00:00:00Z,594513
2016-06-14T00:00:00Z,526645
2016-06-13T00:00:00Z,577587
2016-06-12T00:00:00Z,519556
2016-06-11T00:00:00Z,466112
2016-06-10T00:00:00Z,506021
2016-06-09T00:00:00Z,525140
2016-06-08T00:00:00Z,482261
2016-06-07T00:00:00Z,510791
2016-06-06T00:00:00Z,511064
2016-06-05T00:00:00Z,463369
2016-06-04T00:00:00Z,447527
2016-06-03T00:00:00Z,496183
2016-06-02T00:00:00Z,478409
2016-06-01T00:00:00Z,508356
2016-05-31T00:00:00Z,477711
2016-05-30T00:00:00Z,548662
2016-05-29T00:00:00Z,427912
2016-05-28T00:00:00Z,482086
2016-05-27T00:00:00Z,529637
2016-05-26T00:00:00Z,460231
2016-05-25T00:00:00Z,492139
2016-05-24T00:00:00Z,515910
2016-05-23T00:00:00Z,516632
2016-05-22T00:00:00Z,445657
2016-05-21T00:00:00Z,503204
2016-05-20T00:00:00Z,444375
2016-05-19T00:00:00Z,460727
2016-05-18T00:00:00Z,511106
2016-05-17T00:00:00Z,479751
2016-05-16T00:00:00Z,511728
2016-05-15T00:00:00Z,424165
2016-05-14T00:00:00Z,459068
2016-05-13T00:00:00Z,459124
2016-05-12T00:00:00Z,453620
2016-05-11T00:00:00Z,471725
2016-05-10T00:00:00Z,495896
2016-05-09T00:00:00Z,485976
2016-05-08T00:00:00Z,440127
2016-05-07T00:00:00Z,419100
2016-05-06T00:00:00Z,454721
2016-05-05T00:00:00Z,457956
2016-05-04T00:00:00Z,499193
2016-05-03T00:00:00Z,466136
2016-05-02T00:00:00Z,483655
2016-05-01T00:00:00Z,431043
2016-04-30T00:00:00Z,440383
2016-04-29T00:00:00Z,516695
2016-04-28T00:00:00Z,460497
2016-04-27T00:00:00Z,471935
2016-04-26T00:00:00Z,524750
2016-04-25T00:00:00Z,495022
2016-04-24T00:00:00Z,457552
2016-04-23T00:00:00Z,434758
2016-04-22T00:00:00Z,440135
2016-04-21T00:00:00Z,477575
2016-04-20T00:00:00Z,465440
2016-04-19T00:00:00Z,480065
2016-04-18T00:00:00Z,478493
2016-04-17T00:00:00Z,478093
2016-04-16T00:00:00Z,409222
2016-04-15T00:00:00Z,436767
2016-04-14T00:00:00Z,470246
2016-04-13T00:00:00Z,495154
2016-04-12T00:00:00Z,511761
2016-04-11T00:00:00Z,477742
2016-04-10T00:00:00Z,435519
2016-04-09T00:00:00Z,423711
2016-04-08T00:00:00Z,440786
2016-04-07T00:00:00Z,446278
2016-04-06T00:00:00Z,479006
2016-04-05T00:00:00Z,460775
2016-04-04T00:00:00Z,487367
2016-04-03T00:00:00Z,466510
2016-04-02T00:00:00Z,477457
2016-04-01T00:00:00Z,505319
2016-03-31T00:00:00Z,419593
2016-03-30T00:00:00Z,480367
2016-03-29T00:00:00Z,668735
2016-03-28T00:00:00Z,516152
2016-03-27T00:00:00Z,425281
2016-03-26T00:00:00Z,457009
2016-03-25T00:00:00Z,400111
2016-03-24T00:00:00Z,428038
2016-03-23T00:00:00Z,432360
2016-03-22T00:00:00Z,464583
2016-03-21T00:00:00Z,437620
2016-03-20T00:00:00Z,437424
2016-03-19T00:00:00Z,423218
2016-03-18T00:00:00Z,437659
2016-03-17T00:00:00Z,477267
2016-03-16T00:00:00Z,446561
2016-03-15T00:00:00Z,448952
2016-03-14T00:00:00Z,456138
2016-03-13T00:00:00Z,426291
2016-03-12T00:00:00Z,376520
2016-03-11T00:00:00Z,424621
2016-03-10T00:00:00Z,440705
2016-03-09T00:00:00Z,510618
2016-03-08T00:00:00Z,465717
2016-03-07T00:00:00Z,409455
2016-03-06T00:00:00Z,417387
2016-03-05T00:00:00Z,520928
2016-03-04T00:00:00Z,526449
2016-03-03T00:00:00Z,567272
2016-03-02T00:00:00Z,557805
2016-03-01T00:00:00Z,564999
2016-02-29T00:00:00Z,562749
2016-02-28T00:00:00Z,488866
2016-02-27T00:00:00Z,475497
2016-02-26T00:00:00Z,474690
2016-02-25T00:00:00Z,525418
2016-02-24T00:00:00Z,468940
2016-02-23T00:00:00Z,546376
2016-02-22T00:00:00Z,538813
2016-02-21T00:00:00Z,522170
2016-02-20T00:00:00Z,500214
2016-02-19T00:00:00Z,510057
2016-02-18T00:00:00Z,495715
2016-02-17T00:00:00Z,539728
2016-02-16T00:00:00Z,479779
2016-02-15T00:00:00Z,498274
2016-02-14T00:00:00Z,494551
2016-02-13T00:00:00Z,445520
2016-02-12T00:00:00Z,471892
2016-02-11T00:00:00Z,497789
2016-02-10T00:00:00Z,496638
2016-02-09T00:00:00Z,507109
2016-02-08T00:00:00Z,473992
2016-02-07T00:00:00Z,525262
2016-02-06T00:00:00Z,484673
2016-02-05T00:00:00Z,505481
2016-02-04T00:00:00Z,463870
2016-02-03T00:00:00Z,543129
2016-02-02T00:00:00Z,688829
2016-02-01T00:00:00Z,600635
2016-01-31T00:00:00Z,480130
2016-01-30T00:00:00Z,497567
2016-01-29T00:00:00Z,531737
2016-01-28T00:00:00Z,522089
2016-01-27T00:00:00Z,529075
2016-01-26T00:00:00Z,533783
2016-01-25T00:00:00Z,517175
2016-01-24T00:00:00Z,487622
2016-01-23T00:00:00Z,473146
2016-01-22T00:00:00Z,501601
2016-01-21T00:00:00Z,516771
2016-01-20T00:00:00Z,625563
2016-01-19T00:00:00Z,419190
2016-01-18T00:00:00Z,472936
2016-01-17T00:00:00Z,536461
2016-01-16T00:00:00Z,501450
2016-01-15T00:00:00Z,415708
2016-01-14T00:00:00Z,427601
2016-01-13T00:00:00Z,425792
2016-01-12T00:00:00Z,456763
2016-01-11T00:00:00Z,448116
2016-01-10T00:00:00Z,432753
2016-01-09T00:00:00Z,450627
2016-01-08T00:00:00Z,413787
2016-01-07T00:00:00Z,430305
2016-01-06T00:00:00Z,379421
2016-01-05T00:00:00Z,435329
2016-01-04T00:00:00Z,418266
2016-01-03T00:00:00Z,394144
2016-01-02T00:00:00Z,419640
2016-01-01T00:00:00Z,316727
2015-12-31T00:00:00Z,355266
2015-12-30T00:00:00Z,405574
2015-12-29T00:00:00Z,415368
2015-12-28T00:00:00Z,411519
2015-12-27T00:00:00Z,406454
2015-12-26T00:00:00Z,419932
2015-12-25T00:00:00Z,377620
2015-12-24T00:00:00Z,448474
2015-12-23T00:00:00Z,472140
2015-12-22T00:00:00Z,486000
2015-12-21T00:00:00Z,502101
2015-12-20T00:00:00Z,474385
2015-12-19T00:00:00Z,505082
2015-12-18T00:00:00Z,452097
2015-12-17T00:00:00Z,457030
2015-12-16T00:00:00Z,483265
2015-12-15T00:00:00Z,494618
2015-12-14T00:00:00Z,528953
2015-12-13T00:00:00Z,478113
2015-12-12T00:00:00Z,531936
2015-12-11T00:00:00Z,460519
2015-12-10T00:00:00Z,493281
2015-12-09T00:00:00Z,490303
2015-12-08T00:00:00Z,455232
2015-12-07T00:00:00Z,435598
2015-12-06T00:00:00Z,430043
2015-12-05T00:00:00Z,456577
2015-12-04T00:00:00Z,418070
2015-12-03T00:00:00Z,361065
2015-12-02T00:00:00Z,427478
2015-12-01T00:00:00Z,413030
2015-11-30T00:00:00Z,489674
2015-11-29T00:00:00Z,321393
2015-11-28T00:00:00Z,414002
2015-11-27T00:00:00Z,359600
2015-11-26T00:00:00Z,387024
2015-11-25T00:00:00Z,364227
2015-11-24T00:00:00Z,384100
2015-11-23T00:00:00Z,342182
2015-11-22T00:00:00Z,376446
2015-11-21T00:00:00Z,374521
2015-11-20T00:00:00Z,358006
2015-11-19T00:00:00Z,357979
2015-11-18T00:00:00Z,413132
2015-11-17T00:00:00Z,380647
2015-11-16T00:00:00Z,402214
2015-11-15T00:00:00Z,418112
2015-11-14T00:00:00Z,386718
2015-11-13T00:00:00Z,358038
2015-11-12T00:00:00Z,370346
2015-11-11T00:00:00Z,375284
2015-11-10T00:00:00Z,394737
2015-11-09T00:00:00Z,418274
2015-11-08T00:00:00Z,377659
2015-11-07T00:00:00Z,366087
2015-11-06T00:00:00Z,431450
2015-11-05T00:00:00Z,445547
2015-11-04T00:00:00Z,497257
2015-11-03T00:00:00Z,448868
2015-11-02T00:00:00Z,397127
2015-11-01T00:00:00Z,392575
2015-10-31T00:00:00Z,367606
2015-10-30T00:00:00Z,378895
2015-10-29T00:00:00Z,382999
2015-10-28T00:00:00Z,350477
2015-10-27T00:00:00Z,355490
2015-10-26T00:00:00Z,375812
2015-10-25T00:00:00Z,372966
2015-10-24T00:00:00Z,377017
2015-10-23T00:00:00Z,370420
2015-10-22T00:00:00Z,344306
2015-10-21T00:00:00Z,356706
2015-10-20T00:00:00Z,400900
2015-10-19T00:00:00Z,349102
2015-10-18T00:00:00Z,334791
2015-10-17T00:00:00Z,370216
2015-10-16T00:00:00Z,335835
2015-10-15T00:00:00Z,365671
2015-10-14T00:00:00Z,309792
2015-10-13T00:00:00Z,306238
2015-10-12T00:00:00Z,309767
2015-10-11T00:00:00Z,294439
2015-10-10T00:00:00Z,323737
2015-10-09T00:00:00Z,265620
2015-10-08T00:00:00Z,314037
2015-10-07T00:00:00Z,308697
2015-10-06T00:00:00Z,325572
2015-10-05T00:00:00Z,290693
2015-10-04T00:00:00Z,306296
2015-10-03T00:00:00Z,259753
2015-10-02T00:00:00Z,311843
2015-10-01T00:00:00Z,298058
2015-09-30T00:00:00Z,329484
2015-09-29T00:00:00Z,353417
2015-09-28T00:00:00Z,302930
2015-09-27T00:00:00Z,326824
2015-09-26T00:00:00Z,310240
2015-09-25T00:00:00Z,295114
2015-09-24T00:00:00Z,295738
2015-09-23T00:00:00Z,294921
2015-09-22T00:00:00Z,355943
2015-09-21T00:00:00Z,350680
2015-09-20T00:00:00Z,341423
2015-09-19T00:00:00Z,271138
2015-09-18T00:00:00Z,314363
2015-09-17T00:00:00Z,316949
2015-09-16T00:00:00Z,299221
2015-09-15T00:00:00Z,326856
2015-09-14T00:00:00Z,307697
2015-09-13T00:00:00Z,322602
2015-09-12T00:00:00Z,274687
2015-09-11T00:00:00Z,317309
2015-09-10T00:00:00Z,286880
2015-09-09T00:00:00Z,303151
2015-09-08T00:00:00Z,334615
2015-09-07T00:00:00Z,317821
2015-09-06T00:00:00Z,294414
2015-09-05T00:00:00Z,318521
2015-09-04T00:00:00Z,265574
2015-09-03T00:00:00Z,303103
2015-09-02T00:00:00Z,290567
2015-09-01T00:00:00Z,307795
2015-08-31T00:00:00Z,304796
2015-08-30T00:00:00Z,284866
2015-08-29T00:00:00Z,287960
2015-08-28T00:00:00Z,297477
2015-08-27T00:00:00Z,277794
2015-08-26T00:00:00Z,285266
2015-08-25T00:00:00Z,288411
2015-08-24T00:00:00Z,307879
2015-08-23T00:00:00Z,288022
2015-08-22T00:00:00Z,297783
2015-08-21T00:00:00Z,282522
2015-08-20T00:00:00Z,277371
2015-08-19T00:00:00Z,288421
2015-08-18T00:00:00Z,302537
2015-08-17T00:00:00Z,283850
2015-08-16T00:00:00Z,279628
2015-08-15T00:00:00Z,268286
2015-08-14T00:00:00Z,272462
2015-08-13T00:00:00Z,276354
2015-08-12T00:00:00Z,277812
2015-08-11T00:00:00Z,269443
2015-08-10T00:00:00Z,292852
2015-08-09T00:00:00Z,268041
2015-08-08T00:00:00Z,273178
2015-08-07T00:00:00Z,272880
2015-08-06T00:00:00Z,295691
2015-08-05T00:00:00Z,316578
2015-08-04T00:00:00Z,293112
2015-08-03T00:00:00Z,298021
2015-08-02T00:00:00Z,298371
2015-08-01T00:00:00Z,298805
2015-07-31T00:00:00Z,303868
2015-07-30T00:00:00Z,276124
2015-07-29T00:00:00Z,321419
2015-07-28T00:00:00Z,298291
2015-07-27T00:00:00Z,285200
2015-07-26T00:00:00Z,298836
2015-07-25T00:00:00Z,243986
2015-07-24T00:00:00Z,273643
2015-07-23T00:00:00Z,256642
2015-07-22T00:00:00Z,295223
2015-07-21T00:00:00Z,306249
2015-07-20T00:00:00Z,284027
2015-07-19T00:00:00Z,290314
2015-07-18T00:00:00Z,257392
2015-07-17T00:00:00Z,253340
2015-07-16T00:00:00Z,275653
2015-07-15T00:00:00Z,275284
2015-07-14T00:00:00Z,285095
2015-07-13T00:00:00Z,296403
2015-07-12T00:00:00Z,319701
2015-07-11T00:00:00Z,319744
2015-07-10T00:00:00Z,322375
2015-07-09T00:00:00Z,327766
2015-07-08T00:00:00Z,323601
2015-07-07T00:00:00Z,324880
2015-07-06T00:00:00Z,342128
2015-07-05T00:00:00Z,307720
2015-07-04T00:00:00Z,277347
2015-07-03T00:00:00Z,301162
2015-07-02T00:00:00Z,316488
2015-07-01T00:00:00Z,309193
2015-06-30T00:00:00Z,313891
2015-06-29T00:00:00Z,290314
2015-06-28T00:00:00Z,272458
2015-06-27T00:00:00Z,295627
2015-06-26T00:00:00Z,291304
2015-06-25T00:00:00Z,232177
2015-06-24T00:00:00Z,268106
2015-06-23T00:00:00Z,301327
2015-06-22T00:00:00Z,266004
2015-06-21T00:00:00Z,281052
2015-06-20T00:00:00Z,263208
2015-06-19T00:00:00Z,294773
2015-06-18T00:00:00Z,282519
2015-06-17T00:00:00Z,323292
2015-06-16T00:00:00Z,280540
2015-06-15T00:00:00Z,321007
2015-06-14T00:00:00Z,290744
2015-06-13T00:00:00Z,282777
2015-06-12T00:00:00Z,300429
2015-06-11T00:00:00Z,283760
2015-06-10T00:00:00Z,361008
2015-06-09T00:00:00Z,283463
2015-06-08T00:00:00Z,248291
2015-06-07T00:00:00Z,261175
2015-06-06T00:00:00Z,267857
2015-06-05T00:00:00Z,264710
2015-06-04T00:00:00Z,277531
2015-06-03T00:00:00Z,292969
2015-06-02T00:00:00Z,306900
2015-06-01T00:00:00Z,310813
2015-05-31T00:00:00Z,294994
2015-05-30T00:00:00Z,311054
2015-05-29T00:00:00Z,293460
2015-05-28T00:00:00Z,256485
2015-05-27T00:00:00Z,260548
2015-05-26T00:00:00Z,271049
2015-05-25T00:00:00Z,260538
2015-05-24T00:00:00Z,289097
2015-05-23T00:00:00Z,221840
2015-05-22T00:00:00Z,247123
2015-05-21T00:00:00Z,237948
2015-05-20T00:00:00Z,257272
2015-05-19T00:00:00Z,255639
2015-05-18T00:00:00Z,245688
2015-05-17T00:00:00Z,259127
2015-05-16T00:00:00Z,263674
2015-05-15T00:00:00Z,246460
2015-05-14T00:00:00Z,238229
2015-05-13T00:00:00Z,248774
2015-05-12T00:00:00Z,274468
2015-05-11T00:00:00Z,266171
2015-05-10T00:00:00Z,270609
2015-05-09T00:00:00Z,235300
2015-05-08T00:00:00Z,296615
2015-05-07T00:00:00Z,261584
2015-05-06T00:00:00Z,272342
2015-05-05T00:00:00Z,263228
2015-05-04T00:00:00Z,257381
2015-05-03T00:00:00Z,247957
2015-05-02T00:00:00Z,268349
2015-05-01T00:00:00Z,222862
2015-04-30T00:00:00Z,246411
2015-04-29T00:00:00Z,261087
2015-04-28T00:00:00Z,254194
2015-04-27T00:00:00Z,255440
2015-04-26T00:00:00Z,275649
2015-04-25T00:00:00Z,265454
2015-04-24T00:00:00Z,259790
2015-04-23T00:00:00Z,263066
2015-04-22T00:00:00Z,263063
2015-04-21T00:00:00Z,245910
2015-04-20T00:00:00Z,250190
2015-04-19T00:00:00Z,270849
2015-04-18T00:00:00Z,252184
2015-04-17T00:00:00Z,231657
2015-04-16T00:00:00Z,226454
2015-04-15T00:00:00Z,226612
2015-04-14T00:00:00Z,258038
2015-04-13T00:00:00Z,275339
2015-04-12T00:00:00Z,255123
2015-04-11T00:00:00Z,271116
2015-04-10T00:00:00Z,258200
2015-04-09T00:00:00Z,247529
2015-04-08T00:00:00Z,255569
2015-04-07T00:00:00Z,262556
2015-04-06T00:00:00Z,249125
2015-04-05T00:00:00Z,269522
2015-04-04T00:00:00Z,249662
2015-04-03T00:00:00Z,237988
2015-04-02T00:00:00Z,260939
2015-04-01T00:00:00Z,268253
2015-03-31T00:00:00Z,268332
2015-03-30T00:00:00Z,260564
2015-03-29T00:00:00Z,279006
2015-03-28T00:00:00Z,236711
2015-03-27T00:00:00Z,233306
2015-03-26T00:00:00Z,230879
2015-03-25T00:00:00Z,224960
2015-03-24T00:00:00Z,222274
2015-03-23T00:00:00Z,261333
2015-03-22T00:00:00Z,274913
2015-03-21T00:00:00Z,244881
2015-03-20T00:00:00Z,239081
2015-03-19T00:00:00Z,270074
2015-03-18T00:00:00Z,250785
2015-03-17T00:00:00Z,226566
2015-03-16T00:00:00Z,262370
2015-03-15T00:00:00Z,255965
2015-03-14T00:00:00Z,259956
2015-03-13T00:00:00Z,242044
2015-03-12T00:00:00Z,247232
2015-03-11T00:00:00Z,252122
2015-03-10T00:00:00Z,249715
2015-03-09T00:00:00Z,259817
2015-03-08T00:00:00Z,269305
2015-03-07T00:00:00Z,256276
2015-03-06T00:00:00Z,237139
2015-03-05T00:00:00Z,257487
2015-03-04T00:00:00Z,241795
2015-03-03T00:00:00Z,267483
2015-03-02T00:00:00Z,282537
2015-03-01T00:00:00Z,276725
2015-02-28T00:00:00Z,282492
2015-02-27T00:00:00Z,241525
2015-02-26T00:00:00Z,227153
2015-02-25T00:00:00Z,231633
2015-02-24T00:00:00Z,236695
2015-02-23T00:00:00Z,250528
2015-02-22T00:00:00Z,270491
2015-02-21T00:00:00Z,270650
2015-02-20T00:00:00Z,246722
2015-02-19T00:00:00Z,213779
2015-02-18T00:00:00Z,249103
2015-02-17T00:00:00Z,269732
2015-02-16T00:00:00Z,265318
2015-02-15T00:00:00Z,345335
2015-02-14T00:00:00Z,260833
2015-02-13T00:00:00Z,307718
2015-02-12T00:00:00Z,230049
2015-02-11T00:00:00Z,232407
2015-02-10T00:00:00Z,231362
2015-02-09T00:00:00Z,229855
2015-02-08T00:00:00Z,290202
2015-02-07T00:00:00Z,194256
2015-02-06T00:00:00Z,232519
2015-02-05T00:00:00Z,214258
2015-02-04T00:00:00Z,231062
2015-02-03T00:00:00Z,239994
2015-02-02T00:00:00Z,226085
2015-02-01T00:00:00Z,249371
2015-01-31T00:00:00Z,275901
2015-01-30T00:00:00Z,193805
2015-01-29T00:00:00Z,213744
2015-01-28T00:00:00Z,199705
2015-01-27T00:00:00Z,250128
2015-01-26T00:00:00Z,260391
2015-01-25T00:00:00Z,318605
2015-01-24T00:00:00Z,204229
2015-01-23T00:00:00Z,214669
2015-01-22T00:00:00Z,223597
2015-01-21T00:00:00Z,225373
2015-01-20T00:00:00Z,225875
2015-01-19T00:00:00Z,253233
2015-01-18T00:00:00Z,243066
2015-01-17T00:00:00Z,277964
2015-01-16T00:00:00Z,242534
2015-01-15T00:00:00Z,264308
2015-01-14T00:00:00Z,252199
2015-01-13T00:00:00Z,254523
2015-01-12T00:00:00Z,220422
2015-01-11T00:00:00Z,246808
2015-01-10T00:00:00Z,271710
2015-01-09T00:00:00Z,238643
2015-01-08T00:00:00Z,232372
2015-01-07T00:00:00Z,202379
2015-01-06T00:00:00Z,214147
2015-01-05T00:00:00Z,241113
2015-01-04T00:00:00Z,238880
2015-01-03T00:00:00Z,237902
2015-01-02T00:00:00Z,208496
2015-01-01T00:00:00Z,141459
2014-12-31T00:00:00Z,179522
2014-12-30T00:00:00Z,209286
2014-12-29T00:00:00Z,199840
2014-12-28T00:00:00Z,265487
2014-12-27T00:00:00Z,209849
2014-12-26T00:00:00Z,187591
2014-12-25T00:00:00Z,166491
2014-12-24T00:00:00Z,189522
2014-12-23T00:00:00Z,244970
2014-12-22T00:00:00Z,258839
2014-12-21T00:00:00Z,233390
2014-12-20T00:00:00Z,253087
2014-12-19T00:00:00Z,223988
2014-12-18T00:00:00Z,239769
2014-12-17T00:00:00Z,247937
2014-12-16T00:00:00Z,256032
2014-12-15T00:00:00Z,242899
2014-12-14T00:00:00Z,278742
2014-12-13T00:00:00Z,183821
2014-12-12T00:00:00Z,219811
2014-12-11T00:00:00Z,216767
2014-12-10T00:00:00Z,223846
2014-12-09T00:00:00Z,220605
2014-12-08T00:00:00Z,246089
2014-12-07T00:00:00Z,257352
2014-12-06T00:00:00Z,191171
2014-12-05T00:00:00Z,224161
2014-12-04T00:00:00Z,225112
2014-12-03T00:00:00Z,232379
2014-12-02T00:00:00Z,254962
2014-12-01T00:00:00Z,215989
2014-11-30T00:00:00Z,278386
2014-11-29T00:00:00Z,187208
2014-11-28T00:00:00Z,208478
2014-11-27T00:00:00Z,212704
2014-11-26T00:00:00Z,198939
2014-11-25T00:00:00Z,211014
2014-11-24T00:00:00Z,208869
2014-11-23T00:00:00Z,247110
2014-11-22T00:00:00Z,179433
2014-11-21T00:00:00Z,199107
2014-11-20T00:00:00Z,214244
2014-11-19T00:00:00Z,201640
2014-11-18T00:00:00Z,208744
2014-11-17T00:00:00Z,213379
2014-11-16T00:00:00Z,248013
2014-11-15T00:00:00Z,178197
2014-11-14T00:00:00Z,221616
2014-11-13T00:00:00Z,216342
2014-11-12T00:00:00Z,227411
2014-11-11T00:00:00Z,202162
2014-11-10T00:00:00Z,212022
2014-11-09T00:00:00Z,249951
2014-11-08T00:00:00Z,167356
2014-11-07T00:00:00Z,224883
2014-11-06T00:00:00Z,226931
2014-11-05T00:00:00Z,202130
2014-11-04T00:00:00Z,204165
2014-11-03T00:00:00Z,211238
2014-11-02T00:00:00Z,269109
2014-11-01T00:00:00Z,173915
2014-10-31T00:00:00Z,203113
2014-10-30T00:00:00Z,205715
2014-10-29T00:00:00Z,200965
2014-10-28T00:00:00Z,204070
2014-10-27T00:00:00Z,223013
2014-10-26T00:00:00Z,213724
2014-10-25T00:00:00Z,211103
2014-10-24T00:00:00Z,188274
2014-10-23T00:00:00Z,198620
2014-10-22T00:00:00Z,202534
2014-10-21T00:00:00Z,210644
2014-10-20T00:00:00Z,201524
2014-10-19T00:00:00Z,232005
2014-10-18T00:00:00Z,175990
2014-10-17T00:00:00Z,184632
2014-10-16T00:00:00Z,184979
2014-10-15T00:00:00Z,210644
2014-10-14T00:00:00Z,215749
2014-10-13T00:00:00Z,208711
2014-10-12T00:00:00Z,245297
2014-10-11T00:00:00Z,164718
2014-10-10T00:00:00Z,199892
2014-10-09T00:00:00Z,188812
2014-10-08T00:00:00Z,192454
2014-10-07T00:00:00Z,204546
2014-10-06T00:00:00Z,189435
2014-10-05T00:00:00Z,249294
2014-10-04T00:00:00Z,165506
2014-10-03T00:00:00Z,176301
2014-10-02T00:00:00Z,185328
2014-10-01T00:00:00Z,211921
2014-09-30T00:00:00Z,219644
2014-09-29T00:00:00Z,194218
2014-09-28T00:00:00Z,235647
2014-09-27T00:00:00Z,170755
2014-09-26T00:00:00Z,181093
2014-09-25T00:00:00Z,200252
2014-09-24T00:00:00Z,189837
2014-09-23T00:00:00Z,199241
2014-09-22T00:00:00Z,205118
2014-09-21T00:00:00Z,204043
2014-09-20T00:00:00Z,168961
2014-09-19T00:00:00Z,170399
2014-09-18T00:00:00Z,193190
2014-09-17T00:00:00Z,193604
2014-09-16T00:00:00Z,220152
2014-09-15T00:00:00Z,192812
2014-09-14T00:00:00Z,238683
2014-09-13T00:00:00Z,154047
2014-09-12T00:00:00Z,168348
2014-09-11T00:00:00Z,173937
2014-09-10T00:00:00Z,229350
2014-09-09T00:00:00Z,233667
2014-09-08T00:00:00Z,193204
2014-09-07T00:00:00Z,234913
2014-09-06T00:00:00Z,156508
2014-09-05T00:00:00Z,184254
2014-09-04T00:00:00Z,179377
2014-09-03T00:00:00Z,172549
2014-09-02T00:00:00Z,189186
2014-09-01T00:00:00Z,191686
2014-08-31T00:00:00Z,191357
2014-08-30T00:00:00Z,166220
2014-08-29T00:00:00Z,166092
2014-08-28T00:00:00Z,193277
2014-08-27T00:00:00Z,188427
2014-08-26T00:00:00Z,190242
2014-08-25T00:00:00Z,180409
2014-08-24T00:00:00Z,206419
2014-08-23T00:00:00Z,150752
2014-08-22T00:00:00Z,182544
2014-08-21T00:00:00Z,193825
2014-08-20T00:00:00Z,187325
2014-08-19T00:00:00Z,187506
2014-08-18T00:00:00Z,194482
2014-08-17T00:00:00Z,200730
2014-08-16T00:00:00Z,182976
2014-08-15T00:00:00Z,194496
2014-08-14T00:00:00Z,198214
2014-08-13T00:00:00Z,197416
2014-08-12T00:00:00Z,200548
2014-08-11T00:00:00Z,196041
2014-08-10T00:00:00Z,199420
2014-08-09T00:00:00Z,151513
2014-08-08T00:00:00Z,175023
2014-08-07T00:00:00Z,179496
2014-08-06T00:00:00Z,204101
2014-08-05T00:00:00Z,199397
2014-08-04T00:00:00Z,175565
2014-08-03T00:00:00Z,171120
2014-08-02T00:00:00Z,142068
2014-08-01T00:00:00Z,174578
2014-07-31T00:00:00Z,180417
2014-07-30T00:00:00Z,182543
2014-07-29T00:00:00Z,166210
2014-07-28T00:00:00Z,174426
2014-07-27T00:00:00Z,183974
2014-07-26T00:00:00Z,138592
2014-07-25T00:00:00Z,176883
2014-07-24T00:00:00Z,177684
2014-07-23T00:00:00Z,176739
2014-07-22T00:00:00Z,166589
2014-07-21T00:00:00Z,164203
2014-07-20T00:00:00Z,187625
2014-07-19T00:00:00Z,151958
2014-07-18T00:00:00Z,170448
2014-07-17T00:00:00Z,175060
2014-07-16T00:00:00Z,167230
2014-07-15T00:00:00Z,179027
2014-07-14T00:00:00Z,162378
2014-07-13T00:00:00Z,188338
2014-07-12T00:00:00Z,153788
2014-07-11T00:00:00Z,170417
2014-07-10T00:00:00Z,171094
2014-07-09T00:00:00Z,184618
2014-07-08T00:00:00Z,213965
2014-07-07T00:00:00Z,185928
2014-07-06T00:00:00Z,183770
2014-07-05T00:00:00Z,128230
2014-07-04T00:00:00Z,144641
2014-07-03T00:00:00Z,161197
2014-07-02T00:00:00Z,181937
2014-07-01T00:00:00Z,186317
2014-06-30T00:00:00Z,182763
2014-06-29T00:00:00Z,173615
2014-06-28T00:00:00Z,143659
2014-06-27T00:00:00Z,167837
2014-06-26T00:00:00Z,159153
2014-06-25T00:00:00Z,175425
2014-06-24T00:00:00Z,175686
2014-06-23T00:00:00Z,163364
2014-06-22T00:00:00Z,184073
2014-06-21T00:00:00Z,153733
2014-06-20T00:00:00Z,155246
2014-06-19T00:00:00Z,158707
2014-06-18T00:00:00Z,168031
2014-06-17T00:00:00Z,185047
2014-06-16T00:00:00Z,177668
2014-06-15T00:00:00Z,176484
2014-06-14T00:00:00Z,149437
2014-06-13T00:00:00Z,173750
2014-06-12T00:00:00Z,175270
2014-06-11T00:00:00Z,173906
2014-06-10T00:00:00Z,178894
2014-06-09T00:00:00Z,166224
2014-06-08T00:00:00Z,173353
2014-06-07T00:00:00Z,140295
2014-06-06T00:00:00Z,174197
2014-06-05T00:00:00Z,183218
2014-06-04T00:00:00Z,171355
2014-06-03T00:00:00Z,187214
2014-06-02T00:00:00Z,175359
2014-06-01T00:00:00Z,191159
2014-05-31T00:00:00Z,146543
2014-05-30T00:00:00Z,152431
2014-05-29T00:00:00Z,171778
2014-05-28T00:00:00Z,184287
2014-05-27T00:00:00Z,179051
2014-05-26T00:00:00Z,171143
2014-05-25T00:00:00Z,187602
2014-05-24T00:00:00Z,124999
2014-05-23T00:00:00Z,176277
2014-05-22T00:00:00Z,162892
2014-05-21T00:00:00Z,157794
2014-05-20T00:00:00Z,190977
2014-05-19T00:00:00Z,185443
2014-05-18T00:00:00Z,177557
2014-05-17T00:00:00Z,148171
2014-05-16T00:00:00Z,155344
2014-05-15T00:00:00Z,176869
2014-05-14T00:00:00Z,160660
2014-05-13T00:00:00Z,149352
2014-05-12T00:00:00Z,154674
2014-05-11T00:00:00Z,165237
2014-05-10T00:00:00Z,135359
2014-05-09T00:00:00Z,162408
2014-05-08T00:00:00Z,166599
2014-05-07T00:00:00Z,161661
2014-05-06T00:00:00Z,168277
2014-05-05T00:00:00Z,148016
2014-05-04T00:00:00Z,156560
2014-05-03T00:00:00Z,116935
2014-05-02T00:00:00Z,143692
2014-05-01T00:00:00Z,154560
2014-04-30T00:00:00Z,166793
2014-04-29T00:00:00Z,169634
2014-04-28T00:00:00Z,167437
2014-04-27T00:00:00Z,171836
2014-04-26T00:00:00Z,135176
2014-04-25T00:00:00Z,179885
2014-04-24T00:00:00Z,169317
2014-04-23T00:00:00Z,156765
2014-04-22T00:00:00Z,183055
2014-04-21T00:00:00Z,141868
2014-04-20T00:00:00Z,164013
2014-04-19T00:00:00Z,140704
2014-04-18T00:00:00Z,149132
2014-04-17T00:00:00Z,157365
2014-04-16T00:00:00Z,184662
2014-04-15T00:00:00Z,198858
2014-04-14T00:00:00Z,183128
2014-04-13T00:00:00Z,172536
2014-04-12T00:00:00Z,132111
2014-04-11T00:00:00Z,169478
2014-04-10T00:00:00Z,182861
2014-04-09T00:00:00Z,178855
2014-04-08T00:00:00Z,165167
2014-04-07T00:00:00Z,158628
2014-04-06T00:00:00Z,183714
2014-04-05T00:00:00Z,153918
2014-04-04T00:00:00Z,178107
2014-04-03T00:00:00Z,169449
2014-04-02T00:00:00Z,179883
2014-04-01T00:00:00Z,179666
2014-03-31T00:00:00Z,170895
2014-03-30T00:00:00Z,167369
2014-03-29T00:00:00Z,145667
2014-03-28T00:00:00Z,182701
2014-03-27T00:00:00Z,183133
2014-03-26T00:00:00Z,169316
2014-03-25T00:00:00Z,166900
2014-03-24T00:00:00Z,192775
2014-03-23T00:00:00Z,149496
2014-03-22T00:00:00Z,169575
2014-03-21T00:00:00Z,189760
2014-03-20T00:00:00Z,166682
2014-03-19T00:00:00Z,165181
2014-03-18T00:00:00Z,142932
2014-03-17T00:00:00Z,189443
2014-03-16T00:00:00Z,140471
2014-03-15T00:00:00Z,146736
2014-03-14T00:00:00Z,192254
2014-03-13T00:00:00Z,193686
2014-03-12T00:00:00Z,203479
2014-03-11T00:00:00Z,190733
2014-03-10T00:00:00Z,208049
2014-03-09T00:00:00Z,173467
2014-03-08T00:00:00Z,171347
2014-03-07T00:00:00Z,180946
2014-03-06T00:00:00Z,195766
2014-03-05T00:00:00Z,202118
2014-03-04T00:00:00Z,232465
2014-03-03T00:00:00Z,237359
2014-03-02T00:00:00Z,159481
2014-03-01T00:00:00Z,181712
2014-02-28T00:00:00Z,196503
2014-02-27T00:00:00Z,188426
2014-02-26T00:00:00Z,201383
2014-02-25T00:00:00Z,209109
2014-02-24T00:00:00Z,215071
2014-02-23T00:00:00Z,163711
2014-02-22T00:00:00Z,155907
2014-02-21T00:00:00Z,178642
2014-02-20T00:00:00Z,180973
2014-02-19T00:00:00Z,177424
2014-02-18T00:00:00Z,158059
2014-02-17T00:00:00Z,180233
2014-02-16T00:00:00Z,127406
2014-02-15T00:00:00Z,150309
2014-02-14T00:00:00Z,177063
2014-02-13T00:00:00Z,163930
2014-02-12T00:00:00Z,215006
2014-02-11T00:00:00Z,154740
2014-02-10T00:00:00Z,171343
2014-02-09T00:00:00Z,129074
2014-02-08T00:00:00Z,148078
2014-02-07T00:00:00Z,165382
2014-02-06T00:00:00Z,163364
2014-02-05T00:00:00Z,156811
2014-02-04T00:00:00Z,169007
2014-02-03T00:00:00Z,172438
2014-02-02T00:00:00Z,135419
2014-02-01T00:00:00Z,135011
2014-01-31T00:00:00Z,149070
2014-01-30T00:00:00Z,151800
2014-01-29T00:00:00Z,141289
2014-01-28T00:00:00Z,158231
2014-01-27T00:00:00Z,170528
2014-01-26T00:00:00Z,125555
2014-01-25T00:00:00Z,126966
2014-01-24T00:00:00Z,142600
2014-01-23T00:00:00Z,150279
2014-01-22T00:00:00Z,152957
2014-01-21T00:00:00Z,159718
2014-01-20T00:00:00Z,179134
2014-01-19T00:00:00Z,108825
2014-01-18T00:00:00Z,106531
2014-01-17T00:00:00Z,129277
2014-01-16T00:00:00Z,132454
2014-01-15T00:00:00Z,132925
2014-01-14T00:00:00Z,131482
2014-01-13T00:00:00Z,152180
2014-01-12T00:00:00Z,117026
2014-01-11T00:00:00Z,130046
2014-01-10T00:00:00Z,127456
2014-01-09T00:00:00Z,134125
2014-01-08T00:00:00Z,147457
2014-01-07T00:00:00Z,142545
2014-01-06T00:00:00Z,178918
2014-01-05T00:00:00Z,136198
2014-01-04T00:00:00Z,116513
2014-01-03T00:00:00Z,143066
2014-01-02T00:00:00Z,137702
2014-01-01T00:00:00Z,97210
2013-12-31T00:00:00Z,119152
2013-12-30T00:00:00Z,152666
2013-12-29T00:00:00Z,129205
2013-12-28T00:00:00Z,115892
2013-12-27T00:00:00Z,126349
2013-12-26T00:00:00Z,122636
2013-12-25T00:00:00Z,130130
2013-12-24T00:00:00Z,130524
2013-12-23T00:00:00Z,152458
2013-12-22T00:00:00Z,124088
2013-12-21T00:00:00Z,127411
2013-12-20T00:00:00Z,153564
2013-12-19T00:00:00Z,157745
2013-12-18T00:00:00Z,181239
2013-12-17T00:00:00Z,158830
2013-12-16T00:00:00Z,177676
2013-12-15T00:00:00Z,141304
2013-12-14T00:00:00Z,149313
2013-12-13T00:00:00Z,145998
2013-12-12T00:00:00Z,130811
2013-12-11T00:00:00Z,152896
2013-12-10T00:00:00Z,154545
2013-12-09T00:00:00Z,156261
2013-12-08T00:00:00Z,114541
2013-12-07T00:00:00Z,150904
2013-12-06T00:00:00Z,169449
2013-12-05T00:00:00Z,184050
2013-12-04T00:00:00Z,184281
2013-12-03T00:00:00Z,174052
2013-12-02T00:00:00Z,178050
2013-12-01T00:00:00Z,168835
2013-11-30T00:00:00Z,163953
2013-11-29T00:00:00Z,189659
2013-11-28T00:00:00Z,202063
2013-11-27T00:00:00Z,199281
2013-11-26T00:00:00Z,179521
2013-11-25T00:00:00Z,143037
2013-11-24T00:00:00Z,124680
2013-11-23T00:00:00Z,150908
2013-11-22T00:00:00Z,165443
2013-11-21T00:00:00Z,188820
2013-11-20T00:00:00Z,165536
2013-11-19T00:00:00Z,207796
2013-11-18T00:00:00Z,164700
2013-11-17T00:00:00Z,107685
2013-11-16T00:00:00Z,103902
2013-11-15T00:00:00Z,120002
2013-11-14T00:00:00Z,133460
2013-11-13T00:00:00Z,123021
2013-11-12T00:00:00Z,116422
2013-11-11T00:00:00Z,116275
2013-11-10T00:00:00Z,117054
2013-11-09T00:00:00Z,129843
2013-11-08T00:00:00Z,130770
2013-11-07T00:00:00Z,130522
2013-11-06T00:00:00Z,131426
2013-11-05T00:00:00Z,117746
2013-11-04T00:00:00Z,100578
2013-11-03T00:00:00Z,83351
2013-11-02T00:00:00Z,77883
2013-11-01T00:00:00Z,87061
2013-10-31T00:00:00Z,96949
2013-10-30T00:00:00Z,95964
2013-10-29T00:00:00Z,85465
2013-10-28T00:00:00Z,86604
2013-10-27T00:00:00Z,65307
2013-10-26T00:00:00Z,73946
2013-10-25T00:00:00Z,101211
2013-10-24T00:00:00Z,112131
2013-10-23T00:00:00Z,108041
2013-10-22T00:00:00Z,109583
2013-10-21T00:00:00Z,96439
2013-10-20T00:00:00Z,73541
2013-10-19T00:00:00Z,92567
2013-10-18T00:00:00Z,86028
2013-10-17T00:00:00Z,81465
2013-10-16T00:00:00Z,93285
2013-10-15T00:00:00Z,85601
2013-10-14T00:00:00Z,82483
2013-10-13T00:00:00Z,87663
2013-10-12T00:00:00Z,66985
2013-10-11T00:00:00Z,79814
2013-10-10T00:00:00Z,80608
2013-10-09T00:00:00Z,83103
2013-10-08T00:00:00Z,76280
2013-10-07T00:00:00Z,76605
2013-10-06T00:00:00Z,61121
2013-10-05T00:00:00Z,65755
2013-10-04T00:00:00Z,77855
2013-10-03T00:00:00Z,90290
2013-10-02T00:00:00Z,105753
2013-10-01T00:00:00Z,89806
2013-09-30T00:00:00Z,80472
2013-09-29T00:00:00Z,71320
2013-09-28T00:00:00Z,68938
2013-09-27T00:00:00Z,78116
2013-09-26T00:00:00Z,78198
2013-09-25T00:00:00Z,78516
2013-09-24T00:00:00Z,78417
2013-09-23T00:00:00Z,80554
2013-09-22T00:00:00Z,63599
2013-09-21T00:00:00Z,66385
2013-09-20T00:00:00Z,77117
2013-09-19T00:00:00Z,79135
2013-09-18T00:00:00Z,79110
2013-09-17T00:00:00Z,73067
2013-09-16T00:00:00Z,69795
2013-09-15T00:00:00Z,54822
2013-09-14T00:00:00Z,54062
2013-09-13T00:00:00Z,66600
2013-09-12T00:00:00Z,77056
2013-09-11T00:00:00Z,74710
2013-09-10T00:00:00Z,70695
2013-09-09T00:00:00Z,74012
2013-09-08T00:00:00Z,56502
2013-09-07T00:00:00Z,62624
2013-09-06T00:00:00Z,73290
2013-09-05T00:00:00Z,70460
2013-09-04T00:00:00Z,76917
2013-09-03T00:00:00Z,72137
2013-09-02T00:00:00Z,62817
2013-09-01T00:00:00Z,57033
2013-08-31T00:00:00Z,88195
2013-08-30T00:00:00Z,89640
2013-08-29T00:00:00Z,74932
2013-08-28T00:00:00Z,83918
2013-08-27T00:00:00Z,95056
2013-08-26T00:00:00Z,75817
2013-08-25T00:00:00Z,68660
2013-08-24T00:00:00Z,64442
2013-08-23T00:00:00Z,81930
2013-08-22T00:00:00Z,83963
2013-08-21T00:00:00Z,82746
2013-08-20T00:00:00Z,79923
2013-08-19T00:00:00Z,78624
2013-08-18T00:00:00Z,57610
2013-08-17T00:00:00Z,61479
2013-08-16T00:00:00Z,82619
2013-08-15T00:00:00Z,75913
2013-08-14T00:00:00Z,78436
2013-08-13T00:00:00Z,75206
2013-08-12T00:00:00Z,103471
2013-08-11T00:00:00Z,54141
2013-08-10T00:00:00Z,59304
2013-08-09T00:00:00Z,64633
2013-08-08T00:00:00Z,72376
2013-08-07T00:00:00Z,75668
2013-08-06T00:00:00Z,71546
2013-08-05T00:00:00Z,73172
2013-08-04T00:00:00Z,60254
2013-08-03T00:00:00Z,60489
2013-08-02T00:00:00Z,74759
2013-08-01T00:00:00Z,114306
2013-07-31T00:00:00Z,80903
2013-07-30T00:00:00Z,69869
2013-07-29T00:00:00Z,67475
2013-07-28T00:00:00Z,49179
2013-07-27T00:00:00Z,52968
2013-07-26T00:00:00Z,62887
2013-07-25T00:00:00Z,66441
2013-07-24T00:00:00Z,65888
2013-07-23T00:00:00Z,64300
2013-07-22T00:00:00Z,60319
2013-07-21T00:00:00Z,51124
2013-07-20T00:00:00Z,52399
2013-07-19T00:00:00Z,58760
2013-07-18T00:00:00Z,63179
2013-07-17T00:00:00Z,63008
2013-07-16T00:00:00Z,66222
2013-07-15T00:00:00Z,62325
2013-07-14T00:00:00Z,48403
2013-07-13T00:00:00Z,63117
2013-07-12T00:00:00Z,78451
2013-07-11T00:00:00Z,73358
2013-07-10T00:00:00Z,64859
2013-07-09T00:00:00Z,67987
2013-07-08T00:00:00Z,63045
2013-07-07T00:00:00Z,48848
2013-07-06T00:00:00Z,56536
2013-07-05T00:00:00Z,60510
2013-07-04T00:00:00Z,60869
2013-07-03T00:00:00Z,66024
2013-07-02T00:00:00Z,64159
2013-07-01T00:00:00Z,68677
2013-06-30T00:00:00Z,50781
2013-06-29T00:00:00Z,60981
2013-06-28T00:00:00Z,68613
2013-06-27T00:00:00Z,61025
2013-06-26T00:00:00Z,64997
2013-06-25T00:00:00Z,61382
2013-06-24T00:00:00Z,64863
2013-06-23T00:00:00Z,52068
2013-06-22T00:00:00Z,58578
2013-06-21T00:00:00Z,69100
2013-06-20T00:00:00Z,67645
2013-06-19T00:00:00Z,69146
2013-06-18T00:00:00Z,63562
2013-06-17T00:00:00Z,56903
2013-06-16T00:00:00Z,48786
2013-06-15T00:00:00Z,53811
2013-06-14T00:00:00Z,75763
2013-06-13T00:00:00Z,66342
2013-06-12T00:00:00Z,63764
2013-06-11T00:00:00Z,66610
2013-06-10T00:00:00Z,60964
2013-06-09T00:00:00Z,56601
2013-06-08T00:00:00Z,58258
2013-06-07T00:00:00Z,73769
2013-06-06T00:00:00Z,73262
2013-06-05T00:00:00Z,78662
2013-06-04T00:00:00Z,78626
2013-06-03T00:00:00Z,79850
2013-06-02T00:00:00Z,65823
2013-06-01T00:00:00Z,67801
2013-05-31T00:00:00Z,75474
2013-05-30T00:00:00Z,78224
2013-05-29T00:00:00Z,80553
2013-05-28T00:00:00Z,76222
2013-05-27T00:00:00Z,73989
2013-05-26T00:00:00Z,69652
2013-05-25T00:00:00Z,69619
2013-05-24T00:00:00Z,84958
2013-05-23T00:00:00Z,83261
2013-05-22T00:00:00Z,74797
2013-05-21T00:00:00Z,82568
2013-05-20T00:00:00Z,71671
2013-05-19T00:00:00Z,64221
2013-05-18T00:00:00Z,68366
2013-05-17T00:00:00Z,78448
2013-05-16T00:00:00Z,84157
2013-05-15T00:00:00Z,84753
2013-05-14T00:00:00Z,83724
2013-05-13T00:00:00Z,82797
2013-05-12T00:00:00Z,69608
2013-05-11T00:00:00Z,80915
2013-05-10T00:00:00Z,84331
2013-05-09T00:00:00Z,81930
2013-05-08T00:00:00Z,102429
2013-05-07T00:00:00Z,109110
2013-05-06T00:00:00Z,85201
2013-05-05T00:00:00Z,72138
2013-05-04T00:00:00Z,70408
2013-05-03T00:00:00Z,82846
2013-05-02T00:00:00Z,81958
2013-05-01T00:00:00Z,83604
2013-04-30T00:00:00Z,76907
2013-04-29T00:00:00Z,86955
2013-04-28T00:00:00Z,118016
2013-04-27T00:00:00Z,78250
2013-04-26T00:00:00Z,86196
2013-04-25T00:00:00Z,90761
2013-04-24T00:00:00Z,102529
2013-04-23T00:00:00Z,93168
2013-04-22T00:00:00Z,91708
2013-04-21T00:00:00Z,69866
2013-04-20T00:00:00Z,74492
2013-04-19T00:00:00Z,105005
2013-04-18T00:00:00Z,82105
2013-04-17T00:00:00Z,105245
2013-04-16T00:00:00Z,100355
2013-04-15T00:00:00Z,100240
2013-04-14T00:00:00Z,71388
2013-04-13T00:00:00Z,82829
2013-04-12T00:00:00Z,102955
2013-04-11T00:00:00Z,124602
2013-04-10T00:00:00Z,133030
2013-04-09T00:00:00Z,112067
2013-04-08T00:00:00Z,111787
2013-04-07T00:00:00Z,77297
2013-04-06T00:00:00Z,78560
2013-04-05T00:00:00Z,100029
2013-04-04T00:00:00Z,108885
2013-04-03T00:00:00Z,107137
2013-04-02T00:00:00Z,91870
2013-04-01T00:00:00Z,75751
2013-03-31T00:00:00Z,64256
2013-03-30T00:00:00Z,78043
2013-03-29T00:00:00Z,83268
2013-03-28T00:00:00Z,94458
2013-03-27T00:00:00Z,72752
2013-03-26T00:00:00Z,73008
2013-03-25T00:00:00Z,66170
2013-03-24T00:00:00Z,69023
2013-03-23T00:00:00Z,66983
2013-03-22T00:00:00Z,74969
2013-03-21T00:00:00Z,69724
2013-03-20T00:00:00Z,62844
2013-03-19T00:00:00Z,68739
2013-03-18T00:00:00Z,58862
2013-03-17T00:00:00Z,51940
2013-03-16T00:00:00Z,50914
2013-03-15T00:00:00Z,63493
2013-03-14T00:00:00Z,61111
2013-03-13T00:00:00Z,63039
2013-03-12T00:00:00Z,59737
2013-03-11T00:00:00Z,53523
2013-03-10T00:00:00Z,56990
2013-03-09T00:00:00Z,54118
2013-03-08T00:00:00Z,56591
2013-03-07T00:00:00Z,66361
2013-03-06T00:00:00Z,69145
2013-03-05T00:00:00Z,57389
2013-03-04T00:00:00Z,53539
2013-03-03T00:00:00Z,46061
2013-03-02T00:00:00Z,49230
2013-03-01T00:00:00Z,63071
2013-02-28T00:00:00Z,59806
2013-02-27T00:00:00Z,55052
2013-02-26T00:00:00Z,58810
2013-02-25T00:00:00Z,56629
2013-02-24T00:00:00Z,52051
2013-02-23T00:00:00Z,51376
2013-02-22T00:00:00Z,54320
2013-02-21T00:00:00Z,50634
2013-02-20T00:00:00Z,50784
2013-02-19T00:00:00Z,49401
2013-02-18T00:00:00Z,47239
2013-02-17T00:00:00Z,45576
2013-02-16T00:00:00Z,47114
2013-02-15T00:00:00Z,50143
2013-02-14T00:00:00Z,51476
2013-02-13T00:00:00Z,53162
2013-02-12T00:00:00Z,51860
2013-02-11T00:00:00Z,52290
2013-02-10T00:00:00Z,57585
2013-02-09T00:00:00Z,56350
2013-02-08T00:00:00Z,60203
2013-02-07T00:00:00Z,58310
2013-02-06T00:00:00Z,53659
2013-02-05T00:00:00Z,59938
2013-02-04T00:00:00Z,57372
2013-02-03T00:00:00Z,57505
2013-02-02T00:00:00Z,56583
2013-02-01T00:00:00Z,64411
2013-01-31T00:00:00Z,47845
2013-01-30T00:00:00Z,44536
2013-01-29T00:00:00Z,55617
2013-01-28T00:00:00Z,54295
2013-01-27T00:00:00Z,49579
2013-01-26T00:00:00Z,54648
2013-01-25T00:00:00Z,49559
2013-01-24T00:00:00Z,60699
2013-01-23T00:00:00Z,47348
2013-01-22T00:00:00Z,53484
2013-01-21T00:00:00Z,45938
2013-01-20T00:00:00Z,46088
2013-01-19T00:00:00Z,49358
2013-01-18T00:00:00Z,57057
2013-01-17T00:00:00Z,58919
2013-01-16T00:00:00Z,58424
2013-01-15T00:00:00Z,57628
2013-01-14T00:00:00Z,44313
2013-01-13T00:00:00Z,55504
2013-01-12T00:00:00Z,50737
2013-01-11T00:00:00Z,61055
2013-01-10T00:00:00Z,61184
2013-01-09T00:00:00Z,56162
2013-01-08T00:00:00Z,56022
2013-01-07T00:00:00Z,54055
2013-01-06T00:00:00Z,42211
2013-01-05T00:00:00Z,53417
2013-01-04T00:00:00Z,47341
2013-01-03T00:00:00Z,51269
2013-01-02T00:00:00Z,43104
2013-01-01T00:00:00Z,37847
2012-12-31T00:00:00Z,34738
2012-12-30T00:00:00Z,45780
2012-12-29T00:00:00Z,39997
2012-12-28T00:00:00Z,42408
2012-12-27T00:00:00Z,36568
2012-12-26T00:00:00Z,38109
2012-12-25T00:00:00Z,30290
2012-12-24T00:00:00Z,40025
2012-12-23T00:00:00Z,39928
2012-12-22T00:00:00Z,55134
2012-12-21T00:00:00Z,46127
2012-12-20T00:00:00Z,39537
2012-12-19T00:00:00Z,43749
2012-12-18T00:00:00Z,48134
2012-12-17T00:00:00Z,40994
2012-12-16T00:00:00Z,35747
2012-12-15T00:00:00Z,34599
2012-12-14T00:00:00Z,41675
2012-12-13T00:00:00Z,47191
2012-12-12T00:00:00Z,42718
2012-12-11T00:00:00Z,37043
2012-12-10T00:00:00Z,35936
2012-12-09T00:00:00Z,38899
2012-12-08T00:00:00Z,38316
2012-12-07T00:00:00Z,40896
2012-12-06T00:00:00Z,41027
2012-12-05T00:00:00Z,44490
2012-12-04T00:00:00Z,42414
2012-12-03T00:00:00Z,30146
2012-12-02T00:00:00Z,27798
2012-12-01T00:00:00Z,34735
2012-11-30T00:00:00Z,37111
2012-11-29T00:00:00Z,41958
2012-11-28T00:00:00Z,43853
2012-11-27T00:00:00Z,38563
2012-11-26T00:00:00Z,41337
2012-11-25T00:00:00Z,36274
2012-11-24T00:00:00Z,37102
2012-11-23T00:00:00Z,35207
2012-11-22T00:00:00Z,41378
2012-11-21T00:00:00Z,44125
2012-11-20T00:00:00Z,44085
2012-11-19T00:00:00Z,42409
2012-11-18T00:00:00Z,42937
2012-11-17T00:00:00Z,52912
2012-11-16T00:00:00Z,48299
2012-11-15T00:00:00Z,46302
2012-11-14T00:00:00Z,37765
2012-11-13T00:00:00Z,32688
2012-11-12T00:00:00Z,31554
2012-11-11T00:00:00Z,30160
2012-11-10T00:00:00Z,34731
2012-11-09T00:00:00Z,36731
2012-11-08T00:00:00Z,37673
2012-11-07T00:00:00Z,43507
2012-11-06T00:00:00Z,41151
2012-11-05T00:00:00Z,37582
2012-11-04T00:00:00Z,30664
2012-11-03T00:00:00Z,32719
2012-11-02T00:00:00Z,33142
2012-11-01T00:00:00Z,31736
2012-10-31T00:00:00Z,34183
2012-10-30T00:00:00Z,34460
2012-10-29T00:00:00Z,35694
2012-10-28T00:00:00Z,27648
2012-10-27T00:00:00Z,29748
2012-10-26T00:00:00Z,37808
2012-10-25T00:00:00Z,39578
2012-10-24T00:00:00Z,41860
2012-10-23T00:00:00Z,41452
2012-10-22T00:00:00Z,41484
2012-10-21T00:00:00Z,38804
2012-10-20T00:00:00Z,44209
2012-10-19T00:00:00Z,45194
2012-10-18T00:00:00Z,51054
2012-10-17T00:00:00Z,44821
2012-10-16T00:00:00Z,43061
2012-10-15T00:00:00Z,46287
2012-10-14T00:00:00Z,38586
2012-10-13T00:00:00Z,39434
2012-10-12T00:00:00Z,44615
2012-10-11T00:00:00Z,41234
2012-10-10T00:00:00Z,47357
2012-10-09T00:00:00Z,52278
2012-10-08T00:00:00Z,47642
2012-10-07T00:00:00Z,43398
2012-10-06T00:00:00Z,38961
2012-10-05T00:00:00Z,45658
2012-10-04T00:00:00Z,51807
2012-10-03T00:00:00Z,50099
2012-10-02T00:00:00Z,53174
2012-10-01T00:00:00Z,37977
2012-09-30T00:00:00Z,34671
2012-09-29T00:00:00Z,38448
2012-09-28T00:00:00Z,50028
2012-09-27T00:00:00Z,42083
2012-09-26T00:00:00Z,48269
2012-09-25T00:00:00Z,43271
2012-09-24T00:00:00Z,33440
2012-09-23T00:00:00Z,28639
2012-09-22T00:00:00Z,27316
2012-09-21T00:00:00Z,39200
2012-09-20T00:00:00Z,47274
2012-09-19T00:00:00Z,42882
2012-09-18T00:00:00Z,38786
2012-09-17T00:00:00Z,33061
2012-09-16T00:00:00Z,31574
2012-09-15T00:00:00Z,30027
2012-09-14T00:00:00Z,38276
2012-09-13T00:00:00Z,35077
2012-09-12T00:00:00Z,34218
2012-09-11T00:00:00Z,45242
2012-09-10T00:00:00Z,37359
2012-09-09T00:00:00Z,40191
2012-09-08T00:00:00Z,33700
2012-09-07T00:00:00Z,44102
2012-09-06T00:00:00Z,46839
2012-09-05T00:00:00Z,41541
2012-09-04T00:00:00Z,46033
2012-09-03T00:00:00Z,32995
2012-09-02T00:00:00Z,34927
2012-09-01T00:00:00Z,44981
2012-08-31T00:00:00Z,49422
2012-08-30T00:00:00Z,34108
2012-08-29T00:00:00Z,39373
2012-08-28T00:00:00Z,39915
2012-08-27T00:00:00Z,38447
2012-08-26T00:00:00Z,34703
2012-08-25T00:00:00Z,36611
2012-08-24T00:00:00Z,45030
2012-08-23T00:00:00Z,43747
2012-08-22T00:00:00Z,49523
2012-08-21T00:00:00Z,54395
2012-08-20T00:00:00Z,47413
2012-08-19T00:00:00Z,58127
2012-08-18T00:00:00Z,51612
2012-08-17T00:00:00Z,56762
2012-08-16T00:00:00Z,61707
2012-08-15T00:00:00Z,50407
2012-08-14T00:00:00Z,42874
2012-08-13T00:00:00Z,48591
2012-08-12T00:00:00Z,39065
2012-08-11T00:00:00Z,38409
2012-08-10T00:00:00Z,38610
2012-08-09T00:00:00Z,40383
2012-08-08T00:00:00Z,51961
2012-08-07T00:00:00Z,39171
2012-08-06T00:00:00Z,42350
2012-08-05T00:00:00Z,37841
2012-08-04T00:00:00Z,35884
2012-08-03T00:00:00Z,36363
2012-08-02T00:00:00Z,42128
2012-08-01T00:00:00Z,40723
2012-07-31T00:00:00Z,58777
2012-07-30T00:00:00Z,36191
2012-07-29T00:00:00Z,35979
2012-07-28T00:00:00Z,38628
2012-07-27T00:00:00Z,32294
2012-07-26T00:00:00Z,30843
2012-07-25T00:00:00Z,31559
2012-07-24T00:00:00Z,38416
2012-07-23T00:00:00Z,42039
2012-07-22T00:00:00Z,38956
2012-07-21T00:00:00Z,35579
2012-07-20T00:00:00Z,36118
2012-07-19T00:00:00Z,36310
2012-07-18T00:00:00Z,34289
2012-07-17T00:00:00Z,40268
2012-07-16T00:00:00Z,36802
2012-07-15T00:00:00Z,30384
2012-07-14T00:00:00Z,29900
2012-07-13T00:00:00Z,31364
2012-07-12T00:00:00Z,34233
2012-07-11T00:00:00Z,35354
2012-07-10T00:00:00Z,37032
2012-07-09T00:00:00Z,32283
2012-07-08T00:00:00Z,27914
2012-07-07T00:00:00Z,30941
2012-07-06T00:00:00Z,29350
2012-07-05T00:00:00Z,27924
2012-07-04T00:00:00Z,31636
2012-07-03T00:00:00Z,34701
2012-07-02T00:00:00Z,36589
2012-07-01T00:00:00Z,31701
2012-06-30T00:00:00Z,31930
2012-06-29T00:00:00Z,33116
2012-06-28T00:00:00Z,32730
2012-06-27T00:00:00Z,39100
2012-06-26T00:00:00Z,36001
2012-06-25T00:00:00Z,33978
2012-06-24T00:00:00Z,28504
2012-06-23T00:00:00Z,30259
2012-06-22T00:00:00Z,29232
2012-06-21T00:00:00Z,29713
2012-06-20T00:00:00Z,32268
2012-06-19T00:00:00Z,35548
2012-06-18T00:00:00Z,37606
2012-06-17T00:00:00Z,39357
2012-06-16T00:00:00Z,39349
2012-06-15T00:00:00Z,49088
2012-06-14T00:00:00Z,49647
2012-06-13T00:00:00Z,46735
2012-06-12T00:00:00Z,23494
2012-06-11T00:00:00Z,32609
2012-06-10T00:00:00Z,33835
2012-06-09T00:00:00Z,31541
2012-06-08T00:00:00Z,28268
2012-06-07T00:00:00Z,35386
2012-06-06T00:00:00Z,24163
2012-06-05T00:00:00Z,40967
2012-06-04T00:00:00Z,41575
2012-06-03T00:00:00Z,30393
2012-06-02T00:00:00Z,20568
2012-06-01T00:00:00Z,29060
2012-05-31T00:00:00Z,28413
2012-05-30T00:00:00Z,28549
2012-05-29T00:00:00Z,34269
2012-05-28T00:00:00Z,29597
2012-05-27T00:00:00Z,26301
2012-05-26T00:00:00Z,25648
2012-05-25T00:00:00Z,30113
2012-05-24T00:00:00Z,28069
2012-05-23T00:00:00Z,29618
2012-05-22T00:00:00Z,27517
2012-05-21T00:00:00Z,30358
2012-05-20T00:00:00Z,29542
2012-05-19T00:00:00Z,31605
2012-05-18T00:00:00Z,26163
2012-05-17T00:00:00Z,22570
2012-05-16T00:00:00Z,25545
2012-05-15T00:00:00Z,27164
2012-05-14T00:00:00Z,32415
2012-05-13T00:00:00Z,20705
2012-05-12T00:00:00Z,22750
2012-05-11T00:00:00Z,26138
2012-05-10T00:00:00Z,20418
2012-05-09T00:00:00Z,24826
2012-05-08T00:00:00Z,23787
2012-05-07T00:00:00Z,25653
2012-05-06T00:00:00Z,22199
2012-05-05T00:00:00Z,20018
2012-05-04T00:00:00Z,22679
2012-05-03T00:00:00Z,21861
2012-05-02T00:00:00Z,20201
2012-05-01T00:00:00Z,20031
2012-04-30T00:00:00Z,19102
2012-04-29T00:00:00Z,15992
2012-04-28T00:00:00Z,15970
2012-04-27T00:00:00Z,17204
2012-04-26T00:00:00Z,19170
2012-04-25T00:00:00Z,17455
2012-04-24T00:00:00Z,17332
2012-04-23T00:00:00Z,16736
2012-04-22T00:00:00Z,14699
2012-04-21T00:00:00Z,16315
2012-04-20T00:00:00Z,19347
2012-04-19T00:00:00Z,17783
2012-04-18T00:00:00Z,19372
2012-04-17T00:00:00Z,18548
2012-04-16T00:00:00Z,19109
2012-04-15T00:00:00Z,16241
2012-04-14T00:00:00Z,17359
2012-04-13T00:00:00Z,15779
2012-04-12T00:00:00Z,18832
2012-04-11T00:00:00Z,18459
2012-04-10T00:00:00Z,17423
2012-04-09T00:00:00Z,15216
2012-04-08T00:00:00Z,13926
2012-04-07T00:00:00Z,14274
2012-04-06T00:00:00Z,16329
2012-04-05T00:00:00Z,16395
2012-04-04T00:00:00Z,16685
2012-04-03T00:00:00Z,18803
2012-04-02T00:00:00Z,14893
2012-04-01T00:00:00Z,12759
2012-03-31T00:00:00Z,14045
2012-03-30T00:00:00Z,15033
2012-03-29T00:00:00Z,17030
2012-03-28T00:00:00Z,16244
2012-03-27T00:00:00Z,15522
2012-03-26T00:00:00Z,15782
2012-03-25T00:00:00Z,14491
2012-03-24T00:00:00Z,13945
2012-03-23T00:00:00Z,14260
2012-03-22T00:00:00Z,15715
2012-03-21T00:00:00Z,16217
2012-03-20T00:00:00Z,15983
2012-03-19T00:00:00Z,15519
2012-03-18T00:00:00Z,13887
2012-03-17T00:00:00Z,16086
2012-03-16T00:00:00Z,16247
2012-03-15T00:00:00Z,15147
2012-03-14T00:00:00Z,16187
2012-03-13T00:00:00Z,16826
2012-03-12T00:00:00Z,14364
2012-03-11T00:00:00Z,12646
2012-03-10T00:00:00Z,12889
2012-03-09T00:00:00Z,15798
2012-03-08T00:00:00Z,15706
2012-03-07T00:00:00Z,15214
2012-03-06T00:00:00Z,15305
2012-03-05T00:00:00Z,16145
2012-03-04T00:00:00Z,14964
2012-03-03T00:00:00Z,12594
2012-03-02T00:00:00Z,17620
2012-03-01T00:00:00Z,16145
2012-02-29T00:00:00Z,15445
2012-02-28T00:00:00Z,16329
2012-02-27T00:00:00Z,14914
2012-02-26T00:00:00Z,13328
2012-02-25T00:00:00Z,15160
2012-02-24T00:00:00Z,16526
2012-02-23T00:00:00Z,17561
2012-02-22T00:00:00Z,16292
2012-02-21T00:00:00Z,14720
2012-02-20T00:00:00Z,14292
2012-02-19T00:00:00Z,13247
2012-02-18T00:00:00Z,14502
2012-02-17T00:00:00Z,14221
2012-02-16T00:00:00Z,18666
2012-02-15T00:00:00Z,17766
2012-02-14T00:00:00Z,18406
2012-02-13T00:00:00Z,16251
2012-02-12T00:00:00Z,14180
2012-02-11T00:00:00Z,15288
2012-02-10T00:00:00Z,16357
2012-02-09T00:00:00Z,15120
2012-02-08T00:00:00Z,14594
2012-02-07T00:00:00Z,14708
2012-02-06T00:00:00Z,13895
2012-02-05T00:00:00Z,14857
2012-02-04T00:00:00Z,16362
2012-02-03T00:00:00Z,16552
2012-02-02T00:00:00Z,16105
2012-02-01T00:00:00Z,14973
2012-01-31T00:00:00Z,15630
2012-01-30T00:00:00Z,13507
2012-01-29T00:00:00Z,14391
2012-01-28T00:00:00Z,13054
2012-01-27T00:00:00Z,14435
2012-01-26T00:00:00Z,14442
2012-01-25T00:00:00Z,16587
2012-01-24T00:00:00Z,14939
2012-01-23T00:00:00Z,13217
2012-01-22T00:00:00Z,11406
2012-01-21T00:00:00Z,13531
2012-01-20T00:00:00Z,14198
2012-01-19T00:00:00Z,15098
2012-01-18T00:00:00Z,14746
2012-01-17T00:00:00Z,14330
2012-01-16T00:00:00Z,14878
2012-01-15T00:00:00Z,13549
2012-01-14T00:00:00Z,14569
2012-01-13T00:00:00Z,14501
2012-01-12T00:00:00Z,13881
2012-01-11T00:00:00Z,16992
2012-01-10T00:00:00Z,16090
2012-01-09T00:00:00Z,14844
2012-01-08T00:00:00Z,14674
2012-01-07T00:00:00Z,13427
2012-01-06T00:00:00Z,14910
2012-01-05T00:00:00Z,15385
2012-01-04T00:00:00Z,12471
2012-01-03T00:00:00Z,13137
2012-01-02T00:00:00Z,11916
2012-01-01T00:00:00Z,11447
2011-12-31T00:00:00Z,10888
2011-12-30T00:00:00Z,10545
2011-12-29T00:00:00Z,11323
2011-12-28T00:00:00Z,10807
2011-12-27T00:00:00Z,11747
2011-12-26T00:00:00Z,12176
2011-12-25T00:00:00Z,11802
2011-12-24T00:00:00Z,10251
2011-12-23T00:00:00Z,12107
2011-12-22T00:00:00Z,12035
2011-12-21T00:00:00Z,11884
2011-12-20T00:00:00Z,13692
2011-12-19T00:00:00Z,12721
2011-12-18T00:00:00Z,9875
2011-12-17T00:00:00Z,10216
2011-12-16T00:00:00Z,10634
2011-12-15T00:00:00Z,10026
2011-12-14T00:00:00Z,11974
2011-12-13T00:00:00Z,11984
2011-12-12T00:00:00Z,11360
2011-12-11T00:00:00Z,12137
2011-12-10T00:00:00Z,11948
2011-12-09T00:00:00Z,11781
2011-12-08T00:00:00Z,14060
2011-12-07T00:00:00Z,12911
2011-12-06T00:00:00Z,15245
2011-12-05T00:00:00Z,13079
2011-12-04T00:00:00Z,11874
2011-12-03T00:00:00Z,12859
2011-12-02T00:00:00Z,13329
2011-12-01T00:00:00Z,14029
2011-11-30T00:00:00Z,15436
2011-11-29T00:00:00Z,14377
2011-11-28T00:00:00Z,12622
2011-11-27T00:00:00Z,10753
2011-11-26T00:00:00Z,10289
2011-11-25T00:00:00Z,11683
2011-11-24T00:00:00Z,10947
2011-11-23T00:00:00Z,11500
2011-11-22T00:00:00Z,11491
2011-11-21T00:00:00Z,10159
2011-11-20T00:00:00Z,11420
2011-11-19T00:00:00Z,10092
2011-11-18T00:00:00Z,12421
2011-11-17T00:00:00Z,12196
2011-11-16T00:00:00Z,13156
2011-11-15T00:00:00Z,14168
2011-11-14T00:00:00Z,13718
2011-11-13T00:00:00Z,12538
2011-11-12T00:00:00Z,12839
2011-11-11T00:00:00Z,12166
2011-11-10T00:00:00Z,14362
2011-11-09T00:00:00Z,14341
2011-11-08T00:00:00Z,13738
2011-11-07T00:00:00Z,12641
2011-11-06T00:00:00Z,11541
2011-11-05T00:00:00Z,13495
2011-11-04T00:00:00Z,15815
2011-11-03T00:00:00Z,13114
2011-11-02T00:00:00Z,13120
2011-11-01T00:00:00Z,12768
2011-10-31T00:00:00Z,12022
2011-10-30T00:00:00Z,11401
2011-10-29T00:00:00Z,12873
2011-10-28T00:00:00Z,12707
2011-10-27T00:00:00Z,11458
2011-10-26T00:00:00Z,12447
2011-10-25T00:00:00Z,13107
2011-10-24T00:00:00Z,13953
2011-10-23T00:00:00Z,13218
2011-10-22T00:00:00Z,12109
2011-10-21T00:00:00Z,12051
2011-10-20T00:00:00Z,11118
2011-10-19T00:00:00Z,12555
2011-10-18T00:00:00Z,12316
2011-10-17T00:00:00Z,14144
2011-10-16T00:00:00Z,11983
2011-10-15T00:00:00Z,13158
2011-10-14T00:00:00Z,14554
2011-10-13T00:00:00Z,11659
2011-10-12T00:00:00Z,13584
2011-10-11T00:00:00Z,13716
2011-10-10T00:00:00Z,13349
2011-10-09T00:00:00Z,12276
2011-10-08T00:00:00Z,12497
2011-10-07T00:00:00Z,13747
2011-10-06T00:00:00Z,14442
2011-10-05T00:00:00Z,13654
2011-10-04T00:00:00Z,13799
2011-10-03T00:00:00Z,13848
2011-10-02T00:00:00Z,11841
2011-10-01T00:00:00Z,12999
2011-09-30T00:00:00Z,13468
2011-09-29T00:00:00Z,12797
2011-09-28T00:00:00Z,13750
2011-09-27T00:00:00Z,18692
2011-09-26T00:00:00Z,17764
2011-09-25T00:00:00Z,19237
2011-09-24T00:00:00Z,19433
2011-09-23T00:00:00Z,19994
2011-09-22T00:00:00Z,17540
2011-09-21T00:00:00Z,17933
2011-09-20T00:00:00Z,21913
2011-09-19T00:00:00Z,16062
2011-09-18T00:00:00Z,14359
2011-09-17T00:00:00Z,13124
2011-09-16T00:00:00Z,14561
2011-09-15T00:00:00Z,15457
2011-09-14T00:00:00Z,14793
2011-09-13T00:00:00Z,14870
2011-09-12T00:00:00Z,16638
2011-09-11T00:00:00Z,15421
2011-09-10T00:00:00Z,15938
2011-09-09T00:00:00Z,18605
2011-09-08T00:00:00Z,15802
2011-09-07T00:00:00Z,16824
2011-09-06T00:00:00Z,18776
2011-09-05T00:00:00Z,18243
2011-09-04T00:00:00Z,17537
2011-09-03T00:00:00Z,14464
2011-09-02T00:00:00Z,16099
2011-09-01T00:00:00Z,16984
2011-08-31T00:00:00Z,17029
2011-08-30T00:00:00Z,17534
2011-08-29T00:00:00Z,18891
2011-08-28T00:00:00Z,18476
2011-08-27T00:00:00Z,20857
2011-08-26T00:00:00Z,21536
2011-08-25T00:00:00Z,23113
2011-08-24T00:00:00Z,22129
2011-08-23T00:00:00Z,22694
2011-08-22T00:00:00Z,25202
2011-08-21T00:00:00Z,22785
2011-08-20T00:00:00Z,21113
2011-08-19T00:00:00Z,22234
2011-08-18T00:00:00Z,20674
2011-08-17T00:00:00Z,20363
2011-08-16T00:00:00Z,20992
2011-08-15T00:00:00Z,19221
2011-08-14T00:00:00Z,21505
2011-08-13T00:00:00Z,19184
2011-08-12T00:00:00Z,17126
2011-08-11T00:00:00Z,18290
2011-08-10T00:00:00Z,19711
2011-08-09T00:00:00Z,23668
2011-08-08T00:00:00Z,24628
2011-08-07T00:00:00Z,20060
2011-08-06T00:00:00Z,20231
2011-08-05T00:00:00Z,21510
2011-08-04T00:00:00Z,18966
2011-08-03T00:00:00Z,18410
2011-08-02T00:00:00Z,21703
2011-08-01T00:00:00Z,23757
2011-07-31T00:00:00Z,24137
2011-07-30T00:00:00Z,19760
2011-07-29T00:00:00Z,22221
2011-07-28T00:00:00Z,25901
2011-07-27T00:00:00Z,23479
2011-07-26T00:00:00Z,23820
2011-07-25T00:00:00Z,26960
2011-07-24T00:00:00Z,23227
2011-07-23T00:00:00Z,21907
2011-07-22T00:00:00Z,24454
2011-07-21T00:00:00Z,25435
2011-07-20T00:00:00Z,25886
2011-07-19T00:00:00Z,24900
2011-07-18T00:00:00Z,27882
2011-07-17T00:00:00Z,24676
2011-07-16T00:00:00Z,24053
2011-07-15T00:00:00Z,24433
2011-07-14T00:00:00Z,28843
2011-07-13T00:00:00Z,27175
2011-07-12T00:00:00Z,23044
2011-07-11T00:00:00Z,25850
2011-07-10T00:00:00Z,28709
2011-07-09T00:00:00Z,22762
2011-07-08T00:00:00Z,24626
2011-07-07T00:00:00Z,22941
2011-07-06T00:00:00Z,26919
2011-07-05T00:00:00Z,23298
2011-07-04T00:00:00Z,23558
2011-07-03T00:00:00Z,22246
2011-07-02T00:00:00Z,32231
2011-07-01T00:00:00Z,30214
2011-06-30T00:00:00Z,23460
2011-06-29T00:00:00Z,24333
2011-06-28T00:00:00Z,26181
2011-06-27T00:00:00Z,30137
2011-06-26T00:00:00Z,23539
2011-06-25T00:00:00Z,22629
2011-06-24T00:00:00Z,25214
2011-06-23T00:00:00Z,24370
2011-06-22T00:00:00Z,26764
2011-06-21T00:00:00Z,24996
2011-06-20T00:00:00Z,25961
2011-06-19T00:00:00Z,27766
2011-06-18T00:00:00Z,26115
2011-06-17T00:00:00Z,26054
2011-06-16T00:00:00Z,28868
2011-06-15T00:00:00Z,27541
2011-06-14T00:00:00Z,29778
2011-06-13T00:00:00Z,25809
2011-06-12T00:00:00Z,27014
2011-06-11T00:00:00Z,23770
2011-06-10T00:00:00Z,24145
2011-06-09T00:00:00Z,26279
2011-06-08T00:00:00Z,27306
2011-06-07T00:00:00Z,18964
2011-06-06T00:00:00Z,20962
2011-06-05T00:00:00Z,17861
2011-06-04T00:00:00Z,19419
2011-06-03T00:00:00Z,17815
2011-06-02T00:00:00Z,15518
2011-06-01T00:00:00Z,13981
2011-05-31T00:00:00Z,14046
2011-05-30T00:00:00Z,12747
2011-05-29T00:00:00Z,11197
2011-05-28T00:00:00Z,11640
2011-05-27T00:00:00Z,10813
2011-05-26T00:00:00Z,14476
2011-05-25T00:00:00Z,14562
2011-05-24T00:00:00Z,13185
2011-05-23T00:00:00Z,12092
2011-05-22T00:00:00Z,10834
2011-05-21T00:00:00Z,10772
2011-05-20T00:00:00Z,11600
2011-05-19T00:00:00Z,11998
2011-05-18T00:00:00Z,12939
2011-05-17T00:00:00Z,10497
2011-05-16T00:00:00Z,11771
2011-05-15T00:00:00Z,8317
2011-05-14T00:00:00Z,8975
2011-05-13T00:00:00Z,9451
2011-05-12T00:00:00Z,7229
2011-05-11T00:00:00Z,7085
2011-05-10T00:00:00Z,7165
2011-05-09T00:00:00Z,7565
2011-05-08T00:00:00Z,6400
2011-05-07T00:00:00Z,7278
2011-05-06T00:00:00Z,6852
2011-05-05T00:00:00Z,7096
2011-05-04T00:00:00Z,6372
2011-05-03T00:00:00Z,6050
2011-05-02T00:00:00Z,5987
2011-05-01T00:00:00Z,7490
2011-04-30T00:00:00Z,8157
2011-04-29T00:00:00Z,6747
2011-04-28T00:00:00Z,6221
2011-04-27T00:00:00Z,7489
2011-04-26T00:00:00Z,6147
2011-04-25T00:00:00Z,5074
2011-04-24T00:00:00Z,4657
2011-04-23T00:00:00Z,4937
2011-04-22T00:00:00Z,4248
2011-04-21T00:00:00Z,4047
2011-04-20T00:00:00Z,5387
2011-04-19T00:00:00Z,6349
2011-04-18T00:00:00Z,5540
2011-04-17T00:00:00Z,4349
2011-04-16T00:00:00Z,5369
2011-04-15T00:00:00Z,4147
2011-04-14T00:00:00Z,5966
2011-04-13T00:00:00Z,4672
2011-04-12T00:00:00Z,4330
2011-04-11T00:00:00Z,4060
2011-04-10T00:00:00Z,3513
2011-04-09T00:00:00Z,3615
2011-04-08T00:00:00Z,3649
2011-04-07T00:00:00Z,3423
2011-04-06T00:00:00Z,3867
2011-04-05T00:00:00Z,4307
2011-04-04T00:00:00Z,4621
2011-04-03T00:00:00Z,3626
2011-04-02T00:00:00Z,3304
2011-04-01T00:00:00Z,3279
2011-03-31T00:00:00Z,4160
2011-03-30T00:00:00Z,3662
2011-03-29T00:00:00Z,4653
2011-03-28T00:00:00Z,5336
2011-03-27T00:00:00Z,4772
2011-03-26T00:00:00Z,4828
2011-03-25T00:00:00Z,4170
2011-03-24T00:00:00Z,4388
2011-03-23T00:00:00Z,6864
2011-03-22T00:00:00Z,3862
2011-03-21T00:00:00Z,4652
2011-03-20T00:00:00Z,4449
2011-03-19T00:00:00Z,3176
2011-03-18T00:00:00Z,3094
2011-03-17T00:00:00Z,3225
2011-03-16T00:00:00Z,3166
2011-03-15T00:00:00Z,3299
2011-03-14T00:00:00Z,2900
2011-03-13T00:00:00Z,2893
2011-03-12T00:00:00Z,3232
2011-03-11T00:00:00Z,3048
2011-03-10T00:00:00Z,2912
2011-03-09T00:00:00Z,3384
2011-03-08T00:00:00Z,3867
2011-03-07T00:00:00Z,3409
2011-03-06T00:00:00Z,3316
2011-03-05T00:00:00Z,3610
2011-03-04T00:00:00Z,3281
2011-03-03T00:00:00Z,4894
2011-03-02T00:00:00Z,3728
2011-03-01T00:00:00Z,5194
2011-02-28T00:00:00Z,3028
2011-02-27T00:00:00Z,3633
2011-02-26T00:00:00Z,3581
2011-02-25T00:00:00Z,3416
2011-02-24T00:00:00Z,3677
2011-02-23T00:00:00Z,3798
2011-02-22T00:00:00Z,3781
2011-02-21T00:00:00Z,3291
2011-02-20T00:00:00Z,3177
2011-02-19T00:00:00Z,2892
2011-02-18T00:00:00Z,3608
2011-02-17T00:00:00Z,3492
2011-02-16T00:00:00Z,2982
2011-02-15T00:00:00Z,3410
2011-02-14T00:00:00Z,4117
2011-02-13T00:00:00Z,3266
2011-02-12T00:00:00Z,3300
2011-02-11T00:00:00Z,4310
2011-02-10T00:00:00Z,3549
2011-02-09T00:00:00Z,2088
2011-02-08T00:00:00Z,1427
2011-02-07T00:00:00Z,1398
2011-02-06T00:00:00Z,1393
2011-02-05T00:00:00Z,1525
2011-02-04T00:00:00Z,1509
2011-02-03T00:00:00Z,1266
2011-02-02T00:00:00Z,1490
2011-02-01T00:00:00Z,1916
2011-01-31T00:00:00Z,2229
2011-01-30T00:00:00Z,3198
2011-01-29T00:00:00Z,2077
2011-01-28T00:00:00Z,1690
2011-01-27T00:00:00Z,1653
2011-01-26T00:00:00Z,1586
2011-01-25T00:00:00Z,1445
2011-01-24T00:00:00Z,2058
2011-01-23T00:00:00Z,1932
2011-01-22T00:00:00Z,2196
2011-01-21T00:00:00Z,1969
2011-01-20T00:00:00Z,1453
2011-01-19T00:00:00Z,1545
2011-01-18T00:00:00Z,1416
2011-01-17T00:00:00Z,1348
2011-01-16T00:00:00Z,1536
2011-01-15T00:00:00Z,1422
2011-01-14T00:00:00Z,1607
2011-01-13T00:00:00Z,1696
2011-01-12T00:00:00Z,1263
2011-01-11T00:00:00Z,1552
2011-01-10T00:00:00Z,1437
2011-01-09T00:00:00Z,1383
2011-01-08T00:00:00Z,1473
2011-01-07T00:00:00Z,1254
2011-01-06T00:00:00Z,1161
2011-01-05T00:00:00Z,1540
2011-01-04T00:00:00Z,1078
2011-01-03T00:00:00Z,1398
2011-01-02T00:00:00Z,1051
2011-01-01T00:00:00Z,1077
2010-12-31T00:00:00Z,898
2010-12-30T00:00:00Z,1091
2010-12-29T00:00:00Z,990
2010-12-28T00:00:00Z,1030
2010-12-27T00:00:00Z,1142
2010-12-26T00:00:00Z,1029
2010-12-25T00:00:00Z,1076
2010-12-24T00:00:00Z,851
2010-12-23T00:00:00Z,1018
2010-12-22T00:00:00Z,1276
2010-12-21T00:00:00Z,1091
2010-12-20T00:00:00Z,1461
2010-12-19T00:00:00Z,1088
2010-12-18T00:00:00Z,859
2010-12-17T00:00:00Z,796
2010-12-16T00:00:00Z,949
2010-12-15T00:00:00Z,1121
2010-12-14T00:00:00Z,1137
2010-12-13T00:00:00Z,1676
2010-12-12T00:00:00Z,1194
2010-12-11T00:00:00Z,1070
2010-12-10T00:00:00Z,636
2010-12-09T00:00:00Z,835
2010-12-08T00:00:00Z,903
2010-12-07T00:00:00Z,1142
2010-12-06T00:00:00Z,734
2010-12-05T00:00:00Z,695
2010-12-04T00:00:00Z,729
2010-12-03T00:00:00Z,881
2010-12-02T00:00:00Z,812
2010-12-01T00:00:00Z,1109
2010-11-30T00:00:00Z,797
2010-11-29T00:00:00Z,900
2010-11-28T00:00:00Z,706
2010-11-27T00:00:00Z,822
2010-11-26T00:00:00Z,1197
2010-11-25T00:00:00Z,912
2010-11-24T00:00:00Z,963
2010-11-23T00:00:00Z,660
2010-11-22T00:00:00Z,624
2010-11-21T00:00:00Z,758
2010-11-20T00:00:00Z,784
2010-11-19T00:00:00Z,641
2010-11-18T00:00:00Z,632
2010-11-17T00:00:00Z,675
2010-11-16T00:00:00Z,3365
2010-11-15T00:00:00Z,4396
2010-11-14T00:00:00Z,902
2010-11-13T00:00:00Z,579
2010-11-12T00:00:00Z,456
2010-11-11T00:00:00Z,601
2010-11-10T00:00:00Z,652
2010-11-09T00:00:00Z,648
2010-11-08T00:00:00Z,1571
2010-11-07T00:00:00Z,690
2010-11-06T00:00:00Z,596
2010-11-05T00:00:00Z,835
2010-11-04T00:00:00Z,607
2010-11-03T00:00:00Z,574
2010-11-02T00:00:00Z,458
2010-11-01T00:00:00Z,597
2010-10-31T00:00:00Z,572
2010-10-30T00:00:00Z,659
2010-10-29T00:00:00Z,848
2010-10-28T00:00:00Z,998
2010-10-27T00:00:00Z,1117
2010-10-26T00:00:00Z,866
2010-10-25T00:00:00Z,752
2010-10-24T00:00:00Z,851
2010-10-23T00:00:00Z,835
2010-10-22T00:00:00Z,972
2010-10-21T00:00:00Z,994
2010-10-20T00:00:00Z,1183
2010-10-19T00:00:00Z,1408
2010-10-18T00:00:00Z,947
2010-10-17T00:00:00Z,752
2010-10-16T00:00:00Z,933
2010-10-15T00:00:00Z,581
2010-10-14T00:00:00Z,634
2010-10-13T00:00:00Z,926
2010-10-12T00:00:00Z,646
2010-10-11T00:00:00Z,631
2010-10-10T00:00:00Z,623
2010-10-09T00:00:00Z,750
2010-10-08T00:00:00Z,813
2010-10-07T00:00:00Z,647
2010-10-06T00:00:00Z,692
2010-10-05T00:00:00Z,704
2010-10-04T00:00:00Z,828
2010-10-03T00:00:00Z,672
2010-10-02T00:00:00Z,780
2010-10-01T00:00:00Z,847
2010-09-30T00:00:00Z,638
2010-09-29T00:00:00Z,1198
2010-09-28T00:00:00Z,1699
2010-09-27T00:00:00Z,1269
2010-09-26T00:00:00Z,623
2010-09-25T00:00:00Z,825
2010-09-24T00:00:00Z,807
2010-09-23T00:00:00Z,1049
2010-09-22T00:00:00Z,1039
2010-09-21T00:00:00Z,1216
2010-09-20T00:00:00Z,705
2010-09-19T00:00:00Z,654
2010-09-18T00:00:00Z,562
2010-09-17T00:00:00Z,1003
2010-09-16T00:00:00Z,685
2010-09-15T00:00:00Z,662
2010-09-14T00:00:00Z,664
2010-09-13T00:00:00Z,718
2010-09-12T00:00:00Z,711
2010-09-11T00:00:00Z,433
2010-09-10T00:00:00Z,541
2010-09-09T00:00:00Z,514
2010-09-08T00:00:00Z,545
2010-09-07T00:00:00Z,403
2010-09-06T00:00:00Z,511
2010-09-05T00:00:00Z,548
2010-09-04T00:00:00Z,451
2010-09-03T00:00:00Z,500
2010-09-02T00:00:00Z,543
2010-09-01T00:00:00Z,603
2010-08-31T00:00:00Z,734
2010-08-30T00:00:00Z,522
2010-08-29T00:00:00Z,390
2010-08-28T00:00:00Z,527
2010-08-27T00:00:00Z,497
2010-08-26T00:00:00Z,652
2010-08-25T00:00:00Z,499
2010-08-24T00:00:00Z,632
2010-08-23T00:00:00Z,653
2010-08-22T00:00:00Z,586
2010-08-21T00:00:00Z,528
2010-08-20T00:00:00Z,656
2010-08-19T00:00:00Z,470
2010-08-18T00:00:00Z,726
2010-08-17T00:00:00Z,494
2010-08-16T00:00:00Z,772
2010-08-15T00:00:00Z,425
2010-08-14T00:00:00Z,563
2010-08-13T00:00:00Z,847
2010-08-12T00:00:00Z,579
2010-08-11T00:00:00Z,701
2010-08-10T00:00:00Z,590
2010-08-09T00:00:00Z,778
2010-08-08T00:00:00Z,584
2010-08-07T00:00:00Z,514
2010-08-06T00:00:00Z,638
2010-08-05T00:00:00Z,819
2010-08-04T00:00:00Z,731
2010-08-03T00:00:00Z,974
2010-08-02T00:00:00Z,627
2010-08-01T00:00:00Z,620
2010-07-31T00:00:00Z,475
2010-07-30T00:00:00Z,583
2010-07-29T00:00:00Z,528
2010-07-28T00:00:00Z,674
2010-07-27T00:00:00Z,771
2010-07-26T00:00:00Z,1238
2010-07-25T00:00:00Z,2132
2010-07-24T00:00:00Z,964
2010-07-23T00:00:00Z,652
2010-07-22T00:00:00Z,599
2010-07-21T00:00:00Z,809
2010-07-20T00:00:00Z,906
2010-07-19T00:00:00Z,972
2010-07-18T00:00:00Z,917
2010-07-17T00:00:00Z,804
2010-07-16T00:00:00Z,1724
2010-07-15T00:00:00Z,2019
2010-07-14T00:00:00Z,6763
2010-07-13T00:00:00Z,1998
2010-07-12T00:00:00Z,3551
2010-07-11T00:00:00Z,587
2010-07-10T00:00:00Z,402
2010-07-09T00:00:00Z,348
2010-07-08T00:00:00Z,314
2010-07-07T00:00:00Z,383
2010-07-06T00:00:00Z,269
2010-07-05T00:00:00Z,383
2010-07-04T00:00:00Z,437
2010-07-03T00:00:00Z,358
2010-07-02T00:00:00Z,379
2010-07-01T00:00:00Z,405
2010-06-30T00:00:00Z,450
2010-06-29T00:00:00Z,401
2010-06-28T00:00:00Z,289
2010-06-27T00:00:00Z,316
2010-06-26T00:00:00Z,249
2010-06-25T00:00:00Z,249
2010-06-24T00:00:00Z,368
2010-06-23T00:00:00Z,350
2010-06-22T00:00:00Z,364
2010-06-21T00:00:00Z,346
2010-06-20T00:00:00Z,308
2010-06-19T00:00:00Z,379
2010-06-18T00:00:00Z,274
2010-06-17T00:00:00Z,282
2010-06-16T00:00:00Z,294
2010-06-15T00:00:00Z,365
2010-06-14T00:00:00Z,422
2010-06-13T00:00:00Z,342
2010-06-12T00:00:00Z,293
2010-06-11T00:00:00Z,354
2010-06-10T00:00:00Z,287
2010-06-09T00:00:00Z,352
2010-06-08T00:00:00Z,340
2010-06-07T00:00:00Z,480
2010-06-06T00:00:00Z,270
2010-06-05T00:00:00Z,261
2010-06-04T00:00:00Z,236
2010-06-03T00:00:00Z,402
2010-06-02T00:00:00Z,257
2010-06-01T00:00:00Z,276
2010-05-31T00:00:00Z,281
2010-05-30T00:00:00Z,271
2010-05-29T00:00:00Z,360
2010-05-28T00:00:00Z,360
2010-05-27T00:00:00Z,382
2010-05-26T00:00:00Z,403
2010-05-25T00:00:00Z,345
2010-05-24T00:00:00Z,328
2010-05-23T00:00:00Z,449
2010-05-22T00:00:00Z,345
2010-05-21T00:00:00Z,333
2010-05-20T00:00:00Z,287
2010-05-19T00:00:00Z,312
2010-05-18T00:00:00Z,303
2010-05-17T00:00:00Z,291
2010-05-16T00:00:00Z,169
2010-05-15T00:00:00Z,160
2010-05-14T00:00:00Z,249
2010-05-13T00:00:00Z,257
2010-05-12T00:00:00Z,262
2010-05-11T00:00:00Z,160
2010-05-10T00:00:00Z,297
2010-05-09T00:00:00Z,256
2010-05-08T00:00:00Z,446
2010-05-07T00:00:00Z,234
2010-05-06T00:00:00Z,441
2010-05-05T00:00:00Z,296
2010-05-04T00:00:00Z,325
2010-05-03T00:00:00Z,279
2010-05-02T00:00:00Z,206
2010-05-01T00:00:00Z,264
2010-04-30T00:00:00Z,207
2010-04-29T00:00:00Z,217
2010-04-28T00:00:00Z,323
2010-04-27T00:00:00Z,273
2010-04-26T00:00:00Z,278
2010-04-25T00:00:00Z,344
2010-04-24T00:00:00Z,285
2010-04-23T00:00:00Z,243
2010-04-22T00:00:00Z,233
2010-04-21T00:00:00Z,375
2010-04-20T00:00:00Z,426
2010-04-19T00:00:00Z,546
2010-04-18T00:00:00Z,3468
2010-04-17T00:00:00Z,305
2010-04-16T00:00:00Z,434
2010-04-15T00:00:00Z,927
2010-04-14T00:00:00Z,312
2010-04-13T00:00:00Z,241
2010-04-12T00:00:00Z,355
2010-04-11T00:00:00Z,403
2010-04-10T00:00:00Z,556
2010-04-09T00:00:00Z,320
2010-04-08T00:00:00Z,217
2010-04-07T00:00:00Z,303
2010-04-06T00:00:00Z,267
2010-04-05T00:00:00Z,307
2010-04-04T00:00:00Z,241
2010-04-03T00:00:00Z,192
2010-04-02T00:00:00Z,179
2010-04-01T00:00:00Z,199
2010-03-31T00:00:00Z,238
2010-03-30T00:00:00Z,226
2010-03-29T00:00:00Z,268
2010-03-28T00:00:00Z,207
2010-03-27T00:00:00Z,206
2010-03-26T00:00:00Z,280
2010-03-25T00:00:00Z,539
2010-03-24T00:00:00Z,208
2010-03-23T00:00:00Z,289
2010-03-22T00:00:00Z,224
2010-03-21T00:00:00Z,193
2010-03-20T00:00:00Z,273
2010-03-19T00:00:00Z,289
2010-03-18T00:00:00Z,225
2010-03-17T00:00:00Z,164
2010-03-16T00:00:00Z,154
2010-03-15T00:00:00Z,145
2010-03-14T00:00:00Z,134
2010-03-13T00:00:00Z,190
2010-03-12T00:00:00Z,130
2010-03-11T00:00:00Z,200
2010-03-10T00:00:00Z,211
2010-03-09T00:00:00Z,229
2010-03-08T00:00:00Z,313
2010-03-07T00:00:00Z,297
2010-03-06T00:00:00Z,274
2010-03-05T00:00:00Z,175
2010-03-04T00:00:00Z,575
2010-03-03T00:00:00Z,260
2010-03-02T00:00:00Z,233
2010-03-01T00:00:00Z,227
2010-02-28T00:00:00Z,264
2010-02-27T00:00:00Z,184
2010-02-26T00:00:00Z,196
2010-02-25T00:00:00Z,300
2010-02-24T00:00:00Z,283
2010-02-23T00:00:00Z,252
2010-02-22T00:00:00Z,531
2010-02-21T00:00:00Z,344
2010-02-20T00:00:00Z,221
2010-02-19T00:00:00Z,198
2010-02-18T00:00:00Z,267
2010-02-17T00:00:00Z,267
2010-02-16T00:00:00Z,217
2010-02-15T00:00:00Z,271
2010-02-14T00:00:00Z,263
2010-02-13T00:00:00Z,318
2010-02-12T00:00:00Z,225
2010-02-11T00:00:00Z,245
2010-02-10T00:00:00Z,777
2010-02-09T00:00:00Z,623
2010-02-08T00:00:00Z,329
2010-02-07T00:00:00Z,230
2010-02-06T00:00:00Z,224
2010-02-05T00:00:00Z,472
2010-02-04T00:00:00Z,269
2010-02-03T00:00:00Z,277
2010-02-02T00:00:00Z,167
2010-02-01T00:00:00Z,203
2010-01-31T00:00:00Z,184
2010-01-30T00:00:00Z,248
2010-01-29T00:00:00Z,213
2010-01-28T00:00:00Z,199
2010-01-27T00:00:00Z,181
2010-01-26T00:00:00Z,215
2010-01-25T00:00:00Z,272
2010-01-24T00:00:00Z,156
2010-01-23T00:00:00Z,164
2010-01-22T00:00:00Z,141
2010-01-21T00:00:00Z,187
2010-01-20T00:00:00Z,158
2010-01-19T00:00:00Z,124
2010-01-18T00:00:00Z,128
2010-01-17T00:00:00Z,131
2010-01-16T00:00:00Z,132
2010-01-15T00:00:00Z,147
2010-01-14T00:00:00Z,155
2010-01-13T00:00:00Z,168
2010-01-12T00:00:00Z,375
2010-01-11T00:00:00Z,159
2010-01-10T00:00:00Z,190
2010-01-09T00:00:00Z,151
2010-01-08T00:00:00Z,153
2010-01-07T00:00:00Z,154
2010-01-06T00:00:00Z,163
2010-01-05T00:00:00Z,198
2010-01-04T00:00:00Z,266
2010-01-03T00:00:00Z,186
2010-01-02T00:00:00Z,127
2010-01-01T00:00:00Z,137
2009-12-31T00:00:00Z,138
2009-12-30T00:00:00Z,141
2009-12-29T00:00:00Z,171
2009-12-28T00:00:00Z,137
2009-12-27T00:00:00Z,173
2009-12-26T00:00:00Z,174
2009-12-25T00:00:00Z,151
2009-12-24T00:00:00Z,154
2009-12-23T00:00:00Z,154
2009-12-22T00:00:00Z,162
2009-12-21T00:00:00Z,177
2009-12-20T00:00:00Z,175
2009-12-19T00:00:00Z,200
2009-12-18T00:00:00Z,225
2009-12-17T00:00:00Z,179
2009-12-16T00:00:00Z,154
2009-12-15T00:00:00Z,119
2009-12-14T00:00:00Z,437
2009-12-13T00:00:00Z,114
2009-12-12T00:00:00Z,178
2009-12-11T00:00:00Z,112
2009-12-10T00:00:00Z,104
2009-12-09T00:00:00Z,120
2009-12-08T00:00:00Z,136
2009-12-07T00:00:00Z,112
2009-12-06T00:00:00Z,107
2009-12-05T00:00:00Z,84
2009-12-04T00:00:00Z,36
2009-12-03T00:00:00Z,88
2009-12-02T00:00:00Z,94
2009-12-01T00:00:00Z,240
2009-11-30T00:00:00Z,75
2009-11-29T00:00:00Z,60
2009-11-28T00:00:00Z,71
2009-11-27T00:00:00Z,74
2009-11-26T00:00:00Z,84
2009-11-25T00:00:00Z,90
2009-11-24T00:00:00Z,93
2009-11-23T00:00:00Z,96
2009-11-22T00:00:00Z,106
2009-11-21T00:00:00Z,73
2009-11-20T00:00:00Z,86
2009-11-19T00:00:00Z,153
2009-11-18T00:00:00Z,79
2009-11-17T00:00:00Z,92
2009-11-16T00:00:00Z,97
2009-11-15T00:00:00Z,96
2009-11-14T00:00:00Z,79
2009-11-13T00:00:00Z,94
2009-11-12T00:00:00Z,66
2009-11-11T00:00:00Z,117
2009-11-10T00:00:00Z,78
2009-11-09T00:00:00Z,64
2009-11-08T00:00:00Z,73
2009-11-07T00:00:00Z,69
2009-11-06T00:00:00Z,62
2009-11-05T00:00:00Z,57
2009-11-04T00:00:00Z,105
2009-11-03T00:00:00Z,62
2009-11-02T00:00:00Z,33
2009-11-01T00:00:00Z,25
2009-10-31T00:00:00Z,46
2009-10-30T00:00:00Z,60
2009-10-29T00:00:00Z,89
2009-10-28T00:00:00Z,66
2009-10-27T00:00:00Z,81
2009-10-26T00:00:00Z,71
2009-10-25T00:00:00Z,76
2009-10-24T00:00:00Z,70
2009-10-23T00:00:00Z,89
2009-10-22T00:00:00Z,130
2009-10-21T00:00:00Z,99
2009-10-20T00:00:00Z,197
2009-10-19T00:00:00Z,112
2009-10-18T00:00:00Z,82
2009-10-17T00:00:00Z,57
2009-10-16T00:00:00Z,141
2009-10-15T00:00:00Z,71
2009-10-14T00:00:00Z,69
2009-10-13T00:00:00Z,57
2009-10-12T00:00:00Z,132
2009-10-11T00:00:00Z,74
2009-10-10T00:00:00Z,79
2009-10-09T00:00:00Z,80
2009-10-08T00:00:00Z,70
2009-10-07T00:00:00Z,60
2009-10-06T00:00:00Z,58
2009-10-05T00:00:00Z,55
2009-10-04T00:00:00Z,53
2009-10-03T00:00:00Z,58
2009-10-02T00:00:00Z,83
2009-10-01T00:00:00Z,82
2009-09-30T00:00:00Z,85
2009-09-29T00:00:00Z,133
2009-09-28T00:00:00Z,85
2009-09-27T00:00:00Z,104
2009-09-26T00:00:00Z,100
2009-09-25T00:00:00Z,119
2009-09-24T00:00:00Z,97
2009-09-23T00:00:00Z,36
2009-09-22T00:00:00Z,66
2009-09-21T00:00:00Z,78
2009-09-20T00:00:00Z,78
2009-09-19T00:00:00Z,74
2009-09-18T00:00:00Z,78
2009-09-17T00:00:00Z,186
2009-09-16T00:00:00Z,74
2009-09-15T00:00:00Z,44
2009-09-14T00:00:00Z,74
2009-09-13T00:00:00Z,75
2009-09-12T00:00:00Z,69
2009-09-11T00:00:00Z,67
2009-09-10T00:00:00Z,67
2009-09-09T00:00:00Z,54
2009-09-08T00:00:00Z,69
2009-09-07T00:00:00Z,92
2009-09-06T00:00:00Z,68
2009-09-05T00:00:00Z,76
2009-09-04T00:00:00Z,64
2009-09-03T00:00:00Z,76
2009-09-02T00:00:00Z,66
2009-09-01T00:00:00Z,78
2009-08-31T00:00:00Z,93
2009-08-30T00:00:00Z,99
2009-08-29T00:00:00Z,78
2009-08-28T00:00:00Z,75
2009-08-27T00:00:00Z,29
2009-08-26T00:00:00Z,96
2009-08-25T00:00:00Z,50
2009-08-24T00:00:00Z,15
2009-08-23T00:00:00Z,15
2009-08-22T00:00:00Z,7
2009-08-21T00:00:00Z,14
2009-08-20T00:00:00Z,22
2009-08-19T00:00:00Z,18
2009-08-18T00:00:00Z,10
2009-08-17T00:00:00Z,17
2009-08-16T00:00:00Z,19
2009-08-15T00:00:00Z,26
2009-08-14T00:00:00Z,63
2009-08-13T00:00:00Z,85
2009-08-12T00:00:00Z,63
2009-08-11T00:00:00Z,70
2009-08-10T00:00:00Z,75
2009-08-09T00:00:00Z,101
2009-08-08T00:00:00Z,80
2009-08-07T00:00:00Z,192
2009-08-06T00:00:00Z,90
2009-08-05T00:00:00Z,87
2009-08-04T00:00:00Z,81
2009-08-03T00:00:00Z,12
2009-08-02T00:00:00Z,23
2009-08-01T00:00:00Z,28
2009-07-31T00:00:00Z,17
2009-07-30T00:00:00Z,17
2009-07-29T00:00:00Z,22
2009-07-28T00:00:00Z,41
2009-07-27T00:00:00Z,74
2009-07-26T00:00:00Z,21
2009-07-25T00:00:00Z,32
2009-07-24T00:00:00Z,73
2009-07-23T00:00:00Z,76
2009-07-22T00:00:00Z,60
2009-07-21T00:00:00Z,82
2009-07-20T00:00:00Z,192
2009-07-19T00:00:00Z,70
2009-07-18T00:00:00Z,4
2009-07-17T00:00:00Z,47
2009-07-16T00:00:00Z,71
2009-07-15T00:00:00Z,45
2009-07-14T00:00:00Z,69
2009-07-13T00:00:00Z,78
2009-07-12T00:00:00Z,77
2009-07-11T00:00:00Z,83
2009-07-10T00:00:00Z,81
2009-07-09T00:00:00Z,86
2009-07-08T00:00:00Z,74
2009-07-07T00:00:00Z,69
2009-07-06T00:00:00Z,84
2009-07-05T00:00:00Z,79
2009-07-04T00:00:00Z,89
2009-07-03T00:00:00Z,82
2009-07-02T00:00:00Z,85
2009-07-01T00:00:00Z,77
2009-06-30T00:00:00Z,89
2009-06-29T00:00:00Z,85
2009-06-28T00:00:00Z,48
2009-06-27T00:00:00Z,84
2009-06-26T00:00:00Z,90
2009-06-25T00:00:00Z,89
2009-06-24T00:00:00Z,100
2009-06-23T00:00:00Z,76
2009-06-22T00:00:00Z,137
2009-06-21T00:00:00Z,81
2009-06-20T00:00:00Z,78
2009-06-19T00:00:00Z,87
2009-06-18T00:00:00Z,80
2009-06-17T00:00:00Z,79
2009-06-16T00:00:00Z,71
2009-06-15T00:00:00Z,84
2009-06-14T00:00:00Z,72
2009-06-13T00:00:00Z,78
2009-06-12T00:00:00Z,86
2009-06-11T00:00:00Z,89
2009-06-10T00:00:00Z,82
2009-06-09T00:00:00Z,91
2009-06-08T00:00:00Z,82
2009-06-07T00:00:00Z,16
2009-06-06T00:00:00Z,28
2009-06-05T00:00:00Z,30
2009-06-04T00:00:00Z,66
2009-06-03T00:00:00Z,71
2009-06-02T00:00:00Z,111
2009-06-01T00:00:00Z,73
2009-05-31T00:00:00Z,96
2009-05-30T00:00:00Z,109
2009-05-29T00:00:00Z,167
2009-05-28T00:00:00Z,95
2009-05-27T00:00:00Z,119
2009-05-26T00:00:00Z,125
2009-05-25T00:00:00Z,109
2009-05-24T00:00:00Z,100
2009-05-23T00:00:00Z,32
2009-05-22T00:00:00Z,61
2009-05-21T00:00:00Z,82
2009-05-20T00:00:00Z,120
2009-05-19T00:00:00Z,86
2009-05-18T00:00:00Z,118
2009-05-17T00:00:00Z,127
2009-05-16T00:00:00Z,119
2009-05-15T00:00:00Z,146
2009-05-14T00:00:00Z,145
2009-05-13T00:00:00Z,117
2009-05-12T00:00:00Z,130
2009-05-11T00:00:00Z,123
2009-05-10T00:00:00Z,85
2009-05-09T00:00:00Z,78
2009-05-08T00:00:00Z,107
2009-05-07T00:00:00Z,122
2009-05-06T00:00:00Z,135
2009-05-05T00:00:00Z,146
2009-05-04T00:00:00Z,159
2009-05-03T00:00:00Z,110
2009-05-02T00:00:00Z,142
2009-05-01T00:00:00Z,121
2009-04-30T00:00:00Z,131
2009-04-29T00:00:00Z,149
2009-04-28T00:00:00Z,117
2009-04-27T00:00:00Z,104
2009-04-26T00:00:00Z,128
2009-04-25T00:00:00Z,118
2009-04-24T00:00:00Z,115
2009-04-23T00:00:00Z,75
2009-04-22T00:00:00Z,121
2009-04-21T00:00:00Z,125
2009-04-20T00:00:00Z,236
2009-04-19T00:00:00Z,128
2009-04-18T00:00:00Z,131
2009-04-17T00:00:00Z,112
2009-04-16T00:00:00Z,123
2009-04-15T00:00:00Z,113
2009-04-14T00:00:00Z,124
2009-04-13T00:00:00Z,117
2009-04-12T00:00:00Z,127
2009-04-11T00:00:00Z,128
2009-04-10T00:00:00Z,108
2009-04-09T00:00:00Z,99
2009-04-08T00:00:00Z,105
2009-04-07T00:00:00Z,100
2009-04-06T00:00:00Z,109
2009-04-05T00:00:00Z,148
2009-04-04T00:00:00Z,113
2009-04-03T00:00:00Z,116
2009-04-02T00:00:00Z,115
2009-04-01T00:00:00Z,114
2009-03-31T00:00:00Z,143
2009-03-30T00:00:00Z,120
2009-03-29T00:00:00Z,116
2009-03-28T00:00:00Z,140
2009-03-27T00:00:00Z,106
2009-03-26T00:00:00Z,146
2009-03-25T00:00:00Z,117
2009-03-24T00:00:00Z,105
2009-03-23T00:00:00Z,130
2009-03-22T00:00:00Z,131
2009-03-21T00:00:00Z,50
2009-03-20T00:00:00Z,131
2009-03-19T00:00:00Z,122
2009-03-18T00:00:00Z,129
2009-03-17T00:00:00Z,114
2009-03-16T00:00:00Z,170
2009-03-15T00:00:00Z,123
2009-03-14T00:00:00Z,110
2009-03-13T00:00:00Z,127
2009-03-12T00:00:00Z,122
2009-03-11T00:00:00Z,114
2009-03-10T00:00:00Z,107
2009-03-09T00:00:00Z,108
2009-03-08T00:00:00Z,142
2009-03-07T00:00:00Z,109
2009-03-06T00:00:00Z,117
2009-03-05T00:00:00Z,121
2009-03-04T00:00:00Z,130
2009-03-03T00:00:00Z,114
2009-03-02T00:00:00Z,108
2009-03-01T00:00:00Z,105
2009-02-28T00:00:00Z,107
2009-02-27T00:00:00Z,152
2009-02-26T00:00:00Z,107
2009-02-25T00:00:00Z,105
2009-02-24T00:00:00Z,106
2009-02-23T00:00:00Z,108
2009-02-22T00:00:00Z,133
2009-02-21T00:00:00Z,114
2009-02-20T00:00:00Z,122
2009-02-19T00:00:00Z,141
2009-02-18T00:00:00Z,118
2009-02-17T00:00:00Z,117
2009-02-16T00:00:00Z,153
2009-02-15T00:00:00Z,142
2009-02-14T00:00:00Z,136
2009-02-13T00:00:00Z,124
2009-02-12T00:00:00Z,119
2009-02-11T00:00:00Z,147
2009-02-10T00:00:00Z,120
2009-02-09T00:00:00Z,179
2009-02-08T00:00:00Z,134
2009-02-07T00:00:00Z,156
2009-02-06T00:00:00Z,122
2009-02-05T00:00:00Z,126
2009-02-04T00:00:00Z,119
2009-02-03T00:00:00Z,156
2009-02-02T00:00:00Z,130
2009-02-01T00:00:00Z,116
2009-01-31T00:00:00Z,159
2009-01-30T00:00:00Z,117
2009-01-29T00:00:00Z,134
2009-01-28T00:00:00Z,112
2009-01-27T00:00:00Z,101
2009-01-26T00:00:00Z,117
2009-01-25T00:00:00Z,193
2009-01-24T00:00:00Z,212
2009-01-23T00:00:00Z,95
2009-01-22T00:00:00Z,102
2009-01-21T00:00:00Z,105
2009-01-20T00:00:00Z,123
2009-01-19T00:00:00Z,133
2009-01-18T00:00:00Z,111
2009-01-17T00:00:00Z,109
2009-01-16T00:00:00Z,114
2009-01-15T00:00:00Z,140
2009-01-14T00:00:00Z,133
2009-01-13T00:00:00Z,123
2009-01-12T00:00:00Z,102
2009-01-11T00:00:00Z,93
2009-01-10T00:00:00Z,61
2009-01-09T00:00:00Z,14
2009-01-08T00:00:00Z,0
2009-01-07T00:00:00Z,0
2009-01-06T00:00:00Z,0
2009-01-05T00:00:00Z,0
2009-01-04T00:00:00Z,0
2009-01-03T00:00:00Z,1
