Datetime,Exchange Netflow
2025-06-11T00:00:00Z,-1192.91962393
2025-06-10T00:00:00Z,1658.4167806900005
2025-06-09T00:00:00Z,-3127.6335529299977
2025-06-08T00:00:00Z,370.86342759000036
2025-06-07T00:00:00Z,-1925.6985279699993
2025-06-06T00:00:00Z,-6228.992663789999
2025-06-05T00:00:00Z,450.1949656100005
2025-06-04T00:00:00Z,-12813.432952260002
2025-06-03T00:00:00Z,-22430.30395803
2025-06-02T00:00:00Z,-23067.615255809997
2025-06-01T00:00:00Z,-2738.33690267
2025-05-31T00:00:00Z,-2732.21284869
2025-05-30T00:00:00Z,-558.5751471700023
2025-05-29T00:00:00Z,-10891.407568880004
2025-05-28T00:00:00Z,-2606.983105309999
2025-05-27T00:00:00Z,-3355.0571654800005
2025-05-26T00:00:00Z,-10951.33660282
2025-05-25T00:00:00Z,-1520.3335783400007
2025-05-24T00:00:00Z,-2871.9515764000007
2025-05-23T00:00:00Z,-700.6453014500003
2025-05-22T00:00:00Z,4754.96595356
2025-05-21T00:00:00Z,-5999.060500680003
2025-05-20T00:00:00Z,-5859.041813469998
2025-05-19T00:00:00Z,-8840.83151212
2025-05-18T00:00:00Z,1474.4152217600003
2025-05-17T00:00:00Z,-350.87108113999966
2025-05-16T00:00:00Z,-2313.7674216899977
2025-05-15T00:00:00Z,-8811.927448510003
2025-05-14T00:00:00Z,-173.75565030000143
2025-05-13T00:00:00Z,-10085.982901609997
2025-05-12T00:00:00Z,-1834.2166270800008
2025-05-11T00:00:00Z,809.9546726400004
2025-05-10T00:00:00Z,120.75906374999977
2025-05-09T00:00:00Z,-4433.06570259
2025-05-08T00:00:00Z,-1063.4960480100053
2025-05-07T00:00:00Z,-346.2525109399994
2025-05-06T00:00:00Z,-8128.318980700002
2025-05-05T00:00:00Z,-6747.858579200001
2025-05-04T00:00:00Z,540.3066787700009
2025-05-03T00:00:00Z,1204.9801186500008
2025-05-02T00:00:00Z,-5409.082609240002
2025-05-01T00:00:00Z,-3348.1982072399987
2025-04-30T00:00:00Z,2237.9047029199937
2025-04-29T00:00:00Z,-9064.164226459994
2025-04-28T00:00:00Z,-1948.5255755800026
2025-04-27T00:00:00Z,1592.4447307400005
2025-04-26T00:00:00Z,1633.7564343699996
2025-04-25T00:00:00Z,-10201.08439941
2025-04-24T00:00:00Z,-14534.033339250003
2025-04-23T00:00:00Z,-3640.5155325800006
2025-04-22T00:00:00Z,-8877.279222669997
2025-04-21T00:00:00Z,-5456.967869170003
2025-04-20T00:00:00Z,-67.52681355999994
2025-04-19T00:00:00Z,18.08753274999981
2025-04-18T00:00:00Z,1400.5954095300003
2025-04-17T00:00:00Z,-3004.671210749999
2025-04-16T00:00:00Z,-3554.6837658300065
2025-04-15T00:00:00Z,-4747.865303519997
2025-04-14T00:00:00Z,-6891.521900480002
2025-04-13T00:00:00Z,956.3515347200009
2025-04-12T00:00:00Z,983.6593686399974
2025-04-11T00:00:00Z,-3059.618559989998
2025-04-10T00:00:00Z,1310.8032793200036
2025-04-09T00:00:00Z,-2520.409898039994
2025-04-08T00:00:00Z,6195.695518399996
2025-04-07T00:00:00Z,-6356.933580460012
2025-04-06T00:00:00Z,924.6006404899999
2025-04-05T00:00:00Z,3187.18408182
2025-04-04T00:00:00Z,903.4506625100039
2025-04-03T00:00:00Z,-9503.217338559996
2025-04-02T00:00:00Z,-3304.961116599996
2025-04-01T00:00:00Z,-2846.797024759995
2025-03-31T00:00:00Z,5749.178046360001
2025-03-30T00:00:00Z,4954.23975447
2025-03-29T00:00:00Z,-1499.3491092699987
2025-03-28T00:00:00Z,-4897.093911560005
2025-03-27T00:00:00Z,-2341.590503469997
2025-03-26T00:00:00Z,797.6204058399962
2025-03-25T00:00:00Z,-3793.999581960001
2025-03-24T00:00:00Z,-10877.09044036
2025-03-23T00:00:00Z,-778.02529202
2025-03-22T00:00:00Z,9.417569670000375
2025-03-21T00:00:00Z,319.07513724000455
2025-03-20T00:00:00Z,-631.5561135300013
2025-03-19T00:00:00Z,-4999.110650549999
2025-03-18T00:00:00Z,888.5784805000003
2025-03-17T00:00:00Z,-196.74968308999814
2025-03-16T00:00:00Z,1304.938903870001
2025-03-15T00:00:00Z,-1908.39098878
2025-03-14T00:00:00Z,-1128.7720075199977
2025-03-13T00:00:00Z,-7781.4278180699985
2025-03-12T00:00:00Z,-21564.685937770002
2025-03-11T00:00:00Z,-7522.999490369999
2025-03-10T00:00:00Z,-4998.95563181
2025-03-09T00:00:00Z,2706.301919379999
2025-03-08T00:00:00Z,-1022.9601157600009
2025-03-07T00:00:00Z,6125.816266740003
2025-03-06T00:00:00Z,1007.4682913500001
2025-03-05T00:00:00Z,847.8755448700031
2025-03-04T00:00:00Z,-765.2151984299999
2025-03-03T00:00:00Z,-2367.1139575199995
2025-03-02T00:00:00Z,-3852.4702398299996
2025-03-01T00:00:00Z,-432.38017795999986
2025-02-28T00:00:00Z,-702.2174865400011
2025-02-27T00:00:00Z,-1832.7773443200058
2025-02-26T00:00:00Z,1306.6966157900024
2025-02-25T00:00:00Z,9934.509888710003
2025-02-24T00:00:00Z,2533.1972962299988
2025-02-23T00:00:00Z,-3011.116512820001
2025-02-22T00:00:00Z,-11012.726978920004
2025-02-21T00:00:00Z,-6650.628144540002
2025-02-20T00:00:00Z,-4049.8745121699976
2025-02-19T00:00:00Z,2256.5050750299997
2025-02-18T00:00:00Z,3557.551846389997
2025-02-17T00:00:00Z,5099.046415509998
2025-02-16T00:00:00Z,-1901.917723229999
2025-02-15T00:00:00Z,-767.191585919998
2025-02-14T00:00:00Z,946.7974712900032
2025-02-13T00:00:00Z,4886.41635915
2025-02-12T00:00:00Z,235.82401920999837
2025-02-11T00:00:00Z,4481.376343429998
2025-02-10T00:00:00Z,-3933.783064440002
2025-02-09T00:00:00Z,5313.94899506
2025-02-08T00:00:00Z,-1773.9829272900024
2025-02-07T00:00:00Z,5067.12332459
2025-02-06T00:00:00Z,-7625.188711620001
2025-02-05T00:00:00Z,-61861.44038342
2025-02-04T00:00:00Z,-7207.377753650006
2025-02-03T00:00:00Z,9420.83654075001
2025-02-02T00:00:00Z,5158.286432970002
2025-02-01T00:00:00Z,-1634.7156602299983
2025-01-31T00:00:00Z,-5120.214195239998
2025-01-30T00:00:00Z,882.1722361400025
2025-01-29T00:00:00Z,580.0385147199995
2025-01-28T00:00:00Z,1243.3387315200016
2025-01-27T00:00:00Z,-2247.069879069997
2025-01-26T00:00:00Z,1009.8769530299978
2025-01-25T00:00:00Z,182.24252436999814
2025-01-24T00:00:00Z,-1445.6191597399957
2025-01-23T00:00:00Z,-5479.552671160003
2025-01-22T00:00:00Z,-1546.177871330001
2025-01-21T00:00:00Z,-6548.1156374099955
2025-01-20T00:00:00Z,4412.13383277
2025-01-19T00:00:00Z,3391.7546827900005
2025-01-18T00:00:00Z,-598.0271252500024
2025-01-17T00:00:00Z,-13441.895338350005
2025-01-16T00:00:00Z,-3391.4734638100053
2025-01-15T00:00:00Z,-1030.5656362599984
2025-01-14T00:00:00Z,2854.708712959997
2025-01-13T00:00:00Z,2179.6693397499985
2025-01-12T00:00:00Z,3246.549241320001
2025-01-11T00:00:00Z,-1072.3401654199988
2025-01-10T00:00:00Z,720.187359290001
2025-01-09T00:00:00Z,4606.728020570001
2025-01-08T00:00:00Z,3821.2779586199977
2025-01-07T00:00:00Z,-11522.0771561
2025-01-06T00:00:00Z,-5929.135784049999
2025-01-05T00:00:00Z,-464.3265323700034
2025-01-04T00:00:00Z,-934.9853395400023
2025-01-03T00:00:00Z,-1902.9236894999995
2025-01-02T00:00:00Z,128.11161537999578
2025-01-01T00:00:00Z,-4237.36371007
2024-12-31T00:00:00Z,-1645.3211214699986
2024-12-30T00:00:00Z,6649.729056600001
2024-12-29T00:00:00Z,-4849.025381080002
2024-12-28T00:00:00Z,-2665.1107999800006
2024-12-27T00:00:00Z,-9568.540040039996
2024-12-26T00:00:00Z,-9437.593621610002
2024-12-25T00:00:00Z,1318.3450385299984
2024-12-24T00:00:00Z,2443.0363333999994
2024-12-23T00:00:00Z,2043.6132221700027
2024-12-22T00:00:00Z,201.18904330000078
2024-12-21T00:00:00Z,194.03643949000252
2024-12-20T00:00:00Z,-2007.656374230006
2024-12-19T00:00:00Z,10216.045011929993
2024-12-18T00:00:00Z,-9540.553444400008
2024-12-17T00:00:00Z,-3096.02305928
2024-12-16T00:00:00Z,-5503.538564150003
2024-12-15T00:00:00Z,1166.69993359
2024-12-14T00:00:00Z,1423.5846084300028
2024-12-13T00:00:00Z,-12425.316437899994
2024-12-12T00:00:00Z,-5087.276380870004
2024-12-11T00:00:00Z,-11509.237029359996
2024-12-10T00:00:00Z,-1166.0887536100054
2024-12-09T00:00:00Z,-12969.548698829996
2024-12-08T00:00:00Z,117.12277293000079
2024-12-07T00:00:00Z,4477.997080999998
2024-12-06T00:00:00Z,-1645.3096723100025
2024-12-05T00:00:00Z,-30110.914261840007
2024-12-04T00:00:00Z,-5018.11940091
2024-12-03T00:00:00Z,-9759.313265470002
2024-12-02T00:00:00Z,-11241.794736249998
2024-12-01T00:00:00Z,2864.537949540001
2024-11-30T00:00:00Z,2572.937116360001
2024-11-29T00:00:00Z,1909.8974746500026
2024-11-28T00:00:00Z,-16628.813074520003
2024-11-27T00:00:00Z,-16693.032332090006
2024-11-26T00:00:00Z,-1179.5640805700095
2024-11-25T00:00:00Z,8777.79597865
2024-11-24T00:00:00Z,1435.7858874700032
2024-11-23T00:00:00Z,-584.1821713299942
2024-11-22T00:00:00Z,-13287.478944899995
2024-11-21T00:00:00Z,-602.0820119900018
2024-11-20T00:00:00Z,-16873.863650569998
2024-11-19T00:00:00Z,-2627.6334388100076
2024-11-18T00:00:00Z,1352.9535343800017
2024-11-17T00:00:00Z,3428.6374668299977
2024-11-16T00:00:00Z,786.2690885499978
2024-11-15T00:00:00Z,-6633.324241159993
2024-11-14T00:00:00Z,-7857.479297840007
2024-11-13T00:00:00Z,-4753.876078879999
2024-11-12T00:00:00Z,-2869.082848080012
2024-11-11T00:00:00Z,-125.44258223001088
2024-11-10T00:00:00Z,3638.4045258800033
2024-11-09T00:00:00Z,20.49659646999862
2024-11-08T00:00:00Z,-20534.178733919995
2024-11-07T00:00:00Z,-10992.75814214001
2024-11-06T00:00:00Z,-16281.219294800001
2024-11-05T00:00:00Z,1000.9849038999964
2024-11-04T00:00:00Z,7074.78411303
2024-11-03T00:00:00Z,1591.0107509000009
2024-11-02T00:00:00Z,-638.90879442
2024-11-01T00:00:00Z,5981.538460180003
2024-10-31T00:00:00Z,4945.758895859995
2024-10-30T00:00:00Z,-9353.549901680002
2024-10-29T00:00:00Z,1118.5063861800008
2024-10-28T00:00:00Z,-5300.390039339996
2024-10-27T00:00:00Z,1969.3942978299983
2024-10-26T00:00:00Z,294.9599996299985
2024-10-25T00:00:00Z,3570.3854900399965
2024-10-24T00:00:00Z,-1415.7383830399995
2024-10-23T00:00:00Z,-157.87449074000324
2024-10-22T00:00:00Z,1873.3264957200008
2024-10-21T00:00:00Z,-6211.391073929997
2024-10-20T00:00:00Z,937.9656054400002
2024-10-19T00:00:00Z,175.13838870999825
2024-10-18T00:00:00Z,-2485.044649299998
2024-10-17T00:00:00Z,-1891.09854585
2024-10-16T00:00:00Z,7114.707243010009
2024-10-15T00:00:00Z,-7481.93007894
2024-10-14T00:00:00Z,1526.6378380399983
2024-10-13T00:00:00Z,659.0926175299992
2024-10-12T00:00:00Z,-3305.445201180002
2024-10-11T00:00:00Z,-528.496625969994
2024-10-10T00:00:00Z,2200.7055102899976
2024-10-09T00:00:00Z,1473.0831173100014
2024-10-08T00:00:00Z,-674.716478589995
2024-10-07T00:00:00Z,-5358.405764669995
2024-10-06T00:00:00Z,-2391.092412760001
2024-10-05T00:00:00Z,-713.9780568200003
2024-10-04T00:00:00Z,556.9905597899997
2024-10-03T00:00:00Z,923.4380165700059
2024-10-02T00:00:00Z,4420.458345219995
2024-10-01T00:00:00Z,9183.862720509998
2024-09-30T00:00:00Z,-1436.9020261500045
2024-09-29T00:00:00Z,2818.8870945300005
2024-09-28T00:00:00Z,2021.5963823099992
2024-09-27T00:00:00Z,-4831.827557749995
2024-09-26T00:00:00Z,-3919.8463181700063
2024-09-25T00:00:00Z,-1957.935783969995
2024-09-24T00:00:00Z,-6194.22227957
2024-09-23T00:00:00Z,4802.433553009996
2024-09-22T00:00:00Z,1444.5010190600005
2024-09-21T00:00:00Z,3251.2741125600005
2024-09-20T00:00:00Z,-1203.2488468099982
2024-09-19T00:00:00Z,-1815.3266444499968
2024-09-18T00:00:00Z,706.1119540299987
2024-09-17T00:00:00Z,1424.7339563799978
2024-09-16T00:00:00Z,3899.8660180299994
2024-09-15T00:00:00Z,1235.1996838099985
2024-09-14T00:00:00Z,-1670.5007270399983
2024-09-13T00:00:00Z,-3348.8200872099987
2024-09-12T00:00:00Z,2567.56137245
2024-09-11T00:00:00Z,-5543.323528379995
2024-09-10T00:00:00Z,-23771.33115092
2024-09-09T00:00:00Z,-9651.360443280006
2024-09-08T00:00:00Z,-46.70505327999854
2024-09-07T00:00:00Z,-1302.2672849299997
2024-09-06T00:00:00Z,3029.249161279993
2024-09-05T00:00:00Z,4339.515891480001
2024-09-04T00:00:00Z,-627.3589561699991
2024-09-03T00:00:00Z,-5607.986595450006
2024-09-02T00:00:00Z,-648.5398725000014
2024-09-01T00:00:00Z,281.3124683900005
2024-08-31T00:00:00Z,2451.56612573
2024-08-30T00:00:00Z,3218.0870513300033
2024-08-29T00:00:00Z,-21376.512922790003
2024-08-28T00:00:00Z,5067.406961170003
2024-08-27T00:00:00Z,4433.158504389998
2024-08-26T00:00:00Z,-2679.5612473900037
2024-08-25T00:00:00Z,1490.3884262599986
2024-08-24T00:00:00Z,1775.5000928000009
2024-08-23T00:00:00Z,-5159.499624969998
2024-08-22T00:00:00Z,-2659.0749368100005
2024-08-21T00:00:00Z,710.8281367899981
2024-08-20T00:00:00Z,1814.564262830001
2024-08-19T00:00:00Z,1039.540749370004
2024-08-18T00:00:00Z,1850.0748634699994
2024-08-17T00:00:00Z,2863.4778294900007
2024-08-16T00:00:00Z,-8196.342501879997
2024-08-15T00:00:00Z,-3272.1303085700056
2024-08-14T00:00:00Z,759.4361259799989
2024-08-13T00:00:00Z,-1725.2708013500014
2024-08-12T00:00:00Z,3685.115180780005
2024-08-11T00:00:00Z,-3270.9439945999984
2024-08-10T00:00:00Z,-787.8794821600004
2024-08-09T00:00:00Z,6038.98373837
2024-08-08T00:00:00Z,-4128.8324361299965
2024-08-07T00:00:00Z,900.4082049599965
2024-08-06T00:00:00Z,-840.5625734100031
2024-08-05T00:00:00Z,4572.1212540900015
2024-08-04T00:00:00Z,-1627.5074784000026
2024-08-03T00:00:00Z,630.5050457999969
2024-08-02T00:00:00Z,4137.797160560003
2024-08-01T00:00:00Z,-5904.210534650003
2024-07-31T00:00:00Z,-28421.11675113
2024-07-30T00:00:00Z,-21848.864750549998
2024-07-29T00:00:00Z,-9086.585902719999
2024-07-28T00:00:00Z,1327.7003105599997
2024-07-27T00:00:00Z,587.1207383699984
2024-07-26T00:00:00Z,-2441.23574946
2024-07-25T00:00:00Z,4519.266067110002
2024-07-24T00:00:00Z,-2173.9324372400006
2024-07-23T00:00:00Z,-20159.61699586
2024-07-22T00:00:00Z,-1656.277894959996
2024-07-21T00:00:00Z,140.67761514999984
2024-07-20T00:00:00Z,-176.42863039000076
2024-07-19T00:00:00Z,-3933.8795267000023
2024-07-18T00:00:00Z,1434.1931384199997
2024-07-17T00:00:00Z,-676.1821793499985
2024-07-16T00:00:00Z,39493.268519699996
2024-07-15T00:00:00Z,-1885.4707040499998
2024-07-14T00:00:00Z,459.78852258999905
2024-07-13T00:00:00Z,3109.43106212
2024-07-12T00:00:00Z,2307.0471456400046
2024-07-11T00:00:00Z,1728.22011183
2024-07-10T00:00:00Z,2963.911934470001
2024-07-09T00:00:00Z,1245.8885565699966
2024-07-08T00:00:00Z,7961.199919729996
2024-07-07T00:00:00Z,1186.1878305499995
2024-07-06T00:00:00Z,1174.9275722500024
2024-07-05T00:00:00Z,-47336.86482047
2024-07-04T00:00:00Z,4474.19954804
2024-07-03T00:00:00Z,4552.263088
2024-07-02T00:00:00Z,-1736.8732299000003
2024-07-01T00:00:00Z,1876.4549387599982
2024-06-30T00:00:00Z,1152.0396815799995
2024-06-29T00:00:00Z,2010.8933802099982
2024-06-28T00:00:00Z,3720.524736059997
2024-06-27T00:00:00Z,8580.342853560003
2024-06-26T00:00:00Z,5488.9367917899945
2024-06-25T00:00:00Z,-4433.688392709999
2024-06-24T00:00:00Z,3828.822641400002
2024-06-23T00:00:00Z,136.133511420001
2024-06-22T00:00:00Z,794.2680922500003
2024-06-21T00:00:00Z,410.86454157000117
2024-06-20T00:00:00Z,-317.9144716199953
2024-06-19T00:00:00Z,-7255.158106800001
2024-06-18T00:00:00Z,-270.96111123000446
2024-06-17T00:00:00Z,1862.8761178399945
2024-06-16T00:00:00Z,-619.320136209999
2024-06-15T00:00:00Z,2145.8022263000003
2024-06-14T00:00:00Z,4531.314773220001
2024-06-13T00:00:00Z,-6817.207302719999
2024-06-12T00:00:00Z,-6589.008088260001
2024-06-11T00:00:00Z,-11842.240723119998
2024-06-10T00:00:00Z,633.1423291000028
2024-06-09T00:00:00Z,823.9069963599995
2024-06-08T00:00:00Z,7832.598987790001
2024-06-07T00:00:00Z,-4090.660566340004
2024-06-06T00:00:00Z,-5900.1634669999985
2024-06-05T00:00:00Z,-2420.671038200002
2024-06-04T00:00:00Z,-9523.59663616
2024-06-03T00:00:00Z,1194.5120684700014
2024-06-02T00:00:00Z,1198.27894604
2024-06-01T00:00:00Z,1851.2599553599994
2024-05-31T00:00:00Z,5744.873063420004
2024-05-30T00:00:00Z,-10785.075455350001
2024-05-29T00:00:00Z,4622.877135660001
2024-05-28T00:00:00Z,-7139.164559059998
2024-05-27T00:00:00Z,-713.2204022799997
2024-05-26T00:00:00Z,1221.1652456200009
2024-05-25T00:00:00Z,649.2656091099998
2024-05-24T00:00:00Z,-1939.3222474799986
2024-05-23T00:00:00Z,2666.3665546999982
2024-05-22T00:00:00Z,719.3853782099977
2024-05-21T00:00:00Z,12894.478556009999
2024-05-20T00:00:00Z,-3937.6571550599983
2024-05-19T00:00:00Z,-790.8040167100007
2024-05-18T00:00:00Z,-1876.2943267099981
2024-05-17T00:00:00Z,-6970.132790819996
2024-05-16T00:00:00Z,4561.4495629899975
2024-05-15T00:00:00Z,-14902.386292930001
2024-05-14T00:00:00Z,895.054884000001
2024-05-13T00:00:00Z,-300.0859153499987
2024-05-12T00:00:00Z,164.84253075000015
2024-05-11T00:00:00Z,-311.58552560000135
2024-05-10T00:00:00Z,3705.1730886900004
2024-05-09T00:00:00Z,-3719.7041191399985
2024-05-08T00:00:00Z,2451.269358729998
2024-05-07T00:00:00Z,-83.20204396999907
2024-05-06T00:00:00Z,-3111.6765184999967
2024-05-05T00:00:00Z,2392.159068520001
2024-05-04T00:00:00Z,-3648.527801870001
2024-05-03T00:00:00Z,1217.234649689999
2024-05-02T00:00:00Z,2125.6147644099983
2024-05-01T00:00:00Z,2991.7839567400006
2024-04-30T00:00:00Z,7168.904996409998
2024-04-29T00:00:00Z,4594.937060030003
2024-04-28T00:00:00Z,3765.81391375
2024-04-27T00:00:00Z,614.4942003900032
2024-04-26T00:00:00Z,-5188.286941660001
2024-04-25T00:00:00Z,4857.974634270002
2024-04-24T00:00:00Z,8905.420935150003
2024-04-23T00:00:00Z,-1485.5141523499988
2024-04-22T00:00:00Z,-2709.039010890003
2024-04-21T00:00:00Z,1417.1609244399988
2024-04-20T00:00:00Z,328.02248335999866
2024-04-19T00:00:00Z,2652.3836493400013
2024-04-18T00:00:00Z,-5326.177908939993
2024-04-17T00:00:00Z,6237.726072259997
2024-04-16T00:00:00Z,-4548.8422222500085
2024-04-15T00:00:00Z,-5079.437754550003
2024-04-14T00:00:00Z,2283.1945746799975
2024-04-13T00:00:00Z,231.13022826999804
2024-04-12T00:00:00Z,-1130.947740540003
2024-04-11T00:00:00Z,-2252.7239338100044
2024-04-10T00:00:00Z,-6895.17034112
2024-04-09T00:00:00Z,8012.074066630004
2024-04-08T00:00:00Z,3136.766181769992
2024-04-07T00:00:00Z,2461.8395322899996
2024-04-06T00:00:00Z,-85.49321866000173
2024-04-05T00:00:00Z,3977.7939359100055
2024-04-04T00:00:00Z,-9591.884007370012
2024-04-03T00:00:00Z,1391.0831697899994
2024-04-02T00:00:00Z,-80.09293940999487
2024-04-01T00:00:00Z,-8468.165659349994
2024-03-31T00:00:00Z,1186.146406330001
2024-03-30T00:00:00Z,450.64785311000014
2024-03-29T00:00:00Z,2858.310315050003
2024-03-28T00:00:00Z,-12007.610459449992
2024-03-27T00:00:00Z,4215.5008562700095
2024-03-26T00:00:00Z,-189.66703801999392
2024-03-25T00:00:00Z,1814.9326012100064
2024-03-24T00:00:00Z,-3169.455857719997
2024-03-23T00:00:00Z,-4759.553338560003
2024-03-22T00:00:00Z,-11078.957230130007
2024-03-21T00:00:00Z,-1150.945692170004
2024-03-20T00:00:00Z,-6535.830082820001
2024-03-19T00:00:00Z,11333.400107469992
2024-03-18T00:00:00Z,-2602.45936275
2024-03-17T00:00:00Z,-10690.08920889
2024-03-16T00:00:00Z,7058.301663160004
2024-03-15T00:00:00Z,-7944.249673140002
2024-03-14T00:00:00Z,-16294.528945760001
2024-03-13T00:00:00Z,552.5465608999948
2024-03-12T00:00:00Z,6698.914555230003
2024-03-11T00:00:00Z,11041.529921580004
2024-03-10T00:00:00Z,2975.1600531399963
2024-03-09T00:00:00Z,1038.1300084699978
2024-03-08T00:00:00Z,-4830.600615740012
2024-03-07T00:00:00Z,1704.989388499991
2024-03-06T00:00:00Z,-7132.9881665099965
2024-03-05T00:00:00Z,14515.74440558
2024-03-04T00:00:00Z,2741.519835050014
2024-03-03T00:00:00Z,1029.090430909997
2024-03-02T00:00:00Z,1951.5132769699994
2024-03-01T00:00:00Z,-13280.331577549994
2024-02-29T00:00:00Z,6713.514160520004
2024-02-28T00:00:00Z,14899.464485980003
2024-02-27T00:00:00Z,-5746.719478230007
2024-02-26T00:00:00Z,-4020.2390687300067
2024-02-25T00:00:00Z,1228.0076751000015
2024-02-24T00:00:00Z,780.7491308800018
2024-02-23T00:00:00Z,-6809.069320909999
2024-02-22T00:00:00Z,7707.904248890001
2024-02-21T00:00:00Z,115.23042033999809
2024-02-20T00:00:00Z,-2669.9894026299953
2024-02-19T00:00:00Z,-11734.50898318
2024-02-18T00:00:00Z,3003.88018724
2024-02-17T00:00:00Z,3001.1264094
2024-02-16T00:00:00Z,-5965.385801630007
2024-02-15T00:00:00Z,7.132307840001886
2024-02-14T00:00:00Z,-11699.60001501
2024-02-13T00:00:00Z,-5489.3011706800025
2024-02-12T00:00:00Z,7327.105778109995
2024-02-11T00:00:00Z,4691.6568647899985
2024-02-10T00:00:00Z,-348.6932309199983
2024-02-09T00:00:00Z,1257.7612576899992
2024-02-08T00:00:00Z,-457.72574925000663
2024-02-07T00:00:00Z,-4268.338666000003
2024-02-06T00:00:00Z,-854.7184699099962
2024-02-05T00:00:00Z,435.3515485500029
2024-02-04T00:00:00Z,2131.65474663
2024-02-03T00:00:00Z,-781.858750440002
2024-02-02T00:00:00Z,-6690.2127030300035
2024-02-01T00:00:00Z,-4484.429127520001
2024-01-31T00:00:00Z,12968.788194960012
2024-01-30T00:00:00Z,-9512.695024760003
2024-01-29T00:00:00Z,984.7216943499952
2024-01-28T00:00:00Z,-227.9119988700004
2024-01-27T00:00:00Z,-92.35659427000064
2024-01-26T00:00:00Z,-5060.011704029996
2024-01-25T00:00:00Z,7194.527906749994
2024-01-24T00:00:00Z,3325.710922380007
2024-01-23T00:00:00Z,3545.8331634399947
2024-01-22T00:00:00Z,3961.861101569986
2024-01-21T00:00:00Z,-1051.7062508999988
2024-01-20T00:00:00Z,1577.477645619998
2024-01-19T00:00:00Z,1165.842354790002
2024-01-18T00:00:00Z,-1695.262987590002
2024-01-17T00:00:00Z,-1032.8277630199882
2024-01-16T00:00:00Z,-7072.1775568199955
2024-01-15T00:00:00Z,4379.480533939997
2024-01-14T00:00:00Z,-323.5681771700001
2024-01-13T00:00:00Z,-4767.045731209997
2024-01-12T00:00:00Z,2691.9136461799935
2024-01-11T00:00:00Z,7792.009555249999
2024-01-10T00:00:00Z,13760.31084009001
2024-01-09T00:00:00Z,3652.7242069299973
2024-01-08T00:00:00Z,12548.865958409995
2024-01-07T00:00:00Z,-5945.86411889
2024-01-06T00:00:00Z,2786.3359032599983
2024-01-05T00:00:00Z,7690.597900959998
2024-01-04T00:00:00Z,3771.239360419997
2024-01-03T00:00:00Z,5534.673088739997
2024-01-02T00:00:00Z,-3318.743244139994
2024-01-01T00:00:00Z,-2757.441618959998
2023-12-31T00:00:00Z,4163.677748970003
2023-12-30T00:00:00Z,9736.720610190001
2023-12-29T00:00:00Z,-8443.908990559998
2023-12-28T00:00:00Z,-2010.6185065099999
2023-12-27T00:00:00Z,-44.423740640006145
2023-12-26T00:00:00Z,-2096.7917336000028
2023-12-25T00:00:00Z,13181.785862310004
2023-12-24T00:00:00Z,-13029.477323250001
2023-12-23T00:00:00Z,-2709.711042939998
2023-12-22T00:00:00Z,503.86523264000425
2023-12-21T00:00:00Z,-3505.4718174500013
2023-12-20T00:00:00Z,-1567.2589213199972
2023-12-19T00:00:00Z,-2570.116632899997
2023-12-18T00:00:00Z,2474.2421039200053
2023-12-17T00:00:00Z,6129.67778695
2023-12-16T00:00:00Z,-8613.093455539998
2023-12-15T00:00:00Z,4621.4116292399995
2023-12-14T00:00:00Z,-1025.5757017299984
2023-12-13T00:00:00Z,4442.5130184900045
2023-12-12T00:00:00Z,-3797.29693063
2023-12-11T00:00:00Z,11002.723128239995
2023-12-10T00:00:00Z,2413.0859262899976
2023-12-09T00:00:00Z,5153.779367729996
2023-12-08T00:00:00Z,5718.882402230003
2023-12-07T00:00:00Z,6698.541648730003
2023-12-06T00:00:00Z,13542.154784469996
2023-12-05T00:00:00Z,-8948.629239230002
2023-12-04T00:00:00Z,6884.478906529999
2023-12-03T00:00:00Z,909.5680023799978
2023-12-02T00:00:00Z,-2003.2850642799967
2023-12-01T00:00:00Z,1588.4963918499998
2023-11-30T00:00:00Z,-629.3895153999983
2023-11-29T00:00:00Z,-5600.368826880003
2023-11-28T00:00:00Z,-6617.15535003
2023-11-27T00:00:00Z,-5188.455202919999
2023-11-26T00:00:00Z,-3450.3686733700015
2023-11-25T00:00:00Z,-3815.68499256
2023-11-24T00:00:00Z,-1392.7900989000045
2023-11-23T00:00:00Z,-363.913433679998
2023-11-22T00:00:00Z,-11051.393549059998
2023-11-21T00:00:00Z,-2311.447239150002
2023-11-20T00:00:00Z,-1534.9350709100036
2023-11-19T00:00:00Z,153.30762672000128
2023-11-18T00:00:00Z,756.2164744599977
2023-11-17T00:00:00Z,-1350.4704518899962
2023-11-16T00:00:00Z,1350.1916640500058
2023-11-15T00:00:00Z,1581.4981743399985
2023-11-14T00:00:00Z,3796.309158569995
2023-11-13T00:00:00Z,1087.6329773800026
2023-11-12T00:00:00Z,781.9666457700005
2023-11-11T00:00:00Z,1847.4229442599972
2023-11-10T00:00:00Z,29939.43541374
2023-11-09T00:00:00Z,-460.59696560000157
2023-11-08T00:00:00Z,-5995.610800200004
2023-11-07T00:00:00Z,2382.926701129996
2023-11-06T00:00:00Z,4404.192679330001
2023-11-05T00:00:00Z,1995.4082161799997
2023-11-04T00:00:00Z,1032.8612221899966
2023-11-03T00:00:00Z,-6483.185716829998
2023-11-02T00:00:00Z,9885.910749129995
2023-11-01T00:00:00Z,1369.6523582200025
2023-10-31T00:00:00Z,-525.4228200799989
2023-10-30T00:00:00Z,288.0633304499934
2023-10-29T00:00:00Z,1780.496715090001
2023-10-28T00:00:00Z,-41.68018012000175
2023-10-27T00:00:00Z,-563.8687916800045
2023-10-26T00:00:00Z,1600.0751530999987
2023-10-25T00:00:00Z,3689.8464070499977
2023-10-24T00:00:00Z,6442.433860880003
2023-10-23T00:00:00Z,4099.213203130006
2023-10-22T00:00:00Z,288.72650991000046
2023-10-21T00:00:00Z,1790.140195169999
2023-10-20T00:00:00Z,2520.9715859999997
2023-10-19T00:00:00Z,-8310.43251333
2023-10-18T00:00:00Z,-249.79635341999528
2023-10-17T00:00:00Z,-7146.322841330002
2023-10-16T00:00:00Z,-3992.652134420001
2023-10-15T00:00:00Z,-1731.6304139500025
2023-10-14T00:00:00Z,-2133.9939146100005
2023-10-13T00:00:00Z,3770.150229279996
2023-10-12T00:00:00Z,6360.429239389996
2023-10-11T00:00:00Z,4824.123958060001
2023-10-10T00:00:00Z,-2004.8316223400034
2023-10-09T00:00:00Z,6947.032507180003
2023-10-08T00:00:00Z,218.43427559000338
2023-10-07T00:00:00Z,-124.01818036999975
2023-10-06T00:00:00Z,-3857.7976586400036
2023-10-05T00:00:00Z,-3761.384459050001
2023-10-04T00:00:00Z,1930.4435041100005
2023-10-03T00:00:00Z,-569.2181588000021
2023-10-02T00:00:00Z,4077.651890180001
2023-10-01T00:00:00Z,3064.795731940001
2023-09-30T00:00:00Z,3678.6075660200004
2023-09-29T00:00:00Z,-4692.138002539999
2023-09-28T00:00:00Z,-4777.1568832699995
2023-09-27T00:00:00Z,204.85267282999848
2023-09-26T00:00:00Z,3873.5286531200036
2023-09-25T00:00:00Z,-464.14954655999463
2023-09-24T00:00:00Z,1301.6943726600002
2023-09-23T00:00:00Z,-619.7893752399978
2023-09-22T00:00:00Z,4726.972314219998
2023-09-21T00:00:00Z,871.2147211600022
2023-09-20T00:00:00Z,-5223.627500319999
2023-09-19T00:00:00Z,-1446.9806620399977
2023-09-18T00:00:00Z,617.2735526499964
2023-09-17T00:00:00Z,81.75336363000315
2023-09-16T00:00:00Z,-6441.101598229998
2023-09-15T00:00:00Z,-5992.4059004599985
2023-09-14T00:00:00Z,1988.6233181500065
2023-09-13T00:00:00Z,-1624.5643792000046
2023-09-12T00:00:00Z,-4172.460548340001
2023-09-11T00:00:00Z,-3343.6039188799987
2023-09-10T00:00:00Z,-55.308580599998095
2023-09-09T00:00:00Z,1733.134662389999
2023-09-08T00:00:00Z,-7787.698030430001
2023-09-07T00:00:00Z,2091.622156620004
2023-09-06T00:00:00Z,5558.805167799997
2023-09-05T00:00:00Z,-481.84191291000025
2023-09-04T00:00:00Z,-1158.5719285300002
2023-09-03T00:00:00Z,-910.7291144499977
2023-09-02T00:00:00Z,400.5635287799996
2023-09-01T00:00:00Z,16072.131339630003
2023-08-31T00:00:00Z,5320.931358380003
2023-08-30T00:00:00Z,216.06500337000034
2023-08-29T00:00:00Z,775.3837957699943
2023-08-28T00:00:00Z,735.9888900799997
2023-08-27T00:00:00Z,905.3962312199983
2023-08-26T00:00:00Z,530.6345612500008
2023-08-25T00:00:00Z,-4341.426643840001
2023-08-24T00:00:00Z,-854.6518832200018
2023-08-23T00:00:00Z,-3985.881485240003
2023-08-22T00:00:00Z,-7831.861435520004
2023-08-21T00:00:00Z,-1646.2809752600006
2023-08-20T00:00:00Z,-1554.612610889999
2023-08-19T00:00:00Z,-1465.1526614899994
2023-08-18T00:00:00Z,-897.9221167900032
2023-08-17T00:00:00Z,-22.70806647000427
2023-08-16T00:00:00Z,6138.39641917
2023-08-15T00:00:00Z,-1394.9057277199972
2023-08-14T00:00:00Z,-9112.723413030006
2023-08-13T00:00:00Z,994.5010948300005
2023-08-12T00:00:00Z,2210.807431630001
2023-08-11T00:00:00Z,2165.3111968400044
2023-08-10T00:00:00Z,-6976.959277829999
2023-08-09T00:00:00Z,2919.574622189997
2023-08-08T00:00:00Z,-8904.149138330002
2023-08-07T00:00:00Z,4898.543003880004
2023-08-06T00:00:00Z,461.57163754000067
2023-08-05T00:00:00Z,2808.20572627
2023-08-04T00:00:00Z,-3097.9997862599994
2023-08-03T00:00:00Z,-3209.3643938899986
2023-08-02T00:00:00Z,-5013.132839589998
2023-08-01T00:00:00Z,2157.61780878
2023-07-31T00:00:00Z,1295.7956477400003
2023-07-30T00:00:00Z,362.0022253800016
2023-07-29T00:00:00Z,1715.9012656099985
2023-07-28T00:00:00Z,3540.8643086800002
2023-07-27T00:00:00Z,6739.61772437
2023-07-26T00:00:00Z,868.2836581299998
2023-07-25T00:00:00Z,-922.1575325700032
2023-07-24T00:00:00Z,-462.56707809000363
2023-07-23T00:00:00Z,817.8010691300005
2023-07-22T00:00:00Z,-558.4356606699985
2023-07-21T00:00:00Z,72.15862350000316
2023-07-20T00:00:00Z,230.7978216699994
2023-07-19T00:00:00Z,-2560.6065744299995
2023-07-18T00:00:00Z,-3392.8522337200047
2023-07-17T00:00:00Z,1817.90879193
2023-07-16T00:00:00Z,687.1435802699998
2023-07-15T00:00:00Z,-395.80911199000184
2023-07-14T00:00:00Z,-8830.28624029
2023-07-13T00:00:00Z,-1638.573671940001
2023-07-12T00:00:00Z,5560.6059540299975
2023-07-11T00:00:00Z,-2206.4413429299966
2023-07-10T00:00:00Z,1705.9261654699949
2023-07-09T00:00:00Z,1904.2235283400005
2023-07-08T00:00:00Z,2249.6488890399996
2023-07-07T00:00:00Z,-2327.93616682
2023-07-06T00:00:00Z,-2236.9185185099996
2023-07-05T00:00:00Z,1738.0070288700008
2023-07-04T00:00:00Z,1361.6965332700056
2023-07-03T00:00:00Z,1939.1001375999986
2023-07-02T00:00:00Z,1002.5708562500004
2023-07-01T00:00:00Z,-17503.974404319997
2023-06-30T00:00:00Z,7688.069324579992
2023-06-29T00:00:00Z,-2569.9985046800066
2023-06-28T00:00:00Z,10577.471589120003
2023-06-27T00:00:00Z,2061.7026733599996
2023-06-26T00:00:00Z,4183.327802469998
2023-06-25T00:00:00Z,635.9886470300044
2023-06-24T00:00:00Z,385.7482077099994
2023-06-23T00:00:00Z,-700.1586480699989
2023-06-22T00:00:00Z,-6975.197091740003
2023-06-21T00:00:00Z,1113.3531743299973
2023-06-20T00:00:00Z,-4406.190069960001
2023-06-19T00:00:00Z,499.5263805400027
2023-06-18T00:00:00Z,981.1917492899993
2023-06-17T00:00:00Z,-836.7229232600002
2023-06-16T00:00:00Z,-2115.3965695700026
2023-06-15T00:00:00Z,8883.378120540001
2023-06-14T00:00:00Z,5949.519254819999
2023-06-13T00:00:00Z,5944.7277213599955
2023-06-12T00:00:00Z,-3480.8945381999947
2023-06-11T00:00:00Z,-2774.805357450001
2023-06-10T00:00:00Z,-3179.6765014600023
2023-06-09T00:00:00Z,646.1376231000031
2023-06-08T00:00:00Z,-3402.2886678799987
2023-06-07T00:00:00Z,-11754.70359117
2023-06-06T00:00:00Z,855.6241007600038
2023-06-05T00:00:00Z,-4590.819870250001
2023-06-04T00:00:00Z,8561.025483180001
2023-06-03T00:00:00Z,3787.1100795700004
2023-06-02T00:00:00Z,12809.40094323
2023-06-01T00:00:00Z,3696.2899206
2023-05-31T00:00:00Z,13535.002531730002
2023-05-30T00:00:00Z,1371.433421059999
2023-05-29T00:00:00Z,48.50765234999926
2023-05-28T00:00:00Z,1368.7797860699975
2023-05-27T00:00:00Z,1073.27898585
2023-05-26T00:00:00Z,-4508.488248339996
2023-05-25T00:00:00Z,-13784.781983460001
2023-05-24T00:00:00Z,18373.971756630002
2023-05-23T00:00:00Z,19920.922236379996
2023-05-22T00:00:00Z,3689.7500651400005
2023-05-21T00:00:00Z,1129.7951551299993
2023-05-20T00:00:00Z,484.2254628800001
2023-05-19T00:00:00Z,1389.3131195099995
2023-05-18T00:00:00Z,10480.24383617
2023-05-17T00:00:00Z,-546.7672442100011
2023-05-16T00:00:00Z,14651.061221379998
2023-05-15T00:00:00Z,-20374.80969535
2023-05-14T00:00:00Z,338.20282208000026
2023-05-13T00:00:00Z,607.3709263300007
2023-05-12T00:00:00Z,-4048.999302709999
2023-05-11T00:00:00Z,19003.580213129997
2023-05-10T00:00:00Z,-1763.0905747700017
2023-05-09T00:00:00Z,2140.7749770499977
2023-05-08T00:00:00Z,-954.5498997600007
2023-05-07T00:00:00Z,-1410.51206137
2023-05-06T00:00:00Z,-2690.8170241400003
2023-05-05T00:00:00Z,-6812.923692820001
2023-05-04T00:00:00Z,974.8684890199984
2023-05-03T00:00:00Z,618.603733609998
2023-05-02T00:00:00Z,-5631.46970025
2023-05-01T00:00:00Z,7273.891434519999
2023-04-30T00:00:00Z,1120.0837450200015
2023-04-29T00:00:00Z,-334.7267050600003
2023-04-28T00:00:00Z,-333.20345841000017
2023-04-27T00:00:00Z,-498.54732289000094
2023-04-26T00:00:00Z,4626.7341274199935
2023-04-25T00:00:00Z,1281.9038193000015
2023-04-24T00:00:00Z,507.8687781000008
2023-04-23T00:00:00Z,-586.1910199099984
2023-04-22T00:00:00Z,127.38049350000074
2023-04-21T00:00:00Z,4077.4625704599966
2023-04-20T00:00:00Z,5433.936060610002
2023-04-19T00:00:00Z,4812.384915710001
2023-04-18T00:00:00Z,2040.8555287399977
2023-04-17T00:00:00Z,3539.1282952300025
2023-04-16T00:00:00Z,2343.3172091100005
2023-04-15T00:00:00Z,-186.27003420000074
2023-04-14T00:00:00Z,-3347.4301597800004
2023-04-13T00:00:00Z,-4132.647437290001
2023-04-12T00:00:00Z,11505.971615290004
2023-04-11T00:00:00Z,136.37971477999963
2023-04-10T00:00:00Z,1209.0560418399982
2023-04-09T00:00:00Z,718.1919714800006
2023-04-08T00:00:00Z,582.1411139200009
2023-04-07T00:00:00Z,281.5272044400008
2023-04-06T00:00:00Z,1701.9409308499999
2023-04-05T00:00:00Z,1058.5569117900013
2023-04-04T00:00:00Z,-1213.7432927100017
2023-04-03T00:00:00Z,3513.8542840400005
2023-04-02T00:00:00Z,677.5595404300002
2023-04-01T00:00:00Z,82.27793182999812
2023-03-31T00:00:00Z,3981.5111559699944
2023-03-30T00:00:00Z,961.6570951900067
2023-03-29T00:00:00Z,-1671.6639734799974
2023-03-28T00:00:00Z,-2925.3579810199953
2023-03-27T00:00:00Z,-1048.2423687099945
2023-03-26T00:00:00Z,-2039.4215303299989
2023-03-25T00:00:00Z,89.13815378999789
2023-03-24T00:00:00Z,2189.3479421599986
2023-03-23T00:00:00Z,3375.917832500003
2023-03-22T00:00:00Z,-15129.623189240003
2023-03-21T00:00:00Z,-2542.9615960999945
2023-03-20T00:00:00Z,1167.0338192999989
2023-03-19T00:00:00Z,8498.02480952
2023-03-18T00:00:00Z,3351.4235681799983
2023-03-17T00:00:00Z,19862.579157219996
2023-03-16T00:00:00Z,2865.0220774100017
2023-03-15T00:00:00Z,-525.5875347900001
2023-03-14T00:00:00Z,13466.876457370003
2023-03-13T00:00:00Z,27543.609605210004
2023-03-12T00:00:00Z,-682.067452299998
2023-03-11T00:00:00Z,-12229.52989346
2023-03-10T00:00:00Z,-8167.328807110003
2023-03-09T00:00:00Z,-5401.369092319997
2023-03-08T00:00:00Z,-7023.530953020003
2023-03-07T00:00:00Z,-2614.1221187099945
2023-03-06T00:00:00Z,4075.3517816400017
2023-03-05T00:00:00Z,2205.8008028700024
2023-03-04T00:00:00Z,1296.6296447700006
2023-03-03T00:00:00Z,-3250.196725199996
2023-03-02T00:00:00Z,3136.2930399200013
2023-03-01T00:00:00Z,2961.3731212600032
2023-02-28T00:00:00Z,1815.2481318100035
2023-02-27T00:00:00Z,-1093.5593212099993
2023-02-26T00:00:00Z,991.431920160001
2023-02-25T00:00:00Z,3661.63292385
2023-02-24T00:00:00Z,3391.2321422800014
2023-02-23T00:00:00Z,-148.09324678999837
2023-02-22T00:00:00Z,-3540.8528824899986
2023-02-21T00:00:00Z,-2114.8306917599984
2023-02-20T00:00:00Z,2204.848616880001
2023-02-19T00:00:00Z,-1342.137016159999
2023-02-18T00:00:00Z,216.1321909899998
2023-02-17T00:00:00Z,330.1116425
2023-02-16T00:00:00Z,8745.282530360004
2023-02-15T00:00:00Z,5620.715996530002
2023-02-14T00:00:00Z,4337.541962119998
2023-02-13T00:00:00Z,828.9812992699954
2023-02-12T00:00:00Z,-286.85752510999737
2023-02-11T00:00:00Z,3259.519662890001
2023-02-10T00:00:00Z,7180.501101490001
2023-02-09T00:00:00Z,77.06091602000379
2023-02-08T00:00:00Z,729.2812794199999
2023-02-07T00:00:00Z,-3607.4574250199985
2023-02-06T00:00:00Z,800.932177810002
2023-02-05T00:00:00Z,1806.970133830002
2023-02-04T00:00:00Z,-931.4695637699988
2023-02-03T00:00:00Z,-3389.699068330003
2023-02-02T00:00:00Z,-3152.125392040005
2023-02-01T00:00:00Z,6422.282499779998
2023-01-31T00:00:00Z,199.69964001000335
2023-01-30T00:00:00Z,1455.2234495699959
2023-01-29T00:00:00Z,2670.9359047800026
2023-01-28T00:00:00Z,-71.4621959799988
2023-01-27T00:00:00Z,-4094.8892502200033
2023-01-26T00:00:00Z,-1140.3456781299974
2023-01-25T00:00:00Z,246.97847776999697
2023-01-24T00:00:00Z,-4380.14305205
2023-01-23T00:00:00Z,908.1669515499962
2023-01-22T00:00:00Z,996.8158392499972
2023-01-21T00:00:00Z,3757.3534707500003
2023-01-20T00:00:00Z,-13674.05946764
2023-01-19T00:00:00Z,2092.1113529600043
2023-01-18T00:00:00Z,-2990.8942924099974
2023-01-17T00:00:00Z,-9193.857274910006
2023-01-16T00:00:00Z,-6412.125300019998
2023-01-15T00:00:00Z,4168.3797491000005
2023-01-14T00:00:00Z,8023.164679529997
2023-01-13T00:00:00Z,-11329.820545830007
2023-01-12T00:00:00Z,5154.849144129999
2023-01-11T00:00:00Z,-2990.0939505600036
2023-01-10T00:00:00Z,454.03216748999694
2023-01-09T00:00:00Z,-2875.3883489100044
2023-01-08T00:00:00Z,962.4547725600005
2023-01-07T00:00:00Z,2392.739960859999
2023-01-06T00:00:00Z,-2813.6127135200004
2023-01-05T00:00:00Z,-1383.880693670002
2023-01-04T00:00:00Z,18907.514162689993
2023-01-03T00:00:00Z,545.0117649800013
2023-01-02T00:00:00Z,1596.2193263400004
2023-01-01T00:00:00Z,5094.999077689998
2022-12-31T00:00:00Z,5404.2807853099985
2022-12-30T00:00:00Z,4956.539238849997
2022-12-29T00:00:00Z,-11170.630456750005
2022-12-28T00:00:00Z,1911.3533883199998
2022-12-27T00:00:00Z,3839.9230811000016
2022-12-26T00:00:00Z,-56.08010292000108
2022-12-25T00:00:00Z,937.6222404199998
2022-12-24T00:00:00Z,-1997.6068050600006
2022-12-23T00:00:00Z,5681.981136959999
2022-12-22T00:00:00Z,2419.9840457700047
2022-12-21T00:00:00Z,-8623.845013769998
2022-12-20T00:00:00Z,2735.8823940799994
2022-12-19T00:00:00Z,-1627.220500479998
2022-12-18T00:00:00Z,1433.4336824800012
2022-12-17T00:00:00Z,-6652.43975637
2022-12-16T00:00:00Z,-13910.448631779997
2022-12-15T00:00:00Z,-177.80925764999847
2022-12-14T00:00:00Z,-8634.180178050003
2022-12-13T00:00:00Z,-27017.296213149995
2022-12-12T00:00:00Z,-7504.555180879994
2022-12-11T00:00:00Z,-2147.2213669599987
2022-12-10T00:00:00Z,-1238.985402010001
2022-12-09T00:00:00Z,-6634.832759389996
2022-12-08T00:00:00Z,-1807.386572039999
2022-12-07T00:00:00Z,456.05333617999713
2022-12-06T00:00:00Z,-2712.1693077399977
2022-12-05T00:00:00Z,2262.7541149800018
2022-12-04T00:00:00Z,-1675.2891873699991
2022-12-03T00:00:00Z,-2162.971480009999
2022-12-02T00:00:00Z,-1688.7681419
2022-12-01T00:00:00Z,282.39437875999283
2022-11-30T00:00:00Z,2420.94309452
2022-11-29T00:00:00Z,2718.6041901200006
2022-11-28T00:00:00Z,-3352.8445453899985
2022-11-27T00:00:00Z,1977.2510938199994
2022-11-26T00:00:00Z,-404.9740001800019
2022-11-25T00:00:00Z,636.7470743899976
2022-11-24T00:00:00Z,-1912.9800503200022
2022-11-23T00:00:00Z,-47644.43155351999
2022-11-22T00:00:00Z,3946.2817597199974
2022-11-21T00:00:00Z,-14926.37091895
2022-11-20T00:00:00Z,-2752.514337380002
2022-11-19T00:00:00Z,-3790.03177315
2022-11-18T00:00:00Z,42313.68702451
2022-11-17T00:00:00Z,-9827.408504389998
2022-11-16T00:00:00Z,-32241.718419589997
2022-11-15T00:00:00Z,-14378.225097250004
2022-11-14T00:00:00Z,-15927.411541230002
2022-11-13T00:00:00Z,-20695.01877609
2022-11-12T00:00:00Z,-29079.625867180002
2022-11-11T00:00:00Z,-29594.35988001
2022-11-10T00:00:00Z,-40992.43232388998
2022-11-09T00:00:00Z,-35923.02598381002
2022-11-08T00:00:00Z,-17035.27947881
2022-11-07T00:00:00Z,-28682.961207860004
2022-11-06T00:00:00Z,1011.411729899999
2022-11-05T00:00:00Z,1359.9555150000015
2022-11-04T00:00:00Z,94047.77099594999
2022-11-03T00:00:00Z,-722.1014607800025
2022-11-02T00:00:00Z,-65796.52307744
2022-11-01T00:00:00Z,739.2997392899997
2022-10-31T00:00:00Z,5825.869887939996
2022-10-30T00:00:00Z,-655.6947985900006
2022-10-29T00:00:00Z,693.3026262999992
2022-10-28T00:00:00Z,-3799.2397432599973
2022-10-27T00:00:00Z,1611.7354106700004
2022-10-26T00:00:00Z,6326.563444009997
2022-10-25T00:00:00Z,-3841.02784943
2022-10-24T00:00:00Z,2594.4134141999966
2022-10-23T00:00:00Z,-1073.56394706
2022-10-22T00:00:00Z,4402.76330721
2022-10-21T00:00:00Z,3827.1486097700035
2022-10-20T00:00:00Z,2169.7609222300016
2022-10-19T00:00:00Z,1076.9842124499992
2022-10-18T00:00:00Z,-9933.071981679997
2022-10-17T00:00:00Z,2523.207574439999
2022-10-16T00:00:00Z,-670.2489293299986
2022-10-15T00:00:00Z,1196.2281046099997
2022-10-14T00:00:00Z,-2979.042211730004
2022-10-13T00:00:00Z,-5847.961094720005
2022-10-12T00:00:00Z,11041.503882429999
2022-10-11T00:00:00Z,3281.293140349997
2022-10-10T00:00:00Z,2957.5702014300005
2022-10-09T00:00:00Z,78.39046857999892
2022-10-08T00:00:00Z,3889.5148044199996
2022-10-07T00:00:00Z,-14485.67360296
2022-10-06T00:00:00Z,-7746.419258840004
2022-10-05T00:00:00Z,671.7997283600052
2022-10-04T00:00:00Z,3532.962164949997
2022-10-03T00:00:00Z,102.35880124999676
2022-10-02T00:00:00Z,-265.52966156
2022-10-01T00:00:00Z,-3437.29776682
2022-09-30T00:00:00Z,-601.963061500006
2022-09-29T00:00:00Z,-3029.608138399999
2022-09-28T00:00:00Z,2588.22138861
2022-09-27T00:00:00Z,1485.1118026100012
2022-09-26T00:00:00Z,2288.092674649997
2022-09-25T00:00:00Z,7340.655347149999
2022-09-24T00:00:00Z,1937.7300554700014
2022-09-23T00:00:00Z,1608.3015984800004
2022-09-22T00:00:00Z,-1212.0250630200026
2022-09-21T00:00:00Z,7252.8426864099965
2022-09-20T00:00:00Z,5422.201996050004
2022-09-19T00:00:00Z,1725.9373658800032
2022-09-18T00:00:00Z,622.2533150800009
2022-09-17T00:00:00Z,4164.254001230001
2022-09-16T00:00:00Z,-156.77038414999697
2022-09-15T00:00:00Z,26708.422174659994
2022-09-14T00:00:00Z,-15918.085141940042
2022-09-13T00:00:00Z,-9845.547754469997
2022-09-12T00:00:00Z,2218.0093512099993
2022-09-11T00:00:00Z,-958.2144511700026
2022-09-10T00:00:00Z,4168.402244390003
2022-09-09T00:00:00Z,3198.3777329200093
2022-09-08T00:00:00Z,5961.734062349999
2022-09-07T00:00:00Z,1600.9521164199978
2022-09-06T00:00:00Z,-8912.564429899998
2022-09-05T00:00:00Z,7966.946932370003
2022-09-04T00:00:00Z,3908.6487268799974
2022-09-03T00:00:00Z,-186.38785454000026
2022-09-02T00:00:00Z,9642.112017730004
2022-09-01T00:00:00Z,-399.877466320002
2022-08-31T00:00:00Z,7394.583442279996
2022-08-30T00:00:00Z,1681.3798045899966
2022-08-29T00:00:00Z,-4408.576715340001
2022-08-28T00:00:00Z,2920.2832567900005
2022-08-27T00:00:00Z,-1301.1904407399998
2022-08-26T00:00:00Z,3250.211229929999
2022-08-25T00:00:00Z,-5837.758689479997
2022-08-24T00:00:00Z,-710.9079230999996
2022-08-23T00:00:00Z,3346.380956750003
2022-08-22T00:00:00Z,2717.1297694700042
2022-08-21T00:00:00Z,-2472.4522126099982
2022-08-20T00:00:00Z,-322.1968125800013
2022-08-19T00:00:00Z,-6817.202079370007
2022-08-18T00:00:00Z,-12694.43783168
2022-08-17T00:00:00Z,899.962039940001
2022-08-16T00:00:00Z,16520.480351470003
2022-08-15T00:00:00Z,-4940.693109690001
2022-08-14T00:00:00Z,-5949.34848058
2022-08-13T00:00:00Z,-240.12913891999779
2022-08-12T00:00:00Z,-4433.8406731399955
2022-08-11T00:00:00Z,1785.5554924899989
2022-08-10T00:00:00Z,5450.062240710002
2022-08-09T00:00:00Z,-2220.5123567899936
2022-08-08T00:00:00Z,-1541.1423547099985
2022-08-07T00:00:00Z,996.4380855999989
2022-08-06T00:00:00Z,1244.3391460900002
2022-08-05T00:00:00Z,-1704.3133652500037
2022-08-04T00:00:00Z,5685.697744809997
2022-08-03T00:00:00Z,-7250.033714159996
2022-08-02T00:00:00Z,3690.5102233200014
2022-08-01T00:00:00Z,1213.0878131299978
2022-07-31T00:00:00Z,42.90746195999964
2022-07-30T00:00:00Z,-888.1719226700006
2022-07-29T00:00:00Z,-3291.2875241899965
2022-07-28T00:00:00Z,-1237.0886374600013
2022-07-27T00:00:00Z,-640.5726153700016
2022-07-26T00:00:00Z,-2705.718820189999
2022-07-25T00:00:00Z,-5412.58771824
2022-07-24T00:00:00Z,-4029.4423537600014
2022-07-23T00:00:00Z,1420.0705919199972
2022-07-22T00:00:00Z,-1582.6981652600007
2022-07-21T00:00:00Z,2374.81794909
2022-07-20T00:00:00Z,-9494.671642869987
2022-07-19T00:00:00Z,-16633.468768220002
2022-07-18T00:00:00Z,-1709.2861268799898
2022-07-17T00:00:00Z,19257.03311221
2022-07-16T00:00:00Z,-2969.2223781499997
2022-07-15T00:00:00Z,8471.910347199999
2022-07-14T00:00:00Z,-29.775586019997718
2022-07-13T00:00:00Z,6395.873875500001
2022-07-12T00:00:00Z,6525.00870613
2022-07-11T00:00:00Z,-9321.45980389
2022-07-10T00:00:00Z,-2838.020563099999
2022-07-09T00:00:00Z,-275.7969810700015
2022-07-08T00:00:00Z,-6394.87331072001
2022-07-07T00:00:00Z,4556.785557580006
2022-07-06T00:00:00Z,-2145.405013210002
2022-07-05T00:00:00Z,-1025.4508370299955
2022-07-04T00:00:00Z,4599.961928280005
2022-07-03T00:00:00Z,-1241.324905450001
2022-07-02T00:00:00Z,458.441048030003
2022-07-01T00:00:00Z,-7737.4693207500095
2022-06-30T00:00:00Z,-8394.262180239995
2022-06-29T00:00:00Z,2184.1521517599904
2022-06-28T00:00:00Z,-4855.4183017899995
2022-06-27T00:00:00Z,13697.035461300002
2022-06-26T00:00:00Z,460.8757514099998
2022-06-25T00:00:00Z,-3034.189237999999
2022-06-24T00:00:00Z,-2343.311301499998
2022-06-23T00:00:00Z,4975.280309769994
2022-06-22T00:00:00Z,-16784.345281150003
2022-06-21T00:00:00Z,25658.33741651001
2022-06-20T00:00:00Z,-9847.904718449994
2022-06-19T00:00:00Z,447.70899989000463
2022-06-18T00:00:00Z,2076.6734707799915
2022-06-17T00:00:00Z,-68440.68228717001
2022-06-16T00:00:00Z,-3304.1094685900025
2022-06-15T00:00:00Z,-22148.600502989982
2022-06-14T00:00:00Z,16179.538284099981
2022-06-13T00:00:00Z,-9210.569486819993
2022-06-12T00:00:00Z,-4444.665554020001
2022-06-11T00:00:00Z,-6143.50274507
2022-06-10T00:00:00Z,1452.2414251200025
2022-06-09T00:00:00Z,-5138.163854769999
2022-06-08T00:00:00Z,3934.9272180500047
2022-06-07T00:00:00Z,5252.007675960005
2022-06-06T00:00:00Z,17208.79568725
2022-06-05T00:00:00Z,-1320.5597792399985
2022-06-04T00:00:00Z,5354.02049029
2022-06-03T00:00:00Z,-2205.5302145099995
2022-06-02T00:00:00Z,-40301.69967372999
2022-06-01T00:00:00Z,20562.410433489997
2022-05-31T00:00:00Z,-2979.9209259599957
2022-05-30T00:00:00Z,9125.329364880003
2022-05-29T00:00:00Z,-2023.6635722799983
2022-05-28T00:00:00Z,-6044.4147311199995
2022-05-27T00:00:00Z,842.3812595500058
2022-05-26T00:00:00Z,-484.4690045899988
2022-05-25T00:00:00Z,8733.670931610002
2022-05-24T00:00:00Z,8219.510038289998
2022-05-23T00:00:00Z,-588.2516914000007
2022-05-22T00:00:00Z,2205.570714139998
2022-05-21T00:00:00Z,3695.12318545
2022-05-20T00:00:00Z,7714.715162510001
2022-05-19T00:00:00Z,10678.086727179994
2022-05-18T00:00:00Z,12665.185672549997
2022-05-17T00:00:00Z,12235.327985050011
2022-05-16T00:00:00Z,-7125.202748579992
2022-05-15T00:00:00Z,-2016.4666582499995
2022-05-14T00:00:00Z,-34729.15293939
2022-05-13T00:00:00Z,3355.417030470009
2022-05-12T00:00:00Z,-1528.32266522001
2022-05-11T00:00:00Z,53142.24120746998
2022-05-10T00:00:00Z,9567.779806919978
2022-05-09T00:00:00Z,40228.24072042
2022-05-08T00:00:00Z,12841.303625360008
2022-05-07T00:00:00Z,2672.3663404
2022-05-06T00:00:00Z,-2343.78914049
2022-05-05T00:00:00Z,12381.528541049993
2022-05-04T00:00:00Z,11621.592622489996
2022-05-03T00:00:00Z,3493.2903623699967
2022-05-02T00:00:00Z,-6213.663201030002
2022-05-01T00:00:00Z,-42700.25950636
2022-04-30T00:00:00Z,2812.676111569999
2022-04-29T00:00:00Z,6168.673524919999
2022-04-28T00:00:00Z,-7791.252849320001
2022-04-27T00:00:00Z,262.31946572000015
2022-04-26T00:00:00Z,-9459.483978409997
2022-04-25T00:00:00Z,4633.498216740001
2022-04-24T00:00:00Z,-5580.350982069998
2022-04-23T00:00:00Z,721.1378463099991
2022-04-22T00:00:00Z,-1054.5184474399975
2022-04-21T00:00:00Z,-3736.4133226200065
2022-04-20T00:00:00Z,2181.4532687200044
2022-04-19T00:00:00Z,-4592.003619820003
2022-04-18T00:00:00Z,1800.5223957300004
2022-04-17T00:00:00Z,1423.3451050500007
2022-04-16T00:00:00Z,2081.130647080001
2022-04-15T00:00:00Z,-5212.780339200002
2022-04-14T00:00:00Z,7254.258328019998
2022-04-13T00:00:00Z,3207.2404682900014
2022-04-12T00:00:00Z,-870.1336252200053
2022-04-11T00:00:00Z,1287.0779679600018
2022-04-10T00:00:00Z,991.3776930099993
2022-04-09T00:00:00Z,2503.364139360001
2022-04-08T00:00:00Z,2843.8941379200005
2022-04-07T00:00:00Z,6603.818907039997
2022-04-06T00:00:00Z,-2086.5711823599995
2022-04-05T00:00:00Z,1958.2633527899998
2022-04-04T00:00:00Z,3547.1588061699986
2022-04-03T00:00:00Z,-1079.75564623
2022-04-02T00:00:00Z,167.18707734000054
2022-04-01T00:00:00Z,-5110.606077160002
2022-03-31T00:00:00Z,44945.330038219996
2022-03-30T00:00:00Z,-1403.251731299999
2022-03-29T00:00:00Z,-8346.927786039996
2022-03-28T00:00:00Z,-5934.879060710002
2022-03-27T00:00:00Z,-54210.15895887
2022-03-26T00:00:00Z,3687.2509728900004
2022-03-25T00:00:00Z,3011.520414589999
2022-03-24T00:00:00Z,2758.944240240002
2022-03-23T00:00:00Z,2672.4412601400036
2022-03-22T00:00:00Z,59112.85147934
2022-03-21T00:00:00Z,-59186.981073209994
2022-03-20T00:00:00Z,-660.0856201799998
2022-03-19T00:00:00Z,2530.511259820003
2022-03-18T00:00:00Z,2656.8047266099966
2022-03-17T00:00:00Z,229.30773657999816
2022-03-16T00:00:00Z,-1065.5480372300008
2022-03-15T00:00:00Z,723.9392603899978
2022-03-14T00:00:00Z,2204.8923296400026
2022-03-13T00:00:00Z,2737.8690297400008
2022-03-12T00:00:00Z,-877.4302954100003
2022-03-11T00:00:00Z,-2395.8720261900016
2022-03-10T00:00:00Z,-2528.120069470002
2022-03-09T00:00:00Z,7210.941473229999
2022-03-08T00:00:00Z,-11693.796482140002
2022-03-07T00:00:00Z,4411.508003310002
2022-03-06T00:00:00Z,-1184.965737460001
2022-03-05T00:00:00Z,-189.5355134599995
2022-03-04T00:00:00Z,-2960.007598230004
2022-03-03T00:00:00Z,5744.038455150003
2022-03-02T00:00:00Z,-5162.210427340004
2022-03-01T00:00:00Z,5386.659209100006
2022-02-28T00:00:00Z,-3785.3023534599997
2022-02-27T00:00:00Z,-1798.4891039799986
2022-02-26T00:00:00Z,3158.7454824300003
2022-02-25T00:00:00Z,5509.154282720003
2022-02-24T00:00:00Z,3673.446427149989
2022-02-23T00:00:00Z,395.49384132000705
2022-02-22T00:00:00Z,-2673.4286244800023
2022-02-21T00:00:00Z,-5459.265803269998
2022-02-20T00:00:00Z,307.285275510003
2022-02-19T00:00:00Z,1925.2154825500002
2022-02-18T00:00:00Z,1035.9336735399993
2022-02-17T00:00:00Z,-869.9610816700006
2022-02-16T00:00:00Z,-4314.479387009997
2022-02-15T00:00:00Z,1301.2900997600009
2022-02-14T00:00:00Z,2493.713921069997
2022-02-13T00:00:00Z,430.6437505499998
2022-02-12T00:00:00Z,7684.772561310001
2022-02-11T00:00:00Z,-2407.8782648900014
2022-02-10T00:00:00Z,-5798.044842260002
2022-02-09T00:00:00Z,-109.69641595999565
2022-02-08T00:00:00Z,-1571.3594249700036
2022-02-07T00:00:00Z,-462.5171621900008
2022-02-06T00:00:00Z,451.2318111399982
2022-02-05T00:00:00Z,-4305.901356410002
2022-02-04T00:00:00Z,6719.272798530001
2022-02-03T00:00:00Z,-3511.6109964900024
2022-02-02T00:00:00Z,-1585.6855831300054
2022-02-01T00:00:00Z,-967.5395241399965
2022-01-31T00:00:00Z,-3594.43865792
2022-01-30T00:00:00Z,3976.4516504400017
2022-01-29T00:00:00Z,-1624.7545341399964
2022-01-28T00:00:00Z,3856.241241949996
2022-01-27T00:00:00Z,-13390.873762550007
2022-01-26T00:00:00Z,2458.491956689999
2022-01-25T00:00:00Z,3314.1715770299998
2022-01-24T00:00:00Z,3512.274391479994
2022-01-23T00:00:00Z,-671.026841400002
2022-01-22T00:00:00Z,-108.42814207999618
2022-01-21T00:00:00Z,9830.438119440005
2022-01-20T00:00:00Z,-1313.3553860300017
2022-01-19T00:00:00Z,-2683.086765400003
2022-01-18T00:00:00Z,-1330.2977007200025
2022-01-17T00:00:00Z,4442.156858309998
2022-01-16T00:00:00Z,-2163.0090803000003
2022-01-15T00:00:00Z,268.1910875100002
2022-01-14T00:00:00Z,5595.989618170002
2022-01-13T00:00:00Z,-4570.958038490004
2022-01-12T00:00:00Z,4211.6254280099965
2022-01-11T00:00:00Z,-4590.368338250002
2022-01-10T00:00:00Z,-4648.377483349999
2022-01-09T00:00:00Z,340.91718073000084
2022-01-08T00:00:00Z,4344.433662359999
2022-01-07T00:00:00Z,-1037.739076259997
2022-01-06T00:00:00Z,-924.9322653900017
2022-01-05T00:00:00Z,-4733.012050450001
2022-01-04T00:00:00Z,-43056.84935720001
2022-01-03T00:00:00Z,4019.5014994800003
2022-01-02T00:00:00Z,1936.754350950001
2022-01-01T00:00:00Z,-1129.2246669999986
2021-12-31T00:00:00Z,-14724.035449160001
2021-12-30T00:00:00Z,10102.04736466
2021-12-29T00:00:00Z,-12961.339932640003
2021-12-28T00:00:00Z,648.6896886800023
2021-12-27T00:00:00Z,4428.647352269996
2021-12-26T00:00:00Z,1093.0674992700006
2021-12-25T00:00:00Z,-1690.71683614
2021-12-24T00:00:00Z,-9898.76218664
2021-12-23T00:00:00Z,-1409.6720800900002
2021-12-22T00:00:00Z,269.6568760500013
2021-12-21T00:00:00Z,-281.24886913999944
2021-12-20T00:00:00Z,11366.704768259999
2021-12-19T00:00:00Z,-1524.737748470001
2021-12-18T00:00:00Z,3988.266900040002
2021-12-17T00:00:00Z,3346.794948390001
2021-12-16T00:00:00Z,5681.626282229998
2021-12-15T00:00:00Z,8945.601098219999
2021-12-14T00:00:00Z,-76.2465057599984
2021-12-13T00:00:00Z,-4320.732217880002
2021-12-12T00:00:00Z,-704.6948275800023
2021-12-11T00:00:00Z,9531.77736656
2021-12-10T00:00:00Z,3047.4774183400004
2021-12-09T00:00:00Z,571.798674919999
2021-12-08T00:00:00Z,-2166.4782238499974
2021-12-07T00:00:00Z,-1852.666488930001
2021-12-06T00:00:00Z,-3073.47930033
2021-12-05T00:00:00Z,-7161.114927679999
2021-12-04T00:00:00Z,-1039.3795832599862
2021-12-03T00:00:00Z,136.670900719997
2021-12-02T00:00:00Z,-3402.3099471399983
2021-12-01T00:00:00Z,3145.129668649999
2021-11-30T00:00:00Z,-867.3273593300037
2021-11-29T00:00:00Z,-5562.01072672
2021-11-28T00:00:00Z,3433.770354100001
2021-11-27T00:00:00Z,1317.6476644800023
2021-11-26T00:00:00Z,24563.056735909995
2021-11-25T00:00:00Z,-5112.712047660003
2021-11-24T00:00:00Z,-1941.1320871299977
2021-11-23T00:00:00Z,-3048.6568649600013
2021-11-22T00:00:00Z,1922.9013739400034
2021-11-21T00:00:00Z,-342.0517707099971
2021-11-20T00:00:00Z,4139.873709030002
2021-11-19T00:00:00Z,633.7693439400027
2021-11-18T00:00:00Z,7646.312314829993
2021-11-17T00:00:00Z,-9754.169433160001
2021-11-16T00:00:00Z,-6449.9011590200025
2021-11-15T00:00:00Z,3172.9582409400027
2021-11-14T00:00:00Z,2562.640555670001
2021-11-13T00:00:00Z,-310.0684414799998
2021-11-12T00:00:00Z,-257.08591572000296
2021-11-11T00:00:00Z,4612.779645219998
2021-11-10T00:00:00Z,1241.036618659993
2021-11-09T00:00:00Z,-804.5525819500035
2021-11-08T00:00:00Z,7822.736820750004
2021-11-07T00:00:00Z,-6962.2566126799975
2021-11-06T00:00:00Z,3571.2406703300003
2021-11-05T00:00:00Z,-4984.844500070001
2021-11-04T00:00:00Z,1594.8870291799976
2021-11-03T00:00:00Z,-15305.24443405999
2021-11-02T00:00:00Z,-6455.04568137
2021-11-01T00:00:00Z,-14660.483208319994
2021-10-31T00:00:00Z,2374.3803679999983
2021-10-30T00:00:00Z,3148.4618303399984
2021-10-29T00:00:00Z,-8140.406438290003
2021-10-28T00:00:00Z,-2431.6458891500006
2021-10-27T00:00:00Z,12400.124828550004
2021-10-26T00:00:00Z,2360.638128300001
2021-10-25T00:00:00Z,-2071.404333780003
2021-10-24T00:00:00Z,1319.9579803300003
2021-10-23T00:00:00Z,2650.554638810001
2021-10-22T00:00:00Z,2026.8009234300043
2021-10-21T00:00:00Z,-1397.6209626000054
2021-10-20T00:00:00Z,4354.797353810005
2021-10-19T00:00:00Z,4886.413877490006
2021-10-18T00:00:00Z,-9806.743827400001
2021-10-17T00:00:00Z,-412.6016291399974
2021-10-16T00:00:00Z,8330.889582560001
2021-10-15T00:00:00Z,3814.8913060699997
2021-10-14T00:00:00Z,-870.1410821700047
2021-10-13T00:00:00Z,1864.8174900700033
2021-10-12T00:00:00Z,679.6580236200025
2021-10-11T00:00:00Z,-596.3870852100008
2021-10-10T00:00:00Z,539.418647890001
2021-10-09T00:00:00Z,1628.7965267200016
2021-10-08T00:00:00Z,-371.6497756200042
2021-10-07T00:00:00Z,7123.7386276499965
2021-10-06T00:00:00Z,4546.680823580005
2021-10-05T00:00:00Z,4978.263410130006
2021-10-04T00:00:00Z,-387.835120249998
2021-10-03T00:00:00Z,1506.23727125
2021-10-02T00:00:00Z,-428.5137953800004
2021-10-01T00:00:00Z,-696.0932394999982
2021-09-30T00:00:00Z,4515.277616729996
2021-09-29T00:00:00Z,-7158.878139599998
2021-09-28T00:00:00Z,-4435.55933317
2021-09-27T00:00:00Z,-4491.064103979996
2021-09-26T00:00:00Z,-1461.2731456500005
2021-09-25T00:00:00Z,-1647.844891890003
2021-09-24T00:00:00Z,24439.656576240006
2021-09-23T00:00:00Z,-3327.5136164700016
2021-09-22T00:00:00Z,-1399.9973569299982
2021-09-21T00:00:00Z,7089.8028927299965
2021-09-20T00:00:00Z,-31505.957167070002
2021-09-19T00:00:00Z,604.7734547399996
2021-09-18T00:00:00Z,1573.553803409999
2021-09-17T00:00:00Z,-101.99919392000083
2021-09-16T00:00:00Z,-1853.077883130005
2021-09-15T00:00:00Z,-1480.5130511099997
2021-09-14T00:00:00Z,-3989.8672783300062
2021-09-13T00:00:00Z,1112.050543999998
2021-09-12T00:00:00Z,-716.9151046099978
2021-09-11T00:00:00Z,-102.79903357000148
2021-09-10T00:00:00Z,-45669.60106573
2021-09-09T00:00:00Z,-2483.0577883600054
2021-09-08T00:00:00Z,-1280.7882651699983
2021-09-07T00:00:00Z,-2579.0636454099877
2021-09-06T00:00:00Z,-4711.10584864
2021-09-05T00:00:00Z,-70.83292888000142
2021-09-04T00:00:00Z,2150.905582020001
2021-09-03T00:00:00Z,-5834.905883200001
2021-09-02T00:00:00Z,177.59804238000652
2021-09-01T00:00:00Z,-4870.284478350004
2021-08-31T00:00:00Z,2463.175567099999
2021-08-30T00:00:00Z,2673.485571559999
2021-08-29T00:00:00Z,-471.57176341000013
2021-08-28T00:00:00Z,1746.0408643699993
2021-08-27T00:00:00Z,-909.3781402199966
2021-08-26T00:00:00Z,-1689.0385210500026
2021-08-25T00:00:00Z,-19432.607562409998
2021-08-24T00:00:00Z,788.7113835799973
2021-08-23T00:00:00Z,-1783.329084099998
2021-08-22T00:00:00Z,165.15855795000243
2021-08-21T00:00:00Z,10110.22835592
2021-08-20T00:00:00Z,-11002.400349230003
2021-08-19T00:00:00Z,-569.0766190900031
2021-08-18T00:00:00Z,-4141.472831790001
2021-08-17T00:00:00Z,2097.1744270800045
2021-08-16T00:00:00Z,-4846.652168200002
2021-08-15T00:00:00Z,5859.247220429999
2021-08-14T00:00:00Z,-5191.663220979997
2021-08-13T00:00:00Z,1757.3200416399995
2021-08-12T00:00:00Z,3119.463897859998
2021-08-11T00:00:00Z,4490.9125442
2021-08-10T00:00:00Z,2089.4767151199994
2021-08-09T00:00:00Z,4460.046383240013
2021-08-08T00:00:00Z,1384.3809606299983
2021-08-07T00:00:00Z,2752.6821327600046
2021-08-06T00:00:00Z,10888.31097721999
2021-08-05T00:00:00Z,4027.2642057400008
2021-08-04T00:00:00Z,-3877.394034210003
2021-08-03T00:00:00Z,-3465.0893376899985
2021-08-02T00:00:00Z,1312.1813058799962
2021-08-01T00:00:00Z,5030.269872410001
2021-07-31T00:00:00Z,-936.346235590001
2021-07-30T00:00:00Z,1639.0070430699998
2021-07-29T00:00:00Z,-4907.330667789996
2021-07-28T00:00:00Z,-45697.94418301998
2021-07-27T00:00:00Z,-21093.129513089996
2021-07-26T00:00:00Z,25351.717613999994
2021-07-25T00:00:00Z,-8424.069685500002
2021-07-24T00:00:00Z,3445.343630530002
2021-07-23T00:00:00Z,2984.006022469999
2021-07-22T00:00:00Z,5643.517826089999
2021-07-21T00:00:00Z,3859.604324559994
2021-07-20T00:00:00Z,3296.4175934399973
2021-07-19T00:00:00Z,3861.4004683999956
2021-07-18T00:00:00Z,16163.913719710003
2021-07-17T00:00:00Z,47775.144036749996
2021-07-16T00:00:00Z,-1815.8229535200007
2021-07-15T00:00:00Z,-4663.7095810699975
2021-07-14T00:00:00Z,2502.409371860005
2021-07-13T00:00:00Z,199.47403675999522
2021-07-12T00:00:00Z,54.95589875999576
2021-07-11T00:00:00Z,626.2245585799974
2021-07-10T00:00:00Z,192.78061678000086
2021-07-09T00:00:00Z,586.6072927299974
2021-07-08T00:00:00Z,-4020.375484379998
2021-07-07T00:00:00Z,-6535.25791878
2021-07-06T00:00:00Z,-3514.381297290005
2021-07-05T00:00:00Z,2412.2151350400018
2021-07-04T00:00:00Z,2008.0880087299993
2021-07-03T00:00:00Z,956.433576620002
2021-07-02T00:00:00Z,-1008.4699774999972
2021-07-01T00:00:00Z,-10691.238756589999
2021-06-30T00:00:00Z,-4338.335350509995
2021-06-29T00:00:00Z,6171.884007429995
2021-06-28T00:00:00Z,-623.8679053400047
2021-06-27T00:00:00Z,6751.737867169999
2021-06-26T00:00:00Z,-5973.661889390001
2021-06-25T00:00:00Z,-9553.104177469999
2021-06-24T00:00:00Z,-1481.9477298100028
2021-06-23T00:00:00Z,1291.542112480005
2021-06-22T00:00:00Z,-1967.2651648000028
2021-06-21T00:00:00Z,-1251.2884212600038
2021-06-20T00:00:00Z,4487.05839351
2021-06-19T00:00:00Z,1643.4403982799995
2021-06-18T00:00:00Z,68.967315529997
2021-06-17T00:00:00Z,2323.209587340003
2021-06-16T00:00:00Z,4289.6897880800025
2021-06-15T00:00:00Z,5872.6948799599995
2021-06-14T00:00:00Z,4604.942667759999
2021-06-13T00:00:00Z,4760.581358399999
2021-06-12T00:00:00Z,2694.258677990001
2021-06-11T00:00:00Z,9101.110533719999
2021-06-10T00:00:00Z,12054.068575860001
2021-06-09T00:00:00Z,-2833.0919563299976
2021-06-08T00:00:00Z,3806.3953079799976
2021-06-07T00:00:00Z,-4037.107472609998
2021-06-06T00:00:00Z,-2792.24987743
2021-06-05T00:00:00Z,3086.2421148099966
2021-06-04T00:00:00Z,4158.258271110004
2021-06-03T00:00:00Z,-4249.458384060003
2021-06-02T00:00:00Z,-5247.425586990001
2021-06-01T00:00:00Z,-1411.3449123000028
2021-05-31T00:00:00Z,8557.320686
2021-05-30T00:00:00Z,-2584.4812059100004
2021-05-29T00:00:00Z,5425.316370120003
2021-05-28T00:00:00Z,10570.83153476
2021-05-27T00:00:00Z,7974.207373619996
2021-05-26T00:00:00Z,1597.8283863499964
2021-05-25T00:00:00Z,8126.135095100006
2021-05-24T00:00:00Z,2195.5369951299945
2021-05-23T00:00:00Z,-8519.343855569998
2021-05-22T00:00:00Z,-637.7146022099914
2021-05-21T00:00:00Z,-12706.882927040002
2021-05-20T00:00:00Z,2446.704825599998
2021-05-19T00:00:00Z,36157.561312809994
2021-05-18T00:00:00Z,-7281.496928530003
2021-05-17T00:00:00Z,36625.39140066999
2021-05-16T00:00:00Z,6554.5796876899985
2021-05-15T00:00:00Z,4015.531645459996
2021-05-14T00:00:00Z,7990.733102309998
2021-05-13T00:00:00Z,12961.880656860012
2021-05-12T00:00:00Z,25922.178530060002
2021-05-11T00:00:00Z,-1037.8777737000055
2021-05-10T00:00:00Z,10366.394223299998
2021-05-09T00:00:00Z,3977.565065790004
2021-05-08T00:00:00Z,6828.745078339998
2021-05-07T00:00:00Z,-9821.717263040002
2021-05-06T00:00:00Z,-1795.1762492499984
2021-05-05T00:00:00Z,5557.944211929993
2021-05-04T00:00:00Z,7253.952984680007
2021-05-03T00:00:00Z,-1847.9213133599987
2021-05-02T00:00:00Z,1767.1815679399988
2021-05-01T00:00:00Z,2206.5747430799966
2021-04-30T00:00:00Z,6920.052193520009
2021-04-29T00:00:00Z,34513.475739149995
2021-04-28T00:00:00Z,3250.2429857400057
2021-04-27T00:00:00Z,8335.381366799993
2021-04-26T00:00:00Z,6982.848010859991
2021-04-25T00:00:00Z,-2747.2885266500016
2021-04-24T00:00:00Z,-45.78232778999518
2021-04-23T00:00:00Z,13936.604176270004
2021-04-22T00:00:00Z,13077.472176219992
2021-04-21T00:00:00Z,-3210.5832625099865
2021-04-20T00:00:00Z,-1136.6789572199923
2021-04-19T00:00:00Z,-18067.986019050004
2021-04-18T00:00:00Z,-9447.896171230008
2021-04-17T00:00:00Z,-1309.7689933100046
2021-04-16T00:00:00Z,-5446.022662200005
2021-04-15T00:00:00Z,-2550.990271869996
2021-04-14T00:00:00Z,7141.309830229991
2021-04-13T00:00:00Z,1962.6323375700013
2021-04-12T00:00:00Z,7297.499103449991
2021-04-11T00:00:00Z,-3281.967605940001
2021-04-10T00:00:00Z,11183.64841424
2021-04-09T00:00:00Z,-2449.9391733599987
2021-04-08T00:00:00Z,-8468.194579150004
2021-04-07T00:00:00Z,-5781.4614603200025
2021-04-06T00:00:00Z,-23532.04526315999
2021-04-05T00:00:00Z,-3346.5808821300016
2021-04-04T00:00:00Z,-8259.04763497
2021-04-03T00:00:00Z,4971.2851220899975
2021-04-02T00:00:00Z,2060.8652923000045
2021-04-01T00:00:00Z,-1032.689554830009
2021-03-31T00:00:00Z,172.92264552999404
2021-03-30T00:00:00Z,12909.367487630007
2021-03-29T00:00:00Z,-5513.096386289995
2021-03-28T00:00:00Z,1745.2785273299996
2021-03-27T00:00:00Z,3819.811320159999
2021-03-26T00:00:00Z,-9466.378142000001
2021-03-25T00:00:00Z,5138.203254769993
2021-03-24T00:00:00Z,2695.484169589996
2021-03-23T00:00:00Z,-11705.26633083001
2021-03-22T00:00:00Z,-6069.279766379994
2021-03-21T00:00:00Z,-3321.9288040600004
2021-03-20T00:00:00Z,547.1632913100038
2021-03-19T00:00:00Z,3582.9632305600026
2021-03-18T00:00:00Z,6118.568743920005
2021-03-17T00:00:00Z,-3545.8955717500066
2021-03-16T00:00:00Z,-380.7615412899904
2021-03-15T00:00:00Z,-5512.820270890006
2021-03-14T00:00:00Z,32274.865629750002
2021-03-13T00:00:00Z,6090.804007309998
2021-03-12T00:00:00Z,-3523.5605566899976
2021-03-11T00:00:00Z,5324.00679929
2021-03-10T00:00:00Z,5039.6890530500095
2021-03-09T00:00:00Z,9170.98261115
2021-03-08T00:00:00Z,-8217.978569729996
2021-03-07T00:00:00Z,3564.0561346100003
2021-03-06T00:00:00Z,6779.212829240001
2021-03-05T00:00:00Z,9715.616405990004
2021-03-04T00:00:00Z,1283.534402960002
2021-03-03T00:00:00Z,5331.5421820300035
2021-03-02T00:00:00Z,-6074.767232260005
2021-03-01T00:00:00Z,-4966.278029399997
2021-02-28T00:00:00Z,5777.680114100003
2021-02-27T00:00:00Z,3049.0432843000017
2021-02-26T00:00:00Z,-36299.025035650004
2021-02-25T00:00:00Z,2760.2637428900052
2021-02-24T00:00:00Z,-15604.04850679
2021-02-23T00:00:00Z,7810.451557970009
2021-02-22T00:00:00Z,5313.747367839998
2021-02-21T00:00:00Z,36409.495300539995
2021-02-20T00:00:00Z,12764.209487569999
2021-02-19T00:00:00Z,11449.536544479997
2021-02-18T00:00:00Z,-1295.1179512300005
2021-02-17T00:00:00Z,9365.93066816
2021-02-16T00:00:00Z,1218.0125768799917
2021-02-15T00:00:00Z,-4416.573751819997
2021-02-14T00:00:00Z,2726.4468542600007
2021-02-13T00:00:00Z,599.9014461100014
2021-02-12T00:00:00Z,-7223.808785399997
2021-02-11T00:00:00Z,2984.854278379993
2021-02-10T00:00:00Z,7435.983023779991
2021-02-09T00:00:00Z,-1384.7535551000037
2021-02-08T00:00:00Z,2754.474374740006
2021-02-07T00:00:00Z,-9576.294591590005
2021-02-06T00:00:00Z,13675.19132418
2021-02-05T00:00:00Z,-7895.305062529995
2021-02-04T00:00:00Z,7700.424429180013
2021-02-03T00:00:00Z,3977.38892908
2021-02-02T00:00:00Z,4352.160779309997
2021-02-01T00:00:00Z,-4460.312118910006
2021-01-31T00:00:00Z,-11595.317276100002
2021-01-30T00:00:00Z,5563.721521890002
2021-01-29T00:00:00Z,24436.288577569998
2021-01-28T00:00:00Z,-2838.854548760006
2021-01-27T00:00:00Z,-7354.305707010004
2021-01-26T00:00:00Z,-2475.9935361300013
2021-01-25T00:00:00Z,480.34585729001265
2021-01-24T00:00:00Z,3590.308088050002
2021-01-23T00:00:00Z,4322.075608790001
2021-01-22T00:00:00Z,566.2228068900004
2021-01-21T00:00:00Z,2330.645623920005
2021-01-20T00:00:00Z,1077.5446020099916
2021-01-19T00:00:00Z,2011.0661928200134
2021-01-18T00:00:00Z,-1258.5979505899886
2021-01-17T00:00:00Z,2052.9973694500004
2021-01-16T00:00:00Z,3758.3528184199968
2021-01-15T00:00:00Z,26102.13596407001
2021-01-14T00:00:00Z,-6776.768153740006
2021-01-13T00:00:00Z,2129.5224704400025
2021-01-12T00:00:00Z,-4827.906643809998
2021-01-11T00:00:00Z,15998.567314759988
2021-01-10T00:00:00Z,10997.952400460003
2021-01-09T00:00:00Z,2949.5184797699985
2021-01-08T00:00:00Z,12577.626178819992
2021-01-07T00:00:00Z,6180.736078969989
2021-01-06T00:00:00Z,-8377.10104590001
2021-01-05T00:00:00Z,743.9835012500116
2021-01-04T00:00:00Z,14186.206381609998
2021-01-03T00:00:00Z,18109.328081679996
2021-01-02T00:00:00Z,-32917.2141404
2021-01-01T00:00:00Z,-11157.623701830002
2020-12-31T00:00:00Z,-10964.109655139997
2020-12-30T00:00:00Z,12471.445322
2020-12-29T00:00:00Z,-19501.689465870004
2020-12-28T00:00:00Z,4164.419465569998
2020-12-27T00:00:00Z,17942.617457390006
2020-12-26T00:00:00Z,975.1543075100053
2020-12-25T00:00:00Z,7363.717681779999
2020-12-24T00:00:00Z,9141.386692579996
2020-12-23T00:00:00Z,-27015.488601239995
2020-12-22T00:00:00Z,-20369.473199130007
2020-12-21T00:00:00Z,-5451.3929137800005
2020-12-20T00:00:00Z,-2107.408577260001
2020-12-19T00:00:00Z,6449.813941059998
2020-12-18T00:00:00Z,11518.33751061
2020-12-17T00:00:00Z,20452.082878910005
2020-12-16T00:00:00Z,17151.599068850002
2020-12-15T00:00:00Z,-6975.35825469
2020-12-14T00:00:00Z,5165.3271995199975
2020-12-13T00:00:00Z,5409.553678850003
2020-12-12T00:00:00Z,9182.551429599996
2020-12-11T00:00:00Z,19594.155023530002
2020-12-10T00:00:00Z,5271.68036079999
2020-12-09T00:00:00Z,-8159.371776500004
2020-12-08T00:00:00Z,-943.0588031200023
2020-12-07T00:00:00Z,7308.055479319999
2020-12-06T00:00:00Z,-4421.916088410002
2020-12-05T00:00:00Z,2883.43426604
2020-12-04T00:00:00Z,-16924.931020400007
2020-12-03T00:00:00Z,1530.181901279997
2020-12-02T00:00:00Z,-736.8895946400007
2020-12-01T00:00:00Z,11750.047033809999
2020-11-30T00:00:00Z,4173.650906299998
2020-11-29T00:00:00Z,-3362.5470180300035
2020-11-28T00:00:00Z,-3073.5241813900066
2020-11-27T00:00:00Z,9263.186909100012
2020-11-26T00:00:00Z,12152.675363260016
2020-11-25T00:00:00Z,3788.1995434299897
2020-11-24T00:00:00Z,8349.365448730008
2020-11-23T00:00:00Z,2811.9800477300014
2020-11-22T00:00:00Z,676.2277984800021
2020-11-21T00:00:00Z,8653.647917729999
2020-11-20T00:00:00Z,-3412.1618369500065
2020-11-19T00:00:00Z,-10458.487460090008
2020-11-18T00:00:00Z,19879.959784820006
2020-11-17T00:00:00Z,5585.402254090004
2020-11-16T00:00:00Z,-10114.70284436
2020-11-15T00:00:00Z,-3809.506723819999
2020-11-14T00:00:00Z,7795.442327560002
2020-11-13T00:00:00Z,-2918.0192872100015
2020-11-12T00:00:00Z,-5399.215139460008
2020-11-11T00:00:00Z,-2853.856867790004
2020-11-10T00:00:00Z,-11078.283174659999
2020-11-09T00:00:00Z,-768.8514151100098
2020-11-08T00:00:00Z,-2353.5012971499964
2020-11-07T00:00:00Z,1694.439862170002
2020-11-06T00:00:00Z,2085.2370505399886
2020-11-05T00:00:00Z,11971.24437120001
2020-11-04T00:00:00Z,-8572.614194349997
2020-11-03T00:00:00Z,-15531.847376250007
2020-11-02T00:00:00Z,-21397.258138610006
2020-11-01T00:00:00Z,1803.62940677
2020-10-31T00:00:00Z,8319.492947959996
2020-10-30T00:00:00Z,-4975.077962280004
2020-10-29T00:00:00Z,3657.479907910005
2020-10-28T00:00:00Z,-811.73241538
2020-10-27T00:00:00Z,-2818.4836016000045
2020-10-26T00:00:00Z,35939.74972466999
2020-10-25T00:00:00Z,-887.2165225999997
2020-10-24T00:00:00Z,-296.78637965000235
2020-10-23T00:00:00Z,-4792.328628760006
2020-10-22T00:00:00Z,843.0214274900063
2020-10-21T00:00:00Z,6133.443435189998
2020-10-20T00:00:00Z,1498.9875783699972
2020-10-19T00:00:00Z,-5744.5511995199995
2020-10-18T00:00:00Z,-1528.811816309997
2020-10-17T00:00:00Z,-9039.472953259996
2020-10-16T00:00:00Z,-17469.207720809994
2020-10-15T00:00:00Z,-17057.999062870003
2020-10-14T00:00:00Z,-9242.498542210007
2020-10-13T00:00:00Z,-1610.8542838199937
2020-10-12T00:00:00Z,2144.748662030004
2020-10-11T00:00:00Z,-2154.033065580006
2020-10-10T00:00:00Z,4153.201179489995
2020-10-09T00:00:00Z,4204.180140480006
2020-10-08T00:00:00Z,4167.392938060002
2020-10-07T00:00:00Z,-13816.580261779993
2020-10-06T00:00:00Z,5782.644006190007
2020-10-05T00:00:00Z,-5642.248372300004
2020-10-04T00:00:00Z,2803.8727350400004
2020-10-03T00:00:00Z,-221.91887300999952
2020-10-02T00:00:00Z,-24494.414514269985
2020-10-01T00:00:00Z,3082.685613109992
2020-09-30T00:00:00Z,-114.48408429999836
2020-09-29T00:00:00Z,-15564.268610890009
2020-09-28T00:00:00Z,6059.31314838001
2020-09-27T00:00:00Z,848.0580153299998
2020-09-26T00:00:00Z,-2668.5112028500007
2020-09-25T00:00:00Z,-4476.709809890002
2020-09-24T00:00:00Z,-3644.5841736600123
2020-09-23T00:00:00Z,-8192.886326029999
2020-09-22T00:00:00Z,-782.1896728499996
2020-09-21T00:00:00Z,2942.9634532100026
2020-09-20T00:00:00Z,4503.906774449995
2020-09-19T00:00:00Z,-984.8763839500025
2020-09-18T00:00:00Z,-14583.5514653
2020-09-17T00:00:00Z,-5422.516071179998
2020-09-16T00:00:00Z,7725.280310959992
2020-09-15T00:00:00Z,326.4930464299978
2020-09-14T00:00:00Z,-1282.629680189988
2020-09-13T00:00:00Z,-3323.8807094799995
2020-09-12T00:00:00Z,-1492.4036437200048
2020-09-11T00:00:00Z,-1079.799408949999
2020-09-10T00:00:00Z,-11364.507305969993
2020-09-09T00:00:00Z,-5260.2932261800015
2020-09-08T00:00:00Z,377.9027048200078
2020-09-07T00:00:00Z,-6871.297148600002
2020-09-06T00:00:00Z,-1874.6762164999964
2020-09-05T00:00:00Z,8257.378081140007
2020-09-04T00:00:00Z,9778.49140588002
2020-09-03T00:00:00Z,-335.4813796800008
2020-09-02T00:00:00Z,-9658.120830610002
2020-09-01T00:00:00Z,987.8825885800034
2020-08-31T00:00:00Z,-6403.8634630000015
2020-08-30T00:00:00Z,6234.154900219997
2020-08-29T00:00:00Z,1129.5964946599997
2020-08-28T00:00:00Z,-1839.4499436299957
2020-08-27T00:00:00Z,2294.872815249997
2020-08-26T00:00:00Z,-781.269750099993
2020-08-25T00:00:00Z,-11954.274057989998
2020-08-24T00:00:00Z,-24.365330679996987
2020-08-23T00:00:00Z,-2126.1102888000023
2020-08-22T00:00:00Z,88.47168976000103
2020-08-21T00:00:00Z,-4655.14562137
2020-08-20T00:00:00Z,-1319.123682400008
2020-08-19T00:00:00Z,-10204.484107829994
2020-08-18T00:00:00Z,-286.9548229899956
2020-08-17T00:00:00Z,-17049.39879418
2020-08-16T00:00:00Z,-475.26025422000384
2020-08-15T00:00:00Z,-4996.12504934
2020-08-14T00:00:00Z,-3493.1690992700023
2020-08-13T00:00:00Z,2150.9603891399893
2020-08-12T00:00:00Z,-4367.588988040006
2020-08-11T00:00:00Z,1563.2681233699986
2020-08-10T00:00:00Z,-350.1921069499949
2020-08-09T00:00:00Z,-905.3354766300035
2020-08-08T00:00:00Z,2873.789411830003
2020-08-07T00:00:00Z,-7806.770676200002
2020-08-06T00:00:00Z,5724.410879129995
2020-08-05T00:00:00Z,-9272.326870920006
2020-08-04T00:00:00Z,-3086.6179796500073
2020-08-03T00:00:00Z,-5723.523989780006
2020-08-02T00:00:00Z,4296.82856419
2020-08-01T00:00:00Z,4826.402592269995
2020-07-31T00:00:00Z,-6108.107176759993
2020-07-30T00:00:00Z,-3840.802230360001
2020-07-29T00:00:00Z,2149.975379820011
2020-07-28T00:00:00Z,13575.568093519993
2020-07-27T00:00:00Z,16366.005524880005
2020-07-26T00:00:00Z,8273.435491749995
2020-07-25T00:00:00Z,2359.6654576799992
2020-07-24T00:00:00Z,1414.0448805699998
2020-07-23T00:00:00Z,-944.1470795399946
2020-07-22T00:00:00Z,12745.336686809998
2020-07-21T00:00:00Z,-5630.167767460007
2020-07-20T00:00:00Z,-272.91670635999617
2020-07-19T00:00:00Z,1440.751168679999
2020-07-18T00:00:00Z,798.5145818899982
2020-07-17T00:00:00Z,-5728.876742829998
2020-07-16T00:00:00Z,-3339.143587850005
2020-07-15T00:00:00Z,-4703.368158689998
2020-07-14T00:00:00Z,8330.98640252
2020-07-13T00:00:00Z,-5804.249128569994
2020-07-12T00:00:00Z,-105.64555625000139
2020-07-11T00:00:00Z,1906.4085018100013
2020-07-10T00:00:00Z,-3111.6091919300015
2020-07-09T00:00:00Z,5150.391546039995
2020-07-08T00:00:00Z,-176.9494779000088
2020-07-07T00:00:00Z,1135.0959250500018
2020-07-06T00:00:00Z,7312.363230270006
2020-07-05T00:00:00Z,1690.6983580900014
2020-07-04T00:00:00Z,5683.51460264
2020-07-03T00:00:00Z,-10807.191885039996
2020-07-02T00:00:00Z,4448.805311029995
2020-07-01T00:00:00Z,12007.838020530005
2020-06-30T00:00:00Z,-1448.7882130500002
2020-06-29T00:00:00Z,3139.3548150200004
2020-06-28T00:00:00Z,2538.707711539999
2020-06-27T00:00:00Z,1283.5675205100015
2020-06-26T00:00:00Z,5143.803386800006
2020-06-25T00:00:00Z,-577.7197097200115
2020-06-24T00:00:00Z,-239.61324295999657
2020-06-23T00:00:00Z,-9635.174764809999
2020-06-22T00:00:00Z,-3242.316250579999
2020-06-21T00:00:00Z,2804.612625310001
2020-06-20T00:00:00Z,-605.2134833399978
2020-06-19T00:00:00Z,-26209.15333519
2020-06-18T00:00:00Z,-11851.54640639
2020-06-17T00:00:00Z,-2960.102705049998
2020-06-16T00:00:00Z,2415.9664817700104
2020-06-15T00:00:00Z,-5025.712025779998
2020-06-14T00:00:00Z,1427.1232358199995
2020-06-13T00:00:00Z,1018.6734995400002
2020-06-12T00:00:00Z,-5746.806968310004
2020-06-11T00:00:00Z,-2639.5497918099863
2020-06-10T00:00:00Z,6379.341597779996
2020-06-09T00:00:00Z,-3017.426316320001
2020-06-08T00:00:00Z,-10352.4602628
2020-06-07T00:00:00Z,506.7109149600001
2020-06-06T00:00:00Z,-2954.917783249999
2020-06-05T00:00:00Z,-8801.183153200007
2020-06-04T00:00:00Z,-808.7310177900072
2020-06-03T00:00:00Z,-4085.759346189996
2020-06-02T00:00:00Z,2759.196050889994
2020-06-01T00:00:00Z,739.2526131199993
2020-05-31T00:00:00Z,5674.074731119996
2020-05-30T00:00:00Z,3568.6729911800066
2020-05-29T00:00:00Z,2280.458012910007
2020-05-28T00:00:00Z,6231.900949890005
2020-05-27T00:00:00Z,92.3575237000041
2020-05-26T00:00:00Z,355.4119775200015
2020-05-25T00:00:00Z,-11433.158983509988
2020-05-24T00:00:00Z,-748.8234755700105
2020-05-23T00:00:00Z,1098.3484891900007
2020-05-22T00:00:00Z,-4390.414446239993
2020-05-21T00:00:00Z,1978.76720776
2020-05-20T00:00:00Z,-1112.5701728700078
2020-05-19T00:00:00Z,-7247.892693410002
2020-05-18T00:00:00Z,3667.00045634
2020-05-17T00:00:00Z,303.44766787999833
2020-05-16T00:00:00Z,3607.57002784
2020-05-15T00:00:00Z,4159.520516539997
2020-05-14T00:00:00Z,4882.7268026999955
2020-05-13T00:00:00Z,-9764.198233159987
2020-05-12T00:00:00Z,-18886.35866935001
2020-05-11T00:00:00Z,-11037.903820790001
2020-05-10T00:00:00Z,-2715.127280009998
2020-05-09T00:00:00Z,2611.5456235900056
2020-05-08T00:00:00Z,10082.279506790015
2020-05-07T00:00:00Z,11628.78630498999
2020-05-06T00:00:00Z,-1413.1469645100005
2020-05-05T00:00:00Z,2503.9070954100025
2020-05-04T00:00:00Z,-9201.139781400008
2020-05-03T00:00:00Z,4697.892129439999
2020-05-02T00:00:00Z,384.8217465900052
2020-05-01T00:00:00Z,7280.414942860007
2020-04-30T00:00:00Z,1619.3564407000085
2020-04-29T00:00:00Z,9283.69259659
2020-04-28T00:00:00Z,-10297.527679620005
2020-04-27T00:00:00Z,10262.43605044001
2020-04-26T00:00:00Z,-5779.474390940002
2020-04-25T00:00:00Z,175.85518263000267
2020-04-24T00:00:00Z,-8020.91717986
2020-04-23T00:00:00Z,12333.45973399999
2020-04-22T00:00:00Z,-5548.543305019994
2020-04-21T00:00:00Z,-1354.9590572899906
2020-04-20T00:00:00Z,-5789.166271909999
2020-04-19T00:00:00Z,6509.084506209998
2020-04-18T00:00:00Z,2118.5166307800027
2020-04-17T00:00:00Z,-15720.686841219998
2020-04-16T00:00:00Z,11981.82543283001
2020-04-15T00:00:00Z,3422.709452980009
2020-04-14T00:00:00Z,-4056.1473818700033
2020-04-13T00:00:00Z,-7468.436437230004
2020-04-12T00:00:00Z,-2343.985356319994
2020-04-11T00:00:00Z,-5934.57600968
2020-04-10T00:00:00Z,-4236.342059399991
2020-04-09T00:00:00Z,-9624.997095909988
2020-04-08T00:00:00Z,-4548.125242840004
2020-04-07T00:00:00Z,1017.4197811599879
2020-04-06T00:00:00Z,446.1944356300228
2020-04-05T00:00:00Z,-3625.515079120003
2020-04-04T00:00:00Z,-900.2006128899957
2020-04-03T00:00:00Z,-5787.78005668
2020-04-02T00:00:00Z,5301.443883679996
2020-04-01T00:00:00Z,-1259.1847297200002
2020-03-31T00:00:00Z,-6816.188633599988
2020-03-30T00:00:00Z,2351.047121269992
2020-03-29T00:00:00Z,6512.915850779995
2020-03-28T00:00:00Z,-4891.42289378
2020-03-27T00:00:00Z,-11251.50947828
2020-03-26T00:00:00Z,2151.3920864600004
2020-03-25T00:00:00Z,-9895.064894569994
2020-03-24T00:00:00Z,-15032.369521440007
2020-03-23T00:00:00Z,-2373.971406420009
2020-03-22T00:00:00Z,692.5961328699923
2020-03-21T00:00:00Z,-7837.292492989996
2020-03-20T00:00:00Z,2491.7989412499883
2020-03-19T00:00:00Z,-15114.39973162998
2020-03-18T00:00:00Z,-16849.678561360008
2020-03-17T00:00:00Z,-10536.76664464001
2020-03-16T00:00:00Z,-12658.166974309977
2020-03-15T00:00:00Z,2714.663769110004
2020-03-14T00:00:00Z,-2892.844637550006
2020-03-13T00:00:00Z,38106.52450593002
2020-03-12T00:00:00Z,41023.19646887999
2020-03-11T00:00:00Z,8900.493063720001
2020-03-10T00:00:00Z,154.20553062998806
2020-03-09T00:00:00Z,20800.41919863
2020-03-08T00:00:00Z,2555.5756416399963
2020-03-07T00:00:00Z,2912.4637632899976
2020-03-06T00:00:00Z,-13440.5231012
2020-03-05T00:00:00Z,-6291.295305079999
2020-03-04T00:00:00Z,-7374.446023519995
2020-03-03T00:00:00Z,-8286.301605499997
2020-03-02T00:00:00Z,5951.941466019998
2020-03-01T00:00:00Z,507.5129378999991
2020-02-29T00:00:00Z,-738.3155396199982
2020-02-28T00:00:00Z,-5121.372446720008
2020-02-27T00:00:00Z,-4739.130290150002
2020-02-26T00:00:00Z,1087.12881948
2020-02-25T00:00:00Z,-3148.172246119997
2020-02-24T00:00:00Z,478.64578667000023
2020-02-23T00:00:00Z,1608.0800377600026
2020-02-22T00:00:00Z,1207.5930160399985
2020-02-21T00:00:00Z,-12819.718240640002
2020-02-20T00:00:00Z,-3648.6433948299964
2020-02-19T00:00:00Z,-2222.650259649992
2020-02-18T00:00:00Z,-1074.7041349799983
2020-02-17T00:00:00Z,4975.635945509988
2020-02-16T00:00:00Z,1139.5773969300062
2020-02-15T00:00:00Z,377.2461253500005
2020-02-14T00:00:00Z,-1988.341986939995
2020-02-13T00:00:00Z,-4125.853916559994
2020-02-12T00:00:00Z,7040.095598240005
2020-02-11T00:00:00Z,9548.352327550005
2020-02-10T00:00:00Z,-4627.4915912
2020-02-09T00:00:00Z,5286.019894140001
2020-02-08T00:00:00Z,1041.0330463499995
2020-02-07T00:00:00Z,-3814.3280686
2020-02-06T00:00:00Z,5395.7774825700035
2020-02-05T00:00:00Z,7340.9603226399995
2020-02-04T00:00:00Z,3997.385995210003
2020-02-03T00:00:00Z,-1729.5772506399953
2020-02-02T00:00:00Z,843.1037238999997
2020-02-01T00:00:00Z,2289.3037548099965
2020-01-31T00:00:00Z,-4746.388241149994
2020-01-30T00:00:00Z,316.71226522000507
2020-01-29T00:00:00Z,7960.830053149999
2020-01-28T00:00:00Z,8159.133008409997
2020-01-27T00:00:00Z,35.51561465999839
2020-01-26T00:00:00Z,1209.0406213300012
2020-01-25T00:00:00Z,-1070.6697882300014
2020-01-24T00:00:00Z,-792.3388770999954
2020-01-23T00:00:00Z,5950.389068019998
2020-01-22T00:00:00Z,-3269.8303748000035
2020-01-21T00:00:00Z,-536.875288520001
2020-01-20T00:00:00Z,-1380.132060820004
2020-01-19T00:00:00Z,944.5112537499954
2020-01-18T00:00:00Z,1929.5300992999983
2020-01-17T00:00:00Z,-1114.3142029199953
2020-01-16T00:00:00Z,-6077.452799940002
2020-01-15T00:00:00Z,2189.432463639998
2020-01-14T00:00:00Z,16771.438612359998
2020-01-13T00:00:00Z,1990.3659620899998
2020-01-12T00:00:00Z,335.11824680000063
2020-01-11T00:00:00Z,-1324.6789612600005
2020-01-10T00:00:00Z,5526.2832019599955
2020-01-09T00:00:00Z,692.1324194000044
2020-01-08T00:00:00Z,11894.243568610007
2020-01-07T00:00:00Z,6266.445101059995
2020-01-06T00:00:00Z,1188.7292305900046
2020-01-05T00:00:00Z,1464.6780478
2020-01-04T00:00:00Z,549.1639956300023
2020-01-03T00:00:00Z,2555.7547203299982
2020-01-02T00:00:00Z,288.0440256200018
2020-01-01T00:00:00Z,4186.5163948200025
2019-12-31T00:00:00Z,-10919.261354119997
2019-12-30T00:00:00Z,1017.3678138899995
2019-12-29T00:00:00Z,1729.7067458300007
2019-12-28T00:00:00Z,3057.71406396
2019-12-27T00:00:00Z,311.4771392699986
2019-12-26T00:00:00Z,3456.9648636700003
2019-12-25T00:00:00Z,1637.3947070699978
2019-12-24T00:00:00Z,-7903.479783379997
2019-12-23T00:00:00Z,8349.399190309996
2019-12-22T00:00:00Z,1043.1397336699993
2019-12-21T00:00:00Z,-2448.2998356800017
2019-12-20T00:00:00Z,13149.994462229995
2019-12-19T00:00:00Z,-2622.8825095999928
2019-12-18T00:00:00Z,9205.915105430002
2019-12-17T00:00:00Z,5521.3027620799985
2019-12-16T00:00:00Z,477.0998984399994
2019-12-15T00:00:00Z,-463.0359311600005
2019-12-14T00:00:00Z,1557.6430036099991
2019-12-13T00:00:00Z,-73.31757425999967
2019-12-12T00:00:00Z,-520.2604853899975
2019-12-11T00:00:00Z,-1235.7526752400008
2019-12-10T00:00:00Z,-1691.4828863200019
2019-12-09T00:00:00Z,3834.8340635700006
2019-12-08T00:00:00Z,-271.90020302999983
2019-12-07T00:00:00Z,3577.94289441
2019-12-06T00:00:00Z,-2598.194700100001
2019-12-05T00:00:00Z,-1253.2312754399973
2019-12-04T00:00:00Z,-417.1766617500107
2019-12-03T00:00:00Z,803.9265050600006
2019-12-02T00:00:00Z,5506.388665719998
2019-12-01T00:00:00Z,-6851.491302269998
2019-11-30T00:00:00Z,-12272.48428166
2019-11-29T00:00:00Z,-5888.8077823700005
2019-11-28T00:00:00Z,-5969.820600660001
2019-11-27T00:00:00Z,1211.0354317299934
2019-11-26T00:00:00Z,3989.9122064300027
2019-11-25T00:00:00Z,657.351017559995
2019-11-24T00:00:00Z,2888.3995332300037
2019-11-23T00:00:00Z,-1529.2901656299946
2019-11-22T00:00:00Z,-2310.822343849999
2019-11-21T00:00:00Z,3250.562410049999
2019-11-20T00:00:00Z,-2985.0358690499997
2019-11-19T00:00:00Z,-4440.6549772
2019-11-18T00:00:00Z,14064.602484090006
2019-11-17T00:00:00Z,719.8624789100013
2019-11-16T00:00:00Z,561.1559396800003
2019-11-15T00:00:00Z,-66.37898694999603
2019-11-14T00:00:00Z,-16569.041567160006
2019-11-13T00:00:00Z,13596.01849247
2019-11-12T00:00:00Z,-1448.4186328900032
2019-11-11T00:00:00Z,383.12560088000464
2019-11-10T00:00:00Z,837.6923007700025
2019-11-09T00:00:00Z,-252.87365128999954
2019-11-08T00:00:00Z,-12597.66129325
2019-11-07T00:00:00Z,5160.887584389995
2019-11-06T00:00:00Z,22831.49408915
2019-11-05T00:00:00Z,6386.693477529996
2019-11-04T00:00:00Z,1386.2708317900033
2019-11-03T00:00:00Z,623.9250811800011
2019-11-02T00:00:00Z,1483.1668805199988
2019-11-01T00:00:00Z,-2340.719430469995
2019-10-31T00:00:00Z,2312.6815167000022
2019-10-30T00:00:00Z,1503.2889670000004
2019-10-29T00:00:00Z,-2655.980241160003
2019-10-28T00:00:00Z,6042.833832730001
2019-10-27T00:00:00Z,3708.0648480300006
2019-10-26T00:00:00Z,15795.74519124
2019-10-25T00:00:00Z,17831.19222548
2019-10-24T00:00:00Z,-4.7814435999971465
2019-10-23T00:00:00Z,983.4027716099954
2019-10-22T00:00:00Z,2242.107818960001
2019-10-21T00:00:00Z,-417.2875844099981
2019-10-20T00:00:00Z,1159.5213664599978
2019-10-19T00:00:00Z,-793.4643220899998
2019-10-18T00:00:00Z,10674.746778499997
2019-10-17T00:00:00Z,-578.6673205500047
2019-10-16T00:00:00Z,1085.8271935899975
2019-10-15T00:00:00Z,4210.33050615
2019-10-14T00:00:00Z,-116175.28217204002
2019-10-13T00:00:00Z,3863.9419183799982
2019-10-12T00:00:00Z,-910.2615272000003
2019-10-11T00:00:00Z,-8331.750317079997
2019-10-10T00:00:00Z,3438.8851734799973
2019-10-09T00:00:00Z,2791.57036487
2019-10-08T00:00:00Z,7886.381978199999
2019-10-07T00:00:00Z,-378.88906688000134
2019-10-06T00:00:00Z,3577.9104755900007
2019-10-05T00:00:00Z,2248.517827339998
2019-10-04T00:00:00Z,-605.1403370699991
2019-10-03T00:00:00Z,-2755.44890933
2019-10-02T00:00:00Z,-1527.954903470003
2019-10-01T00:00:00Z,-3066.5693348799978
2019-09-30T00:00:00Z,2721.954406720004
2019-09-29T00:00:00Z,-1433.6013873800002
2019-09-28T00:00:00Z,-1018.0957847300015
2019-09-27T00:00:00Z,-3977.1952739000044
2019-09-26T00:00:00Z,3624.58653832
2019-09-25T00:00:00Z,6329.456411669991
2019-09-24T00:00:00Z,27638.430346180015
2019-09-23T00:00:00Z,581.3045629499975
2019-09-22T00:00:00Z,674.0861140599991
2019-09-21T00:00:00Z,4418.835184719999
2019-09-20T00:00:00Z,588.0747498600031
2019-09-19T00:00:00Z,-2056.13117968
2019-09-18T00:00:00Z,228.9695361500053
2019-09-17T00:00:00Z,5744.365111499996
2019-09-16T00:00:00Z,3335.6536490100043
2019-09-15T00:00:00Z,1651.3322179399984
2019-09-14T00:00:00Z,1927.3620932199992
2019-09-13T00:00:00Z,-1453.349790289998
2019-09-12T00:00:00Z,5366.700739979999
2019-09-11T00:00:00Z,3304.289315490001
2019-09-10T00:00:00Z,-3224.3864740999998
2019-09-09T00:00:00Z,5224.428205429998
2019-09-08T00:00:00Z,2492.037405629999
2019-09-07T00:00:00Z,1313.07534639
2019-09-06T00:00:00Z,1342.3099349299955
2019-09-05T00:00:00Z,11109.425118289997
2019-09-04T00:00:00Z,3108.0577208499963
2019-09-03T00:00:00Z,10390.273832450002
2019-09-02T00:00:00Z,2751.395998339998
2019-09-01T00:00:00Z,258.2306670399994
2019-08-31T00:00:00Z,-655.4761146399997
2019-08-30T00:00:00Z,-9512.594459689994
2019-08-29T00:00:00Z,-5006.156584340002
2019-08-28T00:00:00Z,1504.4148346500006
2019-08-27T00:00:00Z,-284.42421524000383
2019-08-26T00:00:00Z,6808.413110759997
2019-08-25T00:00:00Z,1143.5086916100008
2019-08-24T00:00:00Z,-425.16978721000123
2019-08-23T00:00:00Z,-984.1490127299985
2019-08-22T00:00:00Z,5198.30898532
2019-08-21T00:00:00Z,-2238.2189404600067
2019-08-20T00:00:00Z,885.207128869999
2019-08-19T00:00:00Z,1956.009527950002
2019-08-18T00:00:00Z,1852.120775270001
2019-08-17T00:00:00Z,871.2225447799992
2019-08-16T00:00:00Z,-9238.641982919995
2019-08-15T00:00:00Z,-3470.6130931000007
2019-08-14T00:00:00Z,25.559051010000985
2019-08-13T00:00:00Z,650.8184041999993
2019-08-12T00:00:00Z,4529.223604089999
2019-08-11T00:00:00Z,952.3281796699994
2019-08-10T00:00:00Z,2242.3225922800048
2019-08-09T00:00:00Z,3151.33057708
2019-08-08T00:00:00Z,3611.063790909997
2019-08-07T00:00:00Z,-14651.99067033
2019-08-06T00:00:00Z,-31097.382786479997
2019-08-05T00:00:00Z,9727.506566330005
2019-08-04T00:00:00Z,1371.6195106999985
2019-08-03T00:00:00Z,1346.9530345099993
2019-08-02T00:00:00Z,8655.307153349997
2019-08-01T00:00:00Z,6509.085321780003
2019-07-31T00:00:00Z,-2750.6354516400024
2019-07-30T00:00:00Z,-2148.1742531499985
2019-07-29T00:00:00Z,3290.2148425600026
2019-07-28T00:00:00Z,330.82047964999947
2019-07-27T00:00:00Z,-741.9651084100042
2019-07-26T00:00:00Z,-8229.932717459997
2019-07-25T00:00:00Z,-7603.055085690001
2019-07-24T00:00:00Z,1375.5985845499963
2019-07-23T00:00:00Z,-6607.24179855
2019-07-22T00:00:00Z,-1776.577548070003
2019-07-21T00:00:00Z,-1668.0308912300025
2019-07-20T00:00:00Z,-247.90205492000314
2019-07-19T00:00:00Z,955.8266319999966
2019-07-18T00:00:00Z,8422.697234480009
2019-07-17T00:00:00Z,4826.5608274000115
2019-07-16T00:00:00Z,2597.7983850500023
2019-07-15T00:00:00Z,-3241.3544001700066
2019-07-14T00:00:00Z,3102.4604450399966
2019-07-13T00:00:00Z,89.6953588000033
2019-07-12T00:00:00Z,-18345.962807199998
2019-07-11T00:00:00Z,12324.12450790999
2019-07-10T00:00:00Z,13762.767656680007
2019-07-09T00:00:00Z,10419.240623040008
2019-07-08T00:00:00Z,15430.084216450006
2019-07-07T00:00:00Z,-529.5540488900006
2019-07-06T00:00:00Z,-1147.180691130001
2019-07-05T00:00:00Z,-8976.09861393
2019-07-04T00:00:00Z,7374.466886610004
2019-07-03T00:00:00Z,-1961.7868743400031
2019-07-02T00:00:00Z,9207.753868779997
2019-07-01T00:00:00Z,6204.747472120012
2019-06-30T00:00:00Z,22115.954150909994
2019-06-29T00:00:00Z,7597.61015601
2019-06-28T00:00:00Z,412.65931630000705
2019-06-27T00:00:00Z,17553.46606521
2019-06-26T00:00:00Z,19449.76545553001
2019-06-25T00:00:00Z,10188.379312090008
2019-06-24T00:00:00Z,2034.0096493699966
2019-06-23T00:00:00Z,3701.6022144599992
2019-06-22T00:00:00Z,13587.886816769998
2019-06-21T00:00:00Z,129.1822527100012
2019-06-20T00:00:00Z,1099.1838653300001
2019-06-19T00:00:00Z,955.1118060100052
2019-06-18T00:00:00Z,7337.716770770006
2019-06-17T00:00:00Z,-2075.697815599997
2019-06-16T00:00:00Z,11293.168136109998
2019-06-15T00:00:00Z,4250.139886570003
2019-06-14T00:00:00Z,-5656.7601096
2019-06-13T00:00:00Z,2891.2955081699984
2019-06-12T00:00:00Z,8630.144514479995
2019-06-11T00:00:00Z,-580.9718718799995
2019-06-10T00:00:00Z,1602.150467829997
2019-06-09T00:00:00Z,112.4294354800004
2019-06-08T00:00:00Z,364.42419587999757
2019-06-07T00:00:00Z,-3492.585442360003
2019-06-06T00:00:00Z,-4551.107533600007
2019-06-05T00:00:00Z,-1466.762961090004
2019-06-04T00:00:00Z,-25831.901315900002
2019-06-03T00:00:00Z,29571.482759860002
2019-06-02T00:00:00Z,4359.60647626
2019-06-01T00:00:00Z,1649.8117064300022
2019-05-31T00:00:00Z,-6571.8040911599965
2019-05-30T00:00:00Z,3023.4509199400054
2019-05-29T00:00:00Z,3121.080598419998
2019-05-28T00:00:00Z,7144.10534971
2019-05-27T00:00:00Z,9651.827909069994
2019-05-26T00:00:00Z,5966.774606909996
2019-05-25T00:00:00Z,1241.7651863499996
2019-05-24T00:00:00Z,4853.004878099993
2019-05-23T00:00:00Z,10251.097465590006
2019-05-22T00:00:00Z,-6404.93503452
2019-05-21T00:00:00Z,604.2108241899987
2019-05-20T00:00:00Z,-449.94810916999995
2019-05-19T00:00:00Z,9062.577205720001
2019-05-18T00:00:00Z,-1237.8512439600017
2019-05-17T00:00:00Z,-408.6724008099991
2019-05-16T00:00:00Z,715.904160769991
2019-05-15T00:00:00Z,16725.41653578001
2019-05-14T00:00:00Z,-115.77525427000364
2019-05-13T00:00:00Z,-176.69950839001103
2019-05-12T00:00:00Z,8641.074145170001
2019-05-11T00:00:00Z,546.7304969899997
2019-05-10T00:00:00Z,1244.3789560000005
2019-05-09T00:00:00Z,1303.4822814500003
2019-05-08T00:00:00Z,-6447.458896069998
2019-05-07T00:00:00Z,-12706.170586380002
2019-05-06T00:00:00Z,-6246.580325179995
2019-05-05T00:00:00Z,-6215.768419930006
2019-05-04T00:00:00Z,3282.9500788700025
2019-05-03T00:00:00Z,1276.6983587699942
2019-05-02T00:00:00Z,-4114.679896020003
2019-05-01T00:00:00Z,5495.85952559
2019-04-30T00:00:00Z,5271.5976993799995
2019-04-29T00:00:00Z,-15916.939082190001
2019-04-28T00:00:00Z,-8159.403964769997
2019-04-27T00:00:00Z,-2429.553770089995
2019-04-26T00:00:00Z,-12925.470859139998
2019-04-25T00:00:00Z,-133.5701835600048
2019-04-24T00:00:00Z,1048.7550709299976
2019-04-23T00:00:00Z,3839.9609652500076
2019-04-22T00:00:00Z,6468.361543029998
2019-04-21T00:00:00Z,2395.091325879999
2019-04-20T00:00:00Z,-1333.1717031000007
2019-04-19T00:00:00Z,2231.8275010299985
2019-04-18T00:00:00Z,-939.631750799992
2019-04-17T00:00:00Z,4482.164763309993
2019-04-16T00:00:00Z,-6340.536558009997
2019-04-15T00:00:00Z,3266.7146183000004
2019-04-14T00:00:00Z,-2637.055050019997
2019-04-13T00:00:00Z,-2918.3634194499973
2019-04-12T00:00:00Z,2394.490812019998
2019-04-11T00:00:00Z,-15468.514133189994
2019-04-10T00:00:00Z,-11323.477747609999
2019-04-09T00:00:00Z,3020.390112690002
2019-04-08T00:00:00Z,10574.843169849992
2019-04-07T00:00:00Z,3663.994819450003
2019-04-06T00:00:00Z,2574.636220319997
2019-04-05T00:00:00Z,4737.222207800005
2019-04-04T00:00:00Z,-7876.312156090004
2019-04-03T00:00:00Z,5065.69738071
2019-04-02T00:00:00Z,12752.624927670025
2019-04-01T00:00:00Z,-4192.108859469998
2019-03-31T00:00:00Z,3992.2390611899973
2019-03-30T00:00:00Z,-1368.0932195300047
2019-03-29T00:00:00Z,-1288.8627744900004
2019-03-28T00:00:00Z,-3450.2163268400036
2019-03-27T00:00:00Z,-3175.938468680004
2019-03-26T00:00:00Z,9231.800991449993
2019-03-25T00:00:00Z,-5354.8172080499935
2019-03-24T00:00:00Z,41.92249699999957
2019-03-23T00:00:00Z,247.83907065999665
2019-03-22T00:00:00Z,-3875.8350454299944
2019-03-21T00:00:00Z,5722.350144330005
2019-03-20T00:00:00Z,-4373.6373084099905
2019-03-19T00:00:00Z,7311.1698044
2019-03-18T00:00:00Z,-1395.573060570001
2019-03-17T00:00:00Z,-938.4893119100016
2019-03-16T00:00:00Z,1226.093005570001
2019-03-15T00:00:00Z,-2265.3324717300056
2019-03-14T00:00:00Z,-582.9392041399988
2019-03-13T00:00:00Z,355.53918844000145
2019-03-12T00:00:00Z,3133.0156294000044
2019-03-11T00:00:00Z,-3210.2107072299914
2019-03-10T00:00:00Z,1706.3148115400036
2019-03-09T00:00:00Z,1012.6310801100044
2019-03-08T00:00:00Z,-7190.985514349995
2019-03-07T00:00:00Z,2303.6869488099983
2019-03-06T00:00:00Z,-1386.5250495100045
2019-03-05T00:00:00Z,2670.541629729996
2019-03-04T00:00:00Z,1397.937865269996
2019-03-03T00:00:00Z,1671.4117424299984
2019-03-02T00:00:00Z,1367.3741037399996
2019-03-01T00:00:00Z,-1315.2109745400012
2019-02-28T00:00:00Z,3325.476052680002
2019-02-27T00:00:00Z,-170.28389491999405
2019-02-26T00:00:00Z,-4563.286252370002
2019-02-25T00:00:00Z,-4838.632862390004
2019-02-24T00:00:00Z,-1295.7049145199926
2019-02-23T00:00:00Z,681.4658962899994
2019-02-22T00:00:00Z,2042.805270509998
2019-02-21T00:00:00Z,1805.5251565700019
2019-02-20T00:00:00Z,-4343.616470410001
2019-02-19T00:00:00Z,1551.0754279500106
2019-02-18T00:00:00Z,3560.139144550005
2019-02-17T00:00:00Z,-502.68946960000176
2019-02-16T00:00:00Z,4602.831721910003
2019-02-15T00:00:00Z,-9101.677051669998
2019-02-14T00:00:00Z,1400.2983519400004
2019-02-13T00:00:00Z,-2840.566187480006
2019-02-12T00:00:00Z,3320.7870937900007
2019-02-11T00:00:00Z,-3580.343807929996
2019-02-10T00:00:00Z,1258.8844323800004
2019-02-09T00:00:00Z,2069.5513634699964
2019-02-08T00:00:00Z,2354.849549099992
2019-02-07T00:00:00Z,12300.198829990004
2019-02-06T00:00:00Z,-132.0220075400066
2019-02-05T00:00:00Z,592.0065979999999
2019-02-04T00:00:00Z,-3004.551677760006
2019-02-03T00:00:00Z,1760.233912329997
2019-02-02T00:00:00Z,-4261.090981510002
2019-02-01T00:00:00Z,-26159.873628589994
2019-01-31T00:00:00Z,900.8198745700065
2019-01-30T00:00:00Z,-16779.73133853
2019-01-29T00:00:00Z,408.0658509299974
2019-01-28T00:00:00Z,4593.522946310011
2019-01-27T00:00:00Z,1873.4567556000002
2019-01-26T00:00:00Z,-511.40177563999896
2019-01-25T00:00:00Z,-4406.514636220003
2019-01-24T00:00:00Z,266.3185311299967
2019-01-23T00:00:00Z,-5353.474109089999
2019-01-22T00:00:00Z,11945.441585060005
2019-01-21T00:00:00Z,-5005.050499620003
2019-01-20T00:00:00Z,1842.598771830002
2019-01-19T00:00:00Z,-2235.7471160200002
2019-01-18T00:00:00Z,-70.629328670002
2019-01-17T00:00:00Z,1698.9502389400004
2019-01-16T00:00:00Z,3541.463671849997
2019-01-15T00:00:00Z,3554.544836150002
2019-01-14T00:00:00Z,123.34646597999381
2019-01-13T00:00:00Z,4766.961498280001
2019-01-12T00:00:00Z,-663.7188101099964
2019-01-11T00:00:00Z,-3679.762483679995
2019-01-10T00:00:00Z,437.70119844000146
2019-01-09T00:00:00Z,236.52783361000184
2019-01-08T00:00:00Z,289.34596918999887
2019-01-07T00:00:00Z,-4633.8519859299995
2019-01-06T00:00:00Z,5281.710290130002
2019-01-05T00:00:00Z,5030.656539230004
2019-01-04T00:00:00Z,1637.0349619699991
2019-01-03T00:00:00Z,-1226.8846508499992
2019-01-02T00:00:00Z,-2441.0959466700006
2019-01-01T00:00:00Z,-284.27220744999795
2018-12-31T00:00:00Z,-5514.082426159999
2018-12-30T00:00:00Z,-1154.0369815900012
2018-12-29T00:00:00Z,-3240.6932038400046
2018-12-28T00:00:00Z,-2076.6661400700104
2018-12-27T00:00:00Z,950.2528714500077
2018-12-26T00:00:00Z,4961.436217250004
2018-12-25T00:00:00Z,2000.9489178100048
2018-12-24T00:00:00Z,1906.5737938899983
2018-12-23T00:00:00Z,-3777.7881664399974
2018-12-22T00:00:00Z,720.9743855900015
2018-12-21T00:00:00Z,4493.277187040003
2018-12-20T00:00:00Z,9533.59462725
2018-12-19T00:00:00Z,-7474.075417640008
2018-12-18T00:00:00Z,1503.1397604000085
2018-12-17T00:00:00Z,9765.220536870009
2018-12-16T00:00:00Z,-846.6098926600025
2018-12-15T00:00:00Z,1676.9309619999985
2018-12-14T00:00:00Z,-2159.60368914
2018-12-13T00:00:00Z,4263.549086579995
2018-12-12T00:00:00Z,5444.815437509998
2018-12-11T00:00:00Z,4440.781456120007
2018-12-10T00:00:00Z,3490.555259159999
2018-12-09T00:00:00Z,-1297.9771171699977
2018-12-08T00:00:00Z,5153.855522619997
2018-12-07T00:00:00Z,16869.76348554001
2018-12-06T00:00:00Z,22323.768345250006
2018-12-05T00:00:00Z,-3734.8887237799936
2018-12-04T00:00:00Z,-625.3407502100017
2018-12-03T00:00:00Z,5320.712464649987
2018-12-02T00:00:00Z,-4303.440876800007
2018-12-01T00:00:00Z,10456.93813761
2018-11-30T00:00:00Z,83459.24439664
2018-11-29T00:00:00Z,-5621.006871049991
2018-11-28T00:00:00Z,-3089.9169496100076
2018-11-27T00:00:00Z,2261.9369968699903
2018-11-26T00:00:00Z,8902.290122940001
2018-11-25T00:00:00Z,28461.46618622
2018-11-24T00:00:00Z,13825.207277410002
2018-11-23T00:00:00Z,2656.1234760200023
2018-11-22T00:00:00Z,-4364.673197040014
2018-11-21T00:00:00Z,-1746.3071534900082
2018-11-20T00:00:00Z,15626.239612500009
2018-11-19T00:00:00Z,34679.409771549996
2018-11-18T00:00:00Z,-49.367713920000824
2018-11-17T00:00:00Z,-1734.9369835100006
2018-11-16T00:00:00Z,7908.59150658999
2018-11-15T00:00:00Z,5988.793323869992
2018-11-14T00:00:00Z,19305.40769010999
2018-11-13T00:00:00Z,9956.667864920004
2018-11-12T00:00:00Z,6434.772031439999
2018-11-11T00:00:00Z,3262.764708490002
2018-11-10T00:00:00Z,1025.1056547599983
2018-11-09T00:00:00Z,1219.7477921999962
2018-11-08T00:00:00Z,2198.4660427199997
2018-11-07T00:00:00Z,4071.8528786000024
2018-11-06T00:00:00Z,8005.470896419996
2018-11-05T00:00:00Z,-2181.538595769998
2018-11-04T00:00:00Z,918.4003907800034
2018-11-03T00:00:00Z,5815.69998705
2018-11-02T00:00:00Z,9925.738562400002
2018-11-01T00:00:00Z,-2811.169217939998
2018-10-31T00:00:00Z,14858.109439319996
2018-10-30T00:00:00Z,1267.016191099996
2018-10-29T00:00:00Z,-21227.607199960003
2018-10-28T00:00:00Z,-167.42991516000257
2018-10-27T00:00:00Z,1898.4849446299995
2018-10-26T00:00:00Z,-3850.734711310004
2018-10-25T00:00:00Z,1822.2457284600023
2018-10-24T00:00:00Z,201.71927624999807
2018-10-23T00:00:00Z,4922.29488768
2018-10-22T00:00:00Z,-12400.17349478
2018-10-21T00:00:00Z,1011.7880844399988
2018-10-20T00:00:00Z,2783.969822410003
2018-10-19T00:00:00Z,1195.970485189995
2018-10-18T00:00:00Z,2478.880019190001
2018-10-17T00:00:00Z,-4283.472604540002
2018-10-16T00:00:00Z,-2809.4562884599945
2018-10-15T00:00:00Z,3080.6377149300097
2018-10-14T00:00:00Z,508.3991075699996
2018-10-13T00:00:00Z,-513.2264785400002
2018-10-12T00:00:00Z,1902.8081981299983
2018-10-11T00:00:00Z,-2706.7812772100006
2018-10-10T00:00:00Z,2519.0206702799987
2018-10-09T00:00:00Z,232.75243800000317
2018-10-08T00:00:00Z,753.7850272799988
2018-10-07T00:00:00Z,-2070.337031889998
2018-10-06T00:00:00Z,-1258.1921655700025
2018-10-05T00:00:00Z,-3700.8384805800015
2018-10-04T00:00:00Z,-7659.065486549996
2018-10-03T00:00:00Z,4976.058837370001
2018-10-02T00:00:00Z,-1328.5912600199954
2018-10-01T00:00:00Z,1012.5271696400014
2018-09-30T00:00:00Z,2082.9501735999984
2018-09-29T00:00:00Z,-3534.0288177799957
2018-09-28T00:00:00Z,3760.8251596099944
2018-09-27T00:00:00Z,2002.3499657799985
2018-09-26T00:00:00Z,-1352.9918224299981
2018-09-25T00:00:00Z,-3405.178300380001
2018-09-24T00:00:00Z,3852.76007036
2018-09-23T00:00:00Z,-1382.0934693300005
2018-09-22T00:00:00Z,2845.917447939999
2018-09-21T00:00:00Z,6389.095517850001
2018-09-20T00:00:00Z,1883.7910610200051
2018-09-19T00:00:00Z,2946.0973852099996
2018-09-18T00:00:00Z,1053.4732550000044
2018-09-17T00:00:00Z,2956.2039482000037
2018-09-16T00:00:00Z,-475.6729977299983
2018-09-15T00:00:00Z,2072.26653986
2018-09-14T00:00:00Z,-1835.4738610300046
2018-09-13T00:00:00Z,3752.426701129996
2018-09-12T00:00:00Z,-626.8872169500028
2018-09-11T00:00:00Z,2843.4568159799965
2018-09-10T00:00:00Z,891.5427066199991
2018-09-09T00:00:00Z,257.07850535000034
2018-09-08T00:00:00Z,2004.7009619100027
2018-09-07T00:00:00Z,-2924.145410500001
2018-09-06T00:00:00Z,17008.28450791999
2018-09-05T00:00:00Z,8905.39573972
2018-09-04T00:00:00Z,9330.32088439
2018-09-03T00:00:00Z,3848.2371596899975
2018-09-02T00:00:00Z,2405.30324596
2018-09-01T00:00:00Z,4402.385054419996
2018-08-31T00:00:00Z,6727.824668399997
2018-08-30T00:00:00Z,5491.338122530004
2018-08-29T00:00:00Z,9191.974382190005
2018-08-28T00:00:00Z,-8232.54810053001
2018-08-27T00:00:00Z,636.114689269998
2018-08-26T00:00:00Z,1435.969350970001
2018-08-25T00:00:00Z,2919.9798248299994
2018-08-24T00:00:00Z,4030.1236105699936
2018-08-23T00:00:00Z,-1871.742857459998
2018-08-22T00:00:00Z,10648.238140080008
2018-08-21T00:00:00Z,8777.605045950004
2018-08-20T00:00:00Z,877.6807901799984
2018-08-19T00:00:00Z,-446.7444287499966
2018-08-18T00:00:00Z,2431.7901786600014
2018-08-17T00:00:00Z,-7482.3494937
2018-08-16T00:00:00Z,3400.9523325499977
2018-08-15T00:00:00Z,7589.43510901001
2018-08-14T00:00:00Z,5522.771095589997
2018-08-13T00:00:00Z,117.10641865999787
2018-08-12T00:00:00Z,11.518509300000005
2018-08-11T00:00:00Z,-2597.396085799999
2018-08-10T00:00:00Z,2931.9158369299985
2018-08-09T00:00:00Z,-5676.327492699995
2018-08-08T00:00:00Z,-5641.56285983001
2018-08-07T00:00:00Z,2659.9091098900026
2018-08-06T00:00:00Z,9037.893638009999
2018-08-05T00:00:00Z,1363.2010556200003
2018-08-04T00:00:00Z,4251.397700629997
2018-08-03T00:00:00Z,3929.4855553699963
2018-08-02T00:00:00Z,5690.539296520001
2018-08-01T00:00:00Z,-540.3738617799972
2018-07-31T00:00:00Z,1950.7915958000012
2018-07-30T00:00:00Z,5243.400676990001
2018-07-29T00:00:00Z,615.8762493699978
2018-07-28T00:00:00Z,2416.313590269998
2018-07-27T00:00:00Z,-3646.789920880001
2018-07-26T00:00:00Z,-585.6443749699974
2018-07-25T00:00:00Z,82.7903224200054
2018-07-24T00:00:00Z,6618.782725960002
2018-07-23T00:00:00Z,7456.446784550004
2018-07-22T00:00:00Z,506.57187812999837
2018-07-21T00:00:00Z,7462.550885389999
2018-07-20T00:00:00Z,7390.770801860002
2018-07-19T00:00:00Z,622.1769778000016
2018-07-18T00:00:00Z,6493.823943349998
2018-07-17T00:00:00Z,10351.45586006
2018-07-16T00:00:00Z,5195.832220589997
2018-07-15T00:00:00Z,-2088.8632145400006
2018-07-14T00:00:00Z,-1937.298866510002
2018-07-13T00:00:00Z,-8046.461992240002
2018-07-12T00:00:00Z,1246.7818918600024
2018-07-11T00:00:00Z,-12039.627366589993
2018-07-10T00:00:00Z,6515.201122849998
2018-07-09T00:00:00Z,-1074.983755149995
2018-07-08T00:00:00Z,1497.702541499999
2018-07-07T00:00:00Z,360.73203250000006
2018-07-06T00:00:00Z,-6470.337750359999
2018-07-05T00:00:00Z,2376.2176362700047
2018-07-04T00:00:00Z,-803.8952955700006
2018-07-03T00:00:00Z,-17369.107892059998
2018-07-02T00:00:00Z,3416.33893636
2018-07-01T00:00:00Z,772.882868839999
2018-06-30T00:00:00Z,1667.2603985099995
2018-06-29T00:00:00Z,4358.734851289999
2018-06-28T00:00:00Z,6991.9529548499995
2018-06-27T00:00:00Z,4755.798535840004
2018-06-26T00:00:00Z,2059.6228129500014
2018-06-25T00:00:00Z,-1998.3633975900011
2018-06-24T00:00:00Z,8451.838818379998
2018-06-23T00:00:00Z,-1897.9082517999996
2018-06-22T00:00:00Z,7992.882389389997
2018-06-21T00:00:00Z,-4439.848978729999
2018-06-20T00:00:00Z,456.6160447500006
2018-06-19T00:00:00Z,-5257.380700790003
2018-06-18T00:00:00Z,6280.628835130003
2018-06-17T00:00:00Z,11964.68337694
2018-06-16T00:00:00Z,394.841362449999
2018-06-15T00:00:00Z,-1929.601105099995
2018-06-14T00:00:00Z,-1357.8054189899922
2018-06-13T00:00:00Z,8329.650189990003
2018-06-12T00:00:00Z,-1388.2841492299922
2018-06-11T00:00:00Z,-4257.68356813
2018-06-10T00:00:00Z,7727.76612606
2018-06-09T00:00:00Z,-1008.1517077999997
2018-06-08T00:00:00Z,-3971.4057504499942
2018-06-07T00:00:00Z,-3041.0700420400026
2018-06-06T00:00:00Z,-1404.6480845600017
2018-06-05T00:00:00Z,73.63232723999681
2018-06-04T00:00:00Z,6179.500852099998
2018-06-03T00:00:00Z,642.0222692099996
2018-06-02T00:00:00Z,5853.066556999998
2018-06-01T00:00:00Z,620.26090501
2018-05-31T00:00:00Z,-1248.83581022
2018-05-30T00:00:00Z,-7093.055128759996
2018-05-29T00:00:00Z,7499.827021850004
2018-05-28T00:00:00Z,-2612.7171943099966
2018-05-27T00:00:00Z,-4712.62920996
2018-05-26T00:00:00Z,-3296.5746930800015
2018-05-25T00:00:00Z,-5909.064168869998
2018-05-24T00:00:00Z,2027.334112299999
2018-05-23T00:00:00Z,12462.945047829999
2018-05-22T00:00:00Z,836.2611215200013
2018-05-21T00:00:00Z,3652.5478378199987
2018-05-20T00:00:00Z,-1113.4930548099983
2018-05-19T00:00:00Z,1969.5859845500017
2018-05-18T00:00:00Z,-1471.656590040002
2018-05-17T00:00:00Z,16492.586626870005
2018-05-16T00:00:00Z,-6674.873592839991
2018-05-15T00:00:00Z,-3678.160616369998
2018-05-14T00:00:00Z,-1381.4960382199934
2018-05-13T00:00:00Z,-411.43415399999503
2018-05-12T00:00:00Z,5279.589406359999
2018-05-11T00:00:00Z,7388.791054920002
2018-05-10T00:00:00Z,-8697.610420030003
2018-05-09T00:00:00Z,436.77899388000515
2018-05-08T00:00:00Z,-4674.460505930008
2018-05-07T00:00:00Z,2030.8503068599966
2018-05-06T00:00:00Z,-3762.6800353
2018-05-05T00:00:00Z,9181.698646569996
2018-05-04T00:00:00Z,1731.1599225300015
2018-05-03T00:00:00Z,9213.818625030006
2018-05-02T00:00:00Z,-1929.2455461200007
2018-05-01T00:00:00Z,-3274.3012916399966
2018-04-30T00:00:00Z,2022.4250408799999
2018-04-29T00:00:00Z,2754.5998092500013
2018-04-28T00:00:00Z,-11957.824134680006
2018-04-27T00:00:00Z,-311.24051741000585
2018-04-26T00:00:00Z,-14165.426993849993
2018-04-25T00:00:00Z,2718.724190709996
2018-04-24T00:00:00Z,10734.12701530999
2018-04-23T00:00:00Z,3128.0352758399968
2018-04-22T00:00:00Z,-6806.344098069996
2018-04-21T00:00:00Z,686.3747061500035
2018-04-20T00:00:00Z,-7040.270578899988
2018-04-19T00:00:00Z,4497.6910394799925
2018-04-18T00:00:00Z,2260.1367296099997
2018-04-17T00:00:00Z,-9525.38873233
2018-04-16T00:00:00Z,1656.5247250399989
2018-04-15T00:00:00Z,3350.690954280002
2018-04-14T00:00:00Z,8592.049362180005
2018-04-13T00:00:00Z,-9046.895699110013
2018-04-12T00:00:00Z,12026.420406139994
2018-04-11T00:00:00Z,12057.383481379999
2018-04-10T00:00:00Z,-1577.6123072699993
2018-04-09T00:00:00Z,-2957.8539786699985
2018-04-08T00:00:00Z,1000.9578376800018
2018-04-07T00:00:00Z,-9638.556838539997
2018-04-06T00:00:00Z,-16747.329139840003
2018-04-05T00:00:00Z,-511.4907566000038
2018-04-04T00:00:00Z,66.73869281000225
2018-04-03T00:00:00Z,8927.405769079996
2018-04-02T00:00:00Z,6415.864467079999
2018-04-01T00:00:00Z,-357.9368099100029
2018-03-31T00:00:00Z,688.7858094599942
2018-03-30T00:00:00Z,6277.899070200001
2018-03-29T00:00:00Z,13998.03126625999
2018-03-28T00:00:00Z,361.64421561999916
2018-03-27T00:00:00Z,-3619.069875519999
2018-03-26T00:00:00Z,9492.689579850005
2018-03-25T00:00:00Z,-493.27539460000116
2018-03-24T00:00:00Z,1720.5890624900057
2018-03-23T00:00:00Z,27.40630511999916
2018-03-22T00:00:00Z,-13264.722648460003
2018-03-21T00:00:00Z,5964.0431413199985
2018-03-20T00:00:00Z,-4250.5578266199955
2018-03-19T00:00:00Z,11900.87053778
2018-03-18T00:00:00Z,17786.309935749996
2018-03-17T00:00:00Z,-859.6337383800055
2018-03-16T00:00:00Z,5417.423237559997
2018-03-15T00:00:00Z,8866.410830099994
2018-03-14T00:00:00Z,16919.551663329992
2018-03-13T00:00:00Z,2308.595237649999
2018-03-12T00:00:00Z,-271.5755990800026
2018-03-11T00:00:00Z,509.0675960900044
2018-03-10T00:00:00Z,-1904.2151563799998
2018-03-09T00:00:00Z,-58.90855792000366
2018-03-08T00:00:00Z,-14865.717355389992
2018-03-07T00:00:00Z,-3061.0069312200067
2018-03-06T00:00:00Z,3023.4528463499955
2018-03-05T00:00:00Z,14414.822106419997
2018-03-04T00:00:00Z,3000.8580734299976
2018-03-03T00:00:00Z,980.414793380005
2018-03-02T00:00:00Z,5277.579778859996
2018-03-01T00:00:00Z,14689.926036699995
2018-02-28T00:00:00Z,2055.11446959
2018-02-27T00:00:00Z,-3435.539454549995
2018-02-26T00:00:00Z,6487.024753889993
2018-02-25T00:00:00Z,5233.590491940005
2018-02-24T00:00:00Z,110.73969869999564
2018-02-23T00:00:00Z,-3900.4585285400026
2018-02-22T00:00:00Z,13972.795150810009
2018-02-21T00:00:00Z,377.41940482000064
2018-02-20T00:00:00Z,14684.071190870003
2018-02-19T00:00:00Z,534.9684629300027
2018-02-18T00:00:00Z,-2716.7342011200017
2018-02-17T00:00:00Z,-436.98688525000034
2018-02-16T00:00:00Z,-2222.2617050599947
2018-02-15T00:00:00Z,-4038.941105580001
2018-02-14T00:00:00Z,-2729.0543326199986
2018-02-13T00:00:00Z,716.9568833500016
2018-02-12T00:00:00Z,-5770.260989709997
2018-02-11T00:00:00Z,3735.2678536999956
2018-02-10T00:00:00Z,-3315.9849092000004
2018-02-09T00:00:00Z,-24946.51912317
2018-02-08T00:00:00Z,19099.70689847
2018-02-07T00:00:00Z,3605.2599773999973
2018-02-06T00:00:00Z,15069.346703379997
2018-02-05T00:00:00Z,29188.503663779993
2018-02-04T00:00:00Z,23314.532528459997
2018-02-03T00:00:00Z,-2174.4800479800033
2018-02-02T00:00:00Z,20509.40102028
2018-02-01T00:00:00Z,21492.84935734002
2018-01-31T00:00:00Z,-4322.741831770007
2018-01-30T00:00:00Z,1814.896122539998
2018-01-29T00:00:00Z,-2069.4760764999955
2018-01-28T00:00:00Z,2432.9152253000066
2018-01-27T00:00:00Z,-4044.8273588099983
2018-01-26T00:00:00Z,2066.450841410013
2018-01-25T00:00:00Z,6561.887876149995
2018-01-24T00:00:00Z,-1502.2540516900044
2018-01-23T00:00:00Z,-20.753290060005384
2018-01-22T00:00:00Z,72.26911854000355
2018-01-21T00:00:00Z,-4484.935450260004
2018-01-20T00:00:00Z,-27784.237954840006
2018-01-19T00:00:00Z,-12218.764213339993
2018-01-18T00:00:00Z,28776.44511683
2018-01-17T00:00:00Z,15463.847550009988
2018-01-16T00:00:00Z,18750.968857550004
2018-01-15T00:00:00Z,4471.8238550800015
2018-01-14T00:00:00Z,-3537.919332670004
2018-01-13T00:00:00Z,4419.884830300012
2018-01-12T00:00:00Z,7917.995461400002
2018-01-11T00:00:00Z,-2361.733753769993
2018-01-10T00:00:00Z,8668.162983199989
2018-01-09T00:00:00Z,6731.166356870002
2018-01-08T00:00:00Z,1010.1368916500069
2018-01-07T00:00:00Z,1003.8146390600014
2018-01-06T00:00:00Z,7534.802734079989
2018-01-05T00:00:00Z,24560.224869049984
2018-01-04T00:00:00Z,5876.70937189
2018-01-03T00:00:00Z,502.7949190000072
2018-01-02T00:00:00Z,13115.017652319992
2018-01-01T00:00:00Z,-9319.896912740005
2017-12-31T00:00:00Z,1983.9357284199941
2017-12-30T00:00:00Z,8207.60393315999
2017-12-29T00:00:00Z,-16410.944621040006
2017-12-28T00:00:00Z,-2779.700771909993
2017-12-27T00:00:00Z,5172.455099139988
2017-12-26T00:00:00Z,9505.446364069998
2017-12-25T00:00:00Z,109.23288762000448
2017-12-24T00:00:00Z,13147.572940819999
2017-12-23T00:00:00Z,5390.657457740002
2017-12-22T00:00:00Z,36936.95941581001
2017-12-21T00:00:00Z,13955.22753376
2017-12-20T00:00:00Z,44149.84789839
2017-12-19T00:00:00Z,6729.367865719993
2017-12-18T00:00:00Z,4684.8745698600105
2017-12-17T00:00:00Z,11071.355785110005
2017-12-16T00:00:00Z,2220.8047012300085
2017-12-15T00:00:00Z,-1997.3004859499924
2017-12-14T00:00:00Z,15166.092755670004
2017-12-13T00:00:00Z,23267.763031480004
2017-12-12T00:00:00Z,8567.733124449995
2017-12-11T00:00:00Z,-1458.4399992499966
2017-12-10T00:00:00Z,-1722.7010483199992
2017-12-09T00:00:00Z,10579.034157539994
2017-12-08T00:00:00Z,14574.949934240023
2017-12-07T00:00:00Z,20517.20008698001
2017-12-06T00:00:00Z,-7126.504434339993
2017-12-05T00:00:00Z,5960.100687860002
2017-12-04T00:00:00Z,6258.02391874
2017-12-03T00:00:00Z,6706.668185840004
2017-12-02T00:00:00Z,-2854.988250690003
2017-12-01T00:00:00Z,5353.527713119998
2017-11-30T00:00:00Z,-4003.0226524699974
2017-11-29T00:00:00Z,9985.868824140023
2017-11-28T00:00:00Z,8683.474638759988
2017-11-27T00:00:00Z,8504.54105308
2017-11-26T00:00:00Z,1304.9284986400016
2017-11-25T00:00:00Z,2897.228569930012
2017-11-24T00:00:00Z,5443.630509890005
2017-11-23T00:00:00Z,1508.288851099991
2017-11-22T00:00:00Z,-13726.829882639984
2017-11-21T00:00:00Z,-15070.853743540007
2017-11-20T00:00:00Z,-10006.579840060003
2017-11-19T00:00:00Z,6847.969043749967
2017-11-18T00:00:00Z,-20787.38268986001
2017-11-17T00:00:00Z,11051.090781679988
2017-11-16T00:00:00Z,6339.931795800003
2017-11-15T00:00:00Z,-23052.088264420003
2017-11-14T00:00:00Z,3748.202792569995
2017-11-13T00:00:00Z,-1971.8082485299965
2017-11-12T00:00:00Z,89998.81167867001
2017-11-11T00:00:00Z,24985.25763172
2017-11-10T00:00:00Z,20525.50338067001
2017-11-09T00:00:00Z,-2830.468976139993
2017-11-08T00:00:00Z,24486.048900759997
2017-11-07T00:00:00Z,-12452.28159323
2017-11-06T00:00:00Z,-4341.036578900006
2017-11-05T00:00:00Z,8539.299594299999
2017-11-04T00:00:00Z,9672.15856671
2017-11-03T00:00:00Z,-1832.8805023899913
2017-11-02T00:00:00Z,2050.639286999998
2017-11-01T00:00:00Z,-1528.789900210002
2017-10-31T00:00:00Z,-3524.384431110004
2017-10-30T00:00:00Z,4441.496911679998
2017-10-29T00:00:00Z,12807.791790750001
2017-10-28T00:00:00Z,-5362.288038959996
2017-10-27T00:00:00Z,-7665.300524650003
2017-10-26T00:00:00Z,389.3222640599997
2017-10-25T00:00:00Z,-11628.464236360007
2017-10-24T00:00:00Z,12440.489069300005
2017-10-23T00:00:00Z,-9904.332563979988
2017-10-22T00:00:00Z,2425.46136827
2017-10-21T00:00:00Z,3955.020636360001
2017-10-20T00:00:00Z,5519.016523049999
2017-10-19T00:00:00Z,-4733.233414440001
2017-10-18T00:00:00Z,-18750.226895159998
2017-10-17T00:00:00Z,-7967.427815020004
2017-10-16T00:00:00Z,-2718.702476129998
2017-10-15T00:00:00Z,1112.6941961699995
2017-10-14T00:00:00Z,1173.593134539995
2017-10-13T00:00:00Z,15174.104234240003
2017-10-12T00:00:00Z,11058.727356260002
2017-10-11T00:00:00Z,8940.47957566
2017-10-10T00:00:00Z,782.722162799997
2017-10-09T00:00:00Z,16788.638320080005
2017-10-08T00:00:00Z,5481.990776550003
2017-10-07T00:00:00Z,5088.729456249996
2017-10-06T00:00:00Z,2605.61732546
2017-10-05T00:00:00Z,504.24412042999757
2017-10-04T00:00:00Z,-6763.593597660001
2017-10-03T00:00:00Z,782.9097613799968
2017-10-02T00:00:00Z,-2408.949033910001
2017-10-01T00:00:00Z,3133.374523250004
2017-09-30T00:00:00Z,-17066.89560951
2017-09-29T00:00:00Z,7013.941510570003
2017-09-28T00:00:00Z,14210.555981190002
2017-09-27T00:00:00Z,-8633.845929670002
2017-09-26T00:00:00Z,-10564.139134739999
2017-09-25T00:00:00Z,298.1842035599984
2017-09-24T00:00:00Z,5440.414115849999
2017-09-23T00:00:00Z,-6981.318796079999
2017-09-22T00:00:00Z,2364.7816232800033
2017-09-21T00:00:00Z,-4281.490995160006
2017-09-20T00:00:00Z,20.920672519998334
2017-09-19T00:00:00Z,-11428.460111330001
2017-09-18T00:00:00Z,-3045.5512058300083
2017-09-17T00:00:00Z,-8310.37522042
2017-09-16T00:00:00Z,-16011.40590858001
2017-09-15T00:00:00Z,15421.913304849993
2017-09-14T00:00:00Z,18915.205831910003
2017-09-13T00:00:00Z,-6581.419357589999
2017-09-12T00:00:00Z,-315.77575077000074
2017-09-11T00:00:00Z,-1661.6694759300008
2017-09-10T00:00:00Z,20161.488883519996
2017-09-09T00:00:00Z,-1118.5287462299966
2017-09-08T00:00:00Z,24769.14991958
2017-09-07T00:00:00Z,-9317.797618370008
2017-09-06T00:00:00Z,1853.6358846999938
2017-09-05T00:00:00Z,-18312.915560819994
2017-09-04T00:00:00Z,1319.6832965600042
2017-09-03T00:00:00Z,-4390.653615769996
2017-09-02T00:00:00Z,3092.9648074900033
2017-09-01T00:00:00Z,7048.929625260003
2017-08-31T00:00:00Z,-8750.2751671
2017-08-30T00:00:00Z,7973.130429290002
2017-08-29T00:00:00Z,19725.516094520004
2017-08-28T00:00:00Z,-19767.676815269995
2017-08-27T00:00:00Z,-2772.8910507300025
2017-08-26T00:00:00Z,10017.462261480003
2017-08-25T00:00:00Z,4392.848366400009
2017-08-24T00:00:00Z,-30489.673252480003
2017-08-23T00:00:00Z,14676.421378839994
2017-08-22T00:00:00Z,-7545.103886230005
2017-08-21T00:00:00Z,9617.267387700005
2017-08-20T00:00:00Z,8007.085760860005
2017-08-19T00:00:00Z,-11747.506639390005
2017-08-18T00:00:00Z,17226.011434200016
2017-08-17T00:00:00Z,-7674.842635559995
2017-08-16T00:00:00Z,24554.789729969998
2017-08-15T00:00:00Z,-6341.817356779997
2017-08-14T00:00:00Z,5817.856630189999
2017-08-13T00:00:00Z,24396.529313050007
2017-08-12T00:00:00Z,-8689.790743759993
2017-08-11T00:00:00Z,3010.05901289999
2017-08-10T00:00:00Z,-2156.658404239992
2017-08-09T00:00:00Z,13704.448831779999
2017-08-08T00:00:00Z,31103.24844072001
2017-08-07T00:00:00Z,-10358.035354480002
2017-08-06T00:00:00Z,-9546.325172609999
2017-08-05T00:00:00Z,-787.4573532299983
2017-08-04T00:00:00Z,4963.228387550014
2017-08-03T00:00:00Z,-654.1424793300102
2017-08-02T00:00:00Z,-153.77402186999097
2017-08-01T00:00:00Z,46133.06067853999
2017-07-31T00:00:00Z,36151.324306750015
2017-07-30T00:00:00Z,832.0482163199922
2017-07-29T00:00:00Z,27175.592392959996
2017-07-28T00:00:00Z,-17528.37681911001
2017-07-27T00:00:00Z,-28474.084156580007
2017-07-26T00:00:00Z,-4400.404496679999
2017-07-25T00:00:00Z,14149.852040569996
2017-07-24T00:00:00Z,4356.394520440001
2017-07-23T00:00:00Z,-24360.890591560004
2017-07-22T00:00:00Z,-4284.9436596499945
2017-07-21T00:00:00Z,2311.860101289989
2017-07-20T00:00:00Z,10540.09877833999
2017-07-19T00:00:00Z,1419.5094102299918
2017-07-18T00:00:00Z,520.8723023500061
2017-07-17T00:00:00Z,6502.620668150004
2017-07-16T00:00:00Z,6125.804795909993
2017-07-15T00:00:00Z,13156.189129239996
2017-07-14T00:00:00Z,6020.203784939993
2017-07-13T00:00:00Z,-15691.512462350001
2017-07-12T00:00:00Z,-11992.479578929997
2017-07-11T00:00:00Z,7284.34603416
2017-07-10T00:00:00Z,6138.037371640006
2017-07-09T00:00:00Z,36355.3809905
2017-07-08T00:00:00Z,-421.49554522999097
2017-07-07T00:00:00Z,-9931.077731059995
2017-07-06T00:00:00Z,-10530.693223590002
2017-07-05T00:00:00Z,-4875.959348140008
2017-07-04T00:00:00Z,1800.6126746099908
2017-07-03T00:00:00Z,-11934.312007760003
2017-07-02T00:00:00Z,6952.104082740007
2017-07-01T00:00:00Z,-6828.891462899992
2017-06-30T00:00:00Z,-11143.192251079992
2017-06-29T00:00:00Z,16623.96511836999
2017-06-28T00:00:00Z,-7883.325252709998
2017-06-27T00:00:00Z,-1912.2908910999977
2017-06-26T00:00:00Z,5619.318868369999
2017-06-25T00:00:00Z,6661.707222939993
2017-06-24T00:00:00Z,5427.615756209998
2017-06-23T00:00:00Z,-7597.667694860007
2017-06-22T00:00:00Z,-8242.264833549998
2017-06-21T00:00:00Z,2902.2622359600064
2017-06-20T00:00:00Z,7758.980516589989
2017-06-19T00:00:00Z,14772.01165421
2017-06-18T00:00:00Z,-40044.59959293
2017-06-17T00:00:00Z,3100.298362799993
2017-06-16T00:00:00Z,1509.3988426099968
2017-06-15T00:00:00Z,-54.020595740003046
2017-06-14T00:00:00Z,1040.395652479987
2017-06-13T00:00:00Z,6683.947670740003
2017-06-12T00:00:00Z,9391.73861012001
2017-06-11T00:00:00Z,9234.679516439995
2017-06-10T00:00:00Z,17421.34798184999
2017-06-09T00:00:00Z,1731.2472565399949
2017-06-08T00:00:00Z,-338.0117312900111
2017-06-07T00:00:00Z,-14460.9217851
2017-06-06T00:00:00Z,10914.903779510001
2017-06-05T00:00:00Z,-6227.023468240004
2017-06-04T00:00:00Z,-1360.0348247599904
2017-06-03T00:00:00Z,-13479.071643079995
2017-06-02T00:00:00Z,6641.252462289995
2017-06-01T00:00:00Z,7608.36288166001
2017-05-31T00:00:00Z,-18503.609683749994
2017-05-30T00:00:00Z,-968.3418972399959
2017-05-29T00:00:00Z,-12512.01334192
2017-05-28T00:00:00Z,-609.4789662100084
2017-05-27T00:00:00Z,17411.00407467001
2017-05-26T00:00:00Z,881.3301997100061
2017-05-25T00:00:00Z,48025.709078340005
2017-05-24T00:00:00Z,9287.71501978999
2017-05-23T00:00:00Z,-3088.5890446600097
2017-05-22T00:00:00Z,13500.989512579981
2017-05-21T00:00:00Z,18065.5605945
2017-05-20T00:00:00Z,15814.811308710006
2017-05-19T00:00:00Z,3647.5576765300066
2017-05-18T00:00:00Z,10648.718966119995
2017-05-17T00:00:00Z,-22113.27900481
2017-05-16T00:00:00Z,-443.3313115199999
2017-05-15T00:00:00Z,-4223.90136311001
2017-05-14T00:00:00Z,-2122.9648236700014
2017-05-13T00:00:00Z,8131.569464820001
2017-05-12T00:00:00Z,-15585.529314669999
2017-05-11T00:00:00Z,11334.188291140003
2017-05-10T00:00:00Z,-419.20348161000584
2017-05-09T00:00:00Z,-8532.49664338
2017-05-08T00:00:00Z,7633.397197340004
2017-05-07T00:00:00Z,8946.920619009994
2017-05-06T00:00:00Z,6600.19517485
2017-05-05T00:00:00Z,8839.161160160002
2017-05-04T00:00:00Z,8193.869649389992
2017-05-03T00:00:00Z,-16876.758299929992
2017-05-02T00:00:00Z,10049.223978790003
2017-05-01T00:00:00Z,18819.265861680004
2017-04-30T00:00:00Z,12721.61232049
2017-04-29T00:00:00Z,4783.739343270005
2017-04-28T00:00:00Z,6733.296391880009
2017-04-27T00:00:00Z,12380.718838260007
2017-04-26T00:00:00Z,3944.4250696700037
2017-04-25T00:00:00Z,4418.166545699998
2017-04-24T00:00:00Z,-14474.629559320005
2017-04-23T00:00:00Z,-2829.9832835199995
2017-04-22T00:00:00Z,-3156.264897519999
2017-04-21T00:00:00Z,-278.40154081999935
2017-04-20T00:00:00Z,-5130.896496859998
2017-04-19T00:00:00Z,-6419.390657060008
2017-04-18T00:00:00Z,-6623.166366769998
2017-04-17T00:00:00Z,-9860.3735878
2017-04-16T00:00:00Z,-1234.3587736099944
2017-04-15T00:00:00Z,-6664.729045219996
2017-04-14T00:00:00Z,9357.657360869998
2017-04-13T00:00:00Z,-1814.7424429899984
2017-04-12T00:00:00Z,-6688.8480280099975
2017-04-11T00:00:00Z,-272.4490105799996
2017-04-10T00:00:00Z,1068.108382710001
2017-04-09T00:00:00Z,82.81837842999812
2017-04-08T00:00:00Z,-5904.078679710001
2017-04-07T00:00:00Z,941.918226380003
2017-04-06T00:00:00Z,8709.218797120004
2017-04-05T00:00:00Z,-6924.05073250999
2017-04-04T00:00:00Z,-15312.20349017001
2017-04-03T00:00:00Z,551.6515798100008
2017-04-02T00:00:00Z,4143.910702459994
2017-04-01T00:00:00Z,-16032.60959408
2017-03-31T00:00:00Z,9650.103327160003
2017-03-30T00:00:00Z,3016.1777376700047
2017-03-29T00:00:00Z,-13432.035336909998
2017-03-28T00:00:00Z,-10865.00973990999
2017-03-27T00:00:00Z,5650.084754430005
2017-03-26T00:00:00Z,6728.468317079998
2017-03-25T00:00:00Z,30041.201211149993
2017-03-24T00:00:00Z,16659.666620960008
2017-03-23T00:00:00Z,-7182.478701880005
2017-03-22T00:00:00Z,3827.98509663
2017-03-21T00:00:00Z,7464.426819560002
2017-03-20T00:00:00Z,-9306.99040843999
2017-03-19T00:00:00Z,-2119.859386740005
2017-03-18T00:00:00Z,43028.51928189001
2017-03-17T00:00:00Z,22673.45399014
2017-03-16T00:00:00Z,15958.696661500013
2017-03-15T00:00:00Z,1094.4327343200057
2017-03-14T00:00:00Z,-2764.856535400002
2017-03-13T00:00:00Z,697.6787860499971
2017-03-12T00:00:00Z,5857.892547280004
2017-03-11T00:00:00Z,-7332.864351250006
2017-03-10T00:00:00Z,8168.242152029998
2017-03-09T00:00:00Z,6346.397857719996
2017-03-08T00:00:00Z,9985.11851008
2017-03-07T00:00:00Z,2288.584168070003
2017-03-06T00:00:00Z,5537.899037340001
2017-03-05T00:00:00Z,-2608.638344750001
2017-03-04T00:00:00Z,24737.237677719997
2017-03-03T00:00:00Z,11824.856986779996
2017-03-02T00:00:00Z,5780.626748120005
2017-03-01T00:00:00Z,3103.1611241599967
2017-02-28T00:00:00Z,7966.67686598
2017-02-27T00:00:00Z,-7264.967275319999
2017-02-26T00:00:00Z,-3192.1537154200014
2017-02-25T00:00:00Z,10446.775406189998
2017-02-24T00:00:00Z,1951.6989418599987
2017-02-23T00:00:00Z,3738.5047617999953
2017-02-22T00:00:00Z,3266.184190709995
2017-02-21T00:00:00Z,8854.35519374
2017-02-20T00:00:00Z,-288.4355837000003
2017-02-19T00:00:00Z,739.6778886800003
2017-02-18T00:00:00Z,-739.5821741200016
2017-02-17T00:00:00Z,10346.054033399996
2017-02-16T00:00:00Z,-8515.35996252
2017-02-15T00:00:00Z,-3646.2501017100003
2017-02-14T00:00:00Z,1236.2544384400026
2017-02-13T00:00:00Z,4631.390946449999
2017-02-12T00:00:00Z,-6797.7098623699985
2017-02-11T00:00:00Z,3976.774057299999
2017-02-10T00:00:00Z,-9859.985846619998
2017-02-09T00:00:00Z,510.07427765999455
2017-02-08T00:00:00Z,-8427.173624089999
2017-02-07T00:00:00Z,1103.5507879299985
2017-02-06T00:00:00Z,180.42048839999916
2017-02-05T00:00:00Z,-4864.598549869999
2017-02-04T00:00:00Z,-1082.7155935400006
2017-02-03T00:00:00Z,-12813.08017198
2017-02-02T00:00:00Z,-3933.7196577700015
2017-02-01T00:00:00Z,1405.59916333
2017-01-31T00:00:00Z,-1400.3992915500057
2017-01-30T00:00:00Z,-1281.497806700001
2017-01-29T00:00:00Z,376.96895931999825
2017-01-28T00:00:00Z,1556.532972429999
2017-01-27T00:00:00Z,-1942.2742380799973
2017-01-26T00:00:00Z,-3863.34120309
2017-01-25T00:00:00Z,-2873.985713529997
2017-01-24T00:00:00Z,-8778.046643000001
2017-01-23T00:00:00Z,-4290.262152209994
2017-01-22T00:00:00Z,410.4948565999948
2017-01-21T00:00:00Z,-5576.529056450003
2017-01-20T00:00:00Z,11255.28434803
2017-01-19T00:00:00Z,-9826.09855992
2017-01-18T00:00:00Z,-7282.528757879998
2017-01-17T00:00:00Z,1177.2891888999875
2017-01-16T00:00:00Z,999.3699023299996
2017-01-15T00:00:00Z,775.2274259400001
2017-01-14T00:00:00Z,-8735.349587250003
2017-01-13T00:00:00Z,-10118.954301189995
2017-01-12T00:00:00Z,-7775.980913650012
2017-01-11T00:00:00Z,10980.163805449993
2017-01-10T00:00:00Z,-5739.305685199994
2017-01-09T00:00:00Z,-11366.688942429995
2017-01-08T00:00:00Z,-1161.5700694599946
2017-01-07T00:00:00Z,8646.17184101
2017-01-06T00:00:00Z,3077.145199859995
2017-01-05T00:00:00Z,11246.673257999995
2017-01-04T00:00:00Z,23786.457283199998
2017-01-03T00:00:00Z,5415.292060150001
2017-01-02T00:00:00Z,5262.9659898300015
2017-01-01T00:00:00Z,5293.364447219999
2016-12-31T00:00:00Z,7741.609334240002
2016-12-30T00:00:00Z,-4360.08850405
2016-12-29T00:00:00Z,2678.162218669997
2016-12-28T00:00:00Z,-1137.728140350002
2016-12-27T00:00:00Z,-2617.8939875200012
2016-12-26T00:00:00Z,5308.476974900004
2016-12-25T00:00:00Z,-4834.171975899997
2016-12-24T00:00:00Z,3718.5780338500044
2016-12-23T00:00:00Z,1972.7221423400042
2016-12-22T00:00:00Z,4027.7132919799915
2016-12-21T00:00:00Z,-7395.044096140002
2016-12-20T00:00:00Z,-4270.986907439998
2016-12-19T00:00:00Z,-3156.8881645500005
2016-12-18T00:00:00Z,-9161.66994127
2016-12-17T00:00:00Z,7935.369156410001
2016-12-16T00:00:00Z,-10577.481282790002
2016-12-15T00:00:00Z,-6676.27100388
2016-12-14T00:00:00Z,3101.7679145800066
2016-12-13T00:00:00Z,2772.0101780100013
2016-12-12T00:00:00Z,-14889.886858010002
2016-12-11T00:00:00Z,1409.307605689999
2016-12-10T00:00:00Z,2066.481607059999
2016-12-09T00:00:00Z,-8101.957040299996
2016-12-08T00:00:00Z,-2661.887806119994
2016-12-07T00:00:00Z,65.02949993999937
2016-12-06T00:00:00Z,11609.299881059997
2016-12-05T00:00:00Z,-6449.177284980004
2016-12-04T00:00:00Z,-1040.484815939999
2016-12-03T00:00:00Z,-766.2950829399997
2016-12-02T00:00:00Z,8771.431386190001
2016-12-01T00:00:00Z,-971.7782986999955
2016-11-30T00:00:00Z,-2190.395965570002
2016-11-29T00:00:00Z,1411.5729277599967
2016-11-28T00:00:00Z,-4043.666499480001
2016-11-27T00:00:00Z,-12010.454246770001
2016-11-26T00:00:00Z,14671.735452549998
2016-11-25T00:00:00Z,-2145.824879040003
2016-11-24T00:00:00Z,4060.7279601800037
2016-11-23T00:00:00Z,-3058.042830679995
2016-11-22T00:00:00Z,6933.3016425099995
2016-11-21T00:00:00Z,189.84302957999898
2016-11-20T00:00:00Z,-6565.274434359995
2016-11-19T00:00:00Z,-2351.82915795
2016-11-18T00:00:00Z,-2831.5748212800027
2016-11-17T00:00:00Z,6189.617191559992
2016-11-16T00:00:00Z,-6259.124308689992
2016-11-15T00:00:00Z,-2557.3785075900014
2016-11-14T00:00:00Z,-4862.962807279997
2016-11-13T00:00:00Z,-1992.8494000700011
2016-11-12T00:00:00Z,-234.384295939999
2016-11-11T00:00:00Z,-5223.811796820002
2016-11-10T00:00:00Z,-56.656043670001964
2016-11-09T00:00:00Z,7150.147450670003
2016-11-08T00:00:00Z,4089.6535990400007
2016-11-07T00:00:00Z,1285.637330489997
2016-11-06T00:00:00Z,994.4376843700011
2016-11-05T00:00:00Z,-6192.604486079996
2016-11-04T00:00:00Z,-2112.982340989998
2016-11-03T00:00:00Z,9881.462592559998
2016-11-02T00:00:00Z,2494.239580099995
2016-11-01T00:00:00Z,3067.19093153
2016-10-31T00:00:00Z,-1228.2163175700043
2016-10-30T00:00:00Z,1180.439761869995
2016-10-29T00:00:00Z,6224.420668160004
2016-10-28T00:00:00Z,-3935.2368414800003
2016-10-27T00:00:00Z,-7424.966449979991
2016-10-26T00:00:00Z,1616.098430689999
2016-10-25T00:00:00Z,10615.182061490006
2016-10-24T00:00:00Z,2366.640631889997
2016-10-23T00:00:00Z,5188.764083779999
2016-10-22T00:00:00Z,-2771.328716019998
2016-10-21T00:00:00Z,-1628.7175622699942
2016-10-20T00:00:00Z,-4147.320064559994
2016-10-19T00:00:00Z,-3407.7536886399903
2016-10-18T00:00:00Z,2758.6255938200047
2016-10-17T00:00:00Z,6256.441113980007
2016-10-16T00:00:00Z,75.56668329999957
2016-10-15T00:00:00Z,-214.64064094999776
2016-10-14T00:00:00Z,-3002.264865279998
2016-10-13T00:00:00Z,-978.5136239999993
2016-10-12T00:00:00Z,-1540.5633969300034
2016-10-11T00:00:00Z,11549.64677477
2016-10-10T00:00:00Z,-4891.003732059995
2016-10-09T00:00:00Z,1575.199706600004
2016-10-08T00:00:00Z,-6906.66147395
2016-10-07T00:00:00Z,2682.5461693399993
2016-10-06T00:00:00Z,1586.4757846599969
2016-10-05T00:00:00Z,-3816.706970579995
2016-10-04T00:00:00Z,-2174.7609344899975
2016-10-03T00:00:00Z,-1944.8943987599996
2016-10-02T00:00:00Z,1001.4556904199999
2016-10-01T00:00:00Z,896.8420941899967
2016-09-30T00:00:00Z,-5858.482969209996
2016-09-29T00:00:00Z,8076.95239518
2016-09-28T00:00:00Z,2165.908217600001
2016-09-27T00:00:00Z,-9391.864947119997
2016-09-26T00:00:00Z,5191.19847743
2016-09-25T00:00:00Z,-1534.8595357900049
2016-09-24T00:00:00Z,-2938.6228782299986
2016-09-23T00:00:00Z,-6646.055801539995
2016-09-22T00:00:00Z,10848.16939159
2016-09-21T00:00:00Z,-2867.7281728699963
2016-09-20T00:00:00Z,4076.900601469999
2016-09-19T00:00:00Z,5605.4736200800035
2016-09-18T00:00:00Z,904.6043789600008
2016-09-17T00:00:00Z,362.5910235299998
2016-09-16T00:00:00Z,1150.872601520001
2016-09-15T00:00:00Z,-1210.7352466899974
2016-09-14T00:00:00Z,4861.615010070003
2016-09-13T00:00:00Z,-201.1608469299972
2016-09-12T00:00:00Z,-5830.909930249996
2016-09-11T00:00:00Z,4653.442846729999
2016-09-10T00:00:00Z,3182.2024829399998
2016-09-09T00:00:00Z,-158.26432369000395
2016-09-08T00:00:00Z,2506.8162157900006
2016-09-07T00:00:00Z,7134.933623080004
2016-09-06T00:00:00Z,-1543.3486796700017
2016-09-05T00:00:00Z,2799.842303880003
2016-09-04T00:00:00Z,249.88927669999975
2016-09-03T00:00:00Z,4416.1314819
2016-09-02T00:00:00Z,1522.8589933200055
2016-09-01T00:00:00Z,-7785.735945879998
2016-08-31T00:00:00Z,-4944.7386986400015
2016-08-30T00:00:00Z,7235.7115652099965
2016-08-29T00:00:00Z,4346.342789779999
2016-08-28T00:00:00Z,3364.6446234400028
2016-08-27T00:00:00Z,3409.844868510001
2016-08-26T00:00:00Z,-1920.4691375700022
2016-08-25T00:00:00Z,3189.331636480005
2016-08-24T00:00:00Z,4907.448493380005
2016-08-23T00:00:00Z,3579.2343374400007
2016-08-22T00:00:00Z,4075.1389068299977
2016-08-21T00:00:00Z,529.0552036599984
2016-08-20T00:00:00Z,-7632.816208619999
2016-08-19T00:00:00Z,2638.8273087599955
2016-08-18T00:00:00Z,1446.2405660299992
2016-08-17T00:00:00Z,-3490.6794839600043
2016-08-16T00:00:00Z,-3470.3197957800003
2016-08-15T00:00:00Z,-5262.126397439999
2016-08-14T00:00:00Z,-3919.1282691000015
2016-08-13T00:00:00Z,-5656.576219510003
2016-08-12T00:00:00Z,2440.2189053799957
2016-08-11T00:00:00Z,-8721.270856570001
2016-08-10T00:00:00Z,3700.5526405400014
2016-08-09T00:00:00Z,-12401.397804929999
2016-08-08T00:00:00Z,-1408.2819056199987
2016-08-07T00:00:00Z,-1638.5324056499994
2016-08-06T00:00:00Z,-11648.089092740003
2016-08-05T00:00:00Z,-1429.7921067900024
2016-08-04T00:00:00Z,-10162.84961885
2016-08-03T00:00:00Z,-474.15512725000735
2016-08-02T00:00:00Z,-3700.837616570003
2016-08-01T00:00:00Z,759.898230259998
2016-07-31T00:00:00Z,-5643.682188109997
2016-07-30T00:00:00Z,2854.249653079998
2016-07-29T00:00:00Z,4277.413276350002
2016-07-28T00:00:00Z,-322.77656820000266
2016-07-27T00:00:00Z,-2721.1085934700022
2016-07-26T00:00:00Z,14341.076092979994
2016-07-25T00:00:00Z,590.0110618199978
2016-07-24T00:00:00Z,2194.1526559699996
2016-07-23T00:00:00Z,-7440.901257040001
2016-07-22T00:00:00Z,8203.306600299999
2016-07-21T00:00:00Z,-2573.711206480002
2016-07-20T00:00:00Z,12305.123731740001
2016-07-19T00:00:00Z,-775.8194772899951
2016-07-18T00:00:00Z,-861.3970014700026
2016-07-17T00:00:00Z,-2994.4528369000036
2016-07-16T00:00:00Z,-10378.205330260003
2016-07-15T00:00:00Z,-1614.4574233500025
2016-07-14T00:00:00Z,5823.606111299996
2016-07-13T00:00:00Z,-2971.176854450001
2016-07-12T00:00:00Z,5803.837944520004
2016-07-11T00:00:00Z,4518.161278900003
2016-07-10T00:00:00Z,944.5898394300002
2016-07-09T00:00:00Z,4033.362178809999
2016-07-08T00:00:00Z,32.596297110001615
2016-07-07T00:00:00Z,-7995.668110769999
2016-07-06T00:00:00Z,11014.082815679998
2016-07-05T00:00:00Z,1266.003866479994
2016-07-04T00:00:00Z,6920.705151080001
2016-07-03T00:00:00Z,-3924.1108755399982
2016-07-02T00:00:00Z,-15308.056844890001
2016-07-01T00:00:00Z,4316.872386949995
2016-06-30T00:00:00Z,-4826.709730279996
2016-06-29T00:00:00Z,-1118.0328184799946
2016-06-28T00:00:00Z,1919.9104676900024
2016-06-27T00:00:00Z,-4878.400894689999
2016-06-26T00:00:00Z,3614.3654752500006
2016-06-25T00:00:00Z,8893.632445200004
2016-06-24T00:00:00Z,-3584.606450129999
2016-06-23T00:00:00Z,-17170.067190920003
2016-06-22T00:00:00Z,38388.30237042
2016-06-21T00:00:00Z,23688.902006209988
2016-06-20T00:00:00Z,-5898.075478290004
2016-06-19T00:00:00Z,-8754.55687661
2016-06-18T00:00:00Z,-5253.628809950002
2016-06-17T00:00:00Z,5926.014183000007
2016-06-16T00:00:00Z,-16060.421967850009
2016-06-15T00:00:00Z,23268.897355890003
2016-06-14T00:00:00Z,3164.626694220002
2016-06-13T00:00:00Z,17516.15668745
2016-06-12T00:00:00Z,-1301.2982084800024
2016-06-11T00:00:00Z,-643.9021091800023
2016-06-10T00:00:00Z,-14929.756619940003
2016-06-09T00:00:00Z,38765.1261169
2016-06-08T00:00:00Z,-7688.125287319999
2016-06-07T00:00:00Z,2341.2715078000037
2016-06-06T00:00:00Z,-11573.77726758
2016-06-05T00:00:00Z,-10102.791780689993
2016-06-04T00:00:00Z,9187.424459789996
2016-06-03T00:00:00Z,3977.385903690003
2016-06-02T00:00:00Z,9627.345898960004
2016-06-01T00:00:00Z,4019.1358082500083
2016-05-31T00:00:00Z,19363.566674479996
2016-05-30T00:00:00Z,7706.6892070500035
2016-05-29T00:00:00Z,12687.507272170005
2016-05-28T00:00:00Z,2292.750660549995
2016-05-27T00:00:00Z,-753.3563516699942
2016-05-26T00:00:00Z,-8148.374210890004
2016-05-25T00:00:00Z,-8263.699557209999
2016-05-24T00:00:00Z,7445.997735689998
2016-05-23T00:00:00Z,-1226.7913082700034
2016-05-22T00:00:00Z,-400.2759845799992
2016-05-21T00:00:00Z,-4165.527676549995
2016-05-20T00:00:00Z,2298.143683659997
2016-05-19T00:00:00Z,-16499.60398683
2016-05-18T00:00:00Z,2664.354887870002
2016-05-17T00:00:00Z,4815.3141278799885
2016-05-16T00:00:00Z,-7351.121150449995
2016-05-15T00:00:00Z,-1937.955968180002
2016-05-14T00:00:00Z,-2307.0529001100003
2016-05-13T00:00:00Z,4671.029080439999
2016-05-12T00:00:00Z,3464.6145910999985
2016-05-11T00:00:00Z,-5915.820493380001
2016-05-10T00:00:00Z,10510.66862561
2016-05-09T00:00:00Z,3703.459148890004
2016-05-08T00:00:00Z,-1553.2594004400016
2016-05-07T00:00:00Z,-2678.1112443300008
2016-05-06T00:00:00Z,-6599.168876019998
2016-05-05T00:00:00Z,4717.007946179998
2016-05-04T00:00:00Z,-643.784729280007
2016-05-03T00:00:00Z,-7040.35883153
2016-05-02T00:00:00Z,-8433.368504720005
2016-05-01T00:00:00Z,3133.5877966199987
2016-04-30T00:00:00Z,2106.8712015700003
2016-04-29T00:00:00Z,-2100.8947170900065
2016-04-28T00:00:00Z,-4123.639915209998
2016-04-27T00:00:00Z,1339.8077453399965
2016-04-26T00:00:00Z,-9052.128575719995
2016-04-25T00:00:00Z,-4065.098515009995
2016-04-24T00:00:00Z,591.4771287099938
2016-04-23T00:00:00Z,-256.4236507099995
2016-04-22T00:00:00Z,5158.432900480002
2016-04-21T00:00:00Z,-6400.225009410002
2016-04-20T00:00:00Z,4216.059874280007
2016-04-19T00:00:00Z,3200.2929176000034
2016-04-18T00:00:00Z,7333.773871579997
2016-04-17T00:00:00Z,-7583.06478982
2016-04-16T00:00:00Z,2086.8688013799983
2016-04-15T00:00:00Z,3409.484672120001
2016-04-14T00:00:00Z,-13728.082893949995
2016-04-13T00:00:00Z,-2853.7288488300037
2016-04-12T00:00:00Z,4369.4710246199975
2016-04-11T00:00:00Z,-1212.5573340100018
2016-04-10T00:00:00Z,9811.606437170005
2016-04-09T00:00:00Z,3155.958630119996
2016-04-08T00:00:00Z,-3718.6005950800027
2016-04-07T00:00:00Z,582.3198174699937
2016-04-06T00:00:00Z,-1987.0494132500025
2016-04-05T00:00:00Z,484.5643115799976
2016-04-04T00:00:00Z,440.62687949000247
2016-04-03T00:00:00Z,-4322.196634549997
2016-04-02T00:00:00Z,780.2834810700006
2016-04-01T00:00:00Z,-14306.384542370004
2016-03-31T00:00:00Z,2597.869380559998
2016-03-30T00:00:00Z,1406.7397458300038
2016-03-29T00:00:00Z,-170.9679152999961
2016-03-28T00:00:00Z,-1391.4703088099996
2016-03-27T00:00:00Z,2936.4865687100028
2016-03-26T00:00:00Z,-1833.0743884100011
2016-03-25T00:00:00Z,5617.720692960003
2016-03-24T00:00:00Z,-6941.504541559996
2016-03-23T00:00:00Z,-3965.4367749599987
2016-03-22T00:00:00Z,-4442.317738170001
2016-03-21T00:00:00Z,-11484.84702786
2016-03-20T00:00:00Z,5785.187387689999
2016-03-19T00:00:00Z,1225.4735520800023
2016-03-18T00:00:00Z,-10539.643219659993
2016-03-17T00:00:00Z,3100.380800290004
2016-03-16T00:00:00Z,9592.68162458
2016-03-15T00:00:00Z,-2352.7990199399937
2016-03-14T00:00:00Z,3420.863090849998
2016-03-13T00:00:00Z,-6276.8898455300005
2016-03-12T00:00:00Z,-513.6439137599955
2016-03-11T00:00:00Z,1673.9437188199954
2016-03-10T00:00:00Z,-7724.942838089999
2016-03-09T00:00:00Z,20.609406400006264
2016-03-08T00:00:00Z,-3441.426367480002
2016-03-07T00:00:00Z,9703.540213380002
2016-03-06T00:00:00Z,7906.78893214
2016-03-05T00:00:00Z,23805.245255839996
2016-03-04T00:00:00Z,1419.219382559997
2016-03-03T00:00:00Z,23643.559960879997
2016-03-02T00:00:00Z,-5101.2217465300055
2016-03-01T00:00:00Z,15900.648751800007
2016-02-29T00:00:00Z,2638.912740560001
2016-02-28T00:00:00Z,1939.889305659999
2016-02-27T00:00:00Z,-3486.021095309996
2016-02-26T00:00:00Z,-875.3085450400104
2016-02-25T00:00:00Z,-4576.688446800006
2016-02-24T00:00:00Z,-412.99458330999914
2016-02-23T00:00:00Z,4208.93404801
2016-02-22T00:00:00Z,1681.5291563200008
2016-02-21T00:00:00Z,-3110.6153353499976
2016-02-20T00:00:00Z,-2443.5811880299952
2016-02-19T00:00:00Z,5879.472476950003
2016-02-18T00:00:00Z,4868.926663059996
2016-02-17T00:00:00Z,4187.62487534
2016-02-16T00:00:00Z,-4253.145645680001
2016-02-15T00:00:00Z,1310.9563753399998
2016-02-14T00:00:00Z,3161.812367410006
2016-02-13T00:00:00Z,1263.59432982
2016-02-12T00:00:00Z,3683.926455560002
2016-02-11T00:00:00Z,8665.362191029999
2016-02-10T00:00:00Z,15995.85515825
2016-02-09T00:00:00Z,-4366.391388389995
2016-02-08T00:00:00Z,12020.461470750004
2016-02-07T00:00:00Z,-5532.824064029999
2016-02-06T00:00:00Z,4737.111388429999
2016-02-05T00:00:00Z,8104.939231270007
2016-02-04T00:00:00Z,-6502.254084779997
2016-02-03T00:00:00Z,6822.080738569995
2016-02-02T00:00:00Z,-11869.682960729995
2016-02-01T00:00:00Z,18678.505133369996
2016-01-31T00:00:00Z,-2473.5588869299972
2016-01-30T00:00:00Z,2500.18464195
2016-01-29T00:00:00Z,-4224.535776600002
2016-01-28T00:00:00Z,1836.4632600600016
2016-01-27T00:00:00Z,-4451.776527349997
2016-01-26T00:00:00Z,27310.37465022
2016-01-25T00:00:00Z,6405.1643525799955
2016-01-24T00:00:00Z,6274.396444340004
2016-01-23T00:00:00Z,2032.8705641100023
2016-01-22T00:00:00Z,6943.658653779996
2016-01-21T00:00:00Z,6263.242063000005
2016-01-20T00:00:00Z,4886.028805730006
2016-01-19T00:00:00Z,1992.5099319699948
2016-01-18T00:00:00Z,-4746.185871130001
2016-01-17T00:00:00Z,4829.635142119998
2016-01-16T00:00:00Z,1656.1819352400053
2016-01-15T00:00:00Z,7916.393010379994
2016-01-14T00:00:00Z,-772.8791261400002
2016-01-13T00:00:00Z,6486.289556300006
2016-01-12T00:00:00Z,-13776.56544469
2016-01-11T00:00:00Z,21506.86459146
2016-01-10T00:00:00Z,-5881.4078541
2016-01-09T00:00:00Z,2780.0079948700004
2016-01-08T00:00:00Z,2580.9042625699985
2016-01-07T00:00:00Z,-1276.8816951900008
2016-01-06T00:00:00Z,5404.637710809999
2016-01-05T00:00:00Z,8570.783603790002
2016-01-04T00:00:00Z,167.93582551999862
2016-01-03T00:00:00Z,-598.19348068
2016-01-02T00:00:00Z,-1499.0277460199995
2016-01-01T00:00:00Z,9653.60856471
2015-12-31T00:00:00Z,-234.78118091999931
2015-12-30T00:00:00Z,378.06069059999936
2015-12-29T00:00:00Z,-3130.8363989499994
2015-12-28T00:00:00Z,-134.52076124999803
2015-12-27T00:00:00Z,4425.152149269998
2015-12-26T00:00:00Z,3064.9608873700054
2015-12-25T00:00:00Z,-3016.3221053300003
2015-12-24T00:00:00Z,-10076.112027020004
2015-12-23T00:00:00Z,-2872.482707440002
2015-12-22T00:00:00Z,-10970.114397270001
2015-12-21T00:00:00Z,-18122.17695239
2015-12-20T00:00:00Z,-247.43731408999884
2015-12-19T00:00:00Z,16490.26408586
2015-12-18T00:00:00Z,-2981.198058310001
2015-12-17T00:00:00Z,-2634.25830003
2015-12-16T00:00:00Z,-405.30293675000576
2015-12-15T00:00:00Z,-460.80299867000576
2015-12-14T00:00:00Z,-7110.522209549999
2015-12-13T00:00:00Z,-5855.168540239996
2015-12-12T00:00:00Z,3192.1768947900055
2015-12-11T00:00:00Z,6767.957266130004
2015-12-10T00:00:00Z,-3418.0970585800023
2015-12-09T00:00:00Z,4274.375005780006
2015-12-08T00:00:00Z,-4997.527146010005
2015-12-07T00:00:00Z,-2155.679113279999
2015-12-06T00:00:00Z,-9202.274814010008
2015-12-05T00:00:00Z,41.47926364000887
2015-12-04T00:00:00Z,2340.134861079998
2015-12-03T00:00:00Z,5497.402772450005
2015-12-02T00:00:00Z,-10980.690703970002
2015-12-01T00:00:00Z,4661.334780969977
2015-11-30T00:00:00Z,-141.23672836000333
2015-11-29T00:00:00Z,761.4665731200002
2015-11-28T00:00:00Z,-1772.447773550004
2015-11-27T00:00:00Z,9159.958901510006
2015-11-26T00:00:00Z,6389.667465590006
2015-11-25T00:00:00Z,521.0163032700002
2015-11-24T00:00:00Z,-166.51011795000522
2015-11-23T00:00:00Z,2559.619321500002
2015-11-22T00:00:00Z,-3165.242089170002
2015-11-21T00:00:00Z,878.2154724700013
2015-11-20T00:00:00Z,-963.4389355099993
2015-11-19T00:00:00Z,2996.32896703
2015-11-18T00:00:00Z,1841.40021308
2015-11-17T00:00:00Z,-948.3718819499991
2015-11-16T00:00:00Z,-21299.709126089998
2015-11-15T00:00:00Z,2449.680508190002
2015-11-14T00:00:00Z,-413.2211314100059
2015-11-13T00:00:00Z,-5514.836535669994
2015-11-12T00:00:00Z,-2348.4946262800077
2015-11-11T00:00:00Z,5798.449997190008
2015-11-10T00:00:00Z,-130.40743524000573
2015-11-09T00:00:00Z,-6266.308532089999
2015-11-08T00:00:00Z,5739.458904250001
2015-11-07T00:00:00Z,4540.756278539993
2015-11-06T00:00:00Z,16163.950888400002
2015-11-05T00:00:00Z,17345.21592001
2015-11-04T00:00:00Z,11371.574249289988
2015-11-03T00:00:00Z,14930.265795279993
2015-11-02T00:00:00Z,-1775.8436582199938
2015-11-01T00:00:00Z,-2078.7489488400024
2015-10-31T00:00:00Z,-2570.165149010005
2015-10-30T00:00:00Z,8506.538212660002
2015-10-29T00:00:00Z,-4270.392732760003
2015-10-28T00:00:00Z,1307.92162275
2015-10-27T00:00:00Z,4484.655487489996
2015-10-26T00:00:00Z,-43.24454767000134
2015-10-25T00:00:00Z,3809.788093859999
2015-10-24T00:00:00Z,1727.5462738999995
2015-10-23T00:00:00Z,217.39487686999928
2015-10-22T00:00:00Z,-137.32439617000637
2015-10-21T00:00:00Z,-1231.3856601599982
2015-10-20T00:00:00Z,14136.915022139998
2015-10-19T00:00:00Z,-463.6481206399985
2015-10-18T00:00:00Z,-2576.766247069998
2015-10-17T00:00:00Z,1765.1459412300028
2015-10-16T00:00:00Z,-4361.445513890001
2015-10-15T00:00:00Z,3324.9768071500002
2015-10-14T00:00:00Z,14123.701008949996
2015-10-13T00:00:00Z,-1217.7520630600047
2015-10-12T00:00:00Z,1298.2117230900003
2015-10-11T00:00:00Z,-1991.7060165200019
2015-10-10T00:00:00Z,2467.4523552400005
2015-10-09T00:00:00Z,-3933.3554959500034
2015-10-08T00:00:00Z,1304.1615315400013
2015-10-07T00:00:00Z,7762.191615009993
2015-10-06T00:00:00Z,-2487.1651925100014
2015-10-05T00:00:00Z,-2720.624066469998
2015-10-04T00:00:00Z,191.61094542000137
2015-10-03T00:00:00Z,1043.7775035800005
2015-10-02T00:00:00Z,-688.5057742799981
2015-10-01T00:00:00Z,-1169.1312351799934
2015-09-30T00:00:00Z,-1682.9339782500028
2015-09-29T00:00:00Z,4993.851696929996
2015-09-28T00:00:00Z,10115.486341199998
2015-09-27T00:00:00Z,970.6897800799998
2015-09-26T00:00:00Z,-12297.72907415
2015-09-25T00:00:00Z,3753.317468850004
2015-09-24T00:00:00Z,-4396.81437611
2015-09-23T00:00:00Z,-724.8576560199945
2015-09-22T00:00:00Z,-4449.52346959
2015-09-21T00:00:00Z,-2200.9808658600086
2015-09-20T00:00:00Z,-1040.4726677299986
2015-09-19T00:00:00Z,1207.004360699997
2015-09-18T00:00:00Z,-2194.201333280005
2015-09-17T00:00:00Z,-2472.7493322200025
2015-09-16T00:00:00Z,2083.970325100003
2015-09-15T00:00:00Z,-13570.950083740001
2015-09-14T00:00:00Z,-574.7384262199994
2015-09-13T00:00:00Z,2434.9556208899994
2015-09-12T00:00:00Z,2749.321346740002
2015-09-11T00:00:00Z,3421.600665879996
2015-09-10T00:00:00Z,3714.122218919998
2015-09-09T00:00:00Z,3302.3186655300015
2015-09-08T00:00:00Z,1345.204187140007
2015-09-07T00:00:00Z,598.7611656699992
2015-09-06T00:00:00Z,-562.5352384700018
2015-09-05T00:00:00Z,2978.24199418
2015-09-04T00:00:00Z,-4924.001077219997
2015-09-03T00:00:00Z,-4365.131803310003
2015-09-02T00:00:00Z,2273.4152493799993
2015-09-01T00:00:00Z,184.9899931100008
2015-08-31T00:00:00Z,-8012.44006067
2015-08-30T00:00:00Z,1110.5109485100002
2015-08-29T00:00:00Z,506.9632263700005
2015-08-28T00:00:00Z,-10487.407449869992
2015-08-27T00:00:00Z,-1844.4258825700017
2015-08-26T00:00:00Z,2206.7513789600052
2015-08-25T00:00:00Z,-1396.1815974499987
2015-08-24T00:00:00Z,1180.7999670900026
2015-08-23T00:00:00Z,747.2369973099994
2015-08-22T00:00:00Z,3005.5012398699982
2015-08-21T00:00:00Z,12218.245889680002
2015-08-20T00:00:00Z,1136.7360451299974
2015-08-19T00:00:00Z,2457.158596400004
2015-08-18T00:00:00Z,7638.711872349995
2015-08-17T00:00:00Z,974.1872665400006
2015-08-16T00:00:00Z,-220.49735634999524
2015-08-15T00:00:00Z,2076.5215111200014
2015-08-14T00:00:00Z,7253.055594590005
2015-08-13T00:00:00Z,6681.269741970002
2015-08-12T00:00:00Z,1864.8496700600008
2015-08-11T00:00:00Z,-2533.832342790003
2015-08-10T00:00:00Z,-35341.04703261
2015-08-09T00:00:00Z,33941.620244580015
2015-08-08T00:00:00Z,5382.731096279997
2015-08-07T00:00:00Z,-1658.8117423399963
2015-08-06T00:00:00Z,4199.408980200002
2015-08-05T00:00:00Z,-1150.0270618000068
2015-08-04T00:00:00Z,680.3879193100001
2015-08-03T00:00:00Z,914.3190825600032
2015-08-02T00:00:00Z,270.299669
2015-08-01T00:00:00Z,4965.109535970001
2015-07-31T00:00:00Z,-281.37085880000086
2015-07-30T00:00:00Z,932.297591839997
2015-07-29T00:00:00Z,-1224.8608966200009
2015-07-28T00:00:00Z,-2257.9841816800035
2015-07-27T00:00:00Z,-10975.189812409997
2015-07-26T00:00:00Z,1347.0167945100002
2015-07-25T00:00:00Z,2715.233925800003
2015-07-24T00:00:00Z,-1789.9420037599994
2015-07-23T00:00:00Z,3030.4284266299983
2015-07-22T00:00:00Z,-3514.516636829998
2015-07-21T00:00:00Z,-5598.4068946100015
2015-07-20T00:00:00Z,-558.5207304600008
2015-07-19T00:00:00Z,5393.516378230001
2015-07-18T00:00:00Z,361.419296879998
2015-07-17T00:00:00Z,-755.8589900299994
2015-07-16T00:00:00Z,-4288.957019810005
2015-07-15T00:00:00Z,11433.57053279
2015-07-14T00:00:00Z,3980.480482430001
2015-07-13T00:00:00Z,1019.3023617200015
2015-07-12T00:00:00Z,6991.679190700001
2015-07-11T00:00:00Z,1651.1327022299993
2015-07-10T00:00:00Z,-275.0981253200007
2015-07-09T00:00:00Z,712.1244819599997
2015-07-08T00:00:00Z,-7166.321719789998
2015-07-07T00:00:00Z,2411.1392893899974
2015-07-06T00:00:00Z,-772.6364364800029
2015-07-05T00:00:00Z,3497.6820544400034
2015-07-04T00:00:00Z,-1186.1091207999998
2015-07-03T00:00:00Z,-3.574794039999688
2015-07-02T00:00:00Z,4413.199750769996
2015-07-01T00:00:00Z,-2085.9113388600017
2015-06-30T00:00:00Z,1500.7555053200049
2015-06-29T00:00:00Z,461.9146053299992
2015-06-28T00:00:00Z,-306.8176347899989
2015-06-27T00:00:00Z,891.9033293799985
2015-06-26T00:00:00Z,2219.2872903999996
2015-06-25T00:00:00Z,-542.0059225099976
2015-06-24T00:00:00Z,1822.4497795499992
2015-06-23T00:00:00Z,-2401.2756406900007
2015-06-22T00:00:00Z,972.7815216499985
2015-06-21T00:00:00Z,1827.8660783200012
2015-06-20T00:00:00Z,234.39104706000035
2015-06-19T00:00:00Z,-1079.6087799899979
2015-06-18T00:00:00Z,-5965.963619150003
2015-06-17T00:00:00Z,1735.9889126799972
2015-06-16T00:00:00Z,-3822.4884534800003
2015-06-15T00:00:00Z,-1235.6926164700017
2015-06-14T00:00:00Z,2444.90704242
2015-06-13T00:00:00Z,2029.3199616899983
2015-06-12T00:00:00Z,1129.028307059998
2015-06-11T00:00:00Z,99.36722219000148
2015-06-10T00:00:00Z,1183.6333236799983
2015-06-09T00:00:00Z,-1090.1363319999982
2015-06-08T00:00:00Z,-545.2842221699975
2015-06-07T00:00:00Z,1330.215136840001
2015-06-06T00:00:00Z,317.6071197300007
2015-06-05T00:00:00Z,-4486.77937819
2015-06-04T00:00:00Z,2975.696636110002
2015-06-03T00:00:00Z,-7679.015017040001
2015-06-02T00:00:00Z,-3519.051025700006
2015-06-01T00:00:00Z,3753.621628179997
2015-05-31T00:00:00Z,368.1383368499992
2015-05-30T00:00:00Z,1396.4201768600033
2015-05-29T00:00:00Z,2765.216757009999
2015-05-28T00:00:00Z,-4319.7242806500035
2015-05-27T00:00:00Z,2735.6018259400007
2015-05-26T00:00:00Z,2016.4947282699977
2015-05-25T00:00:00Z,-5441.424091050001
2015-05-24T00:00:00Z,5442.203457509999
2015-05-23T00:00:00Z,2413.2781204899984
2015-05-22T00:00:00Z,4200.919289229998
2015-05-21T00:00:00Z,-2919.0571909600003
2015-05-20T00:00:00Z,8572.475350730001
2015-05-19T00:00:00Z,-3098.7185886199986
2015-05-18T00:00:00Z,-1727.9533641499984
2015-05-17T00:00:00Z,1401.1673465800013
2015-05-16T00:00:00Z,1442.7062967399997
2015-05-15T00:00:00Z,-161.30459820000033
2015-05-14T00:00:00Z,-2419.1115214700003
2015-05-13T00:00:00Z,3865.7197413700014
2015-05-12T00:00:00Z,-4055.7539813099975
2015-05-11T00:00:00Z,12843.668515010002
2015-05-10T00:00:00Z,1552.2615880700014
2015-05-09T00:00:00Z,-1237.385932950001
2015-05-08T00:00:00Z,233.22406925000178
2015-05-07T00:00:00Z,895.5280243400011
2015-05-06T00:00:00Z,-2362.6758209500003
2015-05-05T00:00:00Z,598.1424861199994
2015-05-04T00:00:00Z,-8015.275452320002
2015-05-03T00:00:00Z,1.680448310000429
2015-05-02T00:00:00Z,-93.9860463799996
2015-05-01T00:00:00Z,10695.549505260002
2015-04-30T00:00:00Z,678.7091995599985
2015-04-29T00:00:00Z,-9110.10310942
2015-04-28T00:00:00Z,1522.231499139998
2015-04-27T00:00:00Z,2083.614066779999
2015-04-26T00:00:00Z,-461.7772832900009
2015-04-25T00:00:00Z,2179.6751372200015
2015-04-24T00:00:00Z,2720.1505585999985
2015-04-23T00:00:00Z,3174.015213909999
2015-04-22T00:00:00Z,1099.568289840001
2015-04-21T00:00:00Z,-1913.9320137200011
2015-04-20T00:00:00Z,-5375.191659510001
2015-04-19T00:00:00Z,2137.9602660500004
2015-04-18T00:00:00Z,-2847.244166440003
2015-04-17T00:00:00Z,1215.2905514400009
2015-04-16T00:00:00Z,3400.4318409499974
2015-04-15T00:00:00Z,-6706.819761250001
2015-04-14T00:00:00Z,-2145.455160700003
2015-04-13T00:00:00Z,3529.8745825799997
2015-04-12T00:00:00Z,1935.5813493599999
2015-04-11T00:00:00Z,134.99805605000074
2015-04-10T00:00:00Z,2003.4693068999986
2015-04-09T00:00:00Z,-12805.839594730001
2015-04-08T00:00:00Z,3685.953821320003
2015-04-07T00:00:00Z,3593.3829079800016
2015-04-06T00:00:00Z,-847.458272670001
2015-04-05T00:00:00Z,3734.0996947000003
2015-04-04T00:00:00Z,-1775.1991280900002
2015-04-03T00:00:00Z,-2375.0516419800006
2015-04-02T00:00:00Z,7852.131250170001
2015-04-01T00:00:00Z,-5178.738286389998
2015-03-31T00:00:00Z,-2971.9448863100006
2015-03-30T00:00:00Z,-4847.16654799
2015-03-29T00:00:00Z,1286.6086769700014
2015-03-28T00:00:00Z,-1962.004322159999
2015-03-27T00:00:00Z,4322.323931020001
2015-03-26T00:00:00Z,2190.3891544399994
2015-03-25T00:00:00Z,544.2694999899977
2015-03-24T00:00:00Z,-7049.99698684
2015-03-23T00:00:00Z,4294.38240663
2015-03-22T00:00:00Z,1302.955622219999
2015-03-21T00:00:00Z,-1980.9454822499974
2015-03-20T00:00:00Z,-438.82251263999933
2015-03-19T00:00:00Z,2700.78854614
2015-03-18T00:00:00Z,-4387.0710615399985
2015-03-17T00:00:00Z,-9080.754273910003
2015-03-16T00:00:00Z,13495.68879687
2015-03-15T00:00:00Z,2126.512120629999
2015-03-14T00:00:00Z,-2828.007304820001
2015-03-13T00:00:00Z,2802.217461709999
2015-03-12T00:00:00Z,-2020.6572301300039
2015-03-11T00:00:00Z,13508.743022670005
2015-03-10T00:00:00Z,-1378.6153977400027
2015-03-09T00:00:00Z,6176.906986990001
2015-03-08T00:00:00Z,-73.82835741000054
2015-03-07T00:00:00Z,-8965.027265380002
2015-03-06T00:00:00Z,10360.129412079998
2015-03-05T00:00:00Z,-16159.918581979997
2015-03-04T00:00:00Z,-1702.1756148200002
2015-03-03T00:00:00Z,12505.32032436
2015-03-02T00:00:00Z,-1753.163588899999
2015-03-01T00:00:00Z,717.7979686999988
2015-02-28T00:00:00Z,1434.6912859099994
2015-02-27T00:00:00Z,676.6349574000014
2015-02-26T00:00:00Z,1545.9874135400005
2015-02-25T00:00:00Z,-10481.786710410002
2015-02-24T00:00:00Z,910.4661312200005
2015-02-23T00:00:00Z,-2576.4553038999948
2015-02-22T00:00:00Z,2432.3137641699996
2015-02-21T00:00:00Z,-2582.8429798899997
2015-02-20T00:00:00Z,1251.454388350001
2015-02-19T00:00:00Z,4002.918678439999
2015-02-18T00:00:00Z,-2121.559319660002
2015-02-17T00:00:00Z,1051.5204183300011
2015-02-16T00:00:00Z,-3380.4315031000006
2015-02-15T00:00:00Z,-3204.73810717
2015-02-14T00:00:00Z,1108.1301614900003
2015-02-13T00:00:00Z,5162.711803639999
2015-02-12T00:00:00Z,773.7579539199996
2015-02-11T00:00:00Z,2466.0947649299997
2015-02-10T00:00:00Z,2052.19270073
2015-02-09T00:00:00Z,-9151.083825719998
2015-02-08T00:00:00Z,2825.43089281
2015-02-07T00:00:00Z,-1641.2959867999998
2015-02-06T00:00:00Z,341.63311438000164
2015-02-05T00:00:00Z,1672.750741830001
2015-02-04T00:00:00Z,5009.640627419998
2015-02-03T00:00:00Z,-3519.84381581
2015-02-02T00:00:00Z,146.6701846299984
2015-02-01T00:00:00Z,-6132.80064541
2015-01-31T00:00:00Z,1845.9443531700017
2015-01-30T00:00:00Z,6299.880748310003
2015-01-29T00:00:00Z,6838.1317051399965
2015-01-28T00:00:00Z,-3322.8290614299985
2015-01-27T00:00:00Z,-5388.643084209998
2015-01-26T00:00:00Z,-6213.888974019996
2015-01-25T00:00:00Z,1983.2270937899993
2015-01-24T00:00:00Z,-4888.5079300299985
2015-01-23T00:00:00Z,-10959.923061340003
2015-01-22T00:00:00Z,1492.2717759900042
2015-01-21T00:00:00Z,184987.30799457998
2015-01-20T00:00:00Z,2228.708316349999
2015-01-19T00:00:00Z,833.96444299
2015-01-18T00:00:00Z,3467.960075760002
2015-01-17T00:00:00Z,-1876.6894291499993
2015-01-16T00:00:00Z,-6212.922691079999
2015-01-15T00:00:00Z,-246.5408757500045
2015-01-14T00:00:00Z,-1253.9739879700064
2015-01-13T00:00:00Z,1760.6346974799962
2015-01-12T00:00:00Z,1183.6574290800054
2015-01-11T00:00:00Z,-2312.693237780004
2015-01-10T00:00:00Z,-7299.411261320005
2015-01-09T00:00:00Z,20337.79437865001
2015-01-08T00:00:00Z,-203.58612788000028
2015-01-07T00:00:00Z,-680.5523959800012
2015-01-06T00:00:00Z,-1142.9990620099998
2015-01-05T00:00:00Z,482.21730664999995
2015-01-04T00:00:00Z,785.0603421300002
2015-01-03T00:00:00Z,708.168115229997
2015-01-02T00:00:00Z,827.4472981199997
2015-01-01T00:00:00Z,138.75572606999958
2014-12-31T00:00:00Z,-2804.8864501200005
2014-12-30T00:00:00Z,-183.91336242000034
2014-12-29T00:00:00Z,-9556.47269812
2014-12-28T00:00:00Z,-60.13419092000004
2014-12-27T00:00:00Z,55.07972895999956
2014-12-26T00:00:00Z,3324.7517374300005
2014-12-25T00:00:00Z,-238.904331310001
2014-12-24T00:00:00Z,5061.181620259999
2014-12-23T00:00:00Z,1231.253741739998
2014-12-22T00:00:00Z,1284.4551133099994
2014-12-21T00:00:00Z,382.1278415200004
2014-12-20T00:00:00Z,1348.2499900500006
2014-12-19T00:00:00Z,-115.03926342000159
2014-12-18T00:00:00Z,1593.097911230001
2014-12-17T00:00:00Z,248.21005777000028
2014-12-16T00:00:00Z,838.6286051299976
2014-12-15T00:00:00Z,907.9206633699996
2014-12-14T00:00:00Z,-537.7041290699999
2014-12-13T00:00:00Z,992.5875776299999
2014-12-12T00:00:00Z,-1181.3189674900004
2014-12-11T00:00:00Z,-845.5365681699986
2014-12-10T00:00:00Z,427.34500597999977
2014-12-09T00:00:00Z,-471.4278956099988
2014-12-08T00:00:00Z,9763.51476929
2014-12-07T00:00:00Z,980.06075452
2014-12-06T00:00:00Z,239.86437792000106
2014-12-05T00:00:00Z,5997.1073622600015
2014-12-04T00:00:00Z,-1062.3686525900011
2014-12-03T00:00:00Z,805.9729713899978
2014-12-02T00:00:00Z,2406.7801740800005
2014-12-01T00:00:00Z,-370.6565394900008
2014-11-30T00:00:00Z,827.8590385199996
2014-11-29T00:00:00Z,989.8299655000001
2014-11-28T00:00:00Z,80.2653192100006
2014-11-27T00:00:00Z,292.3714127000003
2014-11-26T00:00:00Z,706.7291494100009
2014-11-25T00:00:00Z,-1948.373438999999
2014-11-24T00:00:00Z,1555.5595773899986
2014-11-23T00:00:00Z,689.4999320499992
2014-11-22T00:00:00Z,-17.81599129999995
2014-11-21T00:00:00Z,-940.3369852299984
2014-11-20T00:00:00Z,2772.635377370003
2014-11-19T00:00:00Z,2518.326284640001
2014-11-18T00:00:00Z,1601.6250225899985
2014-11-17T00:00:00Z,578.5309602800007
2014-11-16T00:00:00Z,57.465725730000486
2014-11-15T00:00:00Z,1665.642164339999
2014-11-14T00:00:00Z,8039.61017358
2014-11-13T00:00:00Z,-11170.51289767
2014-11-12T00:00:00Z,-858.2510203300008
2014-11-11T00:00:00Z,1153.803790330001
2014-11-10T00:00:00Z,7384.9759013
2014-11-09T00:00:00Z,2545.45106013
2014-11-08T00:00:00Z,-625.1526612599991
2014-11-07T00:00:00Z,5653.456348039999
2014-11-06T00:00:00Z,10894.34859021
2014-11-05T00:00:00Z,-2879.582038069999
2014-11-04T00:00:00Z,65.35155328999826
2014-11-03T00:00:00Z,286.43119723999916
2014-11-02T00:00:00Z,-351.1835270699994
2014-11-01T00:00:00Z,975.0301452900003
2014-10-31T00:00:00Z,1839.299640359999
2014-10-30T00:00:00Z,942.2826280000008
2014-10-29T00:00:00Z,-295.13165562999893
2014-10-28T00:00:00Z,11.760651319999852
2014-10-27T00:00:00Z,1339.91300167
2014-10-26T00:00:00Z,196.8860153000005
2014-10-25T00:00:00Z,4543.53180308
2014-10-24T00:00:00Z,-363.90332493999995
2014-10-23T00:00:00Z,-297.02659352999945
2014-10-22T00:00:00Z,54718.01602442
2014-10-21T00:00:00Z,653.0864696099998
2014-10-20T00:00:00Z,606.5371306699999
2014-10-19T00:00:00Z,-1939.8477922600005
2014-10-18T00:00:00Z,-154.76874938000037
2014-10-17T00:00:00Z,68.99182550000023
2014-10-16T00:00:00Z,-509.6401622499998
2014-10-15T00:00:00Z,-427.7713104499999
2014-10-14T00:00:00Z,-678.5427532799986
2014-10-13T00:00:00Z,-380.91785909999817
2014-10-12T00:00:00Z,1299.5528811000004
2014-10-11T00:00:00Z,-1324.70730689
2014-10-10T00:00:00Z,2071.2582544399993
2014-10-09T00:00:00Z,2469.0389592300016
2014-10-08T00:00:00Z,2549.9299118300005
2014-10-07T00:00:00Z,2091.4874419299995
2014-10-06T00:00:00Z,-4588.011235369999
2014-10-05T00:00:00Z,4030.142811949998
2014-10-04T00:00:00Z,3570.2029739399986
2014-10-03T00:00:00Z,3723.6665861200017
2014-10-02T00:00:00Z,2032.00692962
2014-10-01T00:00:00Z,339.3914118599996
2014-09-30T00:00:00Z,-197.86108073000105
2014-09-29T00:00:00Z,448.543230199999
2014-09-28T00:00:00Z,-817.5628113000002
2014-09-27T00:00:00Z,-476.20324681999955
2014-09-26T00:00:00Z,-755.0937560600005
2014-09-25T00:00:00Z,-1248.51819316
2014-09-24T00:00:00Z,2856.3592628299994
2014-09-23T00:00:00Z,2997.4642655499993
2014-09-22T00:00:00Z,1281.0370524699993
2014-09-21T00:00:00Z,416.81248262999907
2014-09-20T00:00:00Z,1375.3211441400008
2014-09-19T00:00:00Z,3093.640656530002
2014-09-18T00:00:00Z,746.3732622899988
2014-09-17T00:00:00Z,-191.50338183999975
2014-09-16T00:00:00Z,-751.7219580499996
2014-09-15T00:00:00Z,-690.6253118900004
2014-09-14T00:00:00Z,984.7894575500004
2014-09-13T00:00:00Z,-469.56879928999933
2014-09-12T00:00:00Z,1131.67622984
2014-09-11T00:00:00Z,2539.4609877400003
2014-09-10T00:00:00Z,-111.7245592700001
2014-09-09T00:00:00Z,649.3627087299992
2014-09-08T00:00:00Z,593.59537613
2014-09-07T00:00:00Z,563.66953496
2014-09-06T00:00:00Z,439.5869581499999
2014-09-05T00:00:00Z,319.05257579
2014-09-04T00:00:00Z,445.46341804999975
2014-09-03T00:00:00Z,-5.120753440000044
2014-09-02T00:00:00Z,-60.8793658200002
2014-09-01T00:00:00Z,2456.3188712900005
2014-08-31T00:00:00Z,990.29389618
2014-08-30T00:00:00Z,4250.721432
2014-08-29T00:00:00Z,1447.7910924500006
2014-08-28T00:00:00Z,970.6756493100002
2014-08-27T00:00:00Z,-145.70359901000006
2014-08-26T00:00:00Z,408.35598769000035
2014-08-25T00:00:00Z,22.31759987999999
2014-08-24T00:00:00Z,92.70348394999974
2014-08-23T00:00:00Z,759.1559910600001
2014-08-22T00:00:00Z,1609.2173932300002
2014-08-21T00:00:00Z,608.65257793
2014-08-20T00:00:00Z,190.60059679999995
2014-08-19T00:00:00Z,502.6891042800007
2014-08-18T00:00:00Z,2696.67823571
2014-08-17T00:00:00Z,826.6002293000006
2014-08-16T00:00:00Z,2062.9311850199997
2014-08-15T00:00:00Z,1204.50214615
2014-08-14T00:00:00Z,4121.058768360001
2014-08-13T00:00:00Z,2735.413615290001
2014-08-12T00:00:00Z,1059.2175905899999
2014-08-11T00:00:00Z,51.8529162100001
2014-08-10T00:00:00Z,-75.74980624999989
2014-08-09T00:00:00Z,364.5264328600001
2014-08-08T00:00:00Z,356.28600372000005
2014-08-07T00:00:00Z,990.3111429700002
2014-08-06T00:00:00Z,-962.7110828999998
2014-08-05T00:00:00Z,-5.452915979999943
2014-08-04T00:00:00Z,-1455.9090987800002
2014-08-03T00:00:00Z,130.70514986000012
2014-08-02T00:00:00Z,-167.95893560999957
2014-08-01T00:00:00Z,-166.9177096599999
2014-07-31T00:00:00Z,229.1039764100001
2014-07-30T00:00:00Z,1554.6798875200002
2014-07-29T00:00:00Z,881.1306669300002
2014-07-28T00:00:00Z,1770.7069711999998
2014-07-27T00:00:00Z,85.30292687999986
2014-07-26T00:00:00Z,877.9585718899998
2014-07-25T00:00:00Z,436.08439086
2014-07-24T00:00:00Z,150.52490609999995
2014-07-23T00:00:00Z,-645.3485519299998
2014-07-22T00:00:00Z,514.2049728100001
2014-07-21T00:00:00Z,1463.70752378
2014-07-20T00:00:00Z,-690.3057237199998
2014-07-19T00:00:00Z,269.28235706999976
2014-07-18T00:00:00Z,310.87995701
2014-07-17T00:00:00Z,591.84948652
2014-07-16T00:00:00Z,4030.5054444299994
2014-07-15T00:00:00Z,789.8853934499998
2014-07-14T00:00:00Z,1380.77180233
2014-07-13T00:00:00Z,970.2472972099999
2014-07-12T00:00:00Z,1051.6610919999998
2014-07-11T00:00:00Z,-46.211619260000134
2014-07-10T00:00:00Z,156.03872588000013
2014-07-09T00:00:00Z,-36.47282747999998
2014-07-08T00:00:00Z,489.59936883000023
2014-07-07T00:00:00Z,980.07197675
2014-07-06T00:00:00Z,549.4990305200001
2014-07-05T00:00:00Z,102.73826919999988
2014-07-04T00:00:00Z,2694.01396132
2014-07-03T00:00:00Z,987.5754482800003
2014-07-02T00:00:00Z,1298.55584332
2014-07-01T00:00:00Z,278.6287509599997
2014-06-30T00:00:00Z,4608.57406757
2014-06-29T00:00:00Z,321.7434669800002
2014-06-28T00:00:00Z,-57.45897325999999
2014-06-27T00:00:00Z,378.87457988000006
2014-06-26T00:00:00Z,-209.0910105600001
2014-06-25T00:00:00Z,520.1654452700004
2014-06-24T00:00:00Z,665.9204012299997
2014-06-23T00:00:00Z,961.65747926
2014-06-22T00:00:00Z,418.63169560999995
2014-06-21T00:00:00Z,37.426778959999865
2014-06-20T00:00:00Z,64.51265609000029
2014-06-19T00:00:00Z,457.0865173699999
2014-06-18T00:00:00Z,178.25625434999984
2014-06-17T00:00:00Z,-347.8934633599997
2014-06-16T00:00:00Z,392.70937714000024
2014-06-15T00:00:00Z,541.47527317
2014-06-14T00:00:00Z,-132.64153205000002
2014-06-13T00:00:00Z,90.71509627000023
2014-06-12T00:00:00Z,68661.37331228
2014-06-11T00:00:00Z,66536.24520804
2014-06-10T00:00:00Z,27155.64458229
2014-06-09T00:00:00Z,172.69602815999997
2014-06-08T00:00:00Z,-107.48877807000008
2014-06-07T00:00:00Z,40.746518950000336
2014-06-06T00:00:00Z,252.78342009999983
2014-06-05T00:00:00Z,1028.3398782799995
2014-06-04T00:00:00Z,104.5657314099999
2014-06-03T00:00:00Z,-743.0820816099999
2014-06-02T00:00:00Z,1970.1563691399997
2014-06-01T00:00:00Z,815.58092414
2014-05-31T00:00:00Z,364.83846208999967
2014-05-30T00:00:00Z,177.70866320000005
2014-05-29T00:00:00Z,552.2195856500002
2014-05-28T00:00:00Z,954.0037377399999
2014-05-27T00:00:00Z,191.43562961000043
2014-05-26T00:00:00Z,-420.9398017899998
2014-05-25T00:00:00Z,196.62402601000008
2014-05-24T00:00:00Z,594.2583688599998
2014-05-23T00:00:00Z,607.0344620599999
2014-05-22T00:00:00Z,57.803179439999894
2014-05-21T00:00:00Z,-38.97265988999993
2014-05-20T00:00:00Z,599.6602747500001
2014-05-19T00:00:00Z,428.3635641400001
2014-05-18T00:00:00Z,374.47580030000006
2014-05-17T00:00:00Z,24.407982110000148
2014-05-16T00:00:00Z,1119.9168381499994
2014-05-15T00:00:00Z,1092.4042464699996
2014-05-14T00:00:00Z,349.38401153999985
2014-05-13T00:00:00Z,378.27955565
2014-05-12T00:00:00Z,164.16097587000013
2014-05-11T00:00:00Z,317.3336556700001
2014-05-10T00:00:00Z,-206.63540278000005
2014-05-09T00:00:00Z,221.84229131000006
2014-05-08T00:00:00Z,198.85965312999997
2014-05-07T00:00:00Z,63.91545937999945
2014-05-06T00:00:00Z,52.71745580000015
2014-05-05T00:00:00Z,495.81403680000017
2014-05-04T00:00:00Z,536.0111345099999
2014-05-03T00:00:00Z,-104.17524046000005
2014-05-02T00:00:00Z,158.8509349299984
2014-05-01T00:00:00Z,248.32726876000015
2014-04-30T00:00:00Z,424.2722455799999
2014-04-29T00:00:00Z,1874.3728070300003
2014-04-28T00:00:00Z,-676.9223215
2014-04-27T00:00:00Z,-479.78472310000006
2014-04-26T00:00:00Z,176.69573543
2014-04-25T00:00:00Z,-75.2577831399999
2014-04-24T00:00:00Z,-70.97090419999995
2014-04-23T00:00:00Z,666.09916021
2014-04-22T00:00:00Z,289.02071072000035
2014-04-21T00:00:00Z,120.66776699999991
2014-04-20T00:00:00Z,-288.2283561100003
2014-04-19T00:00:00Z,327.8337951200001
2014-04-18T00:00:00Z,477.7903599500005
2014-04-17T00:00:00Z,1405.27465492
2014-04-16T00:00:00Z,183.71856189999994
2014-04-15T00:00:00Z,164.26945832
2014-04-14T00:00:00Z,17.812543449999794
2014-04-13T00:00:00Z,-205.63596370000005
2014-04-12T00:00:00Z,653.74653435
2014-04-11T00:00:00Z,-254.76318520000018
2014-04-10T00:00:00Z,577.9501158899998
2014-04-09T00:00:00Z,199.11902069999996
2014-04-08T00:00:00Z,-38.9746230400001
2014-04-07T00:00:00Z,-55.07135975999972
2014-04-06T00:00:00Z,1420.6698173699997
2014-04-05T00:00:00Z,690.8587525999992
2014-04-04T00:00:00Z,228.7016157500002
2014-04-03T00:00:00Z,168.21757200000002
2014-04-02T00:00:00Z,-395.04580280999994
2014-04-01T00:00:00Z,1132.85261178
2014-03-31T00:00:00Z,1594.7620475800004
2014-03-30T00:00:00Z,-13.928410389999954
2014-03-29T00:00:00Z,2050.41521408
2014-03-28T00:00:00Z,1350.4500105199986
2014-03-27T00:00:00Z,3248.7830197599997
2014-03-26T00:00:00Z,1028.2812501600001
2014-03-25T00:00:00Z,-100.24604733999968
2014-03-24T00:00:00Z,970.55348187
2014-03-23T00:00:00Z,175.0555496500001
2014-03-22T00:00:00Z,-782.2928165399999
2014-03-21T00:00:00Z,2127.5708585
2014-03-20T00:00:00Z,-156.39637243999994
2014-03-19T00:00:00Z,-1383.7120335599998
2014-03-18T00:00:00Z,1762.6425769899997
2014-03-17T00:00:00Z,184.09937261000005
2014-03-16T00:00:00Z,315.68293441000003
2014-03-15T00:00:00Z,262.94020307999995
2014-03-14T00:00:00Z,102.16800326999999
2014-03-13T00:00:00Z,-38.86519946999999
2014-03-12T00:00:00Z,1452.9177351100006
2014-03-11T00:00:00Z,-152.67293265
2014-03-10T00:00:00Z,233.0247284799998
2014-03-09T00:00:00Z,-112.44079274
2014-03-08T00:00:00Z,51.563730700000065
2014-03-07T00:00:00Z,-244.1994740099999
2014-03-06T00:00:00Z,175.52430769000011
2014-03-05T00:00:00Z,1553.9607810100001
2014-03-04T00:00:00Z,5406.14733111
2014-03-03T00:00:00Z,-137.89721942999995
2014-03-02T00:00:00Z,428.48540701
2014-03-01T00:00:00Z,93.61734608999996
2014-02-28T00:00:00Z,-83.2835902999999
2014-02-27T00:00:00Z,650.27637181
2014-02-26T00:00:00Z,-32.537110170000005
2014-02-25T00:00:00Z,19670.30435578
2014-02-24T00:00:00Z,1525.57418111
2014-02-23T00:00:00Z,270.7805977999999
2014-02-22T00:00:00Z,2289.77899782
2014-02-21T00:00:00Z,631.99043723
2014-02-20T00:00:00Z,595.7047722699999
2014-02-19T00:00:00Z,182.71437745999992
2014-02-18T00:00:00Z,357.05776665999997
2014-02-17T00:00:00Z,3133.10792469
2014-02-16T00:00:00Z,3375.3645409000005
2014-02-15T00:00:00Z,187.81497778000005
2014-02-14T00:00:00Z,19.581693950000044
2014-02-13T00:00:00Z,368.4189130199999
2014-02-12T00:00:00Z,638.8436004100001
2014-02-11T00:00:00Z,1940.08351046
2014-02-10T00:00:00Z,787.1601803200001
2014-02-09T00:00:00Z,-358.14308601
2014-02-08T00:00:00Z,-134.14202831
2014-02-07T00:00:00Z,3270.56717801
2014-02-06T00:00:00Z,-53.30064589999995
2014-02-05T00:00:00Z,42.08806570999991
2014-02-04T00:00:00Z,197.10980772000016
2014-02-03T00:00:00Z,53.29210906000003
2014-02-02T00:00:00Z,416.34010526
2014-02-01T00:00:00Z,514.6378534400001
2014-01-31T00:00:00Z,350.59400216
2014-01-30T00:00:00Z,1085.76389553
2014-01-29T00:00:00Z,965.9974253299999
2014-01-28T00:00:00Z,183.86864058999998
2014-01-27T00:00:00Z,3282.40470454
2014-01-26T00:00:00Z,-218.52891601
2014-01-25T00:00:00Z,-387.6301935
2014-01-24T00:00:00Z,76.30298969
2014-01-23T00:00:00Z,117.30778867000004
2014-01-22T00:00:00Z,296.04495398999995
2014-01-21T00:00:00Z,-251.97189502999993
2014-01-20T00:00:00Z,244.67886180999994
2014-01-19T00:00:00Z,1184.6352559
2014-01-18T00:00:00Z,587.87527116
2014-01-17T00:00:00Z,1549.04143463
2014-01-16T00:00:00Z,173.44466151999995
2014-01-15T00:00:00Z,19.201774139999998
2014-01-14T00:00:00Z,39.364210790000016
2014-01-13T00:00:00Z,148.6815711399995
2014-01-12T00:00:00Z,724.00540495
2014-01-11T00:00:00Z,666.2804079
2014-01-10T00:00:00Z,-274.47361126000004
2014-01-09T00:00:00Z,333.51843864000006
2014-01-08T00:00:00Z,62.943974000000026
2014-01-07T00:00:00Z,533.9692387800001
2014-01-06T00:00:00Z,1785.7833289199998
2014-01-05T00:00:00Z,611.9333752800001
2014-01-04T00:00:00Z,-73.25623419000004
2014-01-03T00:00:00Z,128.1811774000007
2014-01-02T00:00:00Z,74.43124635000004
2014-01-01T00:00:00Z,189.48554383000004
2013-12-31T00:00:00Z,-532.3180337800002
2013-12-30T00:00:00Z,3997.3419630400003
2013-12-29T00:00:00Z,-355.83327069999996
2013-12-28T00:00:00Z,-379.07691856
2013-12-27T00:00:00Z,79.23762766999994
2013-12-26T00:00:00Z,79.56039050000004
2013-12-25T00:00:00Z,2092.6467347899998
2013-12-24T00:00:00Z,141.37115219999998
2013-12-23T00:00:00Z,174.51893645000007
2013-12-22T00:00:00Z,409.92779628
2013-12-21T00:00:00Z,1685.82064301
2013-12-20T00:00:00Z,-352.03475841
2013-12-19T00:00:00Z,-87.26207148999993
2013-12-18T00:00:00Z,983.7771755899998
2013-12-17T00:00:00Z,470.3980909900001
2013-12-16T00:00:00Z,182.90001557999994
2013-12-15T00:00:00Z,-394.92648038000016
2013-12-14T00:00:00Z,98.98867898999998
2013-12-13T00:00:00Z,3094.00157208
2013-12-12T00:00:00Z,-68.47523515
2013-12-11T00:00:00Z,596.1063212900001
2013-12-10T00:00:00Z,-42.477929060000065
2013-12-09T00:00:00Z,-69.49354915000004
2013-12-08T00:00:00Z,6512.16089479
2013-12-07T00:00:00Z,326.18648437
2013-12-06T00:00:00Z,1160.5641191400002
2013-12-05T00:00:00Z,153.82174897999994
2013-12-04T00:00:00Z,140.14528959
2013-12-03T00:00:00Z,-633.9717401199999
2013-12-02T00:00:00Z,-80.99638207000004
2013-12-01T00:00:00Z,741.1721529600001
2013-11-30T00:00:00Z,36.0923910800002
2013-11-29T00:00:00Z,198.84200231000432
2013-11-28T00:00:00Z,-699.07070156
2013-11-27T00:00:00Z,681.1002181000003
2013-11-26T00:00:00Z,54806.75302923001
2013-11-25T00:00:00Z,108.82328777000009
2013-11-24T00:00:00Z,25.572087739999915
2013-11-23T00:00:00Z,18795.017759320002
2013-11-22T00:00:00Z,721.50569279
2013-11-21T00:00:00Z,-585.50981138
2013-11-20T00:00:00Z,508.1395607499999
2013-11-19T00:00:00Z,-900.8493459300001
2013-11-18T00:00:00Z,338.52709159999995
2013-11-17T00:00:00Z,57.05671571000005
2013-11-16T00:00:00Z,488.83538094999994
2013-11-15T00:00:00Z,-24.743972509999992
2013-11-14T00:00:00Z,-2826.3347045600003
2013-11-13T00:00:00Z,3018.8777231
2013-11-12T00:00:00Z,-874.6301806199999
2013-11-11T00:00:00Z,42.00422319000006
2013-11-10T00:00:00Z,729.7309543900001
2013-11-09T00:00:00Z,-725.8965993999999
2013-11-08T00:00:00Z,883.7184697299999
2013-11-07T00:00:00Z,-830.9505581100002
2013-11-06T00:00:00Z,831.8303767599999
2013-11-05T00:00:00Z,-472.35081864999984
2013-11-04T00:00:00Z,99.78756614999998
2013-11-03T00:00:00Z,99.85066921999999
2013-11-02T00:00:00Z,87.38365259
2013-11-01T00:00:00Z,103.73968104
2013-10-31T00:00:00Z,1176.91646662
2013-10-30T00:00:00Z,51.04050147999999
2013-10-29T00:00:00Z,-32.51101234000001
2013-10-28T00:00:00Z,-130.72299155000002
2013-10-27T00:00:00Z,29.642998509999998
2013-10-26T00:00:00Z,-20.573853810000003
2013-10-25T00:00:00Z,150.67741352999997
2013-10-24T00:00:00Z,320.08713041
2013-10-23T00:00:00Z,-682.12463445
2013-10-22T00:00:00Z,-525.88303842
2013-10-21T00:00:00Z,1552.82892514
2013-10-20T00:00:00Z,11.569506939999997
2013-10-19T00:00:00Z,160.96658440000002
2013-10-18T00:00:00Z,119.65157292000002
2013-10-17T00:00:00Z,-13.714768499999991
2013-10-16T00:00:00Z,-23.565792990000006
2013-10-15T00:00:00Z,42.186199699999975
2013-10-14T00:00:00Z,99.68957400999997
2013-10-13T00:00:00Z,40.025932090000026
2013-10-12T00:00:00Z,23.94751088999999
2013-10-11T00:00:00Z,21.726421700000003
2013-10-10T00:00:00Z,120.93881940000006
2013-10-09T00:00:00Z,-3.4069507399999566
2013-10-08T00:00:00Z,-53.171743529999986
2013-10-07T00:00:00Z,46.91605588
2013-10-06T00:00:00Z,-28.760922109999996
2013-10-05T00:00:00Z,55.53055144999985
2013-10-04T00:00:00Z,45.41806651
2013-10-03T00:00:00Z,268.5361354500001
2013-10-02T00:00:00Z,72.57138748999998
2013-10-01T00:00:00Z,-41.70843396999999
2013-09-30T00:00:00Z,-138.56307830000003
2013-09-29T00:00:00Z,-86.01723140000001
2013-09-28T00:00:00Z,-34.603811570000005
2013-09-27T00:00:00Z,581.15192388
2013-09-26T00:00:00Z,73.35707391
2013-09-25T00:00:00Z,143.58341906
2013-09-24T00:00:00Z,-0.8557552000000044
2013-09-23T00:00:00Z,21.244792450000006
2013-09-22T00:00:00Z,31.715992169999993
2013-09-21T00:00:00Z,-7.789421450000006
2013-09-20T00:00:00Z,-17.67538675
2013-09-19T00:00:00Z,38.96218223000005
2013-09-18T00:00:00Z,-4.79544297999999
2013-09-17T00:00:00Z,38.70633724000004
2013-09-16T00:00:00Z,3.470373689999974
2013-09-15T00:00:00Z,2.497810389999998
2013-09-14T00:00:00Z,-1004.8092508799998
2013-09-13T00:00:00Z,929.3507966799998
2013-09-12T00:00:00Z,97.26963043
2013-09-11T00:00:00Z,-99.04155698999999
2013-09-10T00:00:00Z,206.60858194
2013-09-09T00:00:00Z,8.912104150000005
2013-09-08T00:00:00Z,7.850371060000008
2013-09-07T00:00:00Z,1.6334537200000057
2013-09-06T00:00:00Z,80.18922012000002
2013-09-05T00:00:00Z,-3.424438940000016
2013-09-04T00:00:00Z,5.348309999999998
2013-09-03T00:00:00Z,-1.4249813299999943
2013-09-02T00:00:00Z,-2.2467777200000114
2013-09-01T00:00:00Z,-3.9836713200000062
2013-08-31T00:00:00Z,11.292448610000008
2013-08-30T00:00:00Z,81.27267586000005
2013-08-29T00:00:00Z,97.36614639000001
2013-08-28T00:00:00Z,16.07739322999987
2013-08-27T00:00:00Z,19.21705347000011
2013-08-26T00:00:00Z,-8.011323750000003
2013-08-25T00:00:00Z,15.215205400000002
2013-08-24T00:00:00Z,0.106539319999996
2013-08-23T00:00:00Z,-1.8332235699999728
2013-08-22T00:00:00Z,-33.05580212000041
2013-08-21T00:00:00Z,33.246586260000015
2013-08-20T00:00:00Z,-704.9004926099999
2013-08-19T00:00:00Z,633.74641742
2013-08-18T00:00:00Z,68.68922286
2013-08-17T00:00:00Z,-24967.029432530002
2013-08-16T00:00:00Z,7.123829620000009
2013-08-15T00:00:00Z,15.73581406999999
2013-08-14T00:00:00Z,4739.971552720001
2013-08-13T00:00:00Z,1004.92340058
2013-08-12T00:00:00Z,10.133840030000002
2013-08-11T00:00:00Z,141.41329733
2013-08-10T00:00:00Z,4249.68853535
2013-08-09T00:00:00Z,22.241096080000005
2013-08-08T00:00:00Z,70.70365897
2013-08-07T00:00:00Z,4005.16411341
2013-08-06T00:00:00Z,-7.016839570000002
2013-08-05T00:00:00Z,4086.06897754
2013-08-04T00:00:00Z,8.12752279
2013-08-03T00:00:00Z,6596.51352685
2013-08-02T00:00:00Z,-6.640090720000003
2013-08-01T00:00:00Z,34.771464080000015
2013-07-31T00:00:00Z,-6.5731455499999925
2013-07-30T00:00:00Z,6.257171279999994
2013-07-29T00:00:00Z,-9.379426049999893
2013-07-28T00:00:00Z,11.358730040000012
2013-07-27T00:00:00Z,-9.354088619999999
2013-07-26T00:00:00Z,19.456166359999997
2013-07-25T00:00:00Z,-6.407033339999998
2013-07-24T00:00:00Z,-3.0373318799999964
2013-07-23T00:00:00Z,4.258770830000003
2013-07-22T00:00:00Z,-0.8816176499999955
2013-07-21T00:00:00Z,-15.237329649999992
2013-07-20T00:00:00Z,7.554941410000026
2013-07-19T00:00:00Z,7.9562196000006224
2013-07-18T00:00:00Z,5.306412530000003
2013-07-17T00:00:00Z,-7.784003480000003
2013-07-16T00:00:00Z,-4.2621648200000095
2013-07-15T00:00:00Z,2.093497020000001
2013-07-14T00:00:00Z,-1.03706765000004
2013-07-13T00:00:00Z,1.9021321299999272
2013-07-12T00:00:00Z,3.95402396999998
2013-07-11T00:00:00Z,2.749074260000043
2013-07-10T00:00:00Z,-10.72275905999959
2013-07-09T00:00:00Z,3.607675640000025
2013-07-08T00:00:00Z,2.673573509999997
2013-07-07T00:00:00Z,6.621194689999982
2013-07-06T00:00:00Z,-19.542763560000004
2013-07-05T00:00:00Z,15.207259190000002
2013-07-04T00:00:00Z,-7.297416929999997
2013-07-03T00:00:00Z,12.178905360000016
2013-07-02T00:00:00Z,-9.79615389
2013-07-01T00:00:00Z,-37.939886910000006
2013-06-30T00:00:00Z,41.16382255
2013-06-29T00:00:00Z,7.614167139999999
2013-06-28T00:00:00Z,-3.6193075900000053
2013-06-27T00:00:00Z,0.5609767000000012
2013-06-26T00:00:00Z,-3.5445454400000003
2013-06-25T00:00:00Z,7.939138740000004
2013-06-24T00:00:00Z,-0.6479664199999888
2013-06-23T00:00:00Z,-2.72858308
2013-06-22T00:00:00Z,-2.6556877499999985
2013-06-21T00:00:00Z,-11.27126294000118
2013-06-20T00:00:00Z,9.75143215
2013-06-19T00:00:00Z,-8.567024689999997
2013-06-18T00:00:00Z,-38.69813264000001
2013-06-17T00:00:00Z,45.31283739
2013-06-16T00:00:00Z,5000.74227205
2013-06-15T00:00:00Z,-2.397231280000028
2013-06-14T00:00:00Z,-113.34509883
2013-06-13T00:00:00Z,117.8917038300001
2013-06-12T00:00:00Z,-1.6974129199999908
2013-06-11T00:00:00Z,3.680384089999997
2013-06-10T00:00:00Z,2.9113492800000103
2013-06-09T00:00:00Z,-3.977531759999998
2013-06-08T00:00:00Z,5.354916549999999
2013-06-07T00:00:00Z,0.5062522999999999
2013-06-06T00:00:00Z,-0.24348618999999871
2013-06-05T00:00:00Z,2.7217713500000045
2013-06-04T00:00:00Z,-9.147467550000002
2013-06-03T00:00:00Z,-1.1578858999999966
2013-06-02T00:00:00Z,5.993294439999996
2013-06-01T00:00:00Z,1.6339772299999993
2013-05-31T00:00:00Z,-4.46592515
2013-05-30T00:00:00Z,1.8255340899999908
2013-05-29T00:00:00Z,4.023748830000002
2013-05-28T00:00:00Z,0.5739619000000005
2013-05-27T00:00:00Z,-3.17892436
2013-05-26T00:00:00Z,1.65336222
2013-05-25T00:00:00Z,5.011117840000001
2013-05-24T00:00:00Z,1.7936312799999996
2013-05-23T00:00:00Z,-4.66269999
2013-05-22T00:00:00Z,7.502356059999997
2013-05-21T00:00:00Z,-5.560137389999994
2013-05-20T00:00:00Z,-2.982073349999993
2013-05-19T00:00:00Z,4.271798860000004
2013-05-18T00:00:00Z,-3.2091913000000005
2013-05-17T00:00:00Z,-25.796710870000027
2013-05-16T00:00:00Z,21.57367646
2013-05-15T00:00:00Z,3.7124836499999674
2013-05-14T00:00:00Z,0.05725637999999833
2013-05-13T00:00:00Z,5.528106229999999
2013-05-12T00:00:00Z,-11.26449865
2013-05-11T00:00:00Z,14.639669990000005
2013-05-10T00:00:00Z,-9.74735249
2013-05-09T00:00:00Z,2.7183808399999805
2013-05-08T00:00:00Z,7.769633820000003
2013-05-07T00:00:00Z,1.7126027499999985
2013-05-06T00:00:00Z,-0.49229632000000123
2013-05-05T00:00:00Z,-0.911455140000001
2013-05-04T00:00:00Z,-2.7393117599999997
2013-05-03T00:00:00Z,0.9382213400000055
2013-05-02T00:00:00Z,3.643887460000002
2013-05-01T00:00:00Z,-2.102919269999987
2013-04-30T00:00:00Z,2.7216801900000007
2013-04-29T00:00:00Z,2.789941899999995
2013-04-28T00:00:00Z,-22.198802920000002
2013-04-27T00:00:00Z,21.972266199999996
2013-04-26T00:00:00Z,3.8892213000000027
2013-04-25T00:00:00Z,0.5257900099999997
2013-04-24T00:00:00Z,-3.6592997900000057
2013-04-23T00:00:00Z,-0.32015303000000017
2013-04-22T00:00:00Z,1.7322243999999998
2013-04-21T00:00:00Z,-1.4082325899999972
2013-04-20T00:00:00Z,-28.946464799999994
2013-04-19T00:00:00Z,32.7448285
2013-04-18T00:00:00Z,-5.5952732299999965
2013-04-17T00:00:00Z,5.405646589999989
2013-04-16T00:00:00Z,-1.8837956099999928
2013-04-15T00:00:00Z,0.6048678500000051
2013-04-14T00:00:00Z,3.56829104
2013-04-13T00:00:00Z,1.5633987900000008
2013-04-12T00:00:00Z,-1.9615169000000066
2013-04-11T00:00:00Z,2.550481600000012
2013-04-10T00:00:00Z,-4.019505940000002
2013-04-09T00:00:00Z,3.6171991399999968
2013-04-08T00:00:00Z,-0.9348389900000029
2013-04-07T00:00:00Z,-5.340764069999992
2013-04-06T00:00:00Z,1.9396597400000033
2013-04-05T00:00:00Z,1.294646389999997
2013-04-04T00:00:00Z,-1.1284875999999997
2013-04-03T00:00:00Z,51.382131389999984
2013-04-02T00:00:00Z,-0.1808406600000012
2013-04-01T00:00:00Z,0.26340039999999476
2013-03-31T00:00:00Z,0.07324796999999972
2013-03-30T00:00:00Z,-0.3153225199999987
2013-03-29T00:00:00Z,-7.03455074
2013-03-28T00:00:00Z,-3.339442649999995
2013-03-27T00:00:00Z,9.457658120000005
2013-03-26T00:00:00Z,0.03470295999999884
2013-03-25T00:00:00Z,-16.2113748
2013-03-24T00:00:00Z,-14.72598014
2013-03-23T00:00:00Z,-83.63772114
2013-03-22T00:00:00Z,63.93024394
2013-03-21T00:00:00Z,22.3436398
2013-03-20T00:00:00Z,12.498055700000002
2013-03-19T00:00:00Z,19.19186625
2013-03-18T00:00:00Z,-8.88853394
2013-03-17T00:00:00Z,8.213549839999999
2013-03-16T00:00:00Z,-5.98081672
2013-03-15T00:00:00Z,6.326925729999999
2013-03-14T00:00:00Z,-1.4325900699999998
2013-03-13T00:00:00Z,2.03984599
2013-03-12T00:00:00Z,0.7292641700000004
2013-03-11T00:00:00Z,0.08360777000000041
2013-03-10T00:00:00Z,0.042846289999999954
2013-03-09T00:00:00Z,-0.5953509599999904
2013-03-08T00:00:00Z,0.4538198000000051
2013-03-07T00:00:00Z,-1.5400608800000004
2013-03-06T00:00:00Z,-4.803731260000006
2013-03-05T00:00:00Z,7.254944269999996
2013-03-04T00:00:00Z,-1.8144425799999908
2013-03-03T00:00:00Z,1.2053408699999997
2013-03-02T00:00:00Z,0.4130276999999998
2013-03-01T00:00:00Z,-0.7264353799999981
2013-02-28T00:00:00Z,0.04750891000000124
2013-02-27T00:00:00Z,0.17226799999999898
2013-02-26T00:00:00Z,-0.15326614999999855
2013-02-25T00:00:00Z,56873.20149665
2013-02-24T00:00:00Z,-2.99745677
2013-02-23T00:00:00Z,0.08466106000000018
2013-02-22T00:00:00Z,-0.31257632999999996
2013-02-21T00:00:00Z,-0.5367166900000004
2013-02-20T00:00:00Z,0.5382305999999994
2013-02-19T00:00:00Z,-1.0746178400000002
2013-02-18T00:00:00Z,0.7001820599999999
2013-02-17T00:00:00Z,-7.447111540000001
2013-02-16T00:00:00Z,7.88108916
2013-02-15T00:00:00Z,0.41680121000000003
2013-02-14T00:00:00Z,-1.008168089999998
2013-02-13T00:00:00Z,0.73179635
2013-02-12T00:00:00Z,-0.47002613999999987
2013-02-11T00:00:00Z,1.1068044200000031
2013-02-10T00:00:00Z,-0.3932573000000019
2013-02-09T00:00:00Z,0.65615749
2013-02-08T00:00:00Z,1.0016028200000022
2013-02-07T00:00:00Z,-1.0732916800000005
2013-02-06T00:00:00Z,0.07775954999999612
2013-02-05T00:00:00Z,-0.6930773299999995
2013-02-04T00:00:00Z,0.01827500000000093
2013-02-03T00:00:00Z,-1.46565726
2013-02-02T00:00:00Z,1.9362882299999997
2013-02-01T00:00:00Z,-1489.95197054
2013-01-31T00:00:00Z,0.52525902
2013-01-30T00:00:00Z,0.39594631999999974
2013-01-29T00:00:00Z,0.7160061499999992
2013-01-28T00:00:00Z,0.6881720599999994
2013-01-27T00:00:00Z,-0.15163042000000004
2013-01-26T00:00:00Z,-0.3539773999999998
2013-01-25T00:00:00Z,0.3784953299999998
2013-01-24T00:00:00Z,0.4834889900000001
2013-01-23T00:00:00Z,-8.303342449999999
2013-01-22T00:00:00Z,0.2519840499999999
2013-01-21T00:00:00Z,3.80460843
2013-01-20T00:00:00Z,-0.28688859999999994
2013-01-19T00:00:00Z,0.1081790499999995
2013-01-18T00:00:00Z,0.19613569999999925
2013-01-17T00:00:00Z,-2.49483338
2013-01-16T00:00:00Z,1.1535707
2013-01-15T00:00:00Z,-3.34440932
2013-01-14T00:00:00Z,3.7765779
2013-01-13T00:00:00Z,-0.28149979
2013-01-12T00:00:00Z,0.64305284
2013-01-11T00:00:00Z,-3.16863872
2013-01-10T00:00:00Z,-1.8204958800000002
2013-01-09T00:00:00Z,5.470795560000001
2013-01-08T00:00:00Z,-7.5319897099999995
2013-01-07T00:00:00Z,7.289114209999999
2013-01-06T00:00:00Z,-0.8226701900000002
2013-01-05T00:00:00Z,0.5457724700000002
2013-01-04T00:00:00Z,-9.409156480000002
2013-01-03T00:00:00Z,9.33064201
2013-01-02T00:00:00Z,-1.7648582300000006
2013-01-01T00:00:00Z,-2.0560674
2012-12-31T00:00:00Z,4.521966279999999
2012-12-30T00:00:00Z,0.5745476499999995
2012-12-29T00:00:00Z,-5.330910079999995
2012-12-28T00:00:00Z,1.9033677300000011
2012-12-27T00:00:00Z,2.226668440000001
2012-12-26T00:00:00Z,0.9609693699999999
2012-12-25T00:00:00Z,1053.2478340700002
2012-12-24T00:00:00Z,-0.27612254
2012-12-23T00:00:00Z,0.22762738000000038
2012-12-22T00:00:00Z,-3.2219467
2012-12-21T00:00:00Z,4.5439960600000004
2012-12-20T00:00:00Z,0.04263539999999999
2012-12-19T00:00:00Z,-15.31439301
2012-12-18T00:00:00Z,13.41720075
2012-12-17T00:00:00Z,2.8547703999999996
2012-12-16T00:00:00Z,-5.064573460000002
2012-12-15T00:00:00Z,4.109753679999997
2012-12-14T00:00:00Z,0.5303943500000088
2012-12-13T00:00:00Z,-4052.22127118
2012-12-12T00:00:00Z,-0.8777981300000022
2012-12-11T00:00:00Z,-0.4209630699999991
2012-12-10T00:00:00Z,-999.39595429
2012-12-09T00:00:00Z,-1503.79297659
2012-12-08T00:00:00Z,3.89716461
2012-12-07T00:00:00Z,-0.5909194700000002
2012-12-06T00:00:00Z,-3.977903900000001
2012-12-05T00:00:00Z,-999.9894981799999
2012-12-04T00:00:00Z,4.01697158
2012-12-03T00:00:00Z,-11.11339568
2012-12-02T00:00:00Z,10.13178784
2012-12-01T00:00:00Z,-0.6341448200000004
2012-11-30T00:00:00Z,-3.213771259999998
2012-11-29T00:00:00Z,-41.39857396000001
2012-11-28T00:00:00Z,46.284064439999995
2012-11-27T00:00:00Z,0.38006043000000034
2012-11-26T00:00:00Z,-1.934823129999998
2012-11-25T00:00:00Z,1.5331958600000002
2012-11-24T00:00:00Z,0.19730494
2012-11-23T00:00:00Z,-0.44146512000000016
2012-11-22T00:00:00Z,-1.7373627200000001
2012-11-21T00:00:00Z,1.51256777
2012-11-20T00:00:00Z,-0.09110666999999997
2012-11-19T00:00:00Z,-16.24361048
2012-11-18T00:00:00Z,16.103626430000002
2012-11-17T00:00:00Z,-2.543150260000001
2012-11-16T00:00:00Z,1.61846003
2012-11-15T00:00:00Z,0.5352111900000001
2012-11-14T00:00:00Z,0.5931813
2012-11-13T00:00:00Z,0.65425855
2012-11-12T00:00:00Z,0.01357572
2012-11-11T00:00:00Z,-1.5006012599999998
2012-11-10T00:00:00Z,2.15674904
2012-11-09T00:00:00Z,0.59277558
2012-11-08T00:00:00Z,1.09961957
2012-11-07T00:00:00Z,-23.251199040000003
2012-11-06T00:00:00Z,-0.7742103399999998
2012-11-05T00:00:00Z,0.01810518
2012-11-04T00:00:00Z,1.54512163
2012-11-03T00:00:00Z,3.801777549999997
2012-11-02T00:00:00Z,14.550410680000002
2012-11-01T00:00:00Z,-0.6431658899999997
2012-10-31T00:00:00Z,5.854728690000002
2012-10-30T00:00:00Z,2.7744199999999997
2012-10-29T00:00:00Z,0.026594909999999805
2012-10-28T00:00:00Z,1.1659822800000015
2012-10-27T00:00:00Z,-1.3638866699999994
2012-10-26T00:00:00Z,-12.812023019999998
2012-10-25T00:00:00Z,0.5383884600000002
2012-10-24T00:00:00Z,17.8496306
2012-10-23T00:00:00Z,1.14354994
2012-10-22T00:00:00Z,1.264016719999999
2012-10-21T00:00:00Z,-21.11967387
2012-10-20T00:00:00Z,1.1855204399999977
2012-10-19T00:00:00Z,1.1479757800000001
2012-10-18T00:00:00Z,0.22489135999999732
2012-10-17T00:00:00Z,-9.83704281
2012-10-16T00:00:00Z,10.953640459999995
2012-10-15T00:00:00Z,1.0793354699999966
2012-10-14T00:00:00Z,1.3814790399999985
2012-10-13T00:00:00Z,-0.7899066499999989
2012-10-12T00:00:00Z,1.961606470000003
2012-10-11T00:00:00Z,-23.439552780000003
2012-10-10T00:00:00Z,0.5891759900000011
2012-10-09T00:00:00Z,-0.015173710000006224
2012-10-08T00:00:00Z,21.1751491
2012-10-07T00:00:00Z,-0.3147159299999984
2012-10-06T00:00:00Z,-11.905755780000007
2012-10-05T00:00:00Z,-3.9631711800000033
2012-10-04T00:00:00Z,-109.24367914
2012-10-03T00:00:00Z,0.9670752000000036
2012-10-02T00:00:00Z,0.36374660999999264
2012-10-01T00:00:00Z,1.19879214
2012-09-30T00:00:00Z,1.1551383400000006
2012-09-29T00:00:00Z,0.8709862800000003
2012-09-28T00:00:00Z,16.134041420000003
2012-09-27T00:00:00Z,7.845261409999999
2012-09-26T00:00:00Z,-55.20864038
2012-09-25T00:00:00Z,71.62058585
2012-09-24T00:00:00Z,52.23998607
2012-09-23T00:00:00Z,-0.011497519999998929
2012-09-22T00:00:00Z,10.708675839999998
2012-09-21T00:00:00Z,1.1867006800000013
2012-09-20T00:00:00Z,0.5320495000000001
2012-09-19T00:00:00Z,4.32381814
2012-09-18T00:00:00Z,2.318402329999998
2012-09-17T00:00:00Z,19.483296300000003
2012-09-16T00:00:00Z,2.6630374999999997
2012-09-15T00:00:00Z,2.7475353399999998
2012-09-14T00:00:00Z,12.42076496
2012-09-13T00:00:00Z,0.32847017
2012-09-12T00:00:00Z,5.48975564
2012-09-11T00:00:00Z,7.851373100000001
2012-09-10T00:00:00Z,1.88106165
2012-09-09T00:00:00Z,-0.09573485
2012-09-08T00:00:00Z,0.96208436
2012-09-07T00:00:00Z,-8.93715088
2012-09-06T00:00:00Z,15.36588702
2012-09-05T00:00:00Z,1.48955152
2012-09-04T00:00:00Z,49.06971617
2012-09-03T00:00:00Z,11.02892358
2012-09-02T00:00:00Z,8.61460033
2012-09-01T00:00:00Z,2.55250313
2012-08-31T00:00:00Z,6.1874123999999995
2012-08-30T00:00:00Z,2.77615633
2012-08-29T00:00:00Z,20.78953521
2012-08-28T00:00:00Z,14.63467841
2012-08-27T00:00:00Z,22.75482802
2012-08-26T00:00:00Z,27.59782056
2012-08-25T00:00:00Z,3.2422062200000004
2012-08-24T00:00:00Z,15.79569028
2012-08-23T00:00:00Z,5.70961489
2012-08-22T00:00:00Z,5.24128582
2012-08-21T00:00:00Z,2.60536961
2012-08-20T00:00:00Z,7.107755160000001
2012-08-19T00:00:00Z,7.500461300000001
2012-08-18T00:00:00Z,18.53070304
2012-08-17T00:00:00Z,15.524153060000002
2012-08-16T00:00:00Z,20.235050920000003
2012-08-15T00:00:00Z,3.66542778
2012-08-14T00:00:00Z,21.56853702
2012-08-13T00:00:00Z,20.17470195
2012-08-12T00:00:00Z,4.54794584
2012-08-11T00:00:00Z,12.88265794
2012-08-10T00:00:00Z,19.53693307
2012-08-09T00:00:00Z,41.32592968
2012-08-08T00:00:00Z,6.524507
2012-08-07T00:00:00Z,1.07751892
2012-08-06T00:00:00Z,8.203741410000001
2012-08-05T00:00:00Z,5.46187099
2012-08-04T00:00:00Z,2.09028184
2012-08-03T00:00:00Z,-0.13648418
2012-08-02T00:00:00Z,0.0192
2012-08-01T00:00:00Z,4.28056
2012-07-31T00:00:00Z,19.34005896
2012-07-30T00:00:00Z,16.677499259999998
2012-07-29T00:00:00Z,47.99899119
2012-07-28T00:00:00Z,0.01052635
2012-07-27T00:00:00Z,22.32465178
2012-07-26T00:00:00Z,43.16388645
2012-07-25T00:00:00Z,-1.61915663
2012-07-24T00:00:00Z,28.89389327
2012-07-23T00:00:00Z,5.84959699
2012-07-22T00:00:00Z,3.38094697
2012-07-21T00:00:00Z,15.45630831
2012-07-20T00:00:00Z,5.27420893
2012-07-19T00:00:00Z,-0.08185999999999999
2012-07-18T00:00:00Z,16.40916099
2012-07-17T00:00:00Z,4492.8086203
2012-07-16T00:00:00Z,86.74233718
2012-07-15T00:00:00Z,286.67382713
2012-07-14T00:00:00Z,16.0519843
2012-07-13T00:00:00Z,23.79340433
2012-07-12T00:00:00Z,-19.153209099999998
2012-07-11T00:00:00Z,64.93770065999999
2012-07-10T00:00:00Z,46.32820403
2012-07-09T00:00:00Z,12.348612610000002
2012-07-08T00:00:00Z,24.23435252
2012-07-07T00:00:00Z,41.5948786
2012-07-06T00:00:00Z,477.66654874
2012-07-05T00:00:00Z,3.9555787900000006
2012-07-04T00:00:00Z,3.60390979
2012-07-03T00:00:00Z,4.35378457
2012-07-02T00:00:00Z,18.84645207
2012-07-01T00:00:00Z,467.43959608
2012-06-30T00:00:00Z,457.56947529
2012-06-29T00:00:00Z,338.54251244
2012-06-28T00:00:00Z,33.45762618
2012-06-27T00:00:00Z,13.18
2012-06-26T00:00:00Z,-4768.12141287
2012-06-25T00:00:00Z,24.15198908
2012-06-24T00:00:00Z,34.71209988
2012-06-23T00:00:00Z,19.17552006
2012-06-22T00:00:00Z,20.86955899
2012-06-21T00:00:00Z,407.42994153
2012-06-20T00:00:00Z,28.32247806
2012-06-19T00:00:00Z,0
2012-06-18T00:00:00Z,29.88992601
2012-06-17T00:00:00Z,11.04147985
2012-06-16T00:00:00Z,13.8892441
2012-06-15T00:00:00Z,83.37533242
2012-06-14T00:00:00Z,1
2012-06-13T00:00:00Z,49.70171171
2012-06-12T00:00:00Z,1023.36568645
2012-06-11T00:00:00Z,0
2012-06-10T00:00:00Z,14.0626
2012-06-09T00:00:00Z,0
2012-06-08T00:00:00Z,0
2012-06-07T00:00:00Z,476.4
2012-06-06T00:00:00Z,0.04
2012-06-05T00:00:00Z,67.90313853
2012-06-04T00:00:00Z,20.85083102
2012-06-03T00:00:00Z,0
2012-06-02T00:00:00Z,0
2012-06-01T00:00:00Z,5.63644431
2012-05-31T00:00:00Z,0
2012-05-30T00:00:00Z,186.06144426
2012-05-29T00:00:00Z,4.6
2012-05-28T00:00:00Z,12.86112108
2012-05-27T00:00:00Z,242.6
2012-05-26T00:00:00Z,0
2012-05-25T00:00:00Z,-397.48397000000006
2012-05-24T00:00:00Z,0
2012-05-23T00:00:00Z,0
2012-05-22T00:00:00Z,0
2012-05-21T00:00:00Z,0
2012-05-20T00:00:00Z,-76.88697667999999
2012-05-19T00:00:00Z,354.52
2012-05-18T00:00:00Z,348.068
2012-05-17T00:00:00Z,0
2012-05-16T00:00:00Z,0
2012-05-15T00:00:00Z,0
2012-05-14T00:00:00Z,0.005
2012-05-13T00:00:00Z,0
2012-05-12T00:00:00Z,0.02
2012-05-11T00:00:00Z,467.691
2012-05-10T00:00:00Z,0
2012-05-09T00:00:00Z,0
2012-05-08T00:00:00Z,0
2012-05-07T00:00:00Z,0
2012-05-06T00:00:00Z,0.05
2012-05-05T00:00:00Z,588.174
2012-05-04T00:00:00Z,380.028
2012-05-03T00:00:00Z,102.168
2012-05-02T00:00:00Z,0
2012-05-01T00:00:00Z,65.75
2012-04-30T00:00:00Z,0
2012-04-29T00:00:00Z,0
2012-04-28T00:00:00Z,102.52
2012-04-27T00:00:00Z,0
2012-04-26T00:00:00Z,0
2012-04-25T00:00:00Z,479.856
2012-04-24T00:00:00Z,0
2012-04-23T00:00:00Z,0
2012-04-22T00:00:00Z,0
2012-04-21T00:00:00Z,0
2012-04-20T00:00:00Z,0
2012-04-19T00:00:00Z,0
2012-04-18T00:00:00Z,0
2012-04-17T00:00:00Z,0
2012-04-16T00:00:00Z,0
2012-04-15T00:00:00Z,0
2012-04-14T00:00:00Z,0
2012-04-13T00:00:00Z,0
2012-04-12T00:00:00Z,0
2012-04-11T00:00:00Z,0
2012-04-10T00:00:00Z,0
2012-04-09T00:00:00Z,0
2012-04-08T00:00:00Z,0.02
2012-04-07T00:00:00Z,0.05
2012-04-06T00:00:00Z,0
2012-04-05T00:00:00Z,0
2012-04-04T00:00:00Z,0
2012-04-03T00:00:00Z,0
2012-04-02T00:00:00Z,0.02
