Datetime,Fee-Reward Ratio
2025-06-10T00:00:00Z,0.0100244
2025-06-09T00:00:00Z,0.01130886
2025-06-08T00:00:00Z,0.00658059
2025-06-07T00:00:00Z,0.00729383
2025-06-06T00:00:00Z,0.01047452
2025-06-05T00:00:00Z,0.01151029
2025-06-04T00:00:00Z,0.01184085
2025-06-03T00:00:00Z,0.01057477
2025-06-02T00:00:00Z,0.01135884
2025-06-01T00:00:00Z,0.00829916
2025-05-31T00:00:00Z,0.00794787
2025-05-30T00:00:00Z,0.01207713
2025-05-29T00:00:00Z,0.01054824
2025-05-28T00:00:00Z,0.01543987
2025-05-27T00:00:00Z,0.01272506
2025-05-26T00:00:00Z,0.01063716
2025-05-25T00:00:00Z,0.0085702
2025-05-24T00:00:00Z,0.01172066
2025-05-23T00:00:00Z,0.01240048
2025-05-22T00:00:00Z,0.0166441
2025-05-21T00:00:00Z,0.01725119
2025-05-20T00:00:00Z,0.01579372
2025-05-19T00:00:00Z,0.01537245
2025-05-18T00:00:00Z,0.01156568
2025-05-17T00:00:00Z,0.01584713
2025-05-16T00:00:00Z,0.02796104
2025-05-15T00:00:00Z,0.01176117
2025-05-14T00:00:00Z,0.01576889
2025-05-13T00:00:00Z,0.01520348
2025-05-12T00:00:00Z,0.02777739
2025-05-11T00:00:00Z,0.00731022
2025-05-10T00:00:00Z,0.00937808
2025-05-09T00:00:00Z,0.01545364
2025-05-08T00:00:00Z,0.0129943
2025-05-07T00:00:00Z,0.01389424
2025-05-06T00:00:00Z,0.01198032
2025-05-05T00:00:00Z,0.00925615
2025-05-04T00:00:00Z,0.00777203
2025-05-03T00:00:00Z,0.00767795
2025-05-02T00:00:00Z,0.01110508
2025-05-01T00:00:00Z,0.01289764
2025-04-30T00:00:00Z,0.01573004
2025-04-29T00:00:00Z,0.01335291
2025-04-28T00:00:00Z,0.01481891
2025-04-27T00:00:00Z,0.01213483
2025-04-26T00:00:00Z,0.01050206
2025-04-25T00:00:00Z,0.01339725
2025-04-24T00:00:00Z,0.01995524
2025-04-23T00:00:00Z,0.03072157
2025-04-22T00:00:00Z,0.01279254
2025-04-21T00:00:00Z,0.016388
2025-04-20T00:00:00Z,0.014058
2025-04-19T00:00:00Z,0.01447209
2025-04-18T00:00:00Z,0.01230208
2025-04-17T00:00:00Z,0.01241779
2025-04-16T00:00:00Z,0.01253001
2025-04-15T00:00:00Z,0.01246744
2025-04-14T00:00:00Z,0.01341894
2025-04-13T00:00:00Z,0.00783042
2025-04-12T00:00:00Z,0.01190564
2025-04-11T00:00:00Z,0.01632913
2025-04-10T00:00:00Z,0.01151203
2025-04-09T00:00:00Z,0.01356446
2025-04-08T00:00:00Z,0.01621438
2025-04-07T00:00:00Z,0.01434134
2025-04-06T00:00:00Z,0.00943626
2025-04-05T00:00:00Z,0.00835005
2025-04-04T00:00:00Z,0.00977885
2025-04-03T00:00:00Z,0.01202505
2025-04-02T00:00:00Z,0.00818098
2025-04-01T00:00:00Z,0.01021498
2025-03-31T00:00:00Z,0.01049703
2025-03-30T00:00:00Z,0.00730032
2025-03-29T00:00:00Z,0.00944973
2025-03-28T00:00:00Z,0.0125472
2025-03-27T00:00:00Z,0.01130337
2025-03-26T00:00:00Z,0.02006496
2025-03-25T00:00:00Z,0.02737382
2025-03-24T00:00:00Z,0.01265999
2025-03-23T00:00:00Z,0.01211492
2025-03-22T00:00:00Z,0.02049665
2025-03-21T00:00:00Z,0.01101598
2025-03-20T00:00:00Z,0.01217915
2025-03-19T00:00:00Z,0.01101096
2025-03-18T00:00:00Z,0.01005414
2025-03-17T00:00:00Z,0.01059495
2025-03-16T00:00:00Z,0.00901109
2025-03-15T00:00:00Z,0.01181652
2025-03-14T00:00:00Z,0.01212727
2025-03-13T00:00:00Z,0.01106546
2025-03-12T00:00:00Z,0.01074415
2025-03-11T00:00:00Z,0.01379705
2025-03-10T00:00:00Z,0.01093314
2025-03-09T00:00:00Z,0.00879941
2025-03-08T00:00:00Z,0.01005958
2025-03-07T00:00:00Z,0.01263158
2025-03-06T00:00:00Z,0.00964888
2025-03-05T00:00:00Z,0.01142618
2025-03-04T00:00:00Z,0.01137013
2025-03-03T00:00:00Z,0.01277124
2025-03-02T00:00:00Z,0.01388234
2025-03-01T00:00:00Z,0.01274867
2025-02-28T00:00:00Z,0.01317201
2025-02-27T00:00:00Z,0.0175788
2025-02-26T00:00:00Z,0.02174208
2025-02-25T00:00:00Z,0.02420974
2025-02-24T00:00:00Z,0.03302186
2025-02-23T00:00:00Z,0.02774522
2025-02-22T00:00:00Z,0.0144572
2025-02-21T00:00:00Z,0.0138403
2025-02-20T00:00:00Z,0.01298991
2025-02-19T00:00:00Z,0.01285387
2025-02-18T00:00:00Z,0.0106354
2025-02-17T00:00:00Z,0.01421028
2025-02-16T00:00:00Z,0.00906829
2025-02-15T00:00:00Z,0.00753797
2025-02-14T00:00:00Z,0.00988905
2025-02-13T00:00:00Z,0.01136617
2025-02-12T00:00:00Z,0.01103312
2025-02-11T00:00:00Z,0.01338813
2025-02-10T00:00:00Z,0.01043696
2025-02-09T00:00:00Z,0.00775727
2025-02-08T00:00:00Z,0.0089593
2025-02-07T00:00:00Z,0.00980241
2025-02-06T00:00:00Z,0.01157035
2025-02-05T00:00:00Z,0.01203787
2025-02-04T00:00:00Z,0.0122046
2025-02-03T00:00:00Z,0.01261375
2025-02-02T00:00:00Z,0.00846853
2025-02-01T00:00:00Z,0.00823371
2025-01-31T00:00:00Z,0.01249707
2025-01-30T00:00:00Z,0.01085137
2025-01-29T00:00:00Z,0.00986277
2025-01-28T00:00:00Z,0.01015704
2025-01-27T00:00:00Z,0.01248764
2025-01-26T00:00:00Z,0.00971005
2025-01-25T00:00:00Z,0.01340277
2025-01-24T00:00:00Z,0.01456461
2025-01-23T00:00:00Z,0.01574951
2025-01-22T00:00:00Z,0.01609081
2025-01-21T00:00:00Z,0.0240158
2025-01-20T00:00:00Z,0.02538361
2025-01-19T00:00:00Z,0.01364145
2025-01-18T00:00:00Z,0.01496614
2025-01-17T00:00:00Z,0.01882992
2025-01-16T00:00:00Z,0.01803915
2025-01-15T00:00:00Z,0.01700092
2025-01-14T00:00:00Z,0.01341772
2025-01-13T00:00:00Z,0.01907313
2025-01-12T00:00:00Z,0.00902373
2025-01-11T00:00:00Z,0.01248278
2025-01-10T00:00:00Z,0.01530606
2025-01-09T00:00:00Z,0.01514637
2025-01-08T00:00:00Z,0.01902721
2025-01-07T00:00:00Z,0.01704583
2025-01-06T00:00:00Z,0.01567014
2025-01-05T00:00:00Z,0.01197642
2025-01-04T00:00:00Z,0.01257714
2025-01-03T00:00:00Z,0.01363046
2025-01-02T00:00:00Z,0.01052483
2025-01-01T00:00:00Z,0.01076214
2024-12-31T00:00:00Z,0.01447606
2024-12-30T00:00:00Z,0.01403598
2024-12-29T00:00:00Z,0.01292475
2024-12-28T00:00:00Z,0.01250802
2024-12-27T00:00:00Z,0.01377793
2024-12-26T00:00:00Z,0.01851779
2024-12-25T00:00:00Z,0.01607996
2024-12-24T00:00:00Z,0.02267791
2024-12-23T00:00:00Z,0.02441547
2024-12-22T00:00:00Z,0.01681688
2024-12-21T00:00:00Z,0.02306216
2024-12-20T00:00:00Z,0.03117881
2024-12-19T00:00:00Z,0.04805213
2024-12-18T00:00:00Z,0.02831574
2024-12-17T00:00:00Z,0.02909875
2024-12-16T00:00:00Z,0.02596222
2024-12-15T00:00:00Z,0.02185564
2024-12-14T00:00:00Z,0.02356866
2024-12-13T00:00:00Z,0.02644009
2024-12-12T00:00:00Z,0.04083174
2024-12-11T00:00:00Z,0.0409227
2024-12-10T00:00:00Z,0.03194141
2024-12-09T00:00:00Z,0.02969315
2024-12-08T00:00:00Z,0.03227879
2024-12-07T00:00:00Z,0.0411927
2024-12-06T00:00:00Z,0.03234287
2024-12-05T00:00:00Z,0.02864723
2024-12-04T00:00:00Z,0.02514174
2024-12-03T00:00:00Z,0.03056499
2024-12-02T00:00:00Z,0.04612108
2024-12-01T00:00:00Z,0.03927994
2024-11-30T00:00:00Z,0.01936872
2024-11-29T00:00:00Z,0.03339562
2024-11-28T00:00:00Z,0.0300628
2024-11-27T00:00:00Z,0.02350267
2024-11-26T00:00:00Z,0.03810648
2024-11-25T00:00:00Z,0.0212241
2024-11-24T00:00:00Z,0.02193989
2024-11-23T00:00:00Z,0.03100503
2024-11-22T00:00:00Z,0.04040995
2024-11-21T00:00:00Z,0.04842658
2024-11-20T00:00:00Z,0.0442404
2024-11-19T00:00:00Z,0.04275601
2024-11-18T00:00:00Z,0.03469789
2024-11-17T00:00:00Z,0.01980001
2024-11-16T00:00:00Z,0.03584411
2024-11-15T00:00:00Z,0.08119078
2024-11-14T00:00:00Z,0.05858206
2024-11-13T00:00:00Z,0.05049599
2024-11-12T00:00:00Z,0.04197073
2024-11-11T00:00:00Z,0.03456705
2024-11-10T00:00:00Z,0.02288856
2024-11-09T00:00:00Z,0.02948754
2024-11-08T00:00:00Z,0.017615
2024-11-07T00:00:00Z,0.01344651
2024-11-06T00:00:00Z,0.01702496
2024-11-05T00:00:00Z,0.01474111
2024-11-04T00:00:00Z,0.01319968
2024-11-03T00:00:00Z,0.01279586
2024-11-02T00:00:00Z,0.01588634
2024-11-01T00:00:00Z,0.01707591
2024-10-31T00:00:00Z,0.11742365
2024-10-30T00:00:00Z,0.01745491
2024-10-29T00:00:00Z,0.02287037
2024-10-28T00:00:00Z,0.01426958
2024-10-27T00:00:00Z,0.0161478
2024-10-26T00:00:00Z,0.02257233
2024-10-25T00:00:00Z,0.07125121
2024-10-24T00:00:00Z,0.09374402
2024-10-23T00:00:00Z,0.04807336
2024-10-22T00:00:00Z,0.05621454
2024-10-21T00:00:00Z,0.03174083
2024-10-20T00:00:00Z,0.02442319
2024-10-19T00:00:00Z,0.02804596
2024-10-18T00:00:00Z,0.05576401
2024-10-17T00:00:00Z,0.11123567
2024-10-16T00:00:00Z,0.10353821
2024-10-15T00:00:00Z,0.05027832
2024-10-14T00:00:00Z,0.05572528
2024-10-13T00:00:00Z,0.05421284
2024-10-12T00:00:00Z,0.09112792
2024-10-11T00:00:00Z,0.09260794
2024-10-10T00:00:00Z,0.04954849
2024-10-09T00:00:00Z,0.03695017
2024-10-08T00:00:00Z,0.03119268
2024-10-07T00:00:00Z,0.02554563
2024-10-06T00:00:00Z,0.02013122
2024-10-05T00:00:00Z,0.02498469
2024-10-04T00:00:00Z,0.0133662
2024-10-03T00:00:00Z,0.01523544
2024-10-02T00:00:00Z,0.01397816
2024-10-01T00:00:00Z,0.01585885
2024-09-30T00:00:00Z,0.0168327
2024-09-29T00:00:00Z,0.01531326
2024-09-28T00:00:00Z,0.0243418
2024-09-27T00:00:00Z,0.02520832
2024-09-26T00:00:00Z,0.02056709
2024-09-25T00:00:00Z,0.01456022
2024-09-24T00:00:00Z,0.01515519
2024-09-23T00:00:00Z,0.01667556
2024-09-22T00:00:00Z,0.01229768
2024-09-21T00:00:00Z,0.01420096
2024-09-20T00:00:00Z,0.02056307
2024-09-19T00:00:00Z,0.02540945
2024-09-18T00:00:00Z,0.01601657
2024-09-17T00:00:00Z,0.0172844
2024-09-16T00:00:00Z,0.0163258
2024-09-15T00:00:00Z,0.01323212
2024-09-14T00:00:00Z,0.01496362
2024-09-13T00:00:00Z,0.0191276
2024-09-12T00:00:00Z,0.01723774
2024-09-11T00:00:00Z,0.01930103
2024-09-10T00:00:00Z,0.01600068
2024-09-09T00:00:00Z,0.01500445
2024-09-08T00:00:00Z,0.01197308
2024-09-07T00:00:00Z,0.01309682
2024-09-06T00:00:00Z,0.01654031
2024-09-05T00:00:00Z,0.0216956
2024-09-04T00:00:00Z,0.0162029
2024-09-03T00:00:00Z,0.01786907
2024-09-02T00:00:00Z,0.01437242
2024-09-01T00:00:00Z,0.01434416
2024-08-31T00:00:00Z,0.01358312
2024-08-30T00:00:00Z,0.01773798
2024-08-29T00:00:00Z,0.01948321
2024-08-28T00:00:00Z,0.01509879
2024-08-27T00:00:00Z,0.01724994
2024-08-26T00:00:00Z,0.01989221
2024-08-25T00:00:00Z,0.0166309
2024-08-24T00:00:00Z,0.01545327
2024-08-23T00:00:00Z,0.01879471
2024-08-22T00:00:00Z,0.16703449
2024-08-21T00:00:00Z,0.01812342
2024-08-20T00:00:00Z,0.02079296
2024-08-19T00:00:00Z,0.02136428
2024-08-18T00:00:00Z,0.01461871
2024-08-17T00:00:00Z,0.01531678
2024-08-16T00:00:00Z,0.01964212
2024-08-15T00:00:00Z,0.01694188
2024-08-14T00:00:00Z,0.01895658
2024-08-13T00:00:00Z,0.01701354
2024-08-12T00:00:00Z,0.01897298
2024-08-11T00:00:00Z,0.01291856
2024-08-10T00:00:00Z,0.01648668
2024-08-09T00:00:00Z,0.02070095
2024-08-08T00:00:00Z,0.02185232
2024-08-07T00:00:00Z,0.02021949
2024-08-06T00:00:00Z,0.01840371
2024-08-05T00:00:00Z,0.01868355
2024-08-04T00:00:00Z,0.01604123
2024-08-03T00:00:00Z,0.01912991
2024-08-02T00:00:00Z,0.02173682
2024-08-01T00:00:00Z,0.0210899
2024-07-31T00:00:00Z,0.02351854
2024-07-30T00:00:00Z,0.02030307
2024-07-29T00:00:00Z,0.01916183
2024-07-28T00:00:00Z,0.01733438
2024-07-27T00:00:00Z,0.02080233
2024-07-26T00:00:00Z,0.02032962
2024-07-25T00:00:00Z,0.02053572
2024-07-24T00:00:00Z,0.02287038
2024-07-23T00:00:00Z,0.02080905
2024-07-22T00:00:00Z,0.02393655
2024-07-21T00:00:00Z,0.01833855
2024-07-20T00:00:00Z,0.01936667
2024-07-19T00:00:00Z,0.02573924
2024-07-18T00:00:00Z,0.02433055
2024-07-17T00:00:00Z,0.02746892
2024-07-16T00:00:00Z,0.02609738
2024-07-15T00:00:00Z,0.02687068
2024-07-14T00:00:00Z,0.02472657
2024-07-13T00:00:00Z,0.03880164
2024-07-12T00:00:00Z,0.02558007
2024-07-11T00:00:00Z,0.02759961
2024-07-10T00:00:00Z,0.03673437
2024-07-09T00:00:00Z,0.02672775
2024-07-08T00:00:00Z,0.02889287
2024-07-07T00:00:00Z,0.02720644
2024-07-06T00:00:00Z,0.02920923
2024-07-05T00:00:00Z,0.03753554
2024-07-04T00:00:00Z,0.03714752
2024-07-03T00:00:00Z,0.03442687
2024-07-02T00:00:00Z,0.03591544
2024-07-01T00:00:00Z,0.03999069
2024-06-30T00:00:00Z,0.03427688
2024-06-29T00:00:00Z,0.03197748
2024-06-28T00:00:00Z,0.04135663
2024-06-27T00:00:00Z,0.04265934
2024-06-26T00:00:00Z,0.05340429
2024-06-25T00:00:00Z,0.05346926
2024-06-24T00:00:00Z,0.03975742
2024-06-23T00:00:00Z,0.0407362
2024-06-22T00:00:00Z,0.04194096
2024-06-21T00:00:00Z,0.05927393
2024-06-20T00:00:00Z,0.07165195
2024-06-19T00:00:00Z,0.0704289
2024-06-18T00:00:00Z,0.07276304
2024-06-17T00:00:00Z,0.05888327
2024-06-16T00:00:00Z,0.06768996
2024-06-15T00:00:00Z,0.09706986
2024-06-14T00:00:00Z,0.11591613
2024-06-13T00:00:00Z,0.11267389
2024-06-12T00:00:00Z,0.09265141
2024-06-11T00:00:00Z,0.10339749
2024-06-10T00:00:00Z,0.13145878
2024-06-09T00:00:00Z,0.13338288
2024-06-08T00:00:00Z,0.22441255
2024-06-07T00:00:00Z,0.41334745
2024-06-06T00:00:00Z,0.13679733
2024-06-05T00:00:00Z,0.12812043
2024-06-04T00:00:00Z,0.07757717
2024-06-03T00:00:00Z,0.08185511
2024-06-02T00:00:00Z,0.07433542
2024-06-01T00:00:00Z,0.09121683
2024-05-31T00:00:00Z,0.13031945
2024-05-30T00:00:00Z,0.08879314
2024-05-29T00:00:00Z,0.08334784
2024-05-28T00:00:00Z,0.04127209
2024-05-27T00:00:00Z,0.05448392
2024-05-26T00:00:00Z,0.03579809
2024-05-25T00:00:00Z,0.04048399
2024-05-24T00:00:00Z,0.04434078
2024-05-23T00:00:00Z,0.05366367
2024-05-22T00:00:00Z,0.04258612
2024-05-21T00:00:00Z,0.06203792
2024-05-20T00:00:00Z,0.03498062
2024-05-19T00:00:00Z,0.03286958
2024-05-18T00:00:00Z,0.04265902
2024-05-17T00:00:00Z,0.04274378
2024-05-16T00:00:00Z,0.04865817
2024-05-15T00:00:00Z,0.04917318
2024-05-14T00:00:00Z,0.04880491
2024-05-13T00:00:00Z,0.05444538
2024-05-12T00:00:00Z,0.05019083
2024-05-11T00:00:00Z,0.0689875
2024-05-10T00:00:00Z,0.0644463
2024-05-09T00:00:00Z,0.06318704
2024-05-08T00:00:00Z,0.07085516
2024-05-07T00:00:00Z,0.08612728
2024-05-06T00:00:00Z,0.09597984
2024-05-05T00:00:00Z,0.22239891
2024-05-04T00:00:00Z,0.09433884
2024-05-03T00:00:00Z,0.07811095
2024-05-02T00:00:00Z,0.07241184
2024-05-01T00:00:00Z,0.08389751
2024-04-30T00:00:00Z,0.09331801
2024-04-29T00:00:00Z,0.09991229
2024-04-28T00:00:00Z,0.10845543
2024-04-27T00:00:00Z,0.12602347
2024-04-26T00:00:00Z,0.18912717
2024-04-25T00:00:00Z,0.19127128
2024-04-24T00:00:00Z,0.34815643
2024-04-23T00:00:00Z,0.45516389
2024-04-22T00:00:00Z,0.34836353
2024-04-21T00:00:00Z,0.44023324
2024-04-20T00:00:00Z,0.75443744
2024-04-19T00:00:00Z,0.11025121
2024-04-18T00:00:00Z,0.10658196
2024-04-17T00:00:00Z,0.12289045
2024-04-16T00:00:00Z,0.08421792
2024-04-15T00:00:00Z,0.14959568
2024-04-14T00:00:00Z,0.07202471
2024-04-13T00:00:00Z,0.09331818
2024-04-12T00:00:00Z,0.15609224
2024-04-11T00:00:00Z,0.11231074
2024-04-10T00:00:00Z,0.06890012
2024-04-09T00:00:00Z,0.04922738
2024-04-08T00:00:00Z,0.03245051
2024-04-07T00:00:00Z,0.02003555
2024-04-06T00:00:00Z,0.01819963
2024-04-05T00:00:00Z,0.02192456
2024-04-04T00:00:00Z,0.02614995
2024-04-03T00:00:00Z,0.03015351
2024-04-02T00:00:00Z,0.02374218
2024-04-01T00:00:00Z,0.02824437
2024-03-31T00:00:00Z,0.03171888
2024-03-30T00:00:00Z,0.02992612
2024-03-29T00:00:00Z,0.03154299
2024-03-28T00:00:00Z,0.03080389
2024-03-27T00:00:00Z,0.03446638
2024-03-26T00:00:00Z,0.03646824
2024-03-25T00:00:00Z,0.03263363
2024-03-24T00:00:00Z,0.01965361
2024-03-23T00:00:00Z,0.02457651
2024-03-22T00:00:00Z,0.04260819
2024-03-21T00:00:00Z,0.04832926
2024-03-20T00:00:00Z,0.034469
2024-03-19T00:00:00Z,0.04483058
2024-03-18T00:00:00Z,0.04445231
2024-03-17T00:00:00Z,0.02721083
2024-03-16T00:00:00Z,0.04072309
2024-03-15T00:00:00Z,0.04469975
2024-03-14T00:00:00Z,0.03688769
2024-03-13T00:00:00Z,0.03441849
2024-03-12T00:00:00Z,0.0419664
2024-03-11T00:00:00Z,0.03718528
2024-03-10T00:00:00Z,0.03927958
2024-03-09T00:00:00Z,0.03841996
2024-03-08T00:00:00Z,0.04754978
2024-03-07T00:00:00Z,0.04430728
2024-03-06T00:00:00Z,0.07161117
2024-03-05T00:00:00Z,0.08998706
2024-03-04T00:00:00Z,0.09312785
2024-03-03T00:00:00Z,0.04546003
2024-03-02T00:00:00Z,0.05026477
2024-03-01T00:00:00Z,0.0579039
2024-02-29T00:00:00Z,0.08302931
2024-02-28T00:00:00Z,0.06048054
2024-02-27T00:00:00Z,0.0563756
2024-02-26T00:00:00Z,0.03721744
2024-02-25T00:00:00Z,0.02317472
2024-02-24T00:00:00Z,0.0294283
2024-02-23T00:00:00Z,0.03008621
2024-02-22T00:00:00Z,0.03239033
2024-02-21T00:00:00Z,0.03526698
2024-02-20T00:00:00Z,0.03483144
2024-02-19T00:00:00Z,0.03315845
2024-02-18T00:00:00Z,0.03164351
2024-02-17T00:00:00Z,0.02993638
2024-02-16T00:00:00Z,0.03770932
2024-02-15T00:00:00Z,0.03780083
2024-02-14T00:00:00Z,0.05870232
2024-02-13T00:00:00Z,0.05322158
2024-02-12T00:00:00Z,0.05664219
2024-02-11T00:00:00Z,0.03240068
2024-02-10T00:00:00Z,0.04155582
2024-02-09T00:00:00Z,0.05009714
2024-02-08T00:00:00Z,0.05787713
2024-02-07T00:00:00Z,0.06809728
2024-02-06T00:00:00Z,0.04759936
2024-02-05T00:00:00Z,0.06234158
2024-02-04T00:00:00Z,0.09223364
2024-02-03T00:00:00Z,0.15803967
2024-02-02T00:00:00Z,0.05299272
2024-02-01T00:00:00Z,0.0563945
2024-01-31T00:00:00Z,0.05738191
2024-01-30T00:00:00Z,0.05425214
2024-01-29T00:00:00Z,0.054075
2024-01-28T00:00:00Z,0.05263089
2024-01-27T00:00:00Z,0.05163893
2024-01-26T00:00:00Z,0.05494476
2024-01-25T00:00:00Z,0.05365076
2024-01-24T00:00:00Z,0.06066277
2024-01-23T00:00:00Z,0.0842183
2024-01-22T00:00:00Z,0.07063423
2024-01-21T00:00:00Z,0.07561883
2024-01-20T00:00:00Z,0.0747269
2024-01-19T00:00:00Z,0.09258008
2024-01-18T00:00:00Z,0.12023627
2024-01-17T00:00:00Z,0.1215063
2024-01-16T00:00:00Z,0.13724903
2024-01-15T00:00:00Z,0.14145749
2024-01-14T00:00:00Z,0.21497617
2024-01-13T00:00:00Z,0.11312047
2024-01-12T00:00:00Z,0.09298726
2024-01-11T00:00:00Z,0.08564926
2024-01-10T00:00:00Z,0.09183538
2024-01-09T00:00:00Z,0.10581326
2024-01-08T00:00:00Z,0.13979229
2024-01-07T00:00:00Z,0.09375001
2024-01-06T00:00:00Z,0.09071367
2024-01-05T00:00:00Z,0.1193425
2024-01-04T00:00:00Z,0.10722065
2024-01-03T00:00:00Z,0.12899881
2024-01-02T00:00:00Z,0.14824339
2024-01-01T00:00:00Z,0.18499624
2023-12-31T00:00:00Z,0.26656885
2023-12-30T00:00:00Z,0.22578782
2023-12-29T00:00:00Z,0.18316776
2023-12-28T00:00:00Z,0.23465904
2023-12-27T00:00:00Z,0.24994144
2023-12-26T00:00:00Z,0.16189259
2023-12-25T00:00:00Z,0.16276062
2023-12-24T00:00:00Z,0.14340669
2023-12-23T00:00:00Z,0.1686864
2023-12-22T00:00:00Z,0.23607931
2023-12-21T00:00:00Z,0.30758061
2023-12-20T00:00:00Z,0.32001343
2023-12-19T00:00:00Z,0.30111421
2023-12-18T00:00:00Z,0.27120634
2023-12-17T00:00:00Z,0.3697476
2023-12-16T00:00:00Z,0.37101102
2023-12-15T00:00:00Z,0.29251169
2023-12-14T00:00:00Z,0.26802472
2023-12-13T00:00:00Z,0.17442071
2023-12-12T00:00:00Z,0.11222387
2023-12-11T00:00:00Z,0.12231325
2023-12-10T00:00:00Z,0.11601405
2023-12-09T00:00:00Z,0.12496966
2023-12-08T00:00:00Z,0.15311674
2023-12-07T00:00:00Z,0.19533096
2023-12-06T00:00:00Z,0.25677286
2023-12-05T00:00:00Z,0.21533074
2023-12-04T00:00:00Z,0.13426599
2023-12-03T00:00:00Z,0.12094246
2023-12-02T00:00:00Z,0.07392438
2023-12-01T00:00:00Z,0.08583173
2023-11-30T00:00:00Z,0.07769629
2023-11-29T00:00:00Z,0.06967723
2023-11-28T00:00:00Z,0.07899963
2023-11-27T00:00:00Z,0.09917528
2023-11-26T00:00:00Z,0.0816591
2023-11-25T00:00:00Z,0.08487287
2023-11-24T00:00:00Z,0.08521105
2023-11-23T00:00:00Z,0.21826579
2023-11-22T00:00:00Z,0.14758063
2023-11-21T00:00:00Z,0.15363274
2023-11-20T00:00:00Z,0.1462406
2023-11-19T00:00:00Z,0.15881967
2023-11-18T00:00:00Z,0.25384467
2023-11-17T00:00:00Z,0.2083467
2023-11-16T00:00:00Z,0.25550688
2023-11-15T00:00:00Z,0.12657038
2023-11-14T00:00:00Z,0.10519317
2023-11-13T00:00:00Z,0.12461167
2023-11-12T00:00:00Z,0.10318503
2023-11-11T00:00:00Z,0.10265416
2023-11-10T00:00:00Z,0.14529941
2023-11-09T00:00:00Z,0.21762889
2023-11-08T00:00:00Z,0.11252079
2023-11-07T00:00:00Z,0.09580743
2023-11-06T00:00:00Z,0.08574092
2023-11-05T00:00:00Z,0.06538579
2023-11-04T00:00:00Z,0.07039949
2023-11-03T00:00:00Z,0.03743017
2023-11-02T00:00:00Z,0.02501094
2023-11-01T00:00:00Z,0.02254471
2023-10-31T00:00:00Z,0.01847955
2023-10-30T00:00:00Z,0.01824653
2023-10-29T00:00:00Z,0.01562753
2023-10-28T00:00:00Z,0.01906506
2023-10-27T00:00:00Z,0.02586061
2023-10-26T00:00:00Z,0.03012791
2023-10-25T00:00:00Z,0.04348916
2023-10-24T00:00:00Z,0.04640697
2023-10-23T00:00:00Z,0.01703254
2023-10-22T00:00:00Z,0.0127748
2023-10-21T00:00:00Z,0.01682921
2023-10-20T00:00:00Z,0.02348679
2023-10-19T00:00:00Z,0.02086805
2023-10-18T00:00:00Z,0.02064827
2023-10-17T00:00:00Z,0.01884356
2023-10-16T00:00:00Z,0.02277486
2023-10-15T00:00:00Z,0.01080022
2023-10-14T00:00:00Z,0.01470088
2023-10-13T00:00:00Z,0.02500865
2023-10-12T00:00:00Z,0.02345749
2023-10-11T00:00:00Z,0.02114382
2023-10-10T00:00:00Z,0.01671833
2023-10-09T00:00:00Z,0.0199819
2023-10-08T00:00:00Z,0.01637035
2023-10-07T00:00:00Z,0.03737415
2023-10-06T00:00:00Z,0.04082852
2023-10-05T00:00:00Z,0.02940571
2023-10-04T00:00:00Z,0.03118362
2023-10-03T00:00:00Z,0.0275949
2023-10-02T00:00:00Z,0.02704648
2023-10-01T00:00:00Z,0.02102661
2023-09-30T00:00:00Z,0.02438254
2023-09-29T00:00:00Z,0.03097009
2023-09-28T00:00:00Z,0.03081521
2023-09-27T00:00:00Z,0.0313273
2023-09-26T00:00:00Z,0.03150029
2023-09-25T00:00:00Z,0.03550972
2023-09-24T00:00:00Z,0.03905543
2023-09-23T00:00:00Z,0.05024397
2023-09-22T00:00:00Z,0.05396972
2023-09-21T00:00:00Z,0.0520378
2023-09-20T00:00:00Z,0.04935732
2023-09-19T00:00:00Z,0.05126866
2023-09-18T00:00:00Z,0.04580957
2023-09-17T00:00:00Z,0.02950028
2023-09-16T00:00:00Z,0.02682302
2023-09-15T00:00:00Z,0.02701017
2023-09-14T00:00:00Z,0.02961259
2023-09-13T00:00:00Z,0.03277124
2023-09-12T00:00:00Z,0.03401309
2023-09-11T00:00:00Z,0.03185478
2023-09-10T00:00:00Z,0.04872787
2023-09-09T00:00:00Z,0.03332085
2023-09-08T00:00:00Z,0.04134975
2023-09-07T00:00:00Z,0.03344045
2023-09-06T00:00:00Z,0.03461529
2023-09-05T00:00:00Z,0.03051913
2023-09-04T00:00:00Z,0.0233617
2023-09-03T00:00:00Z,0.01974715
2023-09-02T00:00:00Z,0.02390105
2023-09-01T00:00:00Z,0.02696347
2023-08-31T00:00:00Z,0.02864487
2023-08-30T00:00:00Z,0.02382607
2023-08-29T00:00:00Z,0.02096974
2023-08-28T00:00:00Z,0.02249644
2023-08-27T00:00:00Z,0.01824301
2023-08-26T00:00:00Z,0.01846092
2023-08-25T00:00:00Z,0.02092848
2023-08-24T00:00:00Z,0.01969143
2023-08-23T00:00:00Z,0.02131556
2023-08-22T00:00:00Z,0.02061353
2023-08-21T00:00:00Z,0.01581929
2023-08-20T00:00:00Z,0.01458414
2023-08-19T00:00:00Z,0.01872759
2023-08-18T00:00:00Z,0.02470182
2023-08-17T00:00:00Z,0.0190547
2023-08-16T00:00:00Z,0.01739882
2023-08-15T00:00:00Z,0.01670952
2023-08-14T00:00:00Z,0.01673262
2023-08-13T00:00:00Z,0.01572826
2023-08-12T00:00:00Z,0.01826741
2023-08-11T00:00:00Z,0.02426076
2023-08-10T00:00:00Z,0.03008747
2023-08-09T00:00:00Z,0.02605728
2023-08-08T00:00:00Z,0.035926
2023-08-07T00:00:00Z,0.02426198
2023-08-06T00:00:00Z,0.0162301
2023-08-05T00:00:00Z,0.02149213
2023-08-04T00:00:00Z,0.02891153
2023-08-03T00:00:00Z,0.02403419
2023-08-02T00:00:00Z,0.02123871
2023-08-01T00:00:00Z,0.02082905
2023-07-31T00:00:00Z,0.01855393
2023-07-30T00:00:00Z,0.01605321
2023-07-29T00:00:00Z,0.01919321
2023-07-28T00:00:00Z,0.02273815
2023-07-27T00:00:00Z,0.02359055
2023-07-26T00:00:00Z,0.020481
2023-07-25T00:00:00Z,0.02028314
2023-07-24T00:00:00Z,0.02741821
2023-07-23T00:00:00Z,0.0270555
2023-07-22T00:00:00Z,0.0520143
2023-07-21T00:00:00Z,0.03172285
2023-07-20T00:00:00Z,0.02765667
2023-07-19T00:00:00Z,0.01925827
2023-07-18T00:00:00Z,0.01850427
2023-07-17T00:00:00Z,0.0198599
2023-07-16T00:00:00Z,0.0157082
2023-07-15T00:00:00Z,0.01903989
2023-07-14T00:00:00Z,0.02561888
2023-07-13T00:00:00Z,0.02554067
2023-07-12T00:00:00Z,0.0209853
2023-07-11T00:00:00Z,0.01969585
2023-07-10T00:00:00Z,0.01659791
2023-07-09T00:00:00Z,0.01232817
2023-07-08T00:00:00Z,0.0130764
2023-07-07T00:00:00Z,0.0172952
2023-07-06T00:00:00Z,0.02219985
2023-07-05T00:00:00Z,0.02157065
2023-07-04T00:00:00Z,0.02509296
2023-07-03T00:00:00Z,0.02890622
2023-07-02T00:00:00Z,0.02177927
2023-07-01T00:00:00Z,0.02969562
2023-06-30T00:00:00Z,0.03394897
2023-06-29T00:00:00Z,0.03902706
2023-06-28T00:00:00Z,0.04238278
2023-06-27T00:00:00Z,0.03491638
2023-06-26T00:00:00Z,0.03427386
2023-06-25T00:00:00Z,0.02981311
2023-06-24T00:00:00Z,0.03566258
2023-06-23T00:00:00Z,0.04884
2023-06-22T00:00:00Z,0.04932492
2023-06-21T00:00:00Z,0.05489345
2023-06-20T00:00:00Z,0.04188909
2023-06-19T00:00:00Z,0.03399958
2023-06-18T00:00:00Z,0.03130261
2023-06-17T00:00:00Z,0.04385048
2023-06-16T00:00:00Z,0.0455396
2023-06-15T00:00:00Z,0.04246417
2023-06-14T00:00:00Z,0.05007889
2023-06-13T00:00:00Z,0.03896042
2023-06-12T00:00:00Z,0.04152222
2023-06-11T00:00:00Z,0.03331489
2023-06-10T00:00:00Z,0.04903838
2023-06-09T00:00:00Z,0.06485813
2023-06-08T00:00:00Z,0.06738636
2023-06-07T00:00:00Z,0.10368311
2023-06-06T00:00:00Z,0.08076833
2023-06-05T00:00:00Z,0.0630104
2023-06-04T00:00:00Z,0.03995039
2023-06-03T00:00:00Z,0.05146113
2023-06-02T00:00:00Z,0.06806493
2023-06-01T00:00:00Z,0.07835222
2023-05-31T00:00:00Z,0.07224547
2023-05-30T00:00:00Z,0.07662062
2023-05-29T00:00:00Z,0.06564099
2023-05-28T00:00:00Z,0.05888428
2023-05-27T00:00:00Z,0.06411583
2023-05-26T00:00:00Z,0.09281075
2023-05-25T00:00:00Z,0.088707
2023-05-24T00:00:00Z,0.06856432
2023-05-23T00:00:00Z,0.06756752
2023-05-22T00:00:00Z,0.07309383
2023-05-21T00:00:00Z,0.07038564
2023-05-20T00:00:00Z,0.0942458
2023-05-19T00:00:00Z,0.11067126
2023-05-18T00:00:00Z,0.10818209
2023-05-17T00:00:00Z,0.0851821
2023-05-16T00:00:00Z,0.10569062
2023-05-15T00:00:00Z,0.08905111
2023-05-14T00:00:00Z,0.07519328
2023-05-13T00:00:00Z,0.10717802
2023-05-12T00:00:00Z,0.16444914
2023-05-11T00:00:00Z,0.17078756
2023-05-10T00:00:00Z,0.24229875
2023-05-09T00:00:00Z,0.31810747
2023-05-08T00:00:00Z,0.42595346
2023-05-07T00:00:00Z,0.31737948
2023-05-06T00:00:00Z,0.1635113
2023-05-05T00:00:00Z,0.15359565
2023-05-04T00:00:00Z,0.11060337
2023-05-03T00:00:00Z,0.12352415
2023-05-02T00:00:00Z,0.1240138
2023-05-01T00:00:00Z,0.05740071
2023-04-30T00:00:00Z,0.04898645
2023-04-29T00:00:00Z,0.04763935
2023-04-28T00:00:00Z,0.04755401
2023-04-27T00:00:00Z,0.04888956
2023-04-26T00:00:00Z,0.03913399
2023-04-25T00:00:00Z,0.0330656
2023-04-24T00:00:00Z,0.02279883
2023-04-23T00:00:00Z,0.01466596
2023-04-22T00:00:00Z,0.01729596
2023-04-21T00:00:00Z,0.02589397
2023-04-20T00:00:00Z,0.02491521
2023-04-19T00:00:00Z,0.02349888
2023-04-18T00:00:00Z,0.01924964
2023-04-17T00:00:00Z,0.02105641
2023-04-16T00:00:00Z,0.02016308
2023-04-15T00:00:00Z,0.02101381
2023-04-14T00:00:00Z,0.03072836
2023-04-13T00:00:00Z,0.02839313
2023-04-12T00:00:00Z,0.02401393
2023-04-11T00:00:00Z,0.03126026
2023-04-10T00:00:00Z,0.02754446
2023-04-09T00:00:00Z,0.01819093
2023-04-08T00:00:00Z,0.02327715
2023-04-07T00:00:00Z,0.02953747
2023-04-06T00:00:00Z,0.03186906
2023-04-05T00:00:00Z,0.03558288
2023-04-04T00:00:00Z,0.0323334
2023-04-03T00:00:00Z,0.0327308
2023-04-02T00:00:00Z,0.02560087
2023-04-01T00:00:00Z,0.0347408
2023-03-31T00:00:00Z,0.03561715
2023-03-30T00:00:00Z,0.02762743
2023-03-29T00:00:00Z,0.02909768
2023-03-28T00:00:00Z,0.03236798
2023-03-27T00:00:00Z,0.02442271
2023-03-26T00:00:00Z,0.023721
2023-03-25T00:00:00Z,0.03265835
2023-03-24T00:00:00Z,0.0419411
2023-03-23T00:00:00Z,0.03306485
2023-03-22T00:00:00Z,0.03435175
2023-03-21T00:00:00Z,0.03089024
2023-03-20T00:00:00Z,0.02989655
2023-03-19T00:00:00Z,0.02994658
2023-03-18T00:00:00Z,0.03334557
2023-03-17T00:00:00Z,0.04422451
2023-03-16T00:00:00Z,0.03834998
2023-03-15T00:00:00Z,0.03533546
2023-03-14T00:00:00Z,0.03913881
2023-03-13T00:00:00Z,0.02593566
2023-03-12T00:00:00Z,0.02079129
2023-03-11T00:00:00Z,0.02575081
2023-03-10T00:00:00Z,0.04915803
2023-03-09T00:00:00Z,0.05041522
2023-03-08T00:00:00Z,0.03061853
2023-03-07T00:00:00Z,0.02426125
2023-03-06T00:00:00Z,0.02829997
2023-03-05T00:00:00Z,0.01775481
2023-03-04T00:00:00Z,0.02080693
2023-03-03T00:00:00Z,0.02587473
2023-03-02T00:00:00Z,0.0259092
2023-03-01T00:00:00Z,0.02374093
2023-02-28T00:00:00Z,0.02927033
2023-02-27T00:00:00Z,0.02523638
2023-02-26T00:00:00Z,0.01414213
2023-02-25T00:00:00Z,0.02330782
2023-02-24T00:00:00Z,0.02149557
2023-02-23T00:00:00Z,0.01748812
2023-02-22T00:00:00Z,0.02065092
2023-02-21T00:00:00Z,0.01632375
2023-02-20T00:00:00Z,0.0190866
2023-02-19T00:00:00Z,0.0149746
2023-02-18T00:00:00Z,0.01864408
2023-02-17T00:00:00Z,0.02521746
2023-02-16T00:00:00Z,0.02719145
2023-02-15T00:00:00Z,0.03353483
2023-02-14T00:00:00Z,0.02611979
2023-02-13T00:00:00Z,0.0242772
2023-02-12T00:00:00Z,0.01862516
2023-02-11T00:00:00Z,0.02342437
2023-02-10T00:00:00Z,0.02840764
2023-02-09T00:00:00Z,0.02084139
2023-02-08T00:00:00Z,0.02088061
2023-02-07T00:00:00Z,0.0244059
2023-02-06T00:00:00Z,0.01953262
2023-02-05T00:00:00Z,0.01449903
2023-02-04T00:00:00Z,0.02338778
2023-02-03T00:00:00Z,0.02844913
2023-02-02T00:00:00Z,0.02355104
2023-02-01T00:00:00Z,0.02515912
2023-01-31T00:00:00Z,0.02524536
2023-01-30T00:00:00Z,0.01292311
2023-01-29T00:00:00Z,0.00834103
2023-01-28T00:00:00Z,0.01093923
2023-01-27T00:00:00Z,0.01464197
2023-01-26T00:00:00Z,0.01233224
2023-01-25T00:00:00Z,0.01169853
2023-01-24T00:00:00Z,0.02056654
2023-01-23T00:00:00Z,0.0148888
2023-01-22T00:00:00Z,0.0143676
2023-01-21T00:00:00Z,0.01858012
2023-01-20T00:00:00Z,0.02315753
2023-01-19T00:00:00Z,0.01758782
2023-01-18T00:00:00Z,0.01805919
2023-01-17T00:00:00Z,0.01310324
2023-01-16T00:00:00Z,0.01108836
2023-01-15T00:00:00Z,0.00777192
2023-01-14T00:00:00Z,0.01295375
2023-01-13T00:00:00Z,0.01645419
2023-01-12T00:00:00Z,0.01719893
2023-01-11T00:00:00Z,0.01334191
2023-01-10T00:00:00Z,0.01045474
2023-01-09T00:00:00Z,0.0113092
2023-01-08T00:00:00Z,0.00704231
2023-01-07T00:00:00Z,0.00864856
2023-01-06T00:00:00Z,0.01159895
2023-01-05T00:00:00Z,0.01433549
2023-01-04T00:00:00Z,0.01626185
2023-01-03T00:00:00Z,0.01305113
2023-01-02T00:00:00Z,0.00896938
2023-01-01T00:00:00Z,0.00728868
2022-12-31T00:00:00Z,0.01233844
2022-12-30T00:00:00Z,0.02159356
2022-12-29T00:00:00Z,0.02282224
2022-12-28T00:00:00Z,0.01931322
2022-12-27T00:00:00Z,0.03211947
2022-12-26T00:00:00Z,0.02129441
2022-12-25T00:00:00Z,0.0153171
2022-12-24T00:00:00Z,0.03073627
2022-12-23T00:00:00Z,0.02062537
2022-12-22T00:00:00Z,0.0199088
2022-12-21T00:00:00Z,0.01815833
2022-12-20T00:00:00Z,0.02021261
2022-12-19T00:00:00Z,0.02081523
2022-12-18T00:00:00Z,0.01261769
2022-12-17T00:00:00Z,0.01981142
2022-12-16T00:00:00Z,0.0199819
2022-12-15T00:00:00Z,0.0228867
2022-12-14T00:00:00Z,0.01605689
2022-12-13T00:00:00Z,0.01265796
2022-12-12T00:00:00Z,0.01391535
2022-12-11T00:00:00Z,0.00883796
2022-12-10T00:00:00Z,0.01257638
2022-12-09T00:00:00Z,0.01427546
2022-12-08T00:00:00Z,0.01405211
2022-12-07T00:00:00Z,0.01676029
2022-12-06T00:00:00Z,0.02597307
2022-12-05T00:00:00Z,0.02284333
2022-12-04T00:00:00Z,0.01894425
2022-12-03T00:00:00Z,0.02741774
2022-12-02T00:00:00Z,0.0355271
2022-12-01T00:00:00Z,0.02974656
2022-11-30T00:00:00Z,0.03048765
2022-11-29T00:00:00Z,0.02761016
2022-11-28T00:00:00Z,0.0257267
2022-11-27T00:00:00Z,0.02048991
2022-11-26T00:00:00Z,0.03355919
2022-11-25T00:00:00Z,0.03399459
2022-11-24T00:00:00Z,0.03352108
2022-11-23T00:00:00Z,0.03169965
2022-11-22T00:00:00Z,0.03289035
2022-11-21T00:00:00Z,0.03050169
2022-11-20T00:00:00Z,0.02044953
2022-11-19T00:00:00Z,0.0286061
2022-11-18T00:00:00Z,0.04792245
2022-11-17T00:00:00Z,0.03850759
2022-11-16T00:00:00Z,0.03650775
2022-11-15T00:00:00Z,0.03613018
2022-11-14T00:00:00Z,0.02886485
2022-11-13T00:00:00Z,0.01989838
2022-11-12T00:00:00Z,0.0152672
2022-11-11T00:00:00Z,0.02551817
2022-11-10T00:00:00Z,0.02580651
2022-11-09T00:00:00Z,0.02610691
2022-11-08T00:00:00Z,0.02102433
2022-11-07T00:00:00Z,0.01734743
2022-11-06T00:00:00Z,0.01581949
2022-11-05T00:00:00Z,0.0166907
2022-11-04T00:00:00Z,0.02380103
2022-11-03T00:00:00Z,0.01812477
2022-11-02T00:00:00Z,0.02146095
2022-11-01T00:00:00Z,0.01634165
2022-10-31T00:00:00Z,0.01411786
2022-10-30T00:00:00Z,0.01486811
2022-10-29T00:00:00Z,0.01614368
2022-10-28T00:00:00Z,0.01849358
2022-10-27T00:00:00Z,0.02015949
2022-10-26T00:00:00Z,0.02373253
2022-10-25T00:00:00Z,0.02155631
2022-10-24T00:00:00Z,0.01386618
2022-10-23T00:00:00Z,0.00794194
2022-10-22T00:00:00Z,0.01079308
2022-10-21T00:00:00Z,0.01195176
2022-10-20T00:00:00Z,0.01390908
2022-10-19T00:00:00Z,0.01741835
2022-10-18T00:00:00Z,0.01849314
2022-10-17T00:00:00Z,0.01372662
2022-10-16T00:00:00Z,0.00904247
2022-10-15T00:00:00Z,0.00969248
2022-10-14T00:00:00Z,0.01512434
2022-10-13T00:00:00Z,0.01628005
2022-10-12T00:00:00Z,0.01089361
2022-10-11T00:00:00Z,0.00893202
2022-10-10T00:00:00Z,0.00764995
2022-10-09T00:00:00Z,0.00597163
2022-10-08T00:00:00Z,0.00607088
2022-10-07T00:00:00Z,0.00981113
2022-10-06T00:00:00Z,0.01013599
2022-10-05T00:00:00Z,0.00835005
2022-10-04T00:00:00Z,0.00996542
2022-10-03T00:00:00Z,0.0117867
2022-10-02T00:00:00Z,0.0091204
2022-10-01T00:00:00Z,0.01076669
2022-09-30T00:00:00Z,0.0154578
2022-09-29T00:00:00Z,0.01637238
2022-09-28T00:00:00Z,0.0147491
2022-09-27T00:00:00Z,0.02039023
2022-09-26T00:00:00Z,0.01519535
2022-09-25T00:00:00Z,0.01131422
2022-09-24T00:00:00Z,0.01213372
2022-09-23T00:00:00Z,0.01833623
2022-09-22T00:00:00Z,0.01589556
2022-09-21T00:00:00Z,0.015646
2022-09-20T00:00:00Z,0.01527955
2022-09-19T00:00:00Z,0.01588526
2022-09-18T00:00:00Z,0.01249253
2022-09-17T00:00:00Z,0.01560847
2022-09-16T00:00:00Z,0.02328761
2022-09-15T00:00:00Z,0.01848821
2022-09-14T00:00:00Z,0.02111217
2022-09-13T00:00:00Z,0.01784893
2022-09-12T00:00:00Z,0.01338686
2022-09-11T00:00:00Z,0.00885541
2022-09-10T00:00:00Z,0.01249389
2022-09-09T00:00:00Z,0.01871068
2022-09-08T00:00:00Z,0.01901879
2022-09-07T00:00:00Z,0.01593891
2022-09-06T00:00:00Z,0.01693786
2022-09-05T00:00:00Z,0.01448177
2022-09-04T00:00:00Z,0.00987166
2022-09-03T00:00:00Z,0.01555595
2022-09-02T00:00:00Z,0.02216666
2022-09-01T00:00:00Z,0.01677819
2022-08-31T00:00:00Z,0.01410615
2022-08-30T00:00:00Z,0.01180998
2022-08-29T00:00:00Z,0.01109415
2022-08-28T00:00:00Z,0.0073938
2022-08-27T00:00:00Z,0.0096019
2022-08-26T00:00:00Z,0.01018321
2022-08-25T00:00:00Z,0.01084658
2022-08-24T00:00:00Z,0.01060353
2022-08-23T00:00:00Z,0.01057542
2022-08-22T00:00:00Z,0.01150537
2022-08-21T00:00:00Z,0.00860758
2022-08-20T00:00:00Z,0.0096144
2022-08-19T00:00:00Z,0.01227797
2022-08-18T00:00:00Z,0.01633443
2022-08-17T00:00:00Z,0.01848202
2022-08-16T00:00:00Z,0.01258973
2022-08-15T00:00:00Z,0.0114716
2022-08-14T00:00:00Z,0.00946168
2022-08-13T00:00:00Z,0.01314283
2022-08-12T00:00:00Z,0.01764371
2022-08-11T00:00:00Z,0.02086795
2022-08-10T00:00:00Z,0.02019447
2022-08-09T00:00:00Z,0.02502584
2022-08-08T00:00:00Z,0.01695515
2022-08-07T00:00:00Z,0.01104976
2022-08-06T00:00:00Z,0.01328783
2022-08-05T00:00:00Z,0.0204726
2022-08-04T00:00:00Z,0.02085185
2022-08-03T00:00:00Z,0.01689751
2022-08-02T00:00:00Z,0.01542219
2022-08-01T00:00:00Z,0.01671644
2022-07-31T00:00:00Z,0.01139136
2022-07-30T00:00:00Z,0.01524102
2022-07-29T00:00:00Z,0.01635205
2022-07-28T00:00:00Z,0.01798694
2022-07-27T00:00:00Z,0.01164317
2022-07-26T00:00:00Z,0.01435452
2022-07-25T00:00:00Z,0.01406393
2022-07-24T00:00:00Z,0.01076479
2022-07-23T00:00:00Z,0.01378191
2022-07-22T00:00:00Z,0.02568252
2022-07-21T00:00:00Z,0.02709163
2022-07-20T00:00:00Z,0.03153647
2022-07-19T00:00:00Z,0.03000992
2022-07-18T00:00:00Z,0.02652721
2022-07-17T00:00:00Z,0.01998158
2022-07-16T00:00:00Z,0.01937687
2022-07-15T00:00:00Z,0.02853012
2022-07-14T00:00:00Z,0.03907465
2022-07-13T00:00:00Z,0.03240273
2022-07-12T00:00:00Z,0.0180644
2022-07-11T00:00:00Z,0.01957423
2022-07-10T00:00:00Z,0.01314305
2022-07-09T00:00:00Z,0.01855306
2022-07-08T00:00:00Z,0.02411264
2022-07-07T00:00:00Z,0.02424769
2022-07-06T00:00:00Z,0.02992369
2022-07-05T00:00:00Z,0.02605489
2022-07-04T00:00:00Z,0.01494536
2022-07-03T00:00:00Z,0.01021647
2022-07-02T00:00:00Z,0.01518573
2022-07-01T00:00:00Z,0.02115386
2022-06-30T00:00:00Z,0.01526149
2022-06-29T00:00:00Z,0.0140767
2022-06-28T00:00:00Z,0.0152146
2022-06-27T00:00:00Z,0.0166474
2022-06-26T00:00:00Z,0.0145556
2022-06-25T00:00:00Z,0.01398292
2022-06-24T00:00:00Z,0.01965036
2022-06-23T00:00:00Z,0.01534663
2022-06-22T00:00:00Z,0.02059655
2022-06-21T00:00:00Z,0.01710105
2022-06-20T00:00:00Z,0.01804359
2022-06-19T00:00:00Z,0.01524431
2022-06-18T00:00:00Z,0.02102183
2022-06-17T00:00:00Z,0.03129954
2022-06-16T00:00:00Z,0.03045595
2022-06-15T00:00:00Z,0.02437612
2022-06-14T00:00:00Z,0.02779924
2022-06-13T00:00:00Z,0.03275301
2022-06-12T00:00:00Z,0.01208287
2022-06-11T00:00:00Z,0.01158362
2022-06-10T00:00:00Z,0.01455643
2022-06-09T00:00:00Z,0.01091761
2022-06-08T00:00:00Z,0.00963803
2022-06-07T00:00:00Z,0.01150155
2022-06-06T00:00:00Z,0.01336738
2022-06-05T00:00:00Z,0.01025271
2022-06-04T00:00:00Z,0.01426836
2022-06-03T00:00:00Z,0.01984251
2022-06-02T00:00:00Z,0.02438367
2022-06-01T00:00:00Z,0.02165362
2022-05-31T00:00:00Z,0.01479591
2022-05-30T00:00:00Z,0.01366837
2022-05-29T00:00:00Z,0.01058503
2022-05-28T00:00:00Z,0.01261768
2022-05-27T00:00:00Z,0.01983548
2022-05-26T00:00:00Z,0.01960936
2022-05-25T00:00:00Z,0.02117286
2022-05-24T00:00:00Z,0.0211055
2022-05-23T00:00:00Z,0.01558011
2022-05-22T00:00:00Z,0.01504508
2022-05-21T00:00:00Z,0.01405828
2022-05-20T00:00:00Z,0.02092797
2022-05-19T00:00:00Z,0.02192144
2022-05-18T00:00:00Z,0.01936614
2022-05-17T00:00:00Z,0.02016853
2022-05-16T00:00:00Z,0.02008942
2022-05-15T00:00:00Z,0.02091205
2022-05-14T00:00:00Z,0.02822908
2022-05-13T00:00:00Z,0.03213231
2022-05-12T00:00:00Z,0.03395829
2022-05-11T00:00:00Z,0.02329522
2022-05-10T00:00:00Z,0.01791221
2022-05-09T00:00:00Z,0.02001705
2022-05-08T00:00:00Z,0.01247673
2022-05-07T00:00:00Z,0.01518545
2022-05-06T00:00:00Z,0.01875326
2022-05-05T00:00:00Z,0.02226082
2022-05-04T00:00:00Z,0.01363711
2022-05-03T00:00:00Z,0.01020498
2022-05-02T00:00:00Z,0.0105378
2022-05-01T00:00:00Z,0.00743194
2022-04-30T00:00:00Z,0.01103592
2022-04-29T00:00:00Z,0.01432537
2022-04-28T00:00:00Z,0.01348005
2022-04-27T00:00:00Z,0.01039889
2022-04-26T00:00:00Z,0.0127583
2022-04-25T00:00:00Z,0.0125024
2022-04-24T00:00:00Z,0.00625005
2022-04-23T00:00:00Z,0.00798786
2022-04-22T00:00:00Z,0.01283305
2022-04-21T00:00:00Z,0.0101887
2022-04-20T00:00:00Z,0.00881776
2022-04-19T00:00:00Z,0.0119456
2022-04-18T00:00:00Z,0.01006638
2022-04-17T00:00:00Z,0.00515309
2022-04-16T00:00:00Z,0.00761551
2022-04-15T00:00:00Z,0.00889551
2022-04-14T00:00:00Z,0.01266224
2022-04-13T00:00:00Z,0.0133761
2022-04-12T00:00:00Z,0.01108063
2022-04-11T00:00:00Z,0.01212252
2022-04-10T00:00:00Z,0.00774491
2022-04-09T00:00:00Z,0.00845133
2022-04-08T00:00:00Z,0.01351198
2022-04-07T00:00:00Z,0.01150621
2022-04-06T00:00:00Z,0.01085774
2022-04-05T00:00:00Z,0.01186443
2022-04-04T00:00:00Z,0.0125504
2022-04-03T00:00:00Z,0.01186995
2022-04-02T00:00:00Z,0.01511365
2022-04-01T00:00:00Z,0.02178834
2022-03-31T00:00:00Z,0.01888178
2022-03-30T00:00:00Z,0.01306868
2022-03-29T00:00:00Z,0.01044274
2022-03-28T00:00:00Z,0.01076602
2022-03-27T00:00:00Z,0.00904956
2022-03-26T00:00:00Z,0.00806912
2022-03-25T00:00:00Z,0.01306683
2022-03-24T00:00:00Z,0.01256818
2022-03-23T00:00:00Z,0.01180586
2022-03-22T00:00:00Z,0.01147218
2022-03-21T00:00:00Z,0.00982676
2022-03-20T00:00:00Z,0.00666586
2022-03-19T00:00:00Z,0.00823698
2022-03-18T00:00:00Z,0.01171553
2022-03-17T00:00:00Z,0.01046434
2022-03-16T00:00:00Z,0.01044469
2022-03-15T00:00:00Z,0.01117306
2022-03-14T00:00:00Z,0.0106684
2022-03-13T00:00:00Z,0.00712435
2022-03-12T00:00:00Z,0.00802145
2022-03-11T00:00:00Z,0.01262925
2022-03-10T00:00:00Z,0.01269144
2022-03-09T00:00:00Z,0.0128883
2022-03-08T00:00:00Z,0.01131289
2022-03-07T00:00:00Z,0.01204848
2022-03-06T00:00:00Z,0.01141878
2022-03-05T00:00:00Z,0.01443655
2022-03-04T00:00:00Z,0.01733118
2022-03-03T00:00:00Z,0.02146454
2022-03-02T00:00:00Z,0.03328456
2022-03-01T00:00:00Z,0.01882916
2022-02-28T00:00:00Z,0.00959723
2022-02-27T00:00:00Z,0.00809975
2022-02-26T00:00:00Z,0.00854779
2022-02-25T00:00:00Z,0.01354612
2022-02-24T00:00:00Z,0.01227026
2022-02-23T00:00:00Z,0.00853153
2022-02-22T00:00:00Z,0.00954228
2022-02-21T00:00:00Z,0.01227721
2022-02-20T00:00:00Z,0.0063241
2022-02-19T00:00:00Z,0.00732628
2022-02-18T00:00:00Z,0.01111529
2022-02-17T00:00:00Z,0.01000629
2022-02-16T00:00:00Z,0.01023989
2022-02-15T00:00:00Z,0.0112813
2022-02-14T00:00:00Z,0.01153707
2022-02-13T00:00:00Z,0.00874079
2022-02-12T00:00:00Z,0.01047924
2022-02-11T00:00:00Z,0.01851595
2022-02-10T00:00:00Z,0.02086748
2022-02-09T00:00:00Z,0.01638841
2022-02-08T00:00:00Z,0.01484439
2022-02-07T00:00:00Z,0.01682481
2022-02-06T00:00:00Z,0.01042113
2022-02-05T00:00:00Z,0.01864118
2022-02-04T00:00:00Z,0.01688737
2022-02-03T00:00:00Z,0.01142383
2022-02-02T00:00:00Z,0.01267605
2022-02-01T00:00:00Z,0.01504832
2022-01-31T00:00:00Z,0.01441498
2022-01-30T00:00:00Z,0.01143057
2022-01-29T00:00:00Z,0.01306832
2022-01-28T00:00:00Z,0.01285452
2022-01-27T00:00:00Z,0.01402982
2022-01-26T00:00:00Z,0.01454142
2022-01-25T00:00:00Z,0.01129444
2022-01-24T00:00:00Z,0.01226118
2022-01-23T00:00:00Z,0.00864476
2022-01-22T00:00:00Z,0.01313208
2022-01-21T00:00:00Z,0.01429597
2022-01-20T00:00:00Z,0.00932628
2022-01-19T00:00:00Z,0.00794565
2022-01-18T00:00:00Z,0.01102545
2022-01-17T00:00:00Z,0.00895214
2022-01-16T00:00:00Z,0.00578733
2022-01-15T00:00:00Z,0.00710907
2022-01-14T00:00:00Z,0.00963626
2022-01-13T00:00:00Z,0.00924344
2022-01-12T00:00:00Z,0.01324432
2022-01-11T00:00:00Z,0.0117194
2022-01-10T00:00:00Z,0.01274361
2022-01-09T00:00:00Z,0.00884646
2022-01-08T00:00:00Z,0.01065653
2022-01-07T00:00:00Z,0.01608333
2022-01-06T00:00:00Z,0.01642108
2022-01-05T00:00:00Z,0.01661499
2022-01-04T00:00:00Z,0.01425272
2022-01-03T00:00:00Z,0.01307138
2022-01-02T00:00:00Z,0.00928763
2022-01-01T00:00:00Z,0.00858908
2021-12-31T00:00:00Z,0.0191218
2021-12-30T00:00:00Z,0.02318616
2021-12-29T00:00:00Z,0.01778464
2021-12-28T00:00:00Z,0.02088088
2021-12-27T00:00:00Z,0.01402654
2021-12-26T00:00:00Z,0.00917288
2021-12-25T00:00:00Z,0.00897698
2021-12-24T00:00:00Z,0.01262574
2021-12-23T00:00:00Z,0.0114241
2021-12-22T00:00:00Z,0.01113446
2021-12-21T00:00:00Z,0.0116842
2021-12-20T00:00:00Z,0.01207179
2021-12-19T00:00:00Z,0.00744327
2021-12-18T00:00:00Z,0.01086464
2021-12-17T00:00:00Z,0.01376408
2021-12-16T00:00:00Z,0.01435876
2021-12-15T00:00:00Z,0.01301659
2021-12-14T00:00:00Z,0.01250347
2021-12-13T00:00:00Z,0.01453458
2021-12-12T00:00:00Z,0.00741905
2021-12-11T00:00:00Z,0.00833318
2021-12-10T00:00:00Z,0.01174505
2021-12-09T00:00:00Z,0.01167979
2021-12-08T00:00:00Z,0.00975823
2021-12-07T00:00:00Z,0.01169215
2021-12-06T00:00:00Z,0.0118205
2021-12-05T00:00:00Z,0.0206217
2021-12-04T00:00:00Z,0.01763487
2021-12-03T00:00:00Z,0.01249205
2021-12-02T00:00:00Z,0.01917272
2021-12-01T00:00:00Z,0.02336727
2021-11-30T00:00:00Z,0.01486768
2021-11-29T00:00:00Z,0.0123039
2021-11-28T00:00:00Z,0.00840136
2021-11-27T00:00:00Z,0.00947727
2021-11-26T00:00:00Z,0.0173964
2021-11-25T00:00:00Z,0.01777357
2021-11-24T00:00:00Z,0.0140869
2021-11-23T00:00:00Z,0.01467657
2021-11-22T00:00:00Z,0.01377441
2021-11-21T00:00:00Z,0.01115114
2021-11-20T00:00:00Z,0.01414432
2021-11-19T00:00:00Z,0.01518353
2021-11-18T00:00:00Z,0.01290289
2021-11-17T00:00:00Z,0.01425269
2021-11-16T00:00:00Z,0.01365596
2021-11-15T00:00:00Z,0.01323709
2021-11-14T00:00:00Z,0.00877205
2021-11-13T00:00:00Z,0.01105901
2021-11-12T00:00:00Z,0.01649537
2021-11-11T00:00:00Z,0.01550824
2021-11-10T00:00:00Z,0.01939094
2021-11-09T00:00:00Z,0.02390508
2021-11-08T00:00:00Z,0.01872329
2021-11-07T00:00:00Z,0.01001648
2021-11-06T00:00:00Z,0.01106094
2021-11-05T00:00:00Z,0.01776136
2021-11-04T00:00:00Z,0.01798201
2021-11-03T00:00:00Z,0.01558663
2021-11-02T00:00:00Z,0.01741312
2021-11-01T00:00:00Z,0.01635235
2021-10-31T00:00:00Z,0.01024257
2021-10-30T00:00:00Z,0.01063931
2021-10-29T00:00:00Z,0.01443753
2021-10-28T00:00:00Z,0.01328018
2021-10-27T00:00:00Z,0.01262374
2021-10-26T00:00:00Z,0.01444122
2021-10-25T00:00:00Z,0.01217816
2021-10-24T00:00:00Z,0.00930481
2021-10-23T00:00:00Z,0.01214851
2021-10-22T00:00:00Z,0.0161519
2021-10-21T00:00:00Z,0.02147653
2021-10-20T00:00:00Z,0.01960202
2021-10-19T00:00:00Z,0.01533482
2021-10-18T00:00:00Z,0.0168249
2021-10-17T00:00:00Z,0.01121546
2021-10-16T00:00:00Z,0.01852424
2021-10-15T00:00:00Z,0.0225015
2021-10-14T00:00:00Z,0.01869091
2021-10-13T00:00:00Z,0.01568197
2021-10-12T00:00:00Z,0.02228194
2021-10-11T00:00:00Z,0.02219268
2021-10-10T00:00:00Z,0.01265155
2021-10-09T00:00:00Z,0.0156103
2021-10-08T00:00:00Z,0.026818
2021-10-07T00:00:00Z,0.02966783
2021-10-06T00:00:00Z,0.02153369
2021-10-05T00:00:00Z,0.01470084
2021-10-04T00:00:00Z,0.01387586
2021-10-03T00:00:00Z,0.01054876
2021-10-02T00:00:00Z,0.0092113
2021-10-01T00:00:00Z,0.01823365
2021-09-30T00:00:00Z,0.01363553
2021-09-29T00:00:00Z,0.01371509
2021-09-28T00:00:00Z,0.01422558
2021-09-27T00:00:00Z,0.01290368
2021-09-26T00:00:00Z,0.00964927
2021-09-25T00:00:00Z,0.0094101
2021-09-24T00:00:00Z,0.01718569
2021-09-23T00:00:00Z,0.01318898
2021-09-22T00:00:00Z,0.01646233
2021-09-21T00:00:00Z,0.01887584
2021-09-20T00:00:00Z,0.01336713
2021-09-19T00:00:00Z,0.00818046
2021-09-18T00:00:00Z,0.01182577
2021-09-17T00:00:00Z,0.01607257
2021-09-16T00:00:00Z,0.01945153
2021-09-15T00:00:00Z,0.01885857
2021-09-14T00:00:00Z,0.01396195
2021-09-13T00:00:00Z,0.01525945
2021-09-12T00:00:00Z,0.00923736
2021-09-11T00:00:00Z,0.01157962
2021-09-10T00:00:00Z,0.01633273
2021-09-09T00:00:00Z,0.01622344
2021-09-08T00:00:00Z,0.01630138
2021-09-07T00:00:00Z,0.01893499
2021-09-06T00:00:00Z,0.01575104
2021-09-05T00:00:00Z,0.01012165
2021-09-04T00:00:00Z,0.0122298
2021-09-03T00:00:00Z,0.01942933
2021-09-02T00:00:00Z,0.02099509
2021-09-01T00:00:00Z,0.0202998
2021-08-31T00:00:00Z,0.01503752
2021-08-30T00:00:00Z,0.01464147
2021-08-29T00:00:00Z,0.00888341
2021-08-28T00:00:00Z,0.0119988
2021-08-27T00:00:00Z,0.01288999
2021-08-26T00:00:00Z,0.01252641
2021-08-25T00:00:00Z,0.01269333
2021-08-24T00:00:00Z,0.01534857
2021-08-23T00:00:00Z,0.01151012
2021-08-22T00:00:00Z,0.01121541
2021-08-21T00:00:00Z,0.01063427
2021-08-20T00:00:00Z,0.01550267
2021-08-19T00:00:00Z,0.0132345
2021-08-18T00:00:00Z,0.01793794
2021-08-17T00:00:00Z,0.01435094
2021-08-16T00:00:00Z,0.01597208
2021-08-15T00:00:00Z,0.00848033
2021-08-14T00:00:00Z,0.01051818
2021-08-13T00:00:00Z,0.02588109
2021-08-12T00:00:00Z,0.01342643
2021-08-11T00:00:00Z,0.01423119
2021-08-10T00:00:00Z,0.01335391
2021-08-09T00:00:00Z,0.01404836
2021-08-08T00:00:00Z,0.00986348
2021-08-07T00:00:00Z,0.00985577
2021-08-06T00:00:00Z,0.01411701
2021-08-05T00:00:00Z,0.01467197
2021-08-04T00:00:00Z,0.01742221
2021-08-03T00:00:00Z,0.01197006
2021-08-02T00:00:00Z,0.01486006
2021-08-01T00:00:00Z,0.00988859
2021-07-31T00:00:00Z,0.01123915
2021-07-30T00:00:00Z,0.01385144
2021-07-29T00:00:00Z,0.01477353
2021-07-28T00:00:00Z,0.01559882
2021-07-27T00:00:00Z,0.01490284
2021-07-26T00:00:00Z,0.01912615
2021-07-25T00:00:00Z,0.01007629
2021-07-24T00:00:00Z,0.01314131
2021-07-23T00:00:00Z,0.02238588
2021-07-22T00:00:00Z,0.01464303
2021-07-21T00:00:00Z,0.01570716
2021-07-20T00:00:00Z,0.02284053
2021-07-19T00:00:00Z,0.01756676
2021-07-18T00:00:00Z,0.01322622
2021-07-17T00:00:00Z,0.01391465
2021-07-16T00:00:00Z,0.01810801
2021-07-15T00:00:00Z,0.02761654
2021-07-14T00:00:00Z,0.0229107
2021-07-13T00:00:00Z,0.03598832
2021-07-12T00:00:00Z,0.03518787
2021-07-11T00:00:00Z,0.02317751
2021-07-10T00:00:00Z,0.01871913
2021-07-09T00:00:00Z,0.03178357
2021-07-08T00:00:00Z,0.03260253
2021-07-07T00:00:00Z,0.04692315
2021-07-06T00:00:00Z,0.05036993
2021-07-05T00:00:00Z,0.05449068
2021-07-04T00:00:00Z,0.05698209
2021-07-03T00:00:00Z,0.06940892
2021-07-02T00:00:00Z,0.09922617
2021-07-01T00:00:00Z,0.10949675
2021-06-30T00:00:00Z,0.10000059
2021-06-29T00:00:00Z,0.08633281
2021-06-28T00:00:00Z,0.08888262
2021-06-27T00:00:00Z,0.06731292
2021-06-26T00:00:00Z,0.05022258
2021-06-25T00:00:00Z,0.06033405
2021-06-24T00:00:00Z,0.06817691
2021-06-23T00:00:00Z,0.08154177
2021-06-22T00:00:00Z,0.07752244
2021-06-21T00:00:00Z,0.05781237
2021-06-20T00:00:00Z,0.03346447
2021-06-19T00:00:00Z,0.03685519
2021-06-18T00:00:00Z,0.03854017
2021-06-17T00:00:00Z,0.03717165
2021-06-16T00:00:00Z,0.04837375
2021-06-15T00:00:00Z,0.04518108
2021-06-14T00:00:00Z,0.04272839
2021-06-13T00:00:00Z,0.02736577
2021-06-12T00:00:00Z,0.04124484
2021-06-11T00:00:00Z,0.0584074
2021-06-10T00:00:00Z,0.05915682
2021-06-09T00:00:00Z,0.04061559
2021-06-08T00:00:00Z,0.03646903
2021-06-07T00:00:00Z,0.03991224
2021-06-06T00:00:00Z,0.02351778
2021-06-05T00:00:00Z,0.03493773
2021-06-04T00:00:00Z,0.04917174
2021-06-03T00:00:00Z,0.05149601
2021-06-02T00:00:00Z,0.04697
2021-06-01T00:00:00Z,0.05057482
2021-05-31T00:00:00Z,0.04908275
2021-05-30T00:00:00Z,0.03909242
2021-05-29T00:00:00Z,0.061387
2021-05-28T00:00:00Z,0.08549901
2021-05-27T00:00:00Z,0.08291659
2021-05-26T00:00:00Z,0.09263647
2021-05-25T00:00:00Z,0.10042281
2021-05-24T00:00:00Z,0.10946707
2021-05-23T00:00:00Z,0.09865613
2021-05-22T00:00:00Z,0.12374145
2021-05-21T00:00:00Z,0.16006039
2021-05-20T00:00:00Z,0.15913528
2021-05-19T00:00:00Z,0.13576119
2021-05-18T00:00:00Z,0.09703595
2021-05-17T00:00:00Z,0.0915251
2021-05-16T00:00:00Z,0.05939402
2021-05-15T00:00:00Z,0.07514089
2021-05-14T00:00:00Z,0.08042506
2021-05-13T00:00:00Z,0.06666383
2021-05-12T00:00:00Z,0.06682751
2021-05-11T00:00:00Z,0.07070687
2021-05-10T00:00:00Z,0.08239454
2021-05-09T00:00:00Z,0.05681719
2021-05-08T00:00:00Z,0.07545288
2021-05-07T00:00:00Z,0.08849475
2021-05-06T00:00:00Z,0.0934459
2021-05-05T00:00:00Z,0.09241137
2021-05-04T00:00:00Z,0.08076782
2021-05-03T00:00:00Z,0.09112714
2021-05-02T00:00:00Z,0.06844962
2021-05-01T00:00:00Z,0.10518112
2021-04-30T00:00:00Z,0.13644907
2021-04-29T00:00:00Z,0.1596269
2021-04-28T00:00:00Z,0.13282579
2021-04-27T00:00:00Z,0.15460719
2021-04-26T00:00:00Z,0.19057234
2021-04-25T00:00:00Z,0.11657443
2021-04-24T00:00:00Z,0.15670288
2021-04-23T00:00:00Z,0.24221111
2021-04-22T00:00:00Z,0.25098678
2021-04-21T00:00:00Z,0.28834573
2021-04-20T00:00:00Z,0.27393401
2021-04-19T00:00:00Z,0.26252937
2021-04-18T00:00:00Z,0.21695816
2021-04-17T00:00:00Z,0.22336259
2021-04-16T00:00:00Z,0.17896436
2021-04-15T00:00:00Z,0.12622102
2021-04-14T00:00:00Z,0.13897345
2021-04-13T00:00:00Z,0.10292802
2021-04-12T00:00:00Z,0.09253398
2021-04-11T00:00:00Z,0.06498571
2021-04-10T00:00:00Z,0.08400372
2021-04-09T00:00:00Z,0.1091416
2021-04-08T00:00:00Z,0.09857018
2021-04-07T00:00:00Z,0.09336633
2021-04-06T00:00:00Z,0.10573583
2021-04-05T00:00:00Z,0.08832245
2021-04-04T00:00:00Z,0.06858891
2021-04-03T00:00:00Z,0.0929876
2021-04-02T00:00:00Z,0.09270795
2021-04-01T00:00:00Z,0.09033644
2021-03-31T00:00:00Z,0.09454671
2021-03-30T00:00:00Z,0.09573136
2021-03-29T00:00:00Z,0.07882127
2021-03-28T00:00:00Z,0.0551507
2021-03-27T00:00:00Z,0.06283713
2021-03-26T00:00:00Z,0.08723998
2021-03-25T00:00:00Z,0.08046612
2021-03-24T00:00:00Z,0.0798593
2021-03-23T00:00:00Z,0.07478125
2021-03-22T00:00:00Z,0.08264522
2021-03-21T00:00:00Z,0.05879503
2021-03-20T00:00:00Z,0.079923
2021-03-19T00:00:00Z,0.11172097
2021-03-18T00:00:00Z,0.12621869
2021-03-17T00:00:00Z,0.11074024
2021-03-16T00:00:00Z,0.10595584
2021-03-15T00:00:00Z,0.10885067
2021-03-14T00:00:00Z,0.08266549
2021-03-13T00:00:00Z,0.11566453
2021-03-12T00:00:00Z,0.11113921
2021-03-11T00:00:00Z,0.11866337
2021-03-10T00:00:00Z,0.10586958
2021-03-09T00:00:00Z,0.10726778
2021-03-08T00:00:00Z,0.08547861
2021-03-07T00:00:00Z,0.07240845
2021-03-06T00:00:00Z,0.07578837
2021-03-05T00:00:00Z,0.1093749
2021-03-04T00:00:00Z,0.12372694
2021-03-03T00:00:00Z,0.12256221
2021-03-02T00:00:00Z,0.12933512
2021-03-01T00:00:00Z,0.13039877
2021-02-28T00:00:00Z,0.09203966
2021-02-27T00:00:00Z,0.09608829
2021-02-26T00:00:00Z,0.1462994
2021-02-25T00:00:00Z,0.13527595
2021-02-24T00:00:00Z,0.16017456
2021-02-23T00:00:00Z,0.18760736
2021-02-22T00:00:00Z,0.13684662
2021-02-21T00:00:00Z,0.11552342
2021-02-20T00:00:00Z,0.13941124
2021-02-19T00:00:00Z,0.14395499
2021-02-18T00:00:00Z,0.1471633
2021-02-17T00:00:00Z,0.14104172
2021-02-16T00:00:00Z,0.13697151
2021-02-15T00:00:00Z,0.11495335
2021-02-14T00:00:00Z,0.10124531
2021-02-13T00:00:00Z,0.12826178
2021-02-12T00:00:00Z,0.18570476
2021-02-11T00:00:00Z,0.18691944
2021-02-10T00:00:00Z,0.15835877
2021-02-09T00:00:00Z,0.18015447
2021-02-08T00:00:00Z,0.11701015
2021-02-07T00:00:00Z,0.07992034
2021-02-06T00:00:00Z,0.10638251
2021-02-05T00:00:00Z,0.11985845
2021-02-04T00:00:00Z,0.14301842
2021-02-03T00:00:00Z,0.12525484
2021-02-02T00:00:00Z,0.13450247
2021-02-01T00:00:00Z,0.14654901
2021-01-31T00:00:00Z,0.10048563
2021-01-30T00:00:00Z,0.14007946
2021-01-29T00:00:00Z,0.14983162
2021-01-28T00:00:00Z,0.08657985
2021-01-27T00:00:00Z,0.08561365
2021-01-26T00:00:00Z,0.07514843
2021-01-25T00:00:00Z,0.10319462
2021-01-24T00:00:00Z,0.06213502
2021-01-23T00:00:00Z,0.072985
2021-01-22T00:00:00Z,0.11509774
2021-01-21T00:00:00Z,0.12972737
2021-01-20T00:00:00Z,0.09590401
2021-01-19T00:00:00Z,0.09481267
2021-01-18T00:00:00Z,0.08544239
2021-01-17T00:00:00Z,0.07387898
2021-01-16T00:00:00Z,0.08785569
2021-01-15T00:00:00Z,0.13188466
2021-01-14T00:00:00Z,0.13338784
2021-01-13T00:00:00Z,0.12569627
2021-01-12T00:00:00Z,0.1513149
2021-01-11T00:00:00Z,0.12254835
2021-01-10T00:00:00Z,0.08469408
2021-01-09T00:00:00Z,0.11289695
2021-01-08T00:00:00Z,0.12774868
2021-01-07T00:00:00Z,0.10403149
2021-01-06T00:00:00Z,0.10408343
2021-01-05T00:00:00Z,0.10356233
2021-01-04T00:00:00Z,0.09135222
2021-01-03T00:00:00Z,0.08047154
2021-01-02T00:00:00Z,0.07787302
2021-01-01T00:00:00Z,0.04993171
2020-12-31T00:00:00Z,0.09866569
2020-12-30T00:00:00Z,0.08909414
2020-12-29T00:00:00Z,0.10025346
2020-12-28T00:00:00Z,0.09052882
2020-12-27T00:00:00Z,0.09045615
2020-12-26T00:00:00Z,0.07521734
2020-12-25T00:00:00Z,0.09318524
2020-12-24T00:00:00Z,0.11905799
2020-12-23T00:00:00Z,0.12938837
2020-12-22T00:00:00Z,0.12955767
2020-12-21T00:00:00Z,0.14016581
2020-12-20T00:00:00Z,0.07226723
2020-12-19T00:00:00Z,0.10832601
2020-12-18T00:00:00Z,0.16611524
2020-12-17T00:00:00Z,0.16816502
2020-12-16T00:00:00Z,0.08206656
2020-12-15T00:00:00Z,0.07412475
2020-12-14T00:00:00Z,0.06135341
2020-12-13T00:00:00Z,0.03869053
2020-12-12T00:00:00Z,0.05777642
2020-12-11T00:00:00Z,0.07555903
2020-12-10T00:00:00Z,0.08226608
2020-12-09T00:00:00Z,0.07698335
2020-12-08T00:00:00Z,0.07425549
2020-12-07T00:00:00Z,0.06805487
2020-12-06T00:00:00Z,0.05388031
2020-12-05T00:00:00Z,0.07182778
2020-12-04T00:00:00Z,0.10782806
2020-12-03T00:00:00Z,0.12935598
2020-12-02T00:00:00Z,0.13834542
2020-12-01T00:00:00Z,0.13266436
2020-11-30T00:00:00Z,0.09288571
2020-11-29T00:00:00Z,0.04078917
2020-11-28T00:00:00Z,0.0557433
2020-11-27T00:00:00Z,0.08045643
2020-11-26T00:00:00Z,0.09971212
2020-11-25T00:00:00Z,0.09239758
2020-11-24T00:00:00Z,0.09215385
2020-11-23T00:00:00Z,0.05797815
2020-11-22T00:00:00Z,0.02860552
2020-11-21T00:00:00Z,0.04252002
2020-11-20T00:00:00Z,0.06778523
2020-11-19T00:00:00Z,0.09941295
2020-11-18T00:00:00Z,0.08461708
2020-11-17T00:00:00Z,0.08447661
2020-11-16T00:00:00Z,0.07702904
2020-11-15T00:00:00Z,0.04330229
2020-11-14T00:00:00Z,0.06248902
2020-11-13T00:00:00Z,0.10375002
2020-11-12T00:00:00Z,0.09325856
2020-11-11T00:00:00Z,0.10474987
2020-11-10T00:00:00Z,0.14422425
2020-11-09T00:00:00Z,0.10948673
2020-11-08T00:00:00Z,0.09986595
2020-11-07T00:00:00Z,0.12907314
2020-11-06T00:00:00Z,0.20058308
2020-11-05T00:00:00Z,0.22086638
2020-11-04T00:00:00Z,0.17103397
2020-11-03T00:00:00Z,0.24848193
2020-11-02T00:00:00Z,0.26078653
2020-11-01T00:00:00Z,0.18542819
2020-10-31T00:00:00Z,0.27212333
2020-10-30T00:00:00Z,0.27439366
2020-10-29T00:00:00Z,0.27748119
2020-10-28T00:00:00Z,0.26614092
2020-10-27T00:00:00Z,0.2370391
2020-10-26T00:00:00Z,0.13932413
2020-10-25T00:00:00Z,0.08193785
2020-10-24T00:00:00Z,0.08990077
2020-10-23T00:00:00Z,0.14958756
2020-10-22T00:00:00Z,0.16318758
2020-10-21T00:00:00Z,0.12553835
2020-10-20T00:00:00Z,0.07856956
2020-10-19T00:00:00Z,0.06079286
2020-10-18T00:00:00Z,0.04634869
2020-10-17T00:00:00Z,0.03485296
2020-10-16T00:00:00Z,0.06210179
2020-10-15T00:00:00Z,0.07659093
2020-10-14T00:00:00Z,0.07273649
2020-10-13T00:00:00Z,0.06663907
2020-10-12T00:00:00Z,0.07439337
2020-10-11T00:00:00Z,0.05531023
2020-10-10T00:00:00Z,0.07822804
2020-10-09T00:00:00Z,0.11097437
2020-10-08T00:00:00Z,0.09244888
2020-10-07T00:00:00Z,0.1053852
2020-10-06T00:00:00Z,0.12239145
2020-10-05T00:00:00Z,0.10098056
2020-10-04T00:00:00Z,0.05351301
2020-10-03T00:00:00Z,0.07079777
2020-10-02T00:00:00Z,0.12597497
2020-10-01T00:00:00Z,0.11633776
2020-09-30T00:00:00Z,0.08879863
2020-09-29T00:00:00Z,0.08605348
2020-09-28T00:00:00Z,0.0657365
2020-09-27T00:00:00Z,0.03805764
2020-09-26T00:00:00Z,0.04246096
2020-09-25T00:00:00Z,0.06807784
2020-09-24T00:00:00Z,0.08788754
2020-09-23T00:00:00Z,0.09771738
2020-09-22T00:00:00Z,0.08424649
2020-09-21T00:00:00Z,0.06336385
2020-09-20T00:00:00Z,0.03586038
2020-09-19T00:00:00Z,0.04858123
2020-09-18T00:00:00Z,0.06306251
2020-09-17T00:00:00Z,0.05995458
2020-09-16T00:00:00Z,0.07422723
2020-09-15T00:00:00Z,0.07331167
2020-09-14T00:00:00Z,0.06420578
2020-09-13T00:00:00Z,0.04623421
2020-09-12T00:00:00Z,0.05186056
2020-09-11T00:00:00Z,0.09937389
2020-09-10T00:00:00Z,0.10054714
2020-09-09T00:00:00Z,0.08740866
2020-09-08T00:00:00Z,0.07984509
2020-09-07T00:00:00Z,0.08124361
2020-09-06T00:00:00Z,0.07015926
2020-09-05T00:00:00Z,0.11975316
2020-09-04T00:00:00Z,0.15558583
2020-09-03T00:00:00Z,0.14280317
2020-09-02T00:00:00Z,0.12410852
2020-09-01T00:00:00Z,0.11570322
2020-08-31T00:00:00Z,0.08895478
2020-08-30T00:00:00Z,0.07472747
2020-08-29T00:00:00Z,0.06730956
2020-08-28T00:00:00Z,0.09209212
2020-08-27T00:00:00Z,0.13227129
2020-08-26T00:00:00Z,0.10891086
2020-08-25T00:00:00Z,0.10113602
2020-08-24T00:00:00Z,0.07770139
2020-08-23T00:00:00Z,0.05681344
2020-08-22T00:00:00Z,0.0991058
2020-08-21T00:00:00Z,0.12319089
2020-08-20T00:00:00Z,0.1252433
2020-08-19T00:00:00Z,0.14610911
2020-08-18T00:00:00Z,0.1530568
2020-08-17T00:00:00Z,0.0946841
2020-08-16T00:00:00Z,0.05983592
2020-08-15T00:00:00Z,0.06476118
2020-08-14T00:00:00Z,0.0926303
2020-08-13T00:00:00Z,0.10611252
2020-08-12T00:00:00Z,0.11302067
2020-08-11T00:00:00Z,0.13613913
2020-08-10T00:00:00Z,0.13502774
2020-08-09T00:00:00Z,0.06039376
2020-08-08T00:00:00Z,0.08168629
2020-08-07T00:00:00Z,0.12620305
2020-08-06T00:00:00Z,0.16753506
2020-08-05T00:00:00Z,0.14449204
2020-08-04T00:00:00Z,0.10947085
2020-08-03T00:00:00Z,0.11391214
2020-08-02T00:00:00Z,0.1079472
2020-08-01T00:00:00Z,0.13026531
2020-07-31T00:00:00Z,0.15218367
2020-07-30T00:00:00Z,0.17579089
2020-07-29T00:00:00Z,0.15881587
2020-07-28T00:00:00Z,0.17148265
2020-07-27T00:00:00Z,0.11509571
2020-07-26T00:00:00Z,0.07188812
2020-07-25T00:00:00Z,0.09118837
2020-07-24T00:00:00Z,0.11000976
2020-07-23T00:00:00Z,0.13706194
2020-07-22T00:00:00Z,0.13733183
2020-07-21T00:00:00Z,0.11576641
2020-07-20T00:00:00Z,0.08187686
2020-07-19T00:00:00Z,0.05315956
2020-07-18T00:00:00Z,0.08585908
2020-07-17T00:00:00Z,0.09487631
2020-07-16T00:00:00Z,0.08420821
2020-07-15T00:00:00Z,0.06939868
2020-07-14T00:00:00Z,0.06537633
2020-07-13T00:00:00Z,0.04263794
2020-07-12T00:00:00Z,0.02522635
2020-07-11T00:00:00Z,0.03244956
2020-07-10T00:00:00Z,0.04590839
2020-07-09T00:00:00Z,0.05099735
2020-07-08T00:00:00Z,0.04809798
2020-07-07T00:00:00Z,0.03890162
2020-07-06T00:00:00Z,0.03693015
2020-07-05T00:00:00Z,0.02405454
2020-07-04T00:00:00Z,0.03145774
2020-07-03T00:00:00Z,0.05014866
2020-07-02T00:00:00Z,0.0518162
2020-07-01T00:00:00Z,0.05842482
2020-06-30T00:00:00Z,0.04468277
2020-06-29T00:00:00Z,0.03553976
2020-06-28T00:00:00Z,0.02057991
2020-06-27T00:00:00Z,0.02641837
2020-06-26T00:00:00Z,0.03214439
2020-06-25T00:00:00Z,0.0435058
2020-06-24T00:00:00Z,0.04648996
2020-06-23T00:00:00Z,0.04433372
2020-06-22T00:00:00Z,0.03888494
2020-06-21T00:00:00Z,0.0266453
2020-06-20T00:00:00Z,0.03386142
2020-06-19T00:00:00Z,0.05325572
2020-06-18T00:00:00Z,0.05423342
2020-06-17T00:00:00Z,0.0525025
2020-06-16T00:00:00Z,0.05120692
2020-06-15T00:00:00Z,0.03812178
2020-06-14T00:00:00Z,0.01510654
2020-06-13T00:00:00Z,0.02090392
2020-06-12T00:00:00Z,0.02853028
2020-06-11T00:00:00Z,0.03229913
2020-06-10T00:00:00Z,0.03609747
2020-06-09T00:00:00Z,0.03397942
2020-06-08T00:00:00Z,0.03957654
2020-06-07T00:00:00Z,0.02581081
2020-06-06T00:00:00Z,0.02540031
2020-06-05T00:00:00Z,0.04766626
2020-06-04T00:00:00Z,0.06199756
2020-06-03T00:00:00Z,0.08640582
2020-06-02T00:00:00Z,0.1083052
2020-06-01T00:00:00Z,0.08692541
2020-05-31T00:00:00Z,0.0611165
2020-05-30T00:00:00Z,0.06558398
2020-05-29T00:00:00Z,0.10599595
2020-05-28T00:00:00Z,0.09739071
2020-05-27T00:00:00Z,0.08283617
2020-05-26T00:00:00Z,0.09406993
2020-05-25T00:00:00Z,0.10573892
2020-05-24T00:00:00Z,0.09197508
2020-05-23T00:00:00Z,0.12683141
2020-05-22T00:00:00Z,0.18611155
2020-05-21T00:00:00Z,0.19750045
2020-05-20T00:00:00Z,0.211063
2020-05-19T00:00:00Z,0.20236268
2020-05-18T00:00:00Z,0.17004666
2020-05-17T00:00:00Z,0.13635457
2020-05-16T00:00:00Z,0.12091376
2020-05-15T00:00:00Z,0.17155252
2020-05-14T00:00:00Z,0.16967007
2020-05-13T00:00:00Z,0.12768047
2020-05-12T00:00:00Z,0.10741527
2020-05-11T00:00:00Z,0.04660682
2020-05-10T00:00:00Z,0.02891484
2020-05-09T00:00:00Z,0.04871705
2020-05-08T00:00:00Z,0.05730578
2020-05-07T00:00:00Z,0.04586011
2020-05-06T00:00:00Z,0.03438032
2020-05-05T00:00:00Z,0.0351257
2020-05-04T00:00:00Z,0.03283885
2020-05-03T00:00:00Z,0.0265521
2020-05-02T00:00:00Z,0.03557532
2020-05-01T00:00:00Z,0.05884384
2020-04-30T00:00:00Z,0.05945675
2020-04-29T00:00:00Z,0.02774695
2020-04-28T00:00:00Z,0.01423391
2020-04-27T00:00:00Z,0.01568201
2020-04-26T00:00:00Z,0.01197196
2020-04-25T00:00:00Z,0.0160979
2020-04-24T00:00:00Z,0.02017438
2020-04-23T00:00:00Z,0.02264353
2020-04-22T00:00:00Z,0.01525871
2020-04-21T00:00:00Z,0.01239542
2020-04-20T00:00:00Z,0.01080214
2020-04-19T00:00:00Z,0.00812795
2020-04-18T00:00:00Z,0.00965949
2020-04-17T00:00:00Z,0.01583393
2020-04-16T00:00:00Z,0.01466015
2020-04-15T00:00:00Z,0.01240938
2020-04-14T00:00:00Z,0.01058656
2020-04-13T00:00:00Z,0.00777247
2020-04-12T00:00:00Z,0.00668157
2020-04-11T00:00:00Z,0.00687196
2020-04-10T00:00:00Z,0.01009911
2020-04-09T00:00:00Z,0.01195709
2020-04-08T00:00:00Z,0.01243389
2020-04-07T00:00:00Z,0.01191541
2020-04-06T00:00:00Z,0.01295017
2020-04-05T00:00:00Z,0.00620104
2020-04-04T00:00:00Z,0.00842277
2020-04-03T00:00:00Z,0.01541102
2020-04-02T00:00:00Z,0.01291056
2020-04-01T00:00:00Z,0.01379057
2020-03-31T00:00:00Z,0.01441125
2020-03-30T00:00:00Z,0.01408075
2020-03-29T00:00:00Z,0.01103549
2020-03-28T00:00:00Z,0.01679174
2020-03-27T00:00:00Z,0.02100904
2020-03-26T00:00:00Z,0.0267905
2020-03-25T00:00:00Z,0.03798035
2020-03-24T00:00:00Z,0.02640139
2020-03-23T00:00:00Z,0.03543037
2020-03-22T00:00:00Z,0.02057065
2020-03-21T00:00:00Z,0.02947927
2020-03-20T00:00:00Z,0.05545269
2020-03-19T00:00:00Z,0.04869068
2020-03-18T00:00:00Z,0.04490596
2020-03-17T00:00:00Z,0.03891351
2020-03-16T00:00:00Z,0.03974412
2020-03-15T00:00:00Z,0.02892549
2020-03-14T00:00:00Z,0.03198474
2020-03-13T00:00:00Z,0.05119774
2020-03-12T00:00:00Z,0.03039465
2020-03-11T00:00:00Z,0.01948603
2020-03-10T00:00:00Z,0.01665212
2020-03-09T00:00:00Z,0.01347569
2020-03-08T00:00:00Z,0.0081071
2020-03-07T00:00:00Z,0.00935799
2020-03-06T00:00:00Z,0.01355949
2020-03-05T00:00:00Z,0.01125451
2020-03-04T00:00:00Z,0.01148682
2020-03-03T00:00:00Z,0.01275909
2020-03-02T00:00:00Z,0.01216641
2020-03-01T00:00:00Z,0.00648718
2020-02-29T00:00:00Z,0.01053754
2020-02-28T00:00:00Z,0.01313287
2020-02-27T00:00:00Z,0.01448428
2020-02-26T00:00:00Z,0.01694277
2020-02-25T00:00:00Z,0.01345258
2020-02-24T00:00:00Z,0.01283967
2020-02-23T00:00:00Z,0.00927693
2020-02-22T00:00:00Z,0.00980752
2020-02-21T00:00:00Z,0.01208312
2020-02-20T00:00:00Z,0.0173426
2020-02-19T00:00:00Z,0.01751941
2020-02-18T00:00:00Z,0.01581423
2020-02-17T00:00:00Z,0.0127265
2020-02-16T00:00:00Z,0.01202236
2020-02-15T00:00:00Z,0.01582892
2020-02-14T00:00:00Z,0.01870855
2020-02-13T00:00:00Z,0.01973249
2020-02-12T00:00:00Z,0.02063481
2020-02-11T00:00:00Z,0.01844917
2020-02-10T00:00:00Z,0.0177644
2020-02-09T00:00:00Z,0.01025802
2020-02-08T00:00:00Z,0.01213126
2020-02-07T00:00:00Z,0.01781644
2020-02-06T00:00:00Z,0.01580908
2020-02-05T00:00:00Z,0.01263892
2020-02-04T00:00:00Z,0.01418726
2020-02-03T00:00:00Z,0.01150561
2020-02-02T00:00:00Z,0.00939278
2020-02-01T00:00:00Z,0.00917678
2020-01-31T00:00:00Z,0.01236267
2020-01-30T00:00:00Z,0.00997429
2020-01-29T00:00:00Z,0.01010934
2020-01-28T00:00:00Z,0.01278506
2020-01-27T00:00:00Z,0.01212278
2020-01-26T00:00:00Z,0.00588018
2020-01-25T00:00:00Z,0.00552697
2020-01-24T00:00:00Z,0.00840291
2020-01-23T00:00:00Z,0.01047406
2020-01-22T00:00:00Z,0.01099546
2020-01-21T00:00:00Z,0.01061503
2020-01-20T00:00:00Z,0.0092522
2020-01-19T00:00:00Z,0.00873246
2020-01-18T00:00:00Z,0.01065231
2020-01-17T00:00:00Z,0.01207541
2020-01-16T00:00:00Z,0.01185892
2020-01-15T00:00:00Z,0.01634208
2020-01-14T00:00:00Z,0.01426077
2020-01-13T00:00:00Z,0.00976717
2020-01-12T00:00:00Z,0.00764006
2020-01-11T00:00:00Z,0.00894191
2020-01-10T00:00:00Z,0.01718418
2020-01-09T00:00:00Z,0.01494829
2020-01-08T00:00:00Z,0.01707292
2020-01-07T00:00:00Z,0.0114856
2020-01-06T00:00:00Z,0.01199836
2020-01-05T00:00:00Z,0.00580033
2020-01-04T00:00:00Z,0.00582876
2020-01-03T00:00:00Z,0.00769875
2020-01-02T00:00:00Z,0.00775826
2020-01-01T00:00:00Z,0.00456345
2019-12-31T00:00:00Z,0.00812224
2019-12-30T00:00:00Z,0.00760573
2019-12-29T00:00:00Z,0.00646592
2019-12-28T00:00:00Z,0.00735697
2019-12-27T00:00:00Z,0.00935515
2019-12-26T00:00:00Z,0.00897835
2019-12-25T00:00:00Z,0.00814067
2019-12-24T00:00:00Z,0.01114384
2019-12-23T00:00:00Z,0.01044695
2019-12-22T00:00:00Z,0.00602459
2019-12-21T00:00:00Z,0.00749314
2019-12-20T00:00:00Z,0.01289673
2019-12-19T00:00:00Z,0.01442108
2019-12-18T00:00:00Z,0.01614298
2019-12-17T00:00:00Z,0.01284128
2019-12-16T00:00:00Z,0.01116726
2019-12-15T00:00:00Z,0.01302037
2019-12-14T00:00:00Z,0.00807417
2019-12-13T00:00:00Z,0.01168869
2019-12-12T00:00:00Z,0.0133905
2019-12-11T00:00:00Z,0.01469258
2019-12-10T00:00:00Z,0.01239692
2019-12-09T00:00:00Z,0.01165748
2019-12-08T00:00:00Z,0.00777874
2019-12-07T00:00:00Z,0.00923348
2019-12-06T00:00:00Z,0.01362312
2019-12-05T00:00:00Z,0.01266064
2019-12-04T00:00:00Z,0.01395602
2019-12-03T00:00:00Z,0.01273563
2019-12-02T00:00:00Z,0.01419081
2019-12-01T00:00:00Z,0.01245234
2019-11-30T00:00:00Z,0.01699524
2019-11-29T00:00:00Z,0.01887596
2019-11-28T00:00:00Z,0.01268224
2019-11-27T00:00:00Z,0.01911543
2019-11-26T00:00:00Z,0.0254775
2019-11-25T00:00:00Z,0.02018263
2019-11-24T00:00:00Z,0.01028381
2019-11-23T00:00:00Z,0.0098661
2019-11-22T00:00:00Z,0.02368075
2019-11-21T00:00:00Z,0.02107025
2019-11-20T00:00:00Z,0.01518214
2019-11-19T00:00:00Z,0.01836048
2019-11-18T00:00:00Z,0.01565236
2019-11-17T00:00:00Z,0.01083266
2019-11-16T00:00:00Z,0.01224463
2019-11-15T00:00:00Z,0.01478992
2019-11-14T00:00:00Z,0.013837
2019-11-13T00:00:00Z,0.01992964
2019-11-12T00:00:00Z,0.01669736
2019-11-11T00:00:00Z,0.01542067
2019-11-10T00:00:00Z,0.0113711
2019-11-09T00:00:00Z,0.01609376
2019-11-08T00:00:00Z,0.02491869
2019-11-07T00:00:00Z,0.02300577
2019-11-06T00:00:00Z,0.02289702
2019-11-05T00:00:00Z,0.02371945
2019-11-04T00:00:00Z,0.02843326
2019-11-03T00:00:00Z,0.01488588
2019-11-02T00:00:00Z,0.01626265
2019-11-01T00:00:00Z,0.02413406
2019-10-31T00:00:00Z,0.02104177
2019-10-30T00:00:00Z,0.01969472
2019-10-29T00:00:00Z,0.02088978
2019-10-28T00:00:00Z,0.02217426
2019-10-27T00:00:00Z,0.02308609
2019-10-26T00:00:00Z,0.02661856
2019-10-25T00:00:00Z,0.02049115
2019-10-24T00:00:00Z,0.01712126
2019-10-23T00:00:00Z,0.01457972
2019-10-22T00:00:00Z,0.01040697
2019-10-21T00:00:00Z,0.0102745
2019-10-20T00:00:00Z,0.00860662
2019-10-19T00:00:00Z,0.01020864
2019-10-18T00:00:00Z,0.0123181
2019-10-17T00:00:00Z,0.01336759
2019-10-16T00:00:00Z,0.01592576
2019-10-15T00:00:00Z,0.01335878
2019-10-14T00:00:00Z,0.01391926
2019-10-13T00:00:00Z,0.00903362
2019-10-12T00:00:00Z,0.01233463
2019-10-11T00:00:00Z,0.01407105
2019-10-10T00:00:00Z,0.01625801
2019-10-09T00:00:00Z,0.01729904
2019-10-08T00:00:00Z,0.01347481
2019-10-07T00:00:00Z,0.01259
2019-10-06T00:00:00Z,0.00877651
2019-10-05T00:00:00Z,0.00960215
2019-10-04T00:00:00Z,0.01490571
2019-10-03T00:00:00Z,0.02020066
2019-10-02T00:00:00Z,0.01971185
2019-10-01T00:00:00Z,0.02629148
2019-09-30T00:00:00Z,0.02461762
2019-09-29T00:00:00Z,0.0122031
2019-09-28T00:00:00Z,0.011521
2019-09-27T00:00:00Z,0.02034318
2019-09-26T00:00:00Z,0.01504129
2019-09-25T00:00:00Z,0.02148948
2019-09-24T00:00:00Z,0.01922151
2019-09-23T00:00:00Z,0.02209409
2019-09-22T00:00:00Z,0.00979576
2019-09-21T00:00:00Z,0.01115158
2019-09-20T00:00:00Z,0.0166905
2019-09-19T00:00:00Z,0.0193714
2019-09-18T00:00:00Z,0.01544769
2019-09-17T00:00:00Z,0.01838088
2019-09-16T00:00:00Z,0.01415679
2019-09-15T00:00:00Z,0.00983057
2019-09-14T00:00:00Z,0.01073498
2019-09-13T00:00:00Z,0.01447561
2019-09-12T00:00:00Z,0.01472282
2019-09-11T00:00:00Z,0.01489553
2019-09-10T00:00:00Z,0.01615184
2019-09-09T00:00:00Z,0.01760854
2019-09-08T00:00:00Z,0.0097336
2019-09-07T00:00:00Z,0.01404947
2019-09-06T00:00:00Z,0.01858301
2019-09-05T00:00:00Z,0.01747954
2019-09-04T00:00:00Z,0.0214953
2019-09-03T00:00:00Z,0.01865904
2019-09-02T00:00:00Z,0.01520744
2019-09-01T00:00:00Z,0.01109907
2019-08-31T00:00:00Z,0.01145164
2019-08-30T00:00:00Z,0.01693841
2019-08-29T00:00:00Z,0.01617876
2019-08-28T00:00:00Z,0.01762821
2019-08-27T00:00:00Z,0.01974074
2019-08-26T00:00:00Z,0.01900147
2019-08-25T00:00:00Z,0.01101489
2019-08-24T00:00:00Z,0.01482249
2019-08-23T00:00:00Z,0.02122543
2019-08-22T00:00:00Z,0.02972686
2019-08-21T00:00:00Z,0.02980545
2019-08-20T00:00:00Z,0.02383132
2019-08-19T00:00:00Z,0.02004141
2019-08-18T00:00:00Z,0.01818529
2019-08-17T00:00:00Z,0.02163561
2019-08-16T00:00:00Z,0.02717826
2019-08-15T00:00:00Z,0.02670569
2019-08-14T00:00:00Z,0.0299697
2019-08-13T00:00:00Z,0.03685259
2019-08-12T00:00:00Z,0.02950514
2019-08-11T00:00:00Z,0.01561921
2019-08-10T00:00:00Z,0.02059492
2019-08-09T00:00:00Z,0.03433512
2019-08-08T00:00:00Z,0.03812793
2019-08-07T00:00:00Z,0.03571119
2019-08-06T00:00:00Z,0.02225386
2019-08-05T00:00:00Z,0.02309495
2019-08-04T00:00:00Z,0.0093593
2019-08-03T00:00:00Z,0.01254712
2019-08-02T00:00:00Z,0.02071604
2019-08-01T00:00:00Z,0.02565276
2019-07-31T00:00:00Z,0.02446964
2019-07-30T00:00:00Z,0.03281741
2019-07-29T00:00:00Z,0.01857504
2019-07-28T00:00:00Z,0.01195398
2019-07-27T00:00:00Z,0.017093
2019-07-26T00:00:00Z,0.02192721
2019-07-25T00:00:00Z,0.02908172
2019-07-24T00:00:00Z,0.02792246
2019-07-23T00:00:00Z,0.02812454
2019-07-22T00:00:00Z,0.02655673
2019-07-21T00:00:00Z,0.01976325
2019-07-20T00:00:00Z,0.02212102
2019-07-19T00:00:00Z,0.0459884
2019-07-18T00:00:00Z,0.0455037
2019-07-17T00:00:00Z,0.03734905
2019-07-16T00:00:00Z,0.03003234
2019-07-15T00:00:00Z,0.03383815
2019-07-14T00:00:00Z,0.02197777
2019-07-13T00:00:00Z,0.02456287
2019-07-12T00:00:00Z,0.03184369
2019-07-11T00:00:00Z,0.04691071
2019-07-10T00:00:00Z,0.05043331
2019-07-09T00:00:00Z,0.03570401
2019-07-08T00:00:00Z,0.02942714
2019-07-07T00:00:00Z,0.02329614
2019-07-06T00:00:00Z,0.0222434
2019-07-05T00:00:00Z,0.03112571
2019-07-04T00:00:00Z,0.03861302
2019-07-03T00:00:00Z,0.04220855
2019-07-02T00:00:00Z,0.05632863
2019-07-01T00:00:00Z,0.06630574
2019-06-30T00:00:00Z,0.05233061
2019-06-29T00:00:00Z,0.04762571
2019-06-28T00:00:00Z,0.08210981
2019-06-27T00:00:00Z,0.1013119
2019-06-26T00:00:00Z,0.08193176
2019-06-25T00:00:00Z,0.06223061
2019-06-24T00:00:00Z,0.04411058
2019-06-23T00:00:00Z,0.03466062
2019-06-22T00:00:00Z,0.06497639
2019-06-21T00:00:00Z,0.0705709
2019-06-20T00:00:00Z,0.05848682
2019-06-19T00:00:00Z,0.04561834
2019-06-18T00:00:00Z,0.05410222
2019-06-17T00:00:00Z,0.06616852
2019-06-16T00:00:00Z,0.04375772
2019-06-15T00:00:00Z,0.04134134
2019-06-14T00:00:00Z,0.05288151
2019-06-13T00:00:00Z,0.05481101
2019-06-12T00:00:00Z,0.06234061
2019-06-11T00:00:00Z,0.05826244
2019-06-10T00:00:00Z,0.04932836
2019-06-09T00:00:00Z,0.03314441
2019-06-08T00:00:00Z,0.045193
2019-06-07T00:00:00Z,0.05116159
2019-06-06T00:00:00Z,0.058613
2019-06-05T00:00:00Z,0.07382823
2019-06-04T00:00:00Z,0.10169007
2019-06-03T00:00:00Z,0.11799233
2019-06-02T00:00:00Z,0.06745399
2019-06-01T00:00:00Z,0.07788373
2019-05-31T00:00:00Z,0.12295812
2019-05-30T00:00:00Z,0.08600948
2019-05-29T00:00:00Z,0.0792028
2019-05-28T00:00:00Z,0.08602523
2019-05-27T00:00:00Z,0.0831484
2019-05-26T00:00:00Z,0.04442492
2019-05-25T00:00:00Z,0.06821656
2019-05-24T00:00:00Z,0.09118262
2019-05-23T00:00:00Z,0.07665533
2019-05-22T00:00:00Z,0.07805641
2019-05-21T00:00:00Z,0.09573673
2019-05-20T00:00:00Z,0.08464474
2019-05-19T00:00:00Z,0.05809412
2019-05-18T00:00:00Z,0.06583703
2019-05-17T00:00:00Z,0.10746652
2019-05-16T00:00:00Z,0.11128027
2019-05-15T00:00:00Z,0.09361181
2019-05-14T00:00:00Z,0.06527706
2019-05-13T00:00:00Z,0.05100717
2019-05-12T00:00:00Z,0.05006067
2019-05-11T00:00:00Z,0.07149403
2019-05-10T00:00:00Z,0.07338419
2019-05-09T00:00:00Z,0.05396513
2019-05-08T00:00:00Z,0.05581038
2019-05-07T00:00:00Z,0.05495789
2019-05-06T00:00:00Z,0.03885896
2019-05-05T00:00:00Z,0.03752736
2019-05-04T00:00:00Z,0.03544261
2019-05-03T00:00:00Z,0.04102023
2019-05-02T00:00:00Z,0.02736521
2019-05-01T00:00:00Z,0.02978733
2019-04-30T00:00:00Z,0.04657333
2019-04-29T00:00:00Z,0.03365247
2019-04-28T00:00:00Z,0.02299448
2019-04-27T00:00:00Z,0.03079987
2019-04-26T00:00:00Z,0.04621015
2019-04-25T00:00:00Z,0.05011204
2019-04-24T00:00:00Z,0.06026955
2019-04-23T00:00:00Z,0.06238757
2019-04-22T00:00:00Z,0.04018443
2019-04-21T00:00:00Z,0.02424348
2019-04-20T00:00:00Z,0.03426005
2019-04-19T00:00:00Z,0.03964401
2019-04-18T00:00:00Z,0.0374277
2019-04-17T00:00:00Z,0.04280988
2019-04-16T00:00:00Z,0.04053251
2019-04-15T00:00:00Z,0.04175046
2019-04-14T00:00:00Z,0.03628847
2019-04-13T00:00:00Z,0.03776039
2019-04-12T00:00:00Z,0.0505847
2019-04-11T00:00:00Z,0.05548461
2019-04-10T00:00:00Z,0.05698146
2019-04-09T00:00:00Z,0.06511638
2019-04-08T00:00:00Z,0.06591341
2019-04-07T00:00:00Z,0.04627472
2019-04-06T00:00:00Z,0.04446212
2019-04-05T00:00:00Z,0.05494392
2019-04-04T00:00:00Z,0.08110606
2019-04-03T00:00:00Z,0.07412382
2019-04-02T00:00:00Z,0.05512294
2019-04-01T00:00:00Z,0.03510336
2019-03-31T00:00:00Z,0.02503445
2019-03-30T00:00:00Z,0.03050694
2019-03-29T00:00:00Z,0.03339436
2019-03-28T00:00:00Z,0.02553208
2019-03-27T00:00:00Z,0.02513478
2019-03-26T00:00:00Z,0.02127769
2019-03-25T00:00:00Z,0.01553903
2019-03-24T00:00:00Z,0.00829137
2019-03-23T00:00:00Z,0.00980572
2019-03-22T00:00:00Z,0.01330967
2019-03-21T00:00:00Z,0.01948975
2019-03-20T00:00:00Z,0.01333519
2019-03-19T00:00:00Z,0.01015275
2019-03-18T00:00:00Z,0.01099567
2019-03-17T00:00:00Z,0.00911113
2019-03-16T00:00:00Z,0.01085655
2019-03-15T00:00:00Z,0.01601363
2019-03-14T00:00:00Z,0.01901932
2019-03-13T00:00:00Z,0.02091224
2019-03-12T00:00:00Z,0.01731952
2019-03-11T00:00:00Z,0.01706802
2019-03-10T00:00:00Z,0.0111028
2019-03-09T00:00:00Z,0.01402891
2019-03-08T00:00:00Z,0.01857143
2019-03-07T00:00:00Z,0.02104551
2019-03-06T00:00:00Z,0.02345946
2019-03-05T00:00:00Z,0.01534405
2019-03-04T00:00:00Z,0.01634726
2019-03-03T00:00:00Z,0.01158172
2019-03-02T00:00:00Z,0.01511443
2019-03-01T00:00:00Z,0.01483159
2019-02-28T00:00:00Z,0.01590091
2019-02-27T00:00:00Z,0.01819511
2019-02-26T00:00:00Z,0.01749958
2019-02-25T00:00:00Z,0.02127379
2019-02-24T00:00:00Z,0.01696583
2019-02-23T00:00:00Z,0.01403213
2019-02-22T00:00:00Z,0.01890144
2019-02-21T00:00:00Z,0.02280597
2019-02-20T00:00:00Z,0.02271031
2019-02-19T00:00:00Z,0.01841995
2019-02-18T00:00:00Z,0.01494943
2019-02-17T00:00:00Z,0.0095543
2019-02-16T00:00:00Z,0.01178778
2019-02-15T00:00:00Z,0.01639779
2019-02-14T00:00:00Z,0.01463671
2019-02-13T00:00:00Z,0.01829314
2019-02-12T00:00:00Z,0.02099718
2019-02-11T00:00:00Z,0.01260487
2019-02-10T00:00:00Z,0.00772318
2019-02-09T00:00:00Z,0.00937927
2019-02-08T00:00:00Z,0.01015858
2019-02-07T00:00:00Z,0.00763841
2019-02-06T00:00:00Z,0.01051772
2019-02-05T00:00:00Z,0.00927951
2019-02-04T00:00:00Z,0.00921397
2019-02-03T00:00:00Z,0.00847437
2019-02-02T00:00:00Z,0.01040514
2019-02-01T00:00:00Z,0.01648852
2019-01-31T00:00:00Z,0.01476519
2019-01-30T00:00:00Z,0.01233045
2019-01-29T00:00:00Z,0.01252593
2019-01-28T00:00:00Z,0.01315604
2019-01-27T00:00:00Z,0.00920376
2019-01-26T00:00:00Z,0.01049153
2019-01-25T00:00:00Z,0.01418623
2019-01-24T00:00:00Z,0.01122516
2019-01-23T00:00:00Z,0.01227099
2019-01-22T00:00:00Z,0.01269844
2019-01-21T00:00:00Z,0.01051183
2019-01-20T00:00:00Z,0.00729551
2019-01-19T00:00:00Z,0.01046221
2019-01-18T00:00:00Z,0.01198108
2019-01-17T00:00:00Z,0.01457963
2019-01-16T00:00:00Z,0.0148611
2019-01-15T00:00:00Z,0.01268762
2019-01-14T00:00:00Z,0.01062115
2019-01-13T00:00:00Z,0.00821062
2019-01-12T00:00:00Z,0.00982866
2019-01-11T00:00:00Z,0.01294335
2019-01-10T00:00:00Z,0.01308055
2019-01-09T00:00:00Z,0.01165275
2019-01-08T00:00:00Z,0.00981831
2019-01-07T00:00:00Z,0.01336552
2019-01-06T00:00:00Z,0.00932782
2019-01-05T00:00:00Z,0.00598656
2019-01-04T00:00:00Z,0.01040299
2019-01-03T00:00:00Z,0.00979616
2019-01-02T00:00:00Z,0.00946734
2019-01-01T00:00:00Z,0.00599271
2018-12-31T00:00:00Z,0.00814393
2018-12-30T00:00:00Z,0.00628349
2018-12-29T00:00:00Z,0.00879871
2018-12-28T00:00:00Z,0.00853524
2018-12-27T00:00:00Z,0.00771772
2018-12-26T00:00:00Z,0.00820053
2018-12-25T00:00:00Z,0.00911699
2018-12-24T00:00:00Z,0.01196929
2018-12-23T00:00:00Z,0.00697354
2018-12-22T00:00:00Z,0.00851048
2018-12-21T00:00:00Z,0.01738333
2018-12-20T00:00:00Z,0.01610846
2018-12-19T00:00:00Z,0.01737315
2018-12-18T00:00:00Z,0.01634004
2018-12-17T00:00:00Z,0.0103789
2018-12-16T00:00:00Z,0.01022396
2018-12-15T00:00:00Z,0.00976843
2018-12-14T00:00:00Z,0.01356437
2018-12-13T00:00:00Z,0.01330948
2018-12-12T00:00:00Z,0.01468629
2018-12-11T00:00:00Z,0.01470471
2018-12-10T00:00:00Z,0.01460472
2018-12-09T00:00:00Z,0.01041145
2018-12-08T00:00:00Z,0.01228952
2018-12-07T00:00:00Z,0.02142251
2018-12-06T00:00:00Z,0.01659447
2018-12-05T00:00:00Z,0.01593346
2018-12-04T00:00:00Z,0.01793344
2018-12-03T00:00:00Z,0.02137633
2018-12-02T00:00:00Z,0.0160507
2018-12-01T00:00:00Z,0.01968058
2018-11-30T00:00:00Z,0.03128889
2018-11-29T00:00:00Z,0.03320072
2018-11-28T00:00:00Z,0.02559058
2018-11-27T00:00:00Z,0.02231984
2018-11-26T00:00:00Z,0.02684779
2018-11-25T00:00:00Z,0.01976592
2018-11-24T00:00:00Z,0.01714429
2018-11-23T00:00:00Z,0.02312266
2018-11-22T00:00:00Z,0.02501973
2018-11-21T00:00:00Z,0.03666201
2018-11-20T00:00:00Z,0.04034486
2018-11-19T00:00:00Z,0.02474938
2018-11-18T00:00:00Z,0.01159565
2018-11-17T00:00:00Z,0.01175049
2018-11-16T00:00:00Z,0.02290878
2018-11-15T00:00:00Z,0.0237685
2018-11-14T00:00:00Z,0.01507209
2018-11-13T00:00:00Z,0.01190491
2018-11-12T00:00:00Z,0.01083671
2018-11-11T00:00:00Z,0.00768826
2018-11-10T00:00:00Z,0.01006512
2018-11-09T00:00:00Z,0.01393165
2018-11-08T00:00:00Z,0.01369346
2018-11-07T00:00:00Z,0.01236123
2018-11-06T00:00:00Z,0.0118479
2018-11-05T00:00:00Z,0.01027594
2018-11-04T00:00:00Z,0.00827936
2018-11-03T00:00:00Z,0.00670841
2018-11-02T00:00:00Z,0.01014756
2018-11-01T00:00:00Z,0.00898829
2018-10-31T00:00:00Z,0.00810665
2018-10-30T00:00:00Z,0.00965721
2018-10-29T00:00:00Z,0.01062785
2018-10-28T00:00:00Z,0.00934832
2018-10-27T00:00:00Z,0.00764494
2018-10-26T00:00:00Z,0.00992298
2018-10-25T00:00:00Z,0.01013846
2018-10-24T00:00:00Z,0.01185196
2018-10-23T00:00:00Z,0.00854113
2018-10-22T00:00:00Z,0.00854545
2018-10-21T00:00:00Z,0.0071737
2018-10-20T00:00:00Z,0.00795033
2018-10-19T00:00:00Z,0.0098506
2018-10-18T00:00:00Z,0.01036067
2018-10-17T00:00:00Z,0.01080946
2018-10-16T00:00:00Z,0.01131896
2018-10-15T00:00:00Z,0.01127682
2018-10-14T00:00:00Z,0.008639
2018-10-13T00:00:00Z,0.00748107
2018-10-12T00:00:00Z,0.01105571
2018-10-11T00:00:00Z,0.00918144
2018-10-10T00:00:00Z,0.00861073
2018-10-09T00:00:00Z,0.01015207
2018-10-08T00:00:00Z,0.00985509
2018-10-07T00:00:00Z,0.00730773
2018-10-06T00:00:00Z,0.01112525
2018-10-05T00:00:00Z,0.01296012
2018-10-04T00:00:00Z,0.00987964
2018-10-03T00:00:00Z,0.01164998
2018-10-02T00:00:00Z,0.01479827
2018-10-01T00:00:00Z,0.01092903
2018-09-30T00:00:00Z,0.00751509
2018-09-29T00:00:00Z,0.00995612
2018-09-28T00:00:00Z,0.01480014
2018-09-27T00:00:00Z,0.01305991
2018-09-26T00:00:00Z,0.0114551
2018-09-25T00:00:00Z,0.00952607
2018-09-24T00:00:00Z,0.00831325
2018-09-23T00:00:00Z,0.00766211
2018-09-22T00:00:00Z,0.00953706
2018-09-21T00:00:00Z,0.01402959
2018-09-20T00:00:00Z,0.00939756
2018-09-19T00:00:00Z,0.00868965
2018-09-18T00:00:00Z,0.01059841
2018-09-17T00:00:00Z,0.01023936
2018-09-16T00:00:00Z,0.00746623
2018-09-15T00:00:00Z,0.00889163
2018-09-14T00:00:00Z,0.01269668
2018-09-13T00:00:00Z,0.01085284
2018-09-12T00:00:00Z,0.01125959
2018-09-11T00:00:00Z,0.01303339
2018-09-10T00:00:00Z,0.01169864
2018-09-09T00:00:00Z,0.00893553
2018-09-08T00:00:00Z,0.00993726
2018-09-07T00:00:00Z,0.01448293
2018-09-06T00:00:00Z,0.01641411
2018-09-05T00:00:00Z,0.01892425
2018-09-04T00:00:00Z,0.015075
2018-09-03T00:00:00Z,0.01094335
2018-09-02T00:00:00Z,0.0089761
2018-09-01T00:00:00Z,0.01007584
2018-08-31T00:00:00Z,0.01286776
2018-08-30T00:00:00Z,0.0123652
2018-08-29T00:00:00Z,0.01342734
2018-08-28T00:00:00Z,0.02309504
2018-08-27T00:00:00Z,0.01392479
2018-08-26T00:00:00Z,0.01269368
2018-08-25T00:00:00Z,0.01232798
2018-08-24T00:00:00Z,0.0103861
2018-08-23T00:00:00Z,0.01026054
2018-08-22T00:00:00Z,0.01199155
2018-08-21T00:00:00Z,0.01320296
2018-08-20T00:00:00Z,0.01526851
2018-08-19T00:00:00Z,0.00931699
2018-08-18T00:00:00Z,0.00815953
2018-08-17T00:00:00Z,0.01292766
2018-08-16T00:00:00Z,0.01202958
2018-08-15T00:00:00Z,0.01089286
2018-08-14T00:00:00Z,0.01532378
2018-08-13T00:00:00Z,0.01051274
2018-08-12T00:00:00Z,0.00655049
2018-08-11T00:00:00Z,0.00719051
2018-08-10T00:00:00Z,0.00919401
2018-08-09T00:00:00Z,0.0110183
2018-08-08T00:00:00Z,0.01046305
2018-08-07T00:00:00Z,0.00976611
2018-08-06T00:00:00Z,0.01072375
2018-08-05T00:00:00Z,0.00676884
2018-08-04T00:00:00Z,0.00775508
2018-08-03T00:00:00Z,0.01106411
2018-08-02T00:00:00Z,0.01300971
2018-08-01T00:00:00Z,0.01122369
2018-07-31T00:00:00Z,0.01373152
2018-07-30T00:00:00Z,0.01446118
2018-07-29T00:00:00Z,0.0073205
2018-07-28T00:00:00Z,0.00915611
2018-07-27T00:00:00Z,0.0098301
2018-07-26T00:00:00Z,0.01144577
2018-07-25T00:00:00Z,0.01197869
2018-07-24T00:00:00Z,0.01469551
2018-07-23T00:00:00Z,0.0124318
2018-07-22T00:00:00Z,0.00645144
2018-07-21T00:00:00Z,0.0100459
2018-07-20T00:00:00Z,0.01185152
2018-07-19T00:00:00Z,0.01330705
2018-07-18T00:00:00Z,0.01442192
2018-07-17T00:00:00Z,0.01239394
2018-07-16T00:00:00Z,0.01549798
2018-07-15T00:00:00Z,0.00910622
2018-07-14T00:00:00Z,0.00894935
2018-07-13T00:00:00Z,0.0108106
2018-07-12T00:00:00Z,0.01046144
2018-07-11T00:00:00Z,0.01196908
2018-07-10T00:00:00Z,0.01212538
2018-07-09T00:00:00Z,0.01158542
2018-07-08T00:00:00Z,0.00785916
2018-07-07T00:00:00Z,0.00842568
2018-07-06T00:00:00Z,0.01073492
2018-07-05T00:00:00Z,0.01141049
2018-07-04T00:00:00Z,0.01269907
2018-07-03T00:00:00Z,0.01887986
2018-07-02T00:00:00Z,0.0131472
2018-07-01T00:00:00Z,0.00905622
2018-06-30T00:00:00Z,0.01321541
2018-06-29T00:00:00Z,0.01431432
2018-06-28T00:00:00Z,0.0136502
2018-06-27T00:00:00Z,0.02081939
2018-06-26T00:00:00Z,0.01741403
2018-06-25T00:00:00Z,0.01736455
2018-06-24T00:00:00Z,0.01248809
2018-06-23T00:00:00Z,0.01571799
2018-06-22T00:00:00Z,0.0352359
2018-06-21T00:00:00Z,0.03344073
2018-06-20T00:00:00Z,0.09495829
2018-06-19T00:00:00Z,0.04146257
2018-06-18T00:00:00Z,0.00847532
2018-06-17T00:00:00Z,0.01182737
2018-06-16T00:00:00Z,0.00786168
2018-06-15T00:00:00Z,0.01198254
2018-06-14T00:00:00Z,0.01443802
2018-06-13T00:00:00Z,0.02050191
2018-06-12T00:00:00Z,0.01194203
2018-06-11T00:00:00Z,0.01390174
2018-06-10T00:00:00Z,0.01041076
2018-06-09T00:00:00Z,0.01035726
2018-06-08T00:00:00Z,0.00980759
2018-06-07T00:00:00Z,0.01143141
2018-06-06T00:00:00Z,0.01047841
2018-06-05T00:00:00Z,0.00839893
2018-06-04T00:00:00Z,0.00897264
2018-06-03T00:00:00Z,0.00745681
2018-06-02T00:00:00Z,0.00849481
2018-06-01T00:00:00Z,0.00972369
2018-05-31T00:00:00Z,0.01008739
2018-05-30T00:00:00Z,0.01031193
2018-05-29T00:00:00Z,0.0162144
2018-05-28T00:00:00Z,0.01471561
2018-05-27T00:00:00Z,0.00940863
2018-05-26T00:00:00Z,0.01099581
2018-05-25T00:00:00Z,0.01361965
2018-05-24T00:00:00Z,0.01637285
2018-05-23T00:00:00Z,0.01499171
2018-05-22T00:00:00Z,0.01385778
2018-05-21T00:00:00Z,0.01569331
2018-05-20T00:00:00Z,0.01369277
2018-05-19T00:00:00Z,0.01606191
2018-05-18T00:00:00Z,0.03652856
2018-05-17T00:00:00Z,0.03172269
2018-05-16T00:00:00Z,0.01425591
2018-05-15T00:00:00Z,0.02031031
2018-05-14T00:00:00Z,0.02092128
2018-05-13T00:00:00Z,0.01245829
2018-05-12T00:00:00Z,0.01357717
2018-05-11T00:00:00Z,0.02374504
2018-05-10T00:00:00Z,0.01368633
2018-05-09T00:00:00Z,0.01503527
2018-05-08T00:00:00Z,0.0193556
2018-05-07T00:00:00Z,0.01878703
2018-05-06T00:00:00Z,0.01793915
2018-05-05T00:00:00Z,0.01573759
2018-05-04T00:00:00Z,0.02231864
2018-05-03T00:00:00Z,0.02044768
2018-05-02T00:00:00Z,0.02173801
2018-05-01T00:00:00Z,0.01582548
2018-04-30T00:00:00Z,0.01859931
2018-04-29T00:00:00Z,0.01735732
2018-04-28T00:00:00Z,0.02554715
2018-04-27T00:00:00Z,0.03038871
2018-04-26T00:00:00Z,0.03693172
2018-04-25T00:00:00Z,0.05630407
2018-04-24T00:00:00Z,0.0318625
2018-04-23T00:00:00Z,0.01500477
2018-04-22T00:00:00Z,0.01075287
2018-04-21T00:00:00Z,0.01409089
2018-04-20T00:00:00Z,0.01666528
2018-04-19T00:00:00Z,0.0122842
2018-04-18T00:00:00Z,0.01250074
2018-04-17T00:00:00Z,0.01274273
2018-04-16T00:00:00Z,0.01438888
2018-04-15T00:00:00Z,0.01178822
2018-04-14T00:00:00Z,0.01368424
2018-04-13T00:00:00Z,0.01732526
2018-04-12T00:00:00Z,0.01821239
2018-04-11T00:00:00Z,0.0111797
2018-04-10T00:00:00Z,0.01108953
2018-04-09T00:00:00Z,0.01205645
2018-04-08T00:00:00Z,0.01033546
2018-04-07T00:00:00Z,0.01192956
2018-04-06T00:00:00Z,0.01962533
2018-04-05T00:00:00Z,0.01238967
2018-04-04T00:00:00Z,0.01332693
2018-04-03T00:00:00Z,0.01218314
2018-04-02T00:00:00Z,0.01085146
2018-04-01T00:00:00Z,0.00894728
2018-03-31T00:00:00Z,0.01239108
2018-03-30T00:00:00Z,0.01256345
2018-03-29T00:00:00Z,0.01411437
2018-03-28T00:00:00Z,0.01407621
2018-03-27T00:00:00Z,0.01427244
2018-03-26T00:00:00Z,0.01418784
2018-03-25T00:00:00Z,0.01184699
2018-03-24T00:00:00Z,0.01103833
2018-03-23T00:00:00Z,0.01554851
2018-03-22T00:00:00Z,0.01527347
2018-03-21T00:00:00Z,0.01606674
2018-03-20T00:00:00Z,0.01938321
2018-03-19T00:00:00Z,0.01563834
2018-03-18T00:00:00Z,0.01324368
2018-03-17T00:00:00Z,0.01141998
2018-03-16T00:00:00Z,0.01497828
2018-03-15T00:00:00Z,0.01995281
2018-03-14T00:00:00Z,0.02016307
2018-03-13T00:00:00Z,0.02980645
2018-03-12T00:00:00Z,0.01635795
2018-03-11T00:00:00Z,0.02029106
2018-03-10T00:00:00Z,0.02249557
2018-03-09T00:00:00Z,0.01873593
2018-03-08T00:00:00Z,0.01729121
2018-03-07T00:00:00Z,0.01744207
2018-03-06T00:00:00Z,0.01873957
2018-03-05T00:00:00Z,0.02335115
2018-03-04T00:00:00Z,0.01776823
2018-03-03T00:00:00Z,0.01659283
2018-03-02T00:00:00Z,0.0210911
2018-03-01T00:00:00Z,0.02461782
2018-02-28T00:00:00Z,0.025794
2018-02-27T00:00:00Z,0.02464992
2018-02-26T00:00:00Z,0.02553801
2018-02-25T00:00:00Z,0.01901869
2018-02-24T00:00:00Z,0.05035486
2018-02-23T00:00:00Z,0.0384356
2018-02-22T00:00:00Z,0.01978958
2018-02-21T00:00:00Z,0.01889416
2018-02-20T00:00:00Z,0.02878153
2018-02-19T00:00:00Z,0.0245233
2018-02-18T00:00:00Z,0.02154215
2018-02-17T00:00:00Z,0.02545014
2018-02-16T00:00:00Z,0.02882936
2018-02-15T00:00:00Z,0.03765915
2018-02-14T00:00:00Z,0.02770591
2018-02-13T00:00:00Z,0.03236766
2018-02-12T00:00:00Z,0.03262037
2018-02-11T00:00:00Z,0.03178544
2018-02-10T00:00:00Z,0.04732498
2018-02-09T00:00:00Z,0.04975845
2018-02-08T00:00:00Z,0.05099146
2018-02-07T00:00:00Z,0.06549295
2018-02-06T00:00:00Z,0.07175649
2018-02-05T00:00:00Z,0.06989091
2018-02-04T00:00:00Z,0.04764624
2018-02-03T00:00:00Z,0.06924259
2018-02-02T00:00:00Z,0.1155521
2018-02-01T00:00:00Z,0.09666887
2018-01-31T00:00:00Z,0.09983727
2018-01-30T00:00:00Z,0.07131455
2018-01-29T00:00:00Z,0.07303071
2018-01-28T00:00:00Z,0.07292005
2018-01-27T00:00:00Z,0.07896484
2018-01-26T00:00:00Z,0.0974234
2018-01-25T00:00:00Z,0.10057792
2018-01-24T00:00:00Z,0.11415273
2018-01-23T00:00:00Z,0.1144538
2018-01-22T00:00:00Z,0.13097327
2018-01-21T00:00:00Z,0.12807918
2018-01-20T00:00:00Z,0.16177015
2018-01-19T00:00:00Z,0.19244006
2018-01-18T00:00:00Z,0.23299216
2018-01-17T00:00:00Z,0.24437034
2018-01-16T00:00:00Z,0.23377407
2018-01-15T00:00:00Z,0.21387525
2018-01-14T00:00:00Z,0.202289
2018-01-13T00:00:00Z,0.22102625
2018-01-12T00:00:00Z,0.21727574
2018-01-11T00:00:00Z,0.22426177
2018-01-10T00:00:00Z,0.25768936
2018-01-09T00:00:00Z,0.26848891
2018-01-08T00:00:00Z,0.25077443
2018-01-07T00:00:00Z,0.25307457
2018-01-06T00:00:00Z,0.24851794
2018-01-05T00:00:00Z,0.28179855
2018-01-04T00:00:00Z,0.27039281
2018-01-03T00:00:00Z,0.27641379
2018-01-02T00:00:00Z,0.23295408
2018-01-01T00:00:00Z,0.19401939
2017-12-31T00:00:00Z,0.21107997
2017-12-30T00:00:00Z,0.29903969
2017-12-29T00:00:00Z,0.2758826
2017-12-28T00:00:00Z,0.29672765
2017-12-27T00:00:00Z,0.28697243
2017-12-26T00:00:00Z,0.29017712
2017-12-25T00:00:00Z,0.29003998
2017-12-24T00:00:00Z,0.31682233
2017-12-23T00:00:00Z,0.380154
2017-12-22T00:00:00Z,0.43569821
2017-12-21T00:00:00Z,0.40621032
2017-12-20T00:00:00Z,0.34905599
2017-12-19T00:00:00Z,0.27464011
2017-12-18T00:00:00Z,0.20513618
2017-12-17T00:00:00Z,0.1880092
2017-12-16T00:00:00Z,0.19989111
2017-12-15T00:00:00Z,0.21909769
2017-12-14T00:00:00Z,0.21798594
2017-12-13T00:00:00Z,0.20629446
2017-12-12T00:00:00Z,0.21622033
2017-12-11T00:00:00Z,0.18451471
2017-12-10T00:00:00Z,0.18264832
2017-12-09T00:00:00Z,0.20680895
2017-12-08T00:00:00Z,0.24751961
2017-12-07T00:00:00Z,0.16100181
2017-12-06T00:00:00Z,0.09863951
2017-12-05T00:00:00Z,0.08986034
2017-12-04T00:00:00Z,0.09086157
2017-12-03T00:00:00Z,0.07851517
2017-12-02T00:00:00Z,0.08638833
2017-12-01T00:00:00Z,0.0974736
2017-11-30T00:00:00Z,0.11476509
2017-11-29T00:00:00Z,0.11857091
2017-11-28T00:00:00Z,0.11171076
2017-11-27T00:00:00Z,0.10014939
2017-11-26T00:00:00Z,0.09089702
2017-11-25T00:00:00Z,0.09118015
2017-11-24T00:00:00Z,0.11141814
2017-11-23T00:00:00Z,0.11933102
2017-11-22T00:00:00Z,0.1217256
2017-11-21T00:00:00Z,0.12548406
2017-11-20T00:00:00Z,0.13074341
2017-11-19T00:00:00Z,0.1101
2017-11-18T00:00:00Z,0.14572366
2017-11-17T00:00:00Z,0.16119735
2017-11-16T00:00:00Z,0.2092033
2017-11-15T00:00:00Z,0.24106553
2017-11-14T00:00:00Z,0.2776807
2017-11-13T00:00:00Z,0.30922496
2017-11-12T00:00:00Z,0.36853158
2017-11-11T00:00:00Z,0.24073195
2017-11-10T00:00:00Z,0.17581193
2017-11-09T00:00:00Z,0.15890808
2017-11-08T00:00:00Z,0.12713281
2017-11-07T00:00:00Z,0.13106534
2017-11-06T00:00:00Z,0.12630498
2017-11-05T00:00:00Z,0.10083706
2017-11-04T00:00:00Z,0.14394825
2017-11-03T00:00:00Z,0.1544807
2017-11-02T00:00:00Z,0.1289566
2017-11-01T00:00:00Z,0.13215214
2017-10-31T00:00:00Z,0.1185015
2017-10-30T00:00:00Z,0.12545434
2017-10-29T00:00:00Z,0.1265314
2017-10-28T00:00:00Z,0.1414407
2017-10-27T00:00:00Z,0.11363684
2017-10-26T00:00:00Z,0.04767972
2017-10-25T00:00:00Z,0.05784347
2017-10-24T00:00:00Z,0.08734814
2017-10-23T00:00:00Z,0.07991081
2017-10-22T00:00:00Z,0.06391387
2017-10-21T00:00:00Z,0.08064699
2017-10-20T00:00:00Z,0.06750336
2017-10-19T00:00:00Z,0.07925157
2017-10-18T00:00:00Z,0.09241834
2017-10-17T00:00:00Z,0.09257395
2017-10-16T00:00:00Z,0.08166605
2017-10-15T00:00:00Z,0.06257475
2017-10-14T00:00:00Z,0.11436417
2017-10-13T00:00:00Z,0.14207907
2017-10-12T00:00:00Z,0.0835753
2017-10-11T00:00:00Z,0.07857826
2017-10-10T00:00:00Z,0.07717503
2017-10-09T00:00:00Z,0.06908047
2017-10-08T00:00:00Z,0.04683955
2017-10-07T00:00:00Z,0.05194641
2017-10-06T00:00:00Z,0.06974946
2017-10-05T00:00:00Z,0.09306949
2017-10-04T00:00:00Z,0.07547075
2017-10-03T00:00:00Z,0.06251322
2017-10-02T00:00:00Z,0.08780131
2017-10-01T00:00:00Z,0.06826253
2017-09-30T00:00:00Z,0.05554049
2017-09-29T00:00:00Z,0.05176878
2017-09-28T00:00:00Z,0.05728776
2017-09-27T00:00:00Z,0.07243753
2017-09-26T00:00:00Z,0.080042
2017-09-25T00:00:00Z,0.0861881
2017-09-24T00:00:00Z,0.04412841
2017-09-23T00:00:00Z,0.04584359
2017-09-22T00:00:00Z,0.06317271
2017-09-21T00:00:00Z,0.0583598
2017-09-20T00:00:00Z,0.09099781
2017-09-19T00:00:00Z,0.08179269
2017-09-18T00:00:00Z,0.09585791
2017-09-17T00:00:00Z,0.0432331
2017-09-16T00:00:00Z,0.05371656
2017-09-15T00:00:00Z,0.07209479
2017-09-14T00:00:00Z,0.06601654
2017-09-13T00:00:00Z,0.05330642
2017-09-12T00:00:00Z,0.05958921
2017-09-11T00:00:00Z,0.06841629
2017-09-10T00:00:00Z,0.07667031
2017-09-09T00:00:00Z,0.06416833
2017-09-08T00:00:00Z,0.09053708
2017-09-07T00:00:00Z,0.10472146
2017-09-06T00:00:00Z,0.1186455
2017-09-05T00:00:00Z,0.10271983
2017-09-04T00:00:00Z,0.1294924
2017-09-03T00:00:00Z,0.11049922
2017-09-02T00:00:00Z,0.1241185
2017-09-01T00:00:00Z,0.14964058
2017-08-31T00:00:00Z,0.16860994
2017-08-30T00:00:00Z,0.15611731
2017-08-29T00:00:00Z,0.19866973
2017-08-28T00:00:00Z,0.18997466
2017-08-27T00:00:00Z,0.15626706
2017-08-26T00:00:00Z,0.24474042
2017-08-25T00:00:00Z,0.25221339
2017-08-24T00:00:00Z,0.2341519
2017-08-23T00:00:00Z,0.21426249
2017-08-22T00:00:00Z,0.23100039
2017-08-21T00:00:00Z,0.17169172
2017-08-20T00:00:00Z,0.11394986
2017-08-19T00:00:00Z,0.12348395
2017-08-18T00:00:00Z,0.15358681
2017-08-17T00:00:00Z,0.14035425
2017-08-16T00:00:00Z,0.17618281
2017-08-15T00:00:00Z,0.15572455
2017-08-14T00:00:00Z,0.13295797
2017-08-13T00:00:00Z,0.09300879
2017-08-12T00:00:00Z,0.11102444
2017-08-11T00:00:00Z,0.11545508
2017-08-10T00:00:00Z,0.10340833
2017-08-09T00:00:00Z,0.08388526
2017-08-08T00:00:00Z,0.07200478
2017-08-07T00:00:00Z,0.05988542
2017-08-06T00:00:00Z,0.04782964
2017-08-05T00:00:00Z,0.04882353
2017-08-04T00:00:00Z,0.04826568
2017-08-03T00:00:00Z,0.06711673
2017-08-02T00:00:00Z,0.06427673
2017-08-01T00:00:00Z,0.03917911
2017-07-31T00:00:00Z,0.09707676
2017-07-30T00:00:00Z,0.06991073
2017-07-29T00:00:00Z,0.07384102
2017-07-28T00:00:00Z,0.09131941
2017-07-27T00:00:00Z,0.07950696
2017-07-26T00:00:00Z,0.08355706
2017-07-25T00:00:00Z,0.08347462
2017-07-24T00:00:00Z,0.06980187
2017-07-23T00:00:00Z,0.05510161
2017-07-22T00:00:00Z,0.07878121
2017-07-21T00:00:00Z,0.11483659
2017-07-20T00:00:00Z,0.10170564
2017-07-19T00:00:00Z,0.09767067
2017-07-18T00:00:00Z,0.09817082
2017-07-17T00:00:00Z,0.09669582
2017-07-16T00:00:00Z,0.07572417
2017-07-15T00:00:00Z,0.19246439
2017-07-14T00:00:00Z,0.11028732
2017-07-13T00:00:00Z,0.09699127
2017-07-12T00:00:00Z,0.09132054
2017-07-11T00:00:00Z,0.08758207
2017-07-10T00:00:00Z,0.07704907
2017-07-09T00:00:00Z,0.08353293
2017-07-08T00:00:00Z,0.08533009
2017-07-07T00:00:00Z,0.11511016
2017-07-06T00:00:00Z,0.11977096
2017-07-05T00:00:00Z,0.10813511
2017-07-04T00:00:00Z,0.13321687
2017-07-03T00:00:00Z,0.11760191
2017-07-02T00:00:00Z,0.07765718
2017-07-01T00:00:00Z,0.11073479
2017-06-30T00:00:00Z,0.15650526
2017-06-29T00:00:00Z,0.18540265
2017-06-28T00:00:00Z,0.16431042
2017-06-27T00:00:00Z,0.18345214
2017-06-26T00:00:00Z,0.17444033
2017-06-25T00:00:00Z,0.14503003
2017-06-24T00:00:00Z,0.14408009
2017-06-23T00:00:00Z,0.14491901
2017-06-22T00:00:00Z,0.20466175
2017-06-21T00:00:00Z,0.20911237
2017-06-20T00:00:00Z,0.18365816
2017-06-19T00:00:00Z,0.1702067
2017-06-18T00:00:00Z,0.13298071
2017-06-17T00:00:00Z,0.1466164
2017-06-16T00:00:00Z,0.16867062
2017-06-15T00:00:00Z,0.18544351
2017-06-14T00:00:00Z,0.20625633
2017-06-13T00:00:00Z,0.21385043
2017-06-12T00:00:00Z,0.18237558
2017-06-11T00:00:00Z,0.16327401
2017-06-10T00:00:00Z,0.18152842
2017-06-09T00:00:00Z,0.19442956
2017-06-08T00:00:00Z,0.19228208
2017-06-07T00:00:00Z,0.24468037
2017-06-06T00:00:00Z,0.21316075
2017-06-05T00:00:00Z,0.18825963
2017-06-04T00:00:00Z,0.18007526
2017-06-03T00:00:00Z,0.18523849
2017-06-02T00:00:00Z,0.20484567
2017-06-01T00:00:00Z,0.2112306
2017-05-31T00:00:00Z,0.21768262
2017-05-30T00:00:00Z,0.20821346
2017-05-29T00:00:00Z,0.20773317
2017-05-28T00:00:00Z,0.16968099
2017-05-27T00:00:00Z,0.20116488
2017-05-26T00:00:00Z,0.19720312
2017-05-25T00:00:00Z,0.19668959
2017-05-24T00:00:00Z,0.19722763
2017-05-23T00:00:00Z,0.18236512
2017-05-22T00:00:00Z,0.18221505
2017-05-21T00:00:00Z,0.1610694
2017-05-20T00:00:00Z,0.15825048
2017-05-19T00:00:00Z,0.17763552
2017-05-18T00:00:00Z,0.18090334
2017-05-17T00:00:00Z,0.20051534
2017-05-16T00:00:00Z,0.17227223
2017-05-15T00:00:00Z,0.13346787
2017-05-14T00:00:00Z,0.12672172
2017-05-13T00:00:00Z,0.13232367
2017-05-12T00:00:00Z,0.14332146
2017-05-11T00:00:00Z,0.14212955
2017-05-10T00:00:00Z,0.14083959
2017-05-09T00:00:00Z,0.13522282
2017-05-08T00:00:00Z,0.12330246
2017-05-07T00:00:00Z,0.11716285
2017-05-06T00:00:00Z,0.12374904
2017-05-05T00:00:00Z,0.13945461
2017-05-04T00:00:00Z,0.12757934
2017-05-03T00:00:00Z,0.13036314
2017-05-02T00:00:00Z,0.12131607
2017-05-01T00:00:00Z,0.10831006
2017-04-30T00:00:00Z,0.09550839
2017-04-29T00:00:00Z,0.1059899
2017-04-28T00:00:00Z,0.12806392
2017-04-27T00:00:00Z,0.12247076
2017-04-26T00:00:00Z,0.11717609
2017-04-25T00:00:00Z,0.12802785
2017-04-24T00:00:00Z,0.10815049
2017-04-23T00:00:00Z,0.08148847
2017-04-22T00:00:00Z,0.0904942
2017-04-21T00:00:00Z,0.10480304
2017-04-20T00:00:00Z,0.1169133
2017-04-19T00:00:00Z,0.10492052
2017-04-18T00:00:00Z,0.10766973
2017-04-17T00:00:00Z,0.09483426
2017-04-16T00:00:00Z,0.08007449
2017-04-15T00:00:00Z,0.09706158
2017-04-14T00:00:00Z,0.11935444
2017-04-13T00:00:00Z,0.12009286
2017-04-12T00:00:00Z,0.10676328
2017-04-11T00:00:00Z,0.09782268
2017-04-10T00:00:00Z,0.0969477
2017-04-09T00:00:00Z,0.07796573
2017-04-08T00:00:00Z,0.09108425
2017-04-07T00:00:00Z,0.10005871
2017-04-06T00:00:00Z,0.10767174
2017-04-05T00:00:00Z,0.10449686
2017-04-04T00:00:00Z,0.11362748
2017-04-03T00:00:00Z,0.0912993
2017-04-02T00:00:00Z,0.08383975
2017-04-01T00:00:00Z,0.10357395
2017-03-31T00:00:00Z,0.11406952
2017-03-30T00:00:00Z,0.09026541
2017-03-29T00:00:00Z,0.10987763
2017-03-28T00:00:00Z,0.10743973
2017-03-27T00:00:00Z,0.10561533
2017-03-26T00:00:00Z,0.0693614
2017-03-25T00:00:00Z,0.09867547
2017-03-24T00:00:00Z,0.09522751
2017-03-23T00:00:00Z,0.11313437
2017-03-22T00:00:00Z,0.11797803
2017-03-21T00:00:00Z,0.12286624
2017-03-20T00:00:00Z,0.12423404
2017-03-19T00:00:00Z,0.09305894
2017-03-18T00:00:00Z,0.09958796
2017-03-17T00:00:00Z,0.11273518
2017-03-16T00:00:00Z,0.12151829
2017-03-15T00:00:00Z,0.11746647
2017-03-14T00:00:00Z,0.11626015
2017-03-13T00:00:00Z,0.10857043
2017-03-12T00:00:00Z,0.08957578
2017-03-11T00:00:00Z,0.1046395
2017-03-10T00:00:00Z,0.11681502
2017-03-09T00:00:00Z,0.11342071
2017-03-08T00:00:00Z,0.11635744
2017-03-07T00:00:00Z,0.12361975
2017-03-06T00:00:00Z,0.11866097
2017-03-05T00:00:00Z,0.10548953
2017-03-04T00:00:00Z,0.11778646
2017-03-03T00:00:00Z,0.12094251
2017-03-02T00:00:00Z,0.11388613
2017-03-01T00:00:00Z,0.11312153
2017-02-28T00:00:00Z,0.10625473
2017-02-27T00:00:00Z,0.09791956
2017-02-26T00:00:00Z,0.0675444
2017-02-25T00:00:00Z,0.08394937
2017-02-24T00:00:00Z,0.1001276
2017-02-23T00:00:00Z,0.10143256
2017-02-22T00:00:00Z,0.0954548
2017-02-21T00:00:00Z,0.08769599
2017-02-20T00:00:00Z,0.07956261
2017-02-19T00:00:00Z,0.07173611
2017-02-18T00:00:00Z,0.07463198
2017-02-17T00:00:00Z,0.08076795
2017-02-16T00:00:00Z,0.08256979
2017-02-15T00:00:00Z,0.07162457
2017-02-14T00:00:00Z,0.06256572
2017-02-13T00:00:00Z,0.06290492
2017-02-12T00:00:00Z,0.05533602
2017-02-11T00:00:00Z,0.0631302
2017-02-10T00:00:00Z,0.07069268
2017-02-09T00:00:00Z,0.07617387
2017-02-08T00:00:00Z,0.07928024
2017-02-07T00:00:00Z,0.08296181
2017-02-06T00:00:00Z,0.09021048
2017-02-05T00:00:00Z,0.06412396
2017-02-04T00:00:00Z,0.07151714
2017-02-03T00:00:00Z,0.08021112
2017-02-02T00:00:00Z,0.06760762
2017-02-01T00:00:00Z,0.06063469
2017-01-31T00:00:00Z,0.07438691
2017-01-30T00:00:00Z,0.06984247
2017-01-29T00:00:00Z,0.05429065
2017-01-28T00:00:00Z,0.06058489
2017-01-27T00:00:00Z,0.05093412
2017-01-26T00:00:00Z,0.05994806
2017-01-25T00:00:00Z,0.06758825
2017-01-24T00:00:00Z,0.07138041
2017-01-23T00:00:00Z,0.05943895
2017-01-22T00:00:00Z,0.03851036
2017-01-21T00:00:00Z,0.04012984
2017-01-20T00:00:00Z,0.04249484
2017-01-19T00:00:00Z,0.04913699
2017-01-18T00:00:00Z,0.05443254
2017-01-17T00:00:00Z,0.05248197
2017-01-16T00:00:00Z,0.04676716
2017-01-15T00:00:00Z,0.03789621
2017-01-14T00:00:00Z,0.03882978
2017-01-13T00:00:00Z,0.04918642
2017-01-12T00:00:00Z,0.04677621
2017-01-11T00:00:00Z,0.05523871
2017-01-10T00:00:00Z,0.05657746
2017-01-09T00:00:00Z,0.05662782
2017-01-08T00:00:00Z,0.04187801
2017-01-07T00:00:00Z,0.05806596
2017-01-06T00:00:00Z,0.05969839
2017-01-05T00:00:00Z,0.06165814
2017-01-04T00:00:00Z,0.09181024
2017-01-03T00:00:00Z,0.05421371
2017-01-02T00:00:00Z,0.05374452
2017-01-01T00:00:00Z,0.03229624
2016-12-31T00:00:00Z,0.04260576
2016-12-30T00:00:00Z,0.04863187
2016-12-29T00:00:00Z,0.05409599
2016-12-28T00:00:00Z,0.04843805
2016-12-27T00:00:00Z,0.04856336
2016-12-26T00:00:00Z,0.04722152
2016-12-25T00:00:00Z,0.02915478
2016-12-24T00:00:00Z,0.04653638
2016-12-23T00:00:00Z,0.05023161
2016-12-22T00:00:00Z,0.05071306
2016-12-21T00:00:00Z,0.05466308
2016-12-20T00:00:00Z,0.05579062
2016-12-19T00:00:00Z,0.05220338
2016-12-18T00:00:00Z,0.04384459
2016-12-17T00:00:00Z,0.04324544
2016-12-16T00:00:00Z,0.05544016
2016-12-15T00:00:00Z,0.05950014
2016-12-14T00:00:00Z,0.05174868
2016-12-13T00:00:00Z,0.04204486
2016-12-12T00:00:00Z,0.04558034
2016-12-11T00:00:00Z,0.03176792
2016-12-10T00:00:00Z,0.05000011
2016-12-09T00:00:00Z,0.05398845
2016-12-08T00:00:00Z,0.04674656
2016-12-07T00:00:00Z,0.04713642
2016-12-06T00:00:00Z,0.0599041
2016-12-05T00:00:00Z,0.05290055
2016-12-04T00:00:00Z,0.04768678
2016-12-03T00:00:00Z,0.04492634
2016-12-02T00:00:00Z,0.06319943
2016-12-01T00:00:00Z,0.05327868
2016-11-30T00:00:00Z,0.05311504
2016-11-29T00:00:00Z,0.05146497
2016-11-28T00:00:00Z,0.05073954
2016-11-27T00:00:00Z,0.04314045
2016-11-26T00:00:00Z,0.05051336
2016-11-25T00:00:00Z,0.06774623
2016-11-24T00:00:00Z,0.06287389
2016-11-23T00:00:00Z,0.05597392
2016-11-22T00:00:00Z,0.05714599
2016-11-21T00:00:00Z,0.05180037
2016-11-20T00:00:00Z,0.04360763
2016-11-19T00:00:00Z,0.03905888
2016-11-18T00:00:00Z,0.04320799
2016-11-17T00:00:00Z,0.04287748
2016-11-16T00:00:00Z,0.03584419
2016-11-15T00:00:00Z,0.04009861
2016-11-14T00:00:00Z,0.03562628
2016-11-13T00:00:00Z,0.03410418
2016-11-12T00:00:00Z,0.03042407
2016-11-11T00:00:00Z,0.03447185
2016-11-10T00:00:00Z,0.03770936
2016-11-09T00:00:00Z,0.04358244
2016-11-08T00:00:00Z,0.04053827
2016-11-07T00:00:00Z,0.04763141
2016-11-06T00:00:00Z,0.03570558
2016-11-05T00:00:00Z,0.03858926
2016-11-04T00:00:00Z,0.05496817
2016-11-03T00:00:00Z,0.03917186
2016-11-02T00:00:00Z,0.04565057
2016-11-01T00:00:00Z,0.04198401
2016-10-31T00:00:00Z,0.03987215
2016-10-30T00:00:00Z,0.02895398
2016-10-29T00:00:00Z,0.03779756
2016-10-28T00:00:00Z,0.04146226
2016-10-27T00:00:00Z,0.05198492
2016-10-26T00:00:00Z,0.06689514
2016-10-25T00:00:00Z,0.05395395
2016-10-24T00:00:00Z,0.04342487
2016-10-23T00:00:00Z,0.03614367
2016-10-22T00:00:00Z,0.03453832
2016-10-21T00:00:00Z,0.03578466
2016-10-20T00:00:00Z,0.050625
2016-10-19T00:00:00Z,0.03839141
2016-10-18T00:00:00Z,0.03833763
2016-10-17T00:00:00Z,0.04430809
2016-10-16T00:00:00Z,0.03420316
2016-10-15T00:00:00Z,0.03406651
2016-10-14T00:00:00Z,0.03846888
2016-10-13T00:00:00Z,0.04026166
2016-10-12T00:00:00Z,0.03656372
2016-10-11T00:00:00Z,0.04441347
2016-10-10T00:00:00Z,0.04192968
2016-10-09T00:00:00Z,0.02831197
2016-10-08T00:00:00Z,0.03096778
2016-10-07T00:00:00Z,0.03874685
2016-10-06T00:00:00Z,0.03718568
2016-10-05T00:00:00Z,0.03368938
2016-10-04T00:00:00Z,0.03471886
2016-10-03T00:00:00Z,0.03833338
2016-10-02T00:00:00Z,0.029419
2016-10-01T00:00:00Z,0.02905905
2016-09-30T00:00:00Z,0.03713182
2016-09-29T00:00:00Z,0.03692785
2016-09-28T00:00:00Z,0.03381355
2016-09-27T00:00:00Z,0.02929222
2016-09-26T00:00:00Z,0.03067654
2016-09-25T00:00:00Z,0.02099474
2016-09-24T00:00:00Z,0.02762677
2016-09-23T00:00:00Z,0.03412256
2016-09-22T00:00:00Z,0.03436668
2016-09-21T00:00:00Z,0.03035802
2016-09-20T00:00:00Z,0.03495181
2016-09-19T00:00:00Z,0.03825041
2016-09-18T00:00:00Z,0.02842237
2016-09-17T00:00:00Z,0.02751128
2016-09-16T00:00:00Z,0.03552259
2016-09-15T00:00:00Z,0.03007826
2016-09-14T00:00:00Z,0.03099101
2016-09-13T00:00:00Z,0.03194309
2016-09-12T00:00:00Z,0.02671508
2016-09-11T00:00:00Z,0.02261481
2016-09-10T00:00:00Z,0.02572584
2016-09-09T00:00:00Z,0.03446982
2016-09-08T00:00:00Z,0.03205116
2016-09-07T00:00:00Z,0.03246951
2016-09-06T00:00:00Z,0.03444947
2016-09-05T00:00:00Z,0.03477557
2016-09-04T00:00:00Z,0.0204148
2016-09-03T00:00:00Z,0.03169257
2016-09-02T00:00:00Z,0.02910827
2016-09-01T00:00:00Z,0.03500826
2016-08-31T00:00:00Z,0.03595863
2016-08-30T00:00:00Z,0.03193689
2016-08-29T00:00:00Z,0.03341127
2016-08-28T00:00:00Z,0.02509791
2016-08-27T00:00:00Z,0.02989764
2016-08-26T00:00:00Z,0.03646796
2016-08-25T00:00:00Z,0.03824202
2016-08-24T00:00:00Z,0.03289407
2016-08-23T00:00:00Z,0.03551302
2016-08-22T00:00:00Z,0.03222985
2016-08-21T00:00:00Z,0.02426189
2016-08-20T00:00:00Z,0.03062623
2016-08-19T00:00:00Z,0.04028299
2016-08-18T00:00:00Z,0.03820728
2016-08-17T00:00:00Z,0.04576102
2016-08-16T00:00:00Z,0.04692847
2016-08-15T00:00:00Z,0.03609521
2016-08-14T00:00:00Z,0.02935817
2016-08-13T00:00:00Z,0.0298766
2016-08-12T00:00:00Z,0.03660239
2016-08-11T00:00:00Z,0.04088258
2016-08-10T00:00:00Z,0.03847755
2016-08-09T00:00:00Z,0.04574116
2016-08-08T00:00:00Z,0.04464038
2016-08-07T00:00:00Z,0.03494233
2016-08-06T00:00:00Z,0.02796111
2016-08-05T00:00:00Z,0.03408934
2016-08-04T00:00:00Z,0.03508382
2016-08-03T00:00:00Z,0.03519017
2016-08-02T00:00:00Z,0.04056501
2016-08-01T00:00:00Z,0.03685291
2016-07-31T00:00:00Z,0.03632413
2016-07-30T00:00:00Z,0.04231239
2016-07-29T00:00:00Z,0.03784075
2016-07-28T00:00:00Z,0.04043194
2016-07-27T00:00:00Z,0.04472714
2016-07-26T00:00:00Z,0.04205698
2016-07-25T00:00:00Z,0.04083927
2016-07-24T00:00:00Z,0.0317981
2016-07-23T00:00:00Z,0.03536406
2016-07-22T00:00:00Z,0.03885806
2016-07-21T00:00:00Z,0.03506627
2016-07-20T00:00:00Z,0.03310362
2016-07-19T00:00:00Z,0.03722431
2016-07-18T00:00:00Z,0.03094234
2016-07-17T00:00:00Z,0.02505946
2016-07-16T00:00:00Z,0.02517199
2016-07-15T00:00:00Z,0.03168915
2016-07-14T00:00:00Z,0.03158618
2016-07-13T00:00:00Z,0.03192784
2016-07-12T00:00:00Z,0.02783064
2016-07-11T00:00:00Z,0.03107877
2016-07-10T00:00:00Z,0.01939148
2016-07-09T00:00:00Z,0.01494149
2016-07-08T00:00:00Z,0.01554992
2016-07-07T00:00:00Z,0.0162307
2016-07-06T00:00:00Z,0.01565902
2016-07-05T00:00:00Z,0.01517945
2016-07-04T00:00:00Z,0.01439786
2016-07-03T00:00:00Z,0.011673
2016-07-02T00:00:00Z,0.01400941
2016-07-01T00:00:00Z,0.01467009
2016-06-30T00:00:00Z,0.01639448
2016-06-29T00:00:00Z,0.01661939
2016-06-28T00:00:00Z,0.01553244
2016-06-27T00:00:00Z,0.01653417
2016-06-26T00:00:00Z,0.01465991
2016-06-25T00:00:00Z,0.01483768
2016-06-24T00:00:00Z,0.02246615
2016-06-23T00:00:00Z,0.02106225
2016-06-22T00:00:00Z,0.02386615
2016-06-21T00:00:00Z,0.02006929
2016-06-20T00:00:00Z,0.0183805
2016-06-19T00:00:00Z,0.01406896
2016-06-18T00:00:00Z,0.01755427
2016-06-17T00:00:00Z,0.02074241
2016-06-16T00:00:00Z,0.02161551
2016-06-15T00:00:00Z,0.02147254
2016-06-14T00:00:00Z,0.02049397
2016-06-13T00:00:00Z,0.01562154
2016-06-12T00:00:00Z,0.01415959
2016-06-11T00:00:00Z,0.01171881
2016-06-10T00:00:00Z,0.01445796
2016-06-09T00:00:00Z,0.01273642
2016-06-08T00:00:00Z,0.01380936
2016-06-07T00:00:00Z,0.01478336
2016-06-06T00:00:00Z,0.01211945
2016-06-05T00:00:00Z,0.01028564
2016-06-04T00:00:00Z,0.01537136
2016-06-03T00:00:00Z,0.0151737
2016-06-02T00:00:00Z,0.01668366
2016-06-01T00:00:00Z,0.0154729
2016-05-31T00:00:00Z,0.01621746
2016-05-30T00:00:00Z,0.01581583
2016-05-29T00:00:00Z,0.01288898
2016-05-28T00:00:00Z,0.01549793
2016-05-27T00:00:00Z,0.01999274
2016-05-26T00:00:00Z,0.01622328
2016-05-25T00:00:00Z,0.01705915
2016-05-24T00:00:00Z,0.01594078
2016-05-23T00:00:00Z,0.01201748
2016-05-22T00:00:00Z,0.00930557
2016-05-21T00:00:00Z,0.01586527
2016-05-20T00:00:00Z,0.01365949
2016-05-19T00:00:00Z,0.01799996
2016-05-18T00:00:00Z,0.01500492
2016-05-17T00:00:00Z,0.01630859
2016-05-16T00:00:00Z,0.01687782
2016-05-15T00:00:00Z,0.01295615
2016-05-14T00:00:00Z,0.01315876
2016-05-13T00:00:00Z,0.01236677
2016-05-12T00:00:00Z,0.01327532
2016-05-11T00:00:00Z,0.01361235
2016-05-10T00:00:00Z,0.01203117
2016-05-09T00:00:00Z,0.00937684
2016-05-08T00:00:00Z,0.00820304
2016-05-07T00:00:00Z,0.00993153
2016-05-06T00:00:00Z,0.01087296
2016-05-05T00:00:00Z,0.01129199
2016-05-04T00:00:00Z,0.0111724
2016-05-03T00:00:00Z,0.01174603
2016-05-02T00:00:00Z,0.01136778
2016-05-01T00:00:00Z,0.00882537
2016-04-30T00:00:00Z,0.01107574
2016-04-29T00:00:00Z,0.01248015
2016-04-28T00:00:00Z,0.0144893
2016-04-27T00:00:00Z,0.01409658
2016-04-26T00:00:00Z,0.08212411
2016-04-25T00:00:00Z,0.01345384
2016-04-24T00:00:00Z,0.00998079
2016-04-23T00:00:00Z,0.00912458
2016-04-22T00:00:00Z,0.0118
2016-04-21T00:00:00Z,0.01121614
2016-04-20T00:00:00Z,0.01036776
2016-04-19T00:00:00Z,0.01146262
2016-04-18T00:00:00Z,0.01393165
2016-04-17T00:00:00Z,0.00860397
2016-04-16T00:00:00Z,0.00979392
2016-04-15T00:00:00Z,0.01269253
2016-04-14T00:00:00Z,0.01082423
2016-04-13T00:00:00Z,0.01103376
2016-04-12T00:00:00Z,0.01353316
2016-04-11T00:00:00Z,0.01293176
2016-04-10T00:00:00Z,0.00762998
2016-04-09T00:00:00Z,0.00894243
2016-04-08T00:00:00Z,0.01194921
2016-04-07T00:00:00Z,0.01270983
2016-04-06T00:00:00Z,0.0146729
2016-04-05T00:00:00Z,0.01221726
2016-04-04T00:00:00Z,0.01074635
2016-04-03T00:00:00Z,0.0121278
2016-04-02T00:00:00Z,0.01409035
2016-04-01T00:00:00Z,0.01372475
2016-03-31T00:00:00Z,0.0145434
2016-03-30T00:00:00Z,0.01229682
2016-03-29T00:00:00Z,0.01451006
2016-03-28T00:00:00Z,0.01074327
2016-03-27T00:00:00Z,0.00892696
2016-03-26T00:00:00Z,0.009281
2016-03-25T00:00:00Z,0.00888026
2016-03-24T00:00:00Z,0.01036826
2016-03-23T00:00:00Z,0.0101908
2016-03-22T00:00:00Z,0.01139242
2016-03-21T00:00:00Z,0.01169862
2016-03-20T00:00:00Z,0.00916096
2016-03-19T00:00:00Z,0.0100033
2016-03-18T00:00:00Z,0.01245898
2016-03-17T00:00:00Z,0.01297225
2016-03-16T00:00:00Z,0.0124731
2016-03-15T00:00:00Z,0.01054295
2016-03-14T00:00:00Z,0.01068898
2016-03-13T00:00:00Z,0.01065296
2016-03-12T00:00:00Z,0.00946671
2016-03-11T00:00:00Z,0.00984404
2016-03-10T00:00:00Z,0.0104899
2016-03-09T00:00:00Z,0.01285184
2016-03-08T00:00:00Z,0.011534
2016-03-07T00:00:00Z,0.01298395
2016-03-06T00:00:00Z,0.01046358
2016-03-05T00:00:00Z,0.01628432
2016-03-04T00:00:00Z,0.01313183
2016-03-03T00:00:00Z,0.01634863
2016-03-02T00:00:00Z,0.02293994
2016-03-01T00:00:00Z,0.0167545
2016-02-29T00:00:00Z,0.0163541
2016-02-28T00:00:00Z,0.0131061
2016-02-27T00:00:00Z,0.01005788
2016-02-26T00:00:00Z,0.0119579
2016-02-25T00:00:00Z,0.01170435
2016-02-24T00:00:00Z,0.01535102
2016-02-23T00:00:00Z,0.01402366
2016-02-22T00:00:00Z,0.01422197
2016-02-21T00:00:00Z,0.01244246
2016-02-20T00:00:00Z,0.01090713
2016-02-19T00:00:00Z,0.0125123
2016-02-18T00:00:00Z,0.01015364
2016-02-17T00:00:00Z,0.01118816
2016-02-16T00:00:00Z,0.0120849
2016-02-15T00:00:00Z,0.01096185
2016-02-14T00:00:00Z,0.00839937
2016-02-13T00:00:00Z,0.00887334
2016-02-12T00:00:00Z,0.00904898
2016-02-11T00:00:00Z,0.00913557
2016-02-10T00:00:00Z,0.0108807
2016-02-09T00:00:00Z,0.00940019
2016-02-08T00:00:00Z,0.0112606
2016-02-07T00:00:00Z,0.00877073
2016-02-06T00:00:00Z,0.00797776
2016-02-05T00:00:00Z,0.00907322
2016-02-04T00:00:00Z,0.00899865
2016-02-03T00:00:00Z,0.00989611
2016-02-02T00:00:00Z,0.01286441
2016-02-01T00:00:00Z,0.01371931
2016-01-31T00:00:00Z,0.00757834
2016-01-30T00:00:00Z,0.00826886
2016-01-29T00:00:00Z,0.0109973
2016-01-28T00:00:00Z,0.01282904
2016-01-27T00:00:00Z,0.0125196
2016-01-26T00:00:00Z,0.01161757
2016-01-25T00:00:00Z,0.0112266
2016-01-24T00:00:00Z,0.00931187
2016-01-23T00:00:00Z,0.00855169
2016-01-22T00:00:00Z,0.01016016
2016-01-21T00:00:00Z,0.01449069
2016-01-20T00:00:00Z,0.01208368
2016-01-19T00:00:00Z,0.01179263
2016-01-18T00:00:00Z,0.0090458
2016-01-17T00:00:00Z,0.00953127
2016-01-16T00:00:00Z,0.0097003
2016-01-15T00:00:00Z,0.01158895
2016-01-14T00:00:00Z,0.00947947
2016-01-13T00:00:00Z,0.00917969
2016-01-12T00:00:00Z,0.00810032
2016-01-11T00:00:00Z,0.00837727
2016-01-10T00:00:00Z,0.00634978
2016-01-09T00:00:00Z,0.00794275
2016-01-08T00:00:00Z,0.00746524
2016-01-07T00:00:00Z,0.00997422
2016-01-06T00:00:00Z,0.00855128
2016-01-05T00:00:00Z,0.00815673
2016-01-04T00:00:00Z,0.00674902
2016-01-03T00:00:00Z,0.00659975
2016-01-02T00:00:00Z,0.00858118
2016-01-01T00:00:00Z,0.00583854
2015-12-31T00:00:00Z,0.00713373
2015-12-30T00:00:00Z,0.00741077
2015-12-29T00:00:00Z,0.00782523
2015-12-28T00:00:00Z,0.00818267
2015-12-27T00:00:00Z,0.00525315
2015-12-26T00:00:00Z,0.00728565
2015-12-25T00:00:00Z,0.00725098
2015-12-24T00:00:00Z,0.01042244
2015-12-23T00:00:00Z,0.01004148
2015-12-22T00:00:00Z,0.01032708
2015-12-21T00:00:00Z,0.01091412
2015-12-20T00:00:00Z,0.00806449
2015-12-19T00:00:00Z,0.0088977
2015-12-18T00:00:00Z,0.00886171
2015-12-17T00:00:00Z,0.0096219
2015-12-16T00:00:00Z,0.00909108
2015-12-15T00:00:00Z,0.00866717
2015-12-14T00:00:00Z,0.00824481
2015-12-13T00:00:00Z,0.00927975
2015-12-12T00:00:00Z,0.00904379
2015-12-11T00:00:00Z,0.01070346
2015-12-10T00:00:00Z,0.00660367
2015-12-09T00:00:00Z,0.00880403
2015-12-08T00:00:00Z,0.00743855
2015-12-07T00:00:00Z,0.00890724
2015-12-06T00:00:00Z,0.00758172
2015-12-05T00:00:00Z,0.00705334
2015-12-04T00:00:00Z,0.00743851
2015-12-03T00:00:00Z,0.00829997
2015-12-02T00:00:00Z,0.00800317
2015-12-01T00:00:00Z,0.00743141
2015-11-30T00:00:00Z,0.00839579
2015-11-29T00:00:00Z,0.00591717
2015-11-28T00:00:00Z,0.00682893
2015-11-27T00:00:00Z,0.00795183
2015-11-26T00:00:00Z,0.00631228
2015-11-25T00:00:00Z,0.00711317
2015-11-24T00:00:00Z,0.00640063
2015-11-23T00:00:00Z,0.00625438
2015-11-22T00:00:00Z,0.00539033
2015-11-21T00:00:00Z,0.00545202
2015-11-20T00:00:00Z,0.00612783
2015-11-19T00:00:00Z,0.0075125
2015-11-18T00:00:00Z,0.00710603
2015-11-17T00:00:00Z,0.00701104
2015-11-16T00:00:00Z,0.00638548
2015-11-15T00:00:00Z,0.00571979
2015-11-14T00:00:00Z,0.00684722
2015-11-13T00:00:00Z,0.00636454
2015-11-12T00:00:00Z,0.00636079
2015-11-11T00:00:00Z,0.00661449
2015-11-10T00:00:00Z,0.00793705
2015-11-09T00:00:00Z,0.00788196
2015-11-08T00:00:00Z,0.00669982
2015-11-07T00:00:00Z,0.00674332
2015-11-06T00:00:00Z,0.0088374
2015-11-05T00:00:00Z,0.00926341
2015-11-04T00:00:00Z,0.01145696
2015-11-03T00:00:00Z,0.00878487
2015-11-02T00:00:00Z,0.00862622
2015-11-01T00:00:00Z,0.00709821
2015-10-31T00:00:00Z,0.0077074
2015-10-30T00:00:00Z,0.00743984
2015-10-29T00:00:00Z,0.00891636
2015-10-28T00:00:00Z,0.00859232
2015-10-27T00:00:00Z,0.00783921
2015-10-26T00:00:00Z,0.00645805
2015-10-25T00:00:00Z,0.00636687
2015-10-24T00:00:00Z,0.00736327
2015-10-23T00:00:00Z,0.00765393
2015-10-22T00:00:00Z,0.00788652
2015-10-21T00:00:00Z,0.00782807
2015-10-20T00:00:00Z,0.00978833
2015-10-19T00:00:00Z,0.00681409
2015-10-18T00:00:00Z,0.00627163
2015-10-17T00:00:00Z,0.00788062
2015-10-16T00:00:00Z,0.00781516
2015-10-15T00:00:00Z,0.00679379
2015-10-14T00:00:00Z,0.00709573
2015-10-13T00:00:00Z,0.00723047
2015-10-12T00:00:00Z,0.00712361
2015-10-11T00:00:00Z,0.00527425
2015-10-10T00:00:00Z,0.00616404
2015-10-09T00:00:00Z,0.00728054
2015-10-08T00:00:00Z,0.00761775
2015-10-07T00:00:00Z,0.00745312
2015-10-06T00:00:00Z,0.00721701
2015-10-05T00:00:00Z,0.00606727
2015-10-04T00:00:00Z,0.00503734
2015-10-03T00:00:00Z,0.00594689
2015-10-02T00:00:00Z,0.00745716
2015-10-01T00:00:00Z,0.00767938
2015-09-30T00:00:00Z,0.00718934
2015-09-29T00:00:00Z,0.0062541
2015-09-28T00:00:00Z,0.00730013
2015-09-27T00:00:00Z,0.00586803
2015-09-26T00:00:00Z,0.00675631
2015-09-25T00:00:00Z,0.00657104
2015-09-24T00:00:00Z,0.00688783
2015-09-23T00:00:00Z,0.00641975
2015-09-22T00:00:00Z,0.00703982
2015-09-21T00:00:00Z,0.00864358
2015-09-20T00:00:00Z,0.00659789
2015-09-19T00:00:00Z,0.00691096
2015-09-18T00:00:00Z,0.00686467
2015-09-17T00:00:00Z,0.00747643
2015-09-16T00:00:00Z,0.00729975
2015-09-15T00:00:00Z,0.00716822
2015-09-14T00:00:00Z,0.00814923
2015-09-13T00:00:00Z,0.00667471
2015-09-12T00:00:00Z,0.00854405
2015-09-11T00:00:00Z,0.00954828
2015-09-10T00:00:00Z,0.00645929
2015-09-09T00:00:00Z,0.00724082
2015-09-08T00:00:00Z,0.00747939
2015-09-07T00:00:00Z,0.00775612
2015-09-06T00:00:00Z,0.00603875
2015-09-05T00:00:00Z,0.00752049
2015-09-04T00:00:00Z,0.00639043
2015-09-03T00:00:00Z,0.00760589
2015-09-02T00:00:00Z,0.01329302
2015-09-01T00:00:00Z,0.0065197
2015-08-31T00:00:00Z,0.00697499
2015-08-30T00:00:00Z,0.00517699
2015-08-29T00:00:00Z,0.00531145
2015-08-28T00:00:00Z,0.00626819
2015-08-27T00:00:00Z,0.00692253
2015-08-26T00:00:00Z,0.00621172
2015-08-25T00:00:00Z,0.00742317
2015-08-24T00:00:00Z,0.0067198
2015-08-23T00:00:00Z,0.00613528
2015-08-22T00:00:00Z,0.00563838
2015-08-21T00:00:00Z,0.00559387
2015-08-20T00:00:00Z,0.00682656
2015-08-19T00:00:00Z,0.00615894
2015-08-18T00:00:00Z,0.00721135
2015-08-17T00:00:00Z,0.00635536
2015-08-16T00:00:00Z,0.00546375
2015-08-15T00:00:00Z,0.00595675
2015-08-14T00:00:00Z,0.00678808
2015-08-13T00:00:00Z,0.00667226
2015-08-12T00:00:00Z,0.00805925
2015-08-11T00:00:00Z,0.00640083
2015-08-10T00:00:00Z,0.00679629
2015-08-09T00:00:00Z,0.00532459
2015-08-08T00:00:00Z,0.00553621
2015-08-07T00:00:00Z,0.00726367
2015-08-06T00:00:00Z,0.01025742
2015-08-05T00:00:00Z,0.01009203
2015-08-04T00:00:00Z,0.01024278
2015-08-03T00:00:00Z,0.0068559
2015-08-02T00:00:00Z,0.00548451
2015-08-01T00:00:00Z,0.00836154
2015-07-31T00:00:00Z,0.00990324
2015-07-30T00:00:00Z,0.01005497
2015-07-29T00:00:00Z,0.01015958
2015-07-28T00:00:00Z,0.00814016
2015-07-27T00:00:00Z,0.00834142
2015-07-26T00:00:00Z,0.0058463
2015-07-25T00:00:00Z,0.0052299
2015-07-24T00:00:00Z,0.00547893
2015-07-23T00:00:00Z,0.00753869
2015-07-22T00:00:00Z,0.00705699
2015-07-21T00:00:00Z,0.00802123
2015-07-20T00:00:00Z,0.01016547
2015-07-19T00:00:00Z,0.00514126
2015-07-18T00:00:00Z,0.011558
2015-07-17T00:00:00Z,0.00650039
2015-07-16T00:00:00Z,0.00811164
2015-07-15T00:00:00Z,0.00678601
2015-07-14T00:00:00Z,0.0080444
2015-07-13T00:00:00Z,0.00864571
2015-07-12T00:00:00Z,0.01297432
2015-07-11T00:00:00Z,0.01035488
2015-07-10T00:00:00Z,0.00961316
2015-07-09T00:00:00Z,0.01193989
2015-07-08T00:00:00Z,0.01245932
2015-07-07T00:00:00Z,0.01275536
2015-07-06T00:00:00Z,0.00780395
2015-07-05T00:00:00Z,0.00586625
2015-07-04T00:00:00Z,0.00467413
2015-07-03T00:00:00Z,0.00563126
2015-07-02T00:00:00Z,0.00627123
2015-07-01T00:00:00Z,0.00626459
2015-06-30T00:00:00Z,0.0081947
2015-06-29T00:00:00Z,0.00531518
2015-06-28T00:00:00Z,0.00434838
2015-06-27T00:00:00Z,0.00516463
2015-06-26T00:00:00Z,0.0046948
2015-06-25T00:00:00Z,0.00437375
2015-06-24T00:00:00Z,0.00417615
2015-06-23T00:00:00Z,0.00532705
2015-06-22T00:00:00Z,0.00724775
2015-06-21T00:00:00Z,0.00452044
2015-06-20T00:00:00Z,0.00456775
2015-06-19T00:00:00Z,0.00737525
2015-06-18T00:00:00Z,0.00695961
2015-06-17T00:00:00Z,0.00590235
2015-06-16T00:00:00Z,0.00677842
2015-06-15T00:00:00Z,0.00548998
2015-06-14T00:00:00Z,0.00430128
2015-06-13T00:00:00Z,0.00423421
2015-06-12T00:00:00Z,0.00514712
2015-06-11T00:00:00Z,0.00514162
2015-06-10T00:00:00Z,0.00473088
2015-06-09T00:00:00Z,0.00467138
2015-06-08T00:00:00Z,0.00439936
2015-06-07T00:00:00Z,0.00346786
2015-06-06T00:00:00Z,0.00319224
2015-06-05T00:00:00Z,0.0045908
2015-06-04T00:00:00Z,0.00475033
2015-06-03T00:00:00Z,0.00505381
2015-06-02T00:00:00Z,0.00492513
2015-06-01T00:00:00Z,0.00653448
2015-05-31T00:00:00Z,0.01055228
2015-05-30T00:00:00Z,0.00498737
2015-05-29T00:00:00Z,0.0046104
2015-05-28T00:00:00Z,0.00489948
2015-05-27T00:00:00Z,0.00461659
2015-05-26T00:00:00Z,0.00498874
2015-05-25T00:00:00Z,0.00438527
2015-05-24T00:00:00Z,0.0036916
2015-05-23T00:00:00Z,0.00453495
2015-05-22T00:00:00Z,0.0044261
2015-05-21T00:00:00Z,0.00372166
2015-05-20T00:00:00Z,0.00413193
2015-05-19T00:00:00Z,0.00480388
2015-05-18T00:00:00Z,0.00410566
2015-05-17T00:00:00Z,0.00305013
2015-05-16T00:00:00Z,0.0039581
2015-05-15T00:00:00Z,0.00409793
2015-05-14T00:00:00Z,0.0036389
2015-05-13T00:00:00Z,0.00380807
2015-05-12T00:00:00Z,0.00426336
2015-05-11T00:00:00Z,0.00436858
2015-05-10T00:00:00Z,0.00480946
2015-05-09T00:00:00Z,0.00412168
2015-05-08T00:00:00Z,0.00439935
2015-05-07T00:00:00Z,0.00451717
2015-05-06T00:00:00Z,0.00390624
2015-05-05T00:00:00Z,0.00422173
2015-05-04T00:00:00Z,0.00469853
2015-05-03T00:00:00Z,0.00348954
2015-05-02T00:00:00Z,0.00379282
2015-05-01T00:00:00Z,0.00369915
2015-04-30T00:00:00Z,0.00497036
2015-04-29T00:00:00Z,0.00528798
2015-04-28T00:00:00Z,0.00420641
2015-04-27T00:00:00Z,0.00457004
2015-04-26T00:00:00Z,0.00371905
2015-04-25T00:00:00Z,0.02380173
2015-04-24T00:00:00Z,0.00500822
2015-04-23T00:00:00Z,0.00485494
2015-04-22T00:00:00Z,0.00415741
2015-04-21T00:00:00Z,0.00401787
2015-04-20T00:00:00Z,0.0044005
2015-04-19T00:00:00Z,0.00357219
2015-04-18T00:00:00Z,0.00363799
2015-04-17T00:00:00Z,0.00463461
2015-04-16T00:00:00Z,0.00405082
2015-04-15T00:00:00Z,0.00504905
2015-04-14T00:00:00Z,0.0042827
2015-04-13T00:00:00Z,0.00441114
2015-04-12T00:00:00Z,0.00438742
2015-04-11T00:00:00Z,0.00472472
2015-04-10T00:00:00Z,0.00726374
2015-04-09T00:00:00Z,0.00564555
2015-04-08T00:00:00Z,0.00514231
2015-04-07T00:00:00Z,0.00411313
2015-04-06T00:00:00Z,0.00508076
2015-04-05T00:00:00Z,0.00399468
2015-04-04T00:00:00Z,0.00358097
2015-04-03T00:00:00Z,0.00407642
2015-04-02T00:00:00Z,0.00376703
2015-04-01T00:00:00Z,0.00507673
2015-03-31T00:00:00Z,0.00432871
2015-03-30T00:00:00Z,0.00433546
2015-03-29T00:00:00Z,0.00332596
2015-03-28T00:00:00Z,0.00339033
2015-03-27T00:00:00Z,0.00325909
2015-03-26T00:00:00Z,0.003911
2015-03-25T00:00:00Z,0.0038793
2015-03-24T00:00:00Z,0.00315388
2015-03-23T00:00:00Z,0.00482407
2015-03-22T00:00:00Z,0.00368751
2015-03-21T00:00:00Z,0.00349939
2015-03-20T00:00:00Z,0.00471197
2015-03-19T00:00:00Z,0.00479013
2015-03-18T00:00:00Z,0.00394884
2015-03-17T00:00:00Z,0.00438755
2015-03-16T00:00:00Z,0.00433618
2015-03-15T00:00:00Z,0.0033382
2015-03-14T00:00:00Z,0.00375663
2015-03-13T00:00:00Z,0.00374048
2015-03-12T00:00:00Z,0.00425894
2015-03-11T00:00:00Z,0.00396403
2015-03-10T00:00:00Z,0.00402513
2015-03-09T00:00:00Z,0.0043478
2015-03-08T00:00:00Z,0.00337712
2015-03-07T00:00:00Z,0.00371999
2015-03-06T00:00:00Z,0.00451096
2015-03-05T00:00:00Z,0.00449203
2015-03-04T00:00:00Z,0.0041356
2015-03-03T00:00:00Z,0.00394488
2015-03-02T00:00:00Z,0.00388209
2015-03-01T00:00:00Z,0.00397573
2015-02-28T00:00:00Z,0.00378838
2015-02-27T00:00:00Z,0.00377273
2015-02-26T00:00:00Z,0.00374518
2015-02-25T00:00:00Z,0.00381772
2015-02-24T00:00:00Z,0.00444889
2015-02-23T00:00:00Z,0.00407481
2015-02-22T00:00:00Z,0.003263
2015-02-21T00:00:00Z,0.00363386
2015-02-20T00:00:00Z,0.00380947
2015-02-19T00:00:00Z,0.00326202
2015-02-18T00:00:00Z,0.00357191
2015-02-17T00:00:00Z,0.00426851
2015-02-16T00:00:00Z,0.00390233
2015-02-15T00:00:00Z,0.00393326
2015-02-14T00:00:00Z,0.00373988
2015-02-13T00:00:00Z,0.00475066
2015-02-12T00:00:00Z,0.00420176
2015-02-11T00:00:00Z,0.00363398
2015-02-10T00:00:00Z,0.00396673
2015-02-09T00:00:00Z,0.00368524
2015-02-08T00:00:00Z,0.0035488
2015-02-07T00:00:00Z,0.00295085
2015-02-06T00:00:00Z,0.00263891
2015-02-05T00:00:00Z,0.0030337
2015-02-04T00:00:00Z,0.00315408
2015-02-03T00:00:00Z,0.00410118
2015-02-02T00:00:00Z,0.00312492
2015-02-01T00:00:00Z,0.00288572
2015-01-31T00:00:00Z,0.00300811
2015-01-30T00:00:00Z,0.00323997
2015-01-29T00:00:00Z,0.00297438
2015-01-28T00:00:00Z,0.00281948
2015-01-27T00:00:00Z,0.00375237
2015-01-26T00:00:00Z,0.00501975
2015-01-25T00:00:00Z,0.00423999
2015-01-24T00:00:00Z,0.00365272
2015-01-23T00:00:00Z,0.00439427
2015-01-22T00:00:00Z,0.00395587
2015-01-21T00:00:00Z,0.0035845
2015-01-20T00:00:00Z,0.00484875
2015-01-19T00:00:00Z,0.00396961
2015-01-18T00:00:00Z,0.00361491
2015-01-17T00:00:00Z,0.00385241
2015-01-16T00:00:00Z,0.00418217
2015-01-15T00:00:00Z,0.00454903
2015-01-14T00:00:00Z,0.00418238
2015-01-13T00:00:00Z,0.00486098
2015-01-12T00:00:00Z,0.00919579
2015-01-11T00:00:00Z,0.0034811
2015-01-10T00:00:00Z,0.0041348
2015-01-09T00:00:00Z,0.00432526
2015-01-08T00:00:00Z,0.00440971
2015-01-07T00:00:00Z,0.00363913
2015-01-06T00:00:00Z,0.00324163
2015-01-05T00:00:00Z,0.00410903
2015-01-04T00:00:00Z,0.00503237
2015-01-03T00:00:00Z,0.00290473
2015-01-02T00:00:00Z,0.00285792
2015-01-01T00:00:00Z,0.00194872
2014-12-31T00:00:00Z,0.00298617
2014-12-30T00:00:00Z,0.00356596
2014-12-29T00:00:00Z,0.00350902
2014-12-28T00:00:00Z,0.00289972
2014-12-27T00:00:00Z,0.00449838
2014-12-26T00:00:00Z,0.00505347
2014-12-25T00:00:00Z,0.0023524
2014-12-24T00:00:00Z,0.00289375
2014-12-23T00:00:00Z,0.00376103
2014-12-22T00:00:00Z,0.0034035
2014-12-21T00:00:00Z,0.00342341
2014-12-20T00:00:00Z,0.00361026
2014-12-19T00:00:00Z,0.00431985
2014-12-18T00:00:00Z,0.00424116
2014-12-17T00:00:00Z,0.00472256
2014-12-16T00:00:00Z,0.00418309
2014-12-15T00:00:00Z,0.00399833
2014-12-14T00:00:00Z,0.00341401
2014-12-13T00:00:00Z,0.00283373
2014-12-12T00:00:00Z,0.00327054
2014-12-11T00:00:00Z,0.00322349
2014-12-10T00:00:00Z,0.00348528
2014-12-09T00:00:00Z,0.00353454
2014-12-08T00:00:00Z,0.00385805
2014-12-07T00:00:00Z,0.0034516
2014-12-06T00:00:00Z,0.00325584
2014-12-05T00:00:00Z,0.00316491
2014-12-04T00:00:00Z,0.00404432
2014-12-03T00:00:00Z,0.00468885
2014-12-02T00:00:00Z,0.00377148
2014-12-01T00:00:00Z,0.00426257
2014-11-30T00:00:00Z,0.00318816
2014-11-29T00:00:00Z,0.00281584
2014-11-28T00:00:00Z,0.00314567
2014-11-27T00:00:00Z,0.00339052
2014-11-26T00:00:00Z,0.00353776
2014-11-25T00:00:00Z,0.00367932
2014-11-24T00:00:00Z,0.00354732
2014-11-23T00:00:00Z,0.00334471
2014-11-22T00:00:00Z,0.00285033
2014-11-21T00:00:00Z,0.00399439
2014-11-20T00:00:00Z,0.00383395
2014-11-19T00:00:00Z,0.00371958
2014-11-18T00:00:00Z,0.00338248
2014-11-17T00:00:00Z,0.00417705
2014-11-16T00:00:00Z,0.00308777
2014-11-15T00:00:00Z,0.00319023
2014-11-14T00:00:00Z,0.00340411
2014-11-13T00:00:00Z,0.00395428
2014-11-12T00:00:00Z,0.00409797
2014-11-11T00:00:00Z,0.0041299
2014-11-10T00:00:00Z,0.00363942
2014-11-09T00:00:00Z,0.00399612
2014-11-08T00:00:00Z,0.00281157
2014-11-07T00:00:00Z,0.00356566
2014-11-06T00:00:00Z,0.0037314
2014-11-05T00:00:00Z,0.0038685
2014-11-04T00:00:00Z,0.00332754
2014-11-03T00:00:00Z,0.00391026
2014-11-02T00:00:00Z,0.00325293
2014-11-01T00:00:00Z,0.00315411
2014-10-31T00:00:00Z,0.00273325
2014-10-30T00:00:00Z,0.00325092
2014-10-29T00:00:00Z,0.0036703
2014-10-28T00:00:00Z,0.00386017
2014-10-27T00:00:00Z,0.0033912
2014-10-26T00:00:00Z,0.00357796
2014-10-25T00:00:00Z,0.00285872
2014-10-24T00:00:00Z,0.0030973
2014-10-23T00:00:00Z,0.00337781
2014-10-22T00:00:00Z,0.00317776
2014-10-21T00:00:00Z,0.00339117
2014-10-20T00:00:00Z,0.00376851
2014-10-19T00:00:00Z,0.00316371
2014-10-18T00:00:00Z,0.0025182
2014-10-17T00:00:00Z,0.00328621
2014-10-16T00:00:00Z,0.00327542
2014-10-15T00:00:00Z,0.00331369
2014-10-14T00:00:00Z,0.00400377
2014-10-13T00:00:00Z,0.00337029
2014-10-12T00:00:00Z,0.0029685
2014-10-11T00:00:00Z,0.00287547
2014-10-10T00:00:00Z,0.00334492
2014-10-09T00:00:00Z,0.00374388
2014-10-08T00:00:00Z,0.00347121
2014-10-07T00:00:00Z,0.00397232
2014-10-06T00:00:00Z,0.00312357
2014-10-05T00:00:00Z,0.00280736
2014-10-04T00:00:00Z,0.00325462
2014-10-03T00:00:00Z,0.00329752
2014-10-02T00:00:00Z,0.00324991
2014-10-01T00:00:00Z,0.00332146
2014-09-30T00:00:00Z,0.00316032
2014-09-29T00:00:00Z,0.00354672
2014-09-28T00:00:00Z,0.00330252
2014-09-27T00:00:00Z,0.00311581
2014-09-26T00:00:00Z,0.01408278
2014-09-25T00:00:00Z,0.0030628
2014-09-24T00:00:00Z,0.00315842
2014-09-23T00:00:00Z,0.00338687
2014-09-22T00:00:00Z,0.00278144
2014-09-21T00:00:00Z,0.00227218
2014-09-20T00:00:00Z,0.00232783
2014-09-19T00:00:00Z,0.00247591
2014-09-18T00:00:00Z,0.00275143
2014-09-17T00:00:00Z,0.00263174
2014-09-16T00:00:00Z,0.00334587
2014-09-15T00:00:00Z,0.00308651
2014-09-14T00:00:00Z,0.00283605
2014-09-13T00:00:00Z,0.00210499
2014-09-12T00:00:00Z,0.00277275
2014-09-11T00:00:00Z,0.00238268
2014-09-10T00:00:00Z,0.0032376
2014-09-09T00:00:00Z,0.00385209
2014-09-08T00:00:00Z,0.0033786
2014-09-07T00:00:00Z,0.00508122
2014-09-06T00:00:00Z,0.00214384
2014-09-05T00:00:00Z,0.00303647
2014-09-04T00:00:00Z,0.00282677
2014-09-03T00:00:00Z,0.00262671
2014-09-02T00:00:00Z,0.00314573
2014-09-01T00:00:00Z,0.00319937
2014-08-31T00:00:00Z,0.00188876
2014-08-30T00:00:00Z,0.00200371
2014-08-29T00:00:00Z,0.00244759
2014-08-28T00:00:00Z,0.00239823
2014-08-27T00:00:00Z,0.00272428
2014-08-26T00:00:00Z,0.00266605
2014-08-25T00:00:00Z,0.00478094
2014-08-24T00:00:00Z,0.00247182
2014-08-23T00:00:00Z,0.00212464
2014-08-22T00:00:00Z,0.00273251
2014-08-21T00:00:00Z,0.00276355
2014-08-20T00:00:00Z,0.00282421
2014-08-19T00:00:00Z,0.00274547
2014-08-18T00:00:00Z,0.00236947
2014-08-17T00:00:00Z,0.00870522
2014-08-16T00:00:00Z,0.00329335
2014-08-15T00:00:00Z,0.00291
2014-08-14T00:00:00Z,0.00270303
2014-08-13T00:00:00Z,0.00341443
2014-08-12T00:00:00Z,0.0028709
2014-08-11T00:00:00Z,0.0026861
2014-08-10T00:00:00Z,0.00221683
2014-08-09T00:00:00Z,0.0020414
2014-08-08T00:00:00Z,0.00281928
2014-08-07T00:00:00Z,0.00273674
2014-08-06T00:00:00Z,0.00320006
2014-08-05T00:00:00Z,0.00357339
2014-08-04T00:00:00Z,0.00345597
2014-08-03T00:00:00Z,0.00221586
2014-08-02T00:00:00Z,0.00207325
2014-08-01T00:00:00Z,0.00271342
2014-07-31T00:00:00Z,0.00291572
2014-07-30T00:00:00Z,0.0025591
2014-07-29T00:00:00Z,0.00278296
2014-07-28T00:00:00Z,0.00275254
2014-07-27T00:00:00Z,0.00232383
2014-07-26T00:00:00Z,0.00260202
2014-07-25T00:00:00Z,0.00251957
2014-07-24T00:00:00Z,0.00298339
2014-07-23T00:00:00Z,0.00300704
2014-07-22T00:00:00Z,0.00328871
2014-07-21T00:00:00Z,0.00272552
2014-07-20T00:00:00Z,0.0023131
2014-07-19T00:00:00Z,0.00233445
2014-07-18T00:00:00Z,0.00277106
2014-07-17T00:00:00Z,0.00272824
2014-07-16T00:00:00Z,0.00349155
2014-07-15T00:00:00Z,0.00313912
2014-07-14T00:00:00Z,0.00347229
2014-07-13T00:00:00Z,0.00235033
2014-07-12T00:00:00Z,0.00221471
2014-07-11T00:00:00Z,0.00277963
2014-07-10T00:00:00Z,0.00299392
2014-07-09T00:00:00Z,0.00280875
2014-07-08T00:00:00Z,0.00326326
2014-07-07T00:00:00Z,0.00298273
2014-07-06T00:00:00Z,0.00259283
2014-07-05T00:00:00Z,0.00217795
2014-07-04T00:00:00Z,0.00243129
2014-07-03T00:00:00Z,0.00314856
2014-07-02T00:00:00Z,0.00370836
2014-07-01T00:00:00Z,0.00392912
2014-06-30T00:00:00Z,0.00358985
2014-06-29T00:00:00Z,0.00221593
2014-06-28T00:00:00Z,0.00203193
2014-06-27T00:00:00Z,0.00216827
2014-06-26T00:00:00Z,0.00236496
2014-06-25T00:00:00Z,0.00263694
2014-06-24T00:00:00Z,0.0023482
2014-06-23T00:00:00Z,0.00256061
2014-06-22T00:00:00Z,0.00200089
2014-06-21T00:00:00Z,0.00197233
2014-06-20T00:00:00Z,0.00229919
2014-06-19T00:00:00Z,0.00279935
2014-06-18T00:00:00Z,0.00325798
2014-06-17T00:00:00Z,0.00260729
2014-06-16T00:00:00Z,0.00254445
2014-06-15T00:00:00Z,0.00200408
2014-06-14T00:00:00Z,0.0020385
2014-06-13T00:00:00Z,0.00282586
2014-06-12T00:00:00Z,0.00299963
2014-06-11T00:00:00Z,0.00307908
2014-06-10T00:00:00Z,0.00278168
2014-06-09T00:00:00Z,0.00283685
2014-06-08T00:00:00Z,0.00259511
2014-06-07T00:00:00Z,0.00226125
2014-06-06T00:00:00Z,0.00309848
2014-06-05T00:00:00Z,0.00323945
2014-06-04T00:00:00Z,0.00264632
2014-06-03T00:00:00Z,0.00301125
2014-06-02T00:00:00Z,0.00241992
2014-06-01T00:00:00Z,0.00245115
2014-05-31T00:00:00Z,0.00261835
2014-05-30T00:00:00Z,0.0027703
2014-05-29T00:00:00Z,0.003379
2014-05-28T00:00:00Z,0.00329321
2014-05-27T00:00:00Z,0.00355828
2014-05-26T00:00:00Z,0.00317407
2014-05-25T00:00:00Z,0.00251403
2014-05-24T00:00:00Z,0.00290979
2014-05-23T00:00:00Z,0.00307632
2014-05-22T00:00:00Z,0.00295866
2014-05-21T00:00:00Z,0.00291612
2014-05-20T00:00:00Z,0.00301576
2014-05-19T00:00:00Z,0.00270815
2014-05-18T00:00:00Z,0.00202253
2014-05-17T00:00:00Z,0.00214805
2014-05-16T00:00:00Z,0.00256489
2014-05-15T00:00:00Z,0.00298553
2014-05-14T00:00:00Z,0.00321107
2014-05-13T00:00:00Z,0.00304556
2014-05-12T00:00:00Z,0.00338649
2014-05-11T00:00:00Z,0.00254618
2014-05-10T00:00:00Z,0.00225121
2014-05-09T00:00:00Z,0.0036511
2014-05-08T00:00:00Z,0.00324318
2014-05-07T00:00:00Z,0.00339516
2014-05-06T00:00:00Z,0.00308404
2014-05-05T00:00:00Z,0.00431188
2014-05-04T00:00:00Z,0.00261178
2014-05-03T00:00:00Z,0.00289007
2014-05-02T00:00:00Z,0.00294223
2014-05-01T00:00:00Z,0.00245901
2014-04-30T00:00:00Z,0.00376783
2014-04-29T00:00:00Z,0.00294252
2014-04-28T00:00:00Z,0.00335456
2014-04-27T00:00:00Z,0.00264804
2014-04-26T00:00:00Z,0.00223768
2014-04-25T00:00:00Z,0.00298981
2014-04-24T00:00:00Z,0.00394399
2014-04-23T00:00:00Z,0.00351784
2014-04-22T00:00:00Z,0.00395681
2014-04-21T00:00:00Z,0.00290996
2014-04-20T00:00:00Z,0.00243605
2014-04-19T00:00:00Z,0.00316308
2014-04-18T00:00:00Z,0.00303081
2014-04-17T00:00:00Z,0.00353669
2014-04-16T00:00:00Z,0.00357821
2014-04-15T00:00:00Z,0.00361317
2014-04-14T00:00:00Z,0.0031688
2014-04-13T00:00:00Z,0.00219834
2014-04-12T00:00:00Z,0.00224863
2014-04-11T00:00:00Z,0.00328933
2014-04-10T00:00:00Z,0.00369721
2014-04-09T00:00:00Z,0.00500814
2014-04-08T00:00:00Z,0.0043877
2014-04-07T00:00:00Z,0.00374615
2014-04-06T00:00:00Z,0.00273385
2014-04-05T00:00:00Z,0.00260528
2014-04-04T00:00:00Z,0.00276614
2014-04-03T00:00:00Z,0.00263031
2014-04-02T00:00:00Z,0.00268196
2014-04-01T00:00:00Z,0.00287257
2014-03-31T00:00:00Z,0.0028007
2014-03-30T00:00:00Z,0.00310024
2014-03-29T00:00:00Z,0.00223304
2014-03-28T00:00:00Z,0.0028253
2014-03-27T00:00:00Z,0.00317175
2014-03-26T00:00:00Z,0.0037964
2014-03-25T00:00:00Z,0.00369434
2014-03-24T00:00:00Z,0.00275783
2014-03-23T00:00:00Z,0.00207684
2014-03-22T00:00:00Z,0.00411923
2014-03-21T00:00:00Z,0.00314646
2014-03-20T00:00:00Z,0.00309415
2014-03-19T00:00:00Z,0.00335904
2014-03-18T00:00:00Z,0.00266177
2014-03-17T00:00:00Z,0.00323957
2014-03-16T00:00:00Z,0.00288827
2014-03-15T00:00:00Z,0.00263874
2014-03-14T00:00:00Z,0.00409007
2014-03-13T00:00:00Z,0.00360446
2014-03-12T00:00:00Z,0.00361702
2014-03-11T00:00:00Z,0.00362805
2014-03-10T00:00:00Z,0.00434803
2014-03-09T00:00:00Z,0.00273665
2014-03-08T00:00:00Z,0.00276004
2014-03-07T00:00:00Z,0.00332891
2014-03-06T00:00:00Z,0.00337717
2014-03-05T00:00:00Z,0.00365872
2014-03-04T00:00:00Z,0.00464523
2014-03-03T00:00:00Z,0.00463658
2014-03-02T00:00:00Z,0.00308449
2014-03-01T00:00:00Z,0.00348663
2014-02-28T00:00:00Z,0.00361295
2014-02-27T00:00:00Z,0.00305747
2014-02-26T00:00:00Z,0.00322072
2014-02-25T00:00:00Z,0.00438035
2014-02-24T00:00:00Z,0.00317727
2014-02-23T00:00:00Z,0.0028599
2014-02-22T00:00:00Z,0.00272954
2014-02-21T00:00:00Z,0.00364144
2014-02-20T00:00:00Z,0.00333711
2014-02-19T00:00:00Z,0.00288342
2014-02-18T00:00:00Z,0.00326523
2014-02-17T00:00:00Z,0.00604369
2014-02-16T00:00:00Z,0.00231732
2014-02-15T00:00:00Z,0.0026786
2014-02-14T00:00:00Z,0.00356787
2014-02-13T00:00:00Z,0.00314737
2014-02-12T00:00:00Z,0.00359085
2014-02-11T00:00:00Z,0.00318417
2014-02-10T00:00:00Z,0.00335781
2014-02-09T00:00:00Z,0.00307214
2014-02-08T00:00:00Z,0.00268879
2014-02-07T00:00:00Z,0.00393521
2014-02-06T00:00:00Z,0.00328902
2014-02-05T00:00:00Z,0.00327967
2014-02-04T00:00:00Z,0.00329663
2014-02-03T00:00:00Z,0.00267659
2014-02-02T00:00:00Z,0.00231784
2014-02-01T00:00:00Z,0.00241175
2014-01-31T00:00:00Z,0.00311617
2014-01-30T00:00:00Z,0.00301249
2014-01-29T00:00:00Z,0.00349126
2014-01-28T00:00:00Z,0.00366392
2014-01-27T00:00:00Z,0.00308418
2014-01-26T00:00:00Z,0.00308237
2014-01-25T00:00:00Z,0.00286523
2014-01-24T00:00:00Z,0.00322536
2014-01-23T00:00:00Z,0.00378144
2014-01-22T00:00:00Z,0.00307014
2014-01-21T00:00:00Z,0.00374474
2014-01-20T00:00:00Z,0.00312415
2014-01-19T00:00:00Z,0.00269602
2014-01-18T00:00:00Z,0.00291634
2014-01-17T00:00:00Z,0.00384576
2014-01-16T00:00:00Z,0.00285609
2014-01-15T00:00:00Z,0.00364973
2014-01-14T00:00:00Z,0.00395707
2014-01-13T00:00:00Z,0.00282996
2014-01-12T00:00:00Z,0.00227458
2014-01-11T00:00:00Z,0.00232876
2014-01-10T00:00:00Z,0.00267475
2014-01-09T00:00:00Z,0.00246873
2014-01-08T00:00:00Z,0.00291891
2014-01-07T00:00:00Z,0.00349742
2014-01-06T00:00:00Z,0.00630584
2014-01-05T00:00:00Z,0.00288041
2014-01-04T00:00:00Z,0.00347371
2014-01-03T00:00:00Z,0.00342164
2014-01-02T00:00:00Z,0.00410602
2014-01-01T00:00:00Z,0.00182405
2013-12-31T00:00:00Z,0.00238257
2013-12-30T00:00:00Z,0.00270752
2013-12-29T00:00:00Z,0.00345269
2013-12-28T00:00:00Z,0.00309934
2013-12-27T00:00:00Z,0.0026623
2013-12-26T00:00:00Z,0.00296068
2013-12-25T00:00:00Z,0.00303222
2013-12-24T00:00:00Z,0.00284778
2013-12-23T00:00:00Z,0.00282515
2013-12-22T00:00:00Z,0.00270634
2013-12-21T00:00:00Z,0.0030799
2013-12-20T00:00:00Z,0.00363713
2013-12-19T00:00:00Z,0.00291003
2013-12-18T00:00:00Z,0.00373364
2013-12-17T00:00:00Z,0.00298747
2013-12-16T00:00:00Z,0.00311572
2013-12-15T00:00:00Z,0.00259653
2013-12-14T00:00:00Z,0.002499
2013-12-13T00:00:00Z,0.00346706
2013-12-12T00:00:00Z,0.00350699
2013-12-11T00:00:00Z,0.00421151
2013-12-10T00:00:00Z,0.00363278
2013-12-09T00:00:00Z,0.00385832
2013-12-08T00:00:00Z,0.00233024
2013-12-07T00:00:00Z,0.00763182
2013-12-06T00:00:00Z,0.00367904
2013-12-05T00:00:00Z,0.00527673
2013-12-04T00:00:00Z,0.00484941
2013-12-03T00:00:00Z,0.0040646
2013-12-02T00:00:00Z,0.00528949
2013-12-01T00:00:00Z,0.00385805
2013-11-30T00:00:00Z,0.00456566
2013-11-29T00:00:00Z,0.00599636
2013-11-28T00:00:00Z,0.00674753
2013-11-27T00:00:00Z,0.00698274
2013-11-26T00:00:00Z,0.00630886
2013-11-25T00:00:00Z,0.00451162
2013-11-24T00:00:00Z,0.00415787
2013-11-23T00:00:00Z,0.00492064
2013-11-22T00:00:00Z,0.0053888
2013-11-21T00:00:00Z,0.00703235
2013-11-20T00:00:00Z,0.00612794
2013-11-19T00:00:00Z,0.00778925
2013-11-18T00:00:00Z,0.00693409
2013-11-17T00:00:00Z,0.00366122
2013-11-16T00:00:00Z,0.00293281
2013-11-15T00:00:00Z,0.00415526
2013-11-14T00:00:00Z,0.00503217
2013-11-13T00:00:00Z,0.00545633
2013-11-12T00:00:00Z,0.00445987
2013-11-11T00:00:00Z,0.01313502
2013-11-10T00:00:00Z,0.01060758
2013-11-09T00:00:00Z,0.0149235
2013-11-08T00:00:00Z,0.03090128
2013-11-07T00:00:00Z,0.0344649
2013-11-06T00:00:00Z,0.03450332
2013-11-05T00:00:00Z,0.01075191
2013-11-04T00:00:00Z,0.01051992
2013-11-03T00:00:00Z,0.00844463
2013-11-02T00:00:00Z,0.00463799
2013-11-01T00:00:00Z,0.00668645
2013-10-31T00:00:00Z,0.00565105
2013-10-30T00:00:00Z,0.00605998
2013-10-29T00:00:00Z,0.00854021
2013-10-28T00:00:00Z,0.00707721
2013-10-27T00:00:00Z,0.01274068
2013-10-26T00:00:00Z,0.00770788
2013-10-25T00:00:00Z,0.00861872
2013-10-24T00:00:00Z,0.00935628
2013-10-23T00:00:00Z,0.00821749
2013-10-22T00:00:00Z,0.00675892
2013-10-21T00:00:00Z,0.00708957
2013-10-20T00:00:00Z,0.00569345
2013-10-19T00:00:00Z,0.00646241
2013-10-18T00:00:00Z,0.0079279
2013-10-17T00:00:00Z,0.00867134
2013-10-16T00:00:00Z,0.00891019
2013-10-15T00:00:00Z,0.00590996
2013-10-14T00:00:00Z,0.00525808
2013-10-13T00:00:00Z,0.00554453
2013-10-12T00:00:00Z,0.00597304
2013-10-11T00:00:00Z,0.00489911
2013-10-10T00:00:00Z,0.0064288
2013-10-09T00:00:00Z,0.00674196
2013-10-08T00:00:00Z,0.00423833
2013-10-07T00:00:00Z,0.00828392
2013-10-06T00:00:00Z,0.00455373
2013-10-05T00:00:00Z,0.00473771
2013-10-04T00:00:00Z,0.00547493
2013-10-03T00:00:00Z,0.00730364
2013-10-02T00:00:00Z,0.00829152
2013-10-01T00:00:00Z,0.00830263
2013-09-30T00:00:00Z,0.00627978
2013-09-29T00:00:00Z,0.00604453
2013-09-28T00:00:00Z,0.00586061
2013-09-27T00:00:00Z,0.01822784
2013-09-26T00:00:00Z,0.00667856
2013-09-25T00:00:00Z,0.00599567
2013-09-24T00:00:00Z,0.00575167
2013-09-23T00:00:00Z,0.00746272
2013-09-22T00:00:00Z,0.00515366
2013-09-21T00:00:00Z,0.00563062
2013-09-20T00:00:00Z,0.00537275
2013-09-19T00:00:00Z,0.01894892
2013-09-18T00:00:00Z,0.02540086
2013-09-17T00:00:00Z,0.06336748
2013-09-16T00:00:00Z,0.01058812
2013-09-15T00:00:00Z,0.00607255
2013-09-14T00:00:00Z,0.00369957
2013-09-13T00:00:00Z,0.00409361
2013-09-12T00:00:00Z,0.00566623
2013-09-11T00:00:00Z,0.00449074
2013-09-10T00:00:00Z,0.00531686
2013-09-09T00:00:00Z,0.00597999
2013-09-08T00:00:00Z,0.00661637
2013-09-07T00:00:00Z,0.00671301
2013-09-06T00:00:00Z,0.00718921
2013-09-05T00:00:00Z,0.00723717
2013-09-04T00:00:00Z,0.00659707
2013-09-03T00:00:00Z,0.00639843
2013-09-02T00:00:00Z,0.00874242
2013-09-01T00:00:00Z,0.00449577
2013-08-31T00:00:00Z,0.00556985
2013-08-30T00:00:00Z,0.00849539
2013-08-29T00:00:00Z,0.00569012
2013-08-28T00:00:00Z,0.05536916
2013-08-27T00:00:00Z,0.00934299
2013-08-26T00:00:00Z,0.00973713
2013-08-25T00:00:00Z,0.00795485
2013-08-24T00:00:00Z,0.00602472
2013-08-23T00:00:00Z,0.00686416
2013-08-22T00:00:00Z,0.00712873
2013-08-21T00:00:00Z,0.00651823
2013-08-20T00:00:00Z,0.00714349
2013-08-19T00:00:00Z,0.0108745
2013-08-18T00:00:00Z,0.00938498
2013-08-17T00:00:00Z,0.00605191
2013-08-16T00:00:00Z,0.0110543
2013-08-15T00:00:00Z,0.01467552
2013-08-14T00:00:00Z,0.01041599
2013-08-13T00:00:00Z,0.0064604
2013-08-12T00:00:00Z,0.00467629
2013-08-11T00:00:00Z,0.00604528
2013-08-10T00:00:00Z,0.00561513
2013-08-09T00:00:00Z,0.00892231
2013-08-08T00:00:00Z,0.00949151
2013-08-07T00:00:00Z,0.00674041
2013-08-06T00:00:00Z,0.00869855
2013-08-05T00:00:00Z,0.00585938
2013-08-04T00:00:00Z,0.00699186
2013-08-03T00:00:00Z,0.00618162
2013-08-02T00:00:00Z,0.00603219
2013-08-01T00:00:00Z,0.00859011
2013-07-31T00:00:00Z,0.0102614
2013-07-30T00:00:00Z,0.00759007
2013-07-29T00:00:00Z,0.00678755
2013-07-28T00:00:00Z,0.00563996
2013-07-27T00:00:00Z,0.00705301
2013-07-26T00:00:00Z,0.00493257
2013-07-25T00:00:00Z,0.00917106
2013-07-24T00:00:00Z,0.00888144
2013-07-23T00:00:00Z,0.00604793
2013-07-22T00:00:00Z,0.0078815
2013-07-21T00:00:00Z,0.00491163
2013-07-20T00:00:00Z,0.00491705
2013-07-19T00:00:00Z,0.00491598
2013-07-18T00:00:00Z,0.00920389
2013-07-17T00:00:00Z,0.00726925
2013-07-16T00:00:00Z,0.00867461
2013-07-15T00:00:00Z,0.00541749
2013-07-14T00:00:00Z,0.00530478
2013-07-13T00:00:00Z,0.00848982
2013-07-12T00:00:00Z,0.00793116
2013-07-11T00:00:00Z,0.00805417
2013-07-10T00:00:00Z,0.00538613
2013-07-09T00:00:00Z,0.00745754
2013-07-08T00:00:00Z,0.00678774
2013-07-07T00:00:00Z,0.00394586
2013-07-06T00:00:00Z,0.0063367
2013-07-05T00:00:00Z,0.00693406
2013-07-04T00:00:00Z,0.00562427
2013-07-03T00:00:00Z,0.00608769
2013-07-02T00:00:00Z,0.00921697
2013-07-01T00:00:00Z,0.00610979
2013-06-30T00:00:00Z,0.00754959
2013-06-29T00:00:00Z,0.00573903
2013-06-28T00:00:00Z,0.01125446
2013-06-27T00:00:00Z,0.00731018
2013-06-26T00:00:00Z,0.00917831
2013-06-25T00:00:00Z,0.00853687
2013-06-24T00:00:00Z,0.0103432
2013-06-23T00:00:00Z,0.00791195
2013-06-22T00:00:00Z,0.01247519
2013-06-21T00:00:00Z,0.01013226
2013-06-20T00:00:00Z,0.01782976
2013-06-19T00:00:00Z,0.01088278
2013-06-18T00:00:00Z,0.01067663
2013-06-17T00:00:00Z,0.01006408
2013-06-16T00:00:00Z,0.00671919
2013-06-15T00:00:00Z,0.00757599
2013-06-14T00:00:00Z,0.00800663
2013-06-13T00:00:00Z,0.00871453
2013-06-12T00:00:00Z,0.00831407
2013-06-11T00:00:00Z,0.01048178
2013-06-10T00:00:00Z,0.00786357
2013-06-09T00:00:00Z,0.0089875
2013-06-08T00:00:00Z,0.01007979
2013-06-07T00:00:00Z,0.0096359
2013-06-06T00:00:00Z,0.00903631
2013-06-05T00:00:00Z,0.01290266
2013-06-04T00:00:00Z,0.01007819
2013-06-03T00:00:00Z,0.01093717
2013-06-02T00:00:00Z,0.00971919
2013-06-01T00:00:00Z,0.00768705
2013-05-31T00:00:00Z,0.01019472
2013-05-30T00:00:00Z,0.01049894
2013-05-29T00:00:00Z,0.01226519
2013-05-28T00:00:00Z,0.01368094
2013-05-27T00:00:00Z,0.01098892
2013-05-26T00:00:00Z,0.00767776
2013-05-25T00:00:00Z,0.01133105
2013-05-24T00:00:00Z,0.01131011
2013-05-23T00:00:00Z,0.01281336
2013-05-22T00:00:00Z,0.01263042
2013-05-21T00:00:00Z,0.01217043
2013-05-20T00:00:00Z,0.01329542
2013-05-19T00:00:00Z,0.01194366
2013-05-18T00:00:00Z,0.01050993
2013-05-17T00:00:00Z,0.01357801
2013-05-16T00:00:00Z,0.02048215
2013-05-15T00:00:00Z,0.01686928
2013-05-14T00:00:00Z,0.01468707
2013-05-13T00:00:00Z,0.01327198
2013-05-12T00:00:00Z,0.01329109
2013-05-11T00:00:00Z,0.01337853
2013-05-10T00:00:00Z,0.01472783
2013-05-09T00:00:00Z,0.01581632
2013-05-08T00:00:00Z,0.01244975
2013-05-07T00:00:00Z,0.01100018
2013-05-06T00:00:00Z,0.01259715
2013-05-05T00:00:00Z,0.00878637
2013-05-04T00:00:00Z,0.01135828
2013-05-03T00:00:00Z,0.0130988
2013-05-02T00:00:00Z,0.01544546
2013-05-01T00:00:00Z,0.01071466
2013-04-30T00:00:00Z,0.01213251
2013-04-29T00:00:00Z,0.01040196
2013-04-28T00:00:00Z,0.0073561
2013-04-27T00:00:00Z,0.01050585
2013-04-26T00:00:00Z,0.0094075
2013-04-25T00:00:00Z,0.01389043
2013-04-24T00:00:00Z,0.01519562
2013-04-23T00:00:00Z,0.01437098
2013-04-22T00:00:00Z,0.01200201
2013-04-21T00:00:00Z,0.00742492
2013-04-20T00:00:00Z,0.01186332
2013-04-19T00:00:00Z,0.01590264
2013-04-18T00:00:00Z,0.01144217
2013-04-17T00:00:00Z,0.01870424
2013-04-16T00:00:00Z,0.01162198
2013-04-15T00:00:00Z,0.01779275
2013-04-14T00:00:00Z,0.013763
2013-04-13T00:00:00Z,0.0095539
2013-04-12T00:00:00Z,0.01287699
2013-04-11T00:00:00Z,0.0155951
2013-04-10T00:00:00Z,0.01336194
2013-04-09T00:00:00Z,0.01107397
2013-04-08T00:00:00Z,0.01179985
2013-04-07T00:00:00Z,0.01298984
2013-04-06T00:00:00Z,0.00944444
2013-04-05T00:00:00Z,0.01428382
2013-04-04T00:00:00Z,0.01943132
2013-04-03T00:00:00Z,0.0159195
2013-04-02T00:00:00Z,0.01334464
2013-04-01T00:00:00Z,0.00864041
2013-03-31T00:00:00Z,0.01073663
2013-03-30T00:00:00Z,0.01459957
2013-03-29T00:00:00Z,0.01376655
2013-03-28T00:00:00Z,0.01319262
2013-03-27T00:00:00Z,0.01800026
2013-03-26T00:00:00Z,0.01186639
2013-03-25T00:00:00Z,0.01217496
2013-03-24T00:00:00Z,0.00852523
2013-03-23T00:00:00Z,0.00960229
2013-03-22T00:00:00Z,0.01169956
2013-03-21T00:00:00Z,0.00920086
2013-03-20T00:00:00Z,0.00698229
2013-03-19T00:00:00Z,0.01200801
2013-03-18T00:00:00Z,0.00790185
2013-03-17T00:00:00Z,0.00602988
2013-03-16T00:00:00Z,0.00713465
2013-03-15T00:00:00Z,0.01489487
2013-03-14T00:00:00Z,0.01161619
2013-03-13T00:00:00Z,0.0132481
2013-03-12T00:00:00Z,0.01936589
2013-03-11T00:00:00Z,0.01202891
2013-03-10T00:00:00Z,0.01322214
2013-03-09T00:00:00Z,0.01218481
2013-03-08T00:00:00Z,0.01176533
2013-03-07T00:00:00Z,0.0151825
2013-03-06T00:00:00Z,0.03900236
2013-03-05T00:00:00Z,0.01457291
2013-03-04T00:00:00Z,0.0121939
2013-03-03T00:00:00Z,0.01104901
2013-03-02T00:00:00Z,0.01391797
2013-03-01T00:00:00Z,0.01758302
2013-02-28T00:00:00Z,0.01424946
2013-02-27T00:00:00Z,0.01117779
2013-02-26T00:00:00Z,0.01353066
2013-02-25T00:00:00Z,0.01289593
2013-02-24T00:00:00Z,0.01141323
2013-02-23T00:00:00Z,0.01161473
2013-02-22T00:00:00Z,0.01237465
2013-02-21T00:00:00Z,0.01156734
2013-02-20T00:00:00Z,0.01024084
2013-02-19T00:00:00Z,0.01154152
2013-02-18T00:00:00Z,0.01107826
2013-02-17T00:00:00Z,0.00986285
2013-02-16T00:00:00Z,0.01063228
2013-02-15T00:00:00Z,0.01264415
2013-02-14T00:00:00Z,0.01137979
2013-02-13T00:00:00Z,0.0129589
2013-02-12T00:00:00Z,0.01375942
2013-02-11T00:00:00Z,0.01212459
2013-02-10T00:00:00Z,0.01110713
2013-02-09T00:00:00Z,0.01247002
2013-02-08T00:00:00Z,0.01288146
2013-02-07T00:00:00Z,0.0124564
2013-02-06T00:00:00Z,0.00875674
2013-02-05T00:00:00Z,0.01004389
2013-02-04T00:00:00Z,0.01090908
2013-02-03T00:00:00Z,0.01107065
2013-02-02T00:00:00Z,0.01895088
2013-02-01T00:00:00Z,0.01402791
2013-01-31T00:00:00Z,0.00980939
2013-01-30T00:00:00Z,0.00903999
2013-01-29T00:00:00Z,0.01240544
2013-01-28T00:00:00Z,0.01160434
2013-01-27T00:00:00Z,0.01248395
2013-01-26T00:00:00Z,0.01213571
2013-01-25T00:00:00Z,0.01194822
2013-01-24T00:00:00Z,0.01116204
2013-01-23T00:00:00Z,0.01390178
2013-01-22T00:00:00Z,0.00913209
2013-01-21T00:00:00Z,0.00889097
2013-01-20T00:00:00Z,0.01004852
2013-01-19T00:00:00Z,0.01623666
2013-01-18T00:00:00Z,0.01227933
2013-01-17T00:00:00Z,0.01346414
2013-01-16T00:00:00Z,0.01243053
2013-01-15T00:00:00Z,0.01097613
2013-01-14T00:00:00Z,0.00880812
2013-01-13T00:00:00Z,0.01164439
2013-01-12T00:00:00Z,0.01187845
2013-01-11T00:00:00Z,0.01433312
2013-01-10T00:00:00Z,0.040068
2013-01-09T00:00:00Z,0.00998726
2013-01-08T00:00:00Z,0.00965247
2013-01-07T00:00:00Z,0.00848495
2013-01-06T00:00:00Z,0.00952662
2013-01-05T00:00:00Z,0.00881539
2013-01-04T00:00:00Z,0.00996586
2013-01-03T00:00:00Z,0.00921451
2013-01-02T00:00:00Z,0.00831411
2013-01-01T00:00:00Z,0.00623472
2012-12-31T00:00:00Z,0.00614469
2012-12-30T00:00:00Z,0.00837303
2012-12-29T00:00:00Z,0.00823166
2012-12-28T00:00:00Z,0.00877295
2012-12-27T00:00:00Z,0.00938196
2012-12-26T00:00:00Z,0.00753813
2012-12-25T00:00:00Z,0.00746421
2012-12-24T00:00:00Z,0.00842537
2012-12-23T00:00:00Z,0.01020607
2012-12-22T00:00:00Z,0.01058062
2012-12-21T00:00:00Z,0.01159354
2012-12-20T00:00:00Z,0.01162916
2012-12-19T00:00:00Z,0.00976211
2012-12-18T00:00:00Z,0.0126441
2012-12-17T00:00:00Z,0.00981832
2012-12-16T00:00:00Z,0.00992648
2012-12-15T00:00:00Z,0.00832341
2012-12-14T00:00:00Z,0.01197207
2012-12-13T00:00:00Z,0.01359401
2012-12-12T00:00:00Z,0.0087335
2012-12-11T00:00:00Z,0.00867312
2012-12-10T00:00:00Z,0.00853883
2012-12-09T00:00:00Z,0.00766209
2012-12-08T00:00:00Z,0.00741918
2012-12-07T00:00:00Z,0.00748822
2012-12-06T00:00:00Z,0.00901292
2012-12-05T00:00:00Z,0.00884709
2012-12-04T00:00:00Z,0.00995583
2012-12-03T00:00:00Z,0.00495204
2012-12-02T00:00:00Z,0.0042378
2012-12-01T00:00:00Z,0.00629487
2012-11-30T00:00:00Z,0.00715819
2012-11-29T00:00:00Z,0.00709694
2012-11-28T00:00:00Z,0.00608124
2012-11-27T00:00:00Z,0.01096185
2012-11-26T00:00:00Z,0.00336488
2012-11-25T00:00:00Z,0.00402675
2012-11-24T00:00:00Z,0.00287356
2012-11-23T00:00:00Z,0.00325305
2012-11-22T00:00:00Z,0.00303066
2012-11-21T00:00:00Z,0.00403476
2012-11-20T00:00:00Z,0.0038122
2012-11-19T00:00:00Z,0.00381329
2012-11-18T00:00:00Z,0.00371099
2012-11-17T00:00:00Z,0.00364467
2012-11-16T00:00:00Z,0.004385
2012-11-15T00:00:00Z,0.00463162
2012-11-14T00:00:00Z,0.00320839
2012-11-13T00:00:00Z,0.00292513
2012-11-12T00:00:00Z,0.00269712
2012-11-11T00:00:00Z,0.00236687
2012-11-10T00:00:00Z,0.00298434
2012-11-09T00:00:00Z,0.00254637
2012-11-08T00:00:00Z,0.00326694
2012-11-07T00:00:00Z,0.00371188
2012-11-06T00:00:00Z,0.00379091
2012-11-05T00:00:00Z,0.00321017
2012-11-04T00:00:00Z,0.00247912
2012-11-03T00:00:00Z,0.00256221
2012-11-02T00:00:00Z,0.00377203
2012-11-01T00:00:00Z,0.00294311
2012-10-31T00:00:00Z,0.00317872
2012-10-30T00:00:00Z,0.00330171
2012-10-29T00:00:00Z,0.00219446
2012-10-28T00:00:00Z,0.0015288
2012-10-27T00:00:00Z,0.00143164
2012-10-26T00:00:00Z,0.00220703
2012-10-25T00:00:00Z,0.00232597
2012-10-24T00:00:00Z,0.00262324
2012-10-23T00:00:00Z,0.00322071
2012-10-22T00:00:00Z,0.00320304
2012-10-21T00:00:00Z,0.00306999
2012-10-20T00:00:00Z,0.00226892
2012-10-19T00:00:00Z,0.00233076
2012-10-18T00:00:00Z,0.00216475
2012-10-17T00:00:00Z,0.00931616
2012-10-16T00:00:00Z,0.00321677
2012-10-15T00:00:00Z,0.00256455
2012-10-14T00:00:00Z,0.00268815
2012-10-13T00:00:00Z,0.00283591
2012-10-12T00:00:00Z,0.0027375
2012-10-11T00:00:00Z,0.00325596
2012-10-10T00:00:00Z,0.00313661
2012-10-09T00:00:00Z,0.00361262
2012-10-08T00:00:00Z,0.00305174
2012-10-07T00:00:00Z,0.00421072
2012-10-06T00:00:00Z,0.00287375
2012-10-05T00:00:00Z,0.00404297
2012-10-04T00:00:00Z,0.0196541
2012-10-03T00:00:00Z,0.00275812
2012-10-02T00:00:00Z,0.00415575
2012-10-01T00:00:00Z,0.00252654
2012-09-30T00:00:00Z,0.00143894
2012-09-29T00:00:00Z,0.00169912
2012-09-28T00:00:00Z,0.0074619
2012-09-27T00:00:00Z,0.00199796
2012-09-26T00:00:00Z,0.00278534
2012-09-25T00:00:00Z,0.00206436
2012-09-24T00:00:00Z,0.00367646
2012-09-23T00:00:00Z,0.00229599
2012-09-22T00:00:00Z,0.00193703
2012-09-21T00:00:00Z,0.00345734
2012-09-20T00:00:00Z,0.00236135
2012-09-19T00:00:00Z,0.00303246
2012-09-18T00:00:00Z,0.00267561
2012-09-17T00:00:00Z,0.00173812
2012-09-16T00:00:00Z,0.00183092
2012-09-15T00:00:00Z,0.00204216
2012-09-14T00:00:00Z,0.0024901
2012-09-13T00:00:00Z,0.00301926
2012-09-12T00:00:00Z,0.00263871
2012-09-11T00:00:00Z,0.00422918
2012-09-10T00:00:00Z,0.00319756
2012-09-09T00:00:00Z,0.00276778
2012-09-08T00:00:00Z,0.00305889
2012-09-07T00:00:00Z,0.00237095
2012-09-06T00:00:00Z,0.0029799
2012-09-05T00:00:00Z,0.00290304
2012-09-04T00:00:00Z,0.00386283
2012-09-03T00:00:00Z,0.00428694
2012-09-02T00:00:00Z,0.00371232
2012-09-01T00:00:00Z,0.00436997
2012-08-31T00:00:00Z,0.00433624
2012-08-30T00:00:00Z,0.00376477
2012-08-29T00:00:00Z,0.00286736
2012-08-28T00:00:00Z,0.00331381
2012-08-27T00:00:00Z,0.00395948
2012-08-26T00:00:00Z,0.00229433
2012-08-25T00:00:00Z,0.0034533
2012-08-24T00:00:00Z,0.00259423
2012-08-23T00:00:00Z,0.00251882
2012-08-22T00:00:00Z,0.00291997
2012-08-21T00:00:00Z,0.00283176
2012-08-20T00:00:00Z,0.00315748
2012-08-19T00:00:00Z,0.00238664
2012-08-18T00:00:00Z,0.00240419
2012-08-17T00:00:00Z,0.00445336
2012-08-16T00:00:00Z,0.00366797
2012-08-15T00:00:00Z,0.00405258
2012-08-14T00:00:00Z,0.00262701
2012-08-13T00:00:00Z,0.00318402
2012-08-12T00:00:00Z,0.0021615
2012-08-11T00:00:00Z,0.00227313
2012-08-10T00:00:00Z,0.00567664
2012-08-09T00:00:00Z,0.00204086
2012-08-08T00:00:00Z,0.00629451
2012-08-07T00:00:00Z,0.00230335
2012-08-06T00:00:00Z,0.00355893
2012-08-05T00:00:00Z,0.00368078
2012-08-04T00:00:00Z,0.00209358
2012-08-03T00:00:00Z,0.00305137
2012-08-02T00:00:00Z,0.00239612
2012-08-01T00:00:00Z,0.00297949
2012-07-31T00:00:00Z,0.00323447
2012-07-30T00:00:00Z,0.00226522
2012-07-29T00:00:00Z,0.00221997
2012-07-28T00:00:00Z,0.00268085
2012-07-27T00:00:00Z,0.00192743
2012-07-26T00:00:00Z,0.00214716
2012-07-25T00:00:00Z,0.00188386
2012-07-24T00:00:00Z,0.00198203
2012-07-23T00:00:00Z,0.00307162
2012-07-22T00:00:00Z,0.00233076
2012-07-21T00:00:00Z,0.00283129
2012-07-20T00:00:00Z,0.00503803
2012-07-19T00:00:00Z,0.00298268
2012-07-18T00:00:00Z,0.00339625
2012-07-17T00:00:00Z,0.00233684
2012-07-16T00:00:00Z,0.00283018
2012-07-15T00:00:00Z,0.00250834
2012-07-14T00:00:00Z,0.00189996
2012-07-13T00:00:00Z,0.00176373
2012-07-12T00:00:00Z,0.00180076
2012-07-11T00:00:00Z,0.00285353
2012-07-10T00:00:00Z,0.00319402
2012-07-09T00:00:00Z,0.00194678
2012-07-08T00:00:00Z,0.00150134
2012-07-07T00:00:00Z,0.00513851
2012-07-06T00:00:00Z,0.00210969
2012-07-05T00:00:00Z,0.00175428
2012-07-04T00:00:00Z,0.0017683
2012-07-03T00:00:00Z,0.00154184
2012-07-02T00:00:00Z,0.00241121
2012-07-01T00:00:00Z,0.00135793
2012-06-30T00:00:00Z,0.00210791
2012-06-29T00:00:00Z,0.00161896
2012-06-28T00:00:00Z,0.00229664
2012-06-27T00:00:00Z,0.00222579
2012-06-26T00:00:00Z,0.00244755
2012-06-25T00:00:00Z,0.00209026
2012-06-24T00:00:00Z,0.00223051
2012-06-23T00:00:00Z,0.00215791
2012-06-22T00:00:00Z,0.00299136
2012-06-21T00:00:00Z,0.00460475
2012-06-20T00:00:00Z,0.00298421
2012-06-19T00:00:00Z,0.00342141
2012-06-18T00:00:00Z,0.0031768
2012-06-17T00:00:00Z,0.00322349
2012-06-16T00:00:00Z,0.00352683
2012-06-15T00:00:00Z,0.00420388
2012-06-14T00:00:00Z,0.00493969
2012-06-13T00:00:00Z,0.00503398
2012-06-12T00:00:00Z,0.00144151
2012-06-11T00:00:00Z,0.00260037
2012-06-10T00:00:00Z,0.00304334
2012-06-09T00:00:00Z,0.00264926
2012-06-08T00:00:00Z,0.0023343
2012-06-07T00:00:00Z,0.00307127
2012-06-06T00:00:00Z,0.00147151
2012-06-05T00:00:00Z,0.00408412
2012-06-04T00:00:00Z,0.00369732
2012-06-03T00:00:00Z,0.00251276
2012-06-02T00:00:00Z,0.00089115
2012-06-01T00:00:00Z,0.0021556
2012-05-31T00:00:00Z,0.00181237
2012-05-30T00:00:00Z,0.00287263
2012-05-29T00:00:00Z,0.00268716
2012-05-28T00:00:00Z,0.00273788
2012-05-27T00:00:00Z,0.00220473
2012-05-26T00:00:00Z,0.00219135
2012-05-25T00:00:00Z,0.00317624
2012-05-24T00:00:00Z,0.00309836
2012-05-23T00:00:00Z,0.00292958
2012-05-22T00:00:00Z,0.00221572
2012-05-21T00:00:00Z,0.00309633
2012-05-20T00:00:00Z,0.00289115
2012-05-19T00:00:00Z,0.00425671
2012-05-18T00:00:00Z,0.00235775
2012-05-17T00:00:00Z,0.00201603
2012-05-16T00:00:00Z,0.00214552
2012-05-15T00:00:00Z,0.00312871
2012-05-14T00:00:00Z,0.00398604
2012-05-13T00:00:00Z,0.00168378
2012-05-12T00:00:00Z,0.00170531
2012-05-11T00:00:00Z,0.00171581
2012-05-10T00:00:00Z,0.00136724
2012-05-09T00:00:00Z,0.00169956
2012-05-08T00:00:00Z,0.00140421
2012-05-07T00:00:00Z,0.00158498
2012-05-06T00:00:00Z,0.00089708
2012-05-05T00:00:00Z,0.00094171
2012-05-04T00:00:00Z,0.00129726
2012-05-03T00:00:00Z,0.00143689
2012-05-02T00:00:00Z,0.00092375
2012-05-01T00:00:00Z,0.0007912
2012-04-30T00:00:00Z,0.00057329
2012-04-29T00:00:00Z,0.00045366
2012-04-28T00:00:00Z,0.00090272
2012-04-27T00:00:00Z,0.00101907
2012-04-26T00:00:00Z,0.00159858
2012-04-25T00:00:00Z,0.00086985
2012-04-24T00:00:00Z,0.00094925
2012-04-23T00:00:00Z,0.00063378
2012-04-22T00:00:00Z,0.00069473
2012-04-21T00:00:00Z,0.00064001
2012-04-20T00:00:00Z,0.00093696
2012-04-19T00:00:00Z,0.0007446
2012-04-18T00:00:00Z,0.00095511
2012-04-17T00:00:00Z,0.00099487
2012-04-16T00:00:00Z,0.0007965
2012-04-15T00:00:00Z,0.00069064
2012-04-14T00:00:00Z,0.00087491
2012-04-13T00:00:00Z,0.00066716
2012-04-12T00:00:00Z,0.00098652
2012-04-11T00:00:00Z,0.00074349
2012-04-10T00:00:00Z,0.00095029
2012-04-09T00:00:00Z,0.00052673
2012-04-08T00:00:00Z,0.00051866
2012-04-07T00:00:00Z,0.0005747
2012-04-06T00:00:00Z,0.00070766
2012-04-05T00:00:00Z,0.00083318
2012-04-04T00:00:00Z,0.00071968
2012-04-03T00:00:00Z,0.00076294
2012-04-02T00:00:00Z,0.00072165
2012-04-01T00:00:00Z,0.00053757
2012-03-31T00:00:00Z,0.00053111
2012-03-30T00:00:00Z,0.00057056
2012-03-29T00:00:00Z,0.00063299
2012-03-28T00:00:00Z,0.00065832
2012-03-27T00:00:00Z,0.00054709
2012-03-26T00:00:00Z,0.0004604
2012-03-25T00:00:00Z,0.00087875
2012-03-24T00:00:00Z,0.00161771
2012-03-23T00:00:00Z,0.00067063
2012-03-22T00:00:00Z,0.00042815
2012-03-21T00:00:00Z,0.00042745
2012-03-20T00:00:00Z,0.00060211
2012-03-19T00:00:00Z,0.00059051
2012-03-18T00:00:00Z,0.00040334
2012-03-17T00:00:00Z,0.00041872
2012-03-16T00:00:00Z,0.001152
2012-03-15T00:00:00Z,0.00059725
2012-03-14T00:00:00Z,0.00075549
2012-03-13T00:00:00Z,0.00141255
2012-03-12T00:00:00Z,0.00045338
2012-03-11T00:00:00Z,0.00043334
2012-03-10T00:00:00Z,0.00053084
2012-03-09T00:00:00Z,0.00049218
2012-03-08T00:00:00Z,0.00052205
2012-03-07T00:00:00Z,0.0005219
2012-03-06T00:00:00Z,0.00070694
2012-03-05T00:00:00Z,0.00071516
2012-03-04T00:00:00Z,0.00070413
2012-03-03T00:00:00Z,0.00043591
2012-03-02T00:00:00Z,0.00067205
2012-03-01T00:00:00Z,0.00088906
2012-02-29T00:00:00Z,0.00038001
2012-02-28T00:00:00Z,0.00048073
2012-02-27T00:00:00Z,0.00073475
2012-02-26T00:00:00Z,0.00045666
2012-02-25T00:00:00Z,0.0003784
2012-02-24T00:00:00Z,0.00059208
2012-02-23T00:00:00Z,0.00060319
2012-02-22T00:00:00Z,0.00042924
2012-02-21T00:00:00Z,0.00053119
2012-02-20T00:00:00Z,0.00058791
2012-02-19T00:00:00Z,0.00033557
2012-02-18T00:00:00Z,0.00039111
2012-02-17T00:00:00Z,0.00047562
2012-02-16T00:00:00Z,0.00145607
2012-02-15T00:00:00Z,0.00090967
2012-02-14T00:00:00Z,0.00223759
2012-02-13T00:00:00Z,0.00076629
2012-02-12T00:00:00Z,0.00048928
2012-02-11T00:00:00Z,0.00052126
2012-02-10T00:00:00Z,0.00060465
2012-02-09T00:00:00Z,0.00102219
2012-02-08T00:00:00Z,0.00070494
2012-02-07T00:00:00Z,0.00096851
2012-02-06T00:00:00Z,0.0005874
2012-02-05T00:00:00Z,0.00059969
2012-02-04T00:00:00Z,0.0011052
2012-02-03T00:00:00Z,0.00087342
2012-02-02T00:00:00Z,0.0014555
2012-02-01T00:00:00Z,0.00067343
2012-01-31T00:00:00Z,0.00095711
2012-01-30T00:00:00Z,0.00337463
2012-01-29T00:00:00Z,0.02573243
2012-01-28T00:00:00Z,0.00125195
2012-01-27T00:00:00Z,0.00325181
2012-01-26T00:00:00Z,0.00129578
2012-01-25T00:00:00Z,0.00103622
2012-01-24T00:00:00Z,0.00140112
2012-01-23T00:00:00Z,0.0005832
2012-01-22T00:00:00Z,0.00044659
2012-01-21T00:00:00Z,0.00058143
2012-01-20T00:00:00Z,0.00340468
2012-01-19T00:00:00Z,0.00365512
2012-01-18T00:00:00Z,0.00169157
2012-01-17T00:00:00Z,0.00097372
2012-01-16T00:00:00Z,0.00443819
2012-01-15T00:00:00Z,0.00192841
2012-01-14T00:00:00Z,0.00170189
2012-01-13T00:00:00Z,0.00139646
2012-01-12T00:00:00Z,0.00529031
2012-01-11T00:00:00Z,0.00074484
2012-01-10T00:00:00Z,0.000694
2012-01-09T00:00:00Z,0.00077618
2012-01-08T00:00:00Z,0.00045665
2012-01-07T00:00:00Z,0.00048672
2012-01-06T00:00:00Z,0.0007584
2012-01-05T00:00:00Z,0.00077468
2012-01-04T00:00:00Z,0.00190186
2012-01-03T00:00:00Z,0.00067277
2012-01-02T00:00:00Z,0.00073497
2012-01-01T00:00:00Z,0.0004644
2011-12-31T00:00:00Z,0.0005223
2011-12-30T00:00:00Z,0.00046998
2011-12-29T00:00:00Z,0.00060253
2011-12-28T00:00:00Z,0.00040619
2011-12-27T00:00:00Z,0.00041318
2011-12-26T00:00:00Z,0.00036781
2011-12-25T00:00:00Z,0.00033613
2011-12-24T00:00:00Z,0.00030967
2011-12-23T00:00:00Z,0.00037349
2011-12-22T00:00:00Z,0.00046647
2011-12-21T00:00:00Z,0.00057159
2011-12-20T00:00:00Z,0.00088083
2011-12-19T00:00:00Z,0.00052266
2011-12-18T00:00:00Z,0.00043055
2011-12-17T00:00:00Z,0.00048188
2011-12-16T00:00:00Z,0.00045772
2011-12-15T00:00:00Z,0.00139622
2011-12-14T00:00:00Z,0.00050467
2011-12-13T00:00:00Z,0.00061389
2011-12-12T00:00:00Z,0.0271663
2011-12-11T00:00:00Z,0.02815827
2011-12-10T00:00:00Z,0.00040095
2011-12-09T00:00:00Z,0.00040942
2011-12-08T00:00:00Z,0.00033391
2011-12-07T00:00:00Z,0.0005605
2011-12-06T00:00:00Z,0.00049678
2011-12-05T00:00:00Z,0.00037988
2011-12-04T00:00:00Z,0.00041791
2011-12-03T00:00:00Z,0.00061191
2011-12-02T00:00:00Z,0.00062911
2011-12-01T00:00:00Z,0.00049261
2011-11-30T00:00:00Z,0.00045101
2011-11-29T00:00:00Z,0.00063447
2011-11-28T00:00:00Z,0.00047906
2011-11-27T00:00:00Z,0.00044727
2011-11-26T00:00:00Z,0.00047216
2011-11-25T00:00:00Z,0.00063462
2011-11-24T00:00:00Z,0.00070731
2011-11-23T00:00:00Z,0.00052396
2011-11-22T00:00:00Z,0.00042244
2011-11-21T00:00:00Z,0.00046962
2011-11-20T00:00:00Z,0.0005501
2011-11-19T00:00:00Z,0.00050872
2011-11-18T00:00:00Z,0.00050455
2011-11-17T00:00:00Z,0.00040959
2011-11-16T00:00:00Z,0.00055817
2011-11-15T00:00:00Z,0.00034932
2011-11-14T00:00:00Z,0.0003849
2011-11-13T00:00:00Z,0.00039458
2011-11-12T00:00:00Z,0.00034549
2011-11-11T00:00:00Z,0.00035129
2011-11-10T00:00:00Z,0.00047322
2011-11-09T00:00:00Z,0.00040751
2011-11-08T00:00:00Z,0.00055912
2011-11-07T00:00:00Z,0.00052703
2011-11-06T00:00:00Z,0.00032851
2011-11-05T00:00:00Z,0.00049593
2011-11-04T00:00:00Z,0.00042832
2011-11-03T00:00:00Z,0.00046523
2011-11-02T00:00:00Z,0.00042822
2011-11-01T00:00:00Z,0.00065331
2011-10-31T00:00:00Z,0.00047639
2011-10-30T00:00:00Z,0.00059129
2011-10-29T00:00:00Z,0.00061445
2011-10-28T00:00:00Z,0.00057943
2011-10-27T00:00:00Z,0.00053661
2011-10-26T00:00:00Z,0.00052751
2011-10-25T00:00:00Z,0.00042475
2011-10-24T00:00:00Z,0.00054906
2011-10-23T00:00:00Z,0.00057762
2011-10-22T00:00:00Z,0.00057395
2011-10-21T00:00:00Z,0.00044225
2011-10-20T00:00:00Z,0.00104438
2011-10-19T00:00:00Z,0.00049026
2011-10-18T00:00:00Z,0.00048358
2011-10-17T00:00:00Z,0.00072763
2011-10-16T00:00:00Z,0.00053904
2011-10-15T00:00:00Z,0.00050351
2011-10-14T00:00:00Z,0.00049012
2011-10-13T00:00:00Z,0.00085692
2011-10-12T00:00:00Z,0.00077085
2011-10-11T00:00:00Z,0.00112503
2011-10-10T00:00:00Z,0.00054369
2011-10-09T00:00:00Z,0.0004625
2011-10-08T00:00:00Z,0.00055677
2011-10-07T00:00:00Z,0.0006218
2011-10-06T00:00:00Z,0.0012623
2011-10-05T00:00:00Z,0.00054639
2011-10-04T00:00:00Z,0.00065557
2011-10-03T00:00:00Z,0.00124548
2011-10-02T00:00:00Z,0.00052531
2011-10-01T00:00:00Z,0.00050907
2011-09-30T00:00:00Z,0.00059103
2011-09-29T00:00:00Z,0.00054438
2011-09-28T00:00:00Z,0.00059543
2011-09-27T00:00:00Z,0.00070299
2011-09-26T00:00:00Z,0.00043872
2011-09-25T00:00:00Z,0.00049138
2011-09-24T00:00:00Z,0.00104006
2011-09-23T00:00:00Z,0.0006356
2011-09-22T00:00:00Z,0.0005111
2011-09-21T00:00:00Z,0.00070855
2011-09-20T00:00:00Z,0.00093762
2011-09-19T00:00:00Z,0.00093257
2011-09-18T00:00:00Z,0.00068029
2011-09-17T00:00:00Z,0.00076915
2011-09-16T00:00:00Z,0.00083431
2011-09-15T00:00:00Z,0.00093765
2011-09-14T00:00:00Z,0.00051764
2011-09-13T00:00:00Z,0.00058525
2011-09-12T00:00:00Z,0.00080749
2011-09-11T00:00:00Z,0.00081486
2011-09-10T00:00:00Z,0.00080608
2011-09-09T00:00:00Z,0.00099552
2011-09-08T00:00:00Z,0.00072327
2011-09-07T00:00:00Z,0.00119548
2011-09-06T00:00:00Z,0.00086337
2011-09-05T00:00:00Z,0.00091849
2011-09-04T00:00:00Z,0.00147131
2011-09-03T00:00:00Z,0.0005279
2011-09-02T00:00:00Z,0.00087563
2011-09-01T00:00:00Z,0.00086916
2011-08-31T00:00:00Z,0.00076259
2011-08-30T00:00:00Z,0.00134379
2011-08-29T00:00:00Z,0.00077538
2011-08-28T00:00:00Z,0.00077747
2011-08-27T00:00:00Z,0.00082362
2011-08-26T00:00:00Z,0.00063753
2011-08-25T00:00:00Z,0.00088768
2011-08-24T00:00:00Z,0.00129612
2011-08-23T00:00:00Z,0.00089788
2011-08-22T00:00:00Z,0.00089286
2011-08-21T00:00:00Z,0.00071041
2011-08-20T00:00:00Z,0.00071224
2011-08-19T00:00:00Z,0.0011844
2011-08-18T00:00:00Z,0.00082135
2011-08-17T00:00:00Z,0.00099026
2011-08-16T00:00:00Z,0.00134926
2011-08-15T00:00:00Z,0.00150841
2011-08-14T00:00:00Z,0.00156067
2011-08-13T00:00:00Z,0.00105926
2011-08-12T00:00:00Z,0.00092761
2011-08-11T00:00:00Z,0.00103707
2011-08-10T00:00:00Z,0.00141202
2011-08-09T00:00:00Z,0.00159854
2011-08-08T00:00:00Z,0.00116703
2011-08-07T00:00:00Z,0.00103686
2011-08-06T00:00:00Z,0.00393469
2011-08-05T00:00:00Z,0.00091023
2011-08-04T00:00:00Z,0.00120442
2011-08-03T00:00:00Z,0.0010429
2011-08-02T00:00:00Z,0.00096397
2011-08-01T00:00:00Z,0.00093197
2011-07-31T00:00:00Z,0.00077656
2011-07-30T00:00:00Z,0.00075111
2011-07-29T00:00:00Z,0.00086685
2011-07-28T00:00:00Z,0.00097192
2011-07-27T00:00:00Z,0.00102078
2011-07-26T00:00:00Z,0.00088941
2011-07-25T00:00:00Z,0.00146534
2011-07-24T00:00:00Z,0.00122787
2011-07-23T00:00:00Z,0.00105479
2011-07-22T00:00:00Z,0.00179029
2011-07-21T00:00:00Z,0.00118304
2011-07-20T00:00:00Z,0.00141721
2011-07-19T00:00:00Z,0.00208704
2011-07-18T00:00:00Z,0.00151973
2011-07-17T00:00:00Z,0.0014253
2011-07-16T00:00:00Z,0.00141842
2011-07-15T00:00:00Z,0.0020078
2011-07-14T00:00:00Z,0.00185662
2011-07-13T00:00:00Z,0.00156227
2011-07-12T00:00:00Z,0.00181047
2011-07-11T00:00:00Z,0.00189037
2011-07-10T00:00:00Z,0.00182299
2011-07-09T00:00:00Z,0.00173802
2011-07-08T00:00:00Z,0.0016005
2011-07-07T00:00:00Z,0.0021351
2011-07-06T00:00:00Z,0.00216183
2011-07-05T00:00:00Z,0.00269857
2011-07-04T00:00:00Z,0.00187902
2011-07-03T00:00:00Z,0.00161531
2011-07-02T00:00:00Z,0.00174077
2011-07-01T00:00:00Z,0.00215323
2011-06-30T00:00:00Z,0.00184998
2011-06-29T00:00:00Z,0.00231792
2011-06-28T00:00:00Z,0.00247495
2011-06-27T00:00:00Z,0.00312946
2011-06-26T00:00:00Z,0.00337816
2011-06-25T00:00:00Z,0.0032643
2011-06-24T00:00:00Z,0.0015163
2011-06-23T00:00:00Z,0.00121066
2011-06-22T00:00:00Z,0.00136101
2011-06-21T00:00:00Z,0.00141265
2011-06-20T00:00:00Z,0.00173003
2011-06-19T00:00:00Z,0.00231683
2011-06-18T00:00:00Z,0.00286804
2011-06-17T00:00:00Z,0.00331395
2011-06-16T00:00:00Z,0.00353036
2011-06-15T00:00:00Z,0.00286432
2011-06-14T00:00:00Z,0.00292466
2011-06-13T00:00:00Z,0.0032099
2011-06-12T00:00:00Z,0.00378905
2011-06-11T00:00:00Z,0.00279836
2011-06-10T00:00:00Z,0.0034328
2011-06-09T00:00:00Z,0.00388853
2011-06-08T00:00:00Z,0.00477635
2011-06-07T00:00:00Z,0.00340837
2011-06-06T00:00:00Z,0.00250896
2011-06-05T00:00:00Z,0.00227199
2011-06-04T00:00:00Z,0.00286496
2011-06-03T00:00:00Z,0.00259349
2011-06-02T00:00:00Z,0.00248629
2011-06-01T00:00:00Z,0.00255668
2011-05-31T00:00:00Z,0.00265338
2011-05-30T00:00:00Z,0.00242206
2011-05-29T00:00:00Z,0.00153089
2011-05-28T00:00:00Z,0.00179679
2011-05-27T00:00:00Z,0.00165449
2011-05-26T00:00:00Z,0.00143078
2011-05-25T00:00:00Z,0.00135598
2011-05-24T00:00:00Z,0.00140997
2011-05-23T00:00:00Z,0.00124952
2011-05-22T00:00:00Z,0.00149148
2011-05-21T00:00:00Z,0.00191369
2011-05-20T00:00:00Z,0.00158321
2011-05-19T00:00:00Z,0.00189372
2011-05-18T00:00:00Z,0.00136296
2011-05-17T00:00:00Z,0.00107162
2011-05-16T00:00:00Z,0.00118444
2011-05-15T00:00:00Z,0.00135239
2011-05-14T00:00:00Z,0.00119743
2011-05-13T00:00:00Z,0.0011138
2011-05-12T00:00:00Z,0.00085528
2011-05-11T00:00:00Z,0.00083625
2011-05-10T00:00:00Z,0.00089114
2011-05-09T00:00:00Z,0.00091033
2011-05-08T00:00:00Z,0.00067807
2011-05-07T00:00:00Z,0.00062158
2011-05-06T00:00:00Z,0.00069562
2011-05-05T00:00:00Z,0.00086599
2011-05-04T00:00:00Z,0.00064565
2011-05-03T00:00:00Z,0.00049121
2011-05-02T00:00:00Z,0.00048846
2011-05-01T00:00:00Z,0.00126453
2011-04-30T00:00:00Z,0.00109291
2011-04-29T00:00:00Z,0.00074161
2011-04-28T00:00:00Z,0.00080794
2011-04-27T00:00:00Z,0.00100573
2011-04-26T00:00:00Z,0.00052474
2011-04-25T00:00:00Z,0.00090681
2011-04-24T00:00:00Z,0.00082058
2011-04-23T00:00:00Z,0.00061255
2011-04-22T00:00:00Z,0.00060078
2011-04-21T00:00:00Z,0.0004588
2011-04-20T00:00:00Z,0.00099136
2011-04-19T00:00:00Z,0.00073339
2011-04-18T00:00:00Z,0.0004424
2011-04-17T00:00:00Z,0.00024022
2011-04-16T00:00:00Z,0.00042304
2011-04-15T00:00:00Z,0.00036752
2011-04-14T00:00:00Z,0.00177224
2011-04-13T00:00:00Z,0.00041844
2011-04-12T00:00:00Z,0.00057581
2011-04-11T00:00:00Z,0.00053555
2011-04-10T00:00:00Z,0.00060699
2011-04-09T00:00:00Z,0.00053945
2011-04-08T00:00:00Z,0.00049615
2011-04-07T00:00:00Z,0.00040666
2011-04-06T00:00:00Z,0.00066041
2011-04-05T00:00:00Z,0.00054309
2011-04-04T00:00:00Z,0.00063755
2011-04-03T00:00:00Z,0.00048538
2011-04-02T00:00:00Z,0.0003044
2011-04-01T00:00:00Z,0.00038621
2011-03-31T00:00:00Z,0.0003899
2011-03-30T00:00:00Z,0.00052932
2011-03-29T00:00:00Z,0.00041947
2011-03-28T00:00:00Z,0.00052472
2011-03-27T00:00:00Z,0.00088317
2011-03-26T00:00:00Z,0.00065611
2011-03-25T00:00:00Z,0.0005988
2011-03-24T00:00:00Z,0.00108701
2011-03-23T00:00:00Z,0.00229708
2011-03-22T00:00:00Z,0.00176665
2011-03-21T00:00:00Z,0.00116997
2011-03-20T00:00:00Z,0.00036295
2011-03-19T00:00:00Z,0.00021175
2011-03-18T00:00:00Z,0.00022518
2011-03-17T00:00:00Z,0.00019704
2011-03-16T00:00:00Z,0.00026611
2011-03-15T00:00:00Z,0.00032671
2011-03-14T00:00:00Z,0.00031712
2011-03-13T00:00:00Z,0.00029998
2011-03-12T00:00:00Z,0.00022094
2011-03-11T00:00:00Z,0.00101163
2011-03-10T00:00:00Z,0.00040499
2011-03-09T00:00:00Z,0.00040581
2011-03-08T00:00:00Z,0.00042014
2011-03-07T00:00:00Z,0.00056623
2011-03-06T00:00:00Z,0.00037953
2011-03-05T00:00:00Z,0.00017349
2011-03-04T00:00:00Z,0.00006522
2011-03-03T00:00:00Z,0.0007593
2011-03-02T00:00:00Z,0.00004672
2011-03-01T00:00:00Z,0.00006494
2011-02-28T00:00:00Z,0.00006904
2011-02-27T00:00:00Z,0.00008852
2011-02-26T00:00:00Z,0.00004061
2011-02-25T00:00:00Z,0.00003653
2011-02-24T00:00:00Z,0.0000162
2011-02-23T00:00:00Z,0.0000311
2011-02-22T00:00:00Z,0.00002327
2011-02-21T00:00:00Z,0.00004227
2011-02-20T00:00:00Z,0.0000202
2011-02-19T00:00:00Z,0.00006708
2011-02-18T00:00:00Z,0.00005
2011-02-17T00:00:00Z,0.00001069
2011-02-16T00:00:00Z,0.00005086
2011-02-15T00:00:00Z,0.00002164
2011-02-14T00:00:00Z,0.00027951
2011-02-13T00:00:00Z,0.00002424
2011-02-12T00:00:00Z,0.0000757
2011-02-11T00:00:00Z,0.00005366
2011-02-10T00:00:00Z,0.00009386
2011-02-09T00:00:00Z,0.00000682
2011-02-08T00:00:00Z,0.00002112
2011-02-07T00:00:00Z,0.00003108
2011-02-06T00:00:00Z,0.00001369
2011-02-05T00:00:00Z,0.00001768
2011-02-04T00:00:00Z,0.00001274
2011-02-03T00:00:00Z,0.00002102
2011-02-02T00:00:00Z,0.00000633
2011-02-01T00:00:00Z,0.00009646
2011-01-31T00:00:00Z,0.0000894
2011-01-30T00:00:00Z,0.00036155
2011-01-29T00:00:00Z,0.0000549
2011-01-28T00:00:00Z,0.00000759
2011-01-27T00:00:00Z,0.00007374
2011-01-26T00:00:00Z,0.00001222
2011-01-25T00:00:00Z,0.00001655
2011-01-24T00:00:00Z,0.00002447
2011-01-23T00:00:00Z,0.00004224
2011-01-22T00:00:00Z,0.00005687
2011-01-21T00:00:00Z,0.0000058
2011-01-20T00:00:00Z,0.00001262
2011-01-19T00:00:00Z,0.00000592
2011-01-18T00:00:00Z,0.00000535
2011-01-17T00:00:00Z,0.00001747
2011-01-16T00:00:00Z,0.00000992
2011-01-15T00:00:00Z,0.00001337
2011-01-14T00:00:00Z,0.00000718
2011-01-13T00:00:00Z,0.00000265
2011-01-12T00:00:00Z,0.0000348
2011-01-11T00:00:00Z,0.00000483
2011-01-10T00:00:00Z,0.0000085
2011-01-09T00:00:00Z,0.00001718
2011-01-08T00:00:00Z,0.00000208
2011-01-07T00:00:00Z,0.00000653
2011-01-06T00:00:00Z,0.00001179
2011-01-05T00:00:00Z,0.00001206
2011-01-04T00:00:00Z,0.00000444
2011-01-03T00:00:00Z,0.00009336
2011-01-02T00:00:00Z,0.00001002
2011-01-01T00:00:00Z,0.00000985
2010-12-31T00:00:00Z,0.00000288
2010-12-30T00:00:00Z,0.00001093
2010-12-29T00:00:00Z,0.00001645
2010-12-28T00:00:00Z,0.00001224
2010-12-27T00:00:00Z,0.00000923
2010-12-26T00:00:00Z,0.00001319
2010-12-25T00:00:00Z,0.00000803
2010-12-24T00:00:00Z,0.00001058
2010-12-23T00:00:00Z,0.00000828
2010-12-22T00:00:00Z,0.00002246
2010-12-21T00:00:00Z,0.00001128
2010-12-20T00:00:00Z,0.00000843
2010-12-19T00:00:00Z,0.00001257
2010-12-18T00:00:00Z,0.00000827
2010-12-17T00:00:00Z,0.00002824
2010-12-16T00:00:00Z,0.00001197
2010-12-15T00:00:00Z,0.00000688
2010-12-14T00:00:00Z,0.00000572
2010-12-13T00:00:00Z,0.00004418
2010-12-12T00:00:00Z,0.00001738
2010-12-11T00:00:00Z,0.0000134
2010-12-10T00:00:00Z,0.00000952
2010-12-09T00:00:00Z,0.00000334
2010-12-08T00:00:00Z,0.00000336
2010-12-07T00:00:00Z,0.00000687
2010-12-06T00:00:00Z,0.00000375
2010-12-05T00:00:00Z,0.00000251
2010-12-04T00:00:00Z,9.5e-7
2010-12-03T00:00:00Z,0.00000106
2010-12-02T00:00:00Z,0.00000638
2010-12-01T00:00:00Z,0.00000426
2010-11-30T00:00:00Z,9.9e-7
2010-11-29T00:00:00Z,0.00000287
2010-11-28T00:00:00Z,0
2010-11-27T00:00:00Z,0.00000222
2010-11-26T00:00:00Z,0.00003814
2010-11-25T00:00:00Z,0
2010-11-24T00:00:00Z,0.00002147
2010-11-23T00:00:00Z,0.00006857
2010-11-22T00:00:00Z,0.00006871
2010-11-21T00:00:00Z,0.00014855
2010-11-20T00:00:00Z,0.00017238
2010-11-19T00:00:00Z,0.00001067
2010-11-18T00:00:00Z,0
2010-11-17T00:00:00Z,0
2010-11-16T00:00:00Z,0
2010-11-15T00:00:00Z,0.000048
2010-11-14T00:00:00Z,0
2010-11-13T00:00:00Z,0
2010-11-12T00:00:00Z,0
2010-11-11T00:00:00Z,0
2010-11-10T00:00:00Z,0
2010-11-09T00:00:00Z,0
2010-11-08T00:00:00Z,0.00006036
2010-11-07T00:00:00Z,0
2010-11-06T00:00:00Z,0
2010-11-05T00:00:00Z,0
2010-11-04T00:00:00Z,0
2010-11-03T00:00:00Z,0
2010-11-02T00:00:00Z,0
2010-11-01T00:00:00Z,0
2010-10-31T00:00:00Z,0
2010-10-30T00:00:00Z,0
2010-10-29T00:00:00Z,0
2010-10-28T00:00:00Z,0
2010-10-27T00:00:00Z,0
2010-10-26T00:00:00Z,0
2010-10-25T00:00:00Z,0
2010-10-24T00:00:00Z,0
2010-10-23T00:00:00Z,0.00000571
2010-10-22T00:00:00Z,0
2010-10-21T00:00:00Z,8.4e-7
2010-10-20T00:00:00Z,0
2010-10-19T00:00:00Z,0
2010-10-18T00:00:00Z,0.00000161
2010-10-17T00:00:00Z,0
2010-10-16T00:00:00Z,0
2010-10-15T00:00:00Z,0
2010-10-14T00:00:00Z,0
2010-10-13T00:00:00Z,0.00003977
2010-10-12T00:00:00Z,0
2010-10-11T00:00:00Z,0
2010-10-10T00:00:00Z,0
2010-10-09T00:00:00Z,0
2010-10-08T00:00:00Z,0
2010-10-07T00:00:00Z,0
2010-10-06T00:00:00Z,0
2010-10-05T00:00:00Z,0
2010-10-04T00:00:00Z,0
2010-10-03T00:00:00Z,0.00000127
2010-10-02T00:00:00Z,0.00000155
2010-10-01T00:00:00Z,0.00007272
2010-09-30T00:00:00Z,0
2010-09-29T00:00:00Z,0
2010-09-28T00:00:00Z,0.00013583
2010-09-27T00:00:00Z,0.00000175
2010-09-26T00:00:00Z,0
2010-09-25T00:00:00Z,0
2010-09-24T00:00:00Z,0
2010-09-23T00:00:00Z,0
2010-09-22T00:00:00Z,0
2010-09-21T00:00:00Z,0
2010-09-20T00:00:00Z,0
2010-09-19T00:00:00Z,0
2010-09-18T00:00:00Z,0.00001519
2010-09-17T00:00:00Z,0
2010-09-16T00:00:00Z,0
2010-09-15T00:00:00Z,0
2010-09-14T00:00:00Z,9.5e-7
2010-09-13T00:00:00Z,0
2010-09-12T00:00:00Z,0.00001695
2010-09-11T00:00:00Z,0
2010-09-10T00:00:00Z,0
2010-09-09T00:00:00Z,0.0000163
2010-09-08T00:00:00Z,0
2010-09-07T00:00:00Z,0
2010-09-06T00:00:00Z,0
2010-09-05T00:00:00Z,0.00000121
2010-09-04T00:00:00Z,0
2010-09-03T00:00:00Z,0
2010-09-02T00:00:00Z,0
2010-09-01T00:00:00Z,0.00001019
2010-08-31T00:00:00Z,0.00002174
2010-08-30T00:00:00Z,0.00004832
2010-08-29T00:00:00Z,0.00002839
2010-08-28T00:00:00Z,0
2010-08-27T00:00:00Z,0
2010-08-26T00:00:00Z,0
2010-08-25T00:00:00Z,0
2010-08-24T00:00:00Z,0.00007441
2010-08-23T00:00:00Z,0
2010-08-22T00:00:00Z,0
2010-08-21T00:00:00Z,0
2010-08-20T00:00:00Z,0
2010-08-19T00:00:00Z,0
2010-08-18T00:00:00Z,0.00023453
2010-08-17T00:00:00Z,0
2010-08-16T00:00:00Z,0.00009115
2010-08-15T00:00:00Z,0
2010-08-14T00:00:00Z,0
2010-08-13T00:00:00Z,0
2010-08-12T00:00:00Z,0
2010-08-11T00:00:00Z,0
2010-08-10T00:00:00Z,0
2010-08-09T00:00:00Z,0.00045453
2010-08-08T00:00:00Z,0
2010-08-07T00:00:00Z,0.00029798
2010-08-06T00:00:00Z,0
2010-08-05T00:00:00Z,0
2010-08-04T00:00:00Z,0
2010-08-03T00:00:00Z,0
2010-08-02T00:00:00Z,0.00001736
2010-08-01T00:00:00Z,0.00002594
2010-07-31T00:00:00Z,0.00002956
2010-07-30T00:00:00Z,0.00003187
2010-07-29T00:00:00Z,0.00009888
2010-07-28T00:00:00Z,0.00013206
2010-07-27T00:00:00Z,0.00008072
2010-07-26T00:00:00Z,0.00012426
2010-07-25T00:00:00Z,0.00025102
2010-07-24T00:00:00Z,0
2010-07-23T00:00:00Z,0.00000103
2010-07-22T00:00:00Z,0
2010-07-21T00:00:00Z,0
2010-07-20T00:00:00Z,0
2010-07-19T00:00:00Z,0.00001034
2010-07-18T00:00:00Z,0.0000965
2010-07-17T00:00:00Z,0.00000578
2010-07-16T00:00:00Z,0.00001069
2010-07-15T00:00:00Z,0.00002115
2010-07-14T00:00:00Z,3.5e-7
2010-07-13T00:00:00Z,0
2010-07-12T00:00:00Z,0
2010-07-11T00:00:00Z,0
2010-07-10T00:00:00Z,0
2010-07-09T00:00:00Z,0
2010-07-08T00:00:00Z,0
2010-07-07T00:00:00Z,0
2010-07-06T00:00:00Z,0
2010-07-05T00:00:00Z,0
2010-07-04T00:00:00Z,0
2010-07-03T00:00:00Z,0
2010-07-02T00:00:00Z,0
2010-07-01T00:00:00Z,0
2010-06-30T00:00:00Z,0.00015053
2010-06-29T00:00:00Z,0
2010-06-28T00:00:00Z,0
2010-06-27T00:00:00Z,0
2010-06-26T00:00:00Z,0
2010-06-25T00:00:00Z,0
2010-06-24T00:00:00Z,0
2010-06-23T00:00:00Z,0
2010-06-22T00:00:00Z,0
2010-06-21T00:00:00Z,0
2010-06-20T00:00:00Z,0
2010-06-19T00:00:00Z,0
2010-06-18T00:00:00Z,0
2010-06-17T00:00:00Z,0
2010-06-16T00:00:00Z,0
2010-06-15T00:00:00Z,0
2010-06-14T00:00:00Z,0
2010-06-13T00:00:00Z,0
2010-06-12T00:00:00Z,0
2010-06-11T00:00:00Z,0
2010-06-10T00:00:00Z,0
2010-06-09T00:00:00Z,0
2010-06-08T00:00:00Z,0
2010-06-07T00:00:00Z,0
2010-06-06T00:00:00Z,0
2010-06-05T00:00:00Z,0
2010-06-04T00:00:00Z,0
2010-06-03T00:00:00Z,0
2010-06-02T00:00:00Z,0
2010-06-01T00:00:00Z,0
2010-05-31T00:00:00Z,0
2010-05-30T00:00:00Z,0
2010-05-29T00:00:00Z,0
2010-05-28T00:00:00Z,0
2010-05-27T00:00:00Z,0
2010-05-26T00:00:00Z,0
2010-05-25T00:00:00Z,0
2010-05-24T00:00:00Z,0
2010-05-23T00:00:00Z,0
2010-05-22T00:00:00Z,0.00010153
2010-05-21T00:00:00Z,0
2010-05-20T00:00:00Z,0
2010-05-19T00:00:00Z,0
2010-05-18T00:00:00Z,0
2010-05-17T00:00:00Z,0
2010-05-16T00:00:00Z,0
2010-05-15T00:00:00Z,0.00057988
2010-05-14T00:00:00Z,0.00108987
2010-05-13T00:00:00Z,0
2010-05-12T00:00:00Z,0
2010-05-11T00:00:00Z,0
2010-05-10T00:00:00Z,0
2010-05-09T00:00:00Z,0
2010-05-08T00:00:00Z,0
2010-05-07T00:00:00Z,0
2010-05-06T00:00:00Z,0
2010-05-05T00:00:00Z,0
2010-05-04T00:00:00Z,0
2010-05-03T00:00:00Z,0
2010-05-02T00:00:00Z,0
2010-05-01T00:00:00Z,0
2010-04-30T00:00:00Z,0
2010-04-29T00:00:00Z,0
2010-04-28T00:00:00Z,0
2010-04-27T00:00:00Z,0
2010-04-26T00:00:00Z,0
2010-04-25T00:00:00Z,0
2010-04-24T00:00:00Z,0
2010-04-23T00:00:00Z,0
2010-04-22T00:00:00Z,0
2010-04-21T00:00:00Z,0
2010-04-20T00:00:00Z,0
2010-04-19T00:00:00Z,0
2010-04-18T00:00:00Z,0
2010-04-17T00:00:00Z,0
2010-04-16T00:00:00Z,0
2010-04-15T00:00:00Z,0
2010-04-14T00:00:00Z,0
2010-04-13T00:00:00Z,0
2010-04-12T00:00:00Z,0
2010-04-11T00:00:00Z,0
2010-04-10T00:00:00Z,0
2010-04-09T00:00:00Z,0
2010-04-08T00:00:00Z,0
2010-04-07T00:00:00Z,0
2010-04-06T00:00:00Z,0
2010-04-05T00:00:00Z,0
2010-04-04T00:00:00Z,0.00003041
2010-04-03T00:00:00Z,0
2010-04-02T00:00:00Z,0
2010-04-01T00:00:00Z,0
2010-03-31T00:00:00Z,0
2010-03-30T00:00:00Z,0
2010-03-29T00:00:00Z,0
2010-03-28T00:00:00Z,0
2010-03-27T00:00:00Z,0
2010-03-26T00:00:00Z,0
2010-03-25T00:00:00Z,0
2010-03-24T00:00:00Z,0
2010-03-23T00:00:00Z,0
2010-03-22T00:00:00Z,0
2010-03-21T00:00:00Z,0
2010-03-20T00:00:00Z,0
2010-03-19T00:00:00Z,0
2010-03-18T00:00:00Z,0
2010-03-17T00:00:00Z,0
2010-03-16T00:00:00Z,0
2010-03-15T00:00:00Z,0
2010-03-14T00:00:00Z,0
2010-03-13T00:00:00Z,0
2010-03-12T00:00:00Z,0
2010-03-11T00:00:00Z,0
2010-03-10T00:00:00Z,0
2010-03-09T00:00:00Z,0
2010-03-08T00:00:00Z,0
2010-03-07T00:00:00Z,0
2010-03-06T00:00:00Z,0
2010-03-05T00:00:00Z,0
2010-03-04T00:00:00Z,0
2010-03-03T00:00:00Z,0
2010-03-02T00:00:00Z,0
2010-03-01T00:00:00Z,0
2010-02-28T00:00:00Z,0
2010-02-27T00:00:00Z,0
2010-02-26T00:00:00Z,0
2010-02-25T00:00:00Z,0
2010-02-24T00:00:00Z,0
2010-02-23T00:00:00Z,0
2010-02-22T00:00:00Z,0
2010-02-21T00:00:00Z,0
2010-02-20T00:00:00Z,0
2010-02-19T00:00:00Z,0
2010-02-18T00:00:00Z,0
2010-02-17T00:00:00Z,0
2010-02-16T00:00:00Z,0
2010-02-15T00:00:00Z,0
2010-02-14T00:00:00Z,0
2010-02-13T00:00:00Z,0
2010-02-12T00:00:00Z,0
2010-02-11T00:00:00Z,0
2010-02-10T00:00:00Z,0
2010-02-09T00:00:00Z,0.00004251
2010-02-08T00:00:00Z,0
2010-02-07T00:00:00Z,0
2010-02-06T00:00:00Z,0
2010-02-05T00:00:00Z,0
2010-02-04T00:00:00Z,0
2010-02-03T00:00:00Z,0
2010-02-02T00:00:00Z,0
2010-02-01T00:00:00Z,0
2010-01-31T00:00:00Z,0
2010-01-30T00:00:00Z,0
2010-01-29T00:00:00Z,0
2010-01-28T00:00:00Z,0
2010-01-27T00:00:00Z,0
2010-01-26T00:00:00Z,0
2010-01-25T00:00:00Z,0
2010-01-24T00:00:00Z,0
2010-01-23T00:00:00Z,0
2010-01-22T00:00:00Z,0
2010-01-21T00:00:00Z,0
2010-01-20T00:00:00Z,0
2010-01-19T00:00:00Z,0
2010-01-18T00:00:00Z,0
2010-01-17T00:00:00Z,0
2010-01-16T00:00:00Z,0
2010-01-15T00:00:00Z,0
2010-01-14T00:00:00Z,0
2010-01-13T00:00:00Z,0
2010-01-12T00:00:00Z,0.0000327
2010-01-11T00:00:00Z,0
2010-01-10T00:00:00Z,0
2010-01-09T00:00:00Z,0
2010-01-08T00:00:00Z,0
2010-01-07T00:00:00Z,0
2010-01-06T00:00:00Z,0
2010-01-05T00:00:00Z,0
2010-01-04T00:00:00Z,0
2010-01-03T00:00:00Z,0
2010-01-02T00:00:00Z,0
2010-01-01T00:00:00Z,0
2009-12-31T00:00:00Z,0
2009-12-30T00:00:00Z,0
2009-12-29T00:00:00Z,0
2009-12-28T00:00:00Z,0
2009-12-27T00:00:00Z,0
2009-12-26T00:00:00Z,0
2009-12-25T00:00:00Z,0
2009-12-24T00:00:00Z,0
2009-12-23T00:00:00Z,0
2009-12-22T00:00:00Z,0
2009-12-21T00:00:00Z,0
2009-12-20T00:00:00Z,0
2009-12-19T00:00:00Z,0
2009-12-18T00:00:00Z,0
2009-12-17T00:00:00Z,0
2009-12-16T00:00:00Z,0
2009-12-15T00:00:00Z,0
2009-12-14T00:00:00Z,0
2009-12-13T00:00:00Z,0
2009-12-12T00:00:00Z,0
2009-12-11T00:00:00Z,0
2009-12-10T00:00:00Z,0
2009-12-09T00:00:00Z,0
2009-12-08T00:00:00Z,0
2009-12-07T00:00:00Z,0
2009-12-06T00:00:00Z,0
2009-12-05T00:00:00Z,0
2009-12-04T00:00:00Z,0
2009-12-03T00:00:00Z,0
2009-12-02T00:00:00Z,0
2009-12-01T00:00:00Z,0.00006027
2009-11-30T00:00:00Z,0
2009-11-29T00:00:00Z,0
2009-11-28T00:00:00Z,0
2009-11-27T00:00:00Z,0
2009-11-26T00:00:00Z,0
2009-11-25T00:00:00Z,0
2009-11-24T00:00:00Z,0
2009-11-23T00:00:00Z,0
2009-11-22T00:00:00Z,0
2009-11-21T00:00:00Z,0
2009-11-20T00:00:00Z,0
2009-11-19T00:00:00Z,0
2009-11-18T00:00:00Z,0
2009-11-17T00:00:00Z,0
2009-11-16T00:00:00Z,0
2009-11-15T00:00:00Z,0
2009-11-14T00:00:00Z,0
2009-11-13T00:00:00Z,0
2009-11-12T00:00:00Z,0
2009-11-11T00:00:00Z,0
2009-11-10T00:00:00Z,0
2009-11-09T00:00:00Z,0
2009-11-08T00:00:00Z,0
2009-11-07T00:00:00Z,0
2009-11-06T00:00:00Z,0
2009-11-05T00:00:00Z,0
2009-11-04T00:00:00Z,0
2009-11-03T00:00:00Z,0
2009-11-02T00:00:00Z,0
2009-11-01T00:00:00Z,0
2009-10-31T00:00:00Z,0
2009-10-30T00:00:00Z,0
2009-10-29T00:00:00Z,0
2009-10-28T00:00:00Z,0
2009-10-27T00:00:00Z,0
2009-10-26T00:00:00Z,0
2009-10-25T00:00:00Z,0
2009-10-24T00:00:00Z,0
2009-10-23T00:00:00Z,0
2009-10-22T00:00:00Z,0
2009-10-21T00:00:00Z,0
2009-10-20T00:00:00Z,0.00002526
2009-10-19T00:00:00Z,0
2009-10-18T00:00:00Z,0
2009-10-17T00:00:00Z,0
2009-10-16T00:00:00Z,0
2009-10-15T00:00:00Z,0
2009-10-14T00:00:00Z,0
2009-10-13T00:00:00Z,0
2009-10-12T00:00:00Z,0
2009-10-11T00:00:00Z,0
2009-10-10T00:00:00Z,0
2009-10-09T00:00:00Z,0
2009-10-08T00:00:00Z,0
2009-10-07T00:00:00Z,0
2009-10-06T00:00:00Z,0
2009-10-05T00:00:00Z,0
2009-10-04T00:00:00Z,0
2009-10-03T00:00:00Z,0
2009-10-02T00:00:00Z,0
2009-10-01T00:00:00Z,0
2009-09-30T00:00:00Z,0
2009-09-29T00:00:00Z,0
2009-09-28T00:00:00Z,0
2009-09-27T00:00:00Z,0
2009-09-26T00:00:00Z,0
2009-09-25T00:00:00Z,0
2009-09-24T00:00:00Z,0
2009-09-23T00:00:00Z,0
2009-09-22T00:00:00Z,0
2009-09-21T00:00:00Z,0
2009-09-20T00:00:00Z,0
2009-09-19T00:00:00Z,0
2009-09-18T00:00:00Z,0
2009-09-17T00:00:00Z,0.00002857
2009-09-16T00:00:00Z,0
2009-09-15T00:00:00Z,0
2009-09-14T00:00:00Z,0
2009-09-13T00:00:00Z,0
2009-09-12T00:00:00Z,0
2009-09-11T00:00:00Z,0
2009-09-10T00:00:00Z,0
2009-09-09T00:00:00Z,0
2009-09-08T00:00:00Z,0
2009-09-07T00:00:00Z,0
2009-09-06T00:00:00Z,0
2009-09-05T00:00:00Z,0
2009-09-04T00:00:00Z,0
2009-09-03T00:00:00Z,0
2009-09-02T00:00:00Z,0
2009-09-01T00:00:00Z,0
2009-08-31T00:00:00Z,0
2009-08-30T00:00:00Z,0
2009-08-29T00:00:00Z,0
2009-08-28T00:00:00Z,0
2009-08-27T00:00:00Z,0
2009-08-26T00:00:00Z,0
2009-08-25T00:00:00Z,0
2009-08-24T00:00:00Z,0
2009-08-23T00:00:00Z,0
2009-08-22T00:00:00Z,0
2009-08-21T00:00:00Z,0
2009-08-20T00:00:00Z,0
2009-08-19T00:00:00Z,0
2009-08-18T00:00:00Z,0
2009-08-17T00:00:00Z,0
2009-08-16T00:00:00Z,0
2009-08-15T00:00:00Z,0
2009-08-14T00:00:00Z,0
2009-08-13T00:00:00Z,0
2009-08-12T00:00:00Z,0
2009-08-11T00:00:00Z,0
2009-08-10T00:00:00Z,0
2009-08-09T00:00:00Z,0
2009-08-08T00:00:00Z,0
2009-08-07T00:00:00Z,0.0000325
2009-08-06T00:00:00Z,0
2009-08-05T00:00:00Z,0
2009-08-04T00:00:00Z,0
2009-08-03T00:00:00Z,0
2009-08-02T00:00:00Z,0
2009-08-01T00:00:00Z,0
2009-07-31T00:00:00Z,0
2009-07-30T00:00:00Z,0
2009-07-29T00:00:00Z,0
2009-07-28T00:00:00Z,0
2009-07-27T00:00:00Z,0
2009-07-26T00:00:00Z,0
2009-07-25T00:00:00Z,0
2009-07-24T00:00:00Z,0
2009-07-23T00:00:00Z,0
2009-07-22T00:00:00Z,0
2009-07-21T00:00:00Z,0
2009-07-20T00:00:00Z,0.00004
2009-07-19T00:00:00Z,0
2009-07-18T00:00:00Z,0
2009-07-17T00:00:00Z,0
2009-07-16T00:00:00Z,0
2009-07-15T00:00:00Z,0
2009-07-14T00:00:00Z,0
2009-07-13T00:00:00Z,0
2009-07-12T00:00:00Z,0
2009-07-11T00:00:00Z,0
2009-07-10T00:00:00Z,0
2009-07-09T00:00:00Z,0
2009-07-08T00:00:00Z,0
2009-07-07T00:00:00Z,0
2009-07-06T00:00:00Z,0
2009-07-05T00:00:00Z,0
2009-07-04T00:00:00Z,0
2009-07-03T00:00:00Z,0
2009-07-02T00:00:00Z,0
2009-07-01T00:00:00Z,0
2009-06-30T00:00:00Z,0
2009-06-29T00:00:00Z,0
2009-06-28T00:00:00Z,0
2009-06-27T00:00:00Z,0
2009-06-26T00:00:00Z,0
2009-06-25T00:00:00Z,0
2009-06-24T00:00:00Z,0
2009-06-23T00:00:00Z,0
2009-06-22T00:00:00Z,0
2009-06-21T00:00:00Z,0
2009-06-20T00:00:00Z,0
2009-06-19T00:00:00Z,0
2009-06-18T00:00:00Z,0
2009-06-17T00:00:00Z,0
2009-06-16T00:00:00Z,0
2009-06-15T00:00:00Z,0
2009-06-14T00:00:00Z,0
2009-06-13T00:00:00Z,0
2009-06-12T00:00:00Z,0
2009-06-11T00:00:00Z,0
2009-06-10T00:00:00Z,0
2009-06-09T00:00:00Z,0
2009-06-08T00:00:00Z,0
2009-06-07T00:00:00Z,0
2009-06-06T00:00:00Z,0
2009-06-05T00:00:00Z,0
2009-06-04T00:00:00Z,0
2009-06-03T00:00:00Z,0
2009-06-02T00:00:00Z,0
2009-06-01T00:00:00Z,0
2009-05-31T00:00:00Z,0
2009-05-30T00:00:00Z,0
2009-05-29T00:00:00Z,0
2009-05-28T00:00:00Z,0
2009-05-27T00:00:00Z,0
2009-05-26T00:00:00Z,0
2009-05-25T00:00:00Z,0
2009-05-24T00:00:00Z,0
2009-05-23T00:00:00Z,0
2009-05-22T00:00:00Z,0
2009-05-21T00:00:00Z,0
2009-05-20T00:00:00Z,0
2009-05-19T00:00:00Z,0
2009-05-18T00:00:00Z,0
2009-05-17T00:00:00Z,0
2009-05-16T00:00:00Z,0
2009-05-15T00:00:00Z,0
2009-05-14T00:00:00Z,0
2009-05-13T00:00:00Z,0
2009-05-12T00:00:00Z,0
2009-05-11T00:00:00Z,0.00001667
2009-05-10T00:00:00Z,0
2009-05-09T00:00:00Z,0
2009-05-08T00:00:00Z,0
2009-05-07T00:00:00Z,0
2009-05-06T00:00:00Z,0
2009-05-05T00:00:00Z,0
2009-05-04T00:00:00Z,0
2009-05-03T00:00:00Z,0
2009-05-02T00:00:00Z,0.00000476
2009-05-01T00:00:00Z,0
2009-04-30T00:00:00Z,0
2009-04-29T00:00:00Z,0
2009-04-28T00:00:00Z,0
2009-04-27T00:00:00Z,0
2009-04-26T00:00:00Z,0
2009-04-25T00:00:00Z,0
2009-04-24T00:00:00Z,0
2009-04-23T00:00:00Z,0
2009-04-22T00:00:00Z,0
2009-04-21T00:00:00Z,0
2009-04-20T00:00:00Z,0
2009-04-19T00:00:00Z,0
2009-04-18T00:00:00Z,0
2009-04-17T00:00:00Z,0
2009-04-16T00:00:00Z,0
2009-04-15T00:00:00Z,0
2009-04-14T00:00:00Z,0
2009-04-13T00:00:00Z,0
2009-04-12T00:00:00Z,0
2009-04-11T00:00:00Z,0
2009-04-10T00:00:00Z,0
2009-04-09T00:00:00Z,0
2009-04-08T00:00:00Z,0
2009-04-07T00:00:00Z,0
2009-04-06T00:00:00Z,0
2009-04-05T00:00:00Z,0
2009-04-04T00:00:00Z,0
2009-04-03T00:00:00Z,0
2009-04-02T00:00:00Z,0
2009-04-01T00:00:00Z,0
2009-03-31T00:00:00Z,0
2009-03-30T00:00:00Z,0
2009-03-29T00:00:00Z,0
2009-03-28T00:00:00Z,0
2009-03-27T00:00:00Z,0
2009-03-26T00:00:00Z,0
2009-03-25T00:00:00Z,0
2009-03-24T00:00:00Z,0
2009-03-23T00:00:00Z,0
2009-03-22T00:00:00Z,0
2009-03-21T00:00:00Z,0
2009-03-20T00:00:00Z,0
2009-03-19T00:00:00Z,0
2009-03-18T00:00:00Z,0
2009-03-17T00:00:00Z,0
2009-03-16T00:00:00Z,0
2009-03-15T00:00:00Z,0
2009-03-14T00:00:00Z,0
2009-03-13T00:00:00Z,0
2009-03-12T00:00:00Z,0
2009-03-11T00:00:00Z,0
2009-03-10T00:00:00Z,0
2009-03-09T00:00:00Z,0
2009-03-08T00:00:00Z,0
2009-03-07T00:00:00Z,0
2009-03-06T00:00:00Z,0
2009-03-05T00:00:00Z,0
2009-03-04T00:00:00Z,0
2009-03-03T00:00:00Z,0
2009-03-02T00:00:00Z,0
2009-03-01T00:00:00Z,0
2009-02-28T00:00:00Z,0
2009-02-27T00:00:00Z,0
2009-02-26T00:00:00Z,0
2009-02-25T00:00:00Z,0
2009-02-24T00:00:00Z,0
2009-02-23T00:00:00Z,0
2009-02-22T00:00:00Z,0
2009-02-21T00:00:00Z,0
2009-02-20T00:00:00Z,0
2009-02-19T00:00:00Z,0
2009-02-18T00:00:00Z,0
2009-02-17T00:00:00Z,0
2009-02-16T00:00:00Z,0
2009-02-15T00:00:00Z,0
2009-02-14T00:00:00Z,0
2009-02-13T00:00:00Z,0
2009-02-12T00:00:00Z,0
2009-02-11T00:00:00Z,0
2009-02-10T00:00:00Z,0
2009-02-09T00:00:00Z,0
2009-02-08T00:00:00Z,0
2009-02-07T00:00:00Z,0
2009-02-06T00:00:00Z,0
2009-02-05T00:00:00Z,0
2009-02-04T00:00:00Z,0
2009-02-03T00:00:00Z,0.00028913
2009-02-02T00:00:00Z,0
2009-02-01T00:00:00Z,0
2009-01-31T00:00:00Z,0
2009-01-30T00:00:00Z,0
2009-01-29T00:00:00Z,0
2009-01-28T00:00:00Z,0
2009-01-27T00:00:00Z,0
2009-01-26T00:00:00Z,0
2009-01-25T00:00:00Z,0
2009-01-24T00:00:00Z,0
2009-01-23T00:00:00Z,0
2009-01-22T00:00:00Z,0
2009-01-21T00:00:00Z,0
2009-01-20T00:00:00Z,0
2009-01-19T00:00:00Z,0
2009-01-18T00:00:00Z,0
2009-01-17T00:00:00Z,0
2009-01-16T00:00:00Z,0
2009-01-15T00:00:00Z,0
2009-01-14T00:00:00Z,0
2009-01-13T00:00:00Z,0
2009-01-12T00:00:00Z,0
2009-01-11T00:00:00Z,0
2009-01-10T00:00:00Z,0
2009-01-09T00:00:00Z,0
2009-01-08T00:00:00Z,
2009-01-07T00:00:00Z,
2009-01-06T00:00:00Z,
2009-01-05T00:00:00Z,
2009-01-04T00:00:00Z,
2009-01-03T00:00:00Z,0
