Datetime,Hashrate
2025-06-09T00:00:00Z,883725308598.0692
2025-06-08T00:00:00Z,965785515825.0328
2025-06-07T00:00:00Z,902662279496.5994
2025-06-06T00:00:00Z,845851366801.0092
2025-06-05T00:00:00Z,845851366801.0092
2025-06-04T00:00:00Z,795352777738.2623
2025-06-03T00:00:00Z,908974603129.4426
2025-06-02T00:00:00Z,839539043168.1658
2025-06-01T00:00:00Z,839539043168.1658
2025-05-31T00:00:00Z,1016284104887.7797
2025-05-30T00:00:00Z,937389530564.634
2025-05-29T00:00:00Z,955532553736.8528
2025-05-28T00:00:00Z,991818600081.2902
2025-05-27T00:00:00Z,852722089094.28
2025-05-26T00:00:00Z,925294181783.1549
2025-05-25T00:00:00Z,913198833001.6758
2025-05-24T00:00:00Z,852722089094.28
2025-05-23T00:00:00Z,937389530564.634
2025-05-22T00:00:00Z,907151158610.9362
2025-05-21T00:00:00Z,870865112266.4988
2025-05-20T00:00:00Z,895055809829.457
2025-05-19T00:00:00Z,852722089094.28
2025-05-18T00:00:00Z,979723251299.811
2025-05-17T00:00:00Z,864817437875.7592
2025-05-16T00:00:00Z,805296967031.343
2025-05-15T00:00:00Z,864509979313.0594
2025-05-14T00:00:00Z,852667376856.7161
2025-05-13T00:00:00Z,769769159662.3131
2025-05-12T00:00:00Z,858588678084.8877
2025-05-11T00:00:00Z,882273882997.5743
2025-05-10T00:00:00Z,888195184225.746
2025-05-09T00:00:00Z,828982171944.0295
2025-05-08T00:00:00Z,941486895279.2908
2025-05-07T00:00:00Z,894116485453.9176
2025-05-06T00:00:00Z,817139569487.6863
2025-05-05T00:00:00Z,1036227714930.037
2025-05-04T00:00:00Z,823060870715.8579
2025-05-03T00:00:00Z,971093401420.1489
2025-05-02T00:00:00Z,974036329983.0725
2025-05-01T00:00:00Z,827011978287.5144
2025-04-30T00:00:00Z,808633934325.5696
2025-04-29T00:00:00Z,894398139481.3119
2025-04-28T00:00:00Z,863768066211.4039
2025-04-27T00:00:00Z,827011978287.5144
2025-04-26T00:00:00Z,814759948979.5513
2025-04-25T00:00:00Z,882146110173.3486
2025-04-24T00:00:00Z,863768066211.4039
2025-04-23T00:00:00Z,698365670553.901
2025-04-22T00:00:00Z,949532271367.1461
2025-04-21T00:00:00Z,771877846401.68
2025-04-20T00:00:00Z,753499802439.7354
2025-04-19T00:00:00Z,851516036903.4408
2025-04-18T00:00:00Z,821465181581.5563
2025-04-17T00:00:00Z,924148329279.2509
2025-04-16T00:00:00Z,893947403485.8113
2025-04-15T00:00:00Z,869786662851.0596
2025-04-14T00:00:00Z,899987588644.4991
2025-04-13T00:00:00Z,1038911847294.3212
2025-04-12T00:00:00Z,869786662851.0596
2025-04-11T00:00:00Z,893947403485.8113
2025-04-10T00:00:00Z,869786662851.0596
2025-04-09T00:00:00Z,785224070629.4288
2025-04-08T00:00:00Z,924148329279.2509
2025-04-07T00:00:00Z,875826848009.7476
2025-04-06T00:00:00Z,875826848009.7476
2025-04-05T00:00:00Z,990590366024.8179
2025-04-04T00:00:00Z,1017884958368.8538
2025-04-03T00:00:00Z,859547298178.1432
2025-04-02T00:00:00Z,972645626885.7936
2025-04-01T00:00:00Z,763413718776.6403
2025-03-31T00:00:00Z,836927632436.613
2025-03-30T00:00:00Z,774723551647.4053
2025-03-29T00:00:00Z,797343217388.9354
2025-03-28T00:00:00Z,870857131048.9082
2025-03-27T00:00:00Z,836927632436.613
2025-03-26T00:00:00Z,853892381742.7606
2025-03-25T00:00:00Z,842582548871.9956
2025-03-24T00:00:00Z,870857131048.9082
2025-03-23T00:00:00Z,882166963919.6732
2025-03-22T00:00:00Z,836247313819.7312
2025-03-21T00:00:00Z,808372403359.0735
2025-03-20T00:00:00Z,791647457082.679
2025-03-19T00:00:00Z,847397278003.9944
2025-03-18T00:00:00Z,791647457082.679
2025-03-17T00:00:00Z,780497492898.4159
2025-03-16T00:00:00Z,808372403359.0735
2025-03-15T00:00:00Z,735897636161.3635
2025-03-14T00:00:00Z,791647457082.679
2025-03-13T00:00:00Z,886422152648.9152
2025-03-12T00:00:00Z,852972260096.1259
2025-03-11T00:00:00Z,769347528714.1527
2025-03-10T00:00:00Z,858547242188.2574
2025-03-09T00:00:00Z,886422152648.9152
2025-03-08T00:00:00Z,753004934520.968
2025-03-07T00:00:00Z,780486866437.7917
2025-03-06T00:00:00Z,934385685172.0042
2025-03-05T00:00:00Z,736515775370.8739
2025-03-04T00:00:00Z,802472411971.2506
2025-03-03T00:00:00Z,824457957504.7096
2025-03-02T00:00:00Z,692544684303.956
2025-03-01T00:00:00Z,791479639204.5211
2025-02-28T00:00:00Z,851939889421.5332
2025-02-27T00:00:00Z,824457957504.7096
2025-02-26T00:00:00Z,862932662188.2627
2025-02-25T00:00:00Z,802472411971.2506
2025-02-24T00:00:00Z,714530229837.4149
2025-02-23T00:00:00Z,709033843454.0502
2025-02-22T00:00:00Z,788864727616.6241
2025-02-21T00:00:00Z,732111869514.7087
2025-02-20T00:00:00Z,737787155324.9003
2025-02-19T00:00:00Z,715086012084.1342
2025-02-18T00:00:00Z,794540013426.8157
2025-02-17T00:00:00Z,777514155996.2411
2025-02-16T00:00:00Z,856968157338.9227
2025-02-15T00:00:00Z,908045729630.6465
2025-02-14T00:00:00Z,862643443149.1143
2025-02-13T00:00:00Z,896695158010.2634
2025-02-12T00:00:00Z,754813012755.475
2025-02-11T00:00:00Z,703735440463.7511
2025-02-10T00:00:00Z,788864727616.6241
2025-02-09T00:00:00Z,811565870857.3904
2025-02-08T00:00:00Z,859832042379.257
2025-02-07T00:00:00Z,929693395822.5715
2025-02-06T00:00:00Z,779222788406.2017
2025-02-05T00:00:00Z,773848838141.3313
2025-02-04T00:00:00Z,703987484698.0166
2025-02-03T00:00:00Z,822214390525.1644
2025-02-02T00:00:00Z,918945495292.8308
2025-02-01T00:00:00Z,988806848736.1455
2025-01-31T00:00:00Z,671743783108.7944
2025-01-30T00:00:00Z,779222788406.2017
2025-01-29T00:00:00Z,832962291054.9052
2025-01-28T00:00:00Z,789970688935.9423
2025-01-27T00:00:00Z,832962291054.9052
2025-01-26T00:00:00Z,752211391247.9965
2025-01-25T00:00:00Z,702796044377.6901
2025-01-24T00:00:00Z,768683173538.0985
2025-01-23T00:00:00Z,746720797151.2958
2025-01-22T00:00:00Z,823589114505.1056
2025-01-21T00:00:00Z,730249014861.1936
2025-01-20T00:00:00Z,834570302698.507
2025-01-19T00:00:00Z,823589114505.1056
2025-01-18T00:00:00Z,713777232571.0916
2025-01-17T00:00:00Z,823589114505.1056
2025-01-16T00:00:00Z,702796044377.6901
2025-01-15T00:00:00Z,763192579441.3978
2025-01-14T00:00:00Z,845551490891.9084
2025-01-13T00:00:00Z,702796044377.6901
2025-01-12T00:00:00Z,944382184632.5211
2025-01-11T00:00:00Z,753106927836.0306
2025-01-10T00:00:00Z,774936114150.1185
2025-01-09T00:00:00Z,829509079935.3381
2025-01-08T00:00:00Z,682162072315.2451
2025-01-07T00:00:00Z,731277741521.9427
2025-01-06T00:00:00Z,725820444943.4209
2025-01-05T00:00:00Z,851338266249.4259
2025-01-04T00:00:00Z,813137190199.7722
2025-01-03T00:00:00Z,774936114150.1185
2025-01-02T00:00:00Z,911368528613.1675
2025-01-01T00:00:00Z,764021520993.0746
2024-12-31T00:00:00Z,703991258629.333
2024-12-30T00:00:00Z,867710155984.9918
2024-12-29T00:00:00Z,856795562827.9479
2024-12-28T00:00:00Z,771440680664.0392
2024-12-27T00:00:00Z,852361031782.6447
2024-12-26T00:00:00Z,706704399769.1548
2024-12-25T00:00:00Z,809203511186.055
2024-12-24T00:00:00Z,712099089843.7284
2024-12-23T00:00:00Z,744467230291.1707
2024-12-22T00:00:00Z,836176961558.9236
2024-12-21T00:00:00Z,782230060813.1865
2024-12-20T00:00:00Z,814598201260.6288
2024-12-19T00:00:00Z,782230060813.1865
2024-12-18T00:00:00Z,776835370738.6128
2024-12-17T00:00:00Z,733677850142.0232
2024-12-16T00:00:00Z,798414131036.9076
2024-12-15T00:00:00Z,707724609400.9628
2024-12-14T00:00:00Z,821373816750.0225
2024-12-13T00:00:00Z,878198420424.5522
2024-12-12T00:00:00Z,764549213075.4926
2024-12-11T00:00:00Z,733553974707.5671
2024-12-10T00:00:00Z,795544451443.418
2024-12-09T00:00:00Z,862700801240.5896
2024-12-08T00:00:00Z,754217466952.8508
2024-12-07T00:00:00Z,733553974707.5671
2024-12-06T00:00:00Z,702558736339.6418
2024-12-05T00:00:00Z,800710324504.7389
2024-12-04T00:00:00Z,759383340014.1716
2024-12-03T00:00:00Z,811042070627.3806
2024-12-02T00:00:00Z,656065878787.7538
2024-12-01T00:00:00Z,803403776618.9241
2024-11-30T00:00:00Z,833912780794.3263
2024-11-29T00:00:00Z,615264917537.2773
2024-11-28T00:00:00Z,722046432151.1849
2024-11-27T00:00:00Z,676282925888.0817
2024-11-26T00:00:00Z,706791930063.4839
2024-11-25T00:00:00Z,859336950940.4948
2024-11-24T00:00:00Z,681367759917.3154
2024-11-23T00:00:00Z,701707096034.2502
2024-11-22T00:00:00Z,727131266180.4187
2024-11-21T00:00:00Z,732216100209.6523
2024-11-20T00:00:00Z,747470602297.3535
2024-11-19T00:00:00Z,889845955115.897
2024-11-18T00:00:00Z,793234108560.4568
2024-11-17T00:00:00Z,757933800747.1139
2024-11-16T00:00:00Z,793304044781.9792
2024-11-15T00:00:00Z,757933800747.1139
2024-11-14T00:00:00Z,641717284632.5564
2024-11-13T00:00:00Z,697299096687.3448
2024-11-12T00:00:00Z,737722232727.1909
2024-11-11T00:00:00Z,687193312677.3833
2024-11-10T00:00:00Z,747828016737.1523
2024-11-09T00:00:00Z,702351988692.3256
2024-11-08T00:00:00Z,717510664707.2678
2024-11-07T00:00:00Z,788251152776.9984
2024-11-06T00:00:00Z,773092476762.0562
2024-11-05T00:00:00Z,702351988692.3256
2024-11-04T00:00:00Z,727616448717.2294
2024-11-03T00:00:00Z,627780896505.6285
2024-11-02T00:00:00Z,670584139449.1941
2024-11-01T00:00:00Z,722899214157.9965
2024-10-31T00:00:00Z,751434709453.7068
2024-10-30T00:00:00Z,803749784162.5092
2024-10-29T00:00:00Z,746678793571.0884
2024-10-28T00:00:00Z,798993868279.8909
2024-10-27T00:00:00Z,760946541218.9436
2024-10-26T00:00:00Z,694363718862.286
2024-10-25T00:00:00Z,727655130040.6149
2024-10-24T00:00:00Z,699119634744.9044
2024-10-23T00:00:00Z,718143298275.378
2024-10-22T00:00:00Z,656316391801.3389
2024-10-21T00:00:00Z,782463538095.864
2024-10-20T00:00:00Z,791615158424.4706
2024-10-19T00:00:00Z,791615158424.4706
2024-10-18T00:00:00Z,622310182345.2485
2024-10-17T00:00:00Z,718402195795.6178
2024-10-16T00:00:00Z,645189233166.765
2024-10-15T00:00:00Z,713826385631.3146
2024-10-14T00:00:00Z,636037612838.1584
2024-10-13T00:00:00Z,631461802673.8552
2024-10-12T00:00:00Z,654340853495.3717
2024-10-11T00:00:00Z,640613423002.4618
2024-10-10T00:00:00Z,709250575467.0112
2024-10-09T00:00:00Z,581127890866.5189
2024-10-08T00:00:00Z,733899315277.5486
2024-10-07T00:00:00Z,681164035137.8445
2024-10-06T00:00:00Z,667980215102.9185
2024-10-05T00:00:00Z,663585608424.6099
2024-10-04T00:00:00Z,742688528634.166
2024-10-03T00:00:00Z,694347855172.7705
2024-10-02T00:00:00Z,681164035137.8445
2024-10-01T00:00:00Z,689953248494.4619
2024-09-30T00:00:00Z,602061114928.2885
2024-09-29T00:00:00Z,681164035137.8445
2024-09-28T00:00:00Z,566904261501.819
2024-09-27T00:00:00Z,602061114928.2885
2024-09-26T00:00:00Z,571298868180.1277
2024-09-25T00:00:00Z,632823361676.4491
2024-09-24T00:00:00Z,667975711255.8716
2024-09-23T00:00:00Z,672582440299.0155
2024-09-22T00:00:00Z,626515149867.576
2024-09-21T00:00:00Z,621908420824.4321
2024-09-20T00:00:00Z,667975711255.8716
2024-09-19T00:00:00Z,562020943263.5609
2024-09-18T00:00:00Z,635728607953.864
2024-09-17T00:00:00Z,691009356471.5913
2024-09-16T00:00:00Z,575841130392.9927
2024-09-15T00:00:00Z,695616085514.7352
2024-09-14T00:00:00Z,640335336997.0079
2024-09-13T00:00:00Z,566627672306.7048
2024-09-12T00:00:00Z,700222814557.8792
2024-09-11T00:00:00Z,497526736659.5457
2024-09-10T00:00:00Z,609329499497.6823
2024-09-09T00:00:00Z,644910784139.8827
2024-09-08T00:00:00Z,742759316905.9338
2024-09-07T00:00:00Z,702730371683.4584
2024-09-06T00:00:00Z,644910784139.8827
2024-09-05T00:00:00Z,689387389942.6332
2024-09-04T00:00:00Z,671596747621.5331
2024-09-03T00:00:00Z,662701426460.9829
2024-09-02T00:00:00Z,742759316905.9338
2024-09-01T00:00:00Z,631567802399.0575
2024-08-31T00:00:00Z,653806105300.4329
2024-08-30T00:00:00Z,631567802399.0575
2024-08-29T00:00:00Z,587091196596.307
2024-08-28T00:00:00Z,716073353424.2836
2024-08-27T00:00:00Z,613213426398.9983
2024-08-26T00:00:00Z,578666191108.9138
2024-08-25T00:00:00Z,574347786697.6533
2024-08-24T00:00:00Z,660715874922.8644
2024-08-23T00:00:00Z,708218323446.7303
2024-08-22T00:00:00Z,690944705801.6882
2024-08-21T00:00:00Z,634805448455.301
2024-08-20T00:00:00Z,643442257277.8221
2024-08-19T00:00:00Z,561392573463.8717
2024-08-18T00:00:00Z,669352683745.3854
2024-08-17T00:00:00Z,643442257277.8221
2024-08-16T00:00:00Z,613213426398.9983
2024-08-15T00:00:00Z,690944705801.6882
2024-08-14T00:00:00Z,570029382286.3927
2024-08-13T00:00:00Z,671551386529.0793
2024-08-12T00:00:00Z,617466711103.9186
2024-08-11T00:00:00Z,725636061954.2401
2024-08-10T00:00:00Z,581410260820.478
2024-08-09T00:00:00Z,581410260820.478
2024-08-08T00:00:00Z,581410260820.478
2024-08-07T00:00:00Z,549860866822.4677
2024-08-06T00:00:00Z,630987879960.2087
2024-08-05T00:00:00Z,698593724241.6597
2024-08-04T00:00:00Z,644509048816.4989
2024-08-03T00:00:00Z,608452598533.0585
2024-08-02T00:00:00Z,558874979393.3278
2024-08-01T00:00:00Z,630987879960.2087
2024-07-31T00:00:00Z,635494936245.6388
2024-07-30T00:00:00Z,611792205636.284
2024-07-29T00:00:00Z,725993417355.057
2024-07-28T00:00:00Z,603634976227.8003
2024-07-27T00:00:00Z,628106664453.2516
2024-07-26T00:00:00Z,652578352678.703
2024-07-25T00:00:00Z,664814196791.4287
2024-07-24T00:00:00Z,571006058593.8651
2024-07-23T00:00:00Z,689285885016.88
2024-07-22T00:00:00Z,730072032059.299
2024-07-21T00:00:00Z,689285885016.88
2024-07-20T00:00:00Z,672971426199.9125
2024-07-19T00:00:00Z,599556361523.5583
2024-07-18T00:00:00Z,526141296847.2043
2024-07-17T00:00:00Z,628324687409.1068
2024-07-16T00:00:00Z,580903956283.8911
2024-07-15T00:00:00Z,604614321846.499
2024-07-14T00:00:00Z,659938508159.2505
2024-07-13T00:00:00Z,608566049440.267
2024-07-12T00:00:00Z,592759139065.1951
2024-07-11T00:00:00Z,553241863127.5154
2024-07-10T00:00:00Z,533483225158.67554
2024-07-09T00:00:00Z,608566049440.267
2024-07-08T00:00:00Z,628324687409.1068
2024-07-07T00:00:00Z,557193590721.2833
2024-07-06T00:00:00Z,652035052971.7146
2024-07-05T00:00:00Z,474207311252.15607
2024-07-04T00:00:00Z,582332779002.4374
2024-07-03T00:00:00Z,603130378252.5244
2024-07-02T00:00:00Z,615608937802.5767
2024-07-01T00:00:00Z,586492298852.4548
2024-06-30T00:00:00Z,503301901852.1066
2024-06-29T00:00:00Z,653044616452.7334
2024-06-28T00:00:00Z,561535179752.3503
2024-06-27T00:00:00Z,540737580502.2633
2024-06-26T00:00:00Z,503301901852.1066
2024-06-25T00:00:00Z,515780461402.1588
2024-06-24T00:00:00Z,632247017202.6464
2024-06-23T00:00:00Z,465866223201.9499
2024-06-22T00:00:00Z,632247017202.6464
2024-06-21T00:00:00Z,582332779002.4374
2024-06-20T00:00:00Z,553216140052.3156
2024-06-19T00:00:00Z,570136115532.6974
2024-06-18T00:00:00Z,632559777817.2992
2024-06-17T00:00:00Z,582620847989.6177
2024-06-16T00:00:00Z,678337130159.3406
2024-06-15T00:00:00Z,557651383075.777
2024-06-14T00:00:00Z,532681918161.9362
2024-06-13T00:00:00Z,603428735417.8184
2024-06-12T00:00:00Z,607590312903.4585
2024-06-11T00:00:00Z,511874030733.73553
2024-06-10T00:00:00Z,578459270503.9775
2024-06-09T00:00:00Z,636721355302.9393
2024-06-08T00:00:00Z,715791327530.1018
2024-06-07T00:00:00Z,590944002960.898
2024-06-06T00:00:00Z,553489805590.1368
2024-06-05T00:00:00Z,515938901723.60675
2024-06-04T00:00:00Z,562079779113.5228
2024-06-03T00:00:00Z,658556159110.62
2024-06-02T00:00:00Z,587247530417.1134
2024-06-01T00:00:00Z,591442155634.3785
2024-05-31T00:00:00Z,620804532155.2341
2024-05-30T00:00:00Z,515938901723.60675
2024-05-29T00:00:00Z,574663654765.3181
2024-05-28T00:00:00Z,562079779113.5228
2024-05-27T00:00:00Z,515938901723.60675
2024-05-26T00:00:00Z,704697036500.536
2024-05-25T00:00:00Z,671140034762.4153
2024-05-24T00:00:00Z,671140034762.4153
2024-05-23T00:00:00Z,708891661717.8011
2024-05-22T00:00:00Z,632399054824.7504
2024-05-21T00:00:00Z,570399147488.9906
2024-05-20T00:00:00Z,644799036291.9023
2024-05-19T00:00:00Z,636532381980.4678
2024-05-18T00:00:00Z,529065875931.8173
2024-05-17T00:00:00Z,640665709136.185
2024-05-16T00:00:00Z,586932456111.8599
2024-05-15T00:00:00Z,582799128956.1426
2024-05-14T00:00:00Z,562132493177.5559
2024-05-13T00:00:00Z,607599091890.4465
2024-05-12T00:00:00Z,545599184554.68665
2024-05-11T00:00:00Z,657199017759.0543
2024-05-10T00:00:00Z,599332437579.0118
2024-05-09T00:00:00Z,599332437579.0118
2024-05-08T00:00:00Z,556219753193.9847
2024-05-07T00:00:00Z,534321337713.9066
2024-05-06T00:00:00Z,534321337713.9066
2024-05-05T00:00:00Z,608775950346.1724
2024-05-04T00:00:00Z,617535316538.2036
2024-05-03T00:00:00Z,564979119386.016
2024-05-02T00:00:00Z,635054048922.2661
2024-05-01T00:00:00Z,578118168674.0629
2024-04-30T00:00:00Z,617535316538.2036
2024-04-29T00:00:00Z,573738485578.0472
2024-04-28T00:00:00Z,613155633442.188
2024-04-27T00:00:00Z,613155633442.188
2024-04-26T00:00:00Z,578118168674.0629
2024-04-25T00:00:00Z,626294682730.2349
2024-04-24T00:00:00Z,678850879882.4224
2024-04-23T00:00:00Z,717164559033.2616
2024-04-22T00:00:00Z,652748580676.9806
2024-04-21T00:00:00Z,601215797991.9558
2024-04-20T00:00:00Z,558271812421.1018
2024-04-19T00:00:00Z,648454182119.8951
2024-04-18T00:00:00Z,622687790777.3828
2024-04-17T00:00:00Z,588332602320.6996
2024-04-16T00:00:00Z,708575761919.0908
2024-04-15T00:00:00Z,605510196549.0413
2024-04-14T00:00:00Z,674220573462.4076
2024-04-13T00:00:00Z,704281363362.0054
2024-04-12T00:00:00Z,584038203763.6143
2024-04-11T00:00:00Z,566860609535.2726
2024-04-10T00:00:00Z,648454182119.8951
2024-04-09T00:00:00Z,603310755886.0227
2024-04-08T00:00:00Z,652897941301.3123
2024-04-07T00:00:00Z,702485126716.6018
2024-04-06T00:00:00Z,640501144947.4899
2024-04-05T00:00:00Z,611575286788.571
2024-04-04T00:00:00Z,566120366824.5555
2024-04-03T00:00:00Z,586781694080.9263
2024-04-02T00:00:00Z,611575286788.571
2024-04-01T00:00:00Z,619839817691.1193
2024-03-31T00:00:00Z,566120366824.5555
2024-03-30T00:00:00Z,640501144947.4899
2024-03-29T00:00:00Z,595046224983.4745
2024-03-28T00:00:00Z,628104348593.6675
2024-03-27T00:00:00Z,567537982276.2701
2024-03-26T00:00:00Z,559191835478.0897
2024-03-25T00:00:00Z,550845688679.9093
2024-03-24T00:00:00Z,709422477845.3378
2024-03-23T00:00:00Z,650999450258.0746
2024-03-22T00:00:00Z,559191835478.0897
2024-03-21T00:00:00Z,500768807890.82666
2024-03-20T00:00:00Z,621787936464.4431
2024-03-19T00:00:00Z,655172523657.1648
2024-03-18T00:00:00Z,600922569468.992
2024-03-17T00:00:00Z,609268716267.1724
2024-03-16T00:00:00Z,600922569468.992
2024-03-15T00:00:00Z,529980321684.4582
2024-03-14T00:00:00Z,588403349271.7213
2024-03-13T00:00:00Z,631131351334.5697
2024-03-12T00:00:00Z,556184503363.5895
2024-03-11T00:00:00Z,670577060792.9802
2024-03-10T00:00:00Z,564073645255.2716
2024-03-09T00:00:00Z,642965064172.0929
2024-03-08T00:00:00Z,607463925659.5233
2024-03-07T00:00:00Z,710022770251.3909
2024-03-06T00:00:00Z,552239932417.7484
2024-03-05T00:00:00Z,658743347955.4572
2024-03-04T00:00:00Z,508849652013.4968
2024-03-03T00:00:00Z,611408496605.3644
2024-03-02T00:00:00Z,500960510121.8147
2024-03-01T00:00:00Z,607463925659.5233
2024-02-29T00:00:00Z,540324029732.2401
2024-02-28T00:00:00Z,605325416767.6975
2024-02-27T00:00:00Z,524073682973.37573
2024-02-26T00:00:00Z,540324029732.2401
2024-02-25T00:00:00Z,666264217113.4388
2024-02-24T00:00:00Z,556574376491.1045
2024-02-23T00:00:00Z,645951283664.8584
2024-02-22T00:00:00Z,548449203111.67224
2024-02-21T00:00:00Z,560636963180.8206
2024-02-20T00:00:00Z,572824723249.9688
2024-02-19T00:00:00Z,552511789801.3883
2024-02-18T00:00:00Z,491572989455.647
2024-02-17T00:00:00Z,609388003457.4136
2024-02-16T00:00:00Z,544386616421.9562
2024-02-15T00:00:00Z,637826110285.4263
2024-02-14T00:00:00Z,521699388499.0747
2024-02-13T00:00:00Z,506686456455.93585
2024-02-12T00:00:00Z,671828708930.4631
2024-02-11T00:00:00Z,514192922477.5053
2024-02-10T00:00:00Z,570491417639.276
2024-02-09T00:00:00Z,623036679790.2618
2024-02-08T00:00:00Z,517946155488.29004
2024-02-07T00:00:00Z,600517281725.5536
2024-02-06T00:00:00Z,638049611833.4008
2024-02-05T00:00:00Z,585504349682.4148
2024-02-04T00:00:00Z,581751116671.6301
2024-02-03T00:00:00Z,566738184628.4912
2024-02-02T00:00:00Z,705607806027.5255
2024-02-01T00:00:00Z,535009687198.72656
2024-01-31T00:00:00Z,458080189693.0273
2024-01-30T00:00:00Z,503538529128.21326
2024-01-29T00:00:00Z,545500073222.231
2024-01-28T00:00:00Z,555990459245.7355
2024-01-27T00:00:00Z,597952003339.7532
2024-01-26T00:00:00Z,531512891857.5584
2024-01-25T00:00:00Z,632919956751.4347
2024-01-24T00:00:00Z,524519301175.2221
2024-01-23T00:00:00Z,538506482539.8947
2024-01-22T00:00:00Z,559487254586.9036
2024-01-21T00:00:00Z,489551347763.54065
2024-01-20T00:00:00Z,500041733787.0451
2024-01-19T00:00:00Z,480304985510.2683
2024-01-18T00:00:00Z,516691726836.8038
2024-01-17T00:00:00Z,440279570051.0793
2024-01-16T00:00:00Z,454834266581.6935
2024-01-15T00:00:00Z,414808851122.50446
2024-01-14T00:00:00Z,465750288979.6541
2024-01-13T00:00:00Z,578549187091.9141
2024-01-12T00:00:00Z,611297254285.796
2024-01-11T00:00:00Z,629490624949.0637
2024-01-10T00:00:00Z,483943659642.9219
2024-01-09T00:00:00Z,549439794030.6857
2024-01-08T00:00:00Z,447556918316.3864
2024-01-07T00:00:00Z,429363547653.11865
2024-01-06T00:00:00Z,509414378571.4967
2024-01-05T00:00:00Z,493963403988.7443
2024-01-04T00:00:00Z,608505642594.83
2024-01-03T00:00:00Z,565552303117.5479
2024-01-02T00:00:00Z,468907289293.6631
2024-01-01T00:00:00Z,554813968248.2273
2023-12-31T00:00:00Z,558393413204.6675
2023-12-30T00:00:00Z,519019518683.82556
2023-12-29T00:00:00Z,540496188422.4666
2023-12-28T00:00:00Z,433112839729.2613
2023-12-27T00:00:00Z,461748399380.7827
2023-12-26T00:00:00Z,497542848945.1845
2023-12-25T00:00:00Z,497542848945.1845
2023-12-24T00:00:00Z,612085087551.2701
2023-12-23T00:00:00Z,572711193030.4282
2023-12-22T00:00:00Z,562093523000.8107
2023-12-21T00:00:00Z,488486037845.9426
2023-12-20T00:00:00Z,485140243066.1759
2023-12-19T00:00:00Z,542018754322.2103
2023-12-18T00:00:00Z,562093523000.8107
2023-12-17T00:00:00Z,501869216965.0095
2023-12-16T00:00:00Z,508560806524.543
2023-12-15T00:00:00Z,545364549101.97705
2023-12-14T00:00:00Z,488486037845.9426
2023-12-13T00:00:00Z,498523422185.2428
2023-12-12T00:00:00Z,481794448286.4092
2023-12-11T00:00:00Z,528635575203.1434
2023-12-10T00:00:00Z,468411269167.3422
2023-12-09T00:00:00Z,530377412433.15063
2023-12-08T00:00:00Z,456057010690.9257
2023-12-07T00:00:00Z,388493009107.0849
2023-12-06T00:00:00Z,459435210770.11774
2023-12-05T00:00:00Z,466191610928.50183
2023-12-04T00:00:00Z,523621012274.76654
2023-12-03T00:00:00Z,557403013066.687
2023-12-02T00:00:00Z,425653209978.1973
2023-12-01T00:00:00Z,570915813383.4552
2023-11-30T00:00:00Z,452678810611.7337
2023-11-29T00:00:00Z,459435210770.11774
2023-11-28T00:00:00Z,496595411641.2302
2023-11-27T00:00:00Z,439166010294.9655
2023-11-26T00:00:00Z,493217211562.0382
2023-11-25T00:00:00Z,511215216197.103
2023-11-24T00:00:00Z,540151926547.88245
2023-11-23T00:00:00Z,331164574014.4756
2023-11-22T00:00:00Z,456556985534.5197
2023-11-21T00:00:00Z,488708885924.2746
2023-11-20T00:00:00Z,533721546469.9315
2023-11-19T00:00:00Z,546582306625.83344
2023-11-18T00:00:00Z,479063315807.34814
2023-11-17T00:00:00Z,482278505846.3236
2023-11-16T00:00:00Z,475848125768.3727
2023-11-15T00:00:00Z,475848125768.3727
2023-11-14T00:00:00Z,443696225378.61774
2023-11-13T00:00:00Z,389037994716.0344
2023-11-12T00:00:00Z,517645596275.054
2023-11-11T00:00:00Z,496812162968.9624
2023-11-10T00:00:00Z,478181706857.6263
2023-11-09T00:00:00Z,444025870653.51013
2023-11-08T00:00:00Z,462656326764.8462
2023-11-07T00:00:00Z,412975110467.94995
2023-11-06T00:00:00Z,394344654356.6139
2023-11-05T00:00:00Z,506127391024.63043
2023-11-04T00:00:00Z,521652771117.4105
2023-11-03T00:00:00Z,422290338523.61804
2023-11-02T00:00:00Z,447130946672.06616
2023-11-01T00:00:00Z,462656326764.8462
2023-10-31T00:00:00Z,481286782876.1823
2023-10-30T00:00:00Z,484391858894.73834
2023-10-29T00:00:00Z,415637677017.7458
2023-10-28T00:00:00Z,485416265130.21405
2023-10-27T00:00:00Z,467213155187.831
2023-10-26T00:00:00Z,455077748559.5757
2023-10-25T00:00:00Z,436874638617.1926
2023-10-24T00:00:00Z,382265308790.0436
2023-10-23T00:00:00Z,476314710159.0225
2023-10-22T00:00:00Z,464179303530.76715
2023-10-21T00:00:00Z,455077748559.5757
2023-10-20T00:00:00Z,406536122046.55426
2023-10-19T00:00:00Z,424739231988.93726
2023-10-18T00:00:00Z,439908490274.2565
2023-10-17T00:00:00Z,491483968444.34174
2023-10-16T00:00:00Z,427773083646.0011
2023-10-15T00:00:00Z,475861094152.1263
2023-10-14T00:00:00Z,416022273929.4038
2023-10-13T00:00:00Z,393226532892.1762
2023-10-12T00:00:00Z,470162158892.8194
2023-10-11T00:00:00Z,455914820744.5521
2023-10-10T00:00:00Z,461613756003.859
2023-10-09T00:00:00Z,444516950225.93835
2023-10-08T00:00:00Z,421721209188.7107
2023-10-07T00:00:00Z,487258964670.7401
2023-10-06T00:00:00Z,455914820744.5521
2023-10-05T00:00:00Z,401774935781.1366
2023-10-04T00:00:00Z,373280259484.60205
2023-10-03T00:00:00Z,467312691263.16595
2023-10-02T00:00:00Z,445792739990.817
2023-10-01T00:00:00Z,400361632730.6063
2023-09-30T00:00:00Z,391843300119.31683
2023-09-29T00:00:00Z,417398297953.18536
2023-09-28T00:00:00Z,414558853749.4222
2023-09-27T00:00:00Z,445792739990.817
2023-09-26T00:00:00Z,386164411711.7905
2023-09-25T00:00:00Z,411719409545.659
2023-09-24T00:00:00Z,414558853749.4222
2023-09-23T00:00:00Z,442953295787.05383
2023-09-22T00:00:00Z,366288302285.44836
2023-09-21T00:00:00Z,391843300119.31683
2023-09-20T00:00:00Z,414558853749.4222
2023-09-19T00:00:00Z,394682744323.08
2023-09-18T00:00:00Z,419923635716.47046
2023-09-17T00:00:00Z,401080908472.78265
2023-09-16T00:00:00Z,417231817538.8008
2023-09-15T00:00:00Z,506061817401.90027
2023-09-14T00:00:00Z,436074544782.4885
2023-09-13T00:00:00Z,395697272117.4433
2023-09-12T00:00:00Z,379546363051.4252
2023-09-11T00:00:00Z,427999090249.4795
2023-09-10T00:00:00Z,395697272117.4433
2023-09-09T00:00:00Z,406464544828.122
2023-09-08T00:00:00Z,358011817630.06775
2023-09-07T00:00:00Z,393005453939.7736
2023-09-06T00:00:00Z,363395453985.4071
2023-09-05T00:00:00Z,342854666184.69293
2023-09-04T00:00:00Z,411978590818.70355
2023-09-03T00:00:00Z,436863203686.94745
2023-09-02T00:00:00Z,420273461774.78485
2023-09-01T00:00:00Z,417508504789.42444
2023-08-31T00:00:00Z,398153805891.9014
2023-08-30T00:00:00Z,348384580155.41376
2023-08-29T00:00:00Z,436863203686.94745
2023-08-28T00:00:00Z,326264924272.53033
2023-08-27T00:00:00Z,320735010301.8095
2023-08-26T00:00:00Z,376034150009.018
2023-08-25T00:00:00Z,373269193023.6576
2023-08-24T00:00:00Z,381564063979.7389
2023-08-23T00:00:00Z,392623891921.1806
2023-08-22T00:00:00Z,395388848906.541
2023-08-21T00:00:00Z,429722639507.4612
2023-08-20T00:00:00Z,421909500607.3255
2023-08-19T00:00:00Z,364613148672.9974
2023-08-18T00:00:00Z,362008769039.61884
2023-08-17T00:00:00Z,406283222807.0542
2023-08-16T00:00:00Z,424513880240.7041
2023-08-15T00:00:00Z,442744537674.35394
2023-08-14T00:00:00Z,445348917307.7325
2023-08-13T00:00:00Z,351591250506.1046
2023-08-12T00:00:00Z,434931398774.21826
2023-08-11T00:00:00Z,393261324640.16144
2023-08-10T00:00:00Z,330756213439.0762
2023-08-09T00:00:00Z,421909500607.3255
2023-08-08T00:00:00Z,325156812742.1493
2023-08-07T00:00:00Z,379783157282.8303
2023-08-06T00:00:00Z,426605738317.6998
2023-08-05T00:00:00Z,397991938796.3907
2023-08-04T00:00:00Z,314751794734.4005
2023-08-03T00:00:00Z,392789429792.5163
2023-08-02T00:00:00Z,400593193298.3279
2023-08-01T00:00:00Z,361574375769.26996
2023-07-31T00:00:00Z,366776884773.14435
2023-07-30T00:00:00Z,437010756325.4486
2023-07-29T00:00:00Z,343365594255.7096
2023-07-28T00:00:00Z,364175630271.20715
2023-07-27T00:00:00Z,358973121267.33276
2023-07-26T00:00:00Z,374580648278.95593
2023-07-25T00:00:00Z,369831574538.62054
2023-07-24T00:00:00Z,399310902943.87286
2023-07-23T00:00:00Z,393951025052.00885
2023-07-22T00:00:00Z,359111818754.8924
2023-07-21T00:00:00Z,300153161944.3877
2023-07-20T00:00:00Z,343032185079.30023
2023-07-19T00:00:00Z,396630963997.94086
2023-07-18T00:00:00Z,434150109240.9893
2023-07-17T00:00:00Z,364471696646.7565
2023-07-16T00:00:00Z,412710597673.5331
2023-07-15T00:00:00Z,369831574538.62054
2023-07-14T00:00:00Z,369831574538.62054
2023-07-13T00:00:00Z,321592673511.84393
2023-07-12T00:00:00Z,385911208214.2127
2023-07-11T00:00:00Z,339880937949.7803
2023-07-10T00:00:00Z,387716032920.4901
2023-07-09T00:00:00Z,425480581581.5768
2023-07-08T00:00:00Z,448139310778.2288
2023-07-07T00:00:00Z,440586401046.0115
2023-07-06T00:00:00Z,349951484259.4034
2023-07-05T00:00:00Z,392751306075.30164
2023-07-04T00:00:00Z,354986757414.21497
2023-07-03T00:00:00Z,344916211104.59186
2023-07-02T00:00:00Z,430515854736.38837
2023-07-01T00:00:00Z,334845664794.9687
2023-06-30T00:00:00Z,397786579230.1132
2023-06-29T00:00:00Z,367574940301.24384
2023-06-28T00:00:00Z,271904750359.82422
2023-06-27T00:00:00Z,364329624478.6637
2023-06-26T00:00:00Z,379943751242.035
2023-06-25T00:00:00Z,398160232465.9682
2023-06-24T00:00:00Z,379943751242.035
2023-06-23T00:00:00Z,325294307570.2354
2023-06-22T00:00:00Z,356522561096.978
2023-06-21T00:00:00Z,312282535267.426
2023-06-20T00:00:00Z,353920206636.41614
2023-06-19T00:00:00Z,369534333399.7875
2023-06-18T00:00:00Z,392955523544.8444
2023-06-17T00:00:00Z,364329624478.6637
2023-06-16T00:00:00Z,398160232465.9682
2023-06-15T00:00:00Z,385148460163.15875
2023-06-14T00:00:00Z,314884889727.9879
2023-06-13T00:00:00Z,374390301482.041
2023-06-12T00:00:00Z,399859029474.0166
2023-06-11T00:00:00Z,415140266269.20197
2023-06-10T00:00:00Z,392218411076.42395
2023-06-09T00:00:00Z,430421503064.3873
2023-06-08T00:00:00Z,392218411076.42395
2023-06-07T00:00:00Z,343827827891.67035
2023-06-06T00:00:00Z,384577792678.8313
2023-06-05T00:00:00Z,351468446289.263
2023-06-04T00:00:00Z,376937174281.2386
2023-06-03T00:00:00Z,328546591096.485
2023-06-02T00:00:00Z,417687139068.39954
2023-06-01T00:00:00Z,336187209494.0777
2023-05-31T00:00:00Z,359109064686.8557
2023-05-30T00:00:00Z,379321882181.6976
2023-05-29T00:00:00Z,399026915022.30524
2023-05-28T00:00:00Z,394100656812.1533
2023-05-27T00:00:00Z,357153720236.014
2023-05-26T00:00:00Z,376858753076.62164
2023-05-25T00:00:00Z,371932494866.4697
2023-05-24T00:00:00Z,347301203815.71014
2023-05-23T00:00:00Z,379321882181.6976
2023-05-22T00:00:00Z,354690591130.938
2023-05-21T00:00:00Z,371932494866.4697
2023-05-20T00:00:00Z,322669912764.95056
2023-05-19T00:00:00Z,367006236656.3178
2023-05-18T00:00:00Z,347301203815.71014
2023-05-17T00:00:00Z,381818888710.7901
2023-05-16T00:00:00Z,365114312329.69305
2023-05-15T00:00:00Z,350796104003.03845
2023-05-14T00:00:00Z,415228041472.98425
2023-05-13T00:00:00Z,346023367894.15356
2023-05-12T00:00:00Z,336477895676.3838
2023-05-11T00:00:00Z,360341576220.80817
2023-05-10T00:00:00Z,405682569255.21454
2023-05-09T00:00:00Z,360341576220.80817
2023-05-08T00:00:00Z,326932423458.6141
2023-05-07T00:00:00Z,331705159567.4989
2023-05-06T00:00:00Z,355568840111.9233
2023-05-05T00:00:00Z,283977798478.65015
2023-05-04T00:00:00Z,348409735948.596
2023-05-03T00:00:00Z,341432463627.48645
2023-05-02T00:00:00Z,312374381616.63654
2023-05-01T00:00:00Z,440714243831.2237
2023-04-30T00:00:00Z,358383011467.1489
2023-04-29T00:00:00Z,331746436290.5365
2023-04-28T00:00:00Z,355961504632.91144
2023-04-27T00:00:00Z,314795888450.874
2023-04-26T00:00:00Z,314795888450.874
2023-04-25T00:00:00Z,302688354279.6866
2023-04-24T00:00:00Z,341432463627.48645
2023-04-23T00:00:00Z,355961504632.91144
2023-04-22T00:00:00Z,360804518301.3864
2023-04-21T00:00:00Z,351118490964.43646
2023-04-20T00:00:00Z,322060408953.58655
2023-04-19T00:00:00Z,330891401134.8031
2023-04-18T00:00:00Z,395165270419.9807
2023-04-17T00:00:00Z,368979619970.4639
2023-04-16T00:00:00Z,295183695976.3711
2023-04-15T00:00:00Z,376121161002.1503
2023-04-14T00:00:00Z,333271914812.0319
2023-04-13T00:00:00Z,338032942166.4895
2023-04-12T00:00:00Z,380882188356.6079
2023-04-11T00:00:00Z,366599106293.2351
2023-04-10T00:00:00Z,292803182299.14233
2023-04-09T00:00:00Z,347554996875.4047
2023-04-08T00:00:00Z,349935510552.6335
2023-04-07T00:00:00Z,338032942166.4895
2023-04-06T00:00:00Z,380882188356.6079
2023-04-05T00:00:00Z,323675130145.32733
2023-04-04T00:00:00Z,377232885493.1153
2023-04-03T00:00:00Z,305046345676.5315
2023-04-02T00:00:00Z,346961110731.3221
2023-04-01T00:00:00Z,326003728203.9268
2023-03-31T00:00:00Z,328332326262.52625
2023-03-30T00:00:00Z,360932699082.91895
2023-03-29T00:00:00Z,342303914614.1231
2023-03-28T00:00:00Z,312032139852.32996
2023-03-27T00:00:00Z,344632512672.7226
2023-03-26T00:00:00Z,335318120438.3247
2023-03-25T00:00:00Z,337646718496.9242
2023-03-24T00:00:00Z,377232885493.1153
2023-03-23T00:00:00Z,426133444723.7043
2023-03-22T00:00:00Z,344229888797.4969
2023-03-21T00:00:00Z,313920338840.48456
2023-03-20T00:00:00Z,333405049527.1354
2023-03-19T00:00:00Z,320415242402.7015
2023-03-18T00:00:00Z,350724792359.7138
2023-03-17T00:00:00Z,318250274548.6292
2023-03-16T00:00:00Z,290105692445.6892
2023-03-15T00:00:00Z,318250274548.6292
2023-03-14T00:00:00Z,316085306694.5569
2023-03-13T00:00:00Z,339899953089.3523
2023-03-12T00:00:00Z,348559824505.6415
2023-03-11T00:00:00Z,357219695921.9307
2023-03-10T00:00:00Z,294435628153.8338
2023-03-09T00:00:00Z,288929457468.7534
2023-03-08T00:00:00Z,284649021061.8089
2023-03-07T00:00:00Z,353136003572.92084
2023-03-06T00:00:00Z,282508802858.3367
2023-03-05T00:00:00Z,331733821538.19836
2023-03-04T00:00:00Z,325313166927.7816
2023-03-03T00:00:00Z,359556658183.3376
2023-03-02T00:00:00Z,308191421300.0036
2023-03-01T00:00:00Z,363837094590.28204
2023-02-28T00:00:00Z,293209893875.6979
2023-02-27T00:00:00Z,299630548486.1146
2023-02-26T00:00:00Z,359556658183.3376
2023-02-25T00:00:00Z,229003347771.53046
2023-02-24T00:00:00Z,262774152630.86987
2023-02-23T00:00:00Z,332847259999.1018
2023-02-22T00:00:00Z,272506528654.2354
2023-02-21T00:00:00Z,325061359180.40936
2023-02-20T00:00:00Z,286131855086.9472
2023-02-19T00:00:00Z,315328983157.0438
2023-02-18T00:00:00Z,327007834385.0825
2023-02-17T00:00:00Z,321168408771.0632
2023-02-16T00:00:00Z,348419061636.4867
2023-02-15T00:00:00Z,317275458361.7169
2023-02-14T00:00:00Z,299757181519.65894
2023-02-13T00:00:00Z,303650131929.0052
2023-02-12T00:00:00Z,315328983157.0438
2023-02-11T00:00:00Z,289509602117.447
2023-02-10T00:00:00Z,287553456157.19403
2023-02-09T00:00:00Z,316895645560.9893
2023-02-08T00:00:00Z,269948142514.91684
2023-02-07T00:00:00Z,277772726355.92896
2023-02-06T00:00:00Z,289509602117.447
2023-02-05T00:00:00Z,297334185958.4591
2023-02-04T00:00:00Z,266035850594.4108
2023-02-03T00:00:00Z,260167412713.65173
2023-02-02T00:00:00Z,283641164236.688
2023-02-01T00:00:00Z,267991996554.66382
2023-01-31T00:00:00Z,224956785429.09738
2023-01-30T00:00:00Z,269948142514.91684
2023-01-29T00:00:00Z,314939499600.7363
2023-01-28T00:00:00Z,313930106568.096
2023-01-27T00:00:00Z,287769264354.088
2023-01-26T00:00:00Z,289637895940.80286
2023-01-25T00:00:00Z,327010527675.1
2023-01-24T00:00:00Z,241053474686.21655
2023-01-23T00:00:00Z,295243790700.94745
2023-01-22T00:00:00Z,282163369593.9434
2023-01-21T00:00:00Z,257871158966.65027
2023-01-20T00:00:00Z,246659369446.36115
2023-01-19T00:00:00Z,270951580073.65427
2023-01-18T00:00:00Z,261608422140.08
2023-01-17T00:00:00Z,291506527527.5177
2023-01-16T00:00:00Z,274688843247.08398
2023-01-15T00:00:00Z,304586948634.5217
2023-01-14T00:00:00Z,289810898068.9484
2023-01-13T00:00:00Z,269473291186.91696
2023-01-12T00:00:00Z,255914886598.896
2023-01-11T00:00:00Z,249135684304.8855
2023-01-10T00:00:00Z,286421296921.9432
2023-01-09T00:00:00Z,257609687172.39862
2023-01-08T00:00:00Z,259304487745.90125
2023-01-07T00:00:00Z,260999288319.40384
2023-01-06T00:00:00Z,305064103230.47205
2023-01-05T00:00:00Z,266083690039.9117
2023-01-04T00:00:00Z,242356482010.875
2023-01-03T00:00:00Z,260999288319.40384
2023-01-02T00:00:00Z,274241331173.42743
2023-01-01T00:00:00Z,272483373922.31573
2022-12-31T00:00:00Z,274241331173.42743
2022-12-30T00:00:00Z,277757245675.6509
2022-12-29T00:00:00Z,247871972406.75174
2022-12-28T00:00:00Z,295336818186.768
2022-12-27T00:00:00Z,202165083877.84717
2022-12-26T00:00:00Z,226776485393.41116
2022-12-25T00:00:00Z,247871972406.75174
2022-12-24T00:00:00Z,156458195348.94257
2022-12-23T00:00:00Z,232050357146.7463
2022-12-22T00:00:00Z,237324228900.08145
2022-12-21T00:00:00Z,251387886908.97516
2022-12-20T00:00:00Z,246114015155.64
2022-12-19T00:00:00Z,239082186151.19315
2022-12-18T00:00:00Z,246832768877.72845
2022-12-17T00:00:00Z,234916704173.2864
2022-12-16T00:00:00Z,221298344511.0669
2022-12-15T00:00:00Z,236618999131.06384
2022-12-14T00:00:00Z,251939653751.0608
2022-12-13T00:00:00Z,280878668033.2772
2022-12-12T00:00:00Z,243428178962.17358
2022-12-11T00:00:00Z,250237358793.28333
2022-12-10T00:00:00Z,262153423497.7254
2022-12-09T00:00:00Z,258748833582.17053
2022-12-08T00:00:00Z,284283257948.8321
2022-12-07T00:00:00Z,292794732737.7193
2022-12-06T00:00:00Z,229809819299.9541
2022-12-05T00:00:00Z,268175577362.32977
2022-12-04T00:00:00Z,257154663224.15182
2022-12-03T00:00:00Z,240623292016.88492
2022-12-02T00:00:00Z,229602377878.707
2022-12-01T00:00:00Z,281033310523.53735
2022-11-30T00:00:00Z,253481025178.09253
2022-11-29T00:00:00Z,240623292016.88492
2022-11-28T00:00:00Z,255317844201.1222
2022-11-27T00:00:00Z,249807387132.0332
2022-11-26T00:00:00Z,200213273510.2325
2022-11-25T00:00:00Z,225928739832.64767
2022-11-24T00:00:00Z,236949653970.82562
2022-11-23T00:00:00Z,258991482247.1815
2022-11-22T00:00:00Z,231439196901.73666
2022-11-21T00:00:00Z,236949653970.82562
2022-11-20T00:00:00Z,273686034431.41873
2022-11-19T00:00:00Z,268636445870.27634
2022-11-18T00:00:00Z,254016775346.7239
2022-11-17T00:00:00Z,252189316531.27985
2022-11-16T00:00:00Z,274118822316.60852
2022-11-15T00:00:00Z,283256116393.8288
2022-11-14T00:00:00Z,224777434299.619
2022-11-13T00:00:00Z,235742187192.28333
2022-11-12T00:00:00Z,305185622179.1575
2022-11-11T00:00:00Z,244879481269.5036
2022-11-10T00:00:00Z,268636445870.27634
2022-11-09T00:00:00Z,272291363501.16446
2022-11-08T00:00:00Z,297875786917.3813
2022-11-07T00:00:00Z,263154069423.94418
2022-11-06T00:00:00Z,250862304460.74136
2022-11-05T00:00:00Z,276497868420.23315
2022-11-04T00:00:00Z,236213410769.60318
2022-11-03T00:00:00Z,300302320668.3327
2022-11-02T00:00:00Z,223395628789.85727
2022-11-01T00:00:00Z,263680086440.48727
2022-10-31T00:00:00Z,314951214359.4709
2022-10-30T00:00:00Z,247200081037.95682
2022-10-29T00:00:00Z,261848974729.095
2022-10-28T00:00:00Z,291146762111.37134
2022-10-27T00:00:00Z,247200081037.95682
2022-10-26T00:00:00Z,283822315265.80225
2022-10-25T00:00:00Z,223395628789.85727
2022-10-24T00:00:00Z,249031192749.3491
2022-10-23T00:00:00Z,283822315265.80225
2022-10-22T00:00:00Z,240750216430.5172
2022-10-21T00:00:00Z,276154660023.24036
2022-10-20T00:00:00Z,256682216047.24265
2022-10-19T00:00:00Z,267303549125.05957
2022-10-18T00:00:00Z,251371549508.33417
2022-10-17T00:00:00Z,265533326945.4234
2022-10-16T00:00:00Z,254911993867.60648
2022-10-15T00:00:00Z,269073771304.6957
2022-10-14T00:00:00Z,276154660023.24036
2022-10-13T00:00:00Z,253141771687.9703
2022-10-12T00:00:00Z,242520438610.15338
2022-10-11T00:00:00Z,277924882202.8765
2022-10-10T00:00:00Z,297397326178.8742
2022-10-09T00:00:00Z,246312726256.36307
2022-10-08T00:00:00Z,272814728448.5034
2022-10-07T00:00:00Z,266578963226.8233
2022-10-06T00:00:00Z,247871667561.78308
2022-10-05T00:00:00Z,272814728448.5034
2022-10-04T00:00:00Z,254107432783.46317
2022-10-03T00:00:00Z,240076961034.68298
2022-10-02T00:00:00Z,244753784950.94305
2022-10-01T00:00:00Z,282168376281.0235
2022-09-30T00:00:00Z,263461080615.98328
2022-09-29T00:00:00Z,222928606675.06277
2022-09-28T00:00:00Z,233841195813.0029
2022-09-27T00:00:00Z,205494866903.68484
2022-09-26T00:00:00Z,238947519655.4475
2022-09-25T00:00:00Z,234168569262.33856
2022-09-24T00:00:00Z,232575585797.9689
2022-09-23T00:00:00Z,215052767689.90274
2022-09-22T00:00:00Z,203901883439.31522
2022-09-21T00:00:00Z,224610668476.12067
2022-09-20T00:00:00Z,242133486584.1868
2022-09-19T00:00:00Z,207087850368.0545
2022-09-18T00:00:00Z,245319453512.92612
2022-09-17T00:00:00Z,270807188942.8405
2022-09-16T00:00:00Z,203901883439.31522
2022-09-15T00:00:00Z,234168569262.33856
2022-09-14T00:00:00Z,202308899974.94556
2022-09-13T00:00:00Z,218238734618.64206
2022-09-12T00:00:00Z,235601272087.5498
2022-09-11T00:00:00Z,281797599947.8537
2022-09-10T00:00:00Z,241760782468.92365
2022-09-09T00:00:00Z,226362006515.489
2022-09-08T00:00:00Z,195564454608.61978
2022-09-07T00:00:00Z,224822128920.14557
2022-09-06T00:00:00Z,218662618538.77173
2022-09-05T00:00:00Z,235601272087.5498
2022-09-04T00:00:00Z,258699436017.70175
2022-09-03T00:00:00Z,226362006515.489
2022-09-02T00:00:00Z,198644209799.3067
2022-09-01T00:00:00Z,212503108157.39786
2022-08-31T00:00:00Z,224822128920.14557
2022-08-30T00:00:00Z,228317294535.67276
2022-08-29T00:00:00Z,221270464457.41125
2022-08-28T00:00:00Z,226907928520.02045
2022-08-27T00:00:00Z,204358072269.58365
2022-08-26T00:00:00Z,248048418754.80496
2022-08-25T00:00:00Z,224089196488.71585
2022-08-24T00:00:00Z,205767438285.23593
2022-08-23T00:00:00Z,242410954692.19577
2022-08-22T00:00:00Z,204358072269.58365
2022-08-21T00:00:00Z,205767438285.23593
2022-08-20T00:00:00Z,209995536332.19284
2022-08-19T00:00:00Z,250867150786.10956
2022-08-18T00:00:00Z,202948706253.93134
2022-08-17T00:00:00Z,180673577334.0118
2022-08-16T00:00:00Z,207284414305.68796
2022-08-15T00:00:00Z,203082703204.897
2022-08-14T00:00:00Z,186275858801.7331
2022-08-13T00:00:00Z,194679281003.31506
2022-08-12T00:00:00Z,215687836507.26993
2022-08-11T00:00:00Z,196079851370.2454
2022-08-10T00:00:00Z,207284414305.68796
2022-08-09T00:00:00Z,200281562471.03635
2022-08-08T00:00:00Z,201682132837.96667
2022-08-07T00:00:00Z,222690688341.92154
2022-08-06T00:00:00Z,225491829075.7822
2022-08-05T00:00:00Z,210085555039.5486
2022-08-04T00:00:00Z,184875288434.8028
2022-08-03T00:00:00Z,199607727898.59988
2022-08-02T00:00:00Z,213373778098.50333
2022-08-01T00:00:00Z,187218282718.6868
2022-07-31T00:00:00Z,209243963038.53232
2022-07-30T00:00:00Z,177582047578.7544
2022-07-29T00:00:00Z,200984332918.59024
2022-07-28T00:00:00Z,194101307818.63852
2022-07-27T00:00:00Z,227139828298.40677
2022-07-26T00:00:00Z,220256803198.45505
2022-07-25T00:00:00Z,195477912838.62888
2022-07-24T00:00:00Z,216126988138.484
2022-07-23T00:00:00Z,211997173078.513
2022-07-22T00:00:00Z,181711862638.72543
2022-07-21T00:00:00Z,191348097778.65784
2022-07-20T00:00:00Z,182598379641.4101
2022-07-19T00:00:00Z,199988701512.0206
2022-07-18T00:00:00Z,189844347087.4978
2022-07-17T00:00:00Z,179699992662.97504
2022-07-16T00:00:00Z,214480636404.19598
2022-07-15T00:00:00Z,205785475468.89075
2022-07-14T00:00:00Z,179699992662.97504
2022-07-13T00:00:00Z,159411283813.92944
2022-07-12T00:00:00Z,218828216871.8486
2022-07-11T00:00:00Z,178250799173.75748
2022-07-10T00:00:00Z,221726603850.2837
2022-07-09T00:00:00Z,194191927555.15042
2022-07-08T00:00:00Z,214480636404.19598
2022-07-07T00:00:00Z,227523377807.15387
2022-07-06T00:00:00Z,186682514100.1856
2022-07-05T00:00:00Z,173453044597.02283
2022-07-04T00:00:00Z,210201570994.69717
2022-07-03T00:00:00Z,227840863665.58084
2022-07-02T00:00:00Z,202851865715.1623
2022-07-01T00:00:00Z,196972101491.5344
2022-06-30T00:00:00Z,251359920560.0924
2022-06-29T00:00:00Z,221961099441.95294
2022-06-28T00:00:00Z,214611394162.4181
2022-06-27T00:00:00Z,199911983603.34836
2022-06-26T00:00:00Z,202851865715.1623
2022-06-25T00:00:00Z,221961099441.95294
2022-06-24T00:00:00Z,189622396211.99954
2022-06-23T00:00:00Z,223431040497.85992
2022-06-22T00:00:00Z,189622396211.99954
2022-06-21T00:00:00Z,225808603129.68204
2022-06-20T00:00:00Z,198711570754.1202
2022-06-19T00:00:00Z,200216961441.6514
2022-06-18T00:00:00Z,234840947254.86932
2022-06-17T00:00:00Z,162582194253.37106
2022-06-16T00:00:00Z,179141491816.21442
2022-06-15T00:00:00Z,248389463442.65024
2022-06-14T00:00:00Z,219787040379.5572
2022-06-13T00:00:00Z,200216961441.6514
2022-06-12T00:00:00Z,191184617316.46414
2022-06-11T00:00:00Z,231830165879.8069
2022-06-10T00:00:00Z,221292431067.0884
2022-06-09T00:00:00Z,219787040379.5572
2022-06-08T00:00:00Z,267959542380.55603
2022-06-07T00:00:00Z,240765744091.2262
2022-06-06T00:00:00Z,222931244528.91315
2022-06-05T00:00:00Z,216986411341.47546
2022-06-04T00:00:00Z,206582953263.45953
2022-06-03T00:00:00Z,212527786450.89722
2022-06-02T00:00:00Z,185776037107.42764
2022-06-01T00:00:00Z,202124328372.88126
2022-05-31T00:00:00Z,216986411341.47546
2022-05-30T00:00:00Z,228876077716.35083
2022-05-29T00:00:00Z,221445036232.05374
2022-05-28T00:00:00Z,219958827935.1943
2022-05-27T00:00:00Z,205096744966.6001
2022-05-26T00:00:00Z,209555369857.17838
2022-05-25T00:00:00Z,214013994747.75662
2022-05-24T00:00:00Z,186420081013.4864
2022-05-23T00:00:00Z,248560108017.98184
2022-05-22T00:00:00Z,189527082363.71115
2022-05-21T00:00:00Z,209722591140.17218
2022-05-20T00:00:00Z,198848086414.38547
2022-05-19T00:00:00Z,189527082363.71115
2022-05-18T00:00:00Z,208169090465.05978
2022-05-17T00:00:00Z,228364599241.5208
2022-05-16T00:00:00Z,254774110718.4314
2022-05-15T00:00:00Z,189527082363.71115
2022-05-14T00:00:00Z,219043595190.8465
2022-05-13T00:00:00Z,236132102617.08276
2022-05-12T00:00:00Z,209722591140.17218
2022-05-11T00:00:00Z,225257597891.29605
2022-05-10T00:00:00Z,237685603292.19513
2022-05-09T00:00:00Z,229568645381.56696
2022-05-08T00:00:00Z,229568645381.56696
2022-05-07T00:00:00Z,211795588964.9295
2022-05-06T00:00:00Z,210314500930.20972
2022-05-05T00:00:00Z,232530821451.00653
2022-05-04T00:00:00Z,216238853069.08887
2022-05-03T00:00:00Z,222163205207.96802
2022-05-02T00:00:00Z,236974085555.1659
2022-05-01T00:00:00Z,247341701798.2044
2022-04-30T00:00:00Z,222163205207.96802
2022-04-29T00:00:00Z,222163205207.96802
2022-04-28T00:00:00Z,195503620583.01187
2022-04-27T00:00:00Z,251784965902.36377
2022-04-26T00:00:00Z,196436589852.056
2022-04-25T00:00:00Z,227305196828.80765
2022-04-24T00:00:00Z,239933263319.29697
2022-04-23T00:00:00Z,228708315327.75092
2022-04-22T00:00:00Z,189420997357.33972
2022-04-21T00:00:00Z,237127026321.41046
2022-04-20T00:00:00Z,224498959830.92114
2022-04-19T00:00:00Z,173986693868.9639
2022-04-18T00:00:00Z,188017878858.39645
2022-04-17T00:00:00Z,231514552325.63742
2022-04-16T00:00:00Z,188017878858.39645
2022-04-15T00:00:00Z,221692722833.03464
2022-04-14T00:00:00Z,193630352854.1695
2022-04-13T00:00:00Z,198950531062.80045
2022-04-12T00:00:00Z,217424508947.20337
2022-04-11T00:00:00Z,194687305397.169
2022-04-10T00:00:00Z,198950531062.80045
2022-04-09T00:00:00Z,217424508947.20337
2022-04-08T00:00:00Z,190424079731.53757
2022-04-07T00:00:00Z,196108380619.04617
2022-04-06T00:00:00Z,213161283281.57193
2022-04-05T00:00:00Z,206055907172.1862
2022-04-04T00:00:00Z,224529885056.58908
2022-04-03T00:00:00Z,197529455840.9233
2022-04-02T00:00:00Z,191845154953.41473
2022-04-01T00:00:00Z,200371606284.6776
2022-03-31T00:00:00Z,196108380619.04617
2022-03-30T00:00:00Z,184232002723.39163
2022-03-29T00:00:00Z,206066906749.86768
2022-03-28T00:00:00Z,216984358763.10568
2022-03-27T00:00:00Z,178773276716.7726
2022-03-26T00:00:00Z,219713721766.4152
2022-03-25T00:00:00Z,212890314258.14142
2022-03-24T00:00:00Z,195149454736.62964
2022-03-23T00:00:00Z,197878817739.93915
2022-03-22T00:00:00Z,203337543746.55817
2022-03-21T00:00:00Z,208796269753.1772
2022-03-20T00:00:00Z,210160951254.83194
2022-03-19T00:00:00Z,211525632756.4867
2022-03-18T00:00:00Z,195149454736.62964
2022-03-17T00:00:00Z,216984358763.10568
2022-03-16T00:00:00Z,212277837626.2781
2022-03-15T00:00:00Z,190365286645.501
2022-03-14T00:00:00Z,209538768753.68097
2022-03-13T00:00:00Z,206799699881.08383
2022-03-12T00:00:00Z,213647372062.57666
2022-03-11T00:00:00Z,188995752209.20242
2022-03-10T00:00:00Z,198582493263.29242
2022-03-09T00:00:00Z,188995752209.20242
2022-03-08T00:00:00Z,202691096572.1881
2022-03-07T00:00:00Z,202691096572.1881
2022-03-06T00:00:00Z,179409011155.11246
2022-03-05T00:00:00Z,168452735664.7239
2022-03-04T00:00:00Z,190365286645.501
2022-03-03T00:00:00Z,202691096572.1881
2022-03-02T00:00:00Z,189074638269.7987
2022-03-01T00:00:00Z,225221260291.96613
2022-02-28T00:00:00Z,212708968053.52356
2022-02-27T00:00:00Z,189074638269.7987
2022-02-26T00:00:00Z,173781836645.03558
2022-02-25T00:00:00Z,186294128883.47815
2022-02-24T00:00:00Z,183513619497.1576
2022-02-23T00:00:00Z,208538203974.0427
2022-02-22T00:00:00Z,211318713360.36328
2022-02-21T00:00:00Z,171001327258.71503
2022-02-20T00:00:00Z,200196675815.081
2022-02-19T00:00:00Z,207147949280.88242
2022-02-18T00:00:00Z,186294128883.47815
2022-02-17T00:00:00Z,218269986826.1647
2022-02-16T00:00:00Z,206979740540.56653
2022-02-15T00:00:00Z,232188811503.84067
2022-02-14T00:00:00Z,202999360914.7864
2022-02-13T00:00:00Z,209633326957.7533
2022-02-12T00:00:00Z,248110330006.96118
2022-02-11T00:00:00Z,188404635620.25928
2022-02-10T00:00:00Z,195038601663.22617
2022-02-09T00:00:00Z,185751049203.07254
2022-02-08T00:00:00Z,204326154123.3798
2022-02-07T00:00:00Z,180443876368.69904
2022-02-06T00:00:00Z,206979740540.56653
2022-02-05T00:00:00Z,157888391822.61166
2022-02-04T00:00:00Z,172483117117.1388
2022-02-03T00:00:00Z,194692668665.49893
2022-02-02T00:00:00Z,202639308202.86624
2022-02-01T00:00:00Z,203963748125.7608
2022-01-31T00:00:00Z,188070469051.02618
2022-01-30T00:00:00Z,193368228742.6044
2022-01-29T00:00:00Z,197341548511.28802
2022-01-28T00:00:00Z,203963748125.7608
2022-01-27T00:00:00Z,173501629899.18613
2022-01-26T00:00:00Z,172177189976.29156
2022-01-25T00:00:00Z,201314868279.97168
2022-01-24T00:00:00Z,198665988434.1826
2022-01-23T00:00:00Z,186746029128.13162
2022-01-22T00:00:00Z,177474949667.86978
2022-01-21T00:00:00Z,177474949667.86978
2022-01-20T00:00:00Z,204748985479.51123
2022-01-19T00:00:00Z,209595115313.34583
2022-01-18T00:00:00Z,164768414350.37592
2022-01-17T00:00:00Z,195056725811.84207
2022-01-16T00:00:00Z,212018180230.26312
2022-01-15T00:00:00Z,201114388104.1353
2022-01-14T00:00:00Z,192633660894.92477
2022-01-13T00:00:00Z,216864310064.09772
2022-01-12T00:00:00Z,168403011725.75186
2022-01-11T00:00:00Z,191422128436.46613
2022-01-10T00:00:00Z,172037609101.12778
2022-01-09T00:00:00Z,170826076642.66916
2022-01-08T00:00:00Z,174460674018.04507
2022-01-07T00:00:00Z,168921783535.36652
2022-01-06T00:00:00Z,176161288544.0251
2022-01-05T00:00:00Z,180987625216.46414
2022-01-04T00:00:00Z,177367872712.13486
2022-01-03T00:00:00Z,168921783535.36652
2022-01-02T00:00:00Z,190640298561.34222
2022-01-01T00:00:00Z,207532476914.87888
2021-12-31T00:00:00Z,178574456880.2446
2021-12-30T00:00:00Z,143583516005.06155
2021-12-29T00:00:00Z,174954704375.91534
2021-12-28T00:00:00Z,161682278526.70795
2021-12-27T00:00:00Z,178574456880.2446
2021-12-26T00:00:00Z,161682278526.70795
2021-12-25T00:00:00Z,177367872712.13486
2021-12-24T00:00:00Z,181615890175.45813
2021-12-23T00:00:00Z,182818644415.0307
2021-12-22T00:00:00Z,126289195155.11989
2021-12-21T00:00:00Z,193643432571.18384
2021-12-20T00:00:00Z,173196610498.45013
2021-12-19T00:00:00Z,179210381696.313
2021-12-18T00:00:00Z,153952542665.289
2021-12-17T00:00:00Z,179210381696.313
2021-12-16T00:00:00Z,138316737550.8456
2021-12-15T00:00:00Z,169588347779.73242
2021-12-14T00:00:00Z,178007627456.74042
2021-12-13T00:00:00Z,168385593540.15985
2021-12-12T00:00:00Z,168385593540.15985
2021-12-11T00:00:00Z,181615890175.45813
2021-12-10T00:00:00Z,173208616559.84082
2021-12-09T00:00:00Z,180980798072.14136
2021-12-08T00:00:00Z,186532356295.21317
2021-12-07T00:00:00Z,170987993270.6121
2021-12-06T00:00:00Z,189863291229.05627
2021-12-05T00:00:00Z,184311733005.98444
2021-12-04T00:00:00Z,169877681625.9977
2021-12-03T00:00:00Z,186532356295.21317
2021-12-02T00:00:00Z,170987993270.6121
2021-12-01T00:00:00Z,151002383667.55353
2021-11-30T00:00:00Z,148781760378.3248
2021-11-29T00:00:00Z,158774565179.85406
2021-11-28T00:00:00Z,154333318601.3966
2021-11-27T00:00:00Z,158926461145.30737
2021-11-26T00:00:00Z,147655080922.23593
2021-11-25T00:00:00Z,145400804877.62164
2021-11-24T00:00:00Z,174706393457.6074
2021-11-23T00:00:00Z,148782218944.54306
2021-11-22T00:00:00Z,158926461145.30737
2021-11-21T00:00:00Z,146527942899.92877
2021-11-20T00:00:00Z,162307875212.2288
2021-11-19T00:00:00Z,154417909056.0788
2021-11-18T00:00:00Z,162307875212.2288
2021-11-17T00:00:00Z,167943565323.76453
2021-11-16T00:00:00Z,169070703346.07166
2021-11-15T00:00:00Z,170197841368.3788
2021-11-14T00:00:00Z,175833531479.91452
2021-11-13T00:00:00Z,164733856364.39633
2021-11-12T00:00:00Z,152890245776.10638
2021-11-11T00:00:00Z,170117315722.70993
2021-11-10T00:00:00Z,160427088877.74545
2021-11-09T00:00:00Z,163657164492.7336
2021-11-08T00:00:00Z,145353402674.46735
2021-11-07T00:00:00Z,163657164492.7336
2021-11-06T00:00:00Z,165810548236.05905
2021-11-05T00:00:00Z,166887240107.72177
2021-11-04T00:00:00Z,152890245776.10638
2021-11-03T00:00:00Z,173347391337.6981
2021-11-02T00:00:00Z,170117315722.70993
2021-11-01T00:00:00Z,158273705134.42
2021-10-31T00:00:00Z,149660170161.11823
2021-10-30T00:00:00Z,154737198729.13266
2021-10-29T00:00:00Z,170710070856.01086
2021-10-28T00:00:00Z,151742285205.34302
2021-10-27T00:00:00Z,156733807744.99243
2021-10-26T00:00:00Z,148747371681.55334
2021-10-25T00:00:00Z,181691420443.23965
2021-10-24T00:00:00Z,152740589713.2729
2021-10-23T00:00:00Z,144754153649.8338
2021-10-22T00:00:00Z,156733807744.99243
2021-10-21T00:00:00Z,146750762665.69357
2021-10-20T00:00:00Z,147749067173.62344
2021-10-19T00:00:00Z,153738894221.2028
2021-10-18T00:00:00Z,147749067173.62344
2021-10-17T00:00:00Z,158222181299.04614
2021-10-16T00:00:00Z,131522188204.8321
2021-10-15T00:00:00Z,139433297269.78442
2021-10-14T00:00:00Z,134488854104.18922
2021-10-13T00:00:00Z,167122178997.1175
2021-10-12T00:00:00Z,132511076837.95114
2021-10-11T00:00:00Z,144377740435.3796
2021-10-10T00:00:00Z,157233292665.9271
2021-10-09T00:00:00Z,145366629068.49863
2021-10-08T00:00:00Z,118666635974.2846
2021-10-07T00:00:00Z,139433297269.78442
2021-10-06T00:00:00Z,129544410938.59402
2021-10-05T00:00:00Z,162177735831.52228
2021-10-04T00:00:00Z,154266626766.56998
2021-10-03T00:00:00Z,141656679671.69815
2021-10-02T00:00:00Z,177543038521.8617
2021-10-01T00:00:00Z,132212901026.91827
2021-09-30T00:00:00Z,161488614825.7359
2021-09-29T00:00:00Z,122769122382.1384
2021-09-28T00:00:00Z,142601057536.17615
2021-09-27T00:00:00Z,146378568994.0881
2021-09-26T00:00:00Z,131268523162.44029
2021-09-25T00:00:00Z,135990412484.83023
2021-09-24T00:00:00Z,138823546078.2642
2021-09-23T00:00:00Z,155822347638.86798
2021-09-22T00:00:00Z,126546633840.05035
2021-09-21T00:00:00Z,115214099466.3145
2021-09-20T00:00:00Z,150129275469.0283
2021-09-19T00:00:00Z,146467585823.44223
2021-09-18T00:00:00Z,141890473766.45966
2021-09-17T00:00:00Z,133651672063.89104
2021-09-16T00:00:00Z,123582025538.52937
2021-09-15T00:00:00Z,129989982418.30498
2021-09-14T00:00:00Z,152875542703.21783
2021-09-13T00:00:00Z,143721318589.2527
2021-09-12T00:00:00Z,134567094475.28755
2021-09-11T00:00:00Z,135482516886.68407
2021-09-10T00:00:00Z,124497447949.92589
2021-09-09T00:00:00Z,125412870361.3224
2021-09-08T00:00:00Z,129989982418.30498
2021-09-07T00:00:00Z,133974150413.36028
2021-09-06T00:00:00Z,150611463209.79065
2021-09-05T00:00:00Z,143606278874.45154
2021-09-04T00:00:00Z,135725446497.19505
2021-09-03T00:00:00Z,128720262161.85596
2021-09-02T00:00:00Z,130471558245.69072
2021-09-01T00:00:00Z,119963781742.68208
2021-08-31T00:00:00Z,126093318036.10379
2021-08-30T00:00:00Z,118212485658.8473
2021-08-29T00:00:00Z,136601094539.11244
2021-08-28T00:00:00Z,123466373910.35162
2021-08-27T00:00:00Z,127844614119.93857
2021-08-26T00:00:00Z,127844614119.93857
2021-08-25T00:00:00Z,140103686706.78198
2021-08-24T00:00:00Z,119087832415.98033
2021-08-23T00:00:00Z,152339629778.8839
2021-08-22T00:00:00Z,126820808546.88814
2021-08-21T00:00:00Z,131460594225.43283
2021-08-20T00:00:00Z,123727618094.52501
2021-08-19T00:00:00Z,119087832415.98033
2021-08-18T00:00:00Z,104395177767.25548
2021-08-17T00:00:00Z,133007189451.6144
2021-08-16T00:00:00Z,124500915707.6158
2021-08-15T00:00:00Z,140740165582.52222
2021-08-14T00:00:00Z,126820808546.88814
2021-08-13T00:00:00Z,109808261058.89095
2021-08-12T00:00:00Z,108813934542.0046
2021-08-11T00:00:00Z,105931446209.76605
2021-08-10T00:00:00Z,118902643704.83946
2021-08-09T00:00:00Z,109534556625.06422
2021-08-08T00:00:00Z,113858289123.42203
2021-08-07T00:00:00Z,120343887870.95872
2021-08-06T00:00:00Z,114578911206.48166
2021-08-05T00:00:00Z,115299533289.54129
2021-08-04T00:00:00Z,98004603296.11009
2021-08-03T00:00:00Z,121785132037.07799
2021-08-02T00:00:00Z,103048957877.52753
2021-08-01T00:00:00Z,110975800791.18349
2021-07-31T00:00:00Z,113858289123.42203
2021-07-30T00:00:00Z,112824945741.12805
2021-07-29T00:00:00Z,108746935654.09932
2021-07-28T00:00:00Z,106707930610.58496
2021-07-27T00:00:00Z,115543619132.48053
2021-07-26T00:00:00Z,101950252175.71811
2021-07-25T00:00:00Z,103989257219.23248
2021-07-24T00:00:00Z,104668925567.0706
2021-07-23T00:00:00Z,91755226958.1463
2021-07-22T00:00:00Z,103989257219.23248
2021-07-21T00:00:00Z,98551910436.52751
2021-07-20T00:00:00Z,82919538436.25073
2021-07-19T00:00:00Z,115543619132.48053
2021-07-18T00:00:00Z,97872242088.68939
2021-07-17T00:00:00Z,97192573740.85127
2021-07-16T00:00:00Z,107098481840.23941
2021-07-15T00:00:00Z,91390704503.67096
2021-07-14T00:00:00Z,121378279418.93799
2021-07-13T00:00:00Z,97102623535.15039
2021-07-12T00:00:00Z,89962724745.8011
2021-07-11T00:00:00Z,89248734866.86617
2021-07-10T00:00:00Z,114952370508.52362
2021-07-09T00:00:00Z,93532674140.47575
2021-07-08T00:00:00Z,99244593171.95518
2021-07-07T00:00:00Z,87820755108.9963
2021-07-06T00:00:00Z,101386562808.75996
2021-07-05T00:00:00Z,94246664019.41068
2021-07-04T00:00:00Z,82108836077.51688
2021-07-03T00:00:00Z,90676714624.73602
2021-07-02T00:00:00Z,89177797479.26637
2021-07-01T00:00:00Z,95122983977.88412
2021-06-30T00:00:00Z,87196068646.39378
2021-06-29T00:00:00Z,89177797479.26637
2021-06-28T00:00:00Z,87196068646.39378
2021-06-27T00:00:00Z,57470136153.30499
2021-06-26T00:00:00Z,88186933062.83008
2021-06-25T00:00:00Z,108995085807.99223
2021-06-24T00:00:00Z,104040763725.81076
2021-06-23T00:00:00Z,100077306060.0656
2021-06-22T00:00:00Z,90168661895.70267
2021-06-21T00:00:00Z,104040763725.81076
2021-06-20T00:00:00Z,104040763725.81076
2021-06-19T00:00:00Z,102059034892.93817
2021-06-18T00:00:00Z,122867187638.10033
2021-06-17T00:00:00Z,128812374136.71808
2021-06-16T00:00:00Z,121876323221.66403
2021-06-15T00:00:00Z,129803238553.15437
2021-06-14T00:00:00Z,133766696218.89955
2021-06-13T00:00:00Z,130794102969.59067
2021-06-12T00:00:00Z,138110063763.98422
2021-06-11T00:00:00Z,109860277994.07835
2021-06-10T00:00:00Z,123462026698.10712
2021-06-09T00:00:00Z,131832333592.89403
2021-06-08T00:00:00Z,155896965915.40643
2021-06-07T00:00:00Z,139156352125.83258
2021-06-06T00:00:00Z,156943254277.2548
2021-06-05T00:00:00Z,137063775402.13586
2021-06-04T00:00:00Z,137063775402.13586
2021-06-03T00:00:00Z,153804389191.70972
2021-06-02T00:00:00Z,173683868066.82864
2021-06-01T00:00:00Z,148572947382.46786
2021-05-31T00:00:00Z,147526659020.6195
2021-05-30T00:00:00Z,150665524106.1646
2021-05-29T00:00:00Z,144427847559.87256
2021-05-28T00:00:00Z,148163050514.0072
2021-05-27T00:00:00Z,145672915211.2508
2021-05-26T00:00:00Z,151898253468.14185
2021-05-25T00:00:00Z,153143321119.52005
2021-05-24T00:00:00Z,156878524073.6547
2021-05-23T00:00:00Z,148163050514.0072
2021-05-22T00:00:00Z,144427847559.87256
2021-05-21T00:00:00Z,136957441651.6033
2021-05-20T00:00:00Z,139447576954.3597
2021-05-19T00:00:00Z,155633456422.27646
2021-05-18T00:00:00Z,124506765137.82118
2021-05-17T00:00:00Z,150653185816.76364
2021-05-16T00:00:00Z,164348929981.92395
2021-05-15T00:00:00Z,153143321119.52005
2021-05-14T00:00:00Z,166839065284.6804
2021-05-13T00:00:00Z,200455891871.8921
2021-05-12T00:00:00Z,176209059881.34256
2021-05-11T00:00:00Z,176209059881.34256
2021-05-10T00:00:00Z,184404830108.38174
2021-05-09T00:00:00Z,190551657778.66113
2021-05-08T00:00:00Z,175184588602.96265
2021-05-07T00:00:00Z,176209059881.34256
2021-05-06T00:00:00Z,174160117324.58276
2021-05-05T00:00:00Z,160841990705.64407
2021-05-04T00:00:00Z,185429301386.76166
2021-05-03T00:00:00Z,181331416273.24207
2021-05-02T00:00:00Z,189527186500.28125
2021-05-01T00:00:00Z,142401507694.8059
2021-04-30T00:00:00Z,169978665114.99063
2021-04-29T00:00:00Z,143016532027.78522
2021-04-28T00:00:00Z,166461865147.09427
2021-04-27T00:00:00Z,166461865147.09427
2021-04-26T00:00:00Z,133638398780.0616
2021-04-25T00:00:00Z,165289598491.1288
2021-04-24T00:00:00Z,169978665114.99063
2021-04-23T00:00:00Z,158255998555.3361
2021-04-22T00:00:00Z,167634131803.05972
2021-04-21T00:00:00Z,118398932252.51071
2021-04-20T00:00:00Z,150050131963.57794
2021-04-19T00:00:00Z,113709865628.6489
2021-04-18T00:00:00Z,145361065339.71613
2021-04-17T00:00:00Z,106676265692.85619
2021-04-16T00:00:00Z,120743465564.44162
2021-04-15T00:00:00Z,201629864826.05783
2021-04-14T00:00:00Z,155272729188.54782
2021-04-13T00:00:00Z,163323907739.06512
2021-04-12T00:00:00Z,165624244467.78433
2021-04-11T00:00:00Z,166774412832.14395
2021-04-10T00:00:00Z,180576433204.45932
2021-04-09T00:00:00Z,174825591382.66125
2021-04-08T00:00:00Z,154122560824.1882
2021-04-07T00:00:00Z,180576433204.45932
2021-04-06T00:00:00Z,165624244467.78433
2021-04-05T00:00:00Z,179426264840.0997
2021-04-04T00:00:00Z,167924581196.50357
2021-04-03T00:00:00Z,150672055731.10938
2021-04-02T00:00:00Z,161023571010.3459
2021-04-01T00:00:00Z,157606703969.9866
2021-03-31T00:00:00Z,170650017401.9855
2021-03-30T00:00:00Z,158693646755.9865
2021-03-29T00:00:00Z,164128360685.98605
2021-03-28T00:00:00Z,172823902973.98532
2021-03-27T00:00:00Z,172823902973.98532
2021-03-26T00:00:00Z,147824218895.98743
2021-03-25T00:00:00Z,167389189043.98578
2021-03-24T00:00:00Z,165215303471.98596
2021-03-23T00:00:00Z,174997788545.98514
2021-03-22T00:00:00Z,164128360685.98605
2021-03-21T00:00:00Z,169563074615.9856
2021-03-20T00:00:00Z,167389189043.98578
2021-03-19T00:00:00Z,160867532327.98633
2021-03-18T00:00:00Z,162062349930.207
2021-03-17T00:00:00Z,145003155200.71152
2021-03-16T00:00:00Z,158863750918.4266
2021-03-15T00:00:00Z,157797551247.83313
2021-03-14T00:00:00Z,167393348283.17435
2021-03-13T00:00:00Z,152466552894.86578
2021-03-12T00:00:00Z,159929950589.02005
2021-03-11T00:00:00Z,140738356518.33765
2021-03-10T00:00:00Z,158863750918.4266
2021-03-09T00:00:00Z,149267953883.0854
2021-03-08T00:00:00Z,165260948941.9874
2021-03-07T00:00:00Z,155665151906.6462
2021-03-06T00:00:00Z,162062349930.207
2021-03-05T00:00:00Z,160906977899.41776
2021-03-04T00:00:00Z,138228813229.03
2021-03-03T00:00:00Z,164146715709.47314
2021-03-02T00:00:00Z,154427502279.30695
2021-03-01T00:00:00Z,140388638435.7336
2021-02-28T00:00:00Z,141468551039.0854
2021-02-27T00:00:00Z,169546278726.23212
2021-02-26T00:00:00Z,150107851865.89978
2021-02-25T00:00:00Z,168466366122.8803
2021-02-24T00:00:00Z,171706103932.9357
2021-02-23T00:00:00Z,137148900625.6782
2021-02-22T00:00:00Z,143628376245.789
2021-02-21T00:00:00Z,152267677072.60336
2021-02-20T00:00:00Z,157667240089.36234
2021-02-19T00:00:00Z,165226628312.82492
2021-02-18T00:00:00Z,145974815554.40518
2021-02-17T00:00:00Z,147040325156.9921
2021-02-16T00:00:00Z,128926661913.0148
2021-02-15T00:00:00Z,161957459593.20868
2021-02-14T00:00:00Z,157695421182.86108
2021-02-13T00:00:00Z,167285007606.1432
2021-02-12T00:00:00Z,151302363567.3397
2021-02-11T00:00:00Z,137450738733.71
2021-02-10T00:00:00Z,152367873169.92657
2021-02-09T00:00:00Z,152367873169.92657
2021-02-08T00:00:00Z,172612555619.07767
2021-02-07T00:00:00Z,166219498003.55627
2021-02-06T00:00:00Z,169416026811.317
2021-02-05T00:00:00Z,174939225831.10297
2021-02-04T00:00:00Z,165622935698.08563
2021-02-03T00:00:00Z,155271502216.9553
2021-02-02T00:00:00Z,158376932261.2944
2021-02-01T00:00:00Z,123182058425.45119
2021-01-31T00:00:00Z,149060642128.27707
2021-01-30T00:00:00Z,140779495343.3728
2021-01-29T00:00:00Z,157341788913.18137
2021-01-28T00:00:00Z,150095785476.3901
2021-01-27T00:00:00Z,146990355432.051
2021-01-26T00:00:00Z,166658079046.19867
2021-01-25T00:00:00Z,144920068735.82492
2021-01-24T00:00:00Z,143884925387.7119
2021-01-23T00:00:00Z,161482362305.63348
2021-01-22T00:00:00Z,144440445159.70203
2021-01-21T00:00:00Z,132147641316.32314
2021-01-20T00:00:00Z,144440445159.70203
2021-01-19T00:00:00Z,152635647721.95462
2021-01-18T00:00:00Z,148538046440.82834
2021-01-17T00:00:00Z,136245242597.44943
2021-01-16T00:00:00Z,150586847081.39148
2021-01-15T00:00:00Z,158782049643.64407
2021-01-14T00:00:00Z,150586847081.39148
2021-01-13T00:00:00Z,155708848682.79935
2021-01-12T00:00:00Z,151611247401.67307
2021-01-11T00:00:00Z,157757649323.36252
2021-01-10T00:00:00Z,162879650924.7704
2021-01-09T00:00:00Z,142391644519.1389
2021-01-08T00:00:00Z,136839436243.98817
2021-01-07T00:00:00Z,155331251952.63522
2021-01-06T00:00:00Z,163652569021.5264
2021-01-05T00:00:00Z,145160753312.87933
2021-01-04T00:00:00Z,159954205879.797
2021-01-03T00:00:00Z,146085344098.3117
2021-01-02T00:00:00Z,139613208600.28522
2021-01-01T00:00:00Z,137764027029.42053
2020-12-31T00:00:00Z,153482070381.7705
2020-12-30T00:00:00Z,159029615094.36462
2020-12-29T00:00:00Z,140537799385.7176
2020-12-28T00:00:00Z,147934525669.1764
2020-12-27T00:00:00Z,137358668734.16422
2020-12-26T00:00:00Z,127149578490.40877
2020-12-25T00:00:00Z,133646272281.88951
2020-12-24T00:00:00Z,116940488246.65332
2020-12-23T00:00:00Z,142927263412.5763
2020-12-22T00:00:00Z,132718173168.82083
2020-12-21T00:00:00Z,126221479377.34009
2020-12-20T00:00:00Z,140142966073.37024
2020-12-19T00:00:00Z,146639659864.85098
2020-12-18T00:00:00Z,145711560751.78232
2020-12-17T00:00:00Z,119724785585.85934
2020-12-16T00:00:00Z,132718173168.82083
2020-12-15T00:00:00Z,129933875829.6148
2020-12-14T00:00:00Z,134574371394.95819
2020-12-13T00:00:00Z,144783461638.71362
2020-12-12T00:00:00Z,125704567124.6474
2020-12-11T00:00:00Z,131418411084.85864
2020-12-10T00:00:00Z,123799952471.24365
2020-12-09T00:00:00Z,132370718411.56052
2020-12-08T00:00:00Z,137132255045.06989
2020-12-07T00:00:00Z,142846099005.28113
2020-12-06T00:00:00Z,129513796431.4549
2020-12-05T00:00:00Z,137132255045.06989
2020-12-04T00:00:00Z,137132255045.06989
2020-12-03T00:00:00Z,149512250292.19424
2020-12-02T00:00:00Z,124752259797.94553
2020-12-01T00:00:00Z,144750713658.68488
2020-11-30T00:00:00Z,107610727917.31178
2020-11-29T00:00:00Z,142846099005.28113
2020-11-28T00:00:00Z,134710225694.69821
2020-11-27T00:00:00Z,134710225694.69821
2020-11-26T00:00:00Z,131211258793.53722
2020-11-25T00:00:00Z,135584967419.98846
2020-11-24T00:00:00Z,118964874639.47375
2020-11-23T00:00:00Z,128587033617.66647
2020-11-22T00:00:00Z,152205060200.50317
2020-11-21T00:00:00Z,147831351574.05194
2020-11-20T00:00:00Z,146956609848.7617
2020-11-19T00:00:00Z,119839616364.76399
2020-11-18T00:00:00Z,147831351574.05194
2020-11-17T00:00:00Z,137334450870.56895
2020-11-16T00:00:00Z,139958676046.4397
2020-11-15T00:00:00Z,125178757633.88266
2020-11-14T00:00:00Z,118502557226.74225
2020-11-13T00:00:00Z,115998982074.06459
2020-11-12T00:00:00Z,133524008142.80817
2020-11-11T00:00:00Z,122675182481.205
2020-11-10T00:00:00Z,122675182481.205
2020-11-09T00:00:00Z,154387134415.12195
2020-11-08T00:00:00Z,115164457023.17204
2020-11-07T00:00:00Z,121840657430.31245
2020-11-06T00:00:00Z,127682332786.56032
2020-11-05T00:00:00Z,122675182481.205
2020-11-04T00:00:00Z,132689483091.91562
2020-11-03T00:00:00Z,116833507124.95715
2020-11-02T00:00:00Z,94436931595.03032
2020-11-01T00:00:00Z,124259120519.77673
2020-10-31T00:00:00Z,112330244949.87817
2020-10-30T00:00:00Z,110342099021.56174
2020-10-29T00:00:00Z,107359880129.0871
2020-10-28T00:00:00Z,99407296415.8214
2020-10-27T00:00:00Z,98413223451.66318
2020-10-26T00:00:00Z,109348026057.40353
2020-10-25T00:00:00Z,116306536806.51103
2020-10-24T00:00:00Z,151099090552.04852
2020-10-23T00:00:00Z,130223558304.72601
2020-10-22T00:00:00Z,136187996089.67531
2020-10-21T00:00:00Z,129229485340.56781
2020-10-20T00:00:00Z,143146506838.7828
2020-10-19T00:00:00Z,124259120519.77673
2020-10-18T00:00:00Z,119288755698.98567
2020-10-17T00:00:00Z,156069455372.83957
2020-10-16T00:00:00Z,148693533191.6083
2020-10-15T00:00:00Z,144856280722.14746
2020-10-14T00:00:00Z,142937654487.41702
2020-10-13T00:00:00Z,159245977482.62567
2020-10-12T00:00:00Z,142937654487.41702
2020-10-11T00:00:00Z,134303836431.1301
2020-10-10T00:00:00Z,137181775783.22574
2020-10-09T00:00:00Z,136222462665.86052
2020-10-08T00:00:00Z,155408725013.16483
2020-10-07T00:00:00Z,144856280722.14746
2020-10-06T00:00:00Z,124710705257.47794
2020-10-05T00:00:00Z,134303836431.1301
2020-10-04T00:00:00Z,151571472543.70395
2020-10-03T00:00:00Z,144980653425.34848
2020-10-02T00:00:00Z,130578601760.57878
2020-10-01T00:00:00Z,119056960428.763
2020-09-30T00:00:00Z,149781337313.60507
2020-09-29T00:00:00Z,135379285648.83534
2020-09-28T00:00:00Z,123857644317.01958
2020-09-27T00:00:00Z,145940790202.99982
2020-09-26T00:00:00Z,144020516647.69717
2020-09-25T00:00:00Z,162263115423.07214
2020-09-24T00:00:00Z,131538738538.23009
2020-09-23T00:00:00Z,136339422426.48666
2020-09-22T00:00:00Z,123857644317.01958
2020-09-21T00:00:00Z,139219832759.4406
2020-09-20T00:00:00Z,136339422426.48666
2020-09-19T00:00:00Z,128478859961.22716
2020-09-18T00:00:00Z,142275247608.07034
2020-09-17T00:00:00Z,153484812571.13043
2020-09-16T00:00:00Z,133652505328.79335
2020-09-15T00:00:00Z,134514779556.72105
2020-09-14T00:00:00Z,151760264115.27502
2020-09-13T00:00:00Z,139688424924.28723
2020-09-12T00:00:00Z,146586618747.70883
2020-09-11T00:00:00Z,118993843454.02246
2020-09-10T00:00:00Z,136239328012.57645
2020-09-09T00:00:00Z,128478859961.22716
2020-09-08T00:00:00Z,133652505328.79335
2020-09-07T00:00:00Z,150897989887.34732
2020-09-06T00:00:00Z,130921885189.99884
2020-09-05T00:00:00Z,123066572078.5989
2020-09-04T00:00:00Z,117829696670.99896
2020-09-03T00:00:00Z,112592821263.399
2020-09-02T00:00:00Z,125685009782.39888
2020-09-01T00:00:00Z,134413135461.73215
2020-08-31T00:00:00Z,130921885189.99884
2020-08-30T00:00:00Z,110847196127.53235
2020-08-29T00:00:00Z,127430634918.26553
2020-08-28T00:00:00Z,142268448573.13208
2020-08-27T00:00:00Z,112592821263.399
2020-08-26T00:00:00Z,123939384646.53224
2020-08-25T00:00:00Z,111720008695.46568
2020-08-24T00:00:00Z,130049072622.06552
2020-08-23T00:00:00Z,132269332313.07391
2020-08-22T00:00:00Z,114577256016.42072
2020-08-21T00:00:00Z,130584372665.7736
2020-08-20T00:00:00Z,123002054252.92224
2020-08-19T00:00:00Z,116262215663.72102
2020-08-18T00:00:00Z,117947175311.02133
2020-08-17T00:00:00Z,105309977956.26904
2020-08-16T00:00:00Z,128056933194.82315
2020-08-15T00:00:00Z,131426852489.42377
2020-08-14T00:00:00Z,140694130549.57544
2020-08-13T00:00:00Z,123844534076.57239
2020-08-12T00:00:00Z,132269332313.07391
2020-08-11T00:00:00Z,129741892842.12346
2020-08-10T00:00:00Z,115419735840.07086
2020-08-09T00:00:00Z,130649505528.66599
2020-08-08T00:00:00Z,118924549904.29852
2020-08-07T00:00:00Z,127299518207.41814
2020-08-06T00:00:00Z,130649505528.66599
2020-08-05T00:00:00Z,108037091110.24303
2020-08-04T00:00:00Z,121437040395.2344
2020-08-03T00:00:00Z,135674486510.53775
2020-08-02T00:00:00Z,118087053073.98656
2020-08-01T00:00:00Z,114737065752.73871
2020-07-31T00:00:00Z,128137015037.7301
2020-07-30T00:00:00Z,113062072092.11479
2020-07-29T00:00:00Z,123949530886.17029
2020-07-28T00:00:00Z,121437040395.2344
2020-07-27T00:00:00Z,124787027716.48225
2020-07-26T00:00:00Z,136238943678.65785
2020-07-25T00:00:00Z,122442594951.70517
2020-07-24T00:00:00Z,138825759064.9615
2020-07-23T00:00:00Z,117268964179.0979
2020-07-22T00:00:00Z,124167138542.57425
2020-07-21T00:00:00Z,107783974429.31793
2020-07-20T00:00:00Z,121580323156.27061
2020-07-19T00:00:00Z,112957605201.92519
2020-07-18T00:00:00Z,112095333406.49065
2020-07-17T00:00:00Z,101748071861.27612
2020-07-16T00:00:00Z,117268964179.0979
2020-07-15T00:00:00Z,118993507769.967
2020-07-14T00:00:00Z,124167138542.57425
2020-07-13T00:00:00Z,126753953928.87788
2020-07-12T00:00:00Z,119264931938.04468
2020-07-11T00:00:00Z,122403482778.51953
2020-07-10T00:00:00Z,126326671329.1131
2020-07-09T00:00:00Z,128680584459.46925
2020-07-08T00:00:00Z,118480294227.92595
2020-07-07T00:00:00Z,126326671329.1131
2020-07-06T00:00:00Z,120834207358.2821
2020-07-05T00:00:00Z,127895946749.35054
2020-07-04T00:00:00Z,123188120488.63824
2020-07-03T00:00:00Z,127895946749.35054
2020-07-02T00:00:00Z,128680584459.46925
2020-07-01T00:00:00Z,127111309039.23183
2020-06-30T00:00:00Z,115341743387.4511
2020-06-29T00:00:00Z,113776264841.70622
2020-06-28T00:00:00Z,117699584319.00644
2020-06-27T00:00:00Z,108283617573.48593
2020-06-26T00:00:00Z,128684878855.44704
2020-06-25T00:00:00Z,110637609259.86606
2020-06-24T00:00:00Z,109068281468.94597
2020-06-23T00:00:00Z,123976895482.68678
2020-06-22T00:00:00Z,112206937050.78613
2020-06-21T00:00:00Z,114560928737.16628
2020-06-20T00:00:00Z,107498953678.02588
2020-06-19T00:00:00Z,112206937050.78613
2020-06-18T00:00:00Z,96513659141.58528
2020-06-17T00:00:00Z,108283617573.48593
2020-06-16T00:00:00Z,117699584319.00644
2020-06-15T00:00:00Z,94204171765.80739
2020-06-14T00:00:00Z,116048617392.66127
2020-06-13T00:00:00Z,107856950282.59106
2020-06-12T00:00:00Z,111270144911.78699
2020-06-11T00:00:00Z,126288201280.24904
2020-06-10T00:00:00Z,111952783837.62617
2020-06-09T00:00:00Z,109222228134.26944
2020-06-08T00:00:00Z,110587505985.9478
2020-06-07T00:00:00Z,108539589208.43025
2020-06-06T00:00:00Z,133797229464.48006
2020-06-05T00:00:00Z,122192367725.21393
2020-06-04T00:00:00Z,103078477801.71678
2020-06-03T00:00:00Z,104599753395.37027
2020-06-02T00:00:00Z,97074591280.59543
2020-06-01T00:00:00Z,100837172337.98285
2020-05-31T00:00:00Z,112877431721.6226
2020-05-30T00:00:00Z,117392528990.4875
2020-05-29T00:00:00Z,95569558857.64047
2020-05-28T00:00:00Z,98579623703.5504
2020-05-27T00:00:00Z,103847237183.89279
2020-05-26T00:00:00Z,93312010223.20801
2020-05-25T00:00:00Z,94064526434.6855
2020-05-24T00:00:00Z,87291880531.38814
2020-05-23T00:00:00Z,89549429165.8206
2020-05-22T00:00:00Z,83529299474.00072
2020-05-21T00:00:00Z,98579623703.5504
2020-05-20T00:00:00Z,86539364319.91066
2020-05-19T00:00:00Z,92066047080.47845
2020-05-18T00:00:00Z,102473513272.18471
2020-05-17T00:00:00Z,81658580888.77219
2020-05-16T00:00:00Z,100872364627.30682
2020-05-15T00:00:00Z,100071790304.86789
2020-05-14T00:00:00Z,91265472758.0395
2020-05-13T00:00:00Z,95268344370.23422
2020-05-12T00:00:00Z,116883851076.0857
2020-05-11T00:00:00Z,125690168622.91406
2020-05-10T00:00:00Z,136097634814.62032
2020-05-09T00:00:00Z,108878107851.69626
2020-05-08T00:00:00Z,109678682174.1352
2020-05-07T00:00:00Z,117684425398.52463
2020-05-06T00:00:00Z,123288445655.59723
2020-05-05T00:00:00Z,126490742945.353
2020-05-04T00:00:00Z,125342807808.3057
2020-05-03T00:00:00Z,133275896910.0972
2020-05-02T00:00:00Z,117409718706.5142
2020-05-01T00:00:00Z,111856556335.26015
2020-04-30T00:00:00Z,107096702874.18526
2020-04-29T00:00:00Z,115029791975.97675
2020-04-28T00:00:00Z,122169572167.5891
2020-04-27T00:00:00Z,111856556335.26015
2020-04-26T00:00:00Z,108683320694.54355
2020-04-25T00:00:00Z,107890011784.3644
2020-04-24T00:00:00Z,114236483065.7976
2020-04-23T00:00:00Z,112649865245.4393
2020-04-22T00:00:00Z,103923467233.46864
2020-04-21T00:00:00Z,118203027616.69334
2020-04-20T00:00:00Z,117771058636.68547
2020-04-19T00:00:00Z,111187583309.16888
2020-04-18T00:00:00Z,115576566860.8466
2020-04-17T00:00:00Z,92900151843.84506
2020-04-16T00:00:00Z,112650577826.39479
2020-04-15T00:00:00Z,123623036705.5891
2020-04-14T00:00:00Z,122891539446.97614
2020-04-13T00:00:00Z,125086031222.815
2020-04-12T00:00:00Z,111919080567.78185
2020-04-11T00:00:00Z,116308064119.45956
2020-04-10T00:00:00Z,119234053153.91138
2020-04-09T00:00:00Z,112650577826.39479
2020-04-08T00:00:00Z,105335605240.26526
2020-04-07T00:00:00Z,116188014045.9037
2020-04-06T00:00:00Z,88524201177.83139
2020-04-05T00:00:00Z,121029181297.81635
2020-04-04T00:00:00Z,108580465507.1838
2020-04-03T00:00:00Z,91290582464.63863
2020-04-02T00:00:00Z,105814084220.37659
2020-04-01T00:00:00Z,105814084220.37659
2020-03-31T00:00:00Z,109963656150.58743
2020-03-30T00:00:00Z,101664512290.16574
2020-03-29T00:00:00Z,104430893576.97296
2020-03-28T00:00:00Z,93365368429.74405
2020-03-27T00:00:00Z,107197274863.7802
2020-03-26T00:00:00Z,110655251472.28923
2020-03-25T00:00:00Z,75702228848.9085
2020-03-24T00:00:00Z,108616241391.91219
2020-03-23T00:00:00Z,92159235120.41034
2020-03-22T00:00:00Z,104501989824.03673
2020-03-21T00:00:00Z,102033438883.31145
2020-03-20T00:00:00Z,89690684179.68506
2020-03-19T00:00:00Z,88044983552.53488
2020-03-18T00:00:00Z,82285031357.50923
2020-03-17T00:00:00Z,101210588569.73636
2020-03-16T00:00:00Z,97919187315.43599
2020-03-15T00:00:00Z,97919187315.43599
2020-03-14T00:00:00Z,105324840137.61182
2020-03-13T00:00:00Z,102856289196.88654
2020-03-12T00:00:00Z,124250397349.83894
2020-03-11T00:00:00Z,97919187315.43599
2020-03-10T00:00:00Z,108616241391.91219
2020-03-09T00:00:00Z,123427547036.26384
2020-03-08T00:00:00Z,121637665569.9356
2020-03-07T00:00:00Z,120867806927.08789
2020-03-06T00:00:00Z,119328089641.3925
2020-03-05T00:00:00Z,104700775427.28633
2020-03-04T00:00:00Z,128566393355.56483
2020-03-03T00:00:00Z,117788372355.69711
2020-03-02T00:00:00Z,114708937784.30634
2020-03-01T00:00:00Z,136264979784.04176
2020-02-29T00:00:00Z,107010351355.8294
2020-02-28T00:00:00Z,121637665569.93558
2020-02-27T00:00:00Z,113169220498.61095
2020-02-26T00:00:00Z,104700775427.28632
2020-02-25T00:00:00Z,111287941036.95854
2020-02-24T00:00:00Z,108969442265.35524
2020-02-23T00:00:00Z,109742275189.223
2020-02-22T00:00:00Z,114379272732.42961
2020-02-21T00:00:00Z,119016270275.63622
2020-02-20T00:00:00Z,97376948407.33873
2020-02-19T00:00:00Z,108969442265.35524
2020-02-18T00:00:00Z,115924938580.16515
2020-02-17T00:00:00Z,121334769047.23952
2020-02-16T00:00:00Z,109742275189.223
2020-02-15T00:00:00Z,109742275189.223
2020-02-14T00:00:00Z,104332444722.14864
2020-02-13T00:00:00Z,108969442265.35524
2020-02-12T00:00:00Z,109742275189.223
2020-02-11T00:00:00Z,114379272732.42961
2020-02-10T00:00:00Z,93796521681.00383
2020-02-09T00:00:00Z,117630064075.35727
2020-02-08T00:00:00Z,106866528800.48798
2020-02-07T00:00:00Z,106866528800.48798
2020-02-06T00:00:00Z,103791233007.66818
2020-02-05T00:00:00Z,122243007764.58696
2020-02-04T00:00:00Z,101484761163.05333
2020-02-03T00:00:00Z,113785944334.33252
2020-02-02T00:00:00Z,109941824593.30777
2020-02-01T00:00:00Z,116092416178.94737
2020-01-31T00:00:00Z,110710648541.51273
2020-01-30T00:00:00Z,119936535919.97212
2020-01-29T00:00:00Z,123011831712.79192
2020-01-28T00:00:00Z,109173000645.10283
2020-01-27T00:00:00Z,94755300650.58089
2020-01-26T00:00:00Z,105038821651.41911
2020-01-25T00:00:00Z,120464103152.67647
2020-01-24T00:00:00Z,111649656580.52942
2020-01-23T00:00:00Z,116791417080.94853
2020-01-22T00:00:00Z,114587805437.91176
2020-01-21T00:00:00Z,112384193794.875
2020-01-20T00:00:00Z,111649656580.52942
2020-01-19T00:00:00Z,110180582151.83824
2020-01-18T00:00:00Z,96958912293.61765
2020-01-17T00:00:00Z,116791417080.94853
2020-01-16T00:00:00Z,116791417080.94853
2020-01-15T00:00:00Z,110915119366.18382
2020-01-14T00:00:00Z,106507896080.11029
2020-01-13T00:00:00Z,98089600841.6344
2020-01-12T00:00:00Z,103577130958.64891
2020-01-11T00:00:00Z,111808426134.17068
2020-01-10T00:00:00Z,102205248429.39528
2020-01-09T00:00:00Z,107692778546.40979
2020-01-08T00:00:00Z,97403659577.00758
2020-01-07T00:00:00Z,120725662574.31926
2020-01-06T00:00:00Z,92602070724.61989
2020-01-05T00:00:00Z,111808426134.17068
2020-01-04T00:00:00Z,115238132457.30475
2020-01-03T00:00:00Z,115924073721.93156
2020-01-02T00:00:00Z,96717718312.38077
2020-01-01T00:00:00Z,119353780045.06563
2019-12-31T00:00:00Z,93333320190.55547
2019-12-30T00:00:00Z,106850559666.42902
2019-12-29T00:00:00Z,99770100893.3524
2019-12-28T00:00:00Z,95908032471.67424
2019-12-27T00:00:00Z,93333320190.55547
2019-12-26T00:00:00Z,107494237736.70871
2019-12-25T00:00:00Z,82390792995.80069
2019-12-24T00:00:00Z,80459758784.96161
2019-12-23T00:00:00Z,92045964049.99608
2019-12-22T00:00:00Z,108781593877.2681
2019-12-21T00:00:00Z,113287340369.22595
2019-12-20T00:00:00Z,100413778963.6321
2019-12-19T00:00:00Z,101057457033.91179
2019-12-18T00:00:00Z,85774913162.34146
2019-12-17T00:00:00Z,90255692208.13542
2019-12-16T00:00:00Z,100497472884.23589
2019-12-15T00:00:00Z,79373800239.77867
2019-12-14T00:00:00Z,96656805130.69821
2019-12-13T00:00:00Z,97296916422.9545
2019-12-12T00:00:00Z,85134801870.08517
2019-12-11T00:00:00Z,84494690577.8289
2019-12-10T00:00:00Z,94736471253.92937
2019-12-09T00:00:00Z,94736471253.92937
2019-12-08T00:00:00Z,94736471253.92937
2019-12-07T00:00:00Z,99217250299.72333
2019-12-06T00:00:00Z,92816137377.16054
2019-12-05T00:00:00Z,92816137377.16054
2019-12-04T00:00:00Z,107698810682.30035
2019-12-03T00:00:00Z,101894683160.49973
2019-12-02T00:00:00Z,93510943406.78772
2019-12-01T00:00:00Z,89641525058.92065
2019-11-30T00:00:00Z,81257785305.20865
2019-11-29T00:00:00Z,87706815884.9871
2019-11-28T00:00:00Z,105119198450.38896
2019-11-27T00:00:00Z,89641525058.92065
2019-11-26T00:00:00Z,78678173073.29726
2019-11-25T00:00:00Z,80612882247.2308
2019-11-24T00:00:00Z,84482300595.09789
2019-11-23T00:00:00Z,111568229030.16742
2019-11-22T00:00:00Z,85127203653.07573
2019-11-21T00:00:00Z,88351718942.96495
2019-11-20T00:00:00Z,89788714597.58537
2019-11-19T00:00:00Z,92950289055.24683
2019-11-18T00:00:00Z,88524084814.5208
2019-11-17T00:00:00Z,97376493295.97287
2019-11-16T00:00:00Z,93582603946.77913
2019-11-15T00:00:00Z,99905752862.10204
2019-11-14T00:00:00Z,106861216668.95724
2019-11-13T00:00:00Z,85362510356.85933
2019-11-12T00:00:00Z,85362510356.85933
2019-11-11T00:00:00Z,95479548621.37599
2019-11-10T00:00:00Z,104964271994.36037
2019-11-09T00:00:00Z,91053344380.64996
2019-11-08T00:00:00Z,80936306116.1333
2019-11-07T00:00:00Z,85362510356.85933
2019-11-06T00:00:00Z,89840145694.48947
2019-11-05T00:00:00Z,98007431666.71579
2019-11-04T00:00:00Z,89840145694.48947
2019-11-03T00:00:00Z,93923788680.60263
2019-11-02T00:00:00Z,91201360023.19386
2019-11-01T00:00:00Z,88478931365.7851
2019-10-31T00:00:00Z,89840145694.48947
2019-10-30T00:00:00Z,91201360023.19386
2019-10-29T00:00:00Z,90520752858.84166
2019-10-28T00:00:00Z,91201360023.19386
2019-10-27T00:00:00Z,78269823900.5022
2019-10-26T00:00:00Z,95285003009.30702
2019-10-25T00:00:00Z,93923788680.60263
2019-10-24T00:00:00Z,90520752858.84166
2019-10-23T00:00:00Z,114342003611.16843
2019-10-22T00:00:00Z,109281440758.32684
2019-10-21T00:00:00Z,102815083317.00574
2019-10-20T00:00:00Z,94408818643.28828
2019-10-19T00:00:00Z,91822275666.75984
2019-10-18T00:00:00Z,103461719061.13785
2019-10-17T00:00:00Z,96995361619.81673
2019-10-16T00:00:00Z,92468911410.89195
2019-10-15T00:00:00Z,98935268852.21306
2019-10-14T00:00:00Z,87295825457.83505
2019-10-13T00:00:00Z,91822275666.75984
2019-10-12T00:00:00Z,86002553969.57083
2019-10-11T00:00:00Z,100875176084.60939
2019-10-10T00:00:00Z,104754990549.40207
2019-10-09T00:00:00Z,87532580696.55867
2019-10-08T00:00:00Z,102755638209.00365
2019-10-07T00:00:00Z,98315579767.87387
2019-10-06T00:00:00Z,94509815389.76262
2019-10-05T00:00:00Z,100218461956.92949
2019-10-04T00:00:00Z,93241227263.72554
2019-10-03T00:00:00Z,93241227263.72554
2019-10-02T00:00:00Z,93875521326.74408
2019-10-01T00:00:00Z,90704051011.65137
2019-09-30T00:00:00Z,82458228192.41034
2019-09-29T00:00:00Z,86263992570.52159
2019-09-28T00:00:00Z,100852756019.94803
2019-09-27T00:00:00Z,83726816318.44742
2019-09-26T00:00:00Z,108464284776.17052
2019-09-25T00:00:00Z,92209210307.51852
2019-09-24T00:00:00Z,92800294988.97697
2019-09-23T00:00:00Z,67383653686.263535
2019-09-22T00:00:00Z,98120057122.10304
2019-09-21T00:00:00Z,98120057122.10304
2019-09-20T00:00:00Z,89253786900.22626
2019-09-19T00:00:00Z,87480532855.8509
2019-09-18T00:00:00Z,102848734573.77066
2019-09-17T00:00:00Z,87480532855.8509
2019-09-16T00:00:00Z,96346803077.72768
2019-09-15T00:00:00Z,86889448174.39246
2019-09-14T00:00:00Z,91618125626.06006
2019-09-13T00:00:00Z,88662702218.7678
2019-09-12T00:00:00Z,84605659658.96172
2019-09-11T00:00:00Z,98528109982.58832
2019-09-10T00:00:00Z,97457152265.38628
2019-09-09T00:00:00Z,78179913355.74944
2019-09-08T00:00:00Z,94779757972.38116
2019-09-07T00:00:00Z,80321828790.15352
2019-09-06T00:00:00Z,84605659658.96172
2019-09-05T00:00:00Z,88354011669.16888
2019-09-04T00:00:00Z,72825124769.7392
2019-09-03T00:00:00Z,87818532810.56786
2019-09-02T00:00:00Z,79786349931.5525
2019-09-01T00:00:00Z,76573476779.94637
2019-08-31T00:00:00Z,84033176657.68329
2019-08-30T00:00:00Z,80995832923.06822
2019-08-29T00:00:00Z,83526952701.91411
2019-08-28T00:00:00Z,76439817321.14563
2019-08-27T00:00:00Z,68340234028.83881
2019-08-26T00:00:00Z,69352681940.37717
2019-08-25T00:00:00Z,78464713144.22234
2019-08-24T00:00:00Z,80995832923.06822
2019-08-23T00:00:00Z,77452265232.68399
2019-08-22T00:00:00Z,71377577763.45387
2019-08-21T00:00:00Z,68846457984.60799
2019-08-20T00:00:00Z,77452265232.68399
2019-08-19T00:00:00Z,82514504790.37575
2019-08-18T00:00:00Z,63784218426.91623
2019-08-17T00:00:00Z,63535915753.76968
2019-08-16T00:00:00Z,72967028248.46986
2019-08-15T00:00:00Z,77930771666.73312
2019-08-14T00:00:00Z,75448899957.60149
2019-08-13T00:00:00Z,77930771666.73312
2019-08-12T00:00:00Z,66017787462.901306
2019-08-11T00:00:00Z,75945274299.42781
2019-08-10T00:00:00Z,74952525615.77516
2019-08-09T00:00:00Z,72967028248.46986
2019-08-08T00:00:00Z,70485156539.33824
2019-08-07T00:00:00Z,75945274299.42781
2019-08-06T00:00:00Z,79916269034.03842
2019-08-05T00:00:00Z,70981530881.16457
2019-08-04T00:00:00Z,74828989170.53998
2019-08-03T00:00:00Z,77517455847.32585
2019-08-02T00:00:00Z,75725144729.46861
2019-08-01T00:00:00Z,63627044683.9322
2019-07-31T00:00:00Z,76621300288.39723
2019-07-30T00:00:00Z,63627044683.9322
2019-07-29T00:00:00Z,75277066950.00429
2019-07-28T00:00:00Z,78413611406.25447
2019-07-27T00:00:00Z,68107822478.57532
2019-07-26T00:00:00Z,74380911391.07567
2019-07-25T00:00:00Z,67211666919.64669
2019-07-24T00:00:00Z,62282811345.53927
2019-07-23T00:00:00Z,64075122463.396515
2019-07-22T00:00:00Z,71191928972.6693
2019-07-21T00:00:00Z,67136692512.20079
2019-07-20T00:00:00Z,79752983722.54726
2019-07-19T00:00:00Z,53168655815.0315
2019-07-18T00:00:00Z,54520401301.85433
2019-07-17T00:00:00Z,59927383249.145676
2019-07-16T00:00:00Z,72994256288.43307
2019-07-15T00:00:00Z,65784947025.37796
2019-07-14T00:00:00Z,65334365196.43701
2019-07-13T00:00:00Z,63532037880.67323
2019-07-12T00:00:00Z,73895419946.31497
2019-07-11T00:00:00Z,58125055933.3819
2019-07-10T00:00:00Z,58125055933.3819
2019-07-09T00:00:00Z,69389601656.90552
2019-07-08T00:00:00Z,70209738577.52908
2019-07-07T00:00:00Z,60348820237.98848
2019-07-06T00:00:00Z,70209738577.52908
2019-07-05T00:00:00Z,74548542646.92696
2019-07-04T00:00:00Z,65870934508.13122
2019-07-03T00:00:00Z,67843118176.03934
2019-07-02T00:00:00Z,62321003905.89661
2019-07-01T00:00:00Z,56404452902.17224
2019-06-30T00:00:00Z,59954383504.40686
2019-06-29T00:00:00Z,68631991643.20259
2019-06-28T00:00:00Z,64293187573.804726
2019-06-27T00:00:00Z,56010016168.590614
2019-06-26T00:00:00Z,60773333686.86555
2019-06-25T00:00:00Z,53775192232.01436
2019-06-24T00:00:00Z,65193212500.455765
2019-06-23T00:00:00Z,66666505438.319176
2019-06-22T00:00:00Z,51933576059.685104
2019-06-21T00:00:00Z,48986990183.95829
2019-06-20T00:00:00Z,53038545763.08266
2019-06-19T00:00:00Z,65193212500.455765
2019-06-18T00:00:00Z,60036687217.93384
2019-06-17T00:00:00Z,48986990183.95829
2019-06-16T00:00:00Z,47882020480.56073
2019-06-15T00:00:00Z,53775192232.01436
2019-06-14T00:00:00Z,62246626624.72895
2019-06-13T00:00:00Z,55994233735.33521
2019-06-12T00:00:00Z,48577778935.953064
2019-06-11T00:00:00Z,53027651815.58235
2019-06-10T00:00:00Z,58219170175.14986
2019-06-09T00:00:00Z,54510942775.458786
2019-06-08T00:00:00Z,45982019756.16931
2019-06-07T00:00:00Z,58589992915.118965
2019-06-06T00:00:00Z,58219170175.14986
2019-06-05T00:00:00Z,59331638395.057175
2019-06-04T00:00:00Z,57106701955.24253
2019-06-03T00:00:00Z,44127906056.32378
2019-06-02T00:00:00Z,48577778935.953064
2019-06-01T00:00:00Z,55994233735.33521
2019-05-31T00:00:00Z,43386260576.38556
2019-05-30T00:00:00Z,59331638395.057175
2019-05-29T00:00:00Z,57992303107.61509
2019-05-28T00:00:00Z,54659412124.41882
2019-05-27T00:00:00Z,55659279419.3777
2019-05-26T00:00:00Z,54992701222.73845
2019-05-25T00:00:00Z,46660473764.74777
2019-05-24T00:00:00Z,50993232042.90292
2019-05-23T00:00:00Z,52659677534.50106
2019-05-22T00:00:00Z,55659279419.3777
2019-05-21T00:00:00Z,50993232042.90292
2019-05-20T00:00:00Z,53659544829.459946
2019-05-19T00:00:00Z,54326123026.0992
2019-05-18T00:00:00Z,50993232042.90292
2019-05-17T00:00:00Z,50308167480.24173
2019-05-16T00:00:00Z,48642334119.96883
2019-05-15T00:00:00Z,49641834136.13257
2019-05-14T00:00:00Z,50641334152.29632
2019-05-13T00:00:00Z,55638834233.11503
2019-05-12T00:00:00Z,52640334184.6238
2019-05-11T00:00:00Z,43311667367.095535
2019-05-10T00:00:00Z,41645834006.822624
2019-05-09T00:00:00Z,49975000808.18715
2019-05-08T00:00:00Z,50641334152.29632
2019-05-07T00:00:00Z,42312167350.931786
2019-05-06T00:00:00Z,50308167480.24173
2019-05-05T00:00:00Z,42978500695.040955
2019-05-04T00:00:00Z,43978000711.2047
2019-05-03T00:00:00Z,48003251062.18415
2019-05-02T00:00:00Z,58109198654.22292
2019-05-01T00:00:00Z,54003657444.95718
2019-04-30T00:00:00Z,44213520715.16962
2019-04-29T00:00:00Z,51477170546.94748
2019-04-28T00:00:00Z,51477170546.94748
2019-04-27T00:00:00Z,43266088128.41598
2019-04-26T00:00:00Z,47687440199.932945
2019-04-25T00:00:00Z,45160953301.92325
2019-04-24T00:00:00Z,51477170546.94748
2019-04-23T00:00:00Z,36634060021.14054
2019-04-22T00:00:00Z,42318655541.662346
2019-04-21T00:00:00Z,51161359684.696266
2019-04-20T00:00:00Z,41631660187.72454
2019-04-19T00:00:00Z,48305437775.0697
2019-04-18T00:00:00Z,47352040976.87753
2019-04-17T00:00:00Z,43856252716.83959
2019-04-16T00:00:00Z,46080845245.95465
2019-04-15T00:00:00Z,46080845245.95465
2019-04-14T00:00:00Z,38771469793.14805
2019-04-13T00:00:00Z,42902855918.64743
2019-04-12T00:00:00Z,47987638842.338974
2019-04-11T00:00:00Z,49894432438.723305
2019-04-10T00:00:00Z,47034242044.14681
2019-04-09T00:00:00Z,41949459120.45527
2019-04-08T00:00:00Z,47034242044.14681
2019-04-07T00:00:00Z,44809649515.03176
2019-04-06T00:00:00Z,44174051649.57032
2019-04-05T00:00:00Z,50104170889.322655
2019-04-04T00:00:00Z,44396100788.007416
2019-04-03T00:00:00Z,45030330799.26466
2019-04-02T00:00:00Z,49787055883.69403
2019-04-01T00:00:00Z,43127640765.49292
2019-03-31T00:00:00Z,44078985782.37879
2019-03-30T00:00:00Z,44078985782.37879
2019-03-29T00:00:00Z,46615905827.40778
2019-03-28T00:00:00Z,46298790821.77916
2019-03-27T00:00:00Z,47250135838.66504
2019-03-26T00:00:00Z,42493410754.23567
2019-03-25T00:00:00Z,46933020833.036415
2019-03-24T00:00:00Z,47567250844.29366
2019-03-23T00:00:00Z,43744504059.009415
2019-03-22T00:00:00Z,48571483817.244934
2019-03-21T00:00:00Z,43141131589.22997
2019-03-20T00:00:00Z,48571483817.244934
2019-03-19T00:00:00Z,52493404870.811295
2019-03-18T00:00:00Z,48571483817.244934
2019-03-17T00:00:00Z,44046190293.89913
2019-03-16T00:00:00Z,49174856287.024376
2019-03-15T00:00:00Z,46157993938.127174
2019-03-14T00:00:00Z,46761366407.90661
2019-03-13T00:00:00Z,40727641710.11221
2019-03-12T00:00:00Z,43141131589.22997
2019-03-11T00:00:00Z,42839445354.34025
2019-03-10T00:00:00Z,41029327945.00193
2019-03-09T00:00:00Z,41652968392.18038
2019-03-08T00:00:00Z,44067633226.50968
2019-03-07T00:00:00Z,42860300809.34503
2019-03-06T00:00:00Z,38634637349.26876
2019-03-05T00:00:00Z,44973132539.38316
2019-03-04T00:00:00Z,41351135287.88922
2019-03-03T00:00:00Z,44067633226.50968
2019-03-02T00:00:00Z,39841969766.43341
2019-03-01T00:00:00Z,48896962895.168274
2019-02-28T00:00:00Z,45274965643.67433
2019-02-27T00:00:00Z,42558467705.05387
2019-02-26T00:00:00Z,48595129790.87711
2019-02-25T00:00:00Z,43162133913.63619
2019-02-24T00:00:00Z,41351135287.88922
2019-02-23T00:00:00Z,43088722170.12836
2019-02-22T00:00:00Z,48813797143.78178
2019-02-21T00:00:00Z,35857048519.19772
2019-02-20T00:00:00Z,39171565609.207596
2019-02-19T00:00:00Z,47005878731.04912
2019-02-18T00:00:00Z,46704558995.59367
2019-02-17T00:00:00Z,47909837937.41545
2019-02-16T00:00:00Z,45197960318.31646
2019-02-15T00:00:00Z,38267606402.84127
2019-02-14T00:00:00Z,42486082699.217476
2019-02-13T00:00:00Z,46101919524.68279
2019-02-12T00:00:00Z,38568926138.296715
2019-02-11T00:00:00Z,43691361641.039246
2019-02-10T00:00:00Z,42184762963.76203
2019-02-09T00:00:00Z,43357261895.74887
2019-02-08T00:00:00Z,47114891260.047104
2019-02-07T00:00:00Z,50294423799.06869
2019-02-06T00:00:00Z,47403939672.68543
2019-02-05T00:00:00Z,42490116657.83389
2019-02-04T00:00:00Z,42490116657.83389
2019-02-03T00:00:00Z,39888680944.08896
2019-02-02T00:00:00Z,41622971419.918915
2019-02-01T00:00:00Z,45669649196.85548
2019-01-31T00:00:00Z,44802503958.9405
2019-01-30T00:00:00Z,39310584118.81231
2019-01-29T00:00:00Z,42201068245.195564
2019-01-28T00:00:00Z,41912019832.55724
2019-01-27T00:00:00Z,40071767241.85682
2019-01-26T00:00:00Z,43874197710.06221
2019-01-25T00:00:00Z,40364261893.25723
2019-01-24T00:00:00Z,47384133526.86719
2019-01-23T00:00:00Z,42704219104.46055
2019-01-22T00:00:00Z,38024304682.05392
2019-01-21T00:00:00Z,43874197710.06221
2019-01-20T00:00:00Z,45921660269.86511
2019-01-19T00:00:00Z,38901788636.25516
2019-01-18T00:00:00Z,40364261893.25723
2019-01-17T00:00:00Z,37146820727.85267
2019-01-16T00:00:00Z,38901788636.25516
2019-01-15T00:00:00Z,38609293984.854744
2019-01-14T00:00:00Z,43581703058.6618
2019-01-13T00:00:00Z,38264362298.33875
2019-01-12T00:00:00Z,38543664212.92517
2019-01-11T00:00:00Z,41336683358.789314
2019-01-10T00:00:00Z,43571098675.48063
2019-01-09T00:00:00Z,45805513992.17194
2019-01-08T00:00:00Z,47202023565.10401
2019-01-07T00:00:00Z,39381569956.68441
2019-01-06T00:00:00Z,39381569956.68441
2019-01-05T00:00:00Z,45526212077.585526
2019-01-04T00:00:00Z,41615985273.375725
2019-01-03T00:00:00Z,43291796760.89421
2019-01-02T00:00:00Z,42174589102.54855
2019-01-01T00:00:00Z,41615985273.375725
2018-12-31T00:00:00Z,43291796760.89421
2018-12-30T00:00:00Z,44676132235.28606
2018-12-29T00:00:00Z,35030149139.03111
2018-12-28T00:00:00Z,42391557291.4362
2018-12-27T00:00:00Z,44168448914.430534
2018-12-26T00:00:00Z,39853140687.158585
2018-12-25T00:00:00Z,40360824008.01411
2018-12-24T00:00:00Z,38583932385.019775
2018-12-23T00:00:00Z,44676132235.28606
2018-12-22T00:00:00Z,44422290574.85829
2018-12-21T00:00:00Z,35537832459.886635
2018-12-20T00:00:00Z,34268624157.747826
2018-12-19T00:00:00Z,37822407403.73649
2018-12-18T00:00:00Z,32491732534.753494
2018-12-17T00:00:00Z,44909481263.61123
2018-12-16T00:00:00Z,32278689658.220573
2018-12-15T00:00:00Z,41821954426.73796
2018-12-14T00:00:00Z,40979901653.04525
2018-12-13T00:00:00Z,36769637784.581696
2018-12-12T00:00:00Z,33682110947.708424
2018-12-11T00:00:00Z,35085532237.19627
2018-12-10T00:00:00Z,34804847979.298706
2018-12-09T00:00:00Z,35927585010.888985
2018-12-08T00:00:00Z,35646900752.99142
2018-12-07T00:00:00Z,31998005400.323
2018-12-06T00:00:00Z,37892374816.171974
2018-12-05T00:00:00Z,36488953526.68413
2018-12-04T00:00:00Z,38734427589.864685
2018-12-03T00:00:00Z,31998005400.323
2018-12-02T00:00:00Z,37704074211.91254
2018-12-01T00:00:00Z,41011449142.78206
2018-11-30T00:00:00Z,33404486801.78216
2018-11-29T00:00:00Z,34727436774.129974
2018-11-28T00:00:00Z,39027024184.260345
2018-11-27T00:00:00Z,43326611594.390724
2018-11-26T00:00:00Z,36711861732.65168
2018-11-25T00:00:00Z,42003661622.042915
2018-11-24T00:00:00Z,47295461511.43415
2018-11-23T00:00:00Z,41342186635.86901
2018-11-22T00:00:00Z,40349974156.608154
2018-11-21T00:00:00Z,34727436774.129974
2018-11-20T00:00:00Z,43657349087.47768
2018-11-19T00:00:00Z,41672924128.95596
2018-11-18T00:00:00Z,40680711649.69511
2018-11-17T00:00:00Z,47956936497.608055
2018-11-16T00:00:00Z,41672924128.95596
2018-11-15T00:00:00Z,45356615767.42904
2018-11-14T00:00:00Z,48213725422.07024
2018-11-13T00:00:00Z,42856644819.61799
2018-11-12T00:00:00Z,49999418956.220985
2018-11-11T00:00:00Z,52142251197.20188
2018-11-10T00:00:00Z,46785170594.74963
2018-11-09T00:00:00Z,45356615767.42904
2018-11-08T00:00:00Z,43213783526.448135
2018-11-07T00:00:00Z,46428031887.91949
2018-11-06T00:00:00Z,45713754474.259186
2018-11-05T00:00:00Z,51427973783.54159
2018-11-04T00:00:00Z,43928060940.10844
2018-11-03T00:00:00Z,57499331799.65413
2018-11-02T00:00:00Z,51070835076.71143
2018-11-01T00:00:00Z,54999360851.84309
2018-10-31T00:00:00Z,58201028613.416306
2018-10-30T00:00:00Z,54987474886.29516
2018-10-29T00:00:00Z,52130982684.4097
2018-10-28T00:00:00Z,49988613532.9956
2018-10-27T00:00:00Z,48560367432.052864
2018-10-26T00:00:00Z,51059798108.702644
2018-10-25T00:00:00Z,48917428957.28855
2018-10-24T00:00:00Z,40347952351.632164
2018-10-23T00:00:00Z,54987474886.29516
2018-10-22T00:00:00Z,55344536411.53084
2018-10-21T00:00:00Z,49274490482.52423
2018-10-20T00:00:00Z,51059798108.702644
2018-10-19T00:00:00Z,50702736583.466965
2018-10-18T00:00:00Z,49274490482.52423
2018-10-17T00:00:00Z,51141213218.81297
2018-10-16T00:00:00Z,50029447714.05617
2018-10-15T00:00:00Z,60035337256.8674
2018-10-14T00:00:00Z,42247089180.758545
2018-10-13T00:00:00Z,52252978723.56978
2018-10-12T00:00:00Z,48917682209.29936
2018-10-11T00:00:00Z,58923571752.110596
2018-10-10T00:00:00Z,53364744228.326584
2018-10-09T00:00:00Z,48176505206.12817
2018-10-08T00:00:00Z,50029447714.05617
2018-10-07T00:00:00Z,52623567225.15538
2018-10-06T00:00:00Z,46323562698.20016
2018-10-05T00:00:00Z,48176505206.12817
2018-10-04T00:00:00Z,55588275237.84019
2018-10-03T00:00:00Z,51556103210.34666
2018-10-02T00:00:00Z,48711628550.46546
2018-10-01T00:00:00Z,56178374532.653595
2018-09-30T00:00:00Z,57956171195.079346
2018-09-29T00:00:00Z,54045018537.7427
2018-09-28T00:00:00Z,54756137202.713
2018-09-27T00:00:00Z,50844984545.37636
2018-09-26T00:00:00Z,49422747215.43576
2018-09-25T00:00:00Z,60089527189.99024
2018-09-24T00:00:00Z,52622781207.8021
2018-09-23T00:00:00Z,53333899872.7724
2018-09-22T00:00:00Z,55111696535.19815
2018-09-21T00:00:00Z,51200543877.8615
2018-09-20T00:00:00Z,54756137202.713
2018-09-19T00:00:00Z,54432500673.081375
2018-09-18T00:00:00Z,49547532663.95869
2018-09-17T00:00:00Z,47105048659.39735
2018-09-16T00:00:00Z,48500753804.86097
2018-09-15T00:00:00Z,48849680091.226875
2018-09-14T00:00:00Z,46058269800.29963
2018-09-13T00:00:00Z,51641090382.15413
2018-09-12T00:00:00Z,58619616109.47225
2018-09-11T00:00:00Z,49198606377.59278
2018-09-10T00:00:00Z,47105048659.39735
2018-09-09T00:00:00Z,56874984677.64272
2018-09-08T00:00:00Z,52338942954.88594
2018-09-07T00:00:00Z,53036795527.61775
2018-09-06T00:00:00Z,50161828793.88285
2018-09-05T00:00:00Z,44142409338.61691
2018-09-04T00:00:00Z,42135936186.861595
2018-09-03T00:00:00Z,48155355642.12754
2018-09-02T00:00:00Z,48155355642.12754
2018-09-01T00:00:00Z,50496240985.84207
2018-08-31T00:00:00Z,51833889753.67895
2018-08-30T00:00:00Z,51499477561.71973
2018-08-29T00:00:00Z,46483294682.33144
2018-08-28T00:00:00Z,51165065369.760506
2018-08-27T00:00:00Z,61866255512.45552
2018-08-26T00:00:00Z,57853309208.944885
2018-08-25T00:00:00Z,45145645914.49457
2018-08-24T00:00:00Z,48824180026.045975
2018-08-23T00:00:00Z,47324585089.250175
2018-08-22T00:00:00Z,50818346404.56394
2018-08-21T00:00:00Z,47006970424.22165
2018-08-20T00:00:00Z,47642199754.2787
2018-08-19T00:00:00Z,46054126429.13608
2018-08-18T00:00:00Z,50818346404.56394
2018-08-17T00:00:00Z,48277429084.33575
2018-08-16T00:00:00Z,50183117074.5069
2018-08-15T00:00:00Z,51135961069.59247
2018-08-14T00:00:00Z,43195594443.87936
2018-08-13T00:00:00Z,47642199754.2787
2018-08-12T00:00:00Z,49230273079.421326
2018-08-11T00:00:00Z,53994493054.84919
2018-08-10T00:00:00Z,52051671916.16564
2018-08-09T00:00:00Z,44066472247.20841
2018-08-08T00:00:00Z,46432457334.30685
2018-08-07T00:00:00Z,44657968518.98302
2018-08-06T00:00:00Z,38743005801.23692
2018-08-05T00:00:00Z,47319701741.968765
2018-08-04T00:00:00Z,52051671916.16564
2018-08-03T00:00:00Z,49094190557.29259
2018-08-02T00:00:00Z,45249464790.75763
2018-08-01T00:00:00Z,44362220383.09571
2018-07-31T00:00:00Z,43474975975.4338
2018-07-30T00:00:00Z,39630250208.89884
2018-07-29T00:00:00Z,50277183100.84181
2018-07-28T00:00:00Z,37327804599.17787
2018-07-27T00:00:00Z,42991333572.84624
2018-07-26T00:00:00Z,42476467302.51275
2018-07-25T00:00:00Z,45565664924.51367
2018-07-24T00:00:00Z,40931868491.51228
2018-07-23T00:00:00Z,42733900437.67949
2018-07-22T00:00:00Z,46852830600.3474
2018-07-21T00:00:00Z,35268339517.84392
2018-07-20T00:00:00Z,39644702815.678566
2018-07-19T00:00:00Z,44021066113.513214
2018-07-18T00:00:00Z,44793365519.01344
2018-07-17T00:00:00Z,40931868491.51228
2018-07-16T00:00:00Z,31995588303.225037
2018-07-15T00:00:00Z,35461777036.07442
2018-07-14T00:00:00Z,35461777036.07442
2018-07-13T00:00:00Z,38128076061.34317
2018-07-12T00:00:00Z,37594816256.28941
2018-07-11T00:00:00Z,35995036841.12817
2018-07-10T00:00:00Z,39727855476.50442
2018-07-09T00:00:00Z,36261666743.65504
2018-07-08T00:00:00Z,42127524599.2463
2018-07-07T00:00:00Z,41594264794.19254
2018-07-06T00:00:00Z,42660784404.30005
2018-07-05T00:00:00Z,36528296646.181915
2018-07-04T00:00:00Z,35728406938.60129
2018-07-03T00:00:00Z,30929068693.117535
2018-07-02T00:00:00Z,37594816256.28941
2018-07-01T00:00:00Z,37103365371.99896
2018-06-30T00:00:00Z,35588942295.590836
2018-06-29T00:00:00Z,38112980756.27104
2018-06-28T00:00:00Z,39627403832.67916
2018-06-27T00:00:00Z,30540865374.230434
2018-06-26T00:00:00Z,36850961525.93094
2018-06-25T00:00:00Z,39627403832.67916
2018-06-24T00:00:00Z,43161057677.63144
2018-06-23T00:00:00Z,40384615370.883224
2018-06-22T00:00:00Z,38112980756.27104
2018-06-21T00:00:00Z,42908653831.56342
2018-06-20T00:00:00Z,39122596140.54312
2018-06-19T00:00:00Z,39122596140.54312
2018-06-18T00:00:00Z,40279018611.23382
2018-06-17T00:00:00Z,38559792207.095795
2018-06-16T00:00:00Z,40770226155.273254
2018-06-15T00:00:00Z,37577377119.016914
2018-06-14T00:00:00Z,37577377119.016914
2018-06-13T00:00:00Z,35121339398.81973
2018-06-12T00:00:00Z,35612546942.85917
2018-06-11T00:00:00Z,34384528082.76058
2018-06-10T00:00:00Z,31191679046.50424
2018-06-09T00:00:00Z,35121339398.81973
2018-06-08T00:00:00Z,35612546942.85917
2018-06-07T00:00:00Z,35121339398.81973
2018-06-06T00:00:00Z,36103754486.898605
2018-06-05T00:00:00Z,42980660103.45072
2018-06-04T00:00:00Z,39180231302.502625
2018-06-03T00:00:00Z,34898238810.425835
2018-06-02T00:00:00Z,32543142939.783604
2018-06-01T00:00:00Z,35540537684.23736
2018-05-31T00:00:00Z,36396936182.65271
2018-05-30T00:00:00Z,37253334681.06807
2018-05-29T00:00:00Z,29759847819.93369
2018-05-28T00:00:00Z,33399541438.19896
2018-05-27T00:00:00Z,35112338435.02968
2018-05-26T00:00:00Z,34684139185.822
2018-05-25T00:00:00Z,37681533930.27575
2018-05-24T00:00:00Z,30616246318.349045
2018-05-23T00:00:00Z,33370917239.376747
2018-05-22T00:00:00Z,31104990760.15981
2018-05-21T00:00:00Z,32340950657.9145
2018-05-20T00:00:00Z,29663037546.112663
2018-05-19T00:00:00Z,31722970709.037155
2018-05-18T00:00:00Z,30487010811.282463
2018-05-17T00:00:00Z,27191117750.603275
2018-05-16T00:00:00Z,36872803616.34838
2018-05-15T00:00:00Z,30075024178.697563
2018-05-14T00:00:00Z,27191117750.603275
2018-05-13T00:00:00Z,30487010811.282463
2018-05-12T00:00:00Z,33988897188.254097
2018-05-11T00:00:00Z,26161151169.14103
2018-05-10T00:00:00Z,30790397654.584457
2018-05-09T00:00:00Z,31990023537.230606
2018-05-08T00:00:00Z,27791332947.96909
2018-05-07T00:00:00Z,29990647066.15369
2018-05-06T00:00:00Z,27391457653.753704
2018-05-05T00:00:00Z,32189961184.338295
2018-05-04T00:00:00Z,27591395300.861397
2018-05-03T00:00:00Z,30190584713.261383
2018-05-02T00:00:00Z,27991270595.07678
2018-05-01T00:00:00Z,31590148243.01522
2018-04-30T00:00:00Z,30990335301.692146
2018-04-29T00:00:00Z,31590148243.01522
2018-04-28T00:00:00Z,25592018829.784485
2018-04-27T00:00:00Z,28391145889.29216
2018-04-26T00:00:00Z,26910340432.454548
2018-04-25T00:00:00Z,23474977824.056095
2018-04-24T00:00:00Z,30345703040.853
2018-04-23T00:00:00Z,29200582171.386852
2018-04-22T00:00:00Z,30536556519.097363
2018-04-21T00:00:00Z,30345703040.853
2018-04-20T00:00:00Z,26146926519.477116
2018-04-19T00:00:00Z,33971919127.495815
2018-04-18T00:00:00Z,30536556519.097363
2018-04-17T00:00:00Z,30918263475.58608
2018-04-16T00:00:00Z,26910340432.454548
2018-04-15T00:00:00Z,31109116953.830437
2018-04-14T00:00:00Z,26146926519.477116
2018-04-13T00:00:00Z,28798401517.14926
2018-04-12T00:00:00Z,26878508082.67264
2018-04-11T00:00:00Z,28100258450.066853
2018-04-10T00:00:00Z,28623865750.37866
2018-04-09T00:00:00Z,25656757715.27843
2018-04-08T00:00:00Z,28100258450.066853
2018-04-07T00:00:00Z,31416438018.708282
2018-04-06T00:00:00Z,24085935814.343018
2018-04-05T00:00:00Z,27227579616.213844
2018-04-04T00:00:00Z,25656757715.27843
2018-04-03T00:00:00Z,28449329983.608055
2018-04-02T00:00:00Z,27227579616.213844
2018-04-01T00:00:00Z,28274794216.837456
2018-03-31T00:00:00Z,22031861231.379852
2018-03-30T00:00:00Z,27884074370.965126
2018-03-29T00:00:00Z,26162835212.263577
2018-03-28T00:00:00Z,23236728642.47094
2018-03-27T00:00:00Z,26162835212.263577
2018-03-26T00:00:00Z,25818587380.523266
2018-03-25T00:00:00Z,23236728642.47094
2018-03-24T00:00:00Z,26851330875.744198
2018-03-23T00:00:00Z,22892480810.73063
2018-03-22T00:00:00Z,24613719969.432182
2018-03-21T00:00:00Z,26162835212.263577
2018-03-20T00:00:00Z,21859737315.5097
2018-03-19T00:00:00Z,26679206959.874043
2018-03-18T00:00:00Z,25990711296.39342
2018-03-17T00:00:00Z,24372959730.936882
2018-03-16T00:00:00Z,25517998107.558075
2018-03-15T00:00:00Z,23555075176.207455
2018-03-14T00:00:00Z,23555075176.207455
2018-03-13T00:00:00Z,25845151929.44985
2018-03-12T00:00:00Z,26335882662.287502
2018-03-11T00:00:00Z,25027267374.72042
2018-03-10T00:00:00Z,22900767532.423916
2018-03-09T00:00:00Z,23882228998.099224
2018-03-08T00:00:00Z,26499459573.233387
2018-03-07T00:00:00Z,25681575018.50396
2018-03-06T00:00:00Z,25517998107.558075
2018-03-05T00:00:00Z,24372959730.936882
2018-03-04T00:00:00Z,22125683706.242966
2018-03-03T00:00:00Z,26909615318.403606
2018-03-02T00:00:00Z,23321666609.283127
2018-03-01T00:00:00Z,24667147375.203304
2018-02-28T00:00:00Z,23172168746.403107
2018-02-27T00:00:00Z,23919658060.803204
2018-02-26T00:00:00Z,21079198666.082825
2018-02-25T00:00:00Z,25564134552.483425
2018-02-24T00:00:00Z,21677190117.602905
2018-02-23T00:00:00Z,22125683706.242966
2018-02-22T00:00:00Z,22275181569.122986
2018-02-21T00:00:00Z,25265138826.723385
2018-02-20T00:00:00Z,21079198666.082825
2018-02-19T00:00:00Z,23149934669.00682
2018-02-18T00:00:00Z,23149934669.00682
2018-02-17T00:00:00Z,21292223862.23467
2018-02-16T00:00:00Z,22435430512.555992
2018-02-15T00:00:00Z,18720008899.01169
2018-02-14T00:00:00Z,25579248800.939632
2018-02-13T00:00:00Z,23435736331.58715
2018-02-12T00:00:00Z,23721537994.16748
2018-02-11T00:00:00Z,21578025524.815
2018-02-10T00:00:00Z,20434818874.493675
2018-02-09T00:00:00Z,19291612224.172348
2018-02-08T00:00:00Z,18720008899.01169
2018-02-07T00:00:00Z,20149017211.91334
2018-02-06T00:00:00Z,24293141319.328144
2018-02-05T00:00:00Z,23938939775.217403
2018-02-04T00:00:00Z,23033142053.992958
2018-02-03T00:00:00Z,20445148564.780266
2018-02-02T00:00:00Z,21739145309.386612
2018-02-01T00:00:00Z,20703947913.701538
2018-01-31T00:00:00Z,15139761911.894249
2018-01-30T00:00:00Z,21609745634.92598
2018-01-29T00:00:00Z,19151151820.17392
2018-01-28T00:00:00Z,20445148564.780266
2018-01-27T00:00:00Z,20315748890.319633
2018-01-26T00:00:00Z,20056949541.398365
2018-01-25T00:00:00Z,20445148564.780266
2018-01-24T00:00:00Z,19491455597.45982
2018-01-23T00:00:00Z,19602202504.26357
2018-01-22T00:00:00Z,18494733436.22608
2018-01-21T00:00:00Z,20709671572.30106
2018-01-20T00:00:00Z,19712949411.067318
2018-01-19T00:00:00Z,18273239622.618584
2018-01-18T00:00:00Z,19159214877.048573
2018-01-17T00:00:00Z,18494733436.22608
2018-01-16T00:00:00Z,17608758181.79609
2018-01-15T00:00:00Z,16612036020.562347
2018-01-14T00:00:00Z,17165770554.581093
2018-01-13T00:00:00Z,16501289113.758598
2018-01-12T00:00:00Z,17087521864.266062
2018-01-11T00:00:00Z,18527481571.928932
2018-01-10T00:00:00Z,15935554098.135765
2018-01-09T00:00:00Z,15743559470.447382
2018-01-08T00:00:00Z,15935554098.135765
2018-01-07T00:00:00Z,15551564842.758999
2018-01-06T00:00:00Z,16127548725.824148
2018-01-05T00:00:00Z,13727615879.719364
2018-01-04T00:00:00Z,16127548725.824148
2018-01-03T00:00:00Z,15071578273.538042
2018-01-02T00:00:00Z,16415540667.356722
2018-01-01T00:00:00Z,14975580959.693851
2017-12-31T00:00:00Z,15177350249.534298
2017-12-30T00:00:00Z,13687548998.046268
2017-12-29T00:00:00Z,15363575405.970303
2017-12-28T00:00:00Z,13873774154.482273
2017-12-27T00:00:00Z,14525562202.008286
2017-12-26T00:00:00Z,13221986106.956259
2017-12-25T00:00:00Z,12570198059.430246
2017-12-24T00:00:00Z,14153111889.136278
2017-12-23T00:00:00Z,12942648372.302254
2017-12-22T00:00:00Z,14432449623.790283
2017-12-21T00:00:00Z,12290860324.776241
2017-12-20T00:00:00Z,12663310637.648249
2017-12-19T00:00:00Z,13035760950.520256
2017-12-18T00:00:00Z,16946489235.676332
2017-12-17T00:00:00Z,14630524313.285452
2017-12-16T00:00:00Z,13523349500.388174
2017-12-15T00:00:00Z,13365181669.974277
2017-12-14T00:00:00Z,14630524313.285452
2017-12-13T00:00:00Z,14709608228.4924
2017-12-12T00:00:00Z,12337090772.283949
2017-12-11T00:00:00Z,13523349500.388174
2017-12-10T00:00:00Z,12969762093.939535
2017-12-09T00:00:00Z,13760601246.00902
2017-12-08T00:00:00Z,12337090772.283949
2017-12-07T00:00:00Z,12020755111.456156
2017-12-06T00:00:00Z,14867776058.906298
2017-12-05T00:00:00Z,11918845166.212276
2017-12-04T00:00:00Z,12119724579.125967
2017-12-03T00:00:00Z,11784925557.60315
2017-12-02T00:00:00Z,10780528493.0347
2017-12-01T00:00:00Z,12253644187.735094
2017-11-30T00:00:00Z,11182287318.86208
2017-11-29T00:00:00Z,11584046144.68946
2017-11-28T00:00:00Z,10445729471.511883
2017-11-27T00:00:00Z,11383166731.77577
2017-11-26T00:00:00Z,10244850058.598192
2017-11-25T00:00:00Z,10445729471.511883
2017-11-24T00:00:00Z,9977010841.37994
2017-11-23T00:00:00Z,10648648957.992178
2017-11-22T00:00:00Z,10038216852.120014
2017-11-21T00:00:00Z,11733861590.653801
2017-11-20T00:00:00Z,11869513169.736504
2017-11-19T00:00:00Z,10852126326.616232
2017-11-18T00:00:00Z,9224307377.623796
2017-11-17T00:00:00Z,11326906853.405691
2017-11-16T00:00:00Z,10309520010.28542
2017-11-15T00:00:00Z,10309520010.28542
2017-11-14T00:00:00Z,8681701061.292986
2017-11-13T00:00:00Z,9495610535.789204
2017-11-12T00:00:00Z,5426063163.308116
2017-11-11T00:00:00Z,5426063163.308116
2017-11-10T00:00:00Z,8139094744.962174
2017-11-09T00:00:00Z,11049821743.949265
2017-11-08T00:00:00Z,10399832229.599308
2017-11-07T00:00:00Z,11266484915.39925
2017-11-06T00:00:00Z,9605400600.94936
2017-11-05T00:00:00Z,10183169058.149323
2017-11-04T00:00:00Z,9388737429.499374
2017-11-03T00:00:00Z,8594305800.849428
2017-11-02T00:00:00Z,10833158572.499279
2017-11-01T00:00:00Z,11266484915.39925
2017-10-31T00:00:00Z,9966505886.699337
2017-10-30T00:00:00Z,10616495401.049294
2017-10-29T00:00:00Z,11122042801.09926
2017-10-28T00:00:00Z,6138789857.749591
2017-10-27T00:00:00Z,7510989943.5995
2017-10-26T00:00:00Z,12999790286.999134
2017-10-25T00:00:00Z,11006184190.168043
2017-10-24T00:00:00Z,9935312214.90845
2017-10-23T00:00:00Z,10173283764.966137
2017-10-22T00:00:00Z,10827705527.624777
2017-10-21T00:00:00Z,9102411789.706543
2017-10-20T00:00:00Z,10649226865.081512
2017-10-19T00:00:00Z,10589733977.56709
2017-10-18T00:00:00Z,8983426014.6777
2017-10-17T00:00:00Z,9756833552.365185
2017-10-16T00:00:00Z,10351762427.509403
2017-10-15T00:00:00Z,11601113065.312262
2017-10-14T00:00:00Z,7877324117.242957
2017-10-13T00:00:00Z,7597986382.588951
2017-10-12T00:00:00Z,8547734680.412571
2017-10-11T00:00:00Z,7765589023.381355
2017-10-10T00:00:00Z,8938807508.928179
2017-10-09T00:00:00Z,8994675055.85898
2017-10-08T00:00:00Z,10167893541.405804
2017-10-07T00:00:00Z,8827072415.066576
2017-10-06T00:00:00Z,8882939961.997377
2017-10-05T00:00:00Z,6983443366.35014
2017-10-04T00:00:00Z,7486251288.727349
2017-10-03T00:00:00Z,10223761088.336603
2017-10-02T00:00:00Z,8380132039.620167
2017-10-01T00:00:00Z,7130546525.34118
2017-09-30T00:00:00Z,7569349388.439098
2017-09-29T00:00:00Z,9269710482.943533
2017-09-28T00:00:00Z,9708513346.041452
2017-09-27T00:00:00Z,8063002609.424257
2017-09-26T00:00:00Z,7569349388.439098
2017-09-25T00:00:00Z,6856294735.904981
2017-09-24T00:00:00Z,7953301893.649777
2017-09-23T00:00:00Z,9105159409.281815
2017-09-22T00:00:00Z,7624199746.326338
2017-09-21T00:00:00Z,9653662988.154213
2017-09-20T00:00:00Z,6417491872.807062
2017-09-19T00:00:00Z,8556655830.409415
2017-09-18T00:00:00Z,6965995451.679461
2017-09-17T00:00:00Z,8072925276.64421
2017-09-16T00:00:00Z,7751843021.323133
2017-09-15T00:00:00Z,8256400851.113397
2017-09-14T00:00:00Z,7981187489.409616
2017-09-13T00:00:00Z,8715089787.286364
2017-09-12T00:00:00Z,8623352000.05177
2017-09-11T00:00:00Z,7981187489.409616
2017-09-10T00:00:00Z,6329907319.186937
2017-09-09T00:00:00Z,7751843021.323133
2017-09-08T00:00:00Z,8027056383.026914
2017-09-07T00:00:00Z,8072925276.64421
2017-09-06T00:00:00Z,7430760766.002057
2017-09-05T00:00:00Z,8697798703.044012
2017-09-04T00:00:00Z,7726470929.10001
2017-09-03T00:00:00Z,6799294417.608008
2017-09-02T00:00:00Z,7240807042.12801
2017-09-01T00:00:00Z,7682319666.64801
2017-08-31T00:00:00Z,7196655779.676009
2017-08-30T00:00:00Z,7417412091.936009
2017-08-29T00:00:00Z,6578538105.348008
2017-08-28T00:00:00Z,5695512856.308007
2017-08-27T00:00:00Z,6843445680.060009
2017-08-26T00:00:00Z,4635882557.460006
2017-08-25T00:00:00Z,4459277507.652006
2017-08-24T00:00:00Z,4459277507.652006
2017-08-23T00:00:00Z,7297172197.410077
2017-08-22T00:00:00Z,4084580663.9591
2017-08-21T00:00:00Z,5277828947.81232
2017-08-20T00:00:00Z,5966241419.266101
2017-08-19T00:00:00Z,6930018879.3013935
2017-08-18T00:00:00Z,6838230549.774223
2017-08-17T00:00:00Z,8215055492.681785
2017-08-16T00:00:00Z,5966241419.266101
2017-08-15T00:00:00Z,6975913044.06498
2017-08-14T00:00:00Z,5966241419.266101
2017-08-13T00:00:00Z,6792336385.010637
2017-08-12T00:00:00Z,6195712243.084027
2017-08-11T00:00:00Z,6608759725.956296
2017-08-10T00:00:00Z,6149818078.320442
2017-08-09T00:00:00Z,6333394737.3747835
2017-08-08T00:00:00Z,7012946153.176187
2017-08-07T00:00:00Z,6542565618.51193
2017-08-06T00:00:00Z,5986661350.272354
2017-08-05T00:00:00Z,7568850421.415762
2017-08-04T00:00:00Z,7654374154.991081
2017-08-03T00:00:00Z,5901137616.697035
2017-08-02T00:00:00Z,6499803751.724271
2017-08-01T00:00:00Z,6371518151.361291
2017-07-31T00:00:00Z,6200470684.210652
2017-07-30T00:00:00Z,6285994417.785972
2017-07-29T00:00:00Z,6713613085.662569
2017-07-28T00:00:00Z,6414280018.148951
2017-07-27T00:00:00Z,6585327485.29959
2017-07-26T00:00:00Z,5878995158.834374
2017-07-25T00:00:00Z,5918988323.180186
2017-07-24T00:00:00Z,7118783253.554548
2017-07-23T00:00:00Z,6878824267.479676
2017-07-22T00:00:00Z,6398906295.329931
2017-07-21T00:00:00Z,6158947309.255059
2017-07-20T00:00:00Z,6478892624.021556
2017-07-19T00:00:00Z,5958981487.525998
2017-07-18T00:00:00Z,6598872117.058991
2017-07-17T00:00:00Z,5918988323.180186
2017-07-16T00:00:00Z,6518885788.367368
2017-07-15T00:00:00Z,5079131871.918133
2017-07-14T00:00:00Z,5559049844.067878
2017-07-13T00:00:00Z,5530741543.278177
2017-07-12T00:00:00Z,6235294606.116161
2017-07-11T00:00:00Z,6094383993.548565
2017-07-10T00:00:00Z,6939847668.954145
2017-07-09T00:00:00Z,4861416133.582092
2017-07-08T00:00:00Z,5812562768.413371
2017-07-07T00:00:00Z,5213692665.001084
2017-07-06T00:00:00Z,5002326746.149689
2017-07-05T00:00:00Z,5248920318.142983
2017-07-04T00:00:00Z,5389830930.71058
2017-07-03T00:00:00Z,5988701034.122867
2017-07-02T00:00:00Z,6622798790.6770525
2017-07-01T00:00:00Z,5802100177.002581
2017-06-30T00:00:00Z,5448313580.843886
2017-06-29T00:00:00Z,4245439153.904327
2017-06-28T00:00:00Z,5554449559.691495
2017-06-27T00:00:00Z,4634604409.67889
2017-06-26T00:00:00Z,5023769665.453454
2017-06-25T00:00:00Z,4316196473.1360655
2017-06-24T00:00:00Z,5165284303.916931
2017-06-23T00:00:00Z,5660585538.539103
2017-06-22T00:00:00Z,4917633686.605845
2017-06-21T00:00:00Z,4953012346.221715
2017-06-20T00:00:00Z,4882255026.989976
2017-06-19T00:00:00Z,5342177601.996279
2017-06-18T00:00:00Z,5129905644.301062
2017-06-17T00:00:00Z,5129905644.301062
2017-06-16T00:00:00Z,4993719516.737255
2017-06-15T00:00:00Z,5162426257.167567
2017-06-14T00:00:00Z,4723788732.048755
2017-06-13T00:00:00Z,4757530080.134817
2017-06-12T00:00:00Z,4959978168.651193
2017-06-11T00:00:00Z,4926236820.565129
2017-06-10T00:00:00Z,4757530080.134817
2017-06-09T00:00:00Z,5094943560.995442
2017-06-08T00:00:00Z,5567322434.200317
2017-06-07T00:00:00Z,5567322434.200317
2017-06-06T00:00:00Z,5094943560.995442
2017-06-05T00:00:00Z,5533581086.114255
2017-06-04T00:00:00Z,5432357041.856068
2017-06-03T00:00:00Z,5687700321.89219
2017-06-02T00:00:00Z,4325022119.772186
2017-06-01T00:00:00Z,5035984660.00871
2017-05-31T00:00:00Z,4858244024.949578
2017-05-30T00:00:00Z,5302595612.597406
2017-05-29T00:00:00Z,4473139315.654795
2017-05-28T00:00:00Z,4887867464.126101
2017-05-27T00:00:00Z,4976737781.655666
2017-05-26T00:00:00Z,4532386194.007838
2017-05-25T00:00:00Z,4828620585.773057
2017-05-24T00:00:00Z,4562009633.1843605
2017-05-23T00:00:00Z,4976737781.655666
2017-05-22T00:00:00Z,4064100394.27081
2017-05-21T00:00:00Z,4091936698.3411584
2017-05-20T00:00:00Z,4592990171.607423
2017-05-19T00:00:00Z,4565153867.537074
2017-05-18T00:00:00Z,3952755177.989418
2017-05-17T00:00:00Z,4314627130.903942
2017-05-16T00:00:00Z,3674392137.2859383
2017-05-15T00:00:00Z,4732171691.959163
2017-05-14T00:00:00Z,4565153867.537074
2017-05-13T00:00:00Z,4398136043.114986
2017-05-12T00:00:00Z,4286790826.8335943
2017-05-11T00:00:00Z,3757901049.496982
2017-05-10T00:00:00Z,4119773002.411506
2017-05-09T00:00:00Z,4021861586.5551224
2017-05-08T00:00:00Z,4670548939.225304
2017-05-07T00:00:00Z,4333231515.836809
2017-05-06T00:00:00Z,4359179009.943617
2017-05-05T00:00:00Z,3347226739.7781343
2017-05-04T00:00:00Z,4359179009.943617
2017-05-03T00:00:00Z,3425069222.098556
2017-05-02T00:00:00Z,4099704068.875544
2017-05-01T00:00:00Z,3892124116.021086
2017-04-30T00:00:00Z,3918071610.1278934
2017-04-29T00:00:00Z,4488916480.477653
2017-04-28T00:00:00Z,3528859198.525785
2017-04-27T00:00:00Z,3814281633.7006645
2017-04-26T00:00:00Z,3961100133.964452
2017-04-25T00:00:00Z,3831652417.168228
2017-04-24T00:00:00Z,3210303376.5463533
2017-04-23T00:00:00Z,3961100133.964452
2017-04-22T00:00:00Z,3753983787.0904937
2017-04-21T00:00:00Z,4323553740.993879
2017-04-20T00:00:00Z,3572756983.5757804
2017-04-19T00:00:00Z,3702204700.372004
2017-04-18T00:00:00Z,3779873330.4497385
2017-04-17T00:00:00Z,3572756983.5757804
2017-04-16T00:00:00Z,3779873330.4497385
2017-04-15T00:00:00Z,3883431503.886718
2017-04-14T00:00:00Z,3598646526.935025
2017-04-13T00:00:00Z,3287972006.6240873
2017-04-12T00:00:00Z,3526859223.872889
2017-04-11T00:00:00Z,4147785143.5688205
2017-04-10T00:00:00Z,3651044407.8120756
2017-04-09T00:00:00Z,3949088849.2661223
2017-04-08T00:00:00Z,3402674039.933703
2017-04-07T00:00:00Z,4023599959.629634
2017-04-06T00:00:00Z,3651044407.8120756
2017-04-05T00:00:00Z,4023599959.629634
2017-04-04T00:00:00Z,3104629598.4796557
2017-04-03T00:00:00Z,4371318474.659355
2017-04-02T00:00:00Z,3924251812.4782853
2017-04-01T00:00:00Z,3278488855.994517
2017-03-31T00:00:00Z,3352999966.3580284
2017-03-30T00:00:00Z,4073274033.2053084
2017-03-29T00:00:00Z,3263345893.080794
2017-03-28T00:00:00Z,3665352271.2139354
2017-03-27T00:00:00Z,3121461289.033803
2017-03-26T00:00:00Z,3925474045.3000855
2017-03-25T00:00:00Z,3145108723.041635
2017-03-24T00:00:00Z,4161948385.378404
2017-03-23T00:00:00Z,3499820233.1591125
2017-03-22T00:00:00Z,3759942007.2452626
2017-03-21T00:00:00Z,3357935629.1121216
2017-03-20T00:00:00Z,3216051025.06513
2017-03-19T00:00:00Z,3901826611.292254
2017-03-18T00:00:00Z,3712647139.229599
2017-03-17T00:00:00Z,3641704837.2061033
2017-03-16T00:00:00Z,3504460261.247398
2017-03-15T00:00:00Z,3252505601.9420295
2017-03-14T00:00:00Z,3573175168.33068
2017-03-13T00:00:00Z,3321220509.0253115
2017-03-12T00:00:00Z,3550270199.3029194
2017-03-11T00:00:00Z,3412840385.1363544
2017-03-10T00:00:00Z,3573175168.33068
2017-03-09T00:00:00Z,3389935416.108594
2017-03-08T00:00:00Z,3252505601.9420295
2017-03-07T00:00:00Z,3504460261.247398
2017-03-06T00:00:00Z,3252505601.9420295
2017-03-05T00:00:00Z,3367030447.080833
2017-03-04T00:00:00Z,3023455911.6644216
2017-03-03T00:00:00Z,3458650323.1918764
2017-03-02T00:00:00Z,3440072183.0281396
2017-03-01T00:00:00Z,3155225441.7582936
2017-02-28T00:00:00Z,3352427031.868187
2017-02-27T00:00:00Z,3155225441.7582936
2017-02-26T00:00:00Z,3900209226.617891
2017-02-25T00:00:00Z,3659185060.928021
2017-02-24T00:00:00Z,3571539909.768069
2017-02-23T00:00:00Z,3286693168.498223
2017-02-22T00:00:00Z,3023757715.018365
2017-02-21T00:00:00Z,3023757715.018365
2017-02-20T00:00:00Z,3242870592.9182463
2017-02-19T00:00:00Z,2936112563.8584123
2017-02-18T00:00:00Z,3308604456.288211
2017-02-17T00:00:00Z,3168918119.1328573
2017-02-16T00:00:00Z,3168918119.1328573
2017-02-15T00:00:00Z,2917083566.618988
2017-02-14T00:00:00Z,3546669947.9036617
2017-02-13T00:00:00Z,3420752671.6467266
2017-02-12T00:00:00Z,2938069779.328477
2017-02-11T00:00:00Z,2917083566.618988
2017-02-10T00:00:00Z,3084973268.294901
2017-02-09T00:00:00Z,3546669947.9036617
2017-02-08T00:00:00Z,3063987055.5854115
2017-02-07T00:00:00Z,3168918119.1328573
2017-02-06T00:00:00Z,2623276588.68614
2017-02-05T00:00:00Z,3336807820.80877
2017-02-04T00:00:00Z,3022014630.1664333
2017-02-03T00:00:00Z,2910612149.1259527
2017-02-02T00:00:00Z,3066886626.931373
2017-02-01T00:00:00Z,3750587467.330087
2017-01-31T00:00:00Z,2832474910.2232428
2017-01-30T00:00:00Z,2812940600.4975653
2017-01-29T00:00:00Z,3262229724.1881485
2017-01-28T00:00:00Z,2969215078.3029857
2017-01-27T00:00:00Z,3320832653.3651814
2017-01-26T00:00:00Z,3027818007.480018
2017-01-25T00:00:00Z,2910612149.1259527
2017-01-24T00:00:00Z,2910612149.1259527
2017-01-23T00:00:00Z,2695734742.1435
2017-01-22T00:00:00Z,3398969892.2678914
2017-01-21T00:00:00Z,3031276956.0445504
2017-01-20T00:00:00Z,3165256048.02442
2017-01-19T00:00:00Z,2914045250.5621643
2017-01-18T00:00:00Z,2512107974.6225553
2017-01-17T00:00:00Z,2646087066.602425
2017-01-16T00:00:00Z,2830308318.0747457
2017-01-15T00:00:00Z,2796813545.079778
2017-01-14T00:00:00Z,2880550477.567197
2017-01-13T00:00:00Z,2512107974.6225553
2017-01-12T00:00:00Z,2880550477.567197
2017-01-11T00:00:00Z,2562350134.1150064
2017-01-10T00:00:00Z,2679581839.5973926
2017-01-09T00:00:00Z,2147763141.4134455
2017-01-08T00:00:00Z,2637326798.6473923
2017-01-07T00:00:00Z,2179347893.493055
2017-01-06T00:00:00Z,2542572542.408564
2017-01-05T00:00:00Z,2210932645.5726643
2017-01-04T00:00:00Z,2416233534.090126
2017-01-03T00:00:00Z,2589949670.5279784
2017-01-02T00:00:00Z,2510987790.3289547
2017-01-01T00:00:00Z,2463610662.2095404
2016-12-31T00:00:00Z,2337271653.8911023
2016-12-30T00:00:00Z,2479403038.249345
2016-12-29T00:00:00Z,2368856405.9707117
2016-12-28T00:00:00Z,2589949670.5279784
2016-12-27T00:00:00Z,2405181759.815158
2016-12-26T00:00:00Z,2189332114.7035413
2016-12-25T00:00:00Z,2543942245.95834
2016-12-24T00:00:00Z,2112242955.7351067
2016-12-23T00:00:00Z,2343510432.6404104
2016-12-22T00:00:00Z,2451435255.196219
2016-12-21T00:00:00Z,2451435255.196219
2016-12-20T00:00:00Z,2127660787.5287938
2016-12-19T00:00:00Z,2328092600.8467236
2016-12-18T00:00:00Z,2173914282.9098544
2016-12-17T00:00:00Z,2220167778.290915
2016-12-16T00:00:00Z,2050571628.5603592
2016-12-15T00:00:00Z,1958064637.7982376
2016-12-14T00:00:00Z,1981473298.8983912
2016-12-13T00:00:00Z,2537426238.8770766
2016-12-12T00:00:00Z,2223811759.914741
2016-12-11T00:00:00Z,2665723071.17985
2016-12-10T00:00:00Z,1881686873.7740119
2016-12-09T00:00:00Z,1924452484.5416028
2016-12-08T00:00:00Z,2238066963.503938
2016-12-07T00:00:00Z,2480405424.520288
2016-12-06T00:00:00Z,2138280538.3795588
2016-12-05T00:00:00Z,2166790945.557953
2016-12-04T00:00:00Z,2109770131.2011647
2016-12-03T00:00:00Z,2451895017.341894
2016-12-02T00:00:00Z,2038494113.2551794
2016-12-01T00:00:00Z,2045226338.0304015
2016-11-30T00:00:00Z,1989192739.7281988
2016-11-29T00:00:00Z,2087251536.7570536
2016-11-28T00:00:00Z,2297377530.390314
2016-11-27T00:00:00Z,2017209538.8793
2016-11-26T00:00:00Z,2143285135.0592563
2016-11-25T00:00:00Z,2129276735.4837058
2016-11-24T00:00:00Z,2269360731.2392125
2016-11-23T00:00:00Z,2059234737.6059523
2016-11-22T00:00:00Z,1877125543.1237931
2016-11-21T00:00:00Z,1947167541.0015466
2016-11-20T00:00:00Z,1793075145.670489
2016-11-19T00:00:00Z,1989192739.7281988
2016-11-18T00:00:00Z,2073243137.1815028
2016-11-17T00:00:00Z,2012500868.081039
2016-11-16T00:00:00Z,2164387726.0494194
2016-11-15T00:00:00Z,1974529153.5889437
2016-11-14T00:00:00Z,2177044964.213451
2016-11-13T00:00:00Z,1797327819.2925003
2016-11-12T00:00:00Z,2126416011.5573242
2016-11-11T00:00:00Z,2063129820.7371657
2016-11-10T00:00:00Z,2126416011.5573242
2016-11-09T00:00:00Z,1860614010.1126585
2016-11-08T00:00:00Z,2139073249.721356
2016-11-07T00:00:00Z,1847956771.948627
2016-11-06T00:00:00Z,1936557439.0968487
2016-11-05T00:00:00Z,1860614010.1126585
2016-11-04T00:00:00Z,1462462045.1309128
2016-11-03T00:00:00Z,1954151870.6490645
2016-11-02T00:00:00Z,1676788379.331133
2016-11-01T00:00:00Z,1815470124.9900987
2016-10-31T00:00:00Z,1853292419.2607257
2016-10-30T00:00:00Z,2118048479.1551151
2016-10-29T00:00:00Z,1878507282.1078105
2016-10-28T00:00:00Z,1916329576.3784375
2016-10-27T00:00:00Z,2042403890.613861
2016-10-26T00:00:00Z,1739825536.4488447
2016-10-25T00:00:00Z,1752432967.872387
2016-10-24T00:00:00Z,1802862693.5665565
2016-10-23T00:00:00Z,1815470124.9900987
2016-10-22T00:00:00Z,1878507282.1078105
2016-10-21T00:00:00Z,2107602626.6873436
2016-10-20T00:00:00Z,1722065560.8299026
2016-10-19T00:00:00Z,1606404441.0726705
2016-10-18T00:00:00Z,1991941506.9301114
2016-10-17T00:00:00Z,1606404441.0726705
2016-10-16T00:00:00Z,1670660618.7155774
2016-10-15T00:00:00Z,1824875445.0585537
2016-10-14T00:00:00Z,1747768031.8870654
2016-10-13T00:00:00Z,1644958147.6584146
2016-10-12T00:00:00Z,1850577916.1157165
2016-10-11T00:00:00Z,1786321738.4728096
2016-10-10T00:00:00Z,1593553205.544089
2016-10-09T00:00:00Z,2056197684.573018
2016-10-08T00:00:00Z,2171858804.3302503
2016-10-07T00:00:00Z,1714780090.6569915
2016-10-06T00:00:00Z,1930626535.6347947
2016-10-05T00:00:00Z,2002575350.6273956
2016-10-04T00:00:00Z,1894652128.1384943
2016-10-03T00:00:00Z,1810711843.9804597
2016-10-02T00:00:00Z,1690797152.3261244
2016-10-01T00:00:00Z,1882660658.9730606
2016-09-30T00:00:00Z,1702788621.491558
2016-09-29T00:00:00Z,1714780090.6569915
2016-09-28T00:00:00Z,1774737436.484159
2016-09-27T00:00:00Z,2002575350.6273956
2016-09-26T00:00:00Z,1834694782.3113265
2016-09-25T00:00:00Z,2218421795.605199
2016-09-24T00:00:00Z,1863551352.5675871
2016-09-23T00:00:00Z,1526764963.5493484
2016-09-22T00:00:00Z,1582896028.3857214
2016-09-21T00:00:00Z,1863551352.5675871
2016-09-20T00:00:00Z,1695158158.0584676
2016-09-19T00:00:00Z,1493086324.6475246
2016-09-18T00:00:00Z,1627800880.25482
2016-09-17T00:00:00Z,1829872713.6657631
2016-09-16T00:00:00Z,1560443602.4511724
2016-09-15T00:00:00Z,1728836796.9602916
2016-09-14T00:00:00Z,1751289222.8948407
2016-09-13T00:00:00Z,1852325139.6003125
2016-09-12T00:00:00Z,1829872713.6657631
2016-09-11T00:00:00Z,1799709058.9716039
2016-09-10T00:00:00Z,1700944537.4426744
2016-09-09T00:00:00Z,1558284673.0119984
2016-09-08T00:00:00Z,1580232344.4628716
2016-09-07T00:00:00Z,1668023030.2663646
2016-09-06T00:00:00Z,1492441658.6593788
2016-09-05T00:00:00Z,1536337001.5611253
2016-09-04T00:00:00Z,1964316594.853153
2016-09-03T00:00:00Z,1382703301.4050126
2016-09-02T00:00:00Z,1678996865.991801
2016-09-01T00:00:00Z,1536337001.5611253
2016-08-31T00:00:00Z,1470493987.2085056
2016-08-30T00:00:00Z,1799709058.9716039
2016-08-29T00:00:00Z,1635101523.0900548
2016-08-28T00:00:00Z,1642480666.5274446
2016-08-27T00:00:00Z,1556034315.657579
2016-08-26T00:00:00Z,1426364789.3527808
2016-08-25T00:00:00Z,1404753201.6353145
2016-08-24T00:00:00Z,1642480666.5274446
2016-08-23T00:00:00Z,1588451697.2337785
2016-08-22T00:00:00Z,1707315429.6798437
2016-08-21T00:00:00Z,1761344398.9735096
2016-08-20T00:00:00Z,1674898048.1036441
2016-08-19T00:00:00Z,1664092254.244911
2016-08-18T00:00:00Z,1664092254.244911
2016-08-17T00:00:00Z,1329112644.624182
2016-08-16T00:00:00Z,1458782170.9289804
2016-08-15T00:00:00Z,1577645903.3750453
2016-08-14T00:00:00Z,1635895049.5072484
2016-08-13T00:00:00Z,1635895049.5072484
2016-08-12T00:00:00Z,1495388726.2366872
2016-08-11T00:00:00Z,1505424892.1845844
2016-08-10T00:00:00Z,1515461058.1324818
2016-08-09T00:00:00Z,1244484577.5392566
2016-08-08T00:00:00Z,1485352560.28879
2016-08-07T00:00:00Z,1485352560.28879
2016-08-06T00:00:00Z,1666003547.3509402
2016-08-05T00:00:00Z,1696112045.1946318
2016-08-04T00:00:00Z,1535533390.0282762
2016-08-03T00:00:00Z,1666003547.3509402
2016-08-02T00:00:00Z,1545569555.9761734
2016-08-01T00:00:00Z,1623753778.4756496
2016-07-31T00:00:00Z,1634366548.269608
2016-07-30T00:00:00Z,1262919605.4810607
2016-07-29T00:00:00Z,1560077159.7118986
2016-07-28T00:00:00Z,1443336691.9783552
2016-07-27T00:00:00Z,1358434533.626687
2016-07-26T00:00:00Z,1369047303.4206457
2016-07-25T00:00:00Z,1390272843.0085626
2016-07-24T00:00:00Z,1315983454.450853
2016-07-23T00:00:00Z,1390272843.0085626
2016-07-22T00:00:00Z,1369047303.4206457
2016-07-21T00:00:00Z,1411498382.5964797
2016-07-20T00:00:00Z,1591915469.093774
2016-07-19T00:00:00Z,1358434533.626687
2016-07-18T00:00:00Z,1570689929.505857
2016-07-17T00:00:00Z,1580609599.4171035
2016-07-16T00:00:00Z,1665474544.3522499
2016-07-15T00:00:00Z,1432095945.780597
2016-07-14T00:00:00Z,1495744654.481957
2016-07-13T00:00:00Z,1368447237.0792372
2016-07-12T00:00:00Z,1516960890.7157435
2016-07-11T00:00:00Z,1516960890.7157435
2016-07-10T00:00:00Z,1654866426.2353566
2016-07-09T00:00:00Z,1580609599.4171035
2016-07-08T00:00:00Z,1538177126.9495301
2016-07-07T00:00:00Z,1453312182.0143838
2016-07-06T00:00:00Z,1485136536.3650637
2016-07-05T00:00:00Z,1538177126.9495301
2016-07-04T00:00:00Z,1601825835.65089
2016-07-03T00:00:00Z,1603443840.237311
2016-07-02T00:00:00Z,1551383975.294541
2016-07-01T00:00:00Z,1613855813.225865
2016-06-30T00:00:00Z,1561795948.283095
2016-06-29T00:00:00Z,1520148056.328879
2016-06-28T00:00:00Z,1540972002.3059871
2016-06-27T00:00:00Z,1530560029.317433
2016-06-26T00:00:00Z,1520148056.328879
2016-06-25T00:00:00Z,1686739624.1457427
2016-06-24T00:00:00Z,1343144515.5234616
2016-06-23T00:00:00Z,1457676218.3975554
2016-06-22T00:00:00Z,1343144515.5234616
2016-06-21T00:00:00Z,1551383975.294541
2016-06-20T00:00:00Z,1598387664.6734962
2016-06-19T00:00:00Z,1725089125.8976147
2016-06-18T00:00:00Z,1539910067.1854415
2016-06-17T00:00:00Z,1452193670.9533594
2016-06-16T00:00:00Z,1452193670.9533594
2016-06-15T00:00:00Z,1481432469.6973867
2016-06-14T00:00:00Z,1286507144.7372043
2016-06-13T00:00:00Z,1569148865.9294689
2016-06-12T00:00:00Z,1422954872.209332
2016-06-11T00:00:00Z,1520417534.689423
2016-06-10T00:00:00Z,1403462339.7133138
2016-06-09T00:00:00Z,1608133930.9215052
2016-06-08T00:00:00Z,1403462339.7133138
2016-06-07T00:00:00Z,1387099926.4383855
2016-06-06T00:00:00Z,1684335624.9608965
2016-06-05T00:00:00Z,1684335624.9608965
2016-06-04T00:00:00Z,1179034937.4726276
2016-06-03T00:00:00Z,1406915639.6732194
2016-06-02T00:00:00Z,1367284213.2035513
2016-06-01T00:00:00Z,1416823496.2906365
2016-05-31T00:00:00Z,1258297790.411964
2016-05-30T00:00:00Z,1426731352.9080536
2016-05-29T00:00:00Z,1456454922.7603047
2016-05-28T00:00:00Z,1317744930.116466
2016-05-27T00:00:00Z,1377192069.8209684
2016-05-26T00:00:00Z,1337560643.3513002
2016-05-25T00:00:00Z,1367284213.2035513
2016-05-24T00:00:00Z,1456454922.7603047
2016-05-23T00:00:00Z,1738162708.7661448
2016-05-22T00:00:00Z,1776788546.7387257
2016-05-21T00:00:00Z,1361560788.53348
2016-05-20T00:00:00Z,1438812464.478642
2016-05-19T00:00:00Z,1158775139.1774297
2016-05-18T00:00:00Z,1477438302.451223
2016-05-17T00:00:00Z,1361560788.53348
2016-05-16T00:00:00Z,1361560788.53348
2016-05-15T00:00:00Z,1342247869.5471895
2016-05-14T00:00:00Z,1390530167.0129156
2016-05-13T00:00:00Z,1467781842.9580777
2016-05-12T00:00:00Z,1342247869.5471895
2016-05-11T00:00:00Z,1284309112.5883179
2016-05-10T00:00:00Z,1403229580.36089
2016-05-09T00:00:00Z,1518685178.7450137
2016-05-08T00:00:00Z,1492041579.1179082
2016-05-07T00:00:00Z,1332179981.3552754
2016-05-06T00:00:00Z,1438754379.8636973
2016-05-05T00:00:00Z,1376585980.7337844
2016-05-04T00:00:00Z,1483160379.2422066
2016-05-03T00:00:00Z,1341061181.230977
2016-05-02T00:00:00Z,1394348380.4851882
2016-05-01T00:00:00Z,1376585980.7337844
2016-04-30T00:00:00Z,1296655181.852468
2016-04-29T00:00:00Z,1403229580.36089
2016-04-28T00:00:00Z,1198961983.2197478
2016-04-27T00:00:00Z,1145796943.820996
2016-04-26T00:00:00Z,1341204174.5501583
2016-04-25T00:00:00Z,1128032650.118345
2016-04-24T00:00:00Z,1172443384.3749726
2016-04-23T00:00:00Z,1279029146.5908792
2016-04-22T00:00:00Z,1270146999.7395537
2016-04-21T00:00:00Z,1341204174.5501583
2016-04-20T00:00:00Z,1465554230.468716
2016-04-19T00:00:00Z,1332322027.6988325
2016-04-18T00:00:00Z,1190207678.0776238
2016-04-17T00:00:00Z,1403379202.509437
2016-04-16T00:00:00Z,1225736265.482926
2016-04-15T00:00:00Z,1234618412.3342516
2016-04-14T00:00:00Z,1456672083.6173904
2016-04-13T00:00:00Z,1360254328.9973679
2016-04-12T00:00:00Z,1227546589.5829904
2016-04-11T00:00:00Z,1269017758.1499834
2016-04-10T00:00:00Z,1434902432.4179552
2016-04-09T00:00:00Z,1343665861.5705707
2016-04-08T00:00:00Z,1194369654.729396
2016-04-07T00:00:00Z,1152898486.162403
2016-04-06T00:00:00Z,1302194693.0035777
2016-04-05T00:00:00Z,1285606225.5767806
2016-04-04T00:00:00Z,1376842796.424165
2016-04-03T00:00:00Z,1177781187.302599
2016-04-02T00:00:00Z,1152898486.162403
2016-04-01T00:00:00Z,1269017758.1499834
2016-03-31T00:00:00Z,1020134644.775596
2016-03-30T00:00:00Z,1209353167.596876
2016-03-29T00:00:00Z,1291622090.5626497
2016-03-28T00:00:00Z,1398571690.418156
2016-03-27T00:00:00Z,1159991813.8174117
2016-03-26T00:00:00Z,1258714521.3763402
2016-03-25T00:00:00Z,1201126275.3002985
2016-03-24T00:00:00Z,1209353167.596876
2016-03-23T00:00:00Z,1225806952.1900306
2016-03-22T00:00:00Z,1217580059.8934534
2016-03-21T00:00:00Z,1143538029.2242568
2016-03-20T00:00:00Z,1201126275.3002985
2016-03-19T00:00:00Z,1118857352.3345246
2016-03-18T00:00:00Z,1118857352.3345246
2016-03-17T00:00:00Z,1110439721.2482896
2016-03-16T00:00:00Z,1197069770.4236882
2016-03-15T00:00:00Z,1267948901.567196
2016-03-14T00:00:00Z,1197069770.4236882
2016-03-13T00:00:00Z,1047436049.1207271
2016-03-12T00:00:00Z,1134066098.2961257
2016-03-11T00:00:00Z,1260073442.5512507
2016-03-10T00:00:00Z,1220696147.471524
2016-03-09T00:00:00Z,1323077114.6788132
2016-03-08T00:00:00Z,1212820688.4555788
2016-03-07T00:00:00Z,1047436049.1207271
2016-03-06T00:00:00Z,1165567934.359907
2016-03-05T00:00:00Z,1181318852.3917975
2016-03-04T00:00:00Z,1220696147.471524
2016-03-03T00:00:00Z,1097173923.4420283
2016-03-02T00:00:00Z,1275972636.8918402
2016-03-01T00:00:00Z,1145937208.9283407
2016-02-29T00:00:00Z,1080919494.9465907
2016-02-28T00:00:00Z,1089046709.1943095
2016-02-27T00:00:00Z,1194700494.4146528
2016-02-26T00:00:00Z,1137809994.6806219
2016-02-25T00:00:00Z,1259718208.3964028
2016-02-24T00:00:00Z,959011281.2308098
2016-02-23T00:00:00Z,1105301137.6897469
2016-02-22T00:00:00Z,1032156209.4602784
2016-02-21T00:00:00Z,1040283423.7079971
2016-02-20T00:00:00Z,1219082137.157809
2016-02-19T00:00:00Z,1178446065.9192154
2016-02-18T00:00:00Z,1210727404.2139912
2016-02-17T00:00:00Z,1110430459.4862049
2016-02-16T00:00:00Z,988641312.3167502
2016-02-15T00:00:00Z,1088938257.0445364
2016-02-14T00:00:00Z,1189235201.7723227
2016-02-13T00:00:00Z,1117594526.966761
2016-02-12T00:00:00Z,1225055539.1751034
2016-02-11T00:00:00Z,1375500956.2667828
2016-02-10T00:00:00Z,1174907066.8112104
2016-02-09T00:00:00Z,1260875876.5778842
2016-02-08T00:00:00Z,1060281987.1223117
2016-02-07T00:00:00Z,1260875876.5778842
2016-02-06T00:00:00Z,1193377945.6636348
2016-02-05T00:00:00Z,1121775268.9238167
2016-02-04T00:00:00Z,1002437474.3574532
2016-02-03T00:00:00Z,1068073261.3689532
2016-02-02T00:00:00Z,1074040151.0972714
2016-02-01T00:00:00Z,960669246.2592261
2016-01-31T00:00:00Z,1080007040.8255897
2016-01-30T00:00:00Z,1115808379.1954987
2016-01-29T00:00:00Z,1008404364.0857714
2016-01-28T00:00:00Z,871165900.3344535
2016-01-27T00:00:00Z,924867907.889317
2016-01-26T00:00:00Z,954702356.5309079
2016-01-25T00:00:00Z,912849394.7030581
2016-01-24T00:00:00Z,963563249.9643391
2016-01-23T00:00:00Z,1008642232.4188111
2016-01-22T00:00:00Z,991737613.9983841
2016-01-21T00:00:00Z,771977574.5328331
2016-01-20T00:00:00Z,856500666.6349682
2016-01-19T00:00:00Z,749438083.3055971
2016-01-18T00:00:00Z,974832995.5779572
2016-01-17T00:00:00Z,850865793.8281591
2016-01-16T00:00:00Z,800151938.5668781
2016-01-15T00:00:00Z,687454482.430698
2016-01-14T00:00:00Z,749438083.3055971
2016-01-13T00:00:00Z,833961175.4077321
2016-01-12T00:00:00Z,877866357.6962025
2016-01-11T00:00:00Z,877866357.6962025
2016-01-10T00:00:00Z,903685956.4519732
2016-01-09T00:00:00Z,779751882.4242741
2016-01-08T00:00:00Z,893358116.949665
2016-01-07T00:00:00Z,759096203.4196575
2016-01-06T00:00:00Z,728112684.9127327
2016-01-05T00:00:00Z,810735400.9311988
2016-01-04T00:00:00Z,934669474.9588981
2016-01-03T00:00:00Z,748768363.9173492
2016-01-02T00:00:00Z,748768363.9173492
2016-01-01T00:00:00Z,697129166.4058079
2015-12-31T00:00:00Z,733276604.6638868
2015-12-30T00:00:00Z,766484172.5995991
2015-12-29T00:00:00Z,738612020.8687046
2015-12-28T00:00:00Z,701449151.8941786
2015-12-27T00:00:00Z,952298517.4722292
2015-12-26T00:00:00Z,794356324.3304937
2015-12-25T00:00:00Z,752548096.7341518
2015-12-24T00:00:00Z,641059489.8105738
2015-12-23T00:00:00Z,729321303.6250731
2015-12-22T00:00:00Z,696803793.2723628
2015-12-21T00:00:00Z,692158434.6505471
2015-12-20T00:00:00Z,766484172.5995991
2015-12-19T00:00:00Z,729321303.6250731
2015-12-18T00:00:00Z,785065607.0868621
2015-12-17T00:00:00Z,609491105.8488644
2015-12-16T00:00:00Z,640948711.3120316
2015-12-15T00:00:00Z,719592724.9699496
2015-12-14T00:00:00Z,766779133.1647004
2015-12-13T00:00:00Z,558372496.9712178
2015-12-12T00:00:00Z,637016510.6291357
2015-12-11T00:00:00Z,629152109.2633439
2015-12-10T00:00:00Z,849355347.5055143
2015-12-09T00:00:00Z,660609714.7265111
2015-12-08T00:00:00Z,688135119.5067824
2015-12-07T00:00:00Z,578033500.3856972
2015-12-06T00:00:00Z,625219908.580448
2015-12-05T00:00:00Z,632637080.9425505
2015-12-04T00:00:00Z,553105562.195487
2015-12-03T00:00:00Z,513339802.82195526
2015-12-02T00:00:00Z,582026114.4671465
2015-12-01T00:00:00Z,603716528.670891
2015-11-30T00:00:00Z,585641183.5011039
2015-11-29T00:00:00Z,538645286.0596573
2015-11-28T00:00:00Z,556720631.2294445
2015-11-27T00:00:00Z,480804181.5163384
2015-11-26T00:00:00Z,636252149.9765079
2015-11-25T00:00:00Z,535030217.02569985
2015-11-24T00:00:00Z,563950769.2973593
2015-11-23T00:00:00Z,533553526.6986585
2015-11-22T00:00:00Z,563013537.3752716
2015-11-21T00:00:00Z,569560206.414519
2015-11-20T00:00:00Z,546646864.7771533
2015-11-19T00:00:00Z,445173494.6688194
2015-11-18T00:00:00Z,500820181.50242186
2015-11-17T00:00:00Z,487726843.4239271
2015-11-16T00:00:00Z,566286871.8948953
2015-11-15T00:00:00Z,523733523.13978755
2015-11-14T00:00:00Z,464813501.7865614
2015-11-13T00:00:00Z,523733523.13978755
2015-11-12T00:00:00Z,527006857.6594112
2015-11-11T00:00:00Z,549920199.2967769
2015-11-10T00:00:00Z,451820688.9519927
2015-11-09T00:00:00Z,461104675.7112802
2015-11-08T00:00:00Z,430158053.1803218
2015-11-07T00:00:00Z,470388662.4705677
2015-11-06T00:00:00Z,448726026.6988968
2015-11-05T00:00:00Z,451820688.9519927
2015-11-04T00:00:00Z,479672649.22985524
2015-11-03T00:00:00Z,479672649.22985524
2015-11-02T00:00:00Z,473483324.72366357
2015-11-01T00:00:00Z,473483324.72366357
2015-10-31T00:00:00Z,454915351.2050885
2015-10-30T00:00:00Z,529187245.27938867
2015-10-29T00:00:00Z,467294000.2174719
2015-10-28T00:00:00Z,420690641.91716117
2015-10-27T00:00:00Z,444903052.9627532
2015-10-26T00:00:00Z,496354426.4346362
2015-10-25T00:00:00Z,469115464.0083452
2015-10-24T00:00:00Z,438849950.20135516
2015-10-23T00:00:00Z,450956155.7241512
2015-10-22T00:00:00Z,447929604.34345216
2015-10-21T00:00:00Z,435823398.8206562
2015-10-20T00:00:00Z,387398576.72947216
2015-10-19T00:00:00Z,499380977.8153352
2015-10-18T00:00:00Z,438849950.20135516
2015-10-17T00:00:00Z,411610987.7750642
2015-10-16T00:00:00Z,435823398.8206562
2015-10-15T00:00:00Z,502407529.1960342
2015-10-14T00:00:00Z,459502348.13524383
2015-10-13T00:00:00Z,414156721.67452896
2015-10-12T00:00:00Z,429271930.49476725
2015-10-11T00:00:00Z,441364097.55095786
2015-10-10T00:00:00Z,483686682.24762505
2015-10-09T00:00:00Z,380903262.27000475
2015-10-08T00:00:00Z,423225846.96667194
2015-10-07T00:00:00Z,402064554.61833835
2015-10-06T00:00:00Z,429271930.49476725
2015-10-05T00:00:00Z,462525389.89929146
2015-10-04T00:00:00Z,462525389.89929146
2015-10-03T00:00:00Z,438341055.78691024
2015-10-02T00:00:00Z,417179763.43857664
2015-10-01T00:00:00Z,450433222.84310085
2015-09-30T00:00:00Z,436537293.6438343
2015-09-29T00:00:00Z,513226277.6623457
2015-09-28T00:00:00Z,421789412.1018129
2015-09-27T00:00:00Z,439486869.9522386
2015-09-26T00:00:00Z,433587717.33543
2015-09-25T00:00:00Z,483730514.57830286
2015-09-24T00:00:00Z,412940683.17660004
2015-09-23T00:00:00Z,466033056.72787714
2015-09-22T00:00:00Z,463083480.4194729
2015-09-21T00:00:00Z,389344072.7093657
2015-09-20T00:00:00Z,377545767.4757486
2015-09-19T00:00:00Z,368697038.55053574
2015-09-18T00:00:00Z,433587717.33543
2015-09-17T00:00:00Z,424738988.41021717
2015-09-16T00:00:00Z,402055968.82788503
2015-09-15T00:00:00Z,453020809.94691277
2015-09-14T00:00:00Z,430369769.4495671
2015-09-13T00:00:00Z,427538389.3873989
2015-09-12T00:00:00Z,382236308.39270765
2015-09-11T00:00:00Z,447358049.82257634
2015-09-10T00:00:00Z,484165990.630763
2015-09-09T00:00:00Z,421875629.2630625
2015-09-08T00:00:00Z,385067688.4548758
2015-09-07T00:00:00Z,430369769.4495671
2015-09-06T00:00:00Z,407718728.95222145
2015-09-05T00:00:00Z,416212869.13872606
2015-09-04T00:00:00Z,441695289.6982399
2015-09-03T00:00:00Z,393778311.52800465
2015-09-02T00:00:00Z,431537875.64712834
2015-09-01T00:00:00Z,415355205.310361
2015-08-31T00:00:00Z,423446540.4787447
2015-08-30T00:00:00Z,404566758.41918284
2015-08-29T00:00:00Z,431537875.64712834
2015-08-28T00:00:00Z,418052317.03315556
2015-08-27T00:00:00Z,369504306.0228537
2015-08-26T00:00:00Z,434234987.3699229
2015-08-25T00:00:00Z,364110082.57726455
2015-08-24T00:00:00Z,418052317.03315556
2015-08-23T00:00:00Z,361412970.85447
2015-08-22T00:00:00Z,426143652.2015392
2015-08-21T00:00:00Z,432254356.9752589
2015-08-20T00:00:00Z,392958506.34114444
2015-08-19T00:00:00Z,408676846.5947902
2015-08-18T00:00:00Z,369380995.9606758
2015-08-17T00:00:00Z,385099336.21432155
2015-08-16T00:00:00Z,361521825.8338529
2015-08-15T00:00:00Z,358902102.4582453
2015-08-14T00:00:00Z,372000719.33628345
2015-08-13T00:00:00Z,385099336.21432155
2015-08-12T00:00:00Z,330085145.32656133
2015-08-11T00:00:00Z,424395186.848436
2015-08-10T00:00:00Z,437493803.72647417
2015-08-09T00:00:00Z,372000719.33628345
2015-08-08T00:00:00Z,421775463.4728284
2015-08-07T00:00:00Z,356031302.2626441
2015-08-06T00:00:00Z,371623914.04057014
2015-08-05T00:00:00Z,345636227.7440268
2015-08-04T00:00:00Z,353432533.63298976
2015-08-03T00:00:00Z,408006674.85573083
2015-08-02T00:00:00Z,392414063.0778048
2015-08-01T00:00:00Z,402809137.5964222
2015-07-31T00:00:00Z,392414063.0778048
2015-07-30T00:00:00Z,348234996.3736811
2015-07-29T00:00:00Z,395012831.70745915
2015-07-28T00:00:00Z,353432533.63298976
2015-07-27T00:00:00Z,387216525.81849617
2015-07-26T00:00:00Z,374222682.6702245
2015-07-25T00:00:00Z,400210368.96676785
2015-07-24T00:00:00Z,429094369.96948063
2015-07-23T00:00:00Z,355462791.69069403
2015-07-22T00:00:00Z,391009070.85976344
2015-07-21T00:00:00Z,322455532.46227247
2015-07-20T00:00:00Z,396087110.74105906
2015-07-19T00:00:00Z,385931030.9784678
2015-07-18T00:00:00Z,378313971.15652436
2015-07-17T00:00:00Z,373235931.27522874
2015-07-16T00:00:00Z,340228672.0468071
2015-07-15T00:00:00Z,388470050.9191156
2015-07-14T00:00:00Z,365618871.4532853
2015-07-13T00:00:00Z,375774951.2158765
2015-07-12T00:00:00Z,342767691.98745495
2015-07-11T00:00:00Z,375774951.2158765
2015-07-10T00:00:00Z,378191272.3016594
2015-07-09T00:00:00Z,326619735.169615
2015-07-08T00:00:00Z,395381784.6790076
2015-07-07T00:00:00Z,329075522.65209323
2015-07-06T00:00:00Z,444497534.3285737
2015-07-05T00:00:00Z,348721822.51191974
2015-07-04T00:00:00Z,373279697.3367028
2015-07-03T00:00:00Z,395381784.6790076
2015-07-02T00:00:00Z,378191272.3016594
2015-07-01T00:00:00Z,331531310.13457155
2015-06-30T00:00:00Z,356089184.95935464
2015-06-29T00:00:00Z,343810247.5469631
2015-06-28T00:00:00Z,346266035.0294414
2015-06-27T00:00:00Z,318658628.22715336
2015-06-26T00:00:00Z,380414176.33319086
2015-06-25T00:00:00Z,375473732.48470783
2015-06-24T00:00:00Z,385354620.1816739
2015-06-23T00:00:00Z,345831069.39380985
2015-06-22T00:00:00Z,377943954.4089494
2015-06-21T00:00:00Z,306307518.6059459
2015-06-20T00:00:00Z,331009737.8483609
2015-06-19T00:00:00Z,363122622.86350036
2015-06-18T00:00:00Z,385354620.1816739
2015-06-17T00:00:00Z,390295064.03015685
2015-06-16T00:00:00Z,291486187.06049687
2015-06-15T00:00:00Z,355711957.09077585
2015-06-14T00:00:00Z,365592844.78774184
2015-06-13T00:00:00Z,376144933.8418752
2015-06-12T00:00:00Z,335928179.90909606
2015-06-11T00:00:00Z,319368340.0544223
2015-06-10T00:00:00Z,399801847.9199805
2015-06-09T00:00:00Z,357219402.5793909
2015-06-08T00:00:00Z,371413551.0262541
2015-06-07T00:00:00Z,352488019.7637698
2015-06-06T00:00:00Z,421093070.59027535
2015-06-05T00:00:00Z,326465414.2778539
2015-06-04T00:00:00Z,333562488.50128555
2015-06-03T00:00:00Z,335928179.90909606
2015-06-02T00:00:00Z,354853711.1715804
2015-06-01T00:00:00Z,312271265.83099073
2015-05-31T00:00:00Z,350122328.3559593
2015-05-30T00:00:00Z,329967735.7193837
2015-05-29T00:00:00Z,373639936.0351845
2015-05-28T00:00:00Z,320262802.31587243
2015-05-27T00:00:00Z,334820202.42113936
2015-05-26T00:00:00Z,349377602.5264063
2015-05-25T00:00:00Z,342098902.4737728
2015-05-24T00:00:00Z,354230069.22816193
2015-05-23T00:00:00Z,271738135.298316
2015-05-22T00:00:00Z,334820202.42113936
2015-05-21T00:00:00Z,376066169.3860623
2015-05-20T00:00:00Z,351803835.8772841
2015-05-19T00:00:00Z,315410335.6141168
2015-05-18T00:00:00Z,349377602.5264063
2015-05-17T00:00:00Z,414885903.00010747
2015-05-16T00:00:00Z,312624333.3228535
2015-05-15T00:00:00Z,348149825.74590504
2015-05-14T00:00:00Z,364728388.8766624
2015-05-13T00:00:00Z,383675318.1689566
2015-05-12T00:00:00Z,355254924.2305153
2015-05-11T00:00:00Z,374201853.5228095
2015-05-10T00:00:00Z,305519234.8382432
2015-05-09T00:00:00Z,305519234.8382432
2015-05-08T00:00:00Z,355254924.2305153
2015-05-07T00:00:00Z,333939628.7766844
2015-05-06T00:00:00Z,381306952.00741976
2015-05-05T00:00:00Z,364728388.8766624
2015-05-04T00:00:00Z,303150868.67670643
2015-05-03T00:00:00Z,333939628.7766844
2015-05-02T00:00:00Z,347909897.87997955
2015-05-01T00:00:00Z,350276631.8791631
2015-04-30T00:00:00Z,317142355.89059365
2015-04-29T00:00:00Z,300575217.8963089
2015-04-28T00:00:00Z,362110301.87508076
2015-04-27T00:00:00Z,324242557.88814425
2015-04-26T00:00:00Z,340809695.88242894
2015-04-25T00:00:00Z,385777641.8669161
2015-04-24T00:00:00Z,293475015.8987583
2015-04-23T00:00:00Z,307675419.8938595
2015-04-22T00:00:00Z,359743567.8758972
2015-04-21T00:00:00Z,362110301.87508076
2015-04-20T00:00:00Z,364477035.8742643
2015-04-19T00:00:00Z,343176429.88161254
2015-04-18T00:00:00Z,358867038.34537524
2015-04-17T00:00:00Z,309707170.07888544
2015-04-16T00:00:00Z,339203091.0387793
2015-04-15T00:00:00Z,299875196.42558753
2015-04-14T00:00:00Z,366241018.58534867
2015-04-13T00:00:00Z,383446972.4786201
2015-04-12T00:00:00Z,314623156.90553445
2015-04-11T00:00:00Z,344119077.86542827
2015-04-10T00:00:00Z,373614998.82532215
2015-04-09T00:00:00Z,326913123.9721569
2015-04-08T00:00:00Z,307249176.66556096
2015-04-07T00:00:00Z,373614998.82532215
2015-04-06T00:00:00Z,309707170.07888544
2015-04-05T00:00:00Z,363783025.1720242
2015-04-04T00:00:00Z,355318324.35891634
2015-04-03T00:00:00Z,339061930.4339986
2015-04-02T00:00:00Z,385508770.2194779
2015-04-01T00:00:00Z,306549142.5841631
2015-03-31T00:00:00Z,348351298.39109445
2015-03-30T00:00:00Z,329772562.4769027
2015-03-29T00:00:00Z,355318324.35891634
2015-03-28T00:00:00Z,343706614.4125465
2015-03-27T00:00:00Z,397120480.16584766
2015-03-26T00:00:00Z,343706614.4125465
2015-03-25T00:00:00Z,376219402.26238203
2015-03-24T00:00:00Z,401765164.1443956
2015-03-23T00:00:00Z,336739588.4447246
2015-03-22T00:00:00Z,329772562.4769027
2015-03-21T00:00:00Z,356003118.21509117
2015-03-20T00:00:00Z,320638570.0480291
2015-03-19T00:00:00Z,322996206.5925
2015-03-18T00:00:00Z,360718391.3040328
2015-03-17T00:00:00Z,301777477.6922627
2015-03-16T00:00:00Z,327711479.68144155
2015-03-15T00:00:00Z,337142025.85932475
2015-03-14T00:00:00Z,308850387.32567513
2015-03-13T00:00:00Z,344214935.4927372
2015-03-12T00:00:00Z,308850387.32567513
2015-03-11T00:00:00Z,363076027.8485036
2015-03-10T00:00:00Z,358360754.759562
2015-03-09T00:00:00Z,339499662.40379554
2015-03-08T00:00:00Z,367791300.9374452
2015-03-07T00:00:00Z,324897010.788311
2015-03-06T00:00:00Z,343462554.26192874
2015-03-05T00:00:00Z,306331467.3146932
2015-03-04T00:00:00Z,324897010.788311
2015-03-03T00:00:00Z,366669483.603951
2015-03-02T00:00:00Z,366669483.603951
2015-03-01T00:00:00Z,324897010.788311
2015-02-28T00:00:00Z,329538396.65671545
2015-02-27T00:00:00Z,352745325.99873763
2015-02-26T00:00:00Z,348103940.1303332
2015-02-25T00:00:00Z,368990176.5381532
2015-02-24T00:00:00Z,299369388.5120866
2015-02-23T00:00:00Z,329538396.65671545
2015-02-22T00:00:00Z,350424633.06453544
2015-02-21T00:00:00Z,313804481.38593405
2015-02-20T00:00:00Z,349162732.8097013
2015-02-19T00:00:00Z,366841858.5215849
2015-02-18T00:00:00Z,369051749.2355704
2015-02-17T00:00:00Z,329273716.3838322
2015-02-16T00:00:00Z,346952842.0957158
2015-02-15T00:00:00Z,309384699.95796317
2015-02-14T00:00:00Z,353582514.2376722
2015-02-13T00:00:00Z,322644044.2418759
2015-02-12T00:00:00Z,262976994.9642687
2015-02-11T00:00:00Z,349162732.8097013
2015-02-10T00:00:00Z,318224262.813905
2015-02-09T00:00:00Z,355792404.95165765
2015-02-08T00:00:00Z,270822511.0397519
2015-02-07T00:00:00Z,326218024.6615193
2015-02-06T00:00:00Z,363148367.0760309
2015-02-05T00:00:00Z,326218024.6615193
2015-02-04T00:00:00Z,326218024.6615193
2015-02-03T00:00:00Z,260564082.5912764
2015-02-02T00:00:00Z,326218024.6615193
2015-02-01T00:00:00Z,318011281.9027389
2015-01-31T00:00:00Z,340579824.4893849
2015-01-30T00:00:00Z,283132625.1779224
2015-01-29T00:00:00Z,336476453.10999477
2015-01-28T00:00:00Z,336476453.10999477
2015-01-27T00:00:00Z,305701167.7645684
2015-01-26T00:00:00Z,277602083.4626384
2015-01-25T00:00:00Z,273230397.1088961
2015-01-24T00:00:00Z,275416240.2857672
2015-01-23T00:00:00Z,271044553.9320249
2015-01-22T00:00:00Z,295088828.8776077
2015-01-21T00:00:00Z,325690633.3538041
2015-01-20T00:00:00Z,257929494.87079787
2015-01-19T00:00:00Z,314761417.46944827
2015-01-18T00:00:00Z,334434006.0612888
2015-01-17T00:00:00Z,301646358.40822124
2015-01-16T00:00:00Z,303832201.5850924
2015-01-15T00:00:00Z,330062319.7075464
2015-01-14T00:00:00Z,316947260.64631945
2015-01-13T00:00:00Z,277602083.4626384
2015-01-12T00:00:00Z,310389731.1157059
2015-01-11T00:00:00Z,313142288.9413483
2015-01-10T00:00:00Z,296980106.28631103
2015-01-09T00:00:00Z,282838196.46315336
2015-01-08T00:00:00Z,296980106.28631103
2015-01-07T00:00:00Z,282838196.46315336
2015-01-06T00:00:00Z,319203107.43698734
2015-01-05T00:00:00Z,315162561.773228
2015-01-04T00:00:00Z,347486927.0833027
2015-01-03T00:00:00Z,327284198.764506
2015-01-02T00:00:00Z,333345017.260145
2015-01-01T00:00:00Z,333345017.260145
2014-12-31T00:00:00Z,307081470.44570935
2014-12-30T00:00:00Z,313142288.9413483
2014-12-29T00:00:00Z,321678042.6601671
2014-12-28T00:00:00Z,331485300.05834293
2014-12-27T00:00:00Z,298140624.9045451
2014-12-26T00:00:00Z,298140624.9045451
2014-12-25T00:00:00Z,309909333.78235614
2014-12-24T00:00:00Z,300102076.3841803
2014-12-23T00:00:00Z,294217721.94527483
2014-12-22T00:00:00Z,321678042.6601671
2014-12-21T00:00:00Z,258911595.31184182
2014-12-20T00:00:00Z,262834498.27111217
2014-12-19T00:00:00Z,268718852.7100177
2014-12-18T00:00:00Z,253027240.87293634
2014-12-17T00:00:00Z,251065789.39330116
2014-12-16T00:00:00Z,284395845.21695316
2014-12-15T00:00:00Z,280418280.9481846
2014-12-14T00:00:00Z,280418280.9481846
2014-12-13T00:00:00Z,290362191.62010604
2014-12-12T00:00:00Z,280418280.9481846
2014-12-11T00:00:00Z,294339755.8888746
2014-12-10T00:00:00Z,284395845.21695316
2014-12-09T00:00:00Z,282407063.0825689
2014-12-08T00:00:00Z,324171487.90463895
2014-12-07T00:00:00Z,250586548.93242028
2014-12-06T00:00:00Z,272463152.41064745
2014-12-05T00:00:00Z,310250012.9639489
2014-12-04T00:00:00Z,290362191.62010604
2014-12-03T00:00:00Z,230698727.58857742
2014-12-02T00:00:00Z,298317320.1576432
2014-12-01T00:00:00Z,260432298.57862526
2014-11-30T00:00:00Z,320532059.7890773
2014-11-29T00:00:00Z,314522083.66803205
2014-11-28T00:00:00Z,296492155.3048965
2014-11-27T00:00:00Z,282468877.68912435
2014-11-26T00:00:00Z,274455576.1943974
2014-11-25T00:00:00Z,264438949.32598874
2014-11-24T00:00:00Z,294488829.93121475
2014-11-23T00:00:00Z,284472203.06280607
2014-11-22T00:00:00Z,308512107.5469869
2014-11-21T00:00:00Z,254422322.45758006
2014-11-20T00:00:00Z,276458901.5680791
2014-11-19T00:00:00Z,282468877.68912435
2014-11-18T00:00:00Z,308512107.5469869
2014-11-17T00:00:00Z,283494085.59305984
2014-11-16T00:00:00Z,295306339.15943736
2014-11-15T00:00:00Z,275619249.88214153
2014-11-14T00:00:00Z,303181174.87035567
2014-11-13T00:00:00Z,285462794.52078944
2014-11-12T00:00:00Z,289400212.3762486
2014-11-11T00:00:00Z,253963451.6771161
2014-11-10T00:00:00Z,289400212.3762486
2014-11-09T00:00:00Z,295306339.15943736
2014-11-08T00:00:00Z,301212465.9426261
2014-11-07T00:00:00Z,295306339.15943736
2014-11-06T00:00:00Z,303181174.87035567
2014-11-05T00:00:00Z,271681832.0266824
2014-11-04T00:00:00Z,289794652.62023073
2014-11-03T00:00:00Z,302316643.7828333
2014-11-02T00:00:00Z,277272661.45762813
2014-11-01T00:00:00Z,284428084.9791153
2014-10-31T00:00:00Z,336304905.50989735
2014-10-30T00:00:00Z,304105499.6632051
2014-10-29T00:00:00Z,277272661.45762813
2014-10-28T00:00:00Z,246862111.49130765
2014-10-27T00:00:00Z,284428084.9791153
2014-10-26T00:00:00Z,223606985.0464743
2014-10-25T00:00:00Z,277272661.45762813
2014-10-24T00:00:00Z,284428084.9791153
2014-10-23T00:00:00Z,270117237.93614095
2014-10-22T00:00:00Z,276657268.25683004
2014-10-21T00:00:00Z,266217371.34147796
2014-10-20T00:00:00Z,238377646.23387244
2014-10-19T00:00:00Z,231417714.95697105
2014-10-18T00:00:00Z,285357182.3529568
2014-10-17T00:00:00Z,247077560.32999915
2014-10-16T00:00:00Z,257517457.24535123
2014-10-15T00:00:00Z,262737405.70302728
2014-10-14T00:00:00Z,229677732.1377457
2014-10-13T00:00:00Z,269697336.9799287
2014-10-12T00:00:00Z,257517457.24535123
2014-10-11T00:00:00Z,250557525.96844986
2014-10-10T00:00:00Z,269697336.9799287
2014-10-09T00:00:00Z,257517457.24535123
2014-10-08T00:00:00Z,248116151.29367894
2014-10-07T00:00:00Z,230885863.0093957
2014-10-06T00:00:00Z,277407641.3769605
2014-10-05T00:00:00Z,291191872.0043871
2014-10-04T00:00:00Z,265346439.57796222
2014-10-03T00:00:00Z,251562208.9505356
2014-10-02T00:00:00Z,237777978.323109
2014-10-01T00:00:00Z,267069468.40639052
2014-09-30T00:00:00Z,263623410.7495339
2014-09-29T00:00:00Z,236054949.49468067
2014-09-28T00:00:00Z,223993747.69568238
2014-09-27T00:00:00Z,230885863.0093957
2014-09-26T00:00:00Z,230885863.0093957
2014-09-25T00:00:00Z,296360958.48967206
2014-09-24T00:00:00Z,231323675.94584703
2014-09-23T00:00:00Z,222426611.48639137
2014-09-22T00:00:00Z,249117804.86475834
2014-09-21T00:00:00Z,243186428.55845457
2014-09-20T00:00:00Z,260980557.47736588
2014-09-19T00:00:00Z,253566337.09448615
2014-09-18T00:00:00Z,265429089.7070937
2014-09-17T00:00:00Z,275808998.2431253
2014-09-16T00:00:00Z,253566337.09448615
2014-09-15T00:00:00Z,234289364.0989989
2014-09-14T00:00:00Z,234289364.0989989
2014-09-13T00:00:00Z,268394777.8602456
2014-09-12T00:00:00Z,209976634.20931607
2014-09-11T00:00:00Z,231792388.41288137
2014-09-10T00:00:00Z,214067088.12248456
2014-09-09T00:00:00Z,199068757.10753343
2014-09-08T00:00:00Z,196341787.83208776
2014-09-07T00:00:00Z,211340118.8470389
2014-09-06T00:00:00Z,244063750.15238687
2014-09-05T00:00:00Z,197705272.46981058
2014-09-04T00:00:00Z,215430572.7602074
2014-09-03T00:00:00Z,230428903.77515855
2014-09-02T00:00:00Z,200432241.74525625
2014-09-01T00:00:00Z,185433910.7303051
2014-08-31T00:00:00Z,256335111.89189234
2014-08-30T00:00:00Z,215729145.7882403
2014-08-29T00:00:00Z,201505246.06593874
2014-08-28T00:00:00Z,205061220.99651414
2014-08-27T00:00:00Z,200319921.0890803
2014-08-26T00:00:00Z,205061220.99651414
2014-08-25T00:00:00Z,162389521.82960945
2014-08-24T00:00:00Z,173057446.62133563
2014-08-23T00:00:00Z,192022646.25107104
2014-08-22T00:00:00Z,186096021.36677873
2014-08-21T00:00:00Z,195578621.18164644
2014-08-20T00:00:00Z,200319921.0890803
2014-08-19T00:00:00Z,220470445.69567415
2014-08-18T00:00:00Z,194191671.84183663
2014-08-17T00:00:00Z,166730223.2985466
2014-08-16T00:00:00Z,154961031.065708
2014-08-15T00:00:00Z,161826393.20153052
2014-08-14T00:00:00Z,176537883.49257877
2014-08-13T00:00:00Z,142211072.81346622
2014-08-12T00:00:00Z,170653287.37615946
2014-08-11T00:00:00Z,178499415.53138518
2014-08-10T00:00:00Z,173595585.43436912
2014-08-09T00:00:00Z,178499415.53138518
2014-08-08T00:00:00Z,154961031.065708
2014-08-07T00:00:00Z,149022969.88214368
2014-08-06T00:00:00Z,152748544.12919727
2014-08-05T00:00:00Z,125738130.83805872
2014-08-04T00:00:00Z,119218375.90571494
2014-08-03T00:00:00Z,143434608.5115633
2014-08-02T00:00:00Z,151817150.56743386
2014-08-01T00:00:00Z,146228789.1968535
2014-07-31T00:00:00Z,143434608.5115633
2014-07-30T00:00:00Z,160199692.62330446
2014-07-29T00:00:00Z,138777640.7027463
2014-07-28T00:00:00Z,139709034.2645097
2014-07-27T00:00:00Z,142503214.9497999
2014-07-26T00:00:00Z,124806737.27629533
2014-07-25T00:00:00Z,151817150.56743386
2014-07-24T00:00:00Z,123236397.76824787
2014-07-23T00:00:00Z,125821776.74240692
2014-07-22T00:00:00Z,122374604.77686153
2014-07-21T00:00:00Z,133577913.66488406
2014-07-20T00:00:00Z,133577913.66488406
2014-07-19T00:00:00Z,152537359.47538373
2014-07-18T00:00:00Z,148228394.518452
2014-07-17T00:00:00Z,148228394.518452
2014-07-16T00:00:00Z,124098190.75963423
2014-07-15T00:00:00Z,137025085.63042945
2014-07-14T00:00:00Z,116342053.83715709
2014-07-13T00:00:00Z,137886878.6218158
2014-07-12T00:00:00Z,135301499.64765677
2014-07-11T00:00:00Z,130423838.92448488
2014-07-10T00:00:00Z,124571487.17787337
2014-07-09T00:00:00Z,138784341.41964418
2014-07-08T00:00:00Z,125407537.42738931
2014-07-07T00:00:00Z,125407537.42738931
2014-07-06T00:00:00Z,118719135.43126188
2014-07-05T00:00:00Z,127079637.92642117
2014-07-04T00:00:00Z,138784341.41964418
2014-07-03T00:00:00Z,116210984.68271409
2014-07-02T00:00:00Z,114538884.18368223
2014-07-01T00:00:00Z,111194683.18561852
2014-06-30T00:00:00Z,110358632.93610258
2014-06-29T00:00:00Z,131259889.17400081
2014-06-28T00:00:00Z,121799584.70744479
2014-06-27T00:00:00Z,131838012.01849793
2014-06-26T00:00:00Z,114438071.34600583
2014-06-25T00:00:00Z,125145727.1444625
2014-06-24T00:00:00Z,125814955.63186605
2014-06-23T00:00:00Z,117784213.78302354
2014-06-22T00:00:00Z,120461127.7326377
2014-06-21T00:00:00Z,124476498.65705895
2014-06-20T00:00:00Z,124476498.65705895
2014-06-19T00:00:00Z,111761157.39639165
2014-06-18T00:00:00Z,105738101.00975975
2014-06-17T00:00:00Z,107533531.2895428
2014-06-16T00:00:00Z,109871216.75235894
2014-06-15T00:00:00Z,111040059.483767
2014-06-14T00:00:00Z,104027003.09531857
2014-06-13T00:00:00Z,95260682.60975802
2014-06-12T00:00:00Z,100520474.90109435
2014-06-11T00:00:00Z,85325519.3927894
2014-06-10T00:00:00Z,97598368.07257417
2014-06-09T00:00:00Z,91169733.04982977
2014-06-08T00:00:00Z,79481305.73574902
2014-06-07T00:00:00Z,90585311.68412572
2014-06-06T00:00:00Z,81234569.83286113
2014-06-05T00:00:00Z,88832047.58701362
2014-06-04T00:00:00Z,94075956.77334104
2014-06-03T00:00:00Z,92516686.77157296
2014-06-02T00:00:00Z,100313036.78041337
2014-06-01T00:00:00Z,90957416.76980488
2014-05-31T00:00:00Z,76404230.0866361
2014-05-30T00:00:00Z,86799363.43175665
2014-05-29T00:00:00Z,73285690.08309993
2014-05-28T00:00:00Z,87838876.76626872
2014-05-27T00:00:00Z,70686906.7468198
2014-05-26T00:00:00Z,82121553.4264524
2014-05-25T00:00:00Z,83680823.4282205
2014-05-24T00:00:00Z,80042526.75742829
2014-05-23T00:00:00Z,72617442.45856705
2014-05-22T00:00:00Z,75698182.44165777
2014-05-21T00:00:00Z,77018499.57726808
2014-05-20T00:00:00Z,77898711.00100829
2014-05-19T00:00:00Z,73937759.59417737
2014-05-18T00:00:00Z,75698182.44165777
2014-05-17T00:00:00Z,76138288.15352789
2014-05-16T00:00:00Z,79659133.8484887
2014-05-15T00:00:00Z,75258076.72978766
2014-05-14T00:00:00Z,66015856.7805155
2014-05-13T00:00:00Z,71297125.32295674
2014-05-12T00:00:00Z,72177336.74669695
2014-05-11T00:00:00Z,60454277.69497783
2014-05-10T00:00:00Z,71192866.49605942
2014-05-09T00:00:00Z,67613336.89569889
2014-05-08T00:00:00Z,66420160.36224538
2014-05-07T00:00:00Z,63238356.27303602
2014-05-06T00:00:00Z,77158749.16332696
2014-05-05T00:00:00Z,49715688.89389624
2014-05-04T00:00:00Z,60056552.18382666
2014-05-03T00:00:00Z,56477022.58346613
2014-05-02T00:00:00Z,64033807.29533836
2014-05-01T00:00:00Z,69999689.96260591
2014-04-30T00:00:00Z,54488395.02771028
2014-04-29T00:00:00Z,68011062.40685005
2014-04-28T00:00:00Z,52731862.77172755
2014-04-27T00:00:00Z,61404866.51707748
2014-04-26T00:00:00Z,56547984.41968152
2014-04-25T00:00:00Z,63139467.26614746
2014-04-24T00:00:00Z,52384942.62191356
2014-04-23T00:00:00Z,57241824.71930951
2014-04-22T00:00:00Z,53425703.07135555
2014-04-21T00:00:00Z,59323345.6181935
2014-04-20T00:00:00Z,61751786.66689148
2014-04-19T00:00:00Z,55160303.82042553
2014-04-18T00:00:00Z,55507223.97023953
2014-04-17T00:00:00Z,58629505.3185655
2014-04-16T00:00:00Z,48369904.19805583
2014-04-15T00:00:00Z,55366808.57890668
2014-04-14T00:00:00Z,58713154.15235708
2014-04-13T00:00:00Z,56887874.74865686
2014-04-12T00:00:00Z,48978330.66595591
2014-04-11T00:00:00Z,51412036.5375562
2014-04-10T00:00:00Z,47153051.26225569
2014-04-09T00:00:00Z,48978330.66595591
2014-04-08T00:00:00Z,40764573.34930492
2014-04-07T00:00:00Z,45936198.32645554
2014-04-06T00:00:00Z,45936198.32645554
2014-04-05T00:00:00Z,52020463.00545628
2014-04-04T00:00:00Z,48534016.02803651
2014-04-03T00:00:00Z,50774047.53702281
2014-04-02T00:00:00Z,49031800.80781124
2014-04-01T00:00:00Z,42560598.67073971
2014-03-31T00:00:00Z,44800630.17972601
2014-03-30T00:00:00Z,34844934.58423134
2014-03-29T00:00:00Z,43556168.23028917
2014-03-28T00:00:00Z,43307275.84040181
2014-03-27T00:00:00Z,43058383.45051444
2014-03-26T00:00:00Z,39573889.99209131
2014-03-25T00:00:00Z,39076105.21231657
2014-03-24T00:00:00Z,46791769.29882494
2014-03-23T00:00:00Z,45213808.45921883
2014-03-22T00:00:00Z,35917511.39283739
2014-03-21T00:00:00Z,39297983.05333973
2014-03-20T00:00:00Z,37396467.74430717
2014-03-19T00:00:00Z,33804716.60502343
2014-03-18T00:00:00Z,30846803.90208388
2014-03-17T00:00:00Z,34015996.08380482
2014-03-16T00:00:00Z,36128790.87161879
2014-03-15T00:00:00Z,34861113.99893041
2014-03-14T00:00:00Z,28100170.67792572
2014-03-13T00:00:00Z,34227275.56258622
2014-03-12T00:00:00Z,34521879.91457085
2014-03-11T00:00:00Z,31866350.69037309
2014-03-10T00:00:00Z,28262418.17181899
2014-03-09T00:00:00Z,33952837.93795705
2014-03-08T00:00:00Z,31866350.69037309
2014-03-07T00:00:00Z,31486989.37263056
2014-03-06T00:00:00Z,32814753.98472943
2014-03-05T00:00:00Z,29590182.78391787
2014-03-04T00:00:00Z,28262418.17181899
2014-03-03T00:00:00Z,28072737.51294772
2014-03-02T00:00:00Z,26555292.24197758
2014-03-01T00:00:00Z,27314014.87746265
2014-02-28T00:00:00Z,34332199.25569958
2014-02-27T00:00:00Z,29247522.15025798
2014-02-26T00:00:00Z,28625234.44493334
2014-02-25T00:00:00Z,25047080.13931668
2014-02-24T00:00:00Z,29714237.92925146
2014-02-23T00:00:00Z,26136083.62363479
2014-02-22T00:00:00Z,28002946.73960871
2014-02-21T00:00:00Z,23646932.80233624
2014-02-20T00:00:00Z,27536230.96061523
2014-02-19T00:00:00Z,31114385.2662319
2014-02-18T00:00:00Z,25358223.99197899
2014-02-17T00:00:00Z,24113648.58132972
2014-02-16T00:00:00Z,25410590.82317985
2014-02-15T00:00:00Z,24368105.04581862
2014-02-14T00:00:00Z,24889347.93449923
2014-02-13T00:00:00Z,23195308.54628724
2014-02-12T00:00:00Z,23195308.54628724
2014-02-11T00:00:00Z,21370958.4359051
2014-02-10T00:00:00Z,20328472.65854388
2014-02-09T00:00:00Z,17982879.65948112
2014-02-08T00:00:00Z,23716551.43496786
2014-02-07T00:00:00Z,20198161.93637372
2014-02-06T00:00:00Z,23716551.43496786
2014-02-05T00:00:00Z,21892201.32458571
2014-02-04T00:00:00Z,18757764.29427354
2014-02-03T00:00:00Z,19739275.21664832
2014-02-02T00:00:00Z,20284559.06241209
2014-02-01T00:00:00Z,20611729.36987035
2014-01-31T00:00:00Z,20066445.52410658
2014-01-30T00:00:00Z,19193991.37088455
2014-01-29T00:00:00Z,16576628.91121848
2014-01-28T00:00:00Z,16794742.44952399
2014-01-27T00:00:00Z,18975877.83257905
2014-01-26T00:00:00Z,16576628.91121848
2014-01-25T00:00:00Z,17994366.91020427
2014-01-24T00:00:00Z,20611729.36987035
2014-01-23T00:00:00Z,15745718.47695731
2014-01-22T00:00:00Z,17080101.39873335
2014-01-21T00:00:00Z,14767171.00098821
2014-01-20T00:00:00Z,17346977.98308856
2014-01-19T00:00:00Z,15034047.58534342
2014-01-18T00:00:00Z,15478841.8926021
2014-01-17T00:00:00Z,13521746.9406639
2014-01-16T00:00:00Z,16457389.3685712
2014-01-15T00:00:00Z,16368430.50711946
2014-01-14T00:00:00Z,14411335.55518126
2014-01-13T00:00:00Z,15034047.58534342
2014-01-12T00:00:00Z,14596210.17298524
2014-01-11T00:00:00Z,14807749.45085459
2014-01-10T00:00:00Z,13185948.3205229
2014-01-09T00:00:00Z,14596210.17298524
2014-01-08T00:00:00Z,13609026.8762616
2014-01-07T00:00:00Z,12480817.39429172
2014-01-06T00:00:00Z,13115435.22789978
2014-01-05T00:00:00Z,13609026.8762616
2014-01-04T00:00:00Z,9942346.05985951
2014-01-03T00:00:00Z,11352607.91232185
2014-01-02T00:00:00Z,9448754.41149769
2014-01-01T00:00:00Z,12034322.14187258
2013-12-31T00:00:00Z,10801537.92246124
2013-12-30T00:00:00Z,10155793.8075315
2013-12-29T00:00:00Z,9862273.7552907
2013-12-28T00:00:00Z,8805601.56722384
2013-12-27T00:00:00Z,10801537.92246124
2013-12-26T00:00:00Z,10566721.88066861
2013-12-25T00:00:00Z,9510049.69260175
2013-12-24T00:00:00Z,9920977.76573886
2013-12-23T00:00:00Z,10038385.78663518
2013-12-22T00:00:00Z,9920977.76573886
2013-12-21T00:00:00Z,9451345.68215359
2013-12-20T00:00:00Z,8037477.19962888
2013-12-19T00:00:00Z,10204886.78155127
2013-12-18T00:00:00Z,8985718.89171993
2013-12-17T00:00:00Z,9166336.35688013
2013-12-16T00:00:00Z,9076027.62430003
2013-12-15T00:00:00Z,7992322.83333883
2013-12-14T00:00:00Z,8940564.52542988
2013-12-13T00:00:00Z,7856859.73446868
2013-12-12T00:00:00Z,7360161.70527813
2013-12-11T00:00:00Z,7450470.43785823
2013-12-10T00:00:00Z,8669638.32768958
2013-12-09T00:00:00Z,6189120.34201532
2013-12-08T00:00:00Z,6857264.01530107
2013-12-07T00:00:00Z,6857264.01530107
2013-12-06T00:00:00Z,7314414.94965447
2013-12-05T00:00:00Z,5978127.60308298
2013-12-04T00:00:00Z,6013293.05957171
2013-12-03T00:00:00Z,7033091.29774468
2013-12-02T00:00:00Z,5591307.58170702
2013-12-01T00:00:00Z,6857264.01530107
2013-11-30T00:00:00Z,6189120.34201532
2013-11-29T00:00:00Z,6083623.97254915
2013-11-28T00:00:00Z,5483856.25168333
2013-11-27T00:00:00Z,5241475.8648686
2013-11-26T00:00:00Z,4817310.18794282
2013-11-25T00:00:00Z,5241475.8648686
2013-11-24T00:00:00Z,5089988.12310939
2013-11-23T00:00:00Z,5150583.21981307
2013-11-22T00:00:00Z,5211178.31651676
2013-11-21T00:00:00Z,4544632.25277624
2013-11-20T00:00:00Z,4968797.92970202
2013-11-19T00:00:00Z,4877905.2846465
2013-11-18T00:00:00Z,4726417.54288729
2013-11-17T00:00:00Z,5635343.99344254
2013-11-16T00:00:00Z,4927300.27748478
2013-11-15T00:00:00Z,4216143.5364045
2013-11-14T00:00:00Z,4647917.27206038
2013-11-13T00:00:00Z,4266940.44648166
2013-11-12T00:00:00Z,5105089.46275485
2013-11-11T00:00:00Z,4749511.09221471
2013-11-10T00:00:00Z,4343135.81159741
2013-11-09T00:00:00Z,3758971.34571004
2013-11-08T00:00:00Z,3403392.9751699
2013-11-07T00:00:00Z,3657377.52555571
2013-11-06T00:00:00Z,4139948.17128876
2013-11-05T00:00:00Z,4419331.17671315
2013-11-04T00:00:00Z,3789469.21069746
2013-11-03T00:00:00Z,3731169.68437904
2013-11-02T00:00:00Z,3925501.43877378
2013-11-01T00:00:00Z,4042100.49141063
2013-10-31T00:00:00Z,4100400.01772905
2013-10-30T00:00:00Z,3789469.21069746
2013-10-29T00:00:00Z,3109308.07031587
2013-10-28T00:00:00Z,3400805.70190798
2013-10-27T00:00:00Z,3478538.40366588
2013-10-26T00:00:00Z,3536837.9299843
2013-10-25T00:00:00Z,3127613.26101122
2013-10-24T00:00:00Z,2861433.40901026
2013-10-23T00:00:00Z,2941287.36461055
2013-10-22T00:00:00Z,3260703.1870117
2013-10-21T00:00:00Z,2808197.43861007
2013-10-20T00:00:00Z,2648489.5274095
2013-10-19T00:00:00Z,2967905.34981065
2013-10-18T00:00:00Z,2555326.57920917
2013-10-17T00:00:00Z,2222601.76420797
2013-10-16T00:00:00Z,2794888.44601003
2013-10-15T00:00:00Z,2446397.70377383
2013-10-14T00:00:00Z,2352305.48439791
2013-10-13T00:00:00Z,2079438.04820775
2013-10-12T00:00:00Z,2013573.49464461
2013-10-11T00:00:00Z,1740706.05845446
2013-10-10T00:00:00Z,1806570.6120176
2013-10-09T00:00:00Z,1684250.72682891
2013-10-08T00:00:00Z,1514884.73195226
2013-10-07T00:00:00Z,1467838.6222643
2013-10-06T00:00:00Z,1740706.05845446
2013-10-05T00:00:00Z,1620127.51809462
2013-10-04T00:00:00Z,1331611.6587079
2013-10-03T00:00:00Z,1472170.66712707
2013-10-02T00:00:00Z,1412987.92674005
2013-10-01T00:00:00Z,1383396.55654655
2013-09-30T00:00:00Z,1205848.33538549
2013-09-29T00:00:00Z,1257633.23322413
2013-09-28T00:00:00Z,1309418.13106277
2013-09-27T00:00:00Z,1316815.97361115
2013-09-26T00:00:00Z,1198450.49283711
2013-09-25T00:00:00Z,1523955.56496571
2013-09-24T00:00:00Z,1186944.65070547
2013-09-23T00:00:00Z,1175747.05966108
2013-09-22T00:00:00Z,1136555.49100571
2013-09-21T00:00:00Z,1058172.35369498
2013-09-20T00:00:00Z,1119759.10443913
2013-09-19T00:00:00Z,1063771.14921717
2013-09-18T00:00:00Z,923801.26116228
2013-09-17T00:00:00Z,1002184.39847302
2013-09-16T00:00:00Z,862214.51041813
2013-09-15T00:00:00Z,1013381.98951741
2013-09-14T00:00:00Z,1220537.42383865
2013-09-13T00:00:00Z,881578.60563724
2013-09-12T00:00:00Z,920471.77941536
2013-09-11T00:00:00Z,864292.75062475
2013-09-10T00:00:00Z,825399.57684663
2013-09-09T00:00:00Z,877257.14188412
2013-09-08T00:00:00Z,678469.80924043
2013-09-07T00:00:00Z,626612.24420294
2013-09-06T00:00:00Z,799470.79432789
2013-09-05T00:00:00Z,773542.01180915
2013-09-04T00:00:00Z,704398.59175917
2013-09-03T00:00:00Z,634079.92432617
2013-09-02T00:00:00Z,702717.44190787
2013-09-01T00:00:00Z,722328.16121692
2013-08-31T00:00:00Z,728865.06765328
2013-08-30T00:00:00Z,670032.90972611
2013-08-29T00:00:00Z,617737.65823529
2013-08-28T00:00:00Z,581784.67283535
2013-08-27T00:00:00Z,552368.59387177
2013-08-26T00:00:00Z,542563.23421724
2013-08-25T00:00:00Z,493536.4359446
2013-08-24T00:00:00Z,598126.93892623
2013-08-23T00:00:00Z,495055.94819652
2013-08-22T00:00:00Z,545571.8612778
2013-08-21T00:00:00Z,495055.94819652
2013-08-20T00:00:00Z,479901.17427214
2013-08-19T00:00:00Z,447065.83076931
2013-08-18T00:00:00Z,490004.3568884
2013-08-17T00:00:00Z,479901.17427214
2013-08-16T00:00:00Z,424333.66988273
2013-08-15T00:00:00Z,429385.26119086
2013-08-14T00:00:00Z,424333.66988273
2013-08-13T00:00:00Z,462220.60469369
2013-08-12T00:00:00Z,401501.76915811
2013-08-11T00:00:00Z,401501.76915811
2013-08-10T00:00:00Z,390348.94223705
2013-08-09T00:00:00Z,362466.8749344
2013-08-08T00:00:00Z,381054.91980284
2013-08-07T00:00:00Z,345737.63455282
2013-08-06T00:00:00Z,353172.85250019
2013-08-05T00:00:00Z,351314.04801335
2013-08-04T00:00:00Z,332726.00314491
2013-08-03T00:00:00Z,315996.76276333
2013-08-02T00:00:00Z,298328.05355168
2013-08-01T00:00:00Z,275021.17436796
2013-07-31T00:00:00Z,295220.46966052
2013-07-30T00:00:00Z,306097.01327959
2013-07-29T00:00:00Z,276574.96631354
2013-07-28T00:00:00Z,261037.04685772
2013-07-27T00:00:00Z,281236.34215028
2013-07-26T00:00:00Z,254821.8790754
2013-07-25T00:00:00Z,226853.62405493
2013-07-24T00:00:00Z,247052.91934749
2013-07-23T00:00:00Z,219084.66432702
2013-07-22T00:00:00Z,256375.67102098
2013-07-21T00:00:00Z,258812.15728924
2013-07-20T00:00:00Z,241904.83043115
2013-07-19T00:00:00Z,222396.37636412
2013-07-18T00:00:00Z,209390.74031943
2013-07-17T00:00:00Z,239303.70322221
2013-07-16T00:00:00Z,213292.43113284
2013-07-15T00:00:00Z,213292.43113284
2013-07-14T00:00:00Z,223696.93996859
2013-07-13T00:00:00Z,204188.48590156
2013-07-12T00:00:00Z,200286.79508815
2013-07-11T00:00:00Z,226298.06717752
2013-07-10T00:00:00Z,206814.0677643
2013-07-09T00:00:00Z,196208.21813536
2013-07-08T00:00:00Z,203632.31287561
2013-07-07T00:00:00Z,197268.80309825
2013-07-06T00:00:00Z,198329.38806115
2013-07-05T00:00:00Z,197268.80309825
2013-07-04T00:00:00Z,174996.51887748
2013-07-03T00:00:00Z,195147.63317246
2013-07-02T00:00:00Z,162269.49932276
2013-07-01T00:00:00Z,166511.83917433
2013-06-30T00:00:00Z,162269.49932276
2013-06-29T00:00:00Z,179238.85872906
2013-06-28T00:00:00Z,162469.79659371
2013-06-27T00:00:00Z,160547.07710739
2013-06-26T00:00:00Z,167276.5953095
2013-06-25T00:00:00Z,150933.47967581
2013-06-24T00:00:00Z,144203.96147371
2013-06-23T00:00:00Z,158624.35762108
2013-06-22T00:00:00Z,169199.31479582
2013-06-21T00:00:00Z,161508.43685055
2013-06-20T00:00:00Z,148049.40044634
2013-06-19T00:00:00Z,130744.92506949
2013-06-18T00:00:00Z,134590.36404213
2013-06-17T00:00:00Z,139397.16275792
2013-06-16T00:00:00Z,177851.55248424
2013-06-15T00:00:00Z,134206.51604081
2013-06-14T00:00:00Z,139636.83749911
2013-06-13T00:00:00Z,144291.39874908
2013-06-12T00:00:00Z,157479.32229066
2013-06-11T00:00:00Z,139636.83749911
2013-06-10T00:00:00Z,134982.27624914
2013-06-09T00:00:00Z,123345.87312421
2013-06-08T00:00:00Z,140412.59770744
2013-06-07T00:00:00Z,124897.39354087
2013-06-06T00:00:00Z,140412.59770744
2013-06-05T00:00:00Z,142739.87833242
2013-06-04T00:00:00Z,128683.81645199
2013-06-03T00:00:00Z,128683.81645199
2013-06-02T00:00:00Z,120225.7252298
2013-06-01T00:00:00Z,128683.81645199
2013-05-31T00:00:00Z,105726.14027746
2013-05-30T00:00:00Z,108142.73776952
2013-05-29T00:00:00Z,101497.09466636
2013-05-28T00:00:00Z,95455.60093622
2013-05-27T00:00:00Z,106330.28965047
2013-05-26T00:00:00Z,98476.34780129
2013-05-25T00:00:00Z,99684.64654732
2013-05-24T00:00:00Z,93984.54783497
2013-05-23T00:00:00Z,96765.15575908
2013-05-22T00:00:00Z,86754.96723228
2013-05-21T00:00:00Z,83974.35930816
2013-05-20T00:00:00Z,71739.68444207
2013-05-19T00:00:00Z,86754.96723228
2013-05-18T00:00:00Z,82862.11613852
2013-05-17T00:00:00Z,89535.57515639
2013-05-16T00:00:00Z,82305.9945537
2013-05-15T00:00:00Z,78413.14345994
2013-05-14T00:00:00Z,85642.72406263
2013-05-13T00:00:00Z,96765.15575908
2013-05-12T00:00:00Z,93428.42625014
2013-05-11T00:00:00Z,91162.93297037
2013-05-10T00:00:00Z,86153.98060936
2013-05-09T00:00:00Z,82146.81872055
2013-05-08T00:00:00Z,82647.71395665
2013-05-07T00:00:00Z,84150.39966496
2013-05-06T00:00:00Z,83148.60919275
2013-05-05T00:00:00Z,82647.71395665
2013-05-04T00:00:00Z,79642.34254005
2013-05-03T00:00:00Z,68622.64734583
2013-05-02T00:00:00Z,67119.96163752
2013-05-01T00:00:00Z,75635.18065124
2013-04-30T00:00:00Z,74633.39017904
2013-04-29T00:00:00Z,77623.9533868
2013-04-28T00:00:00Z,78962.29741071
2013-04-27T00:00:00Z,65578.85717161
2013-04-26T00:00:00Z,76285.60936289
2013-04-25T00:00:00Z,76731.72403753
2013-04-24T00:00:00Z,72270.57729116
2013-04-23T00:00:00Z,74947.26533898
2013-04-22T00:00:00Z,68255.54521943
2013-04-21T00:00:00Z,78516.18273607
2013-04-20T00:00:00Z,68701.65989407
2013-04-19T00:00:00Z,61117.71042524
2013-04-18T00:00:00Z,65578.85717161
2013-04-17T00:00:00Z,76285.60936289
2013-04-16T00:00:00Z,67512.56039752
2013-04-15T00:00:00Z,62554.01076381
2013-04-14T00:00:00Z,58358.31491989
2013-04-13T00:00:00Z,63698.29144851
2013-04-12T00:00:00Z,65986.85281792
2013-04-11T00:00:00Z,61028.3031842
2013-04-10T00:00:00Z,72852.53692614
2013-04-09T00:00:00Z,67131.13350262
2013-04-08T00:00:00Z,59121.1687097
2013-04-07T00:00:00Z,62554.01076381
2013-04-06T00:00:00Z,62172.58386891
2013-04-05T00:00:00Z,60265.4493944
2013-04-04T00:00:00Z,51259.10480479
2013-04-03T00:00:00Z,58248.98273271
2013-04-02T00:00:00Z,60246.09071212
2013-04-01T00:00:00Z,65904.56332044
2013-03-31T00:00:00Z,56251.8747533
2013-03-30T00:00:00Z,57583.28007291
2013-03-29T00:00:00Z,57916.13140281
2013-03-28T00:00:00Z,60911.79337192
2013-03-27T00:00:00Z,43603.52421706
2013-03-26T00:00:00Z,50260.55081508
2013-03-25T00:00:00Z,47930.59150577
2013-03-24T00:00:00Z,62908.90135133
2013-03-23T00:00:00Z,52292.19279904
2013-03-22T00:00:00Z,55183.92696305
2013-03-21T00:00:00Z,52533.17064604
2013-03-20T00:00:00Z,50846.32571704
2013-03-19T00:00:00Z,40966.23399003
2013-03-18T00:00:00Z,45785.79093004
2013-03-17T00:00:00Z,50364.37002304
2013-03-16T00:00:00Z,42171.12322503
2013-03-15T00:00:00Z,41448.18968403
2013-03-14T00:00:00Z,43135.03461304
2013-03-13T00:00:00Z,34089.14211224
2013-03-12T00:00:00Z,29312.31965066
2013-03-11T00:00:00Z,35609.0401682
2013-03-10T00:00:00Z,39734.47774867
2013-03-09T00:00:00Z,36694.68163675
2013-03-08T00:00:00Z,34740.52699337
2013-03-07T00:00:00Z,34740.52699337
2013-03-06T00:00:00Z,33654.88552483
2013-03-05T00:00:00Z,30180.83282549
2013-03-04T00:00:00Z,38865.96457383
2013-03-03T00:00:00Z,34957.65528708
2013-03-02T00:00:00Z,31483.60258774
2013-03-01T00:00:00Z,33003.5006437
2013-02-28T00:00:00Z,30490.78579395
2013-02-27T00:00:00Z,35028.10510852
2013-02-26T00:00:00Z,30127.80024878
2013-02-25T00:00:00Z,37024.52560693
2013-02-24T00:00:00Z,28312.87252295
2013-02-23T00:00:00Z,29764.81470361
2013-02-22T00:00:00Z,30853.77133911
2013-02-21T00:00:00Z,31942.72797461
2013-02-20T00:00:00Z,35028.10510852
2013-02-19T00:00:00Z,28857.3508407
2013-02-18T00:00:00Z,29220.33638586
2013-02-17T00:00:00Z,30610.95481929
2013-02-16T00:00:00Z,30773.77904705
2013-02-15T00:00:00Z,29145.53676943
2013-02-14T00:00:00Z,24586.45839209
2013-02-13T00:00:00Z,27842.94294733
2013-02-12T00:00:00Z,22632.56765894
2013-02-11T00:00:00Z,25889.05221419
2013-02-10T00:00:00Z,26214.70066971
2013-02-09T00:00:00Z,23283.86456999
2013-02-08T00:00:00Z,24586.45839209
2013-02-07T00:00:00Z,25074.93107538
2013-02-06T00:00:00Z,23772.33725328
2013-02-05T00:00:00Z,27191.64603629
2013-02-04T00:00:00Z,24202.89404547
2013-02-03T00:00:00Z,27449.6237345
2013-02-02T00:00:00Z,22579.52920096
2013-02-01T00:00:00Z,21694.05746759
2013-01-31T00:00:00Z,28482.6740901
2013-01-30T00:00:00Z,22579.52920096
2013-01-29T00:00:00Z,23317.4223121
2013-01-28T00:00:00Z,21694.05746759
2013-01-27T00:00:00Z,22284.3719565
2013-01-26T00:00:00Z,23022.26506764
2013-01-25T00:00:00Z,20218.2712453
2013-01-24T00:00:00Z,23022.26506764
2013-01-23T00:00:00Z,18594.90640079
2013-01-22T00:00:00Z,23261.18198693
2013-01-21T00:00:00Z,21322.75015469
2013-01-20T00:00:00Z,20999.67818264
2013-01-19T00:00:00Z,24876.54184713
2013-01-18T00:00:00Z,19545.85430846
2013-01-17T00:00:00Z,17930.49444826
2013-01-16T00:00:00Z,21161.21416867
2013-01-15T00:00:00Z,19545.85430846
2013-01-14T00:00:00Z,25361.14980519
2013-01-13T00:00:00Z,21484.28614071
2013-01-12T00:00:00Z,19707.39029448
2013-01-11T00:00:00Z,18899.71036438
2013-01-10T00:00:00Z,23745.78994499
2013-01-09T00:00:00Z,20999.67818264
2013-01-08T00:00:00Z,21484.28614071
2013-01-07T00:00:00Z,24883.9146569
2013-01-06T00:00:00Z,21477.18824554
2013-01-05T00:00:00Z,20884.71408704
2013-01-04T00:00:00Z,22662.13656254
2013-01-03T00:00:00Z,23995.20341916
2013-01-02T00:00:00Z,22662.13656254
2013-01-01T00:00:00Z,23995.20341916
2012-12-31T00:00:00Z,23402.72926066
2012-12-30T00:00:00Z,24587.67757765
2012-12-29T00:00:00Z,21329.06970592
2012-12-28T00:00:00Z,25032.03319653
2012-12-27T00:00:00Z,23106.49218141
2012-12-26T00:00:00Z,22810.25510216
2012-12-25T00:00:00Z,20774.04809707
2012-12-24T00:00:00Z,22114.30926462
2012-12-23T00:00:00Z,20438.98280518
2012-12-22T00:00:00Z,25632.49482944
2012-12-21T00:00:00Z,21109.11338895
2012-12-20T00:00:00Z,17758.46047007
2012-12-19T00:00:00Z,23789.63572406
2012-12-18T00:00:00Z,20941.58074301
2012-12-17T00:00:00Z,22449.37455651
2012-12-16T00:00:00Z,18596.12369979
2012-12-15T00:00:00Z,19433.78692951
2012-12-14T00:00:00Z,17758.46047007
2012-12-13T00:00:00Z,21946.77661867
2012-12-12T00:00:00Z,21779.24397273
2012-12-11T00:00:00Z,24124.70101595
2012-12-10T00:00:00Z,23957.16837
2012-12-09T00:00:00Z,21539.58554705
2012-12-08T00:00:00Z,23590.97464677
2012-12-07T00:00:00Z,22052.43282198
2012-12-06T00:00:00Z,23420.02555513
2012-12-05T00:00:00Z,20855.78918048
2012-12-04T00:00:00Z,19146.29826405
2012-12-03T00:00:00Z,25129.51647156
2012-12-02T00:00:00Z,24445.72010499
2012-12-01T00:00:00Z,28548.49830443
2012-11-30T00:00:00Z,21368.63645541
2012-11-29T00:00:00Z,28377.54921279
2012-11-28T00:00:00Z,29403.24376265
2012-11-27T00:00:00Z,25300.46556321
2012-11-26T00:00:00Z,26839.007388
2012-11-25T00:00:00Z,24449.49913956
2012-11-24T00:00:00Z,25286.81075393
2012-11-23T00:00:00Z,27296.35862841
2012-11-22T00:00:00Z,24114.57449381
2012-11-21T00:00:00Z,25454.2730768
2012-11-20T00:00:00Z,24616.96146243
2012-11-19T00:00:00Z,24449.49913956
2012-11-18T00:00:00Z,24449.49913956
2012-11-17T00:00:00Z,23444.72520232
2012-11-16T00:00:00Z,24282.03681669
2012-11-15T00:00:00Z,22774.87591082
2012-11-14T00:00:00Z,23947.11217094
2012-11-13T00:00:00Z,23444.72520232
2012-11-12T00:00:00Z,22105.02661933
2012-11-11T00:00:00Z,24146.28574552
2012-11-10T00:00:00Z,23653.50440377
2012-11-09T00:00:00Z,24967.58798176
2012-11-08T00:00:00Z,25296.10887626
2012-11-07T00:00:00Z,25788.890218
2012-11-06T00:00:00Z,22175.16037854
2012-11-05T00:00:00Z,26281.67155975
2012-11-04T00:00:00Z,25788.890218
2012-11-03T00:00:00Z,23982.02529827
2012-11-02T00:00:00Z,23489.24395652
2012-11-01T00:00:00Z,22503.68127303
2012-10-31T00:00:00Z,23653.50440377
2012-10-30T00:00:00Z,23489.24395652
2012-10-29T00:00:00Z,24130.6987865
2012-10-28T00:00:00Z,25352.50631999
2012-10-27T00:00:00Z,26727.03979517
2012-10-26T00:00:00Z,25199.7803783
2012-10-25T00:00:00Z,21839.8096612
2012-10-24T00:00:00Z,24741.60255324
2012-10-23T00:00:00Z,19854.37241927
2012-10-22T00:00:00Z,23977.97284481
2012-10-21T00:00:00Z,24588.87661156
2012-10-20T00:00:00Z,24130.6987865
2012-10-19T00:00:00Z,20618.0021277
2012-10-18T00:00:00Z,23977.97284481
2012-10-17T00:00:00Z,21687.08371951
2012-10-16T00:00:00Z,23672.52096144
2012-10-15T00:00:00Z,25662.03449867
2012-10-14T00:00:00Z,19284.4874635
2012-10-13T00:00:00Z,22473.26098108
2012-10-12T00:00:00Z,22625.10733906
2012-10-11T00:00:00Z,20954.79740128
2012-10-10T00:00:00Z,22625.10733906
2012-10-09T00:00:00Z,21562.1828332
2012-10-08T00:00:00Z,27028.65172049
2012-10-07T00:00:00Z,18980.79474754
2012-10-06T00:00:00Z,23536.18548694
2012-10-05T00:00:00Z,20651.10468532
2012-10-04T00:00:00Z,19891.87289542
2012-10-03T00:00:00Z,20195.56561138
2012-10-02T00:00:00Z,20787.07074738
2012-10-01T00:00:00Z,18651.41279388
2012-09-30T00:00:00Z,22637.97430708
2012-09-29T00:00:00Z,23919.36907918
2012-09-28T00:00:00Z,22495.59711018
2012-09-27T00:00:00Z,22922.72870088
2012-09-26T00:00:00Z,19932.80756598
2012-09-25T00:00:00Z,19790.43036908
2012-09-24T00:00:00Z,21783.71112568
2012-09-23T00:00:00Z,22495.59711018
2012-09-22T00:00:00Z,22353.21991328
2012-09-21T00:00:00Z,24061.74627608
2012-09-20T00:00:00Z,21641.33392878
2012-09-19T00:00:00Z,20075.18476288
2012-09-18T00:00:00Z,22364.94897318
2012-09-17T00:00:00Z,22498.87082332
2012-09-16T00:00:00Z,21561.41787234
2012-09-15T00:00:00Z,19284.74641998
2012-09-14T00:00:00Z,21695.33972248
2012-09-13T00:00:00Z,17409.84051804
2012-09-12T00:00:00Z,20757.88677151
2012-09-11T00:00:00Z,19418.66827012
2012-09-10T00:00:00Z,20088.27752082
2012-09-09T00:00:00Z,21293.57417207
2012-09-08T00:00:00Z,19418.66827012
2012-09-07T00:00:00Z,22498.87082332
2012-09-06T00:00:00Z,22900.63637373
2012-09-05T00:00:00Z,21838.50037054
2012-09-04T00:00:00Z,18562.72531496
2012-09-03T00:00:00Z,19048.02532319
2012-09-02T00:00:00Z,19897.3003376
2012-09-01T00:00:00Z,19533.32533143
2012-08-31T00:00:00Z,16985.5002882
2012-08-30T00:00:00Z,18684.05031702
2012-08-29T00:00:00Z,20382.60034584
2012-08-28T00:00:00Z,18320.07531084
2012-08-27T00:00:00Z,17592.12529849
2012-08-26T00:00:00Z,21717.17536848
2012-08-25T00:00:00Z,16742.85028408
2012-08-24T00:00:00Z,16118.46363822
2012-08-23T00:00:00Z,17969.90878585
2012-08-22T00:00:00Z,16989.73194298
2012-08-21T00:00:00Z,18841.17709062
2012-08-20T00:00:00Z,18950.08562871
2012-08-19T00:00:00Z,19821.35393348
2012-08-18T00:00:00Z,16445.1892525
2012-08-17T00:00:00Z,15029.37825726
2012-08-16T00:00:00Z,16771.91486679
2012-08-15T00:00:00Z,18187.72586204
2012-08-14T00:00:00Z,17098.64048108
2012-08-13T00:00:00Z,17425.36609537
2012-08-12T00:00:00Z,17316.45755727
2012-08-11T00:00:00Z,17008.90278631
2012-08-10T00:00:00Z,15793.98115872
2012-08-09T00:00:00Z,17211.38972425
2012-08-08T00:00:00Z,16806.41584838
2012-08-07T00:00:00Z,16603.92891045
2012-08-06T00:00:00Z,14174.08565526
2012-08-05T00:00:00Z,14072.84218629
2012-08-04T00:00:00Z,15793.98115872
2012-08-03T00:00:00Z,16401.44197252
2012-08-02T00:00:00Z,16705.17237941
2012-08-01T00:00:00Z,13566.62484146
2012-07-31T00:00:00Z,13161.6509656
2012-07-30T00:00:00Z,17818.85053804
2012-07-29T00:00:00Z,15401.28329099
2012-07-28T00:00:00Z,14195.15869591
2012-07-27T00:00:00Z,16514.62907106
2012-07-26T00:00:00Z,15679.619736
2012-07-25T00:00:00Z,14844.61040095
2012-07-24T00:00:00Z,14937.38921596
2012-07-23T00:00:00Z,13081.81291584
2012-07-22T00:00:00Z,14380.71632592
2012-07-21T00:00:00Z,13081.81291584
2012-07-20T00:00:00Z,13731.26462088
2012-07-19T00:00:00Z,12525.1400258
2012-07-18T00:00:00Z,14380.71632592
2012-07-17T00:00:00Z,15957.95618102
2012-07-16T00:00:00Z,13059.79157907
2012-07-15T00:00:00Z,12189.13880713
2012-07-14T00:00:00Z,14017.5096282
2012-07-13T00:00:00Z,14191.64018259
2012-07-12T00:00:00Z,13059.79157907
2012-07-11T00:00:00Z,11666.74714397
2012-07-10T00:00:00Z,13059.79157907
2012-07-09T00:00:00Z,14191.64018259
2012-07-08T00:00:00Z,13320.98741065
2012-07-07T00:00:00Z,14452.83601417
2012-07-06T00:00:00Z,13495.11796504
2012-07-05T00:00:00Z,12537.39991591
2012-07-04T00:00:00Z,13059.79157907
2012-07-03T00:00:00Z,13732.49427061
2012-07-02T00:00:00Z,13045.86955708
2012-07-01T00:00:00Z,12187.58866517
2012-06-30T00:00:00Z,11329.30777326
2012-06-29T00:00:00Z,12530.90102193
2012-06-28T00:00:00Z,11758.44821921
2012-06-27T00:00:00Z,13989.97853819
2012-06-26T00:00:00Z,12788.38528951
2012-06-25T00:00:00Z,13217.52573547
2012-06-24T00:00:00Z,11243.47968406
2012-06-23T00:00:00Z,14075.80662738
2012-06-22T00:00:00Z,11844.2763084
2012-06-21T00:00:00Z,11672.62013002
2012-06-20T00:00:00Z,12445.07293274
2012-06-19T00:00:00Z,11568.92905689
2012-06-18T00:00:00Z,13772.53459153
2012-06-17T00:00:00Z,12906.83241721
2012-06-16T00:00:00Z,12277.23083588
2012-06-15T00:00:00Z,12513.33142888
2012-06-14T00:00:00Z,12277.23083588
2012-06-13T00:00:00Z,11805.02964989
2012-06-12T00:00:00Z,12277.23083588
2012-06-11T00:00:00Z,11018.02767323
2012-06-10T00:00:00Z,13064.23281254
2012-06-09T00:00:00Z,13457.73380087
2012-06-08T00:00:00Z,11096.72787089
2012-06-07T00:00:00Z,10939.32747556
2012-06-06T00:00:00Z,12101.19309886
2012-06-05T00:00:00Z,11626.63650675
2012-06-04T00:00:00Z,12259.37862956
2012-06-03T00:00:00Z,12101.19309886
2012-06-02T00:00:00Z,12654.84245632
2012-06-01T00:00:00Z,12022.10033351
2012-05-31T00:00:00Z,10914.80161858
2012-05-30T00:00:00Z,10361.15226112
2012-05-29T00:00:00Z,9965.68843436
2012-05-28T00:00:00Z,11231.17267999
2012-05-27T00:00:00Z,12575.74969097
2012-05-26T00:00:00Z,11231.17267999
2012-05-25T00:00:00Z,9570.2246076
2012-05-24T00:00:00Z,9886.595669
2012-05-23T00:00:00Z,11200.56766856
2012-05-22T00:00:00Z,9908.19447604
2012-05-21T00:00:00Z,10855.93481722
2012-05-20T00:00:00Z,11889.83337124
2012-05-19T00:00:00Z,12837.57371243
2012-05-18T00:00:00Z,12492.94086109
2012-05-17T00:00:00Z,9994.35268887
2012-05-16T00:00:00Z,10425.14375305
2012-05-15T00:00:00Z,11200.56766856
2012-05-14T00:00:00Z,11975.99158408
2012-05-13T00:00:00Z,12062.14979691
2012-05-12T00:00:00Z,11028.25124289
2012-05-11T00:00:00Z,12320.62443542
2012-05-10T00:00:00Z,11114.40945573
2012-05-09T00:00:00Z,14302.26333063
2012-05-08T00:00:00Z,13198.66228746
2012-05-07T00:00:00Z,12748.7078913
2012-05-06T00:00:00Z,12298.75349513
2012-05-05T00:00:00Z,12523.73069321
2012-05-04T00:00:00Z,12073.77629705
2012-05-03T00:00:00Z,11773.80669961
2012-05-02T00:00:00Z,11248.85990408
2012-05-01T00:00:00Z,12748.7078913
2012-04-30T00:00:00Z,13423.63948554
2012-04-29T00:00:00Z,13423.63948554
2012-04-28T00:00:00Z,11398.84470281
2012-04-27T00:00:00Z,10123.97391368
2012-04-26T00:00:00Z,12157.96824809
2012-04-25T00:00:00Z,9961.69011295
2012-04-24T00:00:00Z,10824.51366604
2012-04-23T00:00:00Z,10589.19815156
2012-04-22T00:00:00Z,10981.39067569
2012-04-21T00:00:00Z,12079.52974326
2012-04-20T00:00:00Z,12079.52974326
2012-04-19T00:00:00Z,12314.84525774
2012-04-18T00:00:00Z,10197.00562743
2012-04-17T00:00:00Z,10589.19815156
2012-04-16T00:00:00Z,11765.77572396
2012-04-15T00:00:00Z,8392.92001642
2012-04-14T00:00:00Z,10902.95217087
2012-04-13T00:00:00Z,9647.93609364
2012-04-12T00:00:00Z,9961.69011295
2012-04-11T00:00:00Z,11400.75410926
2012-04-10T00:00:00Z,11885.892582
2012-04-09T00:00:00Z,11805.03616988
2012-04-08T00:00:00Z,12128.46181837
2012-04-07T00:00:00Z,10430.47716379
2012-04-06T00:00:00Z,10996.47204865
2012-04-05T00:00:00Z,9460.20021832
2012-04-04T00:00:00Z,11077.32846077
2012-04-03T00:00:00Z,10753.90281228
2012-04-02T00:00:00Z,9379.3438062
2012-04-01T00:00:00Z,11481.61052139
2012-03-31T00:00:00Z,13745.59006081
2012-03-30T00:00:00Z,12451.88746686
2012-03-29T00:00:00Z,11400.75410926
2012-03-28T00:00:00Z,11172.0925139
2012-03-27T00:00:00Z,11618.97621446
2012-03-26T00:00:00Z,11246.57313066
2012-03-25T00:00:00Z,11693.45683122
2012-03-24T00:00:00Z,13704.43348372
2012-03-23T00:00:00Z,9384.55771168
2012-03-22T00:00:00Z,11767.93744798
2012-03-21T00:00:00Z,11767.93744798
2012-03-20T00:00:00Z,11916.89868149
2012-03-19T00:00:00Z,10650.72819659
2012-03-18T00:00:00Z,11916.89868149
2012-03-17T00:00:00Z,12661.70484909
2012-03-16T00:00:00Z,11395.53436418
2012-03-15T00:00:00Z,9004.24036006
2012-03-14T00:00:00Z,10194.88371345
2012-03-13T00:00:00Z,11906.43353396
2012-03-12T00:00:00Z,12352.92479148
2012-03-11T00:00:00Z,9971.63808469
2012-03-10T00:00:00Z,12278.50958189
2012-03-09T00:00:00Z,12501.75521066
2012-03-08T00:00:00Z,11608.77269561
2012-03-07T00:00:00Z,11459.94227643
2012-03-06T00:00:00Z,10194.88371345
2012-03-05T00:00:00Z,10790.20539015
2012-03-04T00:00:00Z,10194.88371345
2012-03-03T00:00:00Z,8408.91868336
2012-03-02T00:00:00Z,9971.63808469
2012-03-01T00:00:00Z,10330.86988121
2012-02-29T00:00:00Z,12246.52787242
2012-02-28T00:00:00Z,10946.61709267
2012-02-27T00:00:00Z,10536.11895169
2012-02-26T00:00:00Z,10262.45352438
2012-02-25T00:00:00Z,11288.69887681
2012-02-24T00:00:00Z,10194.03716755
2012-02-23T00:00:00Z,11357.11523364
2012-02-22T00:00:00Z,10878.20073584
2012-02-21T00:00:00Z,8825.71003096
2012-02-20T00:00:00Z,9578.28995609
2012-02-19T00:00:00Z,10809.78437901
2012-02-18T00:00:00Z,11699.19701779
2012-02-17T00:00:00Z,10424.56222186
2012-02-16T00:00:00Z,9464.40517511
2012-02-15T00:00:00Z,9190.07459033
2012-02-14T00:00:00Z,9464.40517511
2012-02-13T00:00:00Z,9395.82252892
2012-02-12T00:00:00Z,10836.05809904
2012-02-11T00:00:00Z,10287.39692947
2012-02-10T00:00:00Z,9464.40517511
2012-02-09T00:00:00Z,9944.48369849
2012-02-08T00:00:00Z,9944.48369849
2012-02-07T00:00:00Z,9395.82252892
2012-02-06T00:00:00Z,10013.06634468
2012-02-05T00:00:00Z,9738.7357599
2012-02-04T00:00:00Z,10767.47545284
2012-02-03T00:00:00Z,10271.18964642
2012-02-02T00:00:00Z,10336.19717583
2012-02-01T00:00:00Z,9166.06164649
2012-01-31T00:00:00Z,9751.12941116
2012-01-30T00:00:00Z,11181.29505813
2012-01-29T00:00:00Z,10856.25741109
2012-01-28T00:00:00Z,9426.09176412
2012-01-27T00:00:00Z,9166.06164649
2012-01-26T00:00:00Z,8971.03905827
2012-01-25T00:00:00Z,9621.11435235
2012-01-24T00:00:00Z,9036.04658768
2012-01-23T00:00:00Z,11051.27999932
2012-01-22T00:00:00Z,8841.02399945
2012-01-21T00:00:00Z,10196.78273176
2012-01-20T00:00:00Z,9015.44814698
2012-01-19T00:00:00Z,9326.32566929
2012-01-18T00:00:00Z,7958.46457113
2012-01-17T00:00:00Z,9761.55420053
2012-01-16T00:00:00Z,10880.71328084
2012-01-15T00:00:00Z,8642.39512021
2012-01-14T00:00:00Z,9326.32566929
2012-01-13T00:00:00Z,8704.57062467
2012-01-12T00:00:00Z,9637.2031916
2012-01-11T00:00:00Z,9512.85218268
2012-01-10T00:00:00Z,8766.74612913
2012-01-09T00:00:00Z,10196.78273176
2012-01-08T00:00:00Z,10134.6072273
2012-01-07T00:00:00Z,10609.51508252
2012-01-06T00:00:00Z,9859.92977778
2012-01-05T00:00:00Z,8476.0799844
2012-01-04T00:00:00Z,8591.40080052
2012-01-03T00:00:00Z,9168.00488109
2012-01-02T00:00:00Z,8706.72161663
2012-01-01T00:00:00Z,8822.04243275
2011-12-31T00:00:00Z,8706.72161663
2011-12-30T00:00:00Z,8187.77794412
2011-12-29T00:00:00Z,7957.13631189
2011-12-28T00:00:00Z,8937.36324886
2011-12-27T00:00:00Z,8360.75916829
2011-12-26T00:00:00Z,10205.89222612
2011-12-25T00:00:00Z,9990.60446073
2011-12-24T00:00:00Z,8325.50371728
2011-12-23T00:00:00Z,8153.25191623
2011-12-22T00:00:00Z,8497.75551832
2011-12-21T00:00:00Z,8555.17278534
2011-12-20T00:00:00Z,7693.9137801
2011-12-19T00:00:00Z,9129.3454555
2011-12-18T00:00:00Z,8268.08645026
2011-12-17T00:00:00Z,8612.59005235
2011-12-16T00:00:00Z,6775.23750785
2011-12-15T00:00:00Z,6430.73390576
2011-12-14T00:00:00Z,8784.8418534
2011-12-13T00:00:00Z,7579.07924607
2011-12-12T00:00:00Z,7291.99291099
2011-12-11T00:00:00Z,8241.40512315
2011-12-10T00:00:00Z,7807.64695877
2011-12-09T00:00:00Z,7970.30627041
2011-12-08T00:00:00Z,8892.04236971
2011-12-07T00:00:00Z,7482.32833549
2011-12-06T00:00:00Z,9271.58076354
2011-12-05T00:00:00Z,8566.72374643
2011-12-04T00:00:00Z,7373.8887944
2011-12-03T00:00:00Z,8241.40512315
2011-12-02T00:00:00Z,7916.08649987
2011-12-01T00:00:00Z,9867.99823956
2011-11-30T00:00:00Z,8783.60282862
2011-11-29T00:00:00Z,7482.32833549
2011-11-28T00:00:00Z,7528.48185566
2011-11-27T00:00:00Z,6757.84985468
2011-11-26T00:00:00Z,7113.52616282
2011-11-25T00:00:00Z,8002.71693318
2011-11-24T00:00:00Z,6698.57046999
2011-11-23T00:00:00Z,7943.43754849
2011-11-22T00:00:00Z,8299.11385663
2011-11-21T00:00:00Z,6994.96739344
2011-11-20T00:00:00Z,8476.9520107
2011-11-19T00:00:00Z,7291.36431689
2011-11-18T00:00:00Z,7884.1581638
2011-11-17T00:00:00Z,8239.83447194
2011-11-16T00:00:00Z,8002.71693318
2011-11-15T00:00:00Z,9781.09847388
2011-11-14T00:00:00Z,8476.9520107
2011-11-13T00:00:00Z,8614.71602645
2011-11-12T00:00:00Z,8554.8916096
2011-11-11T00:00:00Z,7119.10560519
2011-11-10T00:00:00Z,8435.2427759
2011-11-09T00:00:00Z,9631.7311129
2011-11-08T00:00:00Z,8913.8381107
2011-11-07T00:00:00Z,7896.82302424
2011-11-06T00:00:00Z,8614.71602645
2011-11-05T00:00:00Z,8734.36486015
2011-11-04T00:00:00Z,8794.189277
2011-11-03T00:00:00Z,7478.05210629
2011-11-02T00:00:00Z,9212.96019495
2011-11-01T00:00:00Z,8973.66252755
2011-10-31T00:00:00Z,7836.99860739
2011-10-30T00:00:00Z,8101.26735162
2011-10-29T00:00:00Z,8247.23613273
2011-10-28T00:00:00Z,7663.36100829
2011-10-27T00:00:00Z,7298.43905551
2011-10-26T00:00:00Z,8539.17369495
2011-10-25T00:00:00Z,9414.98638161
2011-10-24T00:00:00Z,9269.0176005
2011-10-23T00:00:00Z,7882.31417995
2011-10-22T00:00:00Z,7152.4702744
2011-10-21T00:00:00Z,8831.11125717
2011-10-20T00:00:00Z,8393.20491384
2011-10-19T00:00:00Z,9706.92394383
2011-10-18T00:00:00Z,8758.12686661
2011-10-17T00:00:00Z,8612.1580855
2011-10-16T00:00:00Z,8685.14247606
2011-10-15T00:00:00Z,9779.90833438
2011-10-14T00:00:00Z,10144.83028716
2011-10-13T00:00:00Z,8145.79506849
2011-10-12T00:00:00Z,10077.27224967
2011-10-11T00:00:00Z,7809.8859935
2011-10-10T00:00:00Z,10329.20405591
2011-10-09T00:00:00Z,10665.1131309
2011-10-08T00:00:00Z,9993.29498093
2011-10-07T00:00:00Z,11588.86308712
2011-10-06T00:00:00Z,10749.09039965
2011-10-05T00:00:00Z,12176.70396835
2011-10-04T00:00:00Z,9405.45409969
2011-10-03T00:00:00Z,12176.70396835
2011-10-02T00:00:00Z,10161.24951842
2011-10-01T00:00:00Z,12008.74943086
2011-09-30T00:00:00Z,10245.22678717
2011-09-29T00:00:00Z,10497.15859341
2011-09-28T00:00:00Z,12344.65850585
2011-09-27T00:00:00Z,11168.97674339
2011-09-26T00:00:00Z,11693.19724223
2011-09-25T00:00:00Z,11954.98524019
2011-09-24T00:00:00Z,11256.8839123
2011-09-23T00:00:00Z,11605.93457624
2011-09-22T00:00:00Z,12914.87456605
2011-09-21T00:00:00Z,12740.34923407
2011-09-20T00:00:00Z,12216.77323815
2011-09-19T00:00:00Z,11082.35858032
2011-09-18T00:00:00Z,13787.50122591
2011-09-17T00:00:00Z,11693.19724223
2011-09-16T00:00:00Z,10384.25725243
2011-09-15T00:00:00Z,13612.97589394
2011-09-14T00:00:00Z,12740.34923407
2011-09-13T00:00:00Z,12391.29857012
2011-09-12T00:00:00Z,11753.69529584
2011-09-11T00:00:00Z,11046.70610511
2011-09-10T00:00:00Z,11753.69529584
2011-09-09T00:00:00Z,13609.5419215
2011-09-08T00:00:00Z,11400.20070048
2011-09-07T00:00:00Z,12018.81624236
2011-09-06T00:00:00Z,13344.42097498
2011-09-05T00:00:00Z,13786.28921918
2011-09-04T00:00:00Z,11842.06894468
2011-09-03T00:00:00Z,12814.17908193
2011-09-02T00:00:00Z,13786.28921918
2011-09-01T00:00:00Z,11400.20070048
2011-08-31T00:00:00Z,13697.91557034
2011-08-30T00:00:00Z,12902.55273077
2011-08-29T00:00:00Z,12387.13881044
2011-08-28T00:00:00Z,10412.3775508
2011-08-27T00:00:00Z,10950.94880343
2011-08-26T00:00:00Z,13194.99568938
2011-08-25T00:00:00Z,12117.85318412
2011-08-24T00:00:00Z,12028.09130869
2011-08-23T00:00:00Z,13913.09069288
2011-08-22T00:00:00Z,15169.75694901
2011-08-21T00:00:00Z,14361.90007007
2011-08-20T00:00:00Z,13643.80506657
2011-08-19T00:00:00Z,11758.80568237
2011-08-18T00:00:00Z,12925.71006306
2011-08-17T00:00:00Z,12207.61505956
2011-08-16T00:00:00Z,13194.99568938
2011-08-15T00:00:00Z,11579.2819315
2011-08-14T00:00:00Z,12393.75672457
2011-08-13T00:00:00Z,12205.97253178
2011-08-12T00:00:00Z,12299.86462818
2011-08-11T00:00:00Z,12863.21720657
2011-08-10T00:00:00Z,14271.59865254
2011-08-09T00:00:00Z,13708.24607415
2011-08-08T00:00:00Z,12769.32511017
2011-08-07T00:00:00Z,11830.40414619
2011-08-06T00:00:00Z,11454.83576059
2011-08-05T00:00:00Z,13144.89349576
2011-08-04T00:00:00Z,12112.08043538
2011-08-03T00:00:00Z,14741.05913453
2011-08-02T00:00:00Z,14459.38284534
2011-08-01T00:00:00Z,15492.19590572
2011-07-31T00:00:00Z,14709.60510035
2011-07-30T00:00:00Z,12776.34271573
2011-07-29T00:00:00Z,13785.00135118
2011-07-28T00:00:00Z,13028.5073746
2011-07-27T00:00:00Z,14625.55021406
2011-07-26T00:00:00Z,14793.65998664
2011-07-25T00:00:00Z,13869.05623747
2011-07-24T00:00:00Z,13953.11112376
2011-07-23T00:00:00Z,12272.01339801
2011-07-22T00:00:00Z,12692.28782944
2011-07-21T00:00:00Z,12776.34271573
2011-07-20T00:00:00Z,12524.17805687
2011-07-19T00:00:00Z,11935.79385285
2011-07-18T00:00:00Z,13208.75233121
2011-07-17T00:00:00Z,13208.75233121
2011-07-16T00:00:00Z,12198.67127059
2011-07-15T00:00:00Z,12587.16398622
2011-07-14T00:00:00Z,11188.59020997
2011-07-13T00:00:00Z,14840.42173684
2011-07-12T00:00:00Z,10955.4945806
2011-07-11T00:00:00Z,12198.67127059
2011-07-10T00:00:00Z,10644.7004081
2011-07-09T00:00:00Z,11577.08292559
2011-07-08T00:00:00Z,12820.25961559
2011-07-07T00:00:00Z,10178.50914935
2011-07-06T00:00:00Z,12198.67127059
2011-07-05T00:00:00Z,9529.84285194
2011-07-04T00:00:00Z,11655.20348798
2011-07-03T00:00:00Z,11312.40338539
2011-07-02T00:00:00Z,11586.64346746
2011-07-01T00:00:00Z,11860.88354953
2011-06-30T00:00:00Z,13094.96391885
2011-06-29T00:00:00Z,11792.32352901
2011-06-28T00:00:00Z,10969.6032828
2011-06-27T00:00:00Z,11586.64346746
2011-06-26T00:00:00Z,10215.44305711
2011-06-25T00:00:00Z,9804.08293401
2011-06-24T00:00:00Z,14808.96443179
2011-06-23T00:00:00Z,10462.47463795
2011-06-22T00:00:00Z,11334.34752445
2011-06-21T00:00:00Z,11029.19201417
2011-06-20T00:00:00Z,10200.912772
2011-06-19T00:00:00Z,9721.38268443
2011-06-18T00:00:00Z,8587.94793199
2011-06-17T00:00:00Z,8108.41784441
2011-06-16T00:00:00Z,7846.85597846
2011-06-15T00:00:00Z,12162.62676662
2011-06-14T00:00:00Z,6965.18296083
2011-06-13T00:00:00Z,6401.20053485
2011-06-12T00:00:00Z,6570.39526265
2011-06-11T00:00:00Z,7106.17856733
2011-06-10T00:00:00Z,6288.40404966
2011-06-09T00:00:00Z,6260.20492836
2011-06-08T00:00:00Z,5216.8374403
2011-06-07T00:00:00Z,4793.85062082
2011-06-06T00:00:00Z,6570.39526265
2011-06-05T00:00:00Z,4496.51387901
2011-06-04T00:00:00Z,4842.39956201
2011-06-03T00:00:00Z,4366.80674788
2011-06-02T00:00:00Z,4107.39248563
2011-06-01T00:00:00Z,4064.15677526
2011-05-31T00:00:00Z,3242.67827813
2011-05-30T00:00:00Z,3329.14969888
2011-05-29T00:00:00Z,3891.21393376
2011-05-28T00:00:00Z,3350.76755407
2011-05-27T00:00:00Z,3610.18181632
2011-05-26T00:00:00Z,6398.88513551
2011-05-25T00:00:00Z,3725.41355967
2011-05-24T00:00:00Z,3628.33437896
2011-05-23T00:00:00Z,3470.58071031
2011-05-22T00:00:00Z,3057.9941923
2011-05-21T00:00:00Z,2669.67746947
2011-05-20T00:00:00Z,2669.67746947
2011-05-19T00:00:00Z,2075.06748763
2011-05-18T00:00:00Z,3494.85050549
2011-05-17T00:00:00Z,2011.07942684
2011-05-16T00:00:00Z,1932.82730907
2011-05-15T00:00:00Z,1721.54659107
2011-05-14T00:00:00Z,1893.70125018
2011-05-13T00:00:00Z,1619.81883796
2011-05-12T00:00:00Z,1322.46079042
2011-05-11T00:00:00Z,1494.61544952
2011-05-10T00:00:00Z,1432.0137553
2011-05-09T00:00:00Z,1870.22561485
2011-05-08T00:00:00Z,1193.92928537
2011-05-07T00:00:00Z,1166.67062589
2011-05-06T00:00:00Z,1188.47755347
2011-05-05T00:00:00Z,1193.92928537
2011-05-04T00:00:00Z,1073.99118364
2011-05-03T00:00:00Z,1068.53945175
2011-05-02T00:00:00Z,1073.99118364
2011-05-01T00:00:00Z,975.8600095
2011-04-30T00:00:00Z,1030.37732847
2011-04-29T00:00:00Z,918.12472965
2011-04-28T00:00:00Z,752.86227831
2011-04-27T00:00:00Z,840.08412763
2011-04-26T00:00:00Z,895.17161141
2011-04-25T00:00:00Z,881.39974047
2011-04-24T00:00:00Z,743.68103102
2011-04-23T00:00:00Z,789.5872675
2011-04-22T00:00:00Z,807.94976209
2011-04-21T00:00:00Z,674.82167629
2011-04-20T00:00:00Z,661.04980535
2011-04-19T00:00:00Z,706.95604183
2011-04-18T00:00:00Z,679.41229994
2011-04-17T00:00:00Z,736.81635079
2011-04-16T00:00:00Z,708.16238159
2011-04-15T00:00:00Z,556.70568726
2011-04-14T00:00:00Z,654.94786737
2011-04-13T00:00:00Z,794.12428918
2011-04-12T00:00:00Z,667.22813988
2011-04-11T00:00:00Z,667.22813988
2011-04-10T00:00:00Z,708.16238159
2011-04-09T00:00:00Z,638.57417068
2011-04-08T00:00:00Z,679.50841239
2011-04-07T00:00:00Z,601.73335314
2011-04-06T00:00:00Z,605.82677731
2011-04-05T00:00:00Z,794.12428918
2011-04-04T00:00:00Z,610.34496022
2011-04-03T00:00:00Z,600.05824741
2011-04-02T00:00:00Z,617.20276877
2011-04-01T00:00:00Z,603.48715168
2011-03-31T00:00:00Z,689.20975846
2011-03-30T00:00:00Z,534.90906626
2011-03-29T00:00:00Z,558.91139616
2011-03-28T00:00:00Z,576.05591751
2011-03-27T00:00:00Z,490.33331074
2011-03-26T00:00:00Z,473.18878939
2011-03-25T00:00:00Z,593.20043887
2011-03-24T00:00:00Z,575.70845868
2011-03-23T00:00:00Z,594.64623692
2011-03-22T00:00:00Z,450.71912225
2011-03-21T00:00:00Z,560.55823608
2011-03-20T00:00:00Z,518.89512394
2011-03-19T00:00:00Z,435.56889966
2011-03-18T00:00:00Z,454.5066779
2011-03-17T00:00:00Z,534.04534654
2011-03-16T00:00:00Z,515.10756829
2011-03-15T00:00:00Z,424.20623271
2011-03-14T00:00:00Z,424.20623271
2011-03-13T00:00:00Z,443.14401096
2011-03-12T00:00:00Z,530.25779089
2011-03-11T00:00:00Z,492.38223439
2011-03-10T00:00:00Z,416.63112141
2011-03-09T00:00:00Z,606.00890387
2011-03-08T00:00:00Z,516.75017753
2011-03-07T00:00:00Z,583.07105593
2011-03-06T00:00:00Z,757.16336173
2011-03-05T00:00:00Z,765.45347153
2011-03-04T00:00:00Z,610.70475527
2011-03-03T00:00:00Z,513.9868076
2011-03-02T00:00:00Z,464.2461488
2011-03-01T00:00:00Z,359.23809133
2011-02-28T00:00:00Z,414.50549
2011-02-27T00:00:00Z,674.26226373
2011-02-26T00:00:00Z,500.23090314
2011-02-25T00:00:00Z,407.7969319
2011-02-24T00:00:00Z,375.17317735
2011-02-23T00:00:00Z,440.42068646
2011-02-22T00:00:00Z,382.42290059
2011-02-21T00:00:00Z,351.61157684
2011-02-20T00:00:00Z,358.86130008
2011-02-19T00:00:00Z,291.80136016
2011-02-18T00:00:00Z,384.23533139
2011-02-17T00:00:00Z,298.53553413
2011-02-16T00:00:00Z,299.82789575
2011-02-15T00:00:00Z,290.78136442
2011-02-14T00:00:00Z,253.30287745
2011-02-13T00:00:00Z,255.88760069
2011-02-12T00:00:00Z,253.30287745
2011-02-11T00:00:00Z,240.37926125
2011-02-10T00:00:00Z,240.37926125
2011-02-09T00:00:00Z,248.13343097
2011-02-08T00:00:00Z,217.1167521
2011-02-07T00:00:00Z,222.13100615
2011-02-06T00:00:00Z,193.6807295
2011-02-05T00:00:00Z,195.86921232
2011-02-04T00:00:00Z,212.28283346
2011-02-03T00:00:00Z,175.07862554
2011-02-02T00:00:00Z,172.89014272
2011-02-01T00:00:00Z,179.45559118
2011-01-31T00:00:00Z,186.02103963
2011-01-30T00:00:00Z,170.7016599
2011-01-29T00:00:00Z,176.17286695
2011-01-28T00:00:00Z,172.89014272
2011-01-27T00:00:00Z,175.07862554
2011-01-26T00:00:00Z,164.9772494
2011-01-25T00:00:00Z,142.98028282
2011-01-24T00:00:00Z,172.3095716
2011-01-23T00:00:00Z,155.81184666
2011-01-22T00:00:00Z,151.22914529
2011-01-21T00:00:00Z,159.47800776
2011-01-20T00:00:00Z,170.47649105
2011-01-19T00:00:00Z,154.89530638
2011-01-18T00:00:00Z,129.2321787
2011-01-17T00:00:00Z,165.89378968
2011-01-16T00:00:00Z,159.47800776
2011-01-15T00:00:00Z,143.89682309
2011-01-14T00:00:00Z,146.72697847
2011-01-13T00:00:00Z,152.4015025
2011-01-12T00:00:00Z,135.37793041
2011-01-11T00:00:00Z,139.43116186
2011-01-10T00:00:00Z,131.32469896
2011-01-09T00:00:00Z,132.13534525
2011-01-08T00:00:00Z,137.80986928
2011-01-07T00:00:00Z,132.94599154
2011-01-06T00:00:00Z,114.30112688
2011-01-05T00:00:00Z,124.83952865
2011-01-04T00:00:00Z,114.30112688
2011-01-03T00:00:00Z,126.46082122
2011-01-02T00:00:00Z,126.0020332
2011-01-01T00:00:00Z,130.32210291
2010-12-31T00:00:00Z,116.64188216
2010-12-30T00:00:00Z,121.68196349
2010-12-29T00:00:00Z,118.80191701
2010-12-28T00:00:00Z,121.68196349
2010-12-27T00:00:00Z,119.52192863
2010-12-26T00:00:00Z,104.40168465
2010-12-25T00:00:00Z,120.96195187
2010-12-24T00:00:00Z,106.5617195
2010-12-23T00:00:00Z,104.40168465
2010-12-22T00:00:00Z,113.76183569
2010-12-21T00:00:00Z,140.40226556
2010-12-20T00:00:00Z,96.83898396
2010-12-19T00:00:00Z,112.0652393
2010-12-18T00:00:00Z,98.05708438
2010-12-17T00:00:00Z,101.10233545
2010-12-16T00:00:00Z,105.36568695
2010-12-15T00:00:00Z,119.37384186
2010-12-14T00:00:00Z,104.14758652
2010-12-13T00:00:00Z,85.87608011
2010-12-12T00:00:00Z,104.14758652
2010-12-11T00:00:00Z,106.58378737
2010-12-10T00:00:00Z,89.53038139
2010-12-09T00:00:00Z,135.81819762
2010-12-08T00:00:00Z,95.57348542
2010-12-07T00:00:00Z,95.97505469
2010-12-06T00:00:00Z,96.77819322
2010-12-05T00:00:00Z,95.97505469
2010-12-04T00:00:00Z,91.95936202
2010-12-03T00:00:00Z,75.89659137
2010-12-02T00:00:00Z,75.4950221
2010-12-01T00:00:00Z,75.4950221
2010-11-30T00:00:00Z,81.11699183
2010-11-29T00:00:00Z,71.34327461
2010-11-28T00:00:00Z,58.71312552
2010-11-27T00:00:00Z,61.44396857
2010-11-26T00:00:00Z,66.2229439
2010-11-25T00:00:00Z,61.78532395
2010-11-24T00:00:00Z,60.41990242
2010-11-23T00:00:00Z,47.78975333
2010-11-22T00:00:00Z,55.64092709
2010-11-21T00:00:00Z,47.78975333
2010-11-20T00:00:00Z,39.59722419
2010-11-19T00:00:00Z,51.20330714
2010-11-18T00:00:00Z,87.7283329
2010-11-17T00:00:00Z,55.69933129
2010-11-16T00:00:00Z,44.42416302
2010-11-15T00:00:00Z,45.10067311
2010-11-14T00:00:00Z,57.72886158
2010-11-13T00:00:00Z,50.28725052
2010-11-12T00:00:00Z,38.11006878
2010-11-11T00:00:00Z,49.38523706
2010-11-10T00:00:00Z,45.77718321
2010-11-09T00:00:00Z,48.93423033
2010-11-08T00:00:00Z,42.2650456
2010-11-07T00:00:00Z,37.03954906
2010-11-06T00:00:00Z,33.50465433
2010-11-05T00:00:00Z,33.65834541
2010-11-04T00:00:00Z,30.89190606
2010-11-03T00:00:00Z,29.20130424
2010-11-02T00:00:00Z,27.04962919
2010-11-01T00:00:00Z,27.20332026
2010-10-31T00:00:00Z,27.51070241
2010-10-30T00:00:00Z,38.73015088
2010-10-29T00:00:00Z,23.82274505
2010-10-28T00:00:00Z,23.39543123
2010-10-27T00:00:00Z,22.75446051
2010-10-26T00:00:00Z,25.7456572
2010-10-25T00:00:00Z,21.68617598
2010-10-24T00:00:00Z,21.89983289
2010-10-23T00:00:00Z,18.6949793
2010-10-22T00:00:00Z,16.45158178
2010-10-21T00:00:00Z,19.87009228
2010-10-20T00:00:00Z,18.08456849
2010-10-19T00:00:00Z,17.53655127
2010-10-18T00:00:00Z,17.05703619
2010-10-17T00:00:00Z,18.49558141
2010-10-16T00:00:00Z,17.67355557
2010-10-15T00:00:00Z,12.12488115
2010-10-14T00:00:00Z,14.04294144
2010-10-13T00:00:00Z,12.05637899
2010-10-12T00:00:00Z,10.61783377
2010-10-11T00:00:00Z,10.42267995
2010-10-10T00:00:00Z,11.66815743
2010-10-09T00:00:00Z,10.3571285
2010-10-08T00:00:00Z,10.09492272
2010-10-07T00:00:00Z,10.4882314
2010-10-06T00:00:00Z,11.2092973
2010-10-05T00:00:00Z,8.25948222
2010-10-04T00:00:00Z,10.02937127
2010-10-03T00:00:00Z,7.99727644
2010-10-02T00:00:00Z,6.55514462
2010-10-01T00:00:00Z,10.09492272
2010-09-30T00:00:00Z,9.57051115
2010-09-29T00:00:00Z,10.75043718
2010-09-28T00:00:00Z,13.8969066
2010-09-27T00:00:00Z,10.44826505
2010-09-26T00:00:00Z,9.35325037
2010-09-25T00:00:00Z,9.4445016
2010-09-24T00:00:00Z,10.40263944
2010-09-23T00:00:00Z,10.67639311
2010-09-22T00:00:00Z,7.93885641
2010-09-21T00:00:00Z,7.84760519
2010-09-20T00:00:00Z,9.26199915
2010-09-19T00:00:00Z,9.53575282
2010-09-18T00:00:00Z,8.39873504
2010-09-17T00:00:00Z,7.37104172
2010-09-16T00:00:00Z,7.76085643
2010-09-15T00:00:00Z,5.9889714
2010-09-14T00:00:00Z,7.19385322
2010-09-13T00:00:00Z,6.0598468
2010-09-12T00:00:00Z,6.27247301
2010-09-11T00:00:00Z,5.6700321
2010-09-10T00:00:00Z,6.27247301
2010-09-09T00:00:00Z,4.78408958
2010-09-08T00:00:00Z,5.8472206
2010-09-07T00:00:00Z,4.95819774
2010-09-06T00:00:00Z,4.89622026
2010-09-05T00:00:00Z,5.11314142
2010-09-04T00:00:00Z,5.60896119
2010-09-03T00:00:00Z,5.08215268
2010-09-02T00:00:00Z,4.83424279
2010-09-01T00:00:00Z,4.86523153
2010-08-31T00:00:00Z,5.7019274
2010-08-30T00:00:00Z,4.61732164
2010-08-29T00:00:00Z,5.02017521
2010-08-28T00:00:00Z,5.2680851
2010-08-27T00:00:00Z,5.29907383
2010-08-26T00:00:00Z,6.50763453
2010-08-25T00:00:00Z,5.49512611
2010-08-24T00:00:00Z,5.46968571
2010-08-23T00:00:00Z,5.41880492
2010-08-22T00:00:00Z,5.39336452
2010-08-21T00:00:00Z,4.40118897
2010-08-20T00:00:00Z,4.90999694
2010-08-19T00:00:00Z,3.43445382
2010-08-18T00:00:00Z,3.38357302
2010-08-17T00:00:00Z,3.28181143
2010-08-16T00:00:00Z,3.73973861
2010-08-15T00:00:00Z,5.26616253
2010-08-14T00:00:00Z,4.91919393
2010-08-13T00:00:00Z,3.76379606
2010-08-12T00:00:00Z,3.79880812
2010-08-11T00:00:00Z,4.07890457
2010-08-10T00:00:00Z,3.34365139
2010-08-09T00:00:00Z,3.32614536
2010-08-08T00:00:00Z,3.48369961
2010-08-07T00:00:00Z,2.71343437
2010-08-06T00:00:00Z,2.57338615
2010-08-05T00:00:00Z,3.81631415
2010-08-04T00:00:00Z,2.94999668
2010-08-03T00:00:00Z,2.75575821
2010-08-02T00:00:00Z,2.93785677
2010-08-01T00:00:00Z,2.90143706
2010-07-31T00:00:00Z,2.46440052
2010-07-30T00:00:00Z,2.20946253
2010-07-29T00:00:00Z,2.18518272
2010-07-28T00:00:00Z,1.93024474
2010-07-27T00:00:00Z,2.01522407
2010-07-26T00:00:00Z,2.19296963
2010-07-25T00:00:00Z,2.08467484
2010-07-24T00:00:00Z,1.70564305
2010-07-23T00:00:00Z,1.75076588
2010-07-22T00:00:00Z,1.58832369
2010-07-21T00:00:00Z,1.86808524
2010-07-20T00:00:00Z,1.63344652
2010-07-19T00:00:00Z,1.57027455
2010-07-18T00:00:00Z,1.55222542
2010-07-17T00:00:00Z,1.56124999
2010-07-16T00:00:00Z,4.55740603
2010-07-15T00:00:00Z,1.40783158
2010-07-14T00:00:00Z,1.30404913
2010-07-13T00:00:00Z,1.56124913
2010-07-12T00:00:00Z,0.76988068
2010-07-11T00:00:00Z,0.20911782
2010-07-10T00:00:00Z,0.23131468
2010-07-09T00:00:00Z,0.23248294
2010-07-08T00:00:00Z,0.17640665
2010-07-07T00:00:00Z,0.18224793
2010-07-06T00:00:00Z,0.19743526
2010-07-05T00:00:00Z,0.17266659
2010-07-04T00:00:00Z,0.16012656
2010-07-03T00:00:00Z,0.20449898
2010-07-02T00:00:00Z,0.16109118
2010-07-01T00:00:00Z,0.20353436
2010-06-30T00:00:00Z,0.17556045
2010-06-29T00:00:00Z,0.16302041
2010-06-28T00:00:00Z,0.14662191
2010-06-27T00:00:00Z,0.17170198
2010-06-26T00:00:00Z,0.15337424
2010-06-25T00:00:00Z,0.14469268
2010-06-24T00:00:00Z,0.16302041
2010-06-23T00:00:00Z,0.1615753
2010-06-22T00:00:00Z,0.13479009
2010-06-21T00:00:00Z,0.13306201
2010-06-20T00:00:00Z,0.15984722
2010-06-19T00:00:00Z,0.12960586
2010-06-18T00:00:00Z,0.12960586
2010-06-17T00:00:00Z,0.1261497
2010-06-16T00:00:00Z,0.12269355
2010-06-15T00:00:00Z,0.15898319
2010-06-14T00:00:00Z,0.13911029
2010-06-13T00:00:00Z,0.14861472
2010-06-12T00:00:00Z,0.11664527
2010-06-11T00:00:00Z,0.14515856
2010-06-10T00:00:00Z,0.13218239
2010-06-09T00:00:00Z,0.13879151
2010-06-08T00:00:00Z,0.13218239
2010-06-07T00:00:00Z,0.12970397
2010-06-06T00:00:00Z,0.12226871
2010-06-05T00:00:00Z,0.11979029
2010-06-04T00:00:00Z,0.10326749
2010-06-03T00:00:00Z,0.12557327
2010-06-02T00:00:00Z,0.12144257
2010-06-01T00:00:00Z,0.11152889
2010-05-31T00:00:00Z,0.11731187
2010-05-30T00:00:00Z,0.12309485
2010-05-29T00:00:00Z,0.15200975
2010-05-28T00:00:00Z,0.13131975
2010-05-27T00:00:00Z,0.11306454
2010-05-26T00:00:00Z,0.13131975
2010-05-25T00:00:00Z,0.12366434
2010-05-24T00:00:00Z,0.11070903
2010-05-23T00:00:00Z,0.12425321
2010-05-22T00:00:00Z,0.11483117
2010-05-21T00:00:00Z,0.10364249
2010-05-20T00:00:00Z,0.11954219
2010-05-19T00:00:00Z,0.09657596
2010-05-18T00:00:00Z,0.10730785
2010-05-17T00:00:00Z,0.09133942
2010-05-16T00:00:00Z,0.0721773
2010-05-15T00:00:00Z,0.05812508
2010-05-14T00:00:00Z,0.07856468
2010-05-13T00:00:00Z,0.08175836
2010-05-12T00:00:00Z,0.08111962
2010-05-11T00:00:00Z,0.07089983
2010-05-10T00:00:00Z,0.08175836
2010-05-09T00:00:00Z,0.09133942
2010-05-08T00:00:00Z,0.09836553
2010-05-07T00:00:00Z,0.08431331
2010-05-06T00:00:00Z,0.09517184
2010-05-05T00:00:00Z,0.087507
2010-05-04T00:00:00Z,0.08686826
2010-05-03T00:00:00Z,0.09061306
2010-05-02T00:00:00Z,0.08833348
2010-05-01T00:00:00Z,0.1042905
2010-04-30T00:00:00Z,0.08206466
2010-04-29T00:00:00Z,0.08377434
2010-04-28T00:00:00Z,0.10258082
2010-04-27T00:00:00Z,0.10258082
2010-04-26T00:00:00Z,0.09346252
2010-04-25T00:00:00Z,0.09004316
2010-04-24T00:00:00Z,0.0957421
2010-04-23T00:00:00Z,0.08548402
2010-04-22T00:00:00Z,0.09061306
2010-04-21T00:00:00Z,0.12480666
2010-04-20T00:00:00Z,0.0796885
2010-04-19T00:00:00Z,0.09018405
2010-04-18T00:00:00Z,0.09523747
2010-04-17T00:00:00Z,0.08590808
2010-04-16T00:00:00Z,0.07852232
2010-04-15T00:00:00Z,0.08396446
2010-04-14T00:00:00Z,0.06997039
2010-04-13T00:00:00Z,0.07346891
2010-04-12T00:00:00Z,0.07891105
2010-04-11T00:00:00Z,0.06746014
2010-04-10T00:00:00Z,0.07865308
2010-04-09T00:00:00Z,0.05717474
2010-04-08T00:00:00Z,0.05535967
2010-04-07T00:00:00Z,0.05838479
2010-04-06T00:00:00Z,0.04809938
2010-04-05T00:00:00Z,0.04628431
2010-04-04T00:00:00Z,0.05172953
2010-04-03T00:00:00Z,0.04870441
2010-04-02T00:00:00Z,0.04719185
2010-04-01T00:00:00Z,0.05082199
2010-03-31T00:00:00Z,0.0474299
2010-03-30T00:00:00Z,0.04879152
2010-03-29T00:00:00Z,0.04425278
2010-03-28T00:00:00Z,0.04221034
2010-03-27T00:00:00Z,0.04039484
2010-03-26T00:00:00Z,0.04470665
2010-03-25T00:00:00Z,0.04243728
2010-03-24T00:00:00Z,0.03880628
2010-03-23T00:00:00Z,0.04697603
2010-03-22T00:00:00Z,0.04062178
2010-03-21T00:00:00Z,0.04152953
2010-03-20T00:00:00Z,0.0432465
2010-03-19T00:00:00Z,0.03446206
2010-03-18T00:00:00Z,0.03153391
2010-03-17T00:00:00Z,0.03063294
2010-03-16T00:00:00Z,0.02838052
2010-03-15T00:00:00Z,0.0304077
2010-03-14T00:00:00Z,0.02815528
2010-03-13T00:00:00Z,0.03446206
2010-03-12T00:00:00Z,0.02725431
2010-03-11T00:00:00Z,0.02995721
2010-03-10T00:00:00Z,0.03648924
2010-03-09T00:00:00Z,0.03288536
2010-03-08T00:00:00Z,0.02815528
2010-03-07T00:00:00Z,0.03364564
2010-03-06T00:00:00Z,0.03326971
2010-03-05T00:00:00Z,0.03214192
2010-03-04T00:00:00Z,0.03477343
2010-03-03T00:00:00Z,0.0285706
2010-03-02T00:00:00Z,0.03533732
2010-03-01T00:00:00Z,0.03665307
2010-02-28T00:00:00Z,0.02932246
2010-02-27T00:00:00Z,0.03232989
2010-02-26T00:00:00Z,0.03232989
2010-02-25T00:00:00Z,0.02894653
2010-02-24T00:00:00Z,0.03214192
2010-02-23T00:00:00Z,0.03141316
2010-02-22T00:00:00Z,0.03266969
2010-02-21T00:00:00Z,0.02802054
2010-02-20T00:00:00Z,0.02613575
2010-02-19T00:00:00Z,0.02412531
2010-02-18T00:00:00Z,0.02613575
2010-02-17T00:00:00Z,0.03003098
2010-02-16T00:00:00Z,0.02450227
2010-02-15T00:00:00Z,0.02211487
2010-02-14T00:00:00Z,0.02613575
2010-02-13T00:00:00Z,0.02097352
2010-02-12T00:00:00Z,0.01654377
2010-02-11T00:00:00Z,0.01527812
2010-02-10T00:00:00Z,0.01518772
2010-02-09T00:00:00Z,0.01871344
2010-02-08T00:00:00Z,0.01808062
2010-02-07T00:00:00Z,0.01961747
2010-02-06T00:00:00Z,0.01735739
2010-02-05T00:00:00Z,0.02015989
2010-02-04T00:00:00Z,0.02070231
2010-02-03T00:00:00Z,0.01804155
2010-02-02T00:00:00Z,0.00968898
2010-02-01T00:00:00Z,0.01229498
2010-01-31T00:00:00Z,0.01102539
2010-01-30T00:00:00Z,0.01403231
2010-01-29T00:00:00Z,0.01316365
2010-01-28T00:00:00Z,0.01182724
2010-01-27T00:00:00Z,0.01095857
2010-01-26T00:00:00Z,0.01303001
2010-01-25T00:00:00Z,0.01409913
2010-01-24T00:00:00Z,0.00999104
2010-01-23T00:00:00Z,0.0103803
2010-01-22T00:00:00Z,0.00862862
2010-01-21T00:00:00Z,0.01135345
2010-01-20T00:00:00Z,0.01025055
2010-01-19T00:00:00Z,0.00804473
2010-01-18T00:00:00Z,0.00810961
2010-01-17T00:00:00Z,0.00849887
2010-01-16T00:00:00Z,0.00810961
2010-01-15T00:00:00Z,0.00914764
2010-01-14T00:00:00Z,0.00927739
2010-01-13T00:00:00Z,0.01063981
2010-01-12T00:00:00Z,0.01031542
2010-01-11T00:00:00Z,0.01031542
2010-01-10T00:00:00Z,0.01117243
2010-01-09T00:00:00Z,0.00887914
2010-01-08T00:00:00Z,0.00899675
2010-01-07T00:00:00Z,0.00905555
2010-01-06T00:00:00Z,0.00958477
2010-01-05T00:00:00Z,0.01164285
2010-01-04T00:00:00Z,0.01064321
2010-01-03T00:00:00Z,0.01093722
2010-01-02T00:00:00Z,0.00740909
2010-01-01T00:00:00Z,0.0077619
2009-12-31T00:00:00Z,0.00811471
2009-12-30T00:00:00Z,0.00829112
2009-12-29T00:00:00Z,0.00850046
2009-12-28T00:00:00Z,0.00681031
2009-12-27T00:00:00Z,0.00830162
2009-12-26T00:00:00Z,0.00864959
2009-12-25T00:00:00Z,0.00740683
2009-12-24T00:00:00Z,0.00765538
2009-12-23T00:00:00Z,0.00765538
2009-12-22T00:00:00Z,0.00805306
2009-12-21T00:00:00Z,0.0086993
2009-12-20T00:00:00Z,0.0086993
2009-12-19T00:00:00Z,0.00984263
2009-12-18T00:00:00Z,0.01118481
2009-12-17T00:00:00Z,0.00840104
2009-12-16T00:00:00Z,0.0067606
2009-12-15T00:00:00Z,0.00546813
2009-12-14T00:00:00Z,0.00507045
2009-12-13T00:00:00Z,0.00566697
2009-12-12T00:00:00Z,0.00546813
2009-12-11T00:00:00Z,0.00556755
2009-12-10T00:00:00Z,0.00516987
2009-12-09T00:00:00Z,0.00477219
2009-12-08T00:00:00Z,0.00521958
2009-12-07T00:00:00Z,0.00556755
2009-12-06T00:00:00Z,0.00512016
2009-12-05T00:00:00Z,0.00318146
2009-12-04T00:00:00Z,0.00178957
2009-12-03T00:00:00Z,0.0043745
2009-12-02T00:00:00Z,0.00467277
2009-12-01T00:00:00Z,0.00362885
2009-11-30T00:00:00Z,0.00372827
2009-11-29T00:00:00Z,0.00298262
2009-11-28T00:00:00Z,0.00352943
2009-11-27T00:00:00Z,0.00367856
2009-11-26T00:00:00Z,0.00417566
2009-11-25T00:00:00Z,0.00447392
2009-11-24T00:00:00Z,0.00462306
2009-11-23T00:00:00Z,0.00477219
2009-11-22T00:00:00Z,0.00526929
2009-11-21T00:00:00Z,0.00362885
2009-11-20T00:00:00Z,0.00427508
2009-11-19T00:00:00Z,0.00347972
2009-11-18T00:00:00Z,0.00392711
2009-11-17T00:00:00Z,0.00457334
2009-11-16T00:00:00Z,0.0048219
2009-11-15T00:00:00Z,0.00477219
2009-11-14T00:00:00Z,0.00392711
2009-11-13T00:00:00Z,0.00397682
2009-11-12T00:00:00Z,0.00328088
2009-11-11T00:00:00Z,0.00318146
2009-11-10T00:00:00Z,0.0038774
2009-11-09T00:00:00Z,0.00318146
2009-11-08T00:00:00Z,0.00362885
2009-11-07T00:00:00Z,0.00343001
2009-11-06T00:00:00Z,0.00308204
2009-11-05T00:00:00Z,0.00283349
2009-11-04T00:00:00Z,0.00313175
2009-11-03T00:00:00Z,0.00308204
2009-11-02T00:00:00Z,0.00164044
2009-11-01T00:00:00Z,0.00124276
2009-10-31T00:00:00Z,0.00228667
2009-10-30T00:00:00Z,0.00298262
2009-10-29T00:00:00Z,0.00228667
2009-10-28T00:00:00Z,0.00328088
2009-10-27T00:00:00Z,0.00318146
2009-10-26T00:00:00Z,0.00352943
2009-10-25T00:00:00Z,0.00377798
2009-10-24T00:00:00Z,0.00308204
2009-10-23T00:00:00Z,0.00442421
2009-10-22T00:00:00Z,0.00447392
2009-10-21T00:00:00Z,0.00397682
2009-10-20T00:00:00Z,0.00472248
2009-10-19T00:00:00Z,0.00556755
2009-10-18T00:00:00Z,0.00367856
2009-10-17T00:00:00Z,0.00283349
2009-10-16T00:00:00Z,0.00298262
2009-10-15T00:00:00Z,0.00352943
2009-10-14T00:00:00Z,0.00343001
2009-10-13T00:00:00Z,0.00283349
2009-10-12T00:00:00Z,0.0028832
2009-10-11T00:00:00Z,0.00367856
2009-10-10T00:00:00Z,0.00382769
2009-10-09T00:00:00Z,0.00392711
2009-10-08T00:00:00Z,0.00347972
2009-10-07T00:00:00Z,0.00298262
2009-10-06T00:00:00Z,0.00213754
2009-10-05T00:00:00Z,0.00273406
2009-10-04T00:00:00Z,0.00263464
2009-10-03T00:00:00Z,0.0028832
2009-10-02T00:00:00Z,0.00357914
2009-10-01T00:00:00Z,0.00407624
2009-09-30T00:00:00Z,0.00422537
2009-09-29T00:00:00Z,0.0043745
2009-09-28T00:00:00Z,0.00422537
2009-09-27T00:00:00Z,0.00432479
2009-09-26T00:00:00Z,0.00497103
2009-09-25T00:00:00Z,0.00452363
2009-09-24T00:00:00Z,0.0048219
2009-09-23T00:00:00Z,0.00178957
2009-09-22T00:00:00Z,0.00124276
2009-09-21T00:00:00Z,0.00343001
2009-09-20T00:00:00Z,0.0038774
2009-09-19T00:00:00Z,0.00367856
2009-09-18T00:00:00Z,0.0038774
2009-09-17T00:00:00Z,0.00417566
2009-09-16T00:00:00Z,0.00357914
2009-09-15T00:00:00Z,0.00218725
2009-09-14T00:00:00Z,0.00367856
2009-09-13T00:00:00Z,0.00372827
2009-09-12T00:00:00Z,0.00343001
2009-09-11T00:00:00Z,0.00333059
2009-09-10T00:00:00Z,0.00333059
2009-09-09T00:00:00Z,0.00268435
2009-09-08T00:00:00Z,0.00343001
2009-09-07T00:00:00Z,0.0038774
2009-09-06T00:00:00Z,0.0033803
2009-09-05T00:00:00Z,0.00377798
2009-09-04T00:00:00Z,0.00318146
2009-09-03T00:00:00Z,0.00303233
2009-09-02T00:00:00Z,0.00328088
2009-09-01T00:00:00Z,0.0038774
2009-08-31T00:00:00Z,0.00427508
2009-08-30T00:00:00Z,0.0048219
2009-08-29T00:00:00Z,0.0038774
2009-08-28T00:00:00Z,0.00372827
2009-08-27T00:00:00Z,0.0014416
2009-08-26T00:00:00Z,0.00238609
2009-08-25T00:00:00Z,0.00248551
2009-08-24T00:00:00Z,0.00074565
2009-08-23T00:00:00Z,0.00074565
2009-08-22T00:00:00Z,0.00034797
2009-08-21T00:00:00Z,0.00069594
2009-08-20T00:00:00Z,0.00109363
2009-08-19T00:00:00Z,0.00089478
2009-08-18T00:00:00Z,0.0004971
2009-08-17T00:00:00Z,0.00084507
2009-08-16T00:00:00Z,0.0009445
2009-08-15T00:00:00Z,0.00129247
2009-08-14T00:00:00Z,0.00313175
2009-08-13T00:00:00Z,0.00422537
2009-08-12T00:00:00Z,0.00313175
2009-08-11T00:00:00Z,0.00347972
2009-08-10T00:00:00Z,0.00372827
2009-08-09T00:00:00Z,0.00502074
2009-08-08T00:00:00Z,0.00397682
2009-08-07T00:00:00Z,0.00397682
2009-08-06T00:00:00Z,0.00447392
2009-08-05T00:00:00Z,0.00432479
2009-08-04T00:00:00Z,0.00402653
2009-08-03T00:00:00Z,0.00059652
2009-08-02T00:00:00Z,0.00114334
2009-08-01T00:00:00Z,0.00139189
2009-07-31T00:00:00Z,0.00084507
2009-07-30T00:00:00Z,0.00074565
2009-07-29T00:00:00Z,0.0009445
2009-07-28T00:00:00Z,0.00203812
2009-07-27T00:00:00Z,0.00367856
2009-07-26T00:00:00Z,0.00104392
2009-07-25T00:00:00Z,0.00159073
2009-07-24T00:00:00Z,0.00362885
2009-07-23T00:00:00Z,0.00377798
2009-07-22T00:00:00Z,0.00298262
2009-07-21T00:00:00Z,0.00407624
2009-07-20T00:00:00Z,0.00347972
2009-07-19T00:00:00Z,0.00347972
2009-07-18T00:00:00Z,0.00019884
2009-07-17T00:00:00Z,0.00233638
2009-07-16T00:00:00Z,0.00352943
2009-07-15T00:00:00Z,0.00223696
2009-07-14T00:00:00Z,0.00343001
2009-07-13T00:00:00Z,0.0038774
2009-07-12T00:00:00Z,0.00382769
2009-07-11T00:00:00Z,0.00412595
2009-07-10T00:00:00Z,0.00402653
2009-07-09T00:00:00Z,0.00427508
2009-07-08T00:00:00Z,0.00367856
2009-07-07T00:00:00Z,0.00343001
2009-07-06T00:00:00Z,0.00417566
2009-07-05T00:00:00Z,0.00392711
2009-07-04T00:00:00Z,0.00442421
2009-07-03T00:00:00Z,0.00407624
2009-07-02T00:00:00Z,0.00412595
2009-07-01T00:00:00Z,0.00367856
2009-06-30T00:00:00Z,0.00422537
2009-06-29T00:00:00Z,0.00412595
2009-06-28T00:00:00Z,0.00228667
2009-06-27T00:00:00Z,0.00417566
2009-06-26T00:00:00Z,0.00447392
2009-06-25T00:00:00Z,0.0033803
2009-06-24T00:00:00Z,0.00472248
2009-06-23T00:00:00Z,0.00377798
2009-06-22T00:00:00Z,0.00377798
2009-06-21T00:00:00Z,0.00402653
2009-06-20T00:00:00Z,0.0038774
2009-06-19T00:00:00Z,0.00432479
2009-06-18T00:00:00Z,0.00397682
2009-06-17T00:00:00Z,0.00392711
2009-06-16T00:00:00Z,0.00352943
2009-06-15T00:00:00Z,0.00417566
2009-06-14T00:00:00Z,0.00357914
2009-06-13T00:00:00Z,0.0038774
2009-06-12T00:00:00Z,0.00427508
2009-06-11T00:00:00Z,0.00442421
2009-06-10T00:00:00Z,0.00407624
2009-06-09T00:00:00Z,0.00452363
2009-06-08T00:00:00Z,0.00407624
2009-06-07T00:00:00Z,0.00079536
2009-06-06T00:00:00Z,0.00139189
2009-06-05T00:00:00Z,0.00149131
2009-06-04T00:00:00Z,0.00328088
2009-06-03T00:00:00Z,0.00352943
2009-06-02T00:00:00Z,0.00551784
2009-06-01T00:00:00Z,0.00352943
2009-05-31T00:00:00Z,0.00477219
2009-05-30T00:00:00Z,0.00541842
2009-05-29T00:00:00Z,0.00526929
2009-05-28T00:00:00Z,0.00472248
2009-05-27T00:00:00Z,0.00591552
2009-05-26T00:00:00Z,0.00621378
2009-05-25T00:00:00Z,0.00541842
2009-05-24T00:00:00Z,0.00497103
2009-05-23T00:00:00Z,0.00159073
2009-05-22T00:00:00Z,0.00303233
2009-05-21T00:00:00Z,0.00407624
2009-05-20T00:00:00Z,0.00596523
2009-05-19T00:00:00Z,0.00427508
2009-05-18T00:00:00Z,0.00586581
2009-05-17T00:00:00Z,0.0063132
2009-05-16T00:00:00Z,0.00591552
2009-05-15T00:00:00Z,0.0067606
2009-05-14T00:00:00Z,0.00690973
2009-05-13T00:00:00Z,0.00551784
2009-05-12T00:00:00Z,0.00646234
2009-05-11T00:00:00Z,0.00596523
2009-05-10T00:00:00Z,0.00422537
2009-05-09T00:00:00Z,0.0038774
2009-05-08T00:00:00Z,0.005319
2009-05-07T00:00:00Z,0.00606465
2009-05-06T00:00:00Z,0.00671089
2009-05-05T00:00:00Z,0.00671089
2009-05-04T00:00:00Z,0.00636291
2009-05-03T00:00:00Z,0.00526929
2009-05-02T00:00:00Z,0.00626349
2009-05-01T00:00:00Z,0.00601494
2009-04-30T00:00:00Z,0.00651205
2009-04-29T00:00:00Z,0.00636291
2009-04-28T00:00:00Z,0.0058161
2009-04-27T00:00:00Z,0.00516987
2009-04-26T00:00:00Z,0.00556755
2009-04-25T00:00:00Z,0.00586581
2009-04-24T00:00:00Z,0.00571668
2009-04-23T00:00:00Z,0.00372827
2009-04-22T00:00:00Z,0.00601494
2009-04-21T00:00:00Z,0.00611436
2009-04-20T00:00:00Z,0.00591552
2009-04-19T00:00:00Z,0.00591552
2009-04-18T00:00:00Z,0.00626349
2009-04-17T00:00:00Z,0.00556755
2009-04-16T00:00:00Z,0.00611436
2009-04-15T00:00:00Z,0.00561726
2009-04-14T00:00:00Z,0.00616407
2009-04-13T00:00:00Z,0.00571668
2009-04-12T00:00:00Z,0.00586581
2009-04-11T00:00:00Z,0.00596523
2009-04-10T00:00:00Z,0.00536871
2009-04-09T00:00:00Z,0.00492132
2009-04-08T00:00:00Z,0.00521958
2009-04-07T00:00:00Z,0.00497103
2009-04-06T00:00:00Z,0.00541842
2009-04-05T00:00:00Z,0.00646234
2009-04-04T00:00:00Z,0.00561726
2009-04-03T00:00:00Z,0.00576639
2009-04-02T00:00:00Z,0.00571668
2009-04-01T00:00:00Z,0.00566697
2009-03-31T00:00:00Z,0.00546813
2009-03-30T00:00:00Z,0.00596523
2009-03-29T00:00:00Z,0.00576639
2009-03-28T00:00:00Z,0.00591552
2009-03-27T00:00:00Z,0.00526929
2009-03-26T00:00:00Z,0.0058161
2009-03-25T00:00:00Z,0.0058161
2009-03-24T00:00:00Z,0.00521958
2009-03-23T00:00:00Z,0.00646234
2009-03-22T00:00:00Z,0.00591552
2009-03-21T00:00:00Z,0.00248551
2009-03-20T00:00:00Z,0.00586581
2009-03-19T00:00:00Z,0.00606465
2009-03-18T00:00:00Z,0.00566697
2009-03-17T00:00:00Z,0.00566697
2009-03-16T00:00:00Z,0.00601494
2009-03-15T00:00:00Z,0.00611436
2009-03-14T00:00:00Z,0.00546813
2009-03-13T00:00:00Z,0.00561726
2009-03-12T00:00:00Z,0.00586581
2009-03-11T00:00:00Z,0.00566697
2009-03-10T00:00:00Z,0.005319
2009-03-09T00:00:00Z,0.00536871
2009-03-08T00:00:00Z,0.00571668
2009-03-07T00:00:00Z,0.00541842
2009-03-06T00:00:00Z,0.0058161
2009-03-05T00:00:00Z,0.00556755
2009-03-04T00:00:00Z,0.00516987
2009-03-03T00:00:00Z,0.00521958
2009-03-02T00:00:00Z,0.00536871
2009-03-01T00:00:00Z,0.00521958
2009-02-28T00:00:00Z,0.00492132
2009-02-27T00:00:00Z,0.00571668
2009-02-26T00:00:00Z,0.005319
2009-02-25T00:00:00Z,0.00521958
2009-02-24T00:00:00Z,0.00526929
2009-02-23T00:00:00Z,0.00536871
2009-02-22T00:00:00Z,0.00601494
2009-02-21T00:00:00Z,0.00566697
2009-02-20T00:00:00Z,0.00606465
2009-02-19T00:00:00Z,0.00616407
2009-02-18T00:00:00Z,0.00586581
2009-02-17T00:00:00Z,0.0058161
2009-02-16T00:00:00Z,0.00606465
2009-02-15T00:00:00Z,0.00636291
2009-02-14T00:00:00Z,0.0067606
2009-02-13T00:00:00Z,0.00616407
2009-02-12T00:00:00Z,0.00591552
2009-02-11T00:00:00Z,0.00661147
2009-02-10T00:00:00Z,0.00596523
2009-02-09T00:00:00Z,0.00666118
2009-02-08T00:00:00Z,0.00656176
2009-02-07T00:00:00Z,0.00641262
2009-02-06T00:00:00Z,0.00606465
2009-02-05T00:00:00Z,0.00626349
2009-02-04T00:00:00Z,0.00591552
2009-02-03T00:00:00Z,0.00690973
2009-02-02T00:00:00Z,0.00636291
2009-02-01T00:00:00Z,0.00561726
2009-01-31T00:00:00Z,0.00686002
2009-01-30T00:00:00Z,0.0058161
2009-01-29T00:00:00Z,0.00601494
2009-01-28T00:00:00Z,0.00556755
2009-01-27T00:00:00Z,0.0048219
2009-01-26T00:00:00Z,0.00477219
2009-01-25T00:00:00Z,0.00949466
2009-01-24T00:00:00Z,0.00999176
2009-01-23T00:00:00Z,0.00417566
2009-01-22T00:00:00Z,0.00452363
2009-01-21T00:00:00Z,0.00507045
2009-01-20T00:00:00Z,0.00566697
2009-01-19T00:00:00Z,0.00571668
2009-01-18T00:00:00Z,0.005319
2009-01-17T00:00:00Z,0.00541842
2009-01-16T00:00:00Z,0.00536871
2009-01-15T00:00:00Z,0.00626349
2009-01-14T00:00:00Z,0.00641262
2009-01-13T00:00:00Z,0.00611436
2009-01-12T00:00:00Z,0.00467277
2009-01-11T00:00:00Z,0.00462306
2009-01-10T00:00:00Z,0.00303233
2009-01-09T00:00:00Z,0.00069594
2009-01-08T00:00:00Z,0
2009-01-07T00:00:00Z,0
2009-01-06T00:00:00Z,0
2009-01-05T00:00:00Z,0
2009-01-04T00:00:00Z,0
2009-01-03T00:00:00Z,0.00004971
