Datetime,Open,High,Low,Close,Volume
2025-06-10T00:00:00Z,110294.76351421,110349.05714573,108355.829656,108923.01441,15357.768400622706
2025-06-09T00:00:00Z,105779.39940549,110650.34742059,105357.25034338,110303.87122731,22997.31029961431
2025-06-08T00:00:00Z,105621.82452711,106529.91102335,105026.50460534,105782.29547715,8377.54251810205
2025-06-07T00:00:00Z,104392.20012939,105995.91892192,103958.50392016,105645.52527402,10623.745863587148
2025-06-06T00:00:00Z,101550.93643077,105409.33560142,101135.26798524,104406.92480869,25738.32244905768
2025-06-05T00:00:00Z,104743.95797011,105982.63238726,100393.42391332,101613.26080565,32484.470497941154
2025-06-04T00:00:00Z,105422.19840999,105970.0296369,104184.18387137,104724.59199403,14930.272289155382
2025-06-03T00:00:00Z,105888.26237283,106846.44997504,104893.75836449,105391.15297092,17435.90815390839
2025-06-02T00:00:00Z,105688.43003481,105986.59767703,103687.64384975,105891.62010427,16765.535258059455
2025-06-01T00:00:00Z,104624.80306637,105910.75626491,103779.27327692,105668.05078639,10639.67954673545
2025-05-31T00:00:00Z,104023.74267803,104957.1082428,103115.23348363,104645.17769099,10852.1056628015
2025-05-30T00:00:00Z,105540.12627269,106359.46263985,103623.18954253,104021.22678519,21758.688199050423
2025-05-29T00:00:00Z,107796.79418205,108914.08007985,105311.98162424,105521.11727826,30374.81446939036
2025-05-28T00:00:00Z,108977.65460346,109302.22174825,106570.60960424,107800.86768605,21824.38538151166
2025-05-27T00:00:00Z,109456.35993657,110801.95906878,107530.26567769,108918.89718241,24424.2704383962
2025-05-26T00:00:00Z,109043.95585099,110454.3657016,108695.63047142,109460.0048148,14966.567344477246
2025-05-25T00:00:00Z,107670.75001202,109347.25147052,106590.78038412,109025.20506337,13960.067651988837
2025-05-24T00:00:00Z,107266.80881989,109499.28163702,106880.92557361,107770.44825508,15931.011804662148
2025-05-23T00:00:00Z,111707.54803571,111782.03744699,106749.60447315,107270.88475823,30730.966921282074
2025-05-22T00:00:00Z,109677.4083395,111988.27539171,109211.0908018,111699.798328,31598.542927858896
2025-05-21T00:00:00Z,106831.98732027,110783.44750743,106080.8628347,109675.23328845,49197.73744178418
2025-05-20T00:00:00Z,105563.79981016,107323.3710843,104179.69918761,106843.29160886,32142.79408731701
2025-05-19T00:00:00Z,106490.3748256,107134.97135125,102091.44680714,105603.38665977,29336.419579765043
2025-05-18T00:00:00Z,103154.72735938,106688.56844236,103125.0421327,106487.26797995,17781.018778539343
2025-05-17T00:00:00Z,103498.89936774,103753.54758209,102620.67210297,103148.77850528,11188.366450522337
2025-05-16T00:00:00Z,103780.64432141,104580.1251007,103119.1728611,103487.01225178,21090.68788516833
2025-05-15T00:00:00Z,103540.12415519,104176.19324579,101391.49765391,103780.14763145,21948.623078675548
2025-05-14T00:00:00Z,104133.55285871,104362.77990733,102604.73035943,103531.70251528,18616.555277365092
2025-05-13T00:00:00Z,102803.14736895,105031.14652716,101452.52625451,104137.69023694,27859.849579251233
2025-05-12T00:00:00Z,104139.65761019,105771.58027871,100738.46576423,102801.07281305,35499.87902826602
2025-05-11T00:00:00Z,104780.77625661,104993.05111684,103328.7065251,104138.52163586,14312.307194892257
2025-05-10T00:00:00Z,102977.57553813,104997.77014736,102827.81295956,104792.24673353,13507.171371524593
2025-05-09T00:00:00Z,103258.00894694,104360.44989761,102313.86465881,102985.417166,31360.608359753627
2025-05-08T00:00:00Z,97069.68710832,104220.81722336,96878.82855059,103284.92297917,45874.551262383044
2025-05-07T00:00:00Z,96831.49346238,97731.3615321,95805.83359253,97055.80945518,23403.199381174916
2025-05-06T00:00:00Z,94917.69487403,96941.88947719,93374.26942012,96825.47284947,19411.70284136803
2025-05-05T00:00:00Z,94461.9445703,95299.42159796,93656.20849967,94903.19798624,21671.127851154113
2025-05-04T00:00:00Z,95872.99277974,96377.84886033,94369.0374466,94415.63291895,17286.08438101398
2025-05-03T00:00:00Z,96921.63569318,96970.59218462,95826.1121697,95880.6365611,10441.736389092719
2025-05-02T00:00:00Z,96509.70537656,97933.67997096,96349.43792657,96929.38324418,19359.852175268778
2025-05-01T00:00:00Z,94180.94571423,97494.68477392,94137.93144588,96505.27674381,29435.30941056134
2025-04-30T00:00:00Z,94342.33397934,95261.34177187,92924.89953927,94180.10679237,23038.172345805157
2025-04-29T00:00:00Z,95033.91004165,95496.1906181,93796.06433985,94280.65273962,20450.925233408776
2025-04-28T00:00:00Z,93762.57504669,95616.45330453,92872.17420979,95011.41357226,25082.84959664639
2025-04-27T00:00:00Z,94654.27674769,95341.41519496,93692.67868484,93777.39883082,12118.165387833991
2025-04-26T00:00:00Z,94709.7844673,95257.10822367,93904.55547798,94658.57188538,12901.09559645505
2025-04-25T00:00:00Z,94011.56181319,95890.20252391,92880.64769164,94707.87137542,33013.53709440664
2025-04-24T00:00:00Z,93731.196432,94035.93099822,91687.97666367,93986.13692137,26219.65006292784
2025-04-23T00:00:00Z,93453.64571596,94728.59321146,91943.57605742,93715.48124787,39018.71841188689
2025-04-22T00:00:00Z,87511.31181264,93999.23677384,87054.91662633,93480.04361082,57721.13110028162
2025-04-21T00:00:00Z,85061.49180169,88524.90956725,85028.50852739,87506.19188376,34291.205777889554
2025-04-20T00:00:00Z,85023.74411519,85317.22042274,83837.94837748,85092.17941973,11968.871834544498
2025-04-19T00:00:00Z,84461.2811542,85630.56394525,84334.34151279,85019.03559709,10296.980881444935
2025-04-18T00:00:00Z,84891.01465804,85122.61125957,84289.55560614,84442.55802535,9067.264049614745
2025-04-17T00:00:00Z,84027.19118037,85487.29814661,83717.96746161,84882.98554939,18358.91317935105
2025-04-16T00:00:00Z,83633.43174413,85514.34156844,83107.249259,84025.48761668,27547.833510264732
2025-04-15T00:00:00Z,84581.13495936,86478.48402159,83598.44871918,83639.20922801,27946.270695833668
2025-04-14T00:00:00Z,83732.7415321,85808.79515277,83668.33597678,84581.48072935,26831.034072833238
2025-04-13T00:00:00Z,85240.17203579,86085.21610398,83002.7714124,83734.42651906,26734.906683587236
2025-04-12T00:00:00Z,83391.06919952,85871.73561198,82747.33061773,85270.21964132,23569.40814340199
2025-04-11T00:00:00Z,79528.92462803,84278.99225335,78906.54096558,83381.8032112,37614.15622075284
2025-04-10T00:00:00Z,82586.32867308,82719.85361808,78409.59430705,79549.07424614,40260.63869103082
2025-04-09T00:00:00Z,76270.50042564,83566.01504377,74560.24503354,82589.34016791,90223.5466075579
2025-04-08T00:00:00Z,79141.82132171,80842.7603954,76173.73407887,76276.64989345,44485.918277971636
2025-04-07T00:00:00Z,78372.67929758,81202.7604445,74442.49023242,79144.05434046,76327.43425938925
2025-04-06T00:00:00Z,83543.42863064,83769.83327577,77075.56978284,78367.99463542,40842.10430213266
2025-04-05T00:00:00Z,83869.93466622,84236.22475109,82380.53279488,83515.58936295,12427.086079667599
2025-04-04T00:00:00Z,83205.54198677,84710.04182565,81628.98410638,83865.30825723,40391.53654704581
2025-04-03T00:00:00Z,82496.22628919,83969.62558301,81183.16506535,83172.9868434,41449.17285798321
2025-04-02T00:00:00Z,85166.64823004,88636.98376825,82294.7022728,82495.34492457,55639.39444101154
2025-04-01T00:00:00Z,82537.34935034,85553.09533032,82412.51662487,85162.65232705,26238.984427994215
2025-03-31T00:00:00Z,82374.27199535,83915.19254601,81305.51815498,82534.73401316,27342.360621666954
2025-03-30T00:00:00Z,82614.21058988,83654.09759328,81582.58206718,82382.93775053,14866.476831618642
2025-03-29T00:00:00Z,84437.43507432,84755.22340479,81658.89265278,82637.55257379,13941.302328853853
2025-03-28T00:00:00Z,87202.7458584,87491.93979979,83538.77410651,84374.75161718,35419.53191003527
2025-03-27T00:00:00Z,86919.67049301,87817.77279857,85784.67400473,87270.04548534,23753.498091430298
2025-03-26T00:00:00Z,87488.28162804,88381.98289124,85874.39408746,86975.40124571,21763.48663155867
2025-03-25T00:00:00Z,87515.76435031,88564.1372348,86322.36984061,87424.41226981,27139.133901137626
2025-03-24T00:00:00Z,86130.05089763,88782.84632907,85542.79609747,87512.12391055,38761.51846785592
2025-03-23T00:00:00Z,83937.62838272,86159.93852575,83809.21786985,86142.15418982,10037.966866544204
2025-03-22T00:00:00Z,84054.83038518,84618.87784239,83651.71243872,83843.17990983,6555.6848876825225
2025-03-21T00:00:00Z,84197.73108936,84800.28569193,83152.84319222,84053.95820961,19676.111599260068
2025-03-20T00:00:00Z,86937.26552476,87539.4842361,83607.10760103,84175.01930931,27539.544429936985
2025-03-19T00:00:00Z,82703.47536647,87109.04246221,82567.92203678,86923.55072051,34306.35219554214
2025-03-18T00:00:00Z,84142.81661364,84158.26808371,81196.25539927,82785.723129,28205.89347701496
2025-03-17T00:00:00Z,82571.3432975,84802.04430185,82520.98209931,84199.82116598,23661.357981757155
2025-03-16T00:00:00Z,84350.66788039,85255.88130271,81994.5107796,82570.43379801,17287.40474291543
2025-03-15T00:00:00Z,84113.1846812,84847.94436265,83628.36468621,84401.37472993,12136.359818061017
2025-03-14T00:00:00Z,81103.47352817,85341.30900936,80820.85776594,84044.12785614,36997.07724513756
2025-03-13T00:00:00Z,83670.79227666,84317.08688421,79902.70887626,81140.29501626,31687.624703673806
2025-03-12T00:00:00Z,82921.49100103,84476.58413831,80640.63958928,83671.51314101,47752.74503091331
2025-03-11T00:00:00Z,78593.97022824,83603.7306035,76714.1468442,82992.00604414,60328.38096156003
2025-03-10T00:00:00Z,80755.59350006,84071.17560189,77521.76311817,78665.52026754,61465.59623108256
2025-03-09T00:00:00Z,86302.93942499,86721.74364349,80113.65156301,80810.22119054,32032.0410698648
2025-03-08T00:00:00Z,86782.66410461,87047.04340348,85240.16953805,86412.82986308,16160.68553706425
2025-03-07T00:00:00Z,89922.30560093,91269.25964255,84645.57328678,86819.73519437,72797.25162619515
2025-03-06T00:00:00Z,90721.55114774,92908.75690873,87813.31191986,89929.38814532,45209.89523573327
2025-03-05T00:00:00Z,87282.66117181,91034.79644522,86332.88843158,90608.86839601,50442.193032968615
2025-03-04T00:00:00Z,86206.82786793,88931.91787096,81527.43619876,87351.41258709,61086.72127604862
2025-03-03T00:00:00Z,94312.4273353,94465.52706662,85093.96792078,86158.66028725,73555.38962308897
2025-03-02T00:00:00Z,86295.59814762,95097.90973629,85037.05364883,94311.60500165,66668.93024838183
2025-03-01T00:00:00Z,84352.76321304,86722.78312849,83805.02933739,86103.12856813,24399.131129404013
2025-02-28T00:00:00Z,84709.89481629,85088.2074786,78301.46322672,84500.85392378,99424.96411758734
2025-02-27T00:00:00Z,84112.84446351,87187.41047189,82654.69811661,84792.37428681,44299.94415502849
2025-02-26T00:00:00Z,88605.20144342,89546.46524392,82141.65171407,84365.97477643,68573.7198682556
2025-02-25T00:00:00Z,91692.88358591,92654.30337293,85910.60222178,88598.29827488,81006.50607296679
2025-02-24T00:00:00Z,96318.47243759,96514.89173567,91447.45117791,91642.39828312,37955.37061908542
2025-02-23T00:00:00Z,96583.58628611,96699.93264895,95258.46482515,96299.03428947,12333.631506749873
2025-02-22T00:00:00Z,96138.53457824,96988.84968467,95775.31763266,96582.23986831,13039.319550683094
2025-02-21T00:00:00Z,98328.48121228,99538.24005661,94752.3691471,96155.46155954,43915.63601125224
2025-02-20T00:00:00Z,96647.88574495,98773.27695724,96419.06560917,98340.88589323,26684.38527911152
2025-02-19T00:00:00Z,95648.7856326,96894.29336513,95021.73659898,96633.17262271,17545.699234733496
2025-02-18T00:00:00Z,95783.56963158,96794.91304892,93403.38763311,95605.92259424,26092.537534283194
2025-02-17T00:00:00Z,96178.9690231,97157.46771137,95217.44101771,95785.20544132,17227.7388262268
2025-02-16T00:00:00Z,97601.38642359,97737.89185804,96076.87464172,96192.98276581,7854.397247051935
2025-02-15T00:00:00Z,97494.2336935,97995.99028287,97234.76747412,97600.09271698,6461.059868299189
2025-02-14T00:00:00Z,96623.2842473,98858.56858042,96298.82595468,97508.48324331,24892.636613226794
2025-02-13T00:00:00Z,97876.69553798,98138.37520871,95302.21787152,96643.82948338,18981.135576672816
2025-02-12T00:00:00Z,95781.57147746,98191.90175221,94093.55324792,97872.21503717,27767.305306891973
2025-02-11T00:00:00Z,97449.81425121,98526.56726546,94876.47733675,95842.05136763,25690.673033664123
2025-02-10T00:00:00Z,96487.33551103,98374.4556014,95264.07795862,97450.63496828,21533.25327738833
2025-02-09T00:00:00Z,96485.26014341,97374.38737049,94830.57557855,96479.92032922,13649.093583775415
2025-02-08T00:00:00Z,96548.00247014,96907.18729626,95688.56020115,96513.21430842,11039.425990882095
2025-02-07T00:00:00Z,96572.37240673,100201.45547967,95624.17977593,96531.9979741,38682.55509153305
2025-02-06T00:00:00Z,96619.36550278,99169.16338818,95805.44770982,96563.26021688,23871.021806194312
2025-02-05T00:00:00Z,97787.00927326,99216.12371636,96166.87351375,96630.39747402,28923.86295902975
2025-02-04T00:00:00Z,101437.15509377,101797.22364265,96167.61037735,97788.16115375,48253.903214518454
2025-02-03T00:00:00Z,97675.53313578,102552.87019661,91164.33880244,101440.29371908,81162.4350585941
2025-02-02T00:00:00Z,100624.67145541,101451.93707579,96144.7542401,97641.90246068,37371.97448041066
2025-02-01T00:00:00Z,102413.66377037,102785.63830139,100305.48363643,100623.37946742,15341.680617992737
2025-01-31T00:00:00Z,104743.40430795,106066.11390056,101524.9229004,102416.03787191,29285.08830776266
2025-01-30T00:00:00Z,103738.16037943,106469.78939191,103268.26399323,104743.65524972,32040.876977669355
2025-01-29T00:00:00Z,101337.2863644,104820.10210735,101279.01830847,103737.28364542,32595.920207852447
2025-01-28T00:00:00Z,102078.68363894,103804.91354975,100218.16287821,101275.168839,26223.004619546748
2025-01-27T00:00:00Z,102609.55018301,103230.46808108,97695.56399228,102067.98026942,61764.547460865724
2025-01-26T00:00:00Z,104730.78008507,105484.34514583,102510.54090351,102589.28508691,13459.560876228576
2025-01-25T00:00:00Z,104858.85300899,105320.83603238,104138.5799548,104730.58353229,10309.844458949769
2025-01-24T00:00:00Z,103927.04059964,107161.20076735,102739.90234103,104851.31373129,30143.14723722572
2025-01-23T00:00:00Z,103661.95901768,106871.97682464,101211.19583145,103929.73910276,76540.46086626404
2025-01-22T00:00:00Z,106168.71313248,106391.14295015,103309.94904318,103659.69284485,32561.250509645874
2025-01-21T00:00:00Z,102180.35442887,107270.60699734,100041.96463751,106164.71970923,53022.75613223303
2025-01-20T00:00:00Z,101245.56854819,109462.10399515,99468.26441927,102198.02755249,105798.27861078897
2025-01-19T00:00:00Z,104429.11235467,106339.3619042,99542.36833807,101233.33112995,51547.16873091921
2025-01-18T00:00:00Z,104109.45197122,104936.28833326,102230.40020536,104431.18071522,22523.907207969187
2025-01-17T00:00:00Z,99980.96134206,105959.70005651,99943.31868639,104094.65028438,53317.68802741281
2025-01-16T00:00:00Z,100496.45971483,100859.78660568,97298.83716595,99982.44508267,38468.29411105776
2025-01-15T00:00:00Z,96559.55342402,100715.77709053,96422.95395496,100503.59149022,34060.7103975404
2025-01-14T00:00:00Z,94516.06498114,97362.20027881,94329.4958273,96529.92599324,30113.82852393294
2025-01-13T00:00:00Z,94504.74266514,95896.15843114,89240.46235067,94563.49488964,49535.91004026589
2025-01-12T00:00:00Z,94571.35438688,95417.12246241,93660.01181877,94492.32307884,9244.918231361667
2025-01-11T00:00:00Z,94712.47169359,95017.41437797,93814.27962412,94593.62345248,7812.566945962801
2025-01-10T00:00:00Z,92554.68471284,95861.15022858,92213.97325177,94713.35838492,33570.81583542896
2025-01-09T00:00:00Z,95057.60377501,95346.54219241,90707.43879517,92675.78668091,38339.79429483691
2025-01-08T00:00:00Z,96953.08184855,97298.57630847,92519.83132309,95026.12707874,42317.214268424366
2025-01-07T00:00:00Z,102285.34428977,102762.76568997,96104.61481424,96961.16233553,35808.34961217214
2025-01-06T00:00:00Z,98335.30106655,102501.52761261,97930.91293422,102276.17049067,38108.434742508136
2025-01-05T00:00:00Z,98217.60005174,98818.73207897,97245.12626157,98343.85608796,9181.392404649512
2025-01-04T00:00:00Z,98141.37717744,98769.3047674,97533.67977468,98223.62858212,8298.185542424106
2025-01-03T00:00:00Z,96835.64572608,98965.57120573,96028.46080872,98137.07229138,23718.710494210827
2025-01-02T00:00:00Z,94441.32550543,97754.48685347,94196.90510394,96900.94912836,32857.35058124625
2025-01-01T00:00:00Z,93458.26568155,95020.32820178,92736.30738757,94394.11199201,15432.380002580088
2024-12-31T00:00:00Z,92725.28651573,96161.84394589,92037.74633343,93384.85726626,31170.812225823884
2024-12-30T00:00:00Z,93582.21459554,94932.11829432,91331.12646279,92634.93097184,44981.50688196755
2024-12-29T00:00:00Z,95195.54959643,95388.17726845,92839.97661145,93579.79563877,13787.184979028338
2024-12-28T00:00:00Z,94155.65818843,95557.46497969,94004.83177098,95357.2677462,8977.430699566752
2024-12-27T00:00:00Z,95762.35529954,97483.10426825,93293.05615163,94162.88864746,38864.39718807314
2024-12-26T00:00:00Z,99432.6076704,99923.31205426,95094.51989566,95733.46643592,29254.13817880917
2024-12-25T00:00:00Z,98597.88636944,99558.72805785,97606.77758045,99341.24872831,18521.264111868153
2024-12-24T00:00:00Z,94765.02537565,99448.84849392,93450.26196502,98601.63631546,37923.68634626105
2024-12-23T00:00:00Z,95106.63273277,96433.33765857,92418.07067205,94763.01487762,43510.74460039182
2024-12-22T00:00:00Z,97232.07201832,97409.11212015,94198.2463718,95093.6858216,17382.139676830615
2024-12-21T00:00:00Z,97796.99816226,99566.67270583,96386.1933871,97234.39615519,27991.50663590136
2024-12-20T00:00:00Z,97415.268269,98162.69328847,92149.52165811,97767.02058679,81239.9107937577
2024-12-19T00:00:00Z,100153.49313747,102782.77527568,95575.25193788,97384.22192841,62310.48909627523
2024-12-18T00:00:00Z,106123.30322208,106503.7904119,99978.40775676,100158.96029547,57862.39010434088
2024-12-17T00:00:00Z,106056.20329689,108304.58369635,105275.35629895,106128.86671082,42733.065364711736
2024-12-16T00:00:00Z,104426.85291684,107827.82338186,103277.41288577,106075.29021128,48784.78135977872
2024-12-15T00:00:00Z,101400.40009796,105189.77378842,101223.99711931,104409.05660696,25477.66487713606
2024-12-14T00:00:00Z,101440.76560334,102648.20205314,100591.36776906,101399.9486626,16789.69904307017
2024-12-13T00:00:00Z,100025.83407498,101925.54950119,99224.8791504,101425.00351512,31979.768309983254
2024-12-12T00:00:00Z,101199.63696851,102551.58376645,99306.49918191,100025.99349303,37283.89089690217
2024-12-11T00:00:00Z,96657.13029885,101943.87931262,95720.85248528,101193.60552486,55511.81214443851
2024-12-10T00:00:00Z,97325.85296326,98333.59703798,93951.92077702,96654.18328604,58687.13915733351
2024-12-09T00:00:00Z,101189.15230049,101296.33810929,94007.53449983,97340.56847803,50975.33281063789
2024-12-08T00:00:00Z,99918.79021281,101434.99021611,98715.42380196,101177.33544682,15833.411074558782
2024-12-07T00:00:00Z,99832.98544505,100575.41311935,98970.08637156,99928.35990463,14151.255640469652
2024-12-06T00:00:00Z,96990.85208409,102071.05235955,96190.88174362,99888.88366242,55851.45652293359
2024-12-05T00:00:00Z,98739.89733604,104050.3367034,90399.90101867,97043.88996649,118895.99888474209
2024-12-04T00:00:00Z,95932.20724512,99230.13248373,94648.86904159,98741.98404338,47410.35095009791
2024-12-03T00:00:00Z,95863.04100136,96322.91258884,93623.03307085,95931.01390112,46552.68622907385
2024-12-02T00:00:00Z,97266.76859674,98219.35582596,94432.69200611,95862.15449466,46741.33416737178
2024-12-01T00:00:00Z,96465.5891458,97905.11779554,95747.35949774,97265.06827883,13468.18665988806
2024-11-30T00:00:00Z,97505.88456403,97520.37679137,96130.05509761,96469.48231001,14249.803794087125
2024-11-29T00:00:00Z,95657.55742711,98725.68424445,95384.12426184,97501.05881162,39511.68677134492
2024-11-28T00:00:00Z,95940.20792524,96660.18619569,94576.31117107,95658.71847119,19671.584283545853
2024-11-27T00:00:00Z,91933.69226885,97380.63005391,91763.85877503,95940.60236202,42491.804981442714
2024-11-26T00:00:00Z,92998.1932677,95018.03114794,90746.77123241,92001.33695274,63816.50861190058
2024-11-25T00:00:00Z,98009.85237579,98878.61676337,92564.01864202,92987.98061064,61899.23443099856
2024-11-24T00:00:00Z,97755.08516467,98612.65504338,95764.04797658,98015.0915638,25551.59588205074
2024-11-23T00:00:00Z,98925.02712003,98990.17605196,97218.57274002,97756.34998268,31446.23292701561
2024-11-22T00:00:00Z,98430.86623279,99724.47853505,97208.32294955,98977.14026376,72159.35772879822
2024-11-21T00:00:00Z,94361.06736023,99053.95607161,94097.43488878,98430.01420757,75004.2505402685
2024-11-20T00:00:00Z,92437.93010758,94941.39091707,91557.66749966,94363.78945858,57631.07991965191
2024-11-19T00:00:00Z,90521.7459512,94001.23542001,90406.30232357,92408.23126209,61790.958900305835
2024-11-18T00:00:00Z,89873.55793015,92655.87517672,89399.9115318,90517.21038496,52249.067565006095
2024-11-17T00:00:00Z,90622.0395757,91450.9012753,88720.79114408,89882.16713182,21582.27687543154
2024-11-16T00:00:00Z,91052.514642,91792.05481352,90071.04459838,90600.91515773,22458.264921816095
2024-11-15T00:00:00Z,87336.23261534,91916.42424124,87101.21544746,91055.15032517,59430.26136372359
2024-11-14T00:00:00Z,90454.16621805,91824.818302,86659.19232844,87330.88073313,72196.47488972159
2024-11-13T00:00:00Z,88031.69450845,93443.87446557,86231.99154645,90485.57233677,115574.9513345602
2024-11-12T00:00:00Z,88755.8874609,90060.68895653,82555.91305762,88025.36476237,113050.92447227647
2024-11-11T00:00:00Z,80431.15828207,89626.56404064,80258.15439025,88726.88435871,108862.05035834319
2024-11-10T00:00:00Z,76714.9931832,81552.11997839,76535.73842762,80425.32294467,59590.655063890226
2024-11-09T00:00:00Z,76556.45851044,76939.41692144,75738.48277061,76718.07637761,16227.317397556752
2024-11-08T00:00:00Z,75921.18534961,77271.54445492,75659.19951885,76555.33081624,46482.70776283024
2024-11-07T00:00:00Z,75639.04290106,76954.4969457,74462.66523342,75907.44115444,49198.30270898594
2024-11-06T00:00:00Z,69383.61312419,76483.0486882,69290.62666873,75645.40065077,140987.33572961224
2024-11-05T00:00:00Z,67803.63524045,70546.60070395,67438.61913406,69379.51262015,44375.031980289175
2024-11-04T00:00:00Z,68745.54206802,69446.34467218,66797.66530912,67812.1616606,30565.395514777254
2024-11-03T00:00:00Z,69348.26538034,69365.68908193,67446.63736464,68755.58835478,31589.977008103466
2024-11-02T00:00:00Z,69466.77179221,69915.81500271,69032.63166802,69352.5233686,9109.302974435075
2024-11-01T00:00:00Z,70206.1972803,71596.00601314,68784.96442844,69464.58604737,47376.83396862891
2024-10-31T00:00:00Z,72322.87554997,72673.61765958,69608.93570026,70199.30798042,43628.63530182232
2024-10-30T00:00:00Z,72708.92557576,72930.4869018,71400.49857196,72323.92024109,36589.440384238354
2024-10-29T00:00:00Z,69922.3172433,73617.39137523,69715.02437983,72708.38992862,55421.257438713124
2024-10-28T00:00:00Z,67946.46676647,70283.9058032,67545.23496741,69918.7212099,44228.438954044526
2024-10-27T00:00:00Z,67057.79542333,68256.18543187,66844.58715978,67938.06652021,10440.974355017372
2024-10-26T00:00:00Z,66597.58495001,67432.28547617,66354.62927643,67010.09307244,13084.779567059142
2024-10-25T00:00:00Z,68161.92213456,68741.32883009,65522.91032804,66571.95878156,45734.6074247532
2024-10-24T00:00:00Z,66628.56825377,68812.23660417,66451.03867965,68153.384445,24807.142287646268
2024-10-23T00:00:00Z,67388.72197042,67426.62886959,63851.59362222,66611.77770806,27564.224477646796
2024-10-22T00:00:00Z,67347.74938339,67788.39756295,66566.55055821,67381.92407511,31011.969583859503
2024-10-21T00:00:00Z,69016.12427646,69503.16328828,66834.2844228,67343.07415569,36574.719611470355
2024-10-20T00:00:00Z,68370.70048002,69396.16785898,68103.63956068,69022.81426408,9047.187074079668
2024-10-19T00:00:00Z,68425.57172202,68688.92400269,68015.24189751,68365.96712626,7030.02554641281
2024-10-18T00:00:00Z,67398.07275794,68989.10361078,67158.27269649,68419.56729066,37927.698840329576
2024-10-17T00:00:00Z,67609.13866695,67931.46106263,66649.07477877,67412.46638052,21754.874289205934
2024-10-16T00:00:00Z,67057.5857583,68402.63828923,66694.5130623,67611.30927753,32316.077369204377
2024-10-15T00:00:00Z,66071.29854533,67906.1541073,64783.55643758,67061.77876745,49031.973439142144
2024-10-14T00:00:00Z,62852.41096974,66513.67104305,62455.48794149,66073.00559002,43442.92509797197
2024-10-13T00:00:00Z,63255.55481197,63360.97966373,62054.12445841,62852.22393854,11216.917407526445
2024-10-12T00:00:00Z,62518.24579571,63574.52346226,61868.74214392,63203.60296476,12389.23592493267
2024-10-11T00:00:00Z,60300.1708268,63418.26269035,60035.66823363,62530.85866977,30710.201438957294
2024-10-10T00:00:00Z,60585.0878714,61288.01466352,58863.37732157,60292.14187638,28761.26366474558
2024-10-09T00:00:00Z,62123.25069869,62539.76534037,57741.46576472,60588.47751555,22813.215024348727
2024-10-08T00:00:00Z,62250.16611982,63190.3110231,61837.69329168,62115.97029497,21939.671847477144
2024-10-07T00:00:00Z,62814.55021623,64483.37521285,61990.85530048,62227.99200747,31300.396442411256
2024-10-06T00:00:00Z,62065.67665135,62996.88552512,60520.22325008,62819.86767679,7969.406889372738
2024-10-05T00:00:00Z,62118.11175326,62389.16114855,60520.58864443,62068.9837506,7025.35393694375
2024-10-04T00:00:00Z,60755.3354056,62486.24867996,59827.80559281,62090.02666994,24124.501478543534
2024-10-03T00:00:00Z,60696.28356649,61575.37861067,59837.23084329,60747.2725659,28831.915561492755
2024-10-02T00:00:00Z,60833.13545335,62378.72330309,59976.53317725,60645.65966781,32231.89655247367
2024-10-01T00:00:00Z,63308.68073682,64245.94259497,60172.03488465,60811.49002647,46638.90211766308
2024-09-30T00:00:00Z,65607.9666871,65626.69473705,62851.06641814,63310.10416412,31330.288666519406
2024-09-29T00:00:00Z,65861.83609761,66108.34024849,65440.71256598,65605.57771591,8648.768384828
2024-09-28T00:00:00Z,65785.38380102,66322.87818452,65418.89630298,65872.25080245,9953.24844368709
2024-09-27T00:00:00Z,65182.04622225,66555.0617751,64833.77451669,65782.46750447,28030.20527333589
2024-09-26T00:00:00Z,63136.25192209,65838.85646674,62680.45105066,65171.61774017,35457.46846018742
2024-09-25T00:00:00Z,64272.67492451,64854.85621925,62936.81445853,63144.77892327,20840.526265668974
2024-09-24T00:00:00Z,63356.48464758,64707.92626948,62710.50029161,64274.81474929,28266.823904802302
2024-09-23T00:00:00Z,63593.55264428,64764.39688852,62614.65000987,63338.0695175,26242.76749000721
2024-09-22T00:00:00Z,63377.67216812,64016.93969393,62365.93709606,63575.20659193,14837.035037842072
2024-09-21T00:00:00Z,63221.30790425,63597.43165199,62759.27243732,63372.69048993,9131.580959963712
2024-09-20T00:00:00Z,62962.99023953,64131.03933846,62341.31469225,63207.68609206,30725.010785051298
2024-09-19T00:00:00Z,61837.19068501,63893.84253689,61587.00428228,62956.55013546,42720.48638722003
2024-09-18T00:00:00Z,60319.10576521,61798.94998971,59187.72935843,61767.05922731,38619.19621437927
2024-09-17T00:00:00Z,58252.44652525,61375.63756721,57621.51406539,60313.60375747,37861.47699545284
2024-09-16T00:00:00Z,59152.39278735,59217.68834094,57452.85297893,58212.43336178,27192.544651187793
2024-09-15T00:00:00Z,60005.79980055,60463.40795956,58692.4125057,59130.76184208,14995.486437004934
2024-09-14T00:00:00Z,60560.23046097,60677.73582859,59456.08727204,60007.27551663,13033.284810194533
2024-09-13T00:00:00Z,58130.73067256,60662.0559211,57638.45556819,60554.09124586,34739.52721394063
2024-09-12T00:00:00Z,57342.76720302,58634.77888863,57331.11803056,58134.43107619,29524.544480781828
2024-09-11T00:00:00Z,57666.46461792,58090.20389258,55556.56353777,57341.64365045,33495.47884095846
2024-09-10T00:00:00Z,57060.0805154,58057.42286896,56387.97473381,57642.29864487,24317.206469814802
2024-09-09T00:00:00Z,54879.14956638,58101.18535587,54593.11242673,57035.49619916,38904.93506312574
2024-09-08T00:00:00Z,54203.79607408,55319.16574915,53631.40871245,54887.4881061,16111.355845316457
2024-09-07T00:00:00Z,53965.94036369,54938.93404188,53751.83305273,54170.96161574,16328.170653414383
2024-09-06T00:00:00Z,56229.30665436,57013.22179688,52586.98161272,53989.81749251,56950.336312830026
2024-09-05T00:00:00Z,58018.05690666,58327.72399313,55641.31252149,56181.0967126,36925.42587884088
2024-09-04T00:00:00Z,57561.17097415,58525.87556872,55616.54651231,57979.86245018,43501.36613488547
2024-09-03T00:00:00Z,59224.46344738,59942.26419406,57406.60748579,57481.92637875,25874.770530269638
2024-09-02T00:00:00Z,57410.55614276,59437.57530078,57135.65058217,59157.92774002,22646.912496091903
2024-09-01T00:00:00Z,59110.84365727,59178.98823711,57188.31667854,57335.19383716,21411.68853432925
2024-08-31T00:00:00Z,59119.58218241,59488.53276414,58734.3315424,58993.52202218,7264.64922243305
2024-08-30T00:00:00Z,59359.27581663,59957.25814233,57712.63339048,59120.07343781,30901.135534297777
2024-08-29T00:00:00Z,59115.65278851,61195.63063604,58720.89643402,59360.85529995,31671.45094036838
2024-08-28T00:00:00Z,59439.85410104,60249.19535333,57869.18196986,59042.45401471,37477.55613569418
2024-08-27T00:00:00Z,62897.48047975,63262.32756399,58038.27961992,59425.57490654,41978.55842600305
2024-08-26T00:00:00Z,64254.88570354,64490.06290988,62768.50086048,62829.2201955,28796.985814219166
2024-08-25T00:00:00Z,64181.66929144,65047.40135635,63791.83341166,64237.94544482,14703.124263935795
2024-08-24T00:00:00Z,64092.42312304,64530.42479854,63561.32205799,64164.07844048,18218.409907334848
2024-08-23T00:00:00Z,60390.9939578,65036.70825583,60343.93280417,64051.27274699,52695.305516491506
2024-08-22T00:00:00Z,61167.04693215,61467.00052613,59735.87779655,60384.01364671,27914.546490503235
2024-08-21T00:00:00Z,59017.09456275,61848.29384661,58796.03167998,61154.78322967,38257.996962629426
2024-08-20T00:00:00Z,59459.78892879,61442.26036745,58564.26292733,59017.183499,40181.36505796132
2024-08-19T00:00:00Z,58440.34926128,59636.98178158,57811.40837245,59448.83819075,25742.791364722725
2024-08-18T00:00:00Z,59550.56282596,60366.55631118,58407.25837966,58435.85105422,16527.260704479766
2024-08-17T00:00:00Z,58893.85108673,59709.40133104,58795.29513005,59493.00800533,10126.928682292893
2024-08-16T00:00:00Z,57548.35304608,59851.41836331,57100.6370471,58877.52084293,36037.78208108229
2024-08-15T00:00:00Z,58698.79899015,59873.63181962,56122.22576056,57548.50774035,44151.69998354993
2024-08-14T00:00:00Z,60606.42634372,61838.89246744,58456.79876839,58692.1979242,38107.461781546306
2024-08-13T00:00:00Z,59366.64878441,61603.79720576,58408.52878976,60596.83813339,33868.05824446174
2024-08-12T00:00:00Z,58718.50875182,60720.17089867,57652.76949227,59352.6989938,41435.713217502605
2024-08-11T00:00:00Z,60933.88236779,61883.18868629,58316.21769319,58712.37861763,22059.9288704681
2024-08-10T00:00:00Z,60889.78610781,61486.15561832,60252.00756283,60925.00067905,11875.745176274026
2024-08-09T00:00:00Z,61706.52038271,61767.32034076,59539.99132571,60841.96902175,36546.83463025106
2024-08-08T00:00:00Z,55143.90333504,62756.01627084,54734.87221072,61697.75426294,59945.843642930144
2024-08-07T00:00:00Z,56045.89247599,57773.38368461,54562.08239715,55147.15219851,47371.96231470513
2024-08-06T00:00:00Z,54117.54506749,57078.04095957,54015.3048384,56034.03610311,58411.41474428592
2024-08-05T00:00:00Z,58135.69415133,58301.2316655,49046.33620348,54019.38538554,189669.3692655961
2024-08-04T00:00:00Z,60678.03349824,61216.87742206,57090.45055082,58152.22594026,34739.53096239934
2024-08-03T00:00:00Z,61439.15998541,62192.81452242,59846.42388085,60701.08098422,32877.9551347077
2024-08-02T00:00:00Z,65367.55584012,65594.61138656,61158.24406564,61436.11384639,49110.809762226265
2024-08-01T00:00:00Z,64623.01733752,65646.49073412,62237.30972858,65332.63004615,48955.02558927115
2024-07-31T00:00:00Z,66174.66136717,66835.99492078,64499.82104791,64628.85568713,30310.465837074316
2024-07-30T00:00:00Z,66774.22586235,67068.41206105,65291.87106938,66171.11197929,31244.65128928444
2024-07-29T00:00:00Z,68241.31411919,70061.20210039,66497.81706813,66787.69511769,47174.72347815916
2024-07-28T00:00:00Z,67902.64350155,68330.83216942,67054.74715331,68241.18831865,14025.839876882219
2024-07-27T00:00:00Z,67917.34403015,69401.96254122,66648.82848311,67899.08464207,34643.48432900862
2024-07-26T00:00:00Z,65794.67193578,68789.26840176,65708.99891339,67922.29170886,33147.071862086756
2024-07-25T00:00:00Z,65359.58508336,66154.76435672,63430.75528313,65799.23547186,35546.88479951675
2024-07-24T00:00:00Z,65938.01172316,67122.18274293,65111.93265867,65374.83396963,24572.62273428993
2024-07-23T00:00:00Z,67554.4941701,67773.3348515,65444.36755253,65937.53669704,33024.847987400826
2024-07-22T00:00:00Z,68185.97636996,68520.93821431,66575.1586113,67543.55041568,28934.254496634097
2024-07-21T00:00:00Z,67182.31524392,68405.68289793,65828.9934042,68169.10917817,21692.708926571057
2024-07-20T00:00:00Z,66703.21031872,67629.88394809,66235.70963193,67140.57276179,15102.789972731647
2024-07-19T00:00:00Z,63978.43557595,67481.08407909,63295.05540325,66678.53344033,40830.43015780657
2024-07-18T00:00:00Z,64107.76412238,65121.78404986,63227.97374991,63983.42391483,25262.93584219086
2024-07-17T00:00:00Z,65082.67348661,66138.1339218,63854.97070244,64086.40809935,32102.328080124204
2024-07-16T00:00:00Z,64753.43759431,65418.48623465,62404.01311199,65058.04182877,46329.46652524661
2024-07-15T00:00:00Z,60896.81954564,64940.27797039,60638.17567302,64735.26532126,51369.393324644436
2024-07-14T00:00:00Z,59222.79774815,61426.91846492,59212.2057887,60802.45820645,22006.892726966667
2024-07-13T00:00:00Z,57914.17307716,59873.81646275,57775.4666706,59216.68396535,15773.113566877202
2024-07-12T00:00:00Z,57390.07489091,58540.4101656,56551.49119394,57904.0492672,27811.417746898303
2024-07-11T00:00:00Z,57776.3488796,59567.18630003,57040.66918515,57368.36440723,31619.571624205637
2024-07-10T00:00:00Z,58144.56261095,59480.84026838,57158.21877706,57734.88562713,31218.910956376425
2024-07-09T00:00:00Z,56795.08903311,58290.2947098,56281.58441779,58057.21174571,33082.18915027217
2024-07-08T00:00:00Z,55853.0926785,58215.28090495,54284.33093328,56727.58902182,50455.4126512434
2024-07-07T00:00:00Z,58249.29177962,58449.64055285,55737.31855789,55857.2520454,19971.23667209104
2024-07-06T00:00:00Z,56669.16902309,58499.15289022,56037.65303534,58244.5420419,21159.67953033635
2024-07-05T00:00:00Z,57033.51650029,57523.30874519,53437.58770088,56633.63234265,79660.75054376025
2024-07-04T00:00:00Z,60160.50704466,60475.05783627,56419.66735835,57042.87161793,53910.86015965087
2024-07-03T00:00:00Z,62050.1497325,62286.39046651,59363.22127278,60160.0395078,34517.54081480892
2024-07-02T00:00:00Z,62833.25408166,63229.94299205,61192.66028131,62104.54929769,23617.84762508455
2024-07-01T00:00:00Z,62676.1489244,63828.4706034,62415.14978114,62851.23297841,30200.982306946666
2024-06-30T00:00:00Z,60900.00519062,63014.64354729,60615.57118355,62750.37669421,15143.15075070374
2024-06-29T00:00:00Z,60465.75791479,61226.46079924,60282.98390362,60930.61793963,10452.350635532408
2024-06-28T00:00:00Z,61637.86904142,62185.14258869,59933.106212,60363.02234601,28652.78758267779
2024-06-27T00:00:00Z,60841.03004976,62393.58903752,60573.05361714,61673.45880017,25184.45075922817
2024-06-26T00:00:00Z,61795.11051987,62486.64557265,60670.46710856,60859.93876585,25215.977607389144
2024-06-25T00:00:00Z,60256.99519786,62414.74610006,60219.01144534,61803.78314238,37254.94733573841
2024-06-24T00:00:00Z,63165.35083016,63344.52334122,58402.30706372,60275.35931303,59492.38585375824
2024-06-23T00:00:00Z,64236.37408062,64567.10783763,63159.35480098,63199.67580396,8585.665913892853
2024-06-22T00:00:00Z,64136.38341358,64533.18100168,63917.90813831,64246.75235437,7151.192239839283
2024-06-21T00:00:00Z,64837.40902499,65095.50637649,63337.52187732,64136.60656557,27581.749049881928
2024-06-20T00:00:00Z,65003.80407017,66508.16662924,64516.25345672,64860.78534102,24543.608713177447
2024-06-19T00:00:00Z,65143.83862265,65716.95528859,64656.81855048,64973.27585681,17115.941404013305
2024-06-18T00:00:00Z,66478.12878771,66591.77587826,64018.41156489,65167.73160062,43733.233626292975
2024-06-17T00:00:00Z,66681.75930682,67281.70038379,65082.54658217,66492.15440957,33851.77567619426
2024-06-16T00:00:00Z,66186.00768005,66937.06508065,66007.81868837,66668.85167789,9125.546980135145
2024-06-15T00:00:00Z,66023.61549943,66450.07470771,65823.87513235,66205.12449526,9345.371756831879
2024-06-14T00:00:00Z,66740.2095036,67338.26184929,64991.71894627,66032.05663838,32233.155870080886
2024-06-13T00:00:00Z,68244.55347802,68464.09869525,66241.64061034,66750.72617156,31837.97453481518
2024-06-12T00:00:00Z,67316.1518472,70022.72058985,66893.34670931,68265.57896316,41440.777583849034
2024-06-11T00:00:00Z,69509.60172062,69574.99496541,66020.04117977,67317.08567616,46408.0952026718
2024-06-10T00:00:00Z,69638.78111013,70178.29837873,69163.8717193,69533.24058056,16068.082198148462
2024-06-09T00:00:00Z,69303.58857075,69846.82373236,69128.98922344,69639.03690089,6918.029260764586
2024-06-08T00:00:00Z,69320.75827749,69605.92417225,69135.77456603,69308.85464572,9232.14391486132
2024-06-07T00:00:00Z,70768.25050402,71969.80645721,68390.31741681,69324.9983186,38671.99700684209
2024-06-06T00:00:00Z,71113.75658944,71635.84483563,70096.19233668,70775.74521048,20933.040001818837
2024-06-05T00:00:00Z,70540.74304399,71761.82554857,70377.80636364,71111.60175944,28966.304675269454
2024-06-04T00:00:00Z,68795.6713781,71084.51470232,68552.78223919,70539.25079759,40141.156732645504
2024-06-03T00:00:00Z,67732.84429654,70280.90732851,67582.10917028,68793.25169329,35548.27487305552
2024-06-02T00:00:00Z,67729.90069608,68441.51355666,67255.75236517,67743.25284868,14504.034933307776
2024-06-01T00:00:00Z,67472.94331839,67884.45838937,67372.14432471,67740.00906988,11085.593254548477
2024-05-31T00:00:00Z,68369.12775434,69020.75308402,66609.53779561,67510.21889029,31482.42849300956
2024-05-30T00:00:00Z,67566.56130611,69525.73057147,67090.89318878,68343.12837406,34721.51813378749
2024-05-29T00:00:00Z,68325.39739086,68964.73552126,67091.5493947,67585.99586439,27887.316943140253
2024-05-28T00:00:00Z,69376.58777048,69577.70241176,67233.26667653,68375.69916532,32510.355076086144
2024-05-27T00:00:00Z,68476.79815375,70632.57796994,68215.96820752,69410.47376096,19522.8240537251
2024-05-26T00:00:00Z,69291.95906989,69546.63175496,68140.81965667,68498.94240883,9235.60728137688
2024-05-25T00:00:00Z,68552.54442635,69618.84587735,68494.43765925,69290.59107355,9034.727439596569
2024-05-24T00:00:00Z,67934.06519745,69272.0561824,66600.15337322,68550.10455646,27944.975105083886
2024-05-23T00:00:00Z,69131.67538079,70265.13382102,66280.2781684,67952.18989318,44234.8757931373
2024-05-22T00:00:00Z,70142.31275057,70652.28335191,68858.82306349,69162.1546682,31859.44520143057
2024-05-21T00:00:00Z,71438.55548852,71963.78298205,69150.58432543,70143.74819657,48530.346673823784
2024-05-20T00:00:00Z,66266.19452687,71561.00487347,66075.24546628,71430.7606706,53329.49433981997
2024-05-19T00:00:00Z,66950.52666071,67932.48303976,65851.18328235,66268.81652195,15363.490135446107
2024-05-18T00:00:00Z,67051.27280588,67439.55887148,66629.57451219,66917.13785812,12958.056254926976
2024-05-17T00:00:00Z,65250.95829616,67488.42922174,65112.50034139,67028.44010688,29490.681101495
2024-05-16T00:00:00Z,66242.43367429,66809.07747347,64601.89591072,65248.19621985,33239.44538151769
2024-05-15T00:00:00Z,61573.93596971,66483.24892544,61319.03532802,66215.38681698,52339.237524497024
2024-05-14T00:00:00Z,62927.91778838,63106.08580602,60822.37472745,61563.88769431,33622.92866817302
2024-05-13T00:00:00Z,61450.27775872,63481.53159785,60750.00466029,62932.92780743,30575.99903243453
2024-05-12T00:00:00Z,60815.28847737,61877.23010189,60606.29254904,61456.53782536,10337.626323168597
2024-05-11T00:00:00Z,60809.99306036,61496.01484673,60463.15336714,60809.71428208,9851.302710721786
2024-05-10T00:00:00Z,63067.7536295,63509.51131927,60171.30385323,60794.19205136,35169.448822203725
2024-05-09T00:00:00Z,61271.80144583,63426.49130602,60615.40550273,63070.46866066,26766.15783292974
2024-05-08T00:00:00Z,62389.07960135,63020.72303509,60873.26826236,61189.13438568,25357.197366579818
2024-05-07T00:00:00Z,63162.7880378,64409.19441412,62247.84503697,62316.66187006,29459.994099113064
2024-05-06T00:00:00Z,64034.20355835,65506.31847484,62722.59824675,63173.48174716,37724.761972632106
2024-05-05T00:00:00Z,63916.95329557,64670.66076621,62895.08561697,64016.33250244,19012.232889308398
2024-05-04T00:00:00Z,62950.73977672,64545.69155168,62572.2507447,63899.18350354,26374.75449917648
2024-05-03T00:00:00Z,59141.46128458,63373.71541319,58809.46596622,62884.72852948,51921.06087779139
2024-05-02T00:00:00Z,58286.69802702,59647.92481509,56918.70431935,59075.71185371,45157.3427116829
2024-05-01T00:00:00Z,60615.96266811,60827.12839011,56547.05527212,58313.77869833,86872.07868402556
2024-04-30T00:00:00Z,63841.42194054,64733.18318827,59093.85391477,60655.62606188,59115.50746542316
2024-04-29T00:00:00Z,63101.39390059,64251.52676772,61763.09087691,63861.40776502,35061.006258284804
2024-04-28T00:00:00Z,63454.52299238,64358.56609229,62763.65450091,63113.24400177,15975.021849550483
2024-04-27T00:00:00Z,63748.51367388,63994.60424736,62382.89059491,63467.26180525,19547.476856961064
2024-04-26T00:00:00Z,64526.76490102,64802.96417848,63305.25067142,63759.13009117,28158.233730288815
2024-04-25T00:00:00Z,64266.50627169,65285.70374084,62738.27779978,64489.96319755,41936.391825706116
2024-04-24T00:00:00Z,66418.75020536,67097.27730334,63546.07120356,64259.32932726,38270.48304357545
2024-04-23T00:00:00Z,66847.74185313,67218.29599916,65835.82731786,66413.93972545,23764.643928892518
2024-04-22T00:00:00Z,64950.54033585,67372.88036569,64513.76859666,66824.83448676,35288.24922441046
2024-04-21T00:00:00Z,64965.68586374,65729.22753007,64224.05235077,64951.04185259,18360.504526040742
2024-04-20T00:00:00Z,63861.54576758,65445.37296386,63100.98835505,64957.48611353,20311.635950194595
2024-04-19T00:00:00Z,63509.18266422,65489.97061777,59593.97361352,63825.87265824,74941.91507276763
2024-04-18T00:00:00Z,61291.5502417,64188.47845661,60809.27036455,63494.79609718,47202.735949586255
2024-04-17T00:00:00Z,63820.83037575,64501.54943521,59663.32865544,61276.14034386,63611.793393536536
2024-04-16T00:00:00Z,63443.68875589,64376.93122661,61596.60456131,63795.36359983,54315.22548429879
2024-04-15T00:00:00Z,65737.40024856,66939.71717772,62310.68288072,63439.80316362,58569.98581624975
2024-04-14T00:00:00Z,63994.09667294,65878.34518154,62129.37095579,65723.92655787,65962.45587038902
2024-04-13T00:00:00Z,67152.68344983,68796.62259409,60526.44498037,63974.54729842,87809.77303152428
2024-04-12T00:00:00Z,70027.46310089,71270.9043106,65012.29616895,67125.8723162,67080.8907761171
2024-04-11T00:00:00Z,70634.96680822,71305.80604387,69548.947837,70012.81676996,35599.26248228703
2024-04-10T00:00:00Z,69127.38757708,71197.61550348,67468.10083425,70632.73845184,48924.346967282785
2024-04-09T00:00:00Z,71625.13000424,71761.86706202,68191.1265476,69122.51013739,47169.954869602676
2024-04-08T00:00:00Z,69355.21891558,72768.8701455,69045.20666314,71625.89570774,53231.20126805017
2024-04-07T00:00:00Z,68916.78662464,70322.5827599,68838.87300449,69353.65375216,21919.773056879774
2024-04-06T00:00:00Z,67858.26492779,69690.18840907,67443.00132699,68882.7343329,17881.437032396647
2024-04-05T00:00:00Z,68517.56753363,68756.0718716,65983.51861248,67847.50673241,46404.284912377545
2024-04-04T00:00:00Z,65984.85808091,69352.54534512,65068.87248424,68506.89446279,50293.53565343058
2024-04-03T00:00:00Z,65478.55893659,66920.98258715,64485.27085776,65979.05542604,42035.633867314355
2024-04-02T00:00:00Z,69683.41333323,69705.78316625,64580.62540609,65465.27303211,73466.4572925545
2024-04-01T00:00:00Z,71300.01796935,71318.35084383,68079.09117898,69654.12660715,44894.81493156962
2024-03-31T00:00:00Z,69630.6959857,72655.84160835,69596.53859515,71297.3773257,19846.474918820317
2024-03-30T00:00:00Z,69905.27793899,70362.44157861,69564.24976064,69601.4950189,13981.014229397551
2024-03-29T00:00:00Z,70789.89116324,70934.89304149,69041.48203351,69876.96373235,29657.30934924432
2024-03-28T00:00:00Z,69453.91859884,71613.23955661,68860.63260584,70794.20840114,44930.75966748688
2024-03-27T00:00:00Z,69996.15615089,71723.34987328,68371.73189587,69452.23586914,59547.83986864159
2024-03-26T00:00:00Z,69898.79419463,71521.43312888,69250.37829134,69990.15691663,46385.77579474231
2024-03-25T00:00:00Z,67227.95437442,71225.02905536,66381.03156893,69896.08795486,65872.40564344371
2024-03-24T00:00:00Z,64005.74297161,67629.75130835,63799.7188649,67221.2100527,29565.39817005729
2024-03-23T00:00:00Z,63817.96906057,66018.19586072,63018.0894815,63998.04667775,26724.68181756418
2024-03-22T00:00:00Z,65490.7355272,66644.42827837,62231.51100414,63802.78677807,53191.03213758718
2024-03-21T00:00:00Z,67852.31670049,68247.40090048,64524.9330492,65498.04556298,55756.7719545461
2024-03-20T00:00:00Z,61904.35615327,68136.56032658,60774.02672768,67843.87564215,99802.71930811853
2024-03-19T00:00:00Z,67608.32463719,68128.7260077,61512.22960622,61930.34633613,116642.80845324947
2024-03-18T00:00:00Z,68365.10316523,68952.51303581,66564.27000212,67604.86733354,57026.739832313404
2024-03-17T00:00:00Z,65269.00006711,68874.70036756,64502.07504517,68374.65526248,51068.61553436019
2024-03-16T00:00:00Z,69512.22924412,70043.90058104,64737.72835559,65276.94832552,52284.46683296968
2024-03-15T00:00:00Z,71373.46046996,72400.26167671,65573.44957563,69502.68091413,110149.10763537638
2024-03-14T00:00:00Z,73112.14158324,73798.70036323,68520.58565878,71382.33710363,81313.8176261625
2024-03-13T00:00:00Z,71442.67079532,73677.56072343,71316.99665131,73102.05491103,52913.10151111129
2024-03-12T00:00:00Z,72056.24436228,73002.19348174,68626.81455419,71449.42676328,79361.7339498671
2024-03-11T00:00:00Z,69003.2717789,72842.08381924,67096.17935114,72095.36482322,85553.95989993526
2024-03-10T00:00:00Z,68446.71278315,70008.71154657,68132.15331796,69002.61673004,36605.51462717185
2024-03-09T00:00:00Z,68309.01176107,68681.29441633,67914.70469809,68383.60232481,20960.902339111464
2024-03-08T00:00:00Z,66863.42449511,70096.60293994,65956.30653804,68274.11297626,84235.46087855154
2024-03-07T00:00:00Z,66124.12072808,68058.75382953,65604.37940753,66832.60301657,52607.98778653517
2024-03-06T00:00:00Z,63804.26997536,67649.53467622,62821.0078751,66107.0693706,88089.08876431079
2024-03-05T00:00:00Z,68344.0876027,69245.67782147,59090.25845285,63741.65233667,156249.48514162915
2024-03-04T00:00:00Z,63152.32980976,68551.4418237,62280.48622413,68290.49512998,101190.41171266798
2024-03-03T00:00:00Z,62032.33308117,63267.90254592,61351.25480642,63126.6418605,26334.18465780677
2024-03-02T00:00:00Z,62437.58739459,62480.9469116,61590.30877609,62018.6697068,23397.904803741658
2024-03-01T00:00:00Z,61172.35646381,63208.19468554,60612.884248,62413.09024215,56265.945000272506
2024-02-29T00:00:00Z,62471.23239259,63654.89012909,60299.56040054,61182.51156645,88542.02147113407
2024-02-28T00:00:00Z,57047.80954735,64039.0869872,56709.41121325,62502.9720121,134450.2046260283
2024-02-27T00:00:00Z,54518.14068265,57614.30752476,54455.91080382,57067.7171113,77567.40322308932
2024-02-26T00:00:00Z,51730.81264459,54933.35126497,50904.94550563,54525.05331207,61581.410685154326
2024-02-25T00:00:00Z,51568.63266014,51961.70192405,51275.8701091,51731.38799882,16436.590644496217
2024-02-24T00:00:00Z,50748.30119769,51705.28981653,50574.44920528,51570.60998756,14726.680996530415
2024-02-23T00:00:00Z,51286.26401019,51544.91495504,50505.46614177,50744.45026048,32170.31453742011
2024-02-22T00:00:00Z,51850.10720825,52067.6689668,50910.23334813,51257.48651911,36798.32507696026
2024-02-21T00:00:00Z,52269.58597467,52378.40832368,50577.12789617,51852.84024713,40809.48113454443
2024-02-20T00:00:00Z,51777.23331581,52999.18343711,50720.07283296,52254.4845603,51828.890586237525
2024-02-19T00:00:00Z,52151.74675733,52500.5489364,51679.32758833,51784.47099727,23187.494434993998
2024-02-18T00:00:00Z,51649.63962012,52409.07247516,51170.97883563,52154.01766025,16873.92578199395
2024-02-17T00:00:00Z,52151.8031003,52192.77605727,50620.59409042,51657.30803464,23204.214365357384
2024-02-16T00:00:00Z,51903.10447738,52581.54499816,51578.01567118,52161.27090178,37802.55921663389
2024-02-15T00:00:00Z,51827.26895613,52866.78820528,51330.00521534,51937.01533322,56249.56741652607
2024-02-14T00:00:00Z,49712.35117033,52063.83359946,49241.75031345,51853.39194779,58665.06682605461
2024-02-13T00:00:00Z,49937.78338857,50391.16821465,48346.67855323,49705.97601225,56004.362911218996
2024-02-12T00:00:00Z,48323.85471655,50347.70111953,47707.28841746,49935.91029872,58975.600746780896
2024-02-11T00:00:00Z,47759.94756796,48598.15370269,47584.95437672,48318.37722542,21733.21646108165
2024-02-10T00:00:00Z,47137.10067882,48181.12087094,46861.67529768,47766.42443438,19561.293124173564
2024-02-09T00:00:00Z,45306.28171279,48227.29956066,45251.04187129,47156.36113188,72125.92284488323
2024-02-08T00:00:00Z,44342.20094277,45620.01774744,44329.35582523,45295.42672574,50280.246381080724
2024-02-07T00:00:00Z,43097.86804678,44417.25210552,42124.40243121,44333.55052005,37083.0547331045
2024-02-06T00:00:00Z,42697.99986903,43377.9490079,42522.52171388,43095.00318744,23534.058075058645
2024-02-05T00:00:00Z,42581.12982257,43555.08569583,42242.980047,42655.02897506,28763.640401475397
2024-02-04T00:00:00Z,43010.4943954,43109.04575975,42206.21762504,42576.80743975,13303.54137922537
2024-02-03T00:00:00Z,43191.01007797,43373.15847314,42870.99583669,43006.48935636,9176.518304016496
2024-02-02T00:00:00Z,43081.01180092,43508.9737053,42529.23682847,43182.61001903,32925.73439820015
2024-02-01T00:00:00Z,42564.26624156,43275.5944919,41861.51601872,43077.43508729,36604.864411181166
2024-01-31T00:00:00Z,42941.66246815,43741.45004916,42271.78332344,42550.42340591,45469.12169919867
2024-01-30T00:00:00Z,43303.40738045,44128.23132958,42687.68543352,42947.03259521,48117.83206002212
2024-01-29T00:00:00Z,42036.60841344,43329.74965609,41799.3406535,43301.50635618,37211.570725158665
2024-01-28T00:00:00Z,42127.00694759,42838.64978814,41618.74893995,42034.01361035,21098.809069363546
2024-01-27T00:00:00Z,41817.90572222,42193.67684315,41393.15163233,42124.51647423,15750.259787173793
2024-01-26T00:00:00Z,39959.00672657,42235.27798981,39809.61217876,41815.49323858,57818.71364616817
2024-01-25T00:00:00Z,40096.38679751,40297.13603789,39520.56773722,39957.11303185,34935.027846682264
2024-01-24T00:00:00Z,39888.5475257,40567.93454933,39398.9270881,40080.49514505,47217.86274751651
2024-01-23T00:00:00Z,39517.5691003,40157.99147883,38506.55360061,39891.77501377,61575.67371335513
2024-01-22T00:00:00Z,41608.21458324,41717.74826801,39384.01494435,39544.57959862,72579.71130965817
2024-01-21T00:00:00Z,41679.3559291,42251.68764563,41480.444494,41567.28798181,10851.412278548152
2024-01-20T00:00:00Z,41679.66082461,41891.80178456,40150.89207813,41697.02019837,15738.646545319227
2024-01-19T00:00:00Z,41294.62740307,42157.28439561,40247.59769677,41638.23816788,58275.3119869874
2024-01-18T00:00:00Z,42744.29000299,42914.31782377,40601.42198319,41310.54949448,59151.06576687815
2024-01-17T00:00:00Z,43131.65645086,43198.35726106,42170.04954513,42752.27252116,37595.10768300347
2024-01-16T00:00:00Z,42490.51819873,43578.82614809,42041.21469962,43132.77592026,45420.00884056692
2024-01-15T00:00:00Z,41707.28483405,43355.65930689,41692.00719194,42511.05565013,38764.31389663344
2024-01-14T00:00:00Z,42842.62410587,43075.57694895,41695.25673038,41714.57317343,28678.1794663018
2024-01-13T00:00:00Z,42781.77026825,43251.96406301,42432.06259664,42844.26839068,35164.75138445445
2024-01-12T00:00:00Z,46338.14610128,46523.13434822,41408.23908591,42780.38173439,118405.73651592215
2024-01-11T00:00:00Z,46670.57820642,49037.32555073,45569.94860657,46341.63393419,110084.32616483692
2024-01-10T00:00:00Z,46126.1828829,47894.74197142,44308.43924031,46653.80537022,123300.16106392004
2024-01-09T00:00:00Z,46987.64818274,47968.55276895,44674.27182567,46117.9864666,91235.84271346615
2024-01-08T00:00:00Z,43944.96870665,47300.13054755,43188.72403832,46960.17529701,87813.51173106515
2024-01-07T00:00:00Z,43989.63958821,44496.40339407,43618.16780096,43936.49840188,23839.406814595724
2024-01-06T00:00:00Z,44182.27562343,44246.59709805,43430.47509966,43977.87572846,18850.22594575936
2024-01-05T00:00:00Z,44194.79421689,44420.63047702,42318.28327859,44164.7976135,62109.028673866305
2024-01-04T00:00:00Z,42858.88411131,44818.47700593,42640.07714703,44170.17969429,58451.5948463754
2024-01-03T00:00:00Z,44973.07337871,45517.62465407,40308.26861626,42849.53365784,110662.29324798893
2024-01-02T00:00:00Z,44197.20457103,45921.0226164,44163.16119781,44966.3782777,80254.28542463468
2024-01-01T00:00:00Z,42286.36030888,44220.61116516,42180.05878473,44192.0413627,28120.49623327604
2023-12-31T00:00:00Z,42146.0736802,42877.63188941,41969.5907836,42285.79990504,28386.442831533655
2023-12-30T00:00:00Z,42075.05002569,42619.54120147,41523.08258611,42142.34165515,29796.983925588527
2023-12-29T00:00:00Z,42598.76143375,43145.84675176,41295.14585206,42067.50356945,50215.23355362645
2023-12-28T00:00:00Z,43466.50296558,43820.04657383,42266.48009847,42570.29638749,40823.603092034115
2023-12-27T00:00:00Z,42517.64260364,43691.61627548,42102.74666341,43465.37145774,38156.81827012478
2023-12-26T00:00:00Z,43579.9677601,43603.3525101,41614.70676208,42515.07149304,43247.6663856238
2023-12-25T00:00:00Z,43019.12557187,43865.90762216,42740.86222583,43579.88668785,22391.65441555168
2023-12-24T00:00:00Z,43729.94316746,43972.16555884,42598.6655198,42999.18037114,22621.15194879996
2023-12-23T00:00:00Z,44006.41233487,44054.04101739,43321.75148086,43720.35972787,15405.653095554539
2023-12-22T00:00:00Z,43872.36502229,44415.12057966,43419.4804847,43996.20193549,34988.90924553941
2023-12-21T00:00:00Z,43673.2110319,44248.07976745,43308.44927512,43872.88938469,40649.25027363654
2023-12-20T00:00:00Z,42271.61580144,44306.12221751,42194.54893243,43642.73462761,56826.82487970185
2023-12-19T00:00:00Z,42653.41999786,43456.92150018,41797.47036604,42272.0817623,44440.963946512245
2023-12-18T00:00:00Z,41348.71456153,42762.42959417,40509.09129553,42656.29444523,49529.657957253075
2023-12-17T00:00:00Z,42237.88211302,42413.38579666,41224.36450447,41368.56431921,26705.39358420915
2023-12-16T00:00:00Z,41947.06559219,42698.44164493,41627.33208752,42272.72546646,20805.551631057508
2023-12-15T00:00:00Z,43030.88245296,43093.81572836,41652.15165037,41938.33692261,36062.2119803341
2023-12-14T00:00:00Z,42882.15788538,43434.67340595,41314.65302672,43025.99573554,51103.08148176692
2023-12-13T00:00:00Z,41483.87227273,43483.28036577,40560.39041143,42877.57710686,48876.46864097068
2023-12-12T00:00:00Z,41236.11497811,42220.54482925,40653.72246991,41483.72812345,44384.49900035129
2023-12-11T00:00:00Z,43793.58523704,43824.81072657,40183.26078761,41239.07806816,90362.62683382473
2023-12-10T00:00:00Z,43729.0561263,44048.39497609,43589.15603513,43790.28486525,16766.002592734567
2023-12-09T00:00:00Z,44182.70133198,44374.64792797,43598.49534122,43715.80617941,24524.11845578126
2023-12-08T00:00:00Z,43284.28532966,44731.26038773,43082.96345151,44185.27886651,43562.54835590481
2023-12-07T00:00:00Z,43776.44657928,44064.86008365,42846.74432233,43278.54960753,47347.91283724785
2023-12-06T00:00:00Z,44098.64119002,44288.00904283,43362.3627003,43759.8763806,54213.078696416545
2023-12-05T00:00:00Z,41985.22927637,44785.60969296,40622.86011882,44078.11000969,78159.11322542261
2023-12-04T00:00:00Z,39982.88854756,42418.49727577,38822.21314946,41987.24804245,82341.60816347499
2023-12-03T00:00:00Z,39449.92308058,40218.71598063,39277.89823089,39979.25172682,26145.212808971897
2023-12-02T00:00:00Z,38702.68933253,39718.04217764,38642.74706447,39464.8803296,30756.63715692452
2023-12-01T00:00:00Z,37733.03059003,38965.49435834,37618.4536094,38689.02704006,50689.62687169071
2023-11-30T00:00:00Z,37865.87964314,38149.98853475,37446.90854039,37730.07174673,25442.232319664396
2023-11-29T00:00:00Z,37830.59475366,38483.01919438,37571.62185078,37860.45322993,38958.91916889707
2023-11-28T00:00:00Z,37242.51151279,38412.30902453,36619.1196704,37820.13904329,46710.35883652344
2023-11-27T00:00:00Z,37456.10645749,37572.09501422,36717.04909719,37241.78576707,39044.871368567605
2023-11-26T00:00:00Z,37778.12857584,37823.91470626,36830.80420855,37455.81673681,22290.27464691486
2023-11-25T00:00:00Z,37725.52238364,37909.03883072,37407.87412735,37784.13808876,13089.756944592798
2023-11-24T00:00:00Z,37297.73084348,38430.33739649,37244.61481039,37723.66984347,56553.868920663
2023-11-23T00:00:00Z,37422.07755049,37642.82780327,36877.12518157,37297.13397604,32343.316340173707
2023-11-22T00:00:00Z,35754.77973084,37824.1790512,35761.34480597,37419.70671631,94823.44662224797
2023-11-21T00:00:00Z,37468.0137978,37631.48591025,35851.41772574,35757.67429954,104932.78970798674
2023-11-20T00:00:00Z,37382.23939166,37729.99338596,36942.64456532,37470.80798014,75524.46716962806
2023-11-19T00:00:00Z,36579.13454979,37524.54544783,36330.57804228,37384.75846402,20513.450802052223
2023-11-18T00:00:00Z,36612.23996051,36858.14468367,34685.45910835,36599.57159532,18192.889878925253
2023-11-17T00:00:00Z,36163.01164756,36881.56236068,35853.02977967,36634.87712617,46654.614036714025
2023-11-16T00:00:00Z,37876.93024757,37950.98614298,35505.89760949,36160.95507131,57811.2983938818
2023-11-15T00:00:00Z,35547.60840822,37971.49114348,35359.77183386,37888.52055649,64471.95472902425
2023-11-14T00:00:00Z,36484.23040844,36761.48330673,34675.66709122,35554.39582294,58106.94090354954
2023-11-13T00:00:00Z,37068.19628574,37440.25637005,36323.58202809,36454.85769579,35203.384543916625
2023-11-12T00:00:00Z,37132.30917006,37245.17297916,36733.73486192,37078.04033963,15349.992350829856
2023-11-11T00:00:00Z,37319.65291521,37416.49116189,36650.90379232,37134.31028861,20960.07445267747
2023-11-10T00:00:00Z,36691.13791377,37545.87652704,36325.17414184,37316.85589147,46200.213580132586
2023-11-09T00:00:00Z,35633.61836313,38041.01462001,35547.7766722,36704.38611454,100804.64362570219
2023-11-08T00:00:00Z,35412.99998671,36116.17579094,35085.15863618,35637.51471821,39753.40067688613
2023-11-07T00:00:00Z,35052.47823388,35938.66713524,34503.88152695,35417.41387755,42933.65323743268
2023-11-06T00:00:00Z,35038.49360322,35294.11806123,32245.73090833,35053.96732569,25685.30695516543
2023-11-05T00:00:00Z,35093.25740909,35438.22866265,34452.89504089,35007.37015601,25527.144838161927
2023-11-04T00:00:00Z,34736.73506045,35282.20947961,34561.64924074,35053.4832025,19667.04713561887
2023-11-03T00:00:00Z,34944.94760461,36041.60083086,34107.1305317,34718.77887503,42017.435518398335
2023-11-02T00:00:00Z,35445.87449097,35963.10342483,34283.39996954,34942.73267569,52727.19122240419
2023-11-01T00:00:00Z,34654.22475295,35638.12864557,34087.86448675,35407.84269537,59169.30189262879
2023-10-31T00:00:00Z,34493.91682681,34737.00149418,34041.41097506,34645.93618383,32812.33656221006
2023-10-30T00:00:00Z,34521.53229392,34897.93497772,34053.94874937,34484.67553733,36953.22803658603
2023-10-29T00:00:00Z,34083.83605425,34767.95352507,33927.69497371,34534.68005517,21125.843867632928
2023-10-28T00:00:00Z,33885.38097031,34513.71846035,33843.93594974,34089.31594522,17765.579612249676
2023-10-27T00:00:00Z,34150.80014298,34251.91218209,33395.63337472,33902.25380052,37319.12163903093
2023-10-26T00:00:00Z,34505.09823486,34841.52827997,33726.25701898,34164.60264017,43765.12111537228
2023-10-25T00:00:00Z,33920.7186385,35142.44126126,33686.58629737,34501.10418438,55884.938471246365
2023-10-24T00:00:00Z,33083.86991049,35208.27012074,32811.07191539,33922.01573201,118670.78649933732
2023-10-23T00:00:00Z,29998.21117492,35339.46069617,29882.7117682,33059.69548881,119147.71032153691
2023-10-22T00:00:00Z,29919.85157699,30294.07783869,29658.45579158,29997.89153686,22872.471946800946
2023-10-21T00:00:00Z,29687.04523054,30382.49203183,29437.90225935,29905.9961674,27158.350326309566
2023-10-20T00:00:00Z,28719.14814298,30264.8458501,28569.27577203,29665.93659157,71144.31515617578
2023-10-19T00:00:00Z,28317.31776943,28941.08845686,28100.27658708,28716.06436663,38963.77240247057
2023-10-18T00:00:00Z,28391.5692889,28999.71228096,28136.44101275,28328.1397301,36161.08565822264
2023-10-17T00:00:00Z,28511.4114896,28624.27766975,28068.48867288,28408.18045663,42639.0873177831
2023-10-16T00:00:00Z,27172.4323055,30290.27574547,27119.82821726,28516.4788056,113207.40818314109
2023-10-15T00:00:00Z,26859.92403012,27297.42407491,26796.32708399,27173.01508823,18907.87727643882
2023-10-14T00:00:00Z,26866.89307711,26999.3790855,26771.24208447,26857.0294329,12271.908111144963
2023-10-13T00:00:00Z,26773.20408849,27132.96159687,26673.79260198,26864.89215506,28383.19547136543
2023-10-12T00:00:00Z,26870.60420793,26938.54685924,26542.72563541,26753.26985084,26759.807224509063
2023-10-11T00:00:00Z,27393.28056674,27477.43258843,26523.80624165,26880.67343404,48625.614036151004
2023-10-10T00:00:00Z,27592.6254212,27750.23764917,27283.00642599,27390.48408524,30015.877476541835
2023-10-09T00:00:00Z,27909.00159278,27997.46879637,27280.50183896,27621.5128373,35070.376113783816
2023-10-08T00:00:00Z,27955.17351734,28108.36604533,27713.6455271,27933.97910027,16638.62429303306
2023-10-07T00:00:00Z,27918.79083554,28042.03698143,27837.01799668,27975.63046524,13889.478267666562
2023-10-06T00:00:00Z,27410.72375903,28309.66707619,27172.32448343,27944.83241841,42351.32724599074
2023-10-05T00:00:00Z,27783.41870609,28133.7804384,27345.41880782,27412.01782451,39361.31116682495
2023-10-04T00:00:00Z,27427.39014621,27834.85649477,27200.54269585,27779.99810022,29785.990459021534
2023-10-03T00:00:00Z,27496.3712479,27704.56021448,27161.11735661,27430.7891921,35273.34414943328
2023-10-02T00:00:00Z,27985.27709784,28584.837169,27288.82551337,27498.83547556,73831.42948957758
2023-10-01T00:00:00Z,26966.30115934,28364.19561473,26951.05735374,27999.2806995,29914.86421692692
2023-09-30T00:00:00Z,26908.30901784,27100.5966929,26879.22435571,26960.20091248,12256.36016240055
2023-09-29T00:00:00Z,27025.99825455,27246.279813,26655.1795608,26906.19374443,33717.200173302284
2023-09-28T00:00:00Z,26376.99958477,27324.2984199,26324.49143173,27025.39013992,50717.67153776187
2023-09-27T00:00:00Z,26222.48255011,26864.98375636,26093.41285296,26356.69482824,41083.412818530145
2023-09-26T00:00:00Z,26297.20736092,26430.61266863,26076.64958458,26210.38754645,21835.096665956637
2023-09-25T00:00:00Z,26246.39938604,26453.06436312,25990.33180683,26295.8356626,31439.50926360754
2023-09-24T00:00:00Z,26579.97589227,26733.46563075,26093.99044715,26262.54718595,15390.412204889386
2023-09-23T00:00:00Z,26573.30604867,26785.29556033,26501.1182856,26578.19096929,9627.031435138635
2023-09-22T00:00:00Z,26585.72427704,26756.04023517,26435.69616931,26579.48781671,25369.37086621722
2023-09-21T00:00:00Z,27122.14130036,27154.51173009,26362.61831741,26565.94336991,35458.45108619978
2023-09-20T00:00:00Z,27208.56890869,27390.19772932,26780.87526163,27121.37253826,35325.05976485655
2023-09-19T00:00:00Z,26766.61470735,27506.33188698,26644.47124203,27215.99888781,42416.444751596195
2023-09-18T00:00:00Z,26532.65334207,27425.36953057,26395.96479114,26756.0825584,50692.05191431588
2023-09-17T00:00:00Z,26568.28746925,26625.96929685,26391.17055812,26532.2857223,11250.109154537475
2023-09-16T00:00:00Z,26603.64271327,26774.76345089,26431.28895527,26566.52246038,13503.392616556912
2023-09-15T00:00:00Z,26528.73991306,26891.61826365,26216.62696992,26592.45512528,31372.27198554917
2023-09-14T00:00:00Z,26226.17388836,26872.51240734,26114.67642396,26527.91409398,41965.83755489326
2023-09-13T00:00:00Z,25843.42712761,27140.55155176,25762.619027,26222.56494444,34693.330968468006
2023-09-12T00:00:00Z,25159.00121491,26568.43532603,25121.61515226,25841.84499355,66197.11789877023
2023-09-11T00:00:00Z,25850.1816015,25916.0250672,24901.0238759,25156.77024655,50613.22581390067
2023-09-10T00:00:00Z,25907.69103705,26048.29213779,25562.72552295,25828.58994241,17333.698751770826
2023-09-09T00:00:00Z,25918.75988472,25936.77459926,25799.10086503,25898.42245087,9026.0403882661
2023-09-08T00:00:00Z,26261.51013609,26450.54051496,25636.67923455,25907.15800397,31787.03504235326
2023-09-07T00:00:00Z,25747.62403121,26468.5916733,25601.28308981,26260.1225855,32623.464445330617
2023-09-06T00:00:00Z,25779.07207411,26046.24763794,25370.18157774,25750.72383622,29363.545728860056
2023-09-05T00:00:00Z,25825.54361912,25893.19024392,25563.81780538,25788.44010848,21302.847817358106
2023-09-04T00:00:00Z,25968.32981304,26098.17719596,25641.10051825,25831.217109,19670.185486703194
2023-09-03T00:00:00Z,25867.73993253,26128.92937001,25778.68502777,25982.82796859,13668.11877355384
2023-09-02T00:00:00Z,25801.56224566,25991.78571295,25715.87097649,25866.04196173,14230.918635511003
2023-09-01T00:00:00Z,25934.53073727,26167.75751406,25321.74510644,25797.64247735,42101.454193556085
2023-08-31T00:00:00Z,27301.1460304,27585.04609673,25655.23388334,25932.39082058,51671.068711444146
2023-08-30T00:00:00Z,27720.56214188,27767.19077335,27020.64883761,27310.66188611,32641.79861908341
2023-08-29T00:00:00Z,26110.51730647,28179.42305208,25908.59453433,27709.68253163,74699.04918517875
2023-08-28T00:00:00Z,26096.1825856,26249.43992594,25851.99601016,26101.56974993,19237.397642481952
2023-08-27T00:00:00Z,26022.38601708,26206.16944964,25961.13350749,26088.7535145,8357.294162136359
2023-08-26T00:00:00Z,26057.27869611,26180.21882139,25973.53389685,26007.93961599,7401.722670516118
2023-08-25T00:00:00Z,26171.68409582,26315.09347064,25758.09071797,26065.74116348,28265.82173146994
2023-08-24T00:00:00Z,26431.59033634,26569.31692872,25831.46613196,26194.99966299,29658.488558360135
2023-08-23T00:00:00Z,26064.14130997,26823.31655068,25800.65582277,26428.67899143,42702.91912171955
2023-08-22T00:00:00Z,26124.0712188,26141.32938609,25320.66347041,26034.73813261,35516.89865908134
2023-08-21T00:00:00Z,26187.35484389,26254.33927391,25806.2550235,26128.04435631,28848.19498083331
2023-08-20T00:00:00Z,26091.31344905,30282.1308555,25914.72965086,26188.97842406,15137.699892478227
2023-08-19T00:00:00Z,26049.79915247,26275.17344845,25780.27351536,26097.92938395,22776.702637573064
2023-08-18T00:00:00Z,26624.25274535,26828.30501713,25624.70696243,26062.45079623,69709.37812342496
2023-08-17T00:00:00Z,28698.84252399,28794.37715083,24444.3279328,26627.13902244,109395.26727415095
2023-08-16T00:00:00Z,29223.11225867,29298.58180518,28697.34052299,28713.39322243,29779.406302752057
2023-08-15T00:00:00Z,29429.00009582,29604.31333854,29044.33613972,29167.73226477,22475.89244238122
2023-08-14T00:00:00Z,29295.77095323,29713.86870031,29073.29358534,29415.89838822,26479.475589830352
2023-08-13T00:00:00Z,29409.5109912,29519.33339762,29239.84419692,29278.08951005,8368.470937672742
2023-08-12T00:00:00Z,29418.68674483,29486.55142136,29326.74599352,29348.05795571,7887.257296119471
2023-08-11T00:00:00Z,29427.33363051,29700.12388585,29231.49100936,29400.78988591,19115.865562433435
2023-08-10T00:00:00Z,29584.21307266,29731.59852241,29091.55918247,29433.32040937,23277.282550792992
2023-08-09T00:00:00Z,29768.80242631,30131.46319551,29360.84869708,29581.35206494,33612.43865738511
2023-08-08T00:00:00Z,29179.38369829,30259.42051586,28439.72742558,29772.93449358,44191.42705334361
2023-08-07T00:00:00Z,29039.65286428,29562.01683795,28621.5289228,29191.43007472,27447.680984547427
2023-08-06T00:00:00Z,29057.05328207,29491.11844775,28361.02802326,29042.843802,10142.660977326137
2023-08-05T00:00:00Z,29144.98749686,29451.66363742,28633.42914596,29090.44330094,9190.637371556022
2023-08-04T00:00:00Z,29179.84208426,29781.31874262,28250.90241846,29116.38781879,22383.635821989294
2023-08-03T00:00:00Z,29131.49744334,29521.33852935,28450.33240382,29171.19498284,24457.368205009163
2023-08-02T00:00:00Z,29717.5581686,30130.75859774,28905.86015273,29190.94898684,50619.63219248629
2023-08-01T00:00:00Z,29230.62268625,29775.71897221,28011.46760109,29745.98282727,46174.21618265302
2023-07-31T00:00:00Z,29282.08204204,29628.89941448,28904.05422137,29232.53526415,23469.484645794244
2023-07-30T00:00:00Z,29352.08306577,30421.19096466,28870.32260646,29280.57518655,13553.724613446788
2023-07-29T00:00:00Z,29318.18393259,29868.79940867,29034.13786457,29386.99591412,9119.305643863761
2023-07-28T00:00:00Z,29241.42106852,29649.60431253,28816.75509651,29335.93404098,20602.09862308186
2023-07-27T00:00:00Z,29271.80496958,29825.04899998,28863.47977608,29234.77866168,21626.768405603787
2023-07-26T00:00:00Z,29521.61964583,29884.45511893,28928.91671525,29363.4780468,31843.481053126598
2023-07-25T00:00:00Z,29248.10531562,29474.10348895,28630.0316826,29228.81028246,23725.23002612903
2023-07-24T00:00:00Z,30075.29309839,30271.21817093,28792.71569908,29178.56204868,73800.5724303922
2023-07-23T00:00:00Z,29789.18736431,30457.50870244,29548.97644074,30143.85736538,29765.843532877585
2023-07-22T00:00:00Z,29898.09286739,30403.46491777,29618.80272674,29797.61484566,23299.00597453562
2023-07-21T00:00:00Z,29518.97820833,31094.49083096,28523.87638681,29847.41372662,39465.63657722577
2023-07-20T00:00:00Z,29293.17740915,30435.03043892,28429.77794151,29562.07791186,62609.160172182135
2023-07-19T00:00:00Z,28993.31794255,30186.30746577,28441.26518494,29912.25337363,43881.24166728177
2023-07-18T00:00:00Z,30125.36501661,30238.01664236,28454.50034738,29777.42289562,54445.673675166625
2023-07-17T00:00:00Z,30218.81194947,30342.09493497,28398.96928875,30106.54215311,55112.573138476015
2023-07-16T00:00:00Z,30278.23971287,30600.93741654,28697.19664564,30026.8524384,27684.86574618648
2023-07-15T00:00:00Z,30284.40020316,30704.20925439,28790.7695324,30118.63909867,22346.38199855741
2023-07-14T00:00:00Z,31580.82051364,32899.25854897,28844.68912438,30233.67011576,104181.76224286365
2023-07-13T00:00:00Z,30413.74761486,32883.69028195,28837.61355201,30329.0545434,128192.09464840211
2023-07-12T00:00:00Z,31850.88939261,32225.79616419,28877.14159706,29309.43164154,68073.50472137498
2023-07-11T00:00:00Z,30534.30747722,32040.39207943,29000.76945527,30462.14360506,51671.64318829205
2023-07-10T00:00:00Z,30264.26550003,32279.14532351,28620.11112057,30366.47317462,69675.5658559763
2023-07-09T00:00:00Z,30438.97000281,31809.72975206,28125.45858552,28857.51358925,24719.886303648775
2023-07-08T00:00:00Z,30489.20624859,31748.67222807,28629.787762,30292.34750174,21504.63854999164
2023-07-07T00:00:00Z,30039.78453434,31692.10717191,28619.16338744,29806.51715183,58844.35485854401
2023-07-06T00:00:00Z,30503.91012659,32907.08119982,28821.86714129,29900.43540687,114524.31463702764
2023-07-05T00:00:00Z,30754.09212828,32341.00034398,29108.25568672,30496.85478407,53973.042002698494
2023-07-04T00:00:00Z,31154.88966201,32678.17086453,29349.14510941,30768.90367947,50830.13067080628
2023-07-03T00:00:00Z,30553.83084636,32554.91004736,29343.44665672,31533.07514008,69974.62104404117
2023-07-02T00:00:00Z,30578.56240749,32015.44196594,29067.48989282,31548.83873083,35643.80736393025
2023-07-01T00:00:00Z,29422.35581728,32038.60819952,29004.10843585,30670.80359379,27542.043443908984
2023-06-30T00:00:00Z,30443.68415242,32146.62315027,29387.30217856,30604.46267271,155505.26214715972
2023-06-29T00:00:00Z,30052.52141081,31787.43000272,29446.4297931,30506.18949199,63571.6319191303
2023-06-28T00:00:00Z,30691.98617601,31701.91880876,29426.77889656,30642.3702591,66506.38667135392
2023-06-27T00:00:00Z,29903.58087917,31701.23278447,29305.14858565,30772.220058,72412.11605712843
2023-06-26T00:00:00Z,30422.99031791,31283.92931954,29554.99380512,30270.48655243,75818.30186975363
2023-06-25T00:00:00Z,30115.34377517,32251.78153211,29498.90302081,31125.2357688,48642.1314341733
2023-06-24T00:00:00Z,30700.09239982,31634.27016974,29497.47488911,30544.15505339,48104.682762092074
2023-06-23T00:00:00Z,29884.91564166,31938.31281338,29130.67078991,30742.53768068,134583.59225390726
2023-06-22T00:00:00Z,29647.67154476,31037.81571201,29047.5177462,30021.17600517,104621.55892216093
2023-06-21T00:00:00Z,28322.1219383,56387.68944618,28220.45369607,30005.06032438,195938.37866966912
2023-06-20T00:00:00Z,26840.653636,28485.38376527,26614.7291142,28311.60201422,132512.0523483155
2023-06-19T00:00:00Z,26326.62241315,27073.13440988,26236.57274411,26846.43619591,61250.663028795054
2023-06-18T00:00:00Z,26513.81846639,26714.57737368,26235.05770728,26342.35930555,34177.8885113404
2023-06-17T00:00:00Z,26349.19901447,26853.42494074,26101.77246856,26511.92683597,47676.01360244175
2023-06-16T00:00:00Z,25528.0875274,26553.33587033,25162.75780679,26331.46419906,88675.40467678691
2023-06-15T00:00:00Z,25111.72983904,25953.15686975,24387.85256424,25580.73580175,89788.34045235405
2023-06-14T00:00:00Z,25806.2315707,26533.19393838,24803.67338581,25154.87282471,81146.12192394909
2023-06-13T00:00:00Z,25862.59359326,26634.31818061,25532.93162307,25949.08820227,73263.08926487365
2023-06-12T00:00:00Z,25924.51071772,26137.93221026,25564.80653429,26015.42043098,52436.65162764176
2023-06-11T00:00:00Z,25840.87534656,26258.50043985,25573.93658649,25948.79699489,48092.49193679446
2023-06-10T00:00:00Z,26488.32669998,26541.08844057,25326.60440336,25866.22283399,113490.47919807346
2023-06-09T00:00:00Z,26482.84980352,26907.71493209,26279.532622,26476.49068958,50948.50534764109
2023-06-08T00:00:00Z,26312.51285153,26989.11193355,25701.72838968,26520.71982819,52384.994759578185
2023-06-07T00:00:00Z,27090.16754829,27995.96964966,25424.40006692,26780.69823908,102828.7557767857
2023-06-06T00:00:00Z,25700.7186003,28218.04664505,25321.51457537,27247.46649769,125167.70569259729
2023-06-05T00:00:00Z,27101.96194877,27139.96146887,25384.90234309,25736.26775341,117005.30049434483
2023-06-04T00:00:00Z,27049.4391669,27463.80766303,26946.18839505,27128.88049126,32182.51921150067
2023-06-03T00:00:00Z,27243.49910852,27340.06503488,26926.88528751,27077.68662463,27468.515199831952
2023-06-02T00:00:00Z,26812.08234721,27308.23766353,26501.84861091,27251.62341213,64185.27416619265
2023-06-01T00:00:00Z,27210.50385302,28418.15223556,26602.18969073,26816.18939086,67879.23602970979
2023-05-31T00:00:00Z,27698.83355743,27827.83643149,26837.08369535,27218.12915068,82771.3691670086
2023-05-30T00:00:00Z,27737.3501596,28049.82523134,27555.06059923,27699.16609062,58193.21227193469
2023-05-29T00:00:00Z,28062.47201198,28456.38887178,27532.28775979,27739.72254738,70101.1668582187
2023-05-28T00:00:00Z,26839.2120317,28280.09783303,26751.15320926,28076.06006144,74378.86748453461
2023-05-27T00:00:00Z,26717.9981883,26978.64858571,26555.53723858,26868.63462227,25223.132110237122
2023-05-26T00:00:00Z,26475.09779367,26933.73860428,26310.37984542,26709.04136663,58080.16425055873
2023-05-25T00:00:00Z,26329.12078194,26640.66829443,25866.96839992,26469.5519955,65725.20596523813
2023-05-24T00:00:00Z,27224.35528014,27234.48644821,26023.46612592,26325.41750628,94758.6824797677
2023-05-23T00:00:00Z,26857.48287659,27506.70021957,26798.1158328,27223.15685244,68342.45442601971
2023-05-22T00:00:00Z,26752.00767413,27103.72232355,26533.23925241,26847.30899935,49144.6746151097
2023-05-21T00:00:00Z,27113.15823715,27290.56164037,26650.28407469,26735.53281801,36696.987025047565
2023-05-20T00:00:00Z,26884.17128006,27165.14484458,26812.12243271,27095.48989026,23131.841019380205
2023-05-19T00:00:00Z,26820.37316464,27182.13220059,26630.68787935,26882.29524284,49013.32651485594
2023-05-18T00:00:00Z,27401.16060335,27498.71231782,26352.60268251,26825.79142951,80532.43493526327
2023-05-17T00:00:00Z,27037.26270125,27511.50054571,26570.93129633,27412.05104935,77618.6472797226
2023-05-16T00:00:00Z,27168.93224005,27313.32741831,26851.09647952,27031.89364021,60879.95718023402
2023-05-15T00:00:00Z,26931.86710375,27668.03415988,26717.65310838,27159.6446904,72084.50570516431
2023-05-14T00:00:00Z,26793.37979914,27212.72947504,26576.99515655,26915.81951569,37393.56617818048
2023-05-13T00:00:00Z,26804.48855123,27059.64090073,26668.82629976,26766.88479147,37160.10116629688
2023-05-12T00:00:00Z,26986.13672196,27084.15598697,25781.90065368,26780.94353192,114558.82269148766
2023-05-11T00:00:00Z,27619.66341156,27675.20737981,26684.77520958,26970.5495923,83491.63256086438
2023-05-10T00:00:00Z,27642.7123868,28339.41710056,26729.2876263,27528.91633317,121293.09833626225
2023-05-09T00:00:00Z,27800.11837684,28135.82195481,26997.41689138,27596.34139318,65483.76589420377
2023-05-08T00:00:00Z,28501.38199461,29174.33551413,26888.17038927,27640.84539726,117444.81891072118
2023-05-07T00:00:00Z,29040.96070141,29345.77013399,28141.99092705,28282.38542606,49593.06724967247
2023-05-06T00:00:00Z,29581.29724915,29846.66574143,28275.64905468,28638.6850783,79978.11288684614
2023-05-05T00:00:00Z,28865.3202817,29713.12469479,28773.66905605,29464.95077256,99200.85921035192
2023-05-04T00:00:00Z,29043.10149939,29383.17221138,28645.96337956,28838.89804898,71855.44425920509
2023-05-03T00:00:00Z,28697.33226395,29281.41595269,28122.03845178,29006.50777364,112302.78543516401
2023-05-02T00:00:00Z,28093.53752352,28907.98992376,27834.51123817,28619.71627016,90108.45401702548
2023-05-01T00:00:00Z,29249.64655268,29355.41637065,27660.63982787,28050.47720741,119561.05634621954
2023-04-30T00:00:00Z,29245.26957643,29964.34950481,29052.14830486,29206.32816037,67517.187608862
2023-04-29T00:00:00Z,29343.43045945,29468.22816425,28993.06177185,29218.4975913,35522.14365436202
2023-04-28T00:00:00Z,29483.35358443,29588.43578165,28884.71138273,29303.27194177,92397.48060555897
2023-04-27T00:00:00Z,28429.67569736,29898.95258332,28366.85851046,29471.25547671,169178.4425092308
2023-04-26T00:00:00Z,28306.80998724,30041.12958597,27240.62496148,28410.52401831,231592.3862343208
2023-04-25T00:00:00Z,27515.20776419,28394.67454821,27171.59184333,28299.11000692,91722.79231642412
2023-04-24T00:00:00Z,27594.41817943,28005.99085281,26927.0488192,27495.7116801,95759.11313031625
2023-04-23T00:00:00Z,27824.68355436,27825.57076456,27294.50003248,27583.6101678,56662.791722935595
2023-04-22T00:00:00Z,27267.64815821,27894.42363431,27112.9390191,27807.68649279,58869.234275878574
2023-04-21T00:00:00Z,28258.33308751,28452.04830565,27109.65304672,27255.44783858,131338.79191846552
2023-04-20T00:00:00Z,28816.59787542,29100.97419286,28002.94395363,28244.67557492,127310.65012888426
2023-04-19T00:00:00Z,30390.03386699,30425.33855942,28550.58152525,28785.82994981,154236.74656675314
2023-04-18T00:00:00Z,29447.76246639,30478.20681841,29093.08121616,30370.87307502,103986.36001042547
2023-04-17T00:00:00Z,30314.63026859,30332.48572343,29249.66152885,29415.97537733,94897.52350193539
2023-04-16T00:00:00Z,30305.25596373,30573.11940311,30107.46236875,30312.68105301,47666.86267159371
2023-04-15T00:00:00Z,30476.90856252,30605.03105776,30190.59099868,30290.98741936,42184.45999177466
2023-04-14T00:00:00Z,30403.57000793,31024.44652495,29985.17530091,30457.07318506,132813.01663434785
2023-04-13T00:00:00Z,29904.04948775,30589.97616006,29240.5507923,30364.26973878,89863.16236232665
2023-04-12T00:00:00Z,30222.95633836,30504.50827508,29627.77075345,29877.21780279,107114.83835469147
2023-04-11T00:00:00Z,29631.40298794,30552.01706003,29576.62289156,30211.73631307,123744.90748742332
2023-04-10T00:00:00Z,28335.77666767,29782.05915437,27612.60541462,29642.0794302,115931.24749733384
2023-04-09T00:00:00Z,27946.16584256,28657.8189216,26858.07269418,28311.58654097,52268.24082107423
2023-04-08T00:00:00Z,27918.15670716,28789.43442159,26844.32052503,27949.03761575,31194.781069731187
2023-04-07T00:00:00Z,28021.09559075,28739.55358345,26732.92029852,27935.1542501,42857.98435934573
2023-04-06T00:00:00Z,28170.3886841,28502.22070902,27701.48566128,28036.31625212,70989.97267278262
2023-04-05T00:00:00Z,28143.86705272,28781.81179739,27812.31134413,28161.67032531,107751.31376750125
2023-04-04T00:00:00Z,27803.11259702,28445.94678987,26598.51359742,28176.58467092,89407.3789653547
2023-04-03T00:00:00Z,28180.52841477,28519.48263119,27188.65345679,27795.52910917,136519.5047242123
2023-04-02T00:00:00Z,28456.07794846,28534.38427558,27856.30574896,28164.92281014,60197.72974783544
2023-04-01T00:00:00Z,28467.52742791,28823.86103908,27654.57811187,28448.97731767,50681.81665304619
2023-03-31T00:00:00Z,28034.40449257,28658.80062317,27513.77587925,28464.4418619,130906.07995978289
2023-03-30T00:00:00Z,28352.50740788,29176.46272947,27693.17233059,28025.7108497,169280.92027168506
2023-03-29T00:00:00Z,27269.99957311,28642.64283059,27228.86798205,28345.93644028,148320.72978936072
2023-03-28T00:00:00Z,27136.16450505,27524.12558851,26632.77725831,27250.37859313,122667.66382911729
2023-03-27T00:00:00Z,27991.07755938,28045.43815169,26513.71883675,27114.7530494,140976.30209229942
2023-03-26T00:00:00Z,27484.99802992,28229.22796655,27391.1806452,27962.83068325,80533.71705943227
2023-03-25T00:00:00Z,27485.65515394,27808.67319223,27148.39633045,27440.26319854,77080.08319360319
2023-03-24T00:00:00Z,28331.63908574,28401.02624748,26965.97042441,27407.71764821,151181.386387754
2023-03-23T00:00:00Z,27305.6130035,28803.1747917,27107.22567166,28257.16725921,181517.31396832096
2023-03-22T00:00:00Z,28145.96518955,28895.56637709,26622.09785514,27273.56735241,317262.50472392404
2023-03-21T00:00:00Z,27765.26272994,28496.91371605,27253.21739066,28067.86438971,459698.90443184687
2023-03-20T00:00:00Z,28047.77549196,28522.6111744,27061.90390417,27658.77395342,538812.1737646353
2023-03-19T00:00:00Z,26954.98668652,28429.13843491,26777.16078781,27896.20793352,417277.6305893895
2023-03-18T00:00:00Z,27418.37458241,27892.92274995,26350.81672663,26857.44904455,415554.9426717623
2023-03-17T00:00:00Z,25048.45321157,27792.41569237,24852.71904009,27350.82188556,720386.7838834971
2023-03-16T00:00:00Z,24374.89340997,25236.33431892,24073.59628406,24958.52259503,494245.0834007351
2023-03-15T00:00:00Z,24747.47494516,25262.30015385,23864.34225078,24209.71698364,651461.5536192103
2023-03-14T00:00:00Z,24212.70370172,26556.20931495,23937.65763889,24613.03165754,830522.2528052109
2023-03-13T00:00:00Z,22167.12378898,24623.72263133,21735.19741176,24073.68313355,780515.2666512401
2023-03-12T00:00:00Z,20595.83930897,22294.17341337,20125.48212846,21852.96352843,469836.3502349617
2023-03-11T00:00:00Z,20214.53346379,21378.47735242,19661.42916576,20314.65810323,480126.32642506453
2023-03-10T00:00:00Z,20363.32801762,20370.50341855,19552.02210033,20095.89434653,690464.7227280455
2023-03-09T00:00:00Z,21710.21962438,21832.53633868,20024.72468866,20355.34780198,486774.88143991673
2023-03-08T00:00:00Z,22196.43880953,22284.21621501,21568.33732179,21704.108584,327102.9717344756
2023-03-07T00:00:00Z,22408.32117947,22561.32823748,21834.72794798,22198.01178174,316944.18516593246
2023-03-06T00:00:00Z,22430.83919504,22602.17273062,22252.72683166,22412.38880552,222323.65620934335
2023-03-05T00:00:00Z,22348.77136365,22663.20206207,22183.00012751,22429.58890162,164215.88016951954
2023-03-04T00:00:00Z,22356.34994453,22411.59350794,22153.12562251,22345.41401931,126857.47094815724
2023-03-03T00:00:00Z,23467.85454307,23476.14741379,21954.41865332,22364.17418467,362365.6314754269
2023-03-02T00:00:00Z,23632.67018359,23799.55225087,23193.63970674,23464.9627514,257041.0878685994
2023-03-01T00:00:00Z,23145.01936769,24024.35430411,23009.61587335,23622.7026667,336569.4777433737
2023-02-28T00:00:00Z,23492.35145513,23600.02843501,23005.86771571,23135.84952056,279403.86718534556
2023-02-27T00:00:00Z,23557.17780285,23897.46615419,23103.87836404,23490.71911153,315114.6359857603
2023-02-26T00:00:00Z,23167.46154742,23693.22840707,23053.31098386,23555.64163456,216482.71322480502
2023-02-25T00:00:00Z,23187.11348517,23223.14298459,22709.47299234,23154.03784075,203628.63548290616
2023-02-24T00:00:00Z,23942.9716706,24137.43450157,22789.64991998,23179.59739747,381031.7783822152
2023-02-23T00:00:00Z,24183.06861632,24603.1624077,23610.62105645,23937.39992857,430902.19666232256
2023-02-22T00:00:00Z,24454.66833518,24489.14379068,23573.98724692,24179.38497478,413160.5673445661
2023-02-21T00:00:00Z,24842.20750706,25285.41070775,24141.74685471,24452.2940641,414640.90891788685
2023-02-20T00:00:00Z,24281.18832238,25123.78647959,23817.18562417,24816.2423123,370674.17550979333
2023-02-19T00:00:00Z,24635.47412352,25189.63113932,24195.44236063,24255.26520443,325864.5839566794
2023-02-18T00:00:00Z,24577.19698763,24878.74873755,24430.61027132,24619.40472521,220900.68379234252
2023-02-17T00:00:00Z,23515.38896667,25025.51054081,23339.67664266,24576.16727326,535481.6968182218
2023-02-16T00:00:00Z,24326.47666521,25254.62595153,23503.86092332,23530.28085291,499507.5117272768
2023-02-15T00:00:00Z,22202.57765206,24375.64556374,22039.95372548,24328.38683175,423230.43075468525
2023-02-14T00:00:00Z,21782.66968355,22317.6787545,21543.14307742,22201.67204949,384505.01016114204
2023-02-13T00:00:00Z,21785.17020906,21901.77871187,21361.21365678,21764.94123725,317375.47624221334
2023-02-12T00:00:00Z,21862.8933367,22094.07246221,21632.76587083,21779.98969327,210691.67860528044
2023-02-11T00:00:00Z,21628.96851243,21899.48178335,21587.37363217,21850.66592998,179599.2557012318
2023-02-10T00:00:00Z,21797.81038743,21942.47494866,21456.93385301,21625.45213963,357849.9468396133
2023-02-09T00:00:00Z,22963.34124287,23023.10314458,21688.92959814,21790.11076223,439982.2957907763
2023-02-08T00:00:00Z,23246.97943987,23452.13773629,22672.5546268,22951.79497931,293887.66159083805
2023-02-07T00:00:00Z,22762.62488131,23366.38254481,22742.96803055,23237.14193867,319425.57112322707
2023-02-06T00:00:00Z,22948.318164,23162.54032774,22613.20679718,22757.13674758,283141.3218580059
2023-02-05T00:00:00Z,23327.49557424,23495.14728684,22745.94128881,22938.12222337,222332.96291785242
2023-02-04T00:00:00Z,23432.57942576,23589.02620056,23255.01209555,23321.42204343,172185.685200842
2023-02-03T00:00:00Z,23491.85711142,23723.57789968,23207.5792661,23424.91487064,352352.28041066503
2023-02-02T00:00:00Z,23737.68403173,24254.43812626,23365.18248679,23483.51602015,396158.14637164597
2023-02-01T00:00:00Z,23128.57234178,23813.75756637,22761.66783267,23723.55895502,345112.2967274088
2023-01-31T00:00:00Z,22831.38578501,23328.05921876,22715.41948765,23126.08256331,294659.20028055226
2023-01-30T00:00:00Z,23745.37641075,23811.34705037,22500.84563601,22826.53182178,351112.1818607927
2023-01-29T00:00:00Z,23025.09109835,23972.19657465,22960.96303346,23739.79381357,330154.2712688993
2023-01-28T00:00:00Z,23077.76957466,23192.12064411,22877.79247155,23022.53674038,157041.4129841129
2023-01-27T00:00:00Z,23009.14791415,23502.1555208,22531.81864052,23058.93129315,322548.99260636384
2023-01-26T00:00:00Z,23059.19970374,23283.51252539,22845.1043803,23005.0424483,322011.13446645526
2023-01-25T00:00:00Z,22633.14003115,23814.39356794,22301.96354693,23063.02380714,399795.5289092617
2023-01-24T00:00:00Z,22920.63895732,23166.386619,21837.6516848,22628.66611902,345431.13473000453
2023-01-23T00:00:00Z,22712.59902081,23179.77349362,22494.67764821,22914.76740624,337237.3227701926
2023-01-22T00:00:00Z,22786.17281599,23083.1547072,22307.38698907,22710.93675046,293619.81207829184
2023-01-21T00:00:00Z,22670.64116659,23380.19036436,22424.40631297,22779.96843815,401704.3336110583
2023-01-20T00:00:00Z,21079.08651031,22756.03537255,20859.57173149,22680.26386993,388967.34775066056
2023-01-19T00:00:00Z,20674.37393702,21207.52626874,20657.05304661,21081.07666877,278407.32588393847
2023-01-18T00:00:00Z,21135.45352363,21657.73020796,20399.97640745,20689.47771613,415103.0607264148
2023-01-17T00:00:00Z,21191.17162678,21638.16664856,20828.34099505,21144.60000095,325013.2319114
2023-01-16T00:00:00Z,20878.38362187,21467.69148486,20612.58617546,21189.25077986,351122.8769894148
2023-01-15T00:00:00Z,20956.7974393,21053.32264992,20554.88048668,20876.46572975,219409.53885069804
2023-01-14T00:00:00Z,19928.5372412,21399.90985469,19891.85899024,20957.60762512,502156.47491350066
2023-01-13T00:00:00Z,18848.34032309,20112.61774889,18714.42853591,19933.9879089,452381.7554816183
2023-01-12T00:00:00Z,17941.98990829,19118.63205877,17906.60915106,18849.86498793,566783.1407232694
2023-01-11T00:00:00Z,17435.83021779,18004.37351734,17313.29222433,17949.45204305,299626.29527116247
2023-01-10T00:00:00Z,17178.78774761,17501.93832925,16979.77190406,17444.8276131,253500.91000405134
2023-01-09T00:00:00Z,17124.36047581,17405.38319633,17098.2311865,17186.40558951,309482.1587827064
2023-01-08T00:00:00Z,16944.00429048,17173.32176376,16908.93527186,17132.67774701,146700.63816604082
2023-01-07T00:00:00Z,16947.6670916,16992.01910866,16879.44003107,16942.72445554,109526.13764513307
2023-01-06T00:00:00Z,16830.80561684,17071.65728384,16671.85414683,16955.91623147,237434.49353947904
2023-01-05T00:00:00Z,16845.1400624,16882.60676246,16747.15314295,16839.02871822,180627.7794268673
2023-01-04T00:00:00Z,16679.52554559,16995.81704414,16647.29622555,16852.77996797,256622.99150391624
2023-01-03T00:00:00Z,16668.09220294,16816.63069611,16597.62835294,16679.51741462,178793.35628139946
2023-01-02T00:00:00Z,16628.47298536,16804.03561466,16530.77263687,16682.19650927,139289.08649315976
2023-01-01T00:00:00Z,16542.78372545,16654.88742139,16493.25565172,16619.21071995,109362.64270001928
2022-12-31T00:00:00Z,16603.31756867,16645.78603595,16463.72310769,16533.83594072,134068.63347746726
2022-12-30T00:00:00Z,16639.82586969,17995.74770747,16334.51094499,16613.01217335,201290.7197125336
2022-12-29T00:00:00Z,16541.67232574,16674.84405314,16482.16888487,16635.80163343,183210.30621144755
2022-12-28T00:00:00Z,16698.77628984,16786.09903449,16461.19663315,16551.67945132,225079.4494924661
2022-12-27T00:00:00Z,16914.97440162,16978.12190537,16592.68100039,16709.41628175,193695.3432194102
2022-12-26T00:00:00Z,16828.87871421,16945.70492611,16789.10784006,16919.3689372,136368.12019537488
2022-12-25T00:00:00Z,16842.19717662,16869.81829234,16727.35312564,16833.59736317,134357.78839612933
2022-12-24T00:00:00Z,16777.12012936,16880.64796372,16757.04533539,16835.00526146,110264.10400971098
2022-12-23T00:00:00Z,16860.45724863,17237.16490502,16736.67931611,16778.25853161,189537.0626392644
2022-12-22T00:00:00Z,16826.48410256,16872.52611335,16558.32196312,16822.82374857,206896.79504207324
2022-12-21T00:00:00Z,16906.97168784,16931.04793654,16717.5329038,16823.37766312,181345.56877261616
2022-12-20T00:00:00Z,16437.58022348,17069.26014851,16397.22719997,16898.54262764,295711.7596616843
2022-12-19T00:00:00Z,16745.25908879,16819.74011637,16260.86584642,16439.33410047,219737.0728148125
2022-12-18T00:00:00Z,16778.73322405,16863.81381946,16655.04198104,16737.36897081,122586.49026240062
2022-12-17T00:00:00Z,16633.957826,16805.56076088,16584.85851935,16780.28156575,171035.8175038074
2022-12-16T00:00:00Z,17364.16232959,18262.25986157,16520.28938498,16628.36291394,331872.598255297
2022-12-15T00:00:00Z,17805.74507323,17856.24070821,17275.64731205,17356.89583242,278278.5903646953
2022-12-14T00:00:00Z,17771.65106699,18385.77908333,17654.94128505,17799.81180519,348800.35542940814
2022-12-13T00:00:00Z,17218.98339536,18010.07564794,17072.42221502,17774.35719167,343300.8854981951
2022-12-12T00:00:00Z,17087.00310602,17245.64815949,16870.19446757,17202.71873921,256016.90023480082
2022-12-11T00:00:00Z,17130.06793985,17310.55303977,17070.92214759,17084.93624957,169301.97108870125
2022-12-10T00:00:00Z,17130.74784708,17231.70219326,17077.13588214,17126.40549254,148196.17995501938
2022-12-09T00:00:00Z,17224.5812088,17476.40956982,17063.44647634,17127.16833727,265793.93134942645
2022-12-08T00:00:00Z,16836.37210929,17308.11139716,16729.95943729,17219.89606863,267705.7661558375
2022-12-07T00:00:00Z,17088.15125003,17148.54216247,16673.32504551,16835.22011898,251586.36093919264
2022-12-06T00:00:00Z,16970.47320065,17113.26032588,16903.14619024,17087.97891403,258162.1212326577
2022-12-05T00:00:00Z,17108.41038164,17428.27696828,16863.06090519,16966.92087565,283138.7198397737
2022-12-04T00:00:00Z,16885.56760635,17206.60252032,16877.49331763,17105.31759356,204480.9583451135
2022-12-03T00:00:00Z,17096.04534787,17178.2395598,16852.24939265,16877.14052092,171494.32365607275
2022-12-02T00:00:00Z,16978.241605,17107.33604645,16780.04059446,17092.71516385,234021.9523093538
2022-12-01T00:00:00Z,17169.40595798,17936.44396028,16859.12064045,16976.15299274,279918.46939806535
2022-11-30T00:00:00Z,16449.2667507,17257.03661966,16422.1914114,17157.02425013,352138.73804624105
2022-11-29T00:00:00Z,16205.02062206,16557.58911822,16092.00663313,16444.70137611,293208.87529510906
2022-11-28T00:00:00Z,16419.59091342,16499.87882742,15987.42349282,16217.05504159,308707.1653485505
2022-11-27T00:00:00Z,16447.95103097,16605.96415821,16401.08864956,16434.24610151,182266.52926267943
2022-11-26T00:00:00Z,16513.18595705,16710.10484525,16381.39231222,16474.09334198,204942.72678984035
2022-11-25T00:00:00Z,16586.5715011,16648.52780332,15975.50793392,16528.88520387,218412.98712221408
2022-11-24T00:00:00Z,16597.75278412,16831.60247107,16448.68836936,16610.57450867,247932.05444467094
2022-11-23T00:00:00Z,16206.72733088,16717.26602218,16141.60387257,16620.25502448,332082.40042796906
2022-11-22T00:00:00Z,15765.00721156,16321.07184894,15602.72991484,16231.72909757,315344.3710722871
2022-11-21T00:00:00Z,16256.84492009,16339.77851546,15458.24128534,15792.34297556,409403.7773730951
2022-11-20T00:00:00Z,16681.48555532,16763.65306627,16164.17384457,16289.17460903,185191.1935029638
2022-11-19T00:00:00Z,16681.05640379,16828.60726259,16534.40330435,16719.28201044,123885.1205421448
2022-11-18T00:00:00Z,16678.0222859,17012.17087151,16527.40991835,16715.45412385,264050.01774314087
2022-11-17T00:00:00Z,16646.44752152,16763.80191101,16400.86654033,16698.5149025,269813.77604885446
2022-11-16T00:00:00Z,16882.47178942,17029.7672828,16363.15584807,16673.61507448,329475.8340059704
2022-11-15T00:00:00Z,16594.70147712,17141.91641955,16504.03581608,16902.89218503,374434.42523996835
2022-11-14T00:00:00Z,16314.47457564,17194.32116479,15790.19518514,16633.46561993,478997.6681430248
2022-11-13T00:00:00Z,16791.13842619,16967.79176572,16229.21738457,16341.54422339,226263.91622944138
2022-11-12T00:00:00Z,17038.05962508,17154.43375309,16606.06276078,16837.51755259,210416.66137545716
2022-11-11T00:00:00Z,17810.947646,18196.14270349,16286.72137122,17053.99806744,535688.5473241257
2022-11-10T00:00:00Z,15962.35147931,18706.2838517,15761.50680055,17649.5561585,835324.01636652
2022-11-09T00:00:00Z,18565.55907371,18637.26483861,15595.44267687,15877.68132724,1066881.5596251255
2022-11-08T00:00:00Z,20592.62477573,20695.63321634,17070.44369248,18563.68054822,1090696.824247915
2022-11-07T00:00:00Z,20909.66632139,21075.26511895,19789.79347903,20591.36857791,475988.74692558777
2022-11-06T00:00:00Z,21304.73679874,21378.88335007,20893.33115109,20910.21457226,265610.31652650255
2022-11-05T00:00:00Z,21149.70112666,21491.93683109,21083.22158678,21302.08872695,287644.26371189125
2022-11-04T00:00:00Z,20207.36421125,21313.32752765,20181.4377825,21148.96203429,577569.1084631607
2022-11-03T00:00:00Z,20151.85070158,20406.62273945,20033.28088863,20208.06984544,386435.0810086543
2022-11-02T00:00:00Z,20480.77792459,20802.38010798,20057.65812315,20165.0568294,488715.67287931236
2022-11-01T00:00:00Z,20490.03841868,20701.49961398,20327.17315575,20479.50150741,340035.2590072441
2022-10-31T00:00:00Z,20632.77985794,20848.70384967,20241.4802635,20499.55414811,381224.0699014278
2022-10-30T00:00:00Z,20824.54818886,20933.97386169,20520.76853212,20631.60118747,244652.4495426349
2022-10-29T00:00:00Z,20596.62660981,21090.45871547,20558.33030084,20819.16231981,335663.7728087467
2022-10-28T00:00:00Z,20296.94371769,20755.14969549,20008.30931349,20596.39789795,388328.3734745957
2022-10-27T00:00:00Z,20775.42903516,20883.37645235,20202.16292914,20296.92527548,441436.6513468675
2022-10-26T00:00:00Z,20084.73970843,21024.48258998,20056.77283886,20783.97537833,534299.3917832443
2022-10-25T00:00:00Z,19334.95249804,20421.22047889,19236.17113886,20084.6577305,458284.6029704562
2022-10-24T00:00:00Z,19575.98285402,19605.67608649,19157.18426415,19330.12455003,332776.67653921776
2022-10-23T00:00:00Z,19210.32113047,19696.78125985,19069.24523422,19579.12324689,205140.19584036298
2022-10-22T00:00:00Z,19165.71947467,19257.42012539,19112.55837546,19208.36094609,130377.33443728676
2022-10-21T00:00:00Z,19042.37313503,19255.72330481,18657.93920882,19166.50553672,346253.62221762916
2022-10-20T00:00:00Z,19126.78236142,19347.27340449,18903.63581065,19048.01478358,300790.50500149815
2022-10-19T00:00:00Z,19328.54704265,19365.12812938,19065.54941091,19122.62168898,245752.34559338505
2022-10-18T00:00:00Z,19548.71408973,19710.51127602,19095.55581332,19330.96440419,345529.8382433508
2022-10-17T00:00:00Z,19262.73470867,19678.51618311,19151.87317823,19550.24140876,295555.5365474278
2022-10-16T00:00:00Z,19070.29474963,19427.93199639,19064.1606818,19263.49676367,160682.8102483874
2022-10-15T00:00:00Z,19178.02808496,19228.02443306,18976.85024852,19069.89036928,140552.73398582733
2022-10-14T00:00:00Z,19375.58481492,19954.61737066,19071.57044445,19178.68706661,474149.81931516534
2022-10-13T00:00:00Z,19154.90746443,19510.36886201,18168.4992209,19376.30208304,569703.4230565584
2022-10-12T00:00:00Z,19059.31874591,19240.59423392,18958.57716854,19155.70482202,275643.4433372292
2022-10-11T00:00:00Z,19130.87021054,19266.63382055,18853.01521106,19058.22700441,341282.01113316696
2022-10-10T00:00:00Z,19442.97609286,19527.16402748,19020.4379713,19132.04849266,291156.6263574413
2022-10-09T00:00:00Z,19417.65226824,19559.11846647,19318.65829851,19442.12086121,150260.78024820203
2022-10-08T00:00:00Z,19533.42987894,19629.43697394,19237.636038,19419.35194264,134331.81514656448
2022-10-07T00:00:00Z,19963.31066313,20065.23439015,19322.25423769,19531.39505698,332426.0859519067
2022-10-06T00:00:00Z,20163.31534101,20456.84246465,19855.12565127,19964.75328087,446609.1035696176
2022-10-05T00:00:00Z,20342.76219397,20368.21223656,19736.17435518,20161.61557043,412229.69673290214
2022-10-04T00:00:00Z,19630.9218193,20486.90231279,19493.09084857,20342.55361649,451645.97303447744
2022-10-03T00:00:00Z,19059.19461362,19722.14704502,18961.2771902,19631.55881689,389946.1456635679
2022-10-02T00:00:00Z,19313.01541182,19396.59032446,18923.09400917,19057.11919363,254968.16640376835
2022-10-01T00:00:00Z,19422.69566173,19485.99771498,19161.00620154,19312.83616034,197832.76785665972
2022-09-30T00:00:00Z,19592.30281904,20184.95569441,19152.95031136,19422.80221717,593453.787947872
2022-09-29T00:00:00Z,19413.51351876,19648.33947623,18842.29647854,19594.86156032,535971.0692691752
2022-09-28T00:00:00Z,19076.13962565,19781.14897947,18474.11389882,19411.17904875,689317.8776022034
2022-09-27T00:00:00Z,19234.92594071,20387.11780737,18822.75432839,19080.96689323,788921.2243234598
2022-09-26T00:00:00Z,18808.16413252,19320.30182957,18680.70574003,19234.49736493,593127.3647720839
2022-09-25T00:00:00Z,18928.61591359,19182.42753646,18629.27040997,18808.81215717,240910.62184992965
2022-09-24T00:00:00Z,19293.9182746,19319.32526022,18806.33119498,18921.26915714,293751.5199015189
2022-09-23T00:00:00Z,19403.97102067,19499.80387862,18538.9135553,19289.74905048,502197.8360871144
2022-09-22T00:00:00Z,18462.57625171,19543.31868944,18359.1912923,19401.96104264,537122.8051022966
2022-09-21T00:00:00Z,18877.45066473,19957.11508905,18154.74268864,18460.93291804,576309.4862314581
2022-09-20T00:00:00Z,19539.47414497,19640.5732508,18722.06261193,18875.91078755,431149.0585892785
2022-09-19T00:00:00Z,19416.47909393,19686.46942894,18246.08802505,19540.93694922,524079.9139285608
2022-09-18T00:00:00Z,20115.03959507,20119.44286696,19335.47232006,19416.82549151,314413.81317570125
2022-09-17T00:00:00Z,19803.76994433,20194.29522277,19748.53220595,20115.28915173,236965.55885748385
2022-09-16T00:00:00Z,19701.04725777,19891.76439424,19010.39112363,19803.46316389,363528.49967856845
2022-09-15T00:00:00Z,20228.29276855,20334.2512615,19490.21040877,19702.92040861,427208.4278550923
2022-09-14T00:00:00Z,20175.4068407,20538.43965991,19619.86500487,20228.18001591,441186.2650142962
2022-09-13T00:00:00Z,22400.53507346,22828.07091839,19869.04336194,20174.66935704,613784.8900903293
2022-09-12T00:00:00Z,21831.46931266,22489.74230856,21546.22247024,22402.27852114,511718.3176397345
2022-09-11T00:00:00Z,21653.31629797,21865.54823297,21355.30388519,21832.33125703,335058.37982535205
2022-09-10T00:00:00Z,21368.2672396,21816.40624824,21120.47622559,21653.83567644,374718.779884601
2022-09-09T00:00:00Z,19319.85151383,21617.61208161,19290.67586198,21367.47600888,578226.8731912164
2022-09-08T00:00:00Z,19292.43145917,19457.43583022,19012.52957067,19321.2039796,347723.41954010935
2022-09-07T00:00:00Z,18790.57874214,19464.42385502,18522.00438435,19292.88386009,379905.67614453594
2022-09-06T00:00:00Z,19794.40241239,20180.09486081,18654.77610078,18790.70800285,509206.9439729686
2022-09-05T00:00:00Z,20001.64631739,20058.75220196,19633.41491785,19795.29870175,277207.40158371616
2022-09-04T00:00:00Z,19832.76620599,20027.95524944,19583.48344049,20002.20167807,190576.02640573078
2022-09-03T00:00:00Z,19956.75464268,20059.70040328,19652.926154,19832.2554126,180848.24311822603
2022-09-02T00:00:00Z,20140.25347369,20442.78995677,19755.44836932,19954.9979453,327667.025684747
2022-09-01T00:00:00Z,20050.2112733,20209.46627207,19566.13063452,20139.02826559,328555.78138877684
2022-08-31T00:00:00Z,19816.72500147,20491.66291542,19802.0392285,20052.43148399,377722.44047810254
2022-08-30T00:00:00Z,20287.02157307,20579.76838031,19545.3446,19811.77687379,373298.2157286426
2022-08-29T00:00:00Z,19554.06268345,20428.34487295,19549.31656607,20288.77483631,303021.08456484275
2022-08-28T00:00:00Z,20036.97357129,20166.61745315,19522.517265,19558.05413147,196713.63286142322
2022-08-27T00:00:00Z,20248.02952839,20397.72662681,19800.11746903,20035.34943991,235581.69457001897
2022-08-26T00:00:00Z,21559.27034125,21884.220087,20111.60070723,20247.0032981,418601.4668179875
2022-08-25T00:00:00Z,21367.83241509,21820.00048692,21309.82419009,21558.03798936,224823.89541859986
2022-08-24T00:00:00Z,21526.5821419,21902.97776436,21143.74981866,21368.35648105,251412.07777028962
2022-08-23T00:00:00Z,21398.19378538,21685.13693905,20888.87349707,21528.46680966,283897.2051550312
2022-08-22T00:00:00Z,21515.49017119,21543.93091578,20891.07754996,21398.18720978,310640.32602095633
2022-08-21T00:00:00Z,21139.9105778,21795.43081498,21069.53284711,21512.06999121,221675.23382052887
2022-08-20T00:00:00Z,20834.10640431,21368.4625704,20762.33900765,21140.08379904,261886.14232996354
2022-08-19T00:00:00Z,23192.23031515,23209.19355801,20783.92501212,20834.20384774,458378.7342262377
2022-08-18T00:00:00Z,23341.53392921,23601.15541485,23111.94062849,23192.06093438,191655.66945063707
2022-08-17T00:00:00Z,23858.92775419,24449.11227266,23179.90749297,23344.10940229,305729.6014324742
2022-08-16T00:00:00Z,24094.77468526,24253.75040732,23672.20392627,23858.98360553,254541.5567219776
2022-08-15T00:00:00Z,24314.81927008,25216.92280343,23777.30365073,24099.37443619,358473.97570932674
2022-08-14T00:00:00Z,24447.77524782,25052.19386999,24150.80398234,24310.59845357,218342.25143507269
2022-08-13T00:00:00Z,24413.49793888,24897.9655629,24293.33719385,24451.21063387,216170.29574623643
2022-08-12T00:00:00Z,23944.22618377,24466.03557714,23592.32901275,24413.442716,245374.72105717481
2022-08-11T00:00:00Z,23954.87267853,24921.16942656,23861.80523755,23949.53322048,375303.22001796955
2022-08-10T00:00:00Z,23151.92678368,24221.65549685,22665.58967386,23962.13218585,327529.4518513129
2022-08-09T00:00:00Z,23815.65101366,23931.58028194,22871.47457801,23154.20908349,219047.96460633434
2022-08-08T00:00:00Z,23177.3808975,24247.22765706,23155.7915423,23813.49847218,258408.44014457148
2022-08-07T00:00:00Z,22954.9787027,23402.89753524,22844.07249961,23178.44074678,122946.80268984995
2022-08-06T00:00:00Z,23314.19422373,23359.38725346,22912.41607701,22954.9720568,117684.13536729831
2022-08-05T00:00:00Z,22622.08974396,23469.53760348,22588.06140171,23316.97154577,289692.942414645
2022-08-04T00:00:00Z,22818.07612989,23229.74648089,22388.44150344,22624.8019645,244125.9862345393
2022-08-03T00:00:00Z,22988.2240805,23644.72249174,22687.67252114,22823.58050335,240961.25868162035
2022-08-02T00:00:00Z,23268.50543044,23469.62931436,22646.28337273,22989.82664441,246532.67850039733
2022-08-01T00:00:00Z,23302.29159445,23514.46779327,22856.54352963,23267.87026843,223350.79027568686
2022-07-31T00:00:00Z,23650.0593067,24200.82715027,23234.33545196,23297.87656651,186707.14402606004
2022-07-30T00:00:00Z,23783.36266178,24671.94292089,23509.93194995,23648.78251023,232819.2101316138
2022-07-29T00:00:00Z,23849.972769,24451.17624781,23424.33959312,23781.00356356,314244.23675275466
2022-07-28T00:00:00Z,22961.5920923,24204.79075036,22580.12358798,23848.33645644,372536.5429297586
2022-07-27T00:00:00Z,21258.03043849,23115.41753275,21039.78554805,22960.57253784,332169.7095391582
2022-07-26T00:00:00Z,21310.51888372,21345.63993559,20711.2268181,21257.1321064,249776.06945761698
2022-07-25T00:00:00Z,22580.06739905,22667.89776426,21253.95160237,21311.07303894,300385.07384605304
2022-07-24T00:00:00Z,22450.16882196,23018.49020675,22257.78548767,22583.99020051,158183.51416563004
2022-07-23T00:00:00Z,22685.19793427,23004.06414615,21944.29746153,22450.73528306,175106.0821581236
2022-07-22T00:00:00Z,23153.08304665,23757.59691702,22503.89625891,22685.28187766,255392.5675186425
2022-07-21T00:00:00Z,23224.85469282,23432.48286293,22338.77671926,23152.59364688,276748.43390509806
2022-07-20T00:00:00Z,23396.65575761,24277.03308009,22914.0243112,23225.331904,370321.6421992205
2022-07-19T00:00:00Z,22432.10925182,23799.90283189,21579.92127457,23395.82970996,424696.37294008664
2022-07-18T00:00:00Z,20795.81733776,22772.19831853,20758.98822632,22429.76858101,385624.2144893612
2022-07-17T00:00:00Z,21196.90174751,21673.93688234,20749.70257319,20794.19901682,178917.22874798265
2022-07-16T00:00:00Z,20824.70895555,21588.41399733,20474.64580839,21191.3997511,190297.93909488874
2022-07-15T00:00:00Z,20573.46719699,21194.07997001,20372.98318473,20824.93743786,224470.19938471375
2022-07-14T00:00:00Z,20219.41207576,20916.20745556,19601.96755792,20581.20021004,283506.1360898138
2022-07-13T00:00:00Z,19309.87535202,20340.8367494,18895.13999175,20216.65422938,369359.8441571152
2022-07-12T00:00:00Z,19946.00309149,20039.53379728,19222.23924263,19308.91576081,241332.3593168489
2022-07-11T00:00:00Z,20853.4134047,20860.5428122,19863.2851313,19949.95365449,219582.81205285524
2022-07-10T00:00:00Z,21580.7560984,21596.6072555,20643.55184876,20855.52377882,253724.42838921933
2022-07-09T00:00:00Z,21582.89563617,21968.00847073,21311.43163128,21581.01927849,232809.0382379121
2022-07-08T00:00:00Z,21612.07230927,22488.38052798,21173.93017566,21584.09870414,528070.1564675185
2022-07-07T00:00:00Z,20541.34942703,21833.10560957,20231.14332351,21609.73780727,188724.69417566963
2022-07-06T00:00:00Z,20156.97024098,20660.31155536,19740.75627777,20545.35236415,175833.95984901936
2022-07-05T00:00:00Z,20215.5495098,20729.19902658,19272.39644814,20156.52291065,205434.6694118431
2022-07-04T00:00:00Z,19292.0500259,20335.81934261,19033.82405555,20213.8382104,154103.48109577803
2022-07-03T00:00:00Z,19228.48929582,19633.92633297,18741.9199868,19301.4465448,116695.7808965848
2022-07-02T00:00:00Z,19257.83741009,19435.09097113,18958.86338603,19226.22827484,99968.17321258053
2022-07-01T00:00:00Z,19941.72510182,20902.07753414,18950.87278493,19254.23453147,261986.57021682247
2022-06-30T00:00:00Z,20099.99952807,20148.40183057,18611.812994,19959.94399856,231494.33430627728
2022-06-29T00:00:00Z,20259.57834176,20410.10267119,19826.51801242,20097.57928236,173890.1167036287
2022-06-28T00:00:00Z,20721.18475833,21190.81517886,20174.55257529,20260.9324245,147581.5355003379
2022-06-27T00:00:00Z,21029.38989724,21522.98501349,20496.03433159,20719.22923745,144077.39410059163
2022-06-26T00:00:00Z,21476.27046854,21875.33897279,20965.48170834,21027.32638259,112695.16536203402
2022-06-25T00:00:00Z,21222.25157464,21590.51512173,20891.40103171,21474.06804164,114523.56497701546
2022-06-24T00:00:00Z,21093.09045853,21540.94608484,20714.8554715,21222.60836403,182209.95700629722
2022-06-23T00:00:00Z,19966.68868913,21209.51058785,19867.15133492,21098.5528252,194924.45553590893
2022-06-22T00:00:00Z,20702.61463002,20870.48215791,19724.84264852,19966.62079244,229643.97550374956
2022-06-21T00:00:00Z,20553.97248538,21697.14781061,20328.53471097,20700.45605168,228002.7628133776
2022-06-20T00:00:00Z,20548.54573171,21056.01723216,19611.37855755,20551.88106952,250630.86536787442
2022-06-19T00:00:00Z,18943.6521201,20783.64000578,17940.95392222,20545.49953181,311174.1723707289
2022-06-18T00:00:00Z,20440.94993386,20741.75402983,17589.4597869,18945.87007242,470904.071578176
2022-06-17T00:00:00Z,20372.73400063,21354.25248519,20213.93383125,20441.05058117,229572.71248736884
2022-06-16T00:00:00Z,22554.84294479,22976.75074821,20206.04057217,20372.20528893,267603.20770206465
2022-06-15T00:00:00Z,22109.69463421,22772.43352291,20074.31368529,22555.35086606,524554.9973903635
2022-06-14T00:00:00Z,22450.70631761,23326.02547212,20812.04865197,22115.4598811,479714.93192306656
2022-06-13T00:00:00Z,26556.00960889,26889.7368641,21902.24303,22447.27391526,681906.6548049267
2022-06-12T00:00:00Z,28395.57883824,28529.70712337,26547.09428178,26565.16765311,198113.5143909957
2022-06-11T00:00:00Z,29070.12519963,29407.12357293,28077.52792409,28391.96630812,129831.58703758573
2022-06-10T00:00:00Z,30089.01202269,30379.12344459,28838.47890674,29067.76826613,170520.47029031676
2022-06-09T00:00:00Z,30196.36166024,30680.31340129,29917.36309233,30081.96887092,99346.84723108914
2022-06-08T00:00:00Z,31120.83162002,31304.74284757,29845.05966142,30209.77059859,149960.1771867203
2022-06-07T00:00:00Z,31353.60369688,31572.92379682,29194.90576767,31124.50393023,226402.00785701087
2022-06-06T00:00:00Z,29896.84862302,31741.47515609,29864.5357297,31349.98649918,155628.49826510585
2022-06-05T00:00:00Z,29844.4490257,30185.91358176,29509.20559892,29897.22098206,53981.12876274021
2022-06-04T00:00:00Z,29689.01126444,29976.51062936,29459.38164463,29840.26607847,53496.44738274424
2022-06-03T00:00:00Z,30439.11720175,30679.69908906,29254.95805303,29673.20122426,121236.23709052491
2022-06-02T00:00:00Z,29807.73629275,30738.58293757,29571.49061109,30464.21142335,137526.7341925353
2022-06-01T00:00:00Z,31787.67338452,31966.14089391,29298.90072831,29799.93290151,220888.26753142485
2022-05-31T00:00:00Z,31717.57443554,32384.26683073,31204.63645986,31807.83032774,147618.33608643824
2022-05-30T00:00:00Z,29460.6772543,32321.31918739,29271.59309042,31727.11837466,204146.023486632
2022-05-29T00:00:00Z,29011.10081591,29572.00248169,28814.51638281,29458.48420614,61355.13865686679
2022-05-28T00:00:00Z,28603.92848243,29254.06222111,28453.87236287,29014.40580367,72130.08613359618
2022-05-27T00:00:00Z,29178.25293086,29366.8278752,28252.31962869,28603.5935382,200692.16189718252
2022-05-26T00:00:00Z,29518.92798166,29863.28238815,27991.85155794,29171.93285363,213676.85367605762
2022-05-25T00:00:00Z,29625.88479554,30191.79380776,29305.3548502,29519.67858757,137070.40233069778
2022-05-24T00:00:00Z,29088.33629695,29820.07363775,28632.46395426,29622.10685544,133794.7391323105
2022-05-23T00:00:00Z,30275.70476919,30643.96429159,28841.77006234,29079.27641407,154731.971457738
2022-05-22T00:00:00Z,29421.84334384,30464.69363922,29225.22360073,30277.48700072,87279.1133400068
2022-05-21T00:00:00Z,29163.85744325,29627.46295865,28913.63895436,29417.40251725,59667.48012460437
2022-05-20T00:00:00Z,30296.08781136,30749.73543098,28697.69672304,29166.6174823,166259.31161653873
2022-05-19T00:00:00Z,28675.35602248,30514.63076171,28652.99465902,30298.15880155,168964.71505901968
2022-05-18T00:00:00Z,30412.29635405,30681.59737609,28611.71971497,28676.32617195,166718.41094939367
2022-05-17T00:00:00Z,29843.44282115,30756.34339815,29414.72790824,30413.02861782,137496.33560166063
2022-05-16T00:00:00Z,31297.03431695,31299.18346946,29058.30185402,29840.82995469,137642.0989177168
2022-05-15T00:00:00Z,30047.76679768,31435.06944999,29429.19227229,31293.95700051,59148.747084889466
2022-05-14T00:00:00Z,29236.97769572,30317.74540934,28579.72921981,30045.83244164,65726.16332327599
2022-05-13T00:00:00Z,28973.4754802,31005.01497581,28680.80863362,29238.61679663,121783.50415392652
2022-05-12T00:00:00Z,28982.23276194,30113.10892253,25743.11860955,28957.81555642,299697.7963557235
2022-05-11T00:00:00Z,31012.95032273,35397.47258187,27715.85520007,28977.74491311,272796.44094802823
2022-05-10T00:00:00Z,30084.51292663,32646.66291717,29763.27228611,31006.85487068,196580.41203453773
2022-05-09T00:00:00Z,34039.24049762,34235.53118826,30046.2702404,30083.57233581,235912.42933672157
2022-05-08T00:00:00Z,35465.74377482,35505.73859604,33709.76759197,34038.43980772,98874.52494740319
2022-05-07T00:00:00Z,36008.98920779,36132.93919107,34791.95856888,35465.72692242,43618.41483860617
2022-05-06T00:00:00Z,36544.19149679,36664.01420274,35251.56989445,36002.5773188,102723.41321661223
2022-05-05T00:00:00Z,39686.31510972,39846.89716279,35514.74006627,36544.40777806,124548.11452349025
2022-05-04T00:00:00Z,37723.80250506,40031.98808457,37662.26153073,39677.68275894,77665.73811842556
2022-05-03T00:00:00Z,38514.5372716,38644.4099033,37518.77258566,37723.29276435,50736.61982209931
2022-05-02T00:00:00Z,38471.55584405,39170.29545513,38055.14660569,38512.43978271,63224.90857430404
2022-05-01T00:00:00Z,37640.06418656,38686.45285889,37397.21815815,38470.93792524,36761.45865534993
2022-04-30T00:00:00Z,38595.91585869,38793.07062082,37578.89701669,37636.60816242,31484.269221111663
2022-04-29T00:00:00Z,39744.44536807,39924.01478079,38149.76756488,38592.98934205,51895.226646528536
2022-04-28T00:00:00Z,39248.02301384,40385.3810541,38883.49085426,39745.01396402,67325.41917021792
2022-04-27T00:00:00Z,38119.35772577,39469.02753427,37885.87543826,39242.58488776,63641.86054221358
2022-04-26T00:00:00Z,40441.82518479,40805.92520499,37706.76789916,38111.74642594,85890.64581388587
2022-04-25T00:00:00Z,39463.70620358,40624.13537121,38196.70838662,40438.43365985,109020.60111205783
2022-04-24T00:00:00Z,39451.03039798,39949.14643157,38955.56304361,39461.74457773,58539.27245154259
2022-04-23T00:00:00Z,39712.52489382,40070.28051646,39291.30706722,39451.64200134,44940.63691429603
2022-04-22T00:00:00Z,40486.6254484,40800.60667169,39179.36540067,39708.8776107,108069.97757563641
2022-04-21T00:00:00Z,41368.7062241,42987.19199583,39766.12475331,40488.61024511,128735.15270711096
2022-04-20T00:00:00Z,41501.77388997,42213.78889863,40862.33162777,41369.79836853,95371.12301457883
2022-04-19T00:00:00Z,40806.38929011,41779.15020609,40579.78235825,41502.82792086,74053.65371665826
2022-04-18T00:00:00Z,39688.85583339,41112.77917572,38543.99471602,40811.13333187,123645.50737657477
2022-04-17T00:00:00Z,40386.98909921,41658.23740499,39556.99463043,39689.14983677,46715.82478136609
2022-04-16T00:00:00Z,40564.75350571,40712.91319105,40003.97652761,40386.98753653,36618.21792372452
2022-04-15T00:00:00Z,39948.62559032,40871.57723527,39770.57212471,40545.47153614,55161.97149965869
2022-04-14T00:00:00Z,41154.27831311,41506.29289562,39551.02614529,39944.31160945,82155.4711238687
2022-04-13T00:00:00Z,40082.27591407,41567.63870808,39591.97900752,41151.86645498,101740.05097192884
2022-04-12T00:00:00Z,39533.94117608,40717.48470895,39266.48889393,40080.89327952,129120.06690611377
2022-04-11T00:00:00Z,42170.10062061,42424.53575066,39208.91765953,39534.41344663,147925.4991661403
2022-04-10T00:00:00Z,42765.05812204,43680.32470681,41885.40449327,42175.42958957,54915.47356844158
2022-04-09T00:00:00Z,42259.93511496,42813.06589876,42132.67557839,42771.75119548,42871.702274439216
2022-04-08T00:00:00Z,43444.73107829,43981.80863425,42115.91172339,42260.49516375,102199.68284703257
2022-04-07T00:00:00Z,43174.26476072,43909.21916848,42742.88043135,43442.46969036,88555.022748029
2022-04-06T00:00:00Z,45505.68446027,45518.16411287,43123.56627073,43176.84218849,150872.82125453124
2022-04-05T00:00:00Z,46597.80959801,47200.94413928,45365.33247125,45503.18815391,94768.68733019468
2022-04-04T00:00:00Z,46416.78371678,46901.77347137,45125.91636112,46596.88515653,101663.8454614935
2022-04-03T00:00:00Z,45827.8037247,47505.88968786,45545.79854619,46408.82697055,72134.65875762452
2022-04-02T00:00:00Z,46298.24733925,47230.43900955,45634.52954262,45828.69434284,80048.97695408028
2022-04-01T00:00:00Z,45525.09672422,46738.62303256,44225.28031216,46299.67702161,129998.49462757175
2022-03-31T00:00:00Z,47076.09486293,47627.2278721,45208.55855743,45525.17096851,107219.70374198354
2022-03-30T00:00:00Z,47449.09759794,47707.66300108,46512.55033752,47077.18148616,90292.19764829653
2022-03-29T00:00:00Z,47142.81317896,48114.9615785,46956.96156813,47450.83092512,93214.63865577253
2022-03-28T00:00:00Z,46839.4401955,48217.87512967,46670.50779854,47145.14057486,128037.04184839202
2022-03-27T00:00:00Z,44532.60122082,46969.1216021,44363.55639867,46847.71727318,91897.70114520493
2022-03-26T00:00:00Z,44331.51418149,44810.80465914,44089.54611613,44534.80758492,46870.29276824731
2022-03-25T00:00:00Z,44008.03768129,45117.62373091,43597.4247075,44331.43885207,118327.91849557895
2022-03-24T00:00:00Z,42898.61872079,44243.30461994,42598.57091838,44006.80508426,124633.93249172495
2022-03-23T00:00:00Z,42380.17981583,43033.47197248,41767.37625029,42897.84394792,91652.4596430814
2022-03-22T00:00:00Z,41019.86812111,43377.96573818,40889.7069697,42378.70713893,135513.40844220345
2022-03-21T00:00:00Z,41280.07114631,41564.41340881,40495.9548155,41022.14031193,88817.33132323094
2022-03-20T00:00:00Z,42225.43368969,42318.82635152,40906.31810391,41281.83524952,64933.68791713768
2022-03-19T00:00:00Z,41779.76647548,42417.67014901,41518.63826219,42225.60799849,60816.15672457782
2022-03-18T00:00:00Z,40944.37478957,42379.44925357,40153.56172803,41774.98842459,101890.20471813987
2022-03-17T00:00:00Z,41129.78700281,41493.99117483,40490.84934572,40940.08657969,85410.90797494797
2022-03-16T00:00:00Z,39295.0626183,41735.15828565,38831.53858076,41129.75046644,202943.54734455116
2022-03-15T00:00:00Z,39679.60834973,39921.27077318,38129.15141493,39298.58624285,103500.93687328268
2022-03-14T00:00:00Z,37786.58363654,39963.76941974,37532.9836396,39677.88899782,109793.79883490197
2022-03-13T00:00:00Z,38815.44524263,39318.30834104,37582.61157968,37785.20535542,69841.67102263783
2022-03-12T00:00:00Z,38736.44114757,39481.00231904,38665.0763439,38808.68426045,51222.693526575196
2022-03-11T00:00:00Z,39433.71081375,40250.24924105,38235.75967081,38735.56370501,130219.15806126852
2022-03-10T00:00:00Z,41954.76330289,42056.28785832,38567.93800434,39437.08452482,165026.15330299857
2022-03-09T00:00:00Z,38748.57624072,42597.47603271,38661.06783515,41954.37910172,158754.71402840043
2022-03-08T00:00:00Z,37996.90321374,39379.36300725,37872.58890207,38739.76972091,126895.77635332893
2022-03-07T00:00:00Z,38416.19118094,39561.89327979,37162.07578354,38001.87026469,144441.40084354617
2022-03-06T00:00:00Z,39409.11913133,39704.58680511,38108.05696907,38418.57625729,87018.56691081036
2022-03-05T00:00:00Z,39156.36674948,39620.27870595,38518.52232326,39408.88987976,65524.03414161264
2022-03-04T00:00:00Z,42463.01406137,42537.64453724,38565.4877938,39159.17776676,151459.83697068391
2022-03-03T00:00:00Z,43915.50871853,44107.19695198,41834.96176047,42470.70294197,114438.6692087035
2022-03-02T00:00:00Z,44446.70190276,45378.71892902,41536.85744452,43909.7925171,131950.10881349933
2022-03-01T00:00:00Z,43181.45687602,44974.85898467,42835.98043414,44438.76510975,152964.0722635598
2022-02-28T00:00:00Z,37714.28905824,44242.60804736,37460.92597489,43185.32286758,181153.07859897974
2022-02-27T00:00:00Z,39137.35031791,39877.98547522,37012.23827554,37718.90468088,109529.96896438737
2022-02-26T00:00:00Z,39242.68423994,40342.77766732,38597.72976864,39109.77529934,67935.66721391772
2022-02-25T00:00:00Z,38357.08799184,39707.55409144,38036.90402512,39241.70523916,131175.26035605854
2022-02-24T00:00:00Z,37271.21308405,39850.19996781,34338.6714754,38362.19223422,295987.83389051585
2022-02-23T00:00:00Z,38268.18096425,39290.65681214,37072.71487341,37275.1117658,105160.87403165507
2022-02-22T00:00:00Z,37032.14107994,38455.26467008,36372.65991395,38252.61849968,132340.8349795906
2022-02-21T00:00:00Z,38403.94029595,39524.15168402,36820.02451058,37033.59587778,157095.4150265307
2022-02-20T00:00:00Z,40104.79469968,40144.83124285,38006.61796982,38395.46984456,81565.72389377578
2022-02-19T00:00:00Z,39997.76226641,40671.72953134,39657.95382171,40106.16390622,44733.98168396959
2022-02-18T00:00:00Z,40540.71244758,40989.06398681,39457.42807934,39986.38582394,107031.26508546996
2022-02-17T00:00:00Z,43897.66971113,44191.57219812,40093.22886551,40541.24526096,122253.7505434699
2022-02-16T00:00:00Z,44574.77288851,44582.69287701,43330.76411811,43898.7161364,70992.02474144418
2022-02-15T00:00:00Z,42559.58535001,44786.47954573,42444.12189277,44575.59712352,92352.5466466319
2022-02-14T00:00:00Z,42078.53127368,42863.46718606,41568.6057913,42555.88351714,86326.04193238736
2022-02-13T00:00:00Z,42244.03721177,42786.03105141,41891.48087429,42074.15822029,45352.172522799105
2022-02-12T00:00:00Z,42405.73275354,43082.30045732,41733.1079441,42244.63159175,63784.93803152527
2022-02-11T00:00:00Z,43533.1998406,43973.03625277,41976.72094896,42395.49230127,113828.53772475154
2022-02-10T00:00:00Z,44418.35518732,45872.25383556,43206.35559502,43527.45377286,149214.8168755736
2022-02-09T00:00:00Z,44083.63658349,44842.8072292,43152.14199732,44415.78356072,86134.0425391805
2022-02-08T00:00:00Z,43873.56631407,45484.47606224,42707.53785967,44081.87372464,150133.87540503082
2022-02-07T00:00:00Z,42412.20720704,44544.60829472,41672.02983036,43871.26933382,126446.6454153705
2022-02-06T00:00:00Z,41413.73537801,42707.30185402,41137.63047869,42409.90292747,52711.69774082994
2022-02-05T00:00:00Z,41596.76557434,41945.12656251,40936.38778849,41416.57890232,74341.77464330134
2022-02-04T00:00:00Z,37338.8127792,41778.58167942,37048.85028034,41595.73091821,154774.36782090986
2022-02-03T00:00:00Z,36922.3419164,37508.45423671,36263.40877522,37340.22021593,82458.25164399763
2022-02-02T00:00:00Z,38717.0283863,38883.44312255,36602.84672505,36918.64060611,90943.684058371
2022-02-01T00:00:00Z,38488.04540066,39320.94359592,38015.68623658,38717.20186884,89189.04084086459
2022-01-31T00:00:00Z,37904.34658207,38768.28238314,36647.14969247,38487.02591622,99158.60649942889
2022-01-30T00:00:00Z,38182.19139466,38390.03444294,37371.5052999,37909.69276568,52522.42345544896
2022-01-29T00:00:00Z,37730.67257567,38749.76129127,37303.69154351,38180.03679182,69815.76047318781
2022-01-28T00:00:00Z,37179.03549839,38016.71842926,36167.17871158,37739.3455869,108163.36452705541
2022-01-27T00:00:00Z,36835.28040007,37253.99430379,34733.05997135,37182.37278639,134374.42990148297
2022-01-26T00:00:00Z,36982.59214629,38931.65847939,36266.57540256,36833.64495514,182714.90241485139
2022-01-25T00:00:00Z,36677.99498318,37718.35655432,35706.84120692,36981.72452591,139732.5976202808
2022-01-24T00:00:00Z,36265.33128882,37718.3670554,32933.42865359,36685.47637467,272572.0569278612
2022-01-23T00:00:00Z,35084.55135317,36529.82831588,34615.41586469,36242.40303338,124582.33152051103
2022-01-22T00:00:00Z,36458.89027976,36845.95980439,34012.31064954,35078.59810909,240070.8048837614
2022-01-21T00:00:00Z,40677.32314873,41114.53155028,35442.46158158,36458.4083534,264476.35889146547
2022-01-20T00:00:00Z,41671.87632127,43530.9179235,40559.66406611,40682.79280748,107189.6338422383
2022-01-19T00:00:00Z,42367.60465271,42580.5631153,41146.95310007,41673.07835038,93682.80316738205
2022-01-18T00:00:00Z,42218.18871805,42700.30935342,41276.97299029,42366.69585491,78762.72319525835
2022-01-17T00:00:00Z,43091.22186576,43196.74354075,41516.3831187,42218.58338925,67541.86482800724
2022-01-16T00:00:00Z,43098.10592506,43493.31357164,42602.00725314,43093.54472171,47700.02194717015
2022-01-15T00:00:00Z,43082.97853931,43820.21073249,42576.3888127,43098.91299374,52180.82604187681
2022-01-14T00:00:00Z,42570.86945594,43470.27260893,41749.65432869,43082.71176208,84820.88911604349
2022-01-13T00:00:00Z,43920.4847334,44476.9263054,42314.61946158,42578.74466611,89713.97431843146
2022-01-12T00:00:00Z,42738.66285684,44345.31189151,42460.2907656,43920.4170728,95895.26952139102
2022-01-11T00:00:00Z,41825.09513469,43118.3000094,41273.05099512,42738.37273398,107304.9857399241
2022-01-10T00:00:00Z,41866.69917093,42251.45804943,39650.16228937,41825.76549137,146194.84265057073
2022-01-09T00:00:00Z,41682.33340375,42805.96138134,41207.31504634,41867.83473839,64420.654555737405
2022-01-08T00:00:00Z,41561.0330295,42309.30617198,40520.50123222,41684.14405185,98376.66312216451
2022-01-07T00:00:00Z,43080.67307041,43141.73438127,40588.02543846,41561.08581982,164796.51354424882
2022-01-06T00:00:00Z,43445.23585795,43794.97116065,42423.16119951,43079.91077387,107984.53634648114
2022-01-05T00:00:00Z,45825.24717839,47072.51015819,42482.86240755,43449.28599509,147134.68134996705
2022-01-04T00:00:00Z,46449.65114693,47551.87463734,45511.42114303,45823.67625179,96879.73434870408
2022-01-03T00:00:00Z,47296.38863414,47577.4098181,45695.97838611,46452.01632792,78255.76681214788
2022-01-02T00:00:00Z,47734.74546276,48001.07341842,46663.27707428,47299.99964571,52999.60728143686
2022-01-01T00:00:00Z,46193.7506677,47955.40337751,46189.36155359,47733.38548613,59881.08114723958
2021-12-31T00:00:00Z,47131.38416113,48576.07145557,45636.36326304,46197.56906155,106891.05637822783
2021-12-30T00:00:00Z,46469.16879914,47925.89818871,45920.55461686,47124.66493587,98788.25518079377
2021-12-29T00:00:00Z,47550.38620785,48148.30133212,46101.3119846,46468.44563023,109517.75844916089
2021-12-28T00:00:00Z,50721.13148104,50723.09413224,47312.02502057,47551.36707811,127118.09602932686
2021-12-27T00:00:00Z,50800.29530654,52118.27996256,50454.12577154,50717.51363784,77201.64292448104
2021-12-26T00:00:00Z,50427.97012186,51371.04064511,49440.42889978,50798.9830107,57936.35598568865
2021-12-25T00:00:00Z,50839.52980678,51179.61295299,50174.03006791,50429.64752971,51068.07343110914
2021-12-24T00:00:00Z,50850.61256592,51847.63922181,50405.84457324,50841.79579344,81308.81293838877
2021-12-23T00:00:00Z,48607.62366576,51387.19690572,47985.03721832,50847.34744383,96661.15910328877
2021-12-22T00:00:00Z,48912.26000358,49592.17013049,48448.11084765,48607.86613403,71311.34095522526
2021-12-21T00:00:00Z,46926.93445448,49341.63364636,46651.22701494,48912.84295042,101329.11844231939
2021-12-20T00:00:00Z,46697.17001002,47553.84257546,45575.74389737,46923.48845374,100342.11552531403
2021-12-19T00:00:00Z,46859.14368609,48338.47040575,46439.78637763,46695.17190407,81402.74576514614
2021-12-18T00:00:00Z,46153.20234008,47420.406256,45514.64846148,46861.46208176,72412.96945065893
2021-12-17T00:00:00Z,47642.9774208,48224.4052505,45480.9277014,46151.69306429,118218.32131613953
2021-12-16T00:00:00Z,48891.5275538,49463.16912985,47533.29590392,47641.89484659,84113.89864573226
2021-12-15T00:00:00Z,48362.95171974,49515.61015333,46525.76200074,48894.49120911,133256.20533213974
2021-12-14T00:00:00Z,46738.20838107,48704.72851628,46313.45169519,48337.18785993,112770.32823593752
2021-12-13T00:00:00Z,50091.69715381,50222.64526213,45709.97357339,46730.9344849,139707.61741044105
2021-12-12T00:00:00Z,49419.75507426,50813.24070741,48667.53902468,50096.32469021,73151.91003819344
2021-12-11T00:00:00Z,47167.81770378,49515.4326177,46795.42854594,49418.0241894,84499.22441203143
2021-12-10T00:00:00Z,47572.08006778,50160.35910764,46919.12182164,47171.48666291,129664.4417002491
2021-12-09T00:00:00Z,50518.9410625,50848.86432429,47358.29091857,47575.51636534,106891.94687974892
2021-12-08T00:00:00Z,50636.23643889,51242.18778449,48656.24162377,50518.99714914,98708.20911247961
2021-12-07T00:00:00Z,50508.42558208,51985.28903341,50080.35338209,50636.4854406,101544.85724381593
2021-12-06T00:00:00Z,49464.8615612,50976.32237045,47158.91097354,50504.72278977,161934.52195761623
2021-12-05T00:00:00Z,49218.84564719,49755.70551109,47808.16401454,49467.06901054,126762.59059014654
2021-12-04T00:00:00Z,53636.57037865,53884.48213987,41815.66964803,49228.15945889,315662.3158889616
2021-12-03T00:00:00Z,56524.88646413,57637.74103387,51524.3717457,53638.9349888,152024.7314119221
2021-12-02T00:00:00Z,57221.5267165,57421.619794,55822.56540167,56521.86666203,101937.05902075247
2021-12-01T00:00:00Z,56999.63805484,59103.87904655,56486.95964263,57223.74447771,112281.97783426203
2021-11-30T00:00:00Z,57827.44454452,59218.7518774,55917.09771418,56990.23195465,133219.66752557122
2021-11-29T00:00:00Z,57329.49850737,58913.32859252,56726.51776135,57819.75715108,101137.95688501702
2021-11-28T00:00:00Z,54755.04468393,57492.7351795,53339.57600173,57329.1583041,85219.56173725516
2021-11-27T00:00:00Z,53762.105746,55322.86889912,53649.33749202,54763.41541834,72849.65777820827
2021-11-26T00:00:00Z,58997.08193681,59196.21650761,53526.50152003,53772.85664244,174767.1498834325
2021-11-25T00:00:00Z,57159.7123441,59438.92734126,57029.73336278,58992.47628585,93579.18262383158
2021-11-24T00:00:00Z,57563.32767733,57760.00999567,55870.3392126,57157.66659695,100060.24443931598
2021-11-23T00:00:00Z,56284.08527533,57877.45467716,55359.28199885,57561.16731015,128103.9612052417
2021-11-22T00:00:00Z,58677.12058774,59517.00743864,55659.13450181,56285.09634124,136826.6519552211
2021-11-21T00:00:00Z,59753.40445114,60074.11633074,58546.70984721,58676.68643636,66843.37483140948
2021-11-20T00:00:00Z,58111.32573502,59896.32506458,57410.64720425,59753.81987191,74457.33566428257
2021-11-19T00:00:00Z,56921.06531065,58384.73488105,54919.10284228,58108.70262357,120904.59228878855
2021-11-18T00:00:00Z,60372.55515058,60980.41649089,56511.7244119,56913.15170127,164354.05960416497
2021-11-17T00:00:00Z,60093.6839165,62591.27250402,58375.09358672,60363.97800329,121649.25713782643
2021-11-16T00:00:00Z,63605.95958842,63613.65018185,58580.42186782,60090.51290703,201915.10694792162
2021-11-15T00:00:00Z,65506.91257767,66391.1586658,63373.53647415,63596.21975773,93330.80611854728
2021-11-14T00:00:00Z,64387.9571464,65528.30312559,63583.77899755,65508.45885626,63660.93840800984
2021-11-13T00:00:00Z,64134.15731129,64998.23549311,63373.86684309,64390.03031824,62039.27271043787
2021-11-12T00:00:00Z,64800.45502875,65471.27756297,62280.94089173,64134.24452573,112406.89526124006
2021-11-11T00:00:00Z,64890.51885946,65578.44437626,64109.47903745,64802.10928716,83064.99558656165
2021-11-10T00:00:00Z,66948.8583191,69012.75142081,62793.65358054,64901.67394947,155579.66840292508
2021-11-09T00:00:00Z,67548.95181352,68532.72917673,66231.47629573,66948.48145899,102892.11958082733
2021-11-08T00:00:00Z,63305.22115156,67761.82565366,63304.98574894,67551.34164043,132459.3810262218
2021-11-07T00:00:00Z,61518.24268723,63326.39092896,61338.97955368,63311.0736258,60638.66945938251
2021-11-06T00:00:00Z,61004.86341173,61607.85028372,60098.72383464,61527.14436223,67887.80903901176
2021-11-05T00:00:00Z,61434.51925903,62634.10554668,60773.17696198,60996.32576758,82854.3141485059
2021-11-04T00:00:00Z,62931.18296693,63117.74295832,60708.82019457,61436.62269684,85268.5785697174
2021-11-03T00:00:00Z,63265.40152496,63554.43359617,60193.25525679,62928.88396773,103915.8213716472
2021-11-02T00:00:00Z,60943.56276768,64311.20969501,60662.27327435,63264.8846138,107613.41283647888
2021-11-01T00:00:00Z,61344.56004426,62481.19556843,59415.22349693,60944.41563593,107429.58929751505
2021-10-31T00:00:00Z,61886.86126539,62424.36359574,59977.16786262,61338.85781286,86464.4602568134
2021-10-30T00:00:00Z,62254.09673438,62367.86109523,60698.76014654,61887.37940025,71609.33154196151
2021-10-29T00:00:00Z,60596.71092865,62983.06111406,60182.59280685,62250.6262354,109157.71624445621
2021-10-28T00:00:00Z,58451.91247082,62497.81437094,57156.61585068,60599.26972548,156544.54153335563
2021-10-27T00:00:00Z,60323.58177788,61495.39648131,57979.50407489,58453.23742175,145512.70880458847
2021-10-26T00:00:00Z,63083.3956903,63289.12631366,59810.05509813,60323.65580547,98137.84588722423
2021-10-25T00:00:00Z,60840.46161396,63708.13351448,60641.40514276,63080.7500896,84543.14964806264
2021-10-24T00:00:00Z,61295.96154926,61495.877568,59521.94152076,60857.67119746,82949.94108431472
2021-10-23T00:00:00Z,60682.42542732,61741.48279949,59626.6424681,61293.28195718,67275.70615497354
2021-10-22T00:00:00Z,62200.54682534,63739.58369076,59992.61219398,60681.61133857,129433.90145026628
2021-10-21T00:00:00Z,66019.92659421,66655.39597571,54510.4876756,62207.2985563,181419.09821522995
2021-10-20T00:00:00Z,64293.49902405,67011.45613865,63501.29955518,66020.85516004,138177.06915619242
2021-10-19T00:00:00Z,62017.84693594,64482.6954939,61319.7885705,64290.64456591,145175.66936159984
2021-10-18T00:00:00Z,61527.35004629,62693.46018929,59862.34162736,62019.15895201,137405.16224637363
2021-10-17T00:00:00Z,60876.25765404,61713.37254738,58943.27555897,61528.44436627,92854.78354875388
2021-10-16T00:00:00Z,61666.59199314,62355.2774119,60140.64467899,60877.41098941,87918.42489998214
2021-10-15T00:00:00Z,57357.10129606,62909.68050179,56868.52281138,61671.39580308,206766.2232079371
2021-10-14T00:00:00Z,57378.15248462,58532.75713031,56816.98390109,57356.7322711,113849.9474133623
2021-10-13T00:00:00Z,55999.55767458,57779.72465143,54213.86629796,57373.51598296,133257.61706849938
2021-10-12T00:00:00Z,57483.10020074,57690.79572959,53861.58347352,56000.48177539,143767.8507566398
2021-10-11T00:00:00Z,54684.26137356,57839.44280497,54436.19264516,57490.25965714,120506.55974428306
2021-10-10T00:00:00Z,54963.856712,56540.57523436,54104.98351915,54686.23223828,152723.9503859076
2021-10-09T00:00:00Z,53967.84895181,55497.21367633,53670.73109404,54968.99311162,104939.67666224508
2021-10-08T00:00:00Z,53804.63595729,56108.10312095,53636.47829885,53960.50369132,116495.38537276896
2021-10-07T00:00:00Z,55339.25783016,55355.37427627,53383.4397495,53808.18564691,126311.50559964981
2021-10-06T00:00:00Z,51498.45458176,55772.58357739,50406.45884777,55338.94550412,211038.02978878206
2021-10-05T00:00:00Z,49242.6533151,51906.91453621,49045.71185121,51492.08878234,125602.47103075049
2021-10-04T00:00:00Z,48226.29125009,49529.13047891,46939.97104599,49243.74046482,117715.92485637506
2021-10-03T00:00:00Z,47654.17209338,49256.09538461,47115.76890169,48227.06059038,78841.50857319093
2021-10-02T00:00:00Z,48166.01151836,48368.63190735,47447.11412532,47661.03776434,75623.28112095103
2021-10-01T00:00:00Z,43823.24264734,48497.76491536,43289.14492903,48168.24756506,178092.0437665286
2021-09-30T00:00:00Z,41526.46075733,44123.85745214,41409.76462413,43826.42812907,121501.80299911497
2021-09-29T00:00:00Z,41027.41395995,42595.39894227,40764.1428757,41529.97798248,96799.68161062084
2021-09-28T00:00:00Z,42162.40779179,42793.355397,40893.8396428,41031.85888468,114261.54107449889
2021-09-27T00:00:00Z,43184.6552754,44373.53716562,42108.2517254,42165.5976098,103446.41739844494
2021-09-26T00:00:00Z,42669.83288537,43967.91364454,40763.44694718,43190.85553767,119416.88633363182
2021-09-25T00:00:00Z,42842.70658658,42996.78190342,41684.31918513,42698.03490001,93797.11895692846
2021-09-24T00:00:00Z,44889.20716373,45202.9731705,40699.16815096,42846.1876039,230354.66957486563
2021-09-23T00:00:00Z,43566.36211263,45004.08856739,43091.01712581,44888.78870506,123191.6353705077
2021-09-22T00:00:00Z,40737.08890073,44023.24454054,40564.57857245,43566.71684947,151342.35992050247
2021-09-21T00:00:00Z,43009.27047845,43635.98100738,39629.25679784,40733.85245611,233021.71214261625
2021-09-20T00:00:00Z,47252.72283637,47351.20636191,42501.38688575,43012.15849539,217720.3462214529
2021-09-19T00:00:00Z,48306.71525948,48383.17640828,46838.24008401,47248.77861307,71224.8294500718
2021-09-18T00:00:00Z,47302.75750468,48826.14114733,47043.10361912,48306.88096248,81538.47148081606
2021-09-17T00:00:00Z,47754.29553486,48170.41268872,46744.28963418,47302.71434134,79694.27274446274
2021-09-16T00:00:00Z,48144.42734441,48541.62595515,47038.46246616,47756.60419097,97528.12157805733
2021-09-15T00:00:00Z,47125.09785922,48494.07822633,46703.92666913,48147.32023776,101826.1736588946
2021-09-14T00:00:00Z,44958.24356437,47266.91903123,44647.2071154,47130.58425215,108101.0827098116
2021-09-13T00:00:00Z,46030.77385162,46888.95534951,43406.1777122,44947.87282999,168318.93342230687
2021-09-12T00:00:00Z,45182.28528411,46470.55720339,44753.19505836,46026.49409415,72904.36456441341
2021-09-11T00:00:00Z,44847.66510331,45993.32406229,44723.92911084,45174.7863024,84664.05681572139
2021-09-10T00:00:00Z,46401.52786104,47043.35255534,44138.08610611,44852.41074291,135103.07842867047
2021-09-09T00:00:00Z,46059.23921301,47402.75381772,45516.3281797,46401.32355969,114267.59319373421
2021-09-08T00:00:00Z,46880.76266631,47355.14048989,44424.85488815,46058.48080671,165795.15050448684
2021-09-07T00:00:00Z,52689.42469153,52930.93316877,41441.18735658,46883.55166756,263699.7398543243
2021-09-06T00:00:00Z,51785.94744883,52792.83970345,51032.59590317,52687.23876055,107897.02025285602
2021-09-05T00:00:00Z,49919.56730798,51909.46499647,49448.04011404,51791.0191414,93827.77454732807
2021-09-04T00:00:00Z,50009.19535829,50548.88568504,49391.86631373,49936.87289595,84580.19776809872
2021-09-03T00:00:00Z,49269.46803572,51053.09340689,48330.94702726,50008.9796449,151979.12141127395
2021-09-02T00:00:00Z,48840.15895057,50434.0785114,48608.80775172,49280.69353973,129060.72891444025
2021-09-01T00:00:00Z,47120.43614305,49156.51172537,46546.67413979,48833.79307602,117346.44462394256
2021-08-31T00:00:00Z,46995.26395671,48256.62321389,46692.14973692,47116.49406932,110176.79958482405
2021-08-30T00:00:00Z,48799.46327739,48914.63944152,46874.10203671,47002.94516591,99148.57674947598
2021-08-29T00:00:00Z,48885.6229805,49664.42905142,47780.81065067,48799.71581164,82099.4215752044
2021-08-28T00:00:00Z,49095.02063544,49316.93847742,48360.17817242,48926.53902634,68001.51321593192
2021-08-27T00:00:00Z,46851.37562836,49176.3471357,46353.51204895,49082.57387231,112365.90529511287
2021-08-26T00:00:00Z,48972.2880396,49364.52207178,46283.2461262,46851.8253018,118419.5980033134
2021-08-25T00:00:00Z,47680.38578653,49257.58649702,47122.77991326,48988.08090452,101655.30525605723
2021-08-24T00:00:00Z,49503.86542053,49872.0931167,47589.91620781,47685.77617894,114510.6897109213
2021-08-23T00:00:00Z,49281.23160575,50528.51706115,49041.61424014,49505.66529773,119806.75408894404
2021-08-22T00:00:00Z,48860.19220231,49529.41112309,48070.20345332,49276.68428497,81828.84473279965
2021-08-21T00:00:00Z,49346.27660557,49807.07424722,48260.62081107,48859.65345778,110224.88291310509
2021-08-20T00:00:00Z,46759.53535738,49400.39273298,46636.8355384,49346.44457902,125833.17412708033
2021-08-19T00:00:00Z,44713.998468,47069.50523912,43951.45435635,46762.61676409,134366.8325557627
2021-08-18T00:00:00Z,44691.8027865,46023.35040485,44223.48491797,44716.52412302,122577.62376796988
2021-08-17T00:00:00Z,45913.10522438,47175.39032166,44391.05187809,44689.40079764,127364.41049473867
2021-08-16T00:00:00Z,47012.23650781,48082.39736741,45674.69215336,45913.17539536,116881.99434738791
2021-08-15T00:00:00Z,47104.74784984,47405.59233169,45511.9678541,47011.27624819,97800.78747548559
2021-08-14T00:00:00Z,47821.34573133,48171.21940534,46009.94754355,47102.09872292,106120.38108411312
2021-08-13T00:00:00Z,44417.67280297,47921.45007215,44239.65840339,47825.88504989,111668.9784280287
2021-08-12T00:00:00Z,45537.22536637,46221.79158394,43783.05748507,44418.38820765,136042.57983803473
2021-08-11T00:00:00Z,45597.3340672,46764.5334236,44800.5703789,45526.9047273,130597.91848141601
2021-08-10T00:00:00Z,46273.72632195,46721.50308845,44627.08690936,45591.0886988,142603.87355970277
2021-08-09T00:00:00Z,43808.72246877,46485.97504705,42803.03716975,46276.78637126,193123.9830534111
2021-08-08T00:00:00Z,44613.78508127,45312.62419357,43278.2164181,43812.25278095,174591.0785528289
2021-08-07T00:00:00Z,42855.79894942,44733.37764403,42448.17386617,44597.96418126,205968.010571641
2021-08-06T00:00:00Z,40886.54291099,43406.07359066,39867.64270581,42857.91556615,187969.74876180646
2021-08-05T00:00:00Z,39722.34999983,41399.38952874,37295.57276409,40880.18376945,203223.87629846687
2021-08-04T00:00:00Z,38199.9161242,39966.7404884,37485.93350292,39725.50423347,128272.11328839655
2021-08-03T00:00:00Z,39156.5718403,39790.56321822,37629.88522081,38201.37886222,145311.8204889896
2021-08-02T00:00:00Z,39866.10156858,40475.56824974,38698.04449161,39156.2674481,127389.65810097332
2021-08-01T00:00:00Z,41481.3408346,42574.94540443,39436.78538904,39862.54677775,137131.67246069413
2021-07-31T00:00:00Z,42222.21586926,42435.27850388,41053.83957852,41483.90911234,121364.90347204565
2021-07-30T00:00:00Z,40029.27029409,42321.92587797,38334.34170119,42219.28810678,181794.79118058304
2021-07-29T00:00:00Z,40028.00324591,40649.56693159,39232.67779943,40031.33020947,120746.97691714608
2021-07-28T00:00:00Z,39475.39730743,40915.88401247,38790.92059216,40028.79669702,224299.74393184963
2021-07-27T00:00:00Z,37237.98599942,39552.06047819,36401.32222547,39476.09456284,198823.98826299232
2021-07-26T00:00:00Z,35408.71405896,40566.31083314,35235.70623807,37238.31372538,354986.09575180616
2021-07-25T00:00:00Z,34284.32745308,35432.58835475,33871.50267599,35409.81382902,100031.77978375871
2021-07-24T00:00:00Z,33648.59635717,34531.16777161,33416.89048147,34280.67795105,111524.12758929125
2021-07-23T00:00:00Z,32297.06841117,33658.20173963,31958.74961076,33647.55869638,127560.05286323234
2021-07-22T00:00:00Z,32140.01334209,32601.51151035,31718.51667527,32298.18967876,94805.41037146265
2021-07-21T00:00:00Z,29803.38249592,32838.71679478,29505.42997271,32141.36052026,181132.61941973076
2021-07-20T00:00:00Z,30841.19408169,31067.89151002,29286.45821359,29807.99777804,144343.7832614684
2021-07-19T00:00:00Z,31803.72796264,31903.9532221,30427.60675225,30844.31184221,119056.93025012511
2021-07-18T00:00:00Z,31540.95465899,32445.75260699,31112.92701435,31805.68424178,90633.03731075137
2021-07-17T00:00:00Z,31409.05837738,31980.86648245,31185.18572482,31544.07716741,94844.63572523504
2021-07-16T00:00:00Z,31874.7843252,32255.58013435,31030.6758684,31410.7763672,133139.4240087716
2021-07-15T00:00:00Z,32820.59953197,33189.44672175,31113.2138157,31881.52315321,117721.17158707276
2021-07-14T00:00:00Z,32730.52093182,33117.24207633,31571.19618953,32819.55707158,110656.06464387444
2021-07-13T00:00:00Z,33078.58108101,33337.06294771,32198.91673939,32729.95108815,96796.09382625182
2021-07-12T00:00:00Z,34258.42369814,34673.81266948,32630.25951724,33082.39377616,121908.0896932136
2021-07-11T00:00:00Z,33504.79345008,34615.10824919,33310.83093668,34255.47770938,74574.23506131244
2021-07-10T00:00:00Z,33800.3255666,34251.44527531,33021.33588028,33509.54010578,92317.17965110023
2021-07-09T00:00:00Z,32870.09251219,34095.53986577,32266.14119346,33794.54273258,118564.12405053161
2021-07-08T00:00:00Z,33873.06981154,33938.90316014,32075.00375689,32874.8699517,173019.45356872206
2021-07-07T00:00:00Z,34228.80041565,35075.53065006,33785.06232908,33871.13029432,111855.31482724364
2021-07-06T00:00:00Z,33692.70760431,35139.79820024,33526.29740565,34230.57626016,132504.3215029428
2021-07-05T00:00:00Z,35286.63629538,35294.75451718,33129.2689327,33691.06693511,138576.20019209804
2021-07-04T00:00:00Z,34678.37002199,35963.88241147,34364.74063081,35285.47457963,91623.23439236115
2021-07-03T00:00:00Z,33799.28355264,34962.35913685,33321.69718591,34677.03796457,107139.08240261121
2021-07-02T00:00:00Z,33509.85125981,33979.86929874,32697.58089026,33796.13251005,130425.12450298836
2021-07-01T00:00:00Z,35055.03011975,35066.75678019,32708.97873555,33512.32873125,160841.83763290098
2021-06-30T00:00:00Z,35912.39664143,36104.8716496,34012.90806665,35052.13646323,163364.85339447693
2021-06-29T00:00:00Z,34500.54270144,36634.22657752,34236.29021381,35913.38894132,187868.8866443532
2021-06-28T00:00:00Z,34716.21890572,35305.33970409,33872.93904553,34502.74972794,174985.34906156547
2021-06-27T00:00:00Z,32329.81649728,34763.38835017,31995.15681898,34719.08911643,219598.35736795884
2021-06-26T00:00:00Z,31580.7891761,32718.59860635,30160.09778758,32282.40222297,251101.9364312628
2021-06-25T00:00:00Z,34659.20301558,35499.34773329,31278.52779002,31580.87933654,293819.3128813945
2021-06-24T00:00:00Z,33680.0030548,35301.05923739,32302.17468363,34657.70950885,186082.09032267472
2021-06-23T00:00:00Z,32497.89232259,34860.70231641,31732.97708452,33684.06796481,264382.37816317816
2021-06-22T00:00:00Z,31642.75750593,33338.49474143,28925.95479761,32522.60328404,461375.78257494955
2021-06-21T00:00:00Z,35595.96027782,35779.78224387,31262.08998306,31622.09491683,403194.3023989192
2021-06-20T00:00:00Z,35501.17701043,36172.01151273,33362.56737303,35600.5476094,209869.8857036213
2021-06-19T00:00:00Z,35834.32971579,36467.99544181,34835.36304624,35484.13540726,168965.61113250995
2021-06-18T00:00:00Z,38093.81572711,38202.52045024,33527.33011513,35831.33208938,215884.11167536094
2021-06-17T00:00:00Z,38345.07692714,39557.55187178,37360.30449038,38091.71877764,178089.836651003
2021-06-16T00:00:00Z,40139.33155759,40513.44187157,38108.40526264,38342.50354944,191805.32620891495
2021-06-15T00:00:00Z,40526.72960996,41325.34937687,39496.13354333,40154.83978816,182026.73680665763
2021-06-14T00:00:00Z,39013.44998438,41054.4315041,38737.70892361,40526.33622758,234239.12254216406
2021-06-13T00:00:00Z,35556.16000791,39387.73593963,34726.88569684,39020.66039066,190888.07878230387
2021-06-12T00:00:00Z,37332.56790868,37462.28688741,34620.19646379,35556.08739089,194292.7013213237
2021-06-11T00:00:00Z,36687.39217009,37682.47980156,35946.31054355,37333.14302732,173698.64048282942
2021-06-10T00:00:00Z,37403.41655421,38460.2849575,35810.10674694,36691.10283951,229716.75991171165
2021-06-09T00:00:00Z,33408.74227369,37551.35213058,32426.13122544,37396.38095374,311683.8028299213
2021-06-08T00:00:00Z,33570.51770019,34075.4688662,31017.38480992,33407.52774275,283314.72193757613
2021-06-07T00:00:00Z,35807.06176993,36844.55888578,33298.5680872,33568.74470184,182932.675394313
2021-06-06T00:00:00Z,35531.36169818,36488.51609945,35239.22188821,35804.25646521,110572.33900122029
2021-06-05T00:00:00Z,36852.94084427,37926.89959068,34813.98583508,35528.53777123,166169.8239813284
2021-06-04T00:00:00Z,39248.03835031,39289.40451434,35575.46775278,36849.04338576,193405.94960969087
2021-06-03T00:00:00Z,37572.91923197,39481.25435115,37171.84687381,39241.27822958,153377.52795180454
2021-06-02T00:00:00Z,36685.43676506,38236.8660604,35919.3335957,37570.82253379,148987.78490855588
2021-06-01T00:00:00Z,37269.29047005,37910.36532017,35666.36549643,36684.73185582,179623.77946370846
2021-05-31T00:00:00Z,35628.78266226,37517.20878434,34166.83809175,37268.96523429,208729.29844416783
2021-05-30T00:00:00Z,34591.56672904,36462.5617581,33397.3213154,35636.37914577,159061.61897923265
2021-05-29T00:00:00Z,35679.39518423,37346.39784037,33641.51499503,34603.47971351,245133.52030940098
2021-05-28T00:00:00Z,38552.98784154,38902.6191008,34697.70976421,35676.29998357,303176.6573703679
2021-05-27T00:00:00Z,39289.48581189,40455.04140483,37186.71726626,38564.78894591,194182.01356745124
2021-05-26T00:00:00Z,38369.3249566,40899.05571796,37841.39081767,39270.52847432,236269.89830150784
2021-05-25T00:00:00Z,38851.20812772,39847.45496584,36462.79456055,38368.52419377,249734.03459395457
2021-05-24T00:00:00Z,34739.18768404,39972.5659786,34280.56902088,38838.79706692,364774.61788806174
2021-05-23T00:00:00Z,37498.01656691,38323.04773555,31138.53080701,34724.79807916,517484.3020555515
2021-05-22T00:00:00Z,37342.0973575,40045.24715876,35269.02867069,37521.2086669,296206.36600595556
2021-05-21T00:00:00Z,40598.46982116,42310.07327187,33525.04491524,37328.7226202,522100.5445912978
2021-05-20T00:00:00Z,36747.2223838,42464.77166275,34937.59844577,40596.05101609,490816.27635204827
2021-05-19T00:00:00Z,42882.20197005,43605.37047755,29337.91521523,36736.80100541,945649.9010594849
2021-05-18T00:00:00Z,43555.11599201,45813.90800154,42288.87515617,42877.79171601,260458.72130970925
2021-05-17T00:00:00Z,46529.68962627,46749.82238795,42060.36409624,43549.8321012,401909.71945171384
2021-05-16T00:00:00Z,46788.51618468,49827.06554952,43877.21815912,46473.59156314,268953.1193595528
2021-05-15T00:00:00Z,49901.98648818,50760.19014192,46585.26222183,46807.68052714,199438.93252177502
2021-05-14T00:00:00Z,49693.14658666,51548.49840365,48867.12213023,49892.49484754,173512.9983315367
2021-05-13T00:00:00Z,49542.25140638,51388.11231875,45767.2298104,49697.63023545,403053.3081001288
2021-05-12T00:00:00Z,56705.72719898,58062.80220973,48534.34576113,49527.52321549,242988.7462314784
2021-05-11T00:00:00Z,55861.84007116,57014.26676654,54290.81071338,56733.46530384,149430.9203179758
2021-05-10T00:00:00Z,58295.09759228,59584.45204979,53631.16464535,55856.56690017,211794.65654275057
2021-05-09T00:00:00Z,58944.39928449,59261.68240849,56229.73444352,58299.00263583,159956.84163349072
2021-05-08T00:00:00Z,57357.35525308,59532.21812331,56950.55235885,58940.49959141,159682.1827204058
2021-05-07T00:00:00Z,56431.41773156,58702.14361357,55269.86687172,57361.44578055,158240.23472902214
2021-05-06T00:00:00Z,57495.73774629,58390.90677829,55259.09095261,56433.14227659,160497.53362845446
2021-05-05T00:00:00Z,53243.05424882,58030.86295559,52930.39685868,57500.62827611,177290.59859588178
2021-05-04T00:00:00Z,57190.19446856,57224.65576499,53084.26619643,53235.56658293,198327.4096774845
2021-05-03T00:00:00Z,56599.07913285,58995.51717697,56466.49460719,57187.21017015,129641.92398217054
2021-05-02T00:00:00Z,57828.1185349,57956.04626218,56049.43859714,56611.85633245,81816.49761980704
2021-05-01T00:00:00Z,57748.57303928,58475.56617611,57042.88889174,57831.56095997,99718.33269841087
2021-04-30T00:00:00Z,53580.3512773,58003.04329856,53045.59543686,57733.90397608,147942.7428474619
2021-04-29T00:00:00Z,54886.90619252,55241.18254903,52348.96420455,53575.77245181,125945.0949107405
2021-04-28T00:00:00Z,55066.64814769,56487.24008395,53868.36998609,54883.34387895,124292.07197468563
2021-04-27T00:00:00Z,54050.11441134,55488.31655459,53282.02307191,55053.37855515,119931.2572021697
2021-04-26T00:00:00Z,49124.78034034,54417.80358594,48807.90338567,54045.01236284,193420.92821136155
2021-04-25T00:00:00Z,50081.27088803,55233.47459007,47034.6778912,49116.68110544,140838.88077130858
2021-04-24T00:00:00Z,51148.5404829,51205.54071265,48760.52948935,50082.00269637,133401.3696576816
2021-04-23T00:00:00Z,51705.51095829,52145.78141456,47486.05602875,51161.45727634,319218.23069747444
2021-04-22T00:00:00Z,53803.16673885,55585.32913644,50388.40287819,51702.29636547,262750.7871956839
2021-04-21T00:00:00Z,56471.81495154,56799.80151224,53605.26719174,53797.0682486,144526.90114466942
2021-04-20T00:00:00Z,55681.13370935,57110.33492814,53388.79507153,56476.61753038,174187.52446552218
2021-04-19T00:00:00Z,56225.95937677,57597.25935533,54248.48244566,55672.0101582,167541.4469342393
2021-04-18T00:00:00Z,60021.00439523,60443.10254607,50952.08449377,56237.1123213,349571.3311748045
2021-04-17T00:00:00Z,61401.79091489,62564.89305672,59636.36488406,60046.18288388,122721.53157199445
2021-04-16T00:00:00Z,63215.37594124,63579.89353871,60025.74144015,61407.49419401,195920.78588818625
2021-04-15T00:00:00Z,62924.41597695,63833.00208321,62016.75426879,63220.43880178,106405.02197590363
2021-04-14T00:00:00Z,63555.9440361,64894.66831571,61282.62855087,62946.33843353,181875.85710729458
2021-04-13T00:00:00Z,59853.37434559,63707.53826458,59781.32826205,63572.7211468,168279.7514589373
2021-04-12T00:00:00Z,59985.49834947,61285.23396782,59368.3069995,59865.53311148,114069.11450660962
2021-04-11T00:00:00Z,59790.37478488,60691.40857795,59226.70832959,59994.79087954,81369.43661889863
2021-04-10T00:00:00Z,58130.36735687,61356.34700075,57873.48623157,59802.43205019,145510.5686311544
2021-04-09T00:00:00Z,58078.63394195,58899.06654187,57655.6016076,58113.92849521,84483.46483385738
2021-04-08T00:00:00Z,55945.57766776,58154.73231966,55692.77337038,58083.68046258,89416.9125474404
2021-04-07T00:00:00Z,58001.80235978,58646.27315478,55453.1005061,55942.97699806,160911.84782177387
2021-04-06T00:00:00Z,59135.20263057,59489.70973267,57388.00389125,58005.32951245,109538.74189867439
2021-04-05T00:00:00Z,58219.61371758,59289.28356969,56800.73717477,59132.94872939,105954.2762308583
2021-04-04T00:00:00Z,57055.87426212,58518.22645131,56429.56374187,58218.10832344,80673.31372475208
2021-04-03T00:00:00Z,58964.81509152,59792.80469046,56898.45163286,57062.95227234,115742.13653903964
2021-04-02T00:00:00Z,58717.13520586,60158.03801369,58420.54069294,58969.85730017,103832.17013963542
2021-04-01T00:00:00Z,58766.74317122,59492.08579801,57932.17057706,58714.45167906,103071.195165561
2021-03-31T00:00:00Z,58814.16191534,59855.609623,56835.2662538,58775.82530779,140945.13320023692
2021-03-30T00:00:00Z,57644.1343368,59459.54102196,57049.8384681,58798.88102342,121490.56841364426
2021-03-29T00:00:00Z,55784.95115258,58470.43044169,54890.42456119,57634.13929391,149438.6346650459
2021-03-28T00:00:00Z,55839.79926477,56588.08013909,54723.2623926,55773.30369527,90281.85566515708
2021-03-27T00:00:00Z,55031.97850396,56703.80116805,53964.39227914,55835.99029822,109737.73117083838
2021-03-26T00:00:00Z,51325.84704608,55091.11941159,51248.79736684,55027.71753339,151283.72563369107
2021-03-25T00:00:00Z,52301.80401138,53214.49574866,50389.34551689,51318.78912772,205389.27336822785
2021-03-24T00:00:00Z,54343.11811214,57199.6331534,51647.64069251,52310.29114501,196875.84108925884
2021-03-23T00:00:00Z,54092.16640478,55849.14592201,52937.69895511,54342.99155572,135865.90314712824
2021-03-22T00:00:00Z,57366.50644885,58458.58328229,53694.7016343,54093.03813742,148667.0391172495
2021-03-21T00:00:00Z,58090.7437804,58731.03556446,55431.11879415,57359.72506885,118638.12541964283
2021-03-20T00:00:00Z,58036.11389759,59949.77270822,57816.40825247,58082.93756754,115245.0387278074
2021-03-19T00:00:00Z,57634.16889663,59469.86030101,56255.85559129,58037.92585048,118535.76383314634
2021-03-18T00:00:00Z,58885.8934223,60120.27055339,56998.06072634,57638.32478557,147854.8796033214
2021-03-17T00:00:00Z,56906.23916471,59000.32989933,54086.32334183,58896.71184141,164190.24138955993
2021-03-16T00:00:00Z,55635.75605941,56935.78026715,53274.02230199,56905.33765478,177703.99679946067
2021-03-15T00:00:00Z,58972.03886838,60598.64246174,54565.9823632,55633.40301249,233163.1704804755
2021-03-14T00:00:00Z,61183.06660073,61695.16253956,58961.29198252,58975.61283143,111856.8532190523
2021-03-13T00:00:00Z,57236.87966321,61794.96196226,56090.08371376,61173.38812262,185557.0637596031
2021-03-12T00:00:00Z,57828.69262402,58102.62150938,55061.91345547,57236.88253261,170256.07620279898
2021-03-11T00:00:00Z,55879.44709453,58204.99366671,54274.24630102,57826.77342636,179402.7124931716
2021-03-10T00:00:00Z,54915.82928839,57429.72056867,53083.07184917,55879.94656207,194065.6179375784
2021-03-09T00:00:00Z,52396.3937893,54941.91188705,51883.12389869,54929.13230281,160275.3715271809
2021-03-08T00:00:00Z,50969.31460589,52424.77084991,49302.71932095,52401.48605904,151806.41761056473
2021-03-07T00:00:00Z,48895.51991913,51464.92924705,48891.01923983,50989.99301941,122880.42772647427
2021-03-06T00:00:00Z,48787.73781061,49203.24260051,47074.0644404,48886.27388777,101853.0075680233
2021-03-05T00:00:00Z,48366.82375297,49471.96234226,46301.59743911,48772.10329206,181470.6328263448
2021-03-04T00:00:00Z,50392.83368262,51808.99461687,47519.01789252,48364.70817058,187098.0769653786
2021-03-03T00:00:00Z,48479.16736255,52649.48319394,48161.46732485,50386.52953588,176366.81462718875
2021-03-02T00:00:00Z,49609.07243308,50191.09205787,47088.34500193,48485.40352342,149979.60694012596
2021-03-01T00:00:00Z,45242.63808372,49805.26313747,45027.95407133,49615.25359142,195531.92507636602
2021-02-28T00:00:00Z,46168.41765386,46680.92616116,43034.19395737,45241.69672813,196920.16329430277
2021-02-27T00:00:00Z,46295.77657549,48368.2376953,45055.78331573,46178.94427895,138227.92384648757
2021-02-26T00:00:00Z,47108.58009038,48443.8875201,44079.74070962,46295.80244533,265936.63356646226
2021-02-25T00:00:00Z,49718.66329222,52098.78238085,46693.93389441,47099.83209668,194204.80935732168
2021-02-24T00:00:00Z,48897.05458428,51411.79633848,46978.81212293,49710.79717298,215066.00102591392
2021-02-23T00:00:00Z,54092.2263285,54187.43398166,44890.59264709,48896.93102779,452625.1326417965
2021-02-22T00:00:00Z,57416.03775633,57551.03599844,47564.93597513,54103.34766703,331433.0426514923
2021-02-21T00:00:00Z,55831.7838757,58353.72059683,55437.23821695,57462.4598896,118779.02511524818
2021-02-20T00:00:00Z,55925.32605119,57625.69078398,53905.04817091,55854.14776291,184365.0145867742
2021-02-19T00:00:00Z,51562.0477321,56368.7808357,50699.08994475,55920.76623805,173813.11807660435
2021-02-18T00:00:00Z,52125.75301318,52548.77467837,50880.66249326,51568.2205876,129744.26573128629
2021-02-17T00:00:00Z,49150.97567628,52684.42728619,48947.03834122,52144.07483779,187674.0459690017
2021-02-16T00:00:00Z,47923.32881564,50603.28070609,46806.55029305,49153.05955255,194285.88342765928
2021-02-15T00:00:00Z,48633.47949439,49045.19003144,45675.37109549,47922.26894699,167081.9093288943
2021-02-14T00:00:00Z,47209.04808604,49725.4778876,47059.33707165,48633.49195267,143987.38591371986
2021-02-13T00:00:00Z,47390.09381656,48210.45175579,46221.63083711,47212.65838823,123718.03359573855
2021-02-12T00:00:00Z,47987.08035436,48979.74819829,46171.49689903,47374.64641352,175416.63433160225
2021-02-11T00:00:00Z,44843.19847117,48696.69514727,44001.85322664,48000.2067984,192818.3724168454
2021-02-10T00:00:00Z,46488.32133011,47353.74455346,43738.0671934,44843.1510921,207507.35402708102
2021-02-09T00:00:00Z,46444.59699118,48241.09396331,45024.13126723,46489.24613679,252973.1216455152
2021-02-08T00:00:00Z,38863.40538015,46789.78106594,37994.0585341,46431.30057205,333588.7896497369
2021-02-07T00:00:00Z,39235.27268072,39743.35501475,37372.53677745,38848.87084052,179676.5975246508
2021-02-06T00:00:00Z,38306.71672884,41019.40328743,38228.84704756,39236.05860702,212377.55596612606
2021-02-05T00:00:00Z,36968.15360253,38353.09472793,36597.84779498,38308.4917701,148807.11507323617
2021-02-04T00:00:00Z,37654.47644699,38756.37674777,36174.78312204,36973.34017496,212642.95297642009
2021-02-03T00:00:00Z,35530.75322839,37697.71113205,35422.36804155,37656.51089221,182232.93512805345
2021-02-02T00:00:00Z,33532.76371095,36020.82357972,33456.86038668,35527.99645394,168713.27182236468
2021-02-01T00:00:00Z,33124.00740268,34730.57848234,32319.88391702,33550.58238892,176249.15486387763
2021-01-31T00:00:00Z,34310.37197268,34385.81000333,32196.4485832,33122.72705758,143731.04995489735
2021-01-30T00:00:00Z,34265.80657487,34930.61747955,32832.86869837,34309.36151811,192644.1693033528
2021-01-29T00:00:00Z,33421.58610217,38672.68383489,31975.93528156,34266.73982704,544266.3470368333
2021-01-28T00:00:00Z,30421.92540838,33870.54762336,29891.74506349,33431.72792473,223707.37280664864
2021-01-27T00:00:00Z,32501.19519221,32589.24008055,29242.78028503,30417.60193731,261338.6450439066
2021-01-26T00:00:00Z,32247.96135309,32958.23604796,30862.3055614,32505.44381346,197009.77044032648
2021-01-25T00:00:00Z,32305.43086564,34904.61463025,31921.02408859,32258.02030459,205282.70560013253
2021-01-24T00:00:00Z,32101.18078029,33103.75911956,30945.81106821,32305.5110161,131315.07699024485
2021-01-23T00:00:00Z,32997.16392235,33498.5402661,31413.06080286,32104.91687799,144878.00016001795
2021-01-22T00:00:00Z,30862.72011458,33865.02251003,28849.41648596,32998.70771763,339392.40532443527
2021-01-21T00:00:00Z,35500.81307015,35628.34344839,30056.55410364,30866.58898001,346703.10182171967
2021-01-20T00:00:00Z,35908.40451491,36428.83064465,33370.84144661,35492.59381366,223343.7012526237
2021-01-19T00:00:00Z,36670.86519173,37888.35762653,35865.00328747,35904.53275141,180861.94312107703
2021-01-18T00:00:00Z,35827.94607559,37494.83214987,34788.09141682,36642.45416827,157196.42595064692
2021-01-17T00:00:00Z,36007.84223609,36872.73685992,33850.9744971,35842.33582351,178989.90001255777
2021-01-16T00:00:00Z,36736.54019927,37967.14475904,35366.10386615,36005.56769089,196466.33556721764
2021-01-15T00:00:00Z,39110.49147557,39713.62020818,34359.97183947,36737.8728388,276577.51636828005
2021-01-14T00:00:00Z,37364.36555588,40093.5496149,36702.78033711,39108.32178206,238198.19776094626
2021-01-13T00:00:00Z,34044.58822915,37835.97805421,32360.56705016,37365.51604537,304372.36450637504
2021-01-12T00:00:00Z,35435.9337376,36643.75886157,32473.60669615,34065.63840116,340388.90909009305
2021-01-11T00:00:00Z,38165.61307122,38273.4135051,30382.55250682,35434.20814581,654464.2756456125
2021-01-10T00:00:00Z,40218.87779286,41504.31151175,34968.46125006,38168.88265907,297111.2194306629
2021-01-09T00:00:00Z,40590.13749856,41423.72620857,38727.16741666,40225.40888576,176858.97596869228
2021-01-08T00:00:00Z,39461.64764379,41983.8474295,36534.77157446,40571.05924187,340339.7247199979
2021-01-07T00:00:00Z,36832.9080608,40397.1993218,36273.07757578,39466.91993157,329895.0718721398
2021-01-06T00:00:00Z,34031.69157923,36986.35566689,33344.99012464,36842.5883013,300638.88728736737
2021-01-05T00:00:00Z,31990.78989294,34466.12733671,29899.32160891,34027.32149666,270413.05761697213
2021-01-04T00:00:00Z,33044.21643683,33608.03162408,27933.05069673,32005.15555388,350364.52428369824
2021-01-03T00:00:00Z,32199.40528872,34816.61195646,31984.84226664,33057.73276027,271390.3503150035
2021-01-02T00:00:00Z,29398.61557574,33297.44743262,29011.83794952,32119.9370635,315833.9244681164
2021-01-01T00:00:00Z,28938.55391089,29658.43160347,28676.29120671,29397.28675947,152259.5964062031
2020-12-31T00:00:00Z,28883.62891913,29306.53029646,27800.51553642,28949.51199744,214456.21773062708
2020-12-30T00:00:00Z,27358.0125657,28996.62433896,27335.0609971,28879.93525431,211413.3345896821
2020-12-29T00:00:00Z,27041.05803421,27379.71185064,25847.78632431,27359.7040587,170360.24387696557
2020-12-28T00:00:00Z,26253.36472596,27468.68207555,26070.67293998,27041.39942957,174001.17589987986
2020-12-27T00:00:00Z,26457.88050506,28317.06784523,25714.71088283,26252.73266217,318259.958434764
2020-12-26T00:00:00Z,24714.72524067,26816.21936721,24485.40860165,26457.18851235,215008.60217305075
2020-12-25T00:00:00Z,23726.64019021,24790.97933081,23419.54390289,24717.20314117,178861.80689593387
2020-12-24T00:00:00Z,23216.37953755,23787.23316072,22698.04561669,23727.7212287,147177.23803141728
2020-12-23T00:00:00Z,23799.78559251,24120.57455521,22609.70583101,23218.05274479,247667.13236262684
2020-12-22T00:00:00Z,22718.29297966,23824.75101967,22341.18454553,23801.77011639,182753.53077083023
2020-12-21T00:00:00Z,23445.84461742,24088.55853243,21885.3707336,22715.53515784,232241.10432642768
2020-12-20T00:00:00Z,23827.1666893,24283.85667037,23074.72700273,23457.03713459,161820.0716480721
2020-12-19T00:00:00Z,23125.38136614,24185.80014584,22763.62531099,23835.33673847,184231.04635186904
2020-12-18T00:00:00Z,22790.04514971,23280.67099083,22343.25046508,23127.60281286,174362.140421875
2020-12-17T00:00:00Z,21352.64685506,23718.4461838,21213.43305029,22790.86529027,428633.6325714441
2020-12-16T00:00:00Z,19447.0399129,21543.58770275,19302.74687007,21345.80357881,286698.60298757907
2020-12-15T00:00:00Z,19275.00419552,19575.74944259,19051.6544793,19443.0206562,146985.94807879874
2020-12-14T00:00:00Z,19165.17940682,19352.0910878,18986.92724481,19276.26651973,102697.72545018853
2020-12-13T00:00:00Z,18816.97592965,19422.18552196,18718.57631428,19178.4390668,128783.32752619783
2020-12-12T00:00:00Z,18042.56257603,18959.06351428,18025.19717136,18817.82523516,108363.53981505458
2020-12-11T00:00:00Z,18256.20104482,18297.08427843,17591.12367208,18042.97270477,166736.12136388596
2020-12-10T00:00:00Z,18546.67768866,18560.57557387,17909.41337505,18261.4788316,128782.19812629635
2020-12-09T00:00:00Z,18318.64283252,18754.75955739,17665.68536553,18547.34018424,191956.32408334356
2020-12-08T00:00:00Z,19184.28808876,19304.9496673,18192.34279069,18320.2848097,165825.8269323522
2020-12-07T00:00:00Z,19386.08788191,19450.14734062,18906.51486034,19182.85192764,100962.22015279428
2020-12-06T00:00:00Z,19160.66124899,19441.74503086,18875.90148717,19383.41646134,86456.44009081296
2020-12-05T00:00:00Z,18653.50385978,19184.21345294,18498.94434271,19162.30223837,87604.09944610209
2020-12-04T00:00:00Z,19438.62696489,19546.84541178,18575.67421859,18655.82628399,156899.29623973725
2020-12-03T00:00:00Z,19214.38976978,19623.35432125,18874.92253191,19441.25130579,133845.81353615862
2020-12-02T00:00:00Z,18801.44496362,19357.29751362,18346.06629494,19217.31040879,172026.09553194602
2020-12-01T00:00:00Z,19706.23104143,19930.58890289,18092.4207633,18791.31998698,295634.501803995
2020-11-30T00:00:00Z,18201.29987213,19877.0864714,18200.21225402,19702.82177725,260523.29025897032
2020-11-29T00:00:00Z,17732.69292901,18365.6537002,17532.33322456,18200.32599683,115820.8823526904
2020-11-28T00:00:00Z,17167.67228919,17900.45737702,16888.01601813,17739.37888519,134374.2926139338
2020-11-27T00:00:00Z,17186.01117732,17498.86419998,16446.6751797,17167.55738919,189430.5907684988
2020-11-26T00:00:00Z,18715.8557215,18915.46432576,16233.02845691,17191.38362699,430571.8192894999
2020-11-25T00:00:00Z,19153.49801136,19864.08518198,18480.25011713,18719.26486798,198360.8998314157
2020-11-24T00:00:00Z,18364.21343384,19445.73467986,18051.14424042,19166.24517543,253150.7867576201
2020-11-23T00:00:00Z,18398.86737959,18764.68037271,17990.84760561,18368.57028226,172862.6815815809
2020-11-22T00:00:00Z,18678.50646289,18751.06691965,17617.27516687,18398.35545941,165870.40912681975
2020-11-21T00:00:00Z,18659.49833531,18964.82081484,18321.23346422,18677.52009737,155915.5245577322
2020-11-20T00:00:00Z,17815.02825495,18827.3834298,17748.89635005,18658.63890722,174594.1935212976
2020-11-19T00:00:00Z,17772.09316341,18180.50303756,17326.72300765,17814.19300034,175164.91740339852
2020-11-18T00:00:00Z,17671.39551954,19632.59948427,17181.58465414,17766.85938594,307944.5077959256
2020-11-17T00:00:00Z,16715.32651807,17855.05841075,16539.55878903,17665.34721684,228597.6213673718
2020-11-16T00:00:00Z,15962.06432657,16886.50426474,15817.46918519,16715.20291047,164451.36739348742
2020-11-15T00:00:00Z,16048.99092337,16169.67081575,15729.66541784,15924.31600673,92512.90360740705
2020-11-14T00:00:00Z,16314.48002325,16323.96909108,15681.55947411,16051.86839217,121504.86967466075
2020-11-13T00:00:00Z,16287.67186382,16488.4095156,15960.00516395,16315.0843162,158452.75799373057
2020-11-12T00:00:00Z,15696.15720732,16345.574928,15450.81733469,16291.55972877,214128.7060755383
2020-11-11T00:00:00Z,15272.72670049,15978.20463199,15252.13728665,15695.21916518,156468.52979128357
2020-11-10T00:00:00Z,15334.09107946,15468.02280606,15079.00621385,15282.85124944,128329.50623994386
2020-11-09T00:00:00Z,15486.15382567,15856.90916247,14819.68841729,15334.69476511,221610.6246328714
2020-11-08T00:00:00Z,14842.71708114,15659.40761608,14731.79237186,15483.22235234,136298.91716114536
2020-11-07T00:00:00Z,15578.84435882,15764.59165983,14371.93145157,14840.43465957,218657.58003620233
2020-11-06T00:00:00Z,15604.69806697,15951.81405345,15177.86952679,15598.64789832,251667.26380877456
2020-11-05T00:00:00Z,14152.73235663,15754.14084156,14081.42519573,15596.52803542,302143.7402713635
2020-11-04T00:00:00Z,14022.82386017,14262.05596818,13522.58103613,14157.92026518,192557.8517682696
2020-11-03T00:00:00Z,13549.65053264,14059.58789896,13281.21855716,14021.57784976,155541.67509734348
2020-11-02T00:00:00Z,13754.65713315,13832.53516874,13188.34199205,13522.71109392,144782.77702379413
2020-11-01T00:00:00Z,13781.81593783,13893.10305612,13511.44286275,13741.5080132,92484.71557736793
2020-10-31T00:00:00Z,13568.19994258,14083.94998461,13403.52418298,13773.95530618,162826.63402373658
2020-10-30T00:00:00Z,13457.42611132,13679.8282076,13111.65359281,13556.66190471,164359.2801341619
2020-10-29T00:00:00Z,13269.70900261,13642.37429451,12948.14438289,13431.14048125,160058.98893662938
2020-10-28T00:00:00Z,13634.11765228,13850.79365023,12893.07060011,13261.02364998,214029.71191972226
2020-10-27T00:00:00Z,13062.80092742,13783.8215232,13033.73150891,13634.94974477,185559.20355489638
2020-10-26T00:00:00Z,13038.30433784,13247.62166256,12774.91993847,13055.69336883,140300.3791733604
2020-10-25T00:00:00Z,13122.88463864,13359.07732871,12879.37758312,13033.90366936,109355.02582565307
2020-10-24T00:00:00Z,12927.91236543,13319.23066785,12881.8177502,13121.32505271,91514.51116557136
2020-10-23T00:00:00Z,12981.01145783,13031.62208584,12729.14878037,12930.6385479,125295.12867130332
2020-10-22T00:00:00Z,12805.82258787,13196.97757621,12694.68139897,12972.35759992,186326.81460285163
2020-10-21T00:00:00Z,11920.53379128,13234.17341959,11884.3374453,12806.87118099,304084.3402584966
2020-10-20T00:00:00Z,11759.29045334,12053.37000323,11687.96524472,11921.01112909,158784.45306595226
2020-10-19T00:00:00Z,11515.30189576,11835.58690023,11413.8424847,11758.83126913,122668.37412215477
2020-10-18T00:00:00Z,11371.25725132,11519.26008278,11343.20969621,11515.64731643,63284.893662391594
2020-10-17T00:00:00Z,11329.573844,11413.24436577,11256.808101,11370.50647988,65114.81386430187
2020-10-16T00:00:00Z,11514.96451596,11551.90979024,11200.81894363,11329.69475345,143530.27133950547
2020-10-15T00:00:00Z,11435.01089375,11631.52732429,11262.95722493,11516.21131453,131893.09909947234
2020-10-14T00:00:00Z,11435.2854575,11559.5795388,11297.21563374,11433.22827586,119290.03324449774
2020-10-13T00:00:00Z,11547.13147092,11569.52059822,11310.4582588,11428.0150517,126082.82448907138
2020-10-12T00:00:00Z,11380.43526873,11731.81182466,11166.03734407,11547.60754463,143389.06191959977
2020-10-11T00:00:00Z,11305.73947284,11455.92099133,11251.07408564,11372.92455552,74922.66379774852
2020-10-10T00:00:00Z,11064.10296907,11502.49512878,11063.38390171,11304.68004524,129803.29394757567
2020-10-09T00:00:00Z,10943.4865802,11121.98820861,10840.75958643,11059.96024423,127974.55962176688
2020-10-08T00:00:00Z,10679.18062242,10961.59691964,10537.74688156,10933.98066801,144910.23471986596
2020-10-07T00:00:00Z,10607.53715574,10688.08886051,10555.2868431,10674.67773019,92780.88908736827
2020-10-06T00:00:00Z,10807.46546791,10816.93277485,10529.19053743,10605.94096183,125693.06587646627
2020-10-05T00:00:00Z,10684.42648341,10808.67792763,10626.01955944,10804.50905775,101876.77719773485
2020-10-04T00:00:00Z,10558.43608597,10713.38979519,10532.83259563,10685.22281811,80608.5430838422
2020-10-03T00:00:00Z,10582.97320613,10615.98155356,10509.70090237,10546.65580127,79478.49207838708
2020-10-02T00:00:00Z,10630.53421625,10680.02638627,10384.68716647,10586.2449979,156487.9908284782
2020-10-01T00:00:00Z,10793.49511285,10938.82194179,10445.09368383,10627.35814088,171107.07304549828
2020-09-30T00:00:00Z,10854.97375228,10865.93801986,10671.29521299,10794.36298096,114560.56848022772
2020-09-29T00:00:00Z,10712.13685096,10875.57739265,10637.49779344,10859.73263545,123424.23726084709
2020-09-28T00:00:00Z,10801.44599507,10971.68539524,10640.42215239,10704.27021657,147121.73227209077
2020-09-27T00:00:00Z,10732.43531875,10821.0658782,10603.05366709,10774.95788665,93292.47136659375
2020-09-26T00:00:00Z,10705.7242225,10839.02980404,10659.30658276,10735.05623924,95159.23062605924
2020-09-25T00:00:00Z,10750.09001044,10778.47125522,10564.08963769,10701.45706723,136330.66682111166
2020-09-24T00:00:00Z,10250.51257952,10813.60779056,10194.81795081,10741.47947059,159022.3677374927
2020-09-23T00:00:00Z,10539.87325109,10555.68611508,10141.89903859,10254.61566977,147179.75941573747
2020-09-22T00:00:00Z,10422.34877254,10587.37891734,10365.74564732,10540.96804969,139376.8564883448
2020-09-21T00:00:00Z,10936.5566569,10997.59172578,10281.28129479,10423.85698509,185793.643644553
2020-09-20T00:00:00Z,11102.17776047,11102.19457949,10758.76386229,10920.35574507,105375.97169583976
2020-09-19T00:00:00Z,10950.9043421,11190.04407665,10890.93280141,11080.50342018,98741.33533188881
2020-09-18T00:00:00Z,10946.8084071,11047.87211717,10815.41383087,10954.26837075,117632.68469911268
2020-09-17T00:00:00Z,10971.97695123,11056.47728147,10751.64937564,10942.44534468,148826.13618661484
2020-09-16T00:00:00Z,10792.65487296,11106.27733778,10668.50735927,10970.99506623,174916.08160937167
2020-09-15T00:00:00Z,10677.96430716,10948.89693312,10618.78832209,10787.16202431,168380.01431652796
2020-09-14T00:00:00Z,10332.32304435,10768.34919694,10249.75776432,10677.37850513,169436.86750637926
2020-09-13T00:00:00Z,10450.51741544,10596.94121691,10216.99835198,10330.99450415,131722.40078500556
2020-09-12T00:00:00Z,10402.8851619,10493.46873842,10269.95075708,10451.92094698,98031.18918924619
2020-09-11T00:00:00Z,10340.12069329,10420.28142578,10205.24969026,10402.66086249,118127.2878646268
2020-09-10T00:00:00Z,10230.63914705,10500.54264726,10179.70968904,10337.38366043,158095.7088025853
2020-09-09T00:00:00Z,10139.92585972,10355.15087459,9985.25599393,10225.62388043,134390.4833089556
2020-09-08T00:00:00Z,10384.1430096,10448.8151593,9859.59794459,10136.60191486,205850.5708737631
2020-09-07T00:00:00Z,10257.21895228,10418.65204664,9888.20549176,10369.77682742,181014.44667530927
2020-09-06T00:00:00Z,10183.3141398,10360.77006713,10001.74514777,10256.72482214,145276.2994346829
2020-09-05T00:00:00Z,10472.68667868,10587.245677,9864.38637905,10168.25577639,281065.76983698923
2020-09-04T00:00:00Z,10154.02352278,10641.92430376,9919.60350604,10477.6186336,277744.79507599905
2020-09-03T00:00:00Z,11399.13293592,11473.97572281,9959.96934163,10156.74782308,351873.17458140367
2020-09-02T00:00:00Z,11936.49978751,11971.44115329,11166.64793405,11400.74856524,253853.07478954986
2020-09-01T00:00:00Z,11667.71117982,12068.70623976,11535.44599714,11925.0624519,205026.032792274
2020-08-31T00:00:00Z,11727.10647462,11803.98021706,11573.70898554,11667.13104223,138109.99705768097
2020-08-30T00:00:00Z,11480.80733869,11732.93668905,11461.59673289,11722.55407804,110232.97947612604
2020-08-29T00:00:00Z,11542.84716202,11593.29824379,11433.42632836,11480.82669914,97575.25383505516
2020-08-28T00:00:00Z,11340.86753697,11553.84712426,11281.81232905,11543.23489163,132624.37549664182
2020-08-27T00:00:00Z,11474.90157481,11603.37365106,11129.96931677,11339.490031,186647.9405748835
2020-08-26T00:00:00Z,11325.52739267,11618.26859094,11224.88128216,11466.70448759,161556.91587377878
2020-08-25T00:00:00Z,11760.00085596,11777.17271162,11118.69961207,11323.4149206,207007.9151226732
2020-08-24T00:00:00Z,11657.55978101,11840.34317767,11546.35073817,11755.45381948,119763.57259479993
2020-08-23T00:00:00Z,11675.8999994,11725.17802084,11525.44621201,11653.60785907,95984.30784402785
2020-08-22T00:00:00Z,11528.61042814,11696.36939457,11375.73277801,11671.0434411,120557.10487023609
2020-08-21T00:00:00Z,11873.31675879,11895.00883109,11491.98873487,11530.3528168,172330.52912167
2020-08-20T00:00:00Z,11768.33845394,11900.62215412,11672.91064655,11874.56448816,122875.13707406388
2020-08-19T00:00:00Z,11956.88241604,12033.1025805,11582.21260614,11768.81733239,198285.53834769854
2020-08-18T00:00:00Z,12300.04840375,12398.40877533,11821.51333324,11955.78783048,205299.77634171775
2020-08-17T00:00:00Z,11917.06667204,12484.98537567,11775.72247939,12303.26216544,240467.6853856226
2020-08-16T00:00:00Z,11858.68966733,11941.2421981,11690.93385272,11920.06542253,118232.32107089019
2020-08-15T00:00:00Z,11767.61958962,11990.82784388,11688.2550151,11858.0752455,151528.78012927488
2020-08-14T00:00:00Z,11798.33415697,11864.50713876,11650.48598404,11774.81298667,151149.6864079477
2020-08-13T00:00:00Z,11566.43975288,11811.2489429,11270.34756322,11798.17962855,184329.15781557147
2020-08-12T00:00:00Z,11388.12329917,11623.54151753,11140.2169449,11569.17109073,193456.14827671106
2020-08-11T00:00:00Z,11899.16567144,11942.3851194,11120.72920082,11388.73385324,249147.89983024704
2020-08-10T00:00:00Z,11682.3183314,12075.47289326,11477.54468176,11900.98363165,225813.21992308745
2020-08-09T00:00:00Z,11769.74353479,11806.6026454,11529.78246683,11681.3476214,114330.61826772771
2020-08-08T00:00:00Z,11603.69153375,11814.75976487,11515.40040275,11770.88409145,121248.859817343
2020-08-07T00:00:00Z,11771.02638223,11910.71067464,11328.06711728,11603.61024452,206299.67633918443
2020-08-06T00:00:00Z,11745.56541263,11907.48608046,11570.07092659,11769.68597341,195790.76492161793
2020-08-05T00:00:00Z,11195.01300071,11796.15478021,11088.11697898,11752.17555678,209112.86884589135
2020-08-04T00:00:00Z,11223.74170437,11417.30147258,11010.68154925,11193.79207136,174207.5852348589
2020-08-03T00:00:00Z,11067.5987275,11472.30124682,10915.72602067,11227.58688122,163857.14931122537
2020-08-02T00:00:00Z,11813.95176751,12119.54551298,10504.74796964,11068.56336428,315083.71522344043
2020-08-01T00:00:00Z,11350.52473452,11875.84789673,11230.41958648,11808.76096346,242525.38648693622
2020-07-31T00:00:00Z,11120.55065648,11473.22691816,10978.4227802,11350.01407174,210135.14888544023
2020-07-30T00:00:00Z,11113.82044324,11190.10359289,10836.0848046,11113.01941332,187155.3358363037
2020-07-29T00:00:00Z,10928.6941658,11357.31086302,10849.94439878,11110.81453495,234061.6619433963
2020-07-28T00:00:00Z,11047.71677442,11259.71884926,10581.53811747,10929.05746732,300644.5261967914
2020-07-27T00:00:00Z,9939.76053572,11405.40108028,9931.25054743,11046.62485251,466629.1316093659
2020-07-26T00:00:00Z,9713.54638288,10174.92893266,9663.57354444,9941.17457117,203693.26112721357
2020-07-25T00:00:00Z,9557.49480648,9747.83616151,9539.4306232,9710.88479691,127816.14056199533
2020-07-24T00:00:00Z,9611.92709726,9649.51975559,9473.74152088,9555.42125514,123502.06235365725
2020-07-23T00:00:00Z,9537.87788191,9680.09940659,9456.55594577,9610.27521884,145769.2364428924
2020-07-22T00:00:00Z,9400.84713707,9552.92668312,9278.85830587,9541.83457877,135678.4696785184
2020-07-21T00:00:00Z,9161.19921279,9452.4747872,9134.26238678,9394.28767965,162170.99226332456
2020-07-20T00:00:00Z,9225.69438048,9237.27336957,9134.41093306,9161.10858842,104040.69071605222
2020-07-19T00:00:00Z,9178.27119159,9253.99894537,9106.98520451,9223.74592747,66973.72943748895
2020-07-18T00:00:00Z,9158.58485399,9210.47422815,9120.48355356,9181.76976404,74090.00281581697
2020-07-17T00:00:00Z,9133.69461056,9188.70903875,9076.80565671,9157.81654797,82330.95350219401
2020-07-16T00:00:00Z,9195.60194929,9227.70854649,9033.86373477,9130.82273419,140951.8963863663
2020-07-15T00:00:00Z,9257.09030975,9274.80634542,8680.15125991,9188.57691012,101118.64525713609
2020-07-14T00:00:00Z,9241.21510663,9282.17734044,9113.29574202,9261.16030808,121279.79979798493
2020-07-13T00:00:00Z,9312.38419161,9351.31897947,9199.75516494,9249.28794802,121155.33590539977
2020-07-12T00:00:00Z,9243.12907312,9352.72152974,9161.8377958,9308.25837299,85539.66664930417
2020-07-11T00:00:00Z,9293.29048511,9307.55604987,9181.08309183,9235.39135149,68617.99619221121
2020-07-10T00:00:00Z,9235.77880263,9326.40842633,9127.74323035,9290.04750648,109870.73373218974
2020-07-09T00:00:00Z,9446.22204782,9454.03086087,9134.87561423,9233.22532165,129404.06342490358
2020-07-08T00:00:00Z,9259.25746127,9483.9804111,9237.64409368,9446.50661483,147664.9418957901
2020-07-07T00:00:00Z,9353.22415097,9381.15346833,9210.95537854,9259.21955782,103964.55555864719
2020-07-06T00:00:00Z,9075.5079742,9381.27575061,9052.72956876,9354.38777945,173835.80923993263
2020-07-05T00:00:00Z,9140.51066909,9148.9948161,8905.31938033,9078.09472242,94590.98668647245
2020-07-04T00:00:00Z,9063.99164603,9194.53921653,9045.08727675,9138.23066519,74601.48837989375
2020-07-03T00:00:00Z,9090.23986709,9129.22751782,9038.0315224,9063.30926552,106820.16153067087
2020-07-02T00:00:00Z,9237.70272202,9266.76936554,8941.01422478,9088.25964499,171522.99778978652
2020-07-01T00:00:00Z,9142.10066918,9297.14268559,9058.91632171,9236.62411169,119351.40353771401
2020-06-30T00:00:00Z,9189.29838827,9206.27938512,9066.39822145,9143.18825511,116501.22348291046
2020-06-29T00:00:00Z,9112.04566321,9236.60261519,9017.70275172,9185.18704549,130130.67286431593
2020-06-28T00:00:00Z,9010.69664771,9194.97647909,8934.78847102,9112.90019031,94777.71794091215
2020-06-27T00:00:00Z,9154.39774468,9197.43498293,8824.8582428,9006.91938077,146854.22834973678
2020-06-26T00:00:00Z,9240.02154318,9303.38727584,9038.34339049,9154.24527563,171637.40632917997
2020-06-25T00:00:00Z,9287.64659295,9343.4901401,8992.13902213,9240.05241854,201268.522653989
2020-06-24T00:00:00Z,9629.59484011,9679.37684905,9171.52281699,9287.20676273,200061.4078700622
2020-06-23T00:00:00Z,9689.17815041,9727.56868331,9578.91143941,9637.50935933,161195.2497449035
2020-06-22T00:00:00Z,9299.83567106,9792.25253506,9267.67814251,9696.80696438,209664.24016973085
2020-06-21T00:00:00Z,9354.63468576,9419.46258642,9272.1358378,9298.79476317,131989.20714996502
2020-06-20T00:00:00Z,9299.08917594,9396.59518485,9165.19773112,9354.12696961,152134.0064602015
2020-06-19T00:00:00Z,9393.40966174,9430.52013516,9219.36457101,9319.53463776,186289.1540524632
2020-06-18T00:00:00Z,9461.36871235,9485.09968164,9270.96742197,9375.95920274,148903.8811927054
2020-06-17T00:00:00Z,9525.46235355,9561.64063184,9234.61022203,9458.86380099,169271.19878107132
2020-06-16T00:00:00Z,9428.03054335,9588.87055589,9376.00832471,9528.79398241,185684.86566008936
2020-06-15T00:00:00Z,9337.81501115,9505.48708196,8898.25176781,9428.81060842,261904.76065212738
2020-06-14T00:00:00Z,9473.89197333,9480.68715507,9245.09413539,9335.30945659,110985.27109079024
2020-06-13T00:00:00Z,9461.17200958,9494.70819266,9353.51694319,9475.9544907,118149.44995243178
2020-06-12T00:00:00Z,9273.37950512,9556.27780635,9228.23262984,9462.95942963,172566.21574526496
2020-06-11T00:00:00Z,9891.67919035,9977.17763213,9067.09892988,9270.00301764,340471.89617453556
2020-06-10T00:00:00Z,9778.66559712,10002.53447129,9679.69872841,9888.6497014,186377.26838190708
2020-06-09T00:00:00Z,9785.24840268,9882.09842988,9567.4846725,9778.45278035,167389.9733375437
2020-06-08T00:00:00Z,9750.26794985,9813.95352069,9635.30394708,9785.45814149,132693.89790579246
2020-06-07T00:00:00Z,9667.15320301,9813.02290535,9376.26431362,9751.13252271,189913.51486232955
2020-06-06T00:00:00Z,9617.26719717,9734.29828757,9531.02813742,9668.42797159,108522.52766478577
2020-06-05T00:00:00Z,9787.3983631,9853.21072306,9591.27008487,9616.79632368,185079.37834868566
2020-06-04T00:00:00Z,9665.5757914,9884.37752769,9452.8667707,9787.52484419,197777.58643875344
2020-06-03T00:00:00Z,9517.41182871,9690.34156431,9372.18433329,9668.79765522,164296.30376765868
2020-06-02T00:00:00Z,10212.58359138,10237.09799848,9278.27376644,9520.53989457,385307.8371514985
2020-06-01T00:00:00Z,9446.47266543,10387.32674395,9415.24071516,10211.9837343,262651.3310333187
2020-05-31T00:00:00Z,9698.94724441,9702.20302823,9383.45844898,9444.65573432,170101.20728382806
2020-05-30T00:00:00Z,9424.38282632,9742.64345942,9327.04023768,9698.45375168,198438.56025474967
2020-05-29T00:00:00Z,9577.04085093,9609.22360812,9331.58079491,9424.11197915,191886.42584921236
2020-05-28T00:00:00Z,9203.9528985,9627.63140944,8992.30223943,9580.12161332,242814.2050957456
2020-05-27T00:00:00Z,8839.86908169,9230.069589,8813.80697329,9204.34790569,210801.56953971207
2020-05-26T00:00:00Z,8897.99811938,9015.40885502,8696.01106491,8834.7605219,183886.82297384867
2020-05-25T00:00:00Z,8714.23303879,8979.5184837,8637.25059337,8897.42984736,197694.9807380417
2020-05-24T00:00:00Z,9178.24213933,9300.69530518,8691.25801823,8714.37978968,224804.46870981407
2020-05-23T00:00:00Z,9168.61463498,9313.76913355,9077.53478983,9177.02073061,151928.5655544575
2020-05-22T00:00:00Z,9059.43142514,9265.02262666,8925.82506093,9169.4141811,199914.62171693658
2020-05-21T00:00:00Z,9508.08055479,9575.93687924,8803.26293831,9057.58731547,336703.5941828741
2020-05-20T00:00:00Z,9779.37353533,9843.24351219,9310.583728,9506.63735118,254842.86120993982
2020-05-19T00:00:00Z,9730.51073778,9897.01067225,9462.45823331,9778.19758879,245059.7415921099
2020-05-18T00:00:00Z,9680.48462638,9952.66663223,9454.16154983,9731.58088049,243370.78923221564
2020-05-17T00:00:00Z,9379.5392477,9892.15152484,9324.58089457,9678.43726104,233374.11179691835
2020-05-16T00:00:00Z,9308.29937133,9588.46477637,9215.86062746,9374.98365521,197030.00454953936
2020-05-15T00:00:00Z,9795.30159715,9848.75988475,9132.62361307,9309.56869781,342914.4168259141
2020-05-14T00:00:00Z,9321.51345149,9946.51612643,9261.7848665,9794.04044952,381202.87289965624
2020-05-13T00:00:00Z,8820.45894809,9410.14244756,8802.93070806,9324.65709142,259610.07665586754
2020-05-12T00:00:00Z,8568.11853837,8982.12048692,8535.1345801,8818.17832536,240070.86191991394
2020-05-11T00:00:00Z,8726.16380561,9167.55882788,8198.30256441,8566.77132368,472825.92678989813
2020-05-10T00:00:00Z,9537.77295463,9567.15092608,8093.39399032,8724.49484898,569586.2687795925
2020-05-09T00:00:00Z,9809.64359076,9921.33716849,9497.49193295,9536.89982634,252185.97172102454
2020-05-08T00:00:00Z,9995.57158404,10045.59320846,9718.25164596,9809.506451,315073.2531416012
2020-05-07T00:00:00Z,9152.59496699,10075.73271296,9033.90310028,10000.8773065,465625.02480940917
2020-05-06T00:00:00Z,9029.47359282,9412.01740276,8917.02159366,9154.43850231,333190.87008183467
2020-05-05T00:00:00Z,8882.59596697,9122.48272137,8769.96712451,9028.3834206,245197.43840103637
2020-05-04T00:00:00Z,8905.48834165,8967.70381645,8526.29920048,8886.55107996,271783.149955783
2020-05-03T00:00:00Z,8978.16858577,9204.62852621,8722.43174322,8902.18218043,280707.31110025226
2020-05-02T00:00:00Z,8829.42406893,9019.16234935,8757.8002256,8983.11710611,198384.28220824408
2020-05-01T00:00:00Z,8625.84749259,9068.37372466,8621.62374265,8831.46032401,260202.85485375527
2020-04-30T00:00:00Z,8785.54631667,9461.20522187,8406.13410832,8624.94026804,603087.6063758441
2020-04-29T00:00:00Z,7749.91105154,8965.27754928,7717.54614244,8784.29770596,529126.5151697602
2020-04-28T00:00:00Z,7786.37574375,7791.4361216,7666.12045364,7748.82711788,161855.48286691532
2020-04-27T00:00:00Z,7701.61330765,7798.67197395,7623.69593731,7786.33257932,204572.79399327099
2020-04-26T00:00:00Z,7547.15637501,7708.45138539,7491.10593093,7702.0730337,179858.95821630786
2020-04-25T00:00:00Z,7511.0454764,7711.39016611,7440.26074765,7544.26496548,163163.19906053678
2020-04-24T00:00:00Z,7491.56681229,7614.80108693,7401.11468974,7505.76582938,192357.6267024867
2020-04-23T00:00:00Z,7134.55578282,7772.31055747,7031.08056556,7488.10512133,312706.9693276878
2020-04-22T00:00:00Z,6851.96652224,7168.17040017,6822.77947577,7137.78071015,169138.30415539458
2020-04-21T00:00:00Z,6837.54330765,6951.5866759,6772.76348296,6843.26446289,163703.5225464303
2020-04-20T00:00:00Z,7131.67364785,7227.62383345,6757.15797973,6830.59859533,251765.9386677564
2020-04-19T00:00:00Z,7265.29810142,7281.36728565,7066.45425428,7130.64818375,133962.54419302588
2020-04-18T00:00:00Z,7035.37710508,7306.75492482,7022.25886941,7251.39201037,155222.80082777728
2020-04-17T00:00:00Z,7113.42668742,7156.50603812,6994.09708768,7043.20998466,159332.76223624122
2020-04-16T00:00:00Z,6626.14048481,7207.42367287,6475.16236358,7111.17485372,373291.9743001322
2020-04-15T00:00:00Z,6875.88987246,6943.09111832,6610.6015859,6625.55044034,189019.83328582876
2020-04-14T00:00:00Z,6857.92951382,6990.58539824,6767.48416817,6876.08826954,194175.67406768978
2020-04-13T00:00:00Z,6914.80154626,6916.54949972,6305.22206196,6841.14432623,265604.7875962373
2020-04-12T00:00:00Z,6886.66859582,7202.00159654,6791.64789744,6912.78033128,194746.74212659555
2020-04-11T00:00:00Z,6872.00983954,6956.47195117,6770.47164508,6882.76270062,136110.3871297172
2020-04-10T00:00:00Z,7285.56210872,7304.12964245,6751.73314839,6869.60812265,284353.52495168167
2020-04-09T00:00:00Z,7369.9880591,7806.50465085,7116.53308104,7290.08470584,165586.91856099124
2020-04-08T00:00:00Z,7196.90204921,7973.49275159,7150.22984983,7363.34942876,219055.89660011313
2020-04-07T00:00:00Z,7338.86822312,7503.64695627,7072.02552675,7200.56346652,286864.4618622054
2020-04-06T00:00:00Z,6780.66047721,7367.29094909,6772.73451555,7341.10202024,348818.2942921594
2020-04-05T00:00:00Z,6873.19763199,6910.52562654,6682.77519147,6780.21924078,138163.62456590985
2020-04-04T00:00:00Z,6746.3570333,7009.68589368,6660.46286492,6860.45023424,203762.30260549227
2020-04-03T00:00:00Z,6800.58368395,7060.10944596,6614.0151889,6747.50645278,291966.1363235084
2020-04-02T00:00:00Z,6666.38882792,7255.40175369,6572.20371065,6796.80220271,419212.9063267109
2020-04-01T00:00:00Z,6423.26474007,6706.92158092,6164.99772433,6665.45206934,282656.41437594383
2020-03-31T00:00:00Z,6409.96631723,6530.67369879,6336.4215023,6425.85428467,185070.7030222188
2020-03-30T00:00:00Z,5881.71703903,6622.8241503,5859.0552581,6408.01951861,316046.5107233175
2020-03-29T00:00:00Z,6251.62407556,6280.00142689,5873.71089761,5880.46427439,193332.6564159761
2020-03-28T00:00:00Z,6368.96627656,6370.89584903,6034.82087087,6251.39867526,274585.0813092729
2020-03-27T00:00:00Z,6756.15565006,6866.88744016,6278.45253442,6368.72661381,261825.58033627644
2020-03-26T00:00:00Z,6690.30743893,6791.13602749,6522.77256747,6757.74872639,240900.02019471614
2020-03-25T00:00:00Z,6766.65253711,6983.36106306,6463.40080454,6687.65315705,381603.5119984704
2020-03-24T00:00:00Z,6492.78747545,6856.79086209,6398.2872447,6767.49905756,443524.38954040635
2020-03-23T00:00:00Z,5820.73705433,6629.80271307,5689.37872865,6491.26380036,494378.3882068648
2020-03-22T00:00:00Z,6201.82058791,6416.86490406,5744.60626918,5822.07965077,363021.3811467845
2020-03-21T00:00:00Z,6210.1074456,6468.19148376,5868.83052502,6199.45667069,354484.2347703922
2020-03-20T00:00:00Z,6179.79049547,6931.82318142,5666.60021488,6204.0610033,638072.9185241243
2020-03-19T00:00:00Z,5413.49876285,6424.73693857,5267.77499425,6182.20013196,575806.5866833485
2020-03-18T00:00:00Z,5338.64317911,5454.20517453,5023.04399689,5413.34302442,428295.21744973224
2020-03-17T00:00:00Z,5044.83698742,5731.85487562,4946.48453083,5338.86844884,454920.8080822672
2020-03-16T00:00:00Z,5349.66297494,5392.11738658,4435.67789421,5042.49320471,750909.7198867323
2020-03-15T00:00:00Z,5214.72582693,6381.56407759,5090.52032942,5377.29217478,428442.24582151155
2020-03-14T00:00:00Z,5621.01924514,5674.44344354,5060.56416807,5181.58944462,410648.9948609013
2020-03-13T00:00:00Z,4830.46609347,6024.79945519,3878.01614601,5622.26308995,1393286.7361432696
2020-03-12T00:00:00Z,7965.44780419,7989.08758431,4516.378539,4845.40529438,1062197.921484793
2020-03-11T00:00:00Z,7892.74065513,8009.22029348,7601.44047097,7934.44187281,216414.81658152695
2020-03-10T00:00:00Z,7945.27986243,8169.64018985,7750.26116853,7895.65473729,244761.36884151303
2020-03-09T00:00:00Z,8057.71290928,8203.90305459,7531.92538086,7943.8186367,341693.7720169597
2020-03-08T00:00:00Z,8910.96000674,8912.94806562,8012.06763967,8060.12075622,253844.53855319676
2020-03-07T00:00:00Z,9149.19284688,9217.43393034,8857.16894603,8887.79474181,125081.51501517725
2020-03-06T00:00:00Z,9068.99089114,9232.9567955,8997.10359412,9154.58351467,143911.64601788786
2020-03-05T00:00:00Z,8756.1381003,9182.77363879,8753.7082777,9071.45826299,174556.80956126738
2020-03-04T00:00:00Z,8761.59923691,8878.84583137,8680.52099752,8772.46768221,118836.900186573
2020-03-03T00:00:00Z,8923.04691619,8937.15899242,8657.9865081,8759.6145769,169835.98477402676
2020-03-02T00:00:00Z,8524.2107355,8985.50634028,8488.18491062,8927.28854302,175767.35458770674
2020-03-01T00:00:00Z,8540.33491332,8769.57851975,8415.17084278,8520.75579309,140626.44991770844
2020-02-29T00:00:00Z,8708.38020944,8815.50269198,8541.24942449,8543.17320144,115264.92187689422
2020-02-28T00:00:00Z,8822.03895838,8907.27758297,8285.37511879,8705.7612347,208773.9085572778
2020-02-27T00:00:00Z,8785.16507665,8984.41521528,8527.50442964,8829.06663753,209051.04568017187
2020-02-26T00:00:00Z,9318.14462992,9371.4807686,8616.89525222,8782.73665323,274700.9440718576
2020-02-25T00:00:00Z,9659.12447204,9686.0308387,9243.9836945,9306.18894043,156908.89185195268
2020-02-24T00:00:00Z,9968.09734633,10022.62659795,9468.54634019,9659.16728695,168456.39936426538
2020-02-23T00:00:00Z,9663.43781109,10013.94089538,9652.18121498,9972.09426072,115628.01503550714
2020-02-22T00:00:00Z,9688.32823809,9720.38956151,9565.44019821,9660.3176512,71429.96748089988
2020-02-21T00:00:00Z,9605.66345809,9764.60097583,9562.95666834,9689.629956,117204.61425920119
2020-02-20T00:00:00Z,9595.14772414,9701.46416522,9391.85343665,9607.34342893,155574.279157551
2020-02-19T00:00:00Z,10184.94277338,10773.85645223,9312.20275871,9594.01877704,186791.32258571545
2020-02-18T00:00:00Z,9714.44393565,10274.55463969,9603.57967901,10185.30852821,185160.66399482984
2020-02-17T00:00:00Z,9924.55903503,9972.02308726,9478.76027996,9713.02309814,190480.28202978912
2020-02-16T00:00:00Z,9907.43988466,10049.50502993,9642.24028178,9926.27561036,142825.2462662351
2020-02-15T00:00:00Z,10341.79417987,10393.27531279,9776.66364238,9900.72786558,154638.21188018366
2020-02-14T00:00:00Z,10230.40749451,10390.99909826,10088.15997765,10346.95634142,123995.31706320946
2020-02-13T00:00:00Z,10342.55680179,10512.49240347,10075.8522504,10221.91613666,214506.34811583735
2020-02-12T00:00:00Z,10265.25758756,10487.39153401,10242.55128083,10332.37118317,152787.8255974775
2020-02-11T00:00:00Z,9849.98863627,10366.38193725,9702.01909426,10264.02757336,159858.26715175962
2020-02-10T00:00:00Z,10155.96170509,10198.84320161,9737.71147793,9848.29506636,148374.26540837553
2020-02-09T00:00:00Z,9895.87194666,10170.59425376,9879.20246752,10159.71310686,117513.99451641634
2020-02-08T00:00:00Z,9799.40541781,9940.96591085,9652.78078738,9896.2296237,102651.02930127172
2020-02-07T00:00:00Z,9756.71006055,9865.56953923,9707.18348691,9800.52018107,102584.84637076737
2020-02-06T00:00:00Z,9608.87044272,9855.12493749,9527.11181909,9757.92343547,153081.86401354623
2020-02-05T00:00:00Z,9165.50519564,9751.04345105,9146.68247489,9612.98719812,157684.6637921362
2020-02-04T00:00:00Z,9280.01823762,9348.46804275,9078.15152271,9168.5131146,119147.16301522861
2020-02-03T00:00:00Z,9344.43019627,9617.8599329,9220.3416306,9281.08132125,134328.4207101718
2020-02-02T00:00:00Z,9373.22763724,9492.81858392,9133.54446493,9344.66100674,108889.52789202104
2020-02-01T00:00:00Z,9339.99078927,9469.85892211,9274.52942192,9384.10486268,63823.64357672587
2020-01-31T00:00:00Z,9498.9039759,9527.47830621,9197.66299327,9342.19472728,112902.18507424589
2020-01-30T00:00:00Z,9280.09307163,9571.94059774,9183.75368249,9503.20984858,151601.68940209842
2020-01-29T00:00:00Z,9388.74644434,9434.55280695,9226.65229334,9281.97161157,133537.2345893366
2020-01-28T00:00:00Z,8892.45412985,9404.31268702,8865.63735136,9384.2709736,185951.0079034852
2020-01-27T00:00:00Z,8598.14287955,8980.02263031,8531.21802172,8892.98777236,133623.78541390813
2020-01-26T00:00:00Z,8337.7593066,8614.05688493,8285.40488609,8604.46893216,72740.39247611973
2020-01-25T00:00:00Z,8438.38648321,8440.73777224,8251.14945197,8331.66869234,56723.42586984758
2020-01-24T00:00:00Z,8377.31037553,8515.35966342,8219.54723006,8431.62182099,100808.9637689402
2020-01-23T00:00:00Z,8665.94671769,8688.54427366,8283.20952799,8380.17646019,128816.69026899931
2020-01-22T00:00:00Z,8713.55437637,8810.25335379,8567.36440845,8661.3537939,74566.8899435382
2020-01-21T00:00:00Z,8627.41337783,8775.48249271,8450.58714757,8734.80261654,91312.22181900339
2020-01-20T00:00:00Z,8696.7858208,8743.63653925,8512.15313409,8630.64435698,96021.72646390549
2020-01-19T00:00:00Z,8915.37224244,9189.21673058,8469.08720582,8699.71350694,207965.5921938235
2020-01-18T00:00:00Z,8895.37145004,8987.59680998,8802.91552007,8912.98946144,100502.61036861256
2020-01-17T00:00:00Z,8711.95843486,9016.9523837,8661.36382782,8898.50643724,195000.84987713041
2020-01-16T00:00:00Z,8809.16716246,8846.01065603,8579.07991909,8714.58193627,136425.5226279452
2020-01-15T00:00:00Z,8795.24566296,8899.6467253,8548.50797625,8807.90196936,224194.78307580366
2020-01-14T00:00:00Z,8104.90226578,8881.80082208,8100.8175466,8787.76773418,362540.49255571625
2020-01-13T00:00:00Z,8180.31035155,8195.5031156,8047.56212074,8105.98228542,86415.18788081071
2020-01-12T00:00:00Z,8014.21382979,8190.51615758,7954.93080102,8179.09534216,88659.28695224048
2020-01-11T00:00:00Z,8194.40482328,8285.32520699,8000.52467042,8018.25607127,141704.640496848
2020-01-10T00:00:00Z,7808.50765701,8196.15739493,7669.12119018,8195.16399775,218240.53533640856
2020-01-09T00:00:00Z,8052.49113934,8053.21970548,7752.41882242,7818.34747818,159460.50453547755
2020-01-08T00:00:00Z,8154.66126845,8460.50181418,7868.09042597,8052.04029744,304122.6042650832
2020-01-07T00:00:00Z,7759.40676879,8217.49978807,7732.7494121,8153.77939281,250352.81166686624
2020-01-06T00:00:00Z,7346.78472827,7801.16554138,7339.17622046,7759.64073329,152871.5039073265
2020-01-05T00:00:00Z,7363.28162173,7497.51453431,7316.93980447,7355.16251487,99506.08466806865
2020-01-04T00:00:00Z,7370.94430269,7411.02999289,7268.38606031,7346.99463397,75901.77347160841
2020-01-03T00:00:00Z,6948.7649751,7416.38068397,6859.07332604,7335.89693738,193778.97918576113
2020-01-02T00:00:00Z,7178.89204019,7225.16277331,6916.2827111,6959.83987728,94865.83289600893
2020-01-01T00:00:00Z,7193.01543918,7274.53711193,7149.23990756,7195.20514935,42181.01694199189
2019-12-31T00:00:00Z,7225.36708335,7319.81225632,7113.4274057,7179.43521572,71247.15781030768
2019-12-30T00:00:00Z,7379.7504955,7420.01648801,7186.72134478,7213.38369848,83047.09750548254
2019-12-29T00:00:00Z,7314.32593813,7526.05396918,7271.9115848,7380.30944206,81342.24987236087
2019-12-28T00:00:00Z,7274.50484337,7385.6276354,7232.77517834,7296.47773615,75965.86400136638
2019-12-27T00:00:00Z,7194.31075871,7295.8288211,7048.22067667,7278.36949699,110940.37270879377
2019-12-26T00:00:00Z,7196.99065677,7455.71076694,7076.47628969,7201.4572808,108208.5854886968
2019-12-25T00:00:00Z,7269.963336,7285.05213347,7119.06051148,7195.48724878,76236.6236784137
2019-12-24T00:00:00Z,7314.41779561,7447.56610722,7151.65858751,7269.93443306,129966.86902240672
2019-12-23T00:00:00Z,7526.94283011,7711.98566562,7265.1474963,7335.51883779,187541.63078671737
2019-12-22T00:00:00Z,7160.62990413,7532.45689969,7123.87310487,7516.56829785,108497.6849780023
2019-12-21T00:00:00Z,7210.63767108,7212.49903329,7113.06626294,7133.03496656,46708.41127188119
2019-12-20T00:00:00Z,7146.8521584,7238.25210903,7077.4958992,7202.48821713,88033.16566442762
2019-12-19T00:00:00Z,7284.198902,7395.42005744,7035.49780423,7150.18379354,147419.55297916682
2019-12-18T00:00:00Z,6647.93381328,7462.28091654,6443.8194669,7313.05709713,276152.3840419547
2019-12-17T00:00:00Z,6908.7144048,6966.77088212,6581.42113192,6616.20416599,160424.3326524813
2019-12-16T00:00:00Z,7136.00250402,7171.82248332,6831.58764619,6884.2453344,130602.35898038012
2019-12-15T00:00:00Z,7088.58700465,7215.78715185,7013.08007994,7146.15635238,65219.95220623538
2019-12-14T00:00:00Z,7256.66847307,7290.35656673,7007.149039,7077.63867957,72593.42477460885
2019-12-13T00:00:00Z,7195.83381219,7314.58827508,7182.89001316,7250.26010043,71694.63339241098
2019-12-12T00:00:00Z,7215.66151134,7316.08591307,7102.28531186,7215.4462242,113818.2414775665
2019-12-11T00:00:00Z,7223.73286894,7302.56655878,7143.59752483,7215.66140829,78399.7071549634
2019-12-10T00:00:00Z,7341.96486519,7422.76497519,7159.82579632,7231.20909416,114281.60711353691
2019-12-09T00:00:00Z,7546.19518304,7699.00505163,7288.58965089,7340.08241644,135778.6888195853
2019-12-08T00:00:00Z,7488.50159222,7601.50746503,7381.00876364,7523.20309705,78311.47636250916
2019-12-07T00:00:00Z,7534.12711107,7631.67041319,7482.85744816,7529.83593116,78660.17573057472
2019-12-06T00:00:00Z,7428.15197357,7621.72346334,7305.60137879,7533.94191073,137255.517499882
2019-12-05T00:00:00Z,7201.30176941,7514.5107071,7165.9148952,7423.27268803,161262.4927809175
2019-12-04T00:00:00Z,7299.22790281,7811.98535128,7094.89044294,7199.49113693,238210.6915939356
2019-12-03T00:00:00Z,7304.8775331,7427.27416061,7242.84964069,7294.71650417,91308.89237677214
2019-12-02T00:00:00Z,7401.15793186,7443.50009483,7181.53214938,7302.34584914,122818.80811881954
2019-12-01T00:00:00Z,7542.84368409,7593.12606345,7254.54691399,7425.82366994,161668.62964314414
2019-11-30T00:00:00Z,7746.39270645,7823.89127438,7458.02184244,7542.84970844,118560.56048534659
2019-11-29T00:00:00Z,7429.88479469,7895.95018032,7390.87370718,7755.04055628,168814.20812504145
2019-11-28T00:00:00Z,7543.15000043,7673.81987879,7372.52541669,7420.63818963,143299.11556149006
2019-11-27T00:00:00Z,7161.38268673,7680.91131528,6850.59521818,7539.31495573,250187.82074382604
2019-11-26T00:00:00Z,7116.97712734,7381.56533047,7035.93065285,7161.99949142,177305.4382071562
2019-11-25T00:00:00Z,6906.06483552,7423.94590757,6530.45925996,7148.52291036,365521.16300307494
2019-11-24T00:00:00Z,7326.34117078,7362.7612935,6881.70371325,6940.74698726,184483.6755812813
2019-11-23T00:00:00Z,7298.86344408,7383.09248063,7097.31277769,7319.68137396,139230.351819509
2019-11-22T00:00:00Z,7647.22895,7760.28134476,6803.9639185,7299.13354864,395457.84992110677
2019-11-21T00:00:00Z,8083.74396193,8163.61805424,7457.47703352,7660.54605449,185378.08317569166
2019-11-20T00:00:00Z,8122.83138887,8252.82318559,8035.60822899,8095.78371277,82352.65001285853
2019-11-19T00:00:00Z,8172.10003337,8247.30616543,7991.75109945,8120.46698949,106851.97421870343
2019-11-18T00:00:00Z,8501.09404313,8519.69808957,8054.05204802,8172.24316865,89397.0368695545
2019-11-17T00:00:00Z,8489.00734628,8664.8784908,8376.89191456,8501.83764714,50223.285789597605
2019-11-16T00:00:00Z,8459.15577045,8548.11251872,8419.366055,8502.46032211,36845.74138019025
2019-11-15T00:00:00Z,8631.41769756,8785.29572262,8374.80830681,8481.04638556,96778.64477953482
2019-11-14T00:00:00Z,8798.05313206,8811.31412318,8562.40898413,8628.92565638,59567.64104316361
2019-11-13T00:00:00Z,8824.09539364,8848.03699928,8700.21909064,8786.40507153,47373.35335387125
2019-11-12T00:00:00Z,8722.80654355,8886.7832583,8561.41425794,8818.07785566,71938.7678126028
2019-11-11T00:00:00Z,9039.83486394,9092.65368888,8613.34829938,8732.97707294,81200.0394249942
2019-11-10T00:00:00Z,8813.71699274,9151.73843052,8738.04080675,9041.12469942,67719.34321435147
2019-11-09T00:00:00Z,8774.90354358,8886.8204081,8727.37650543,8818.29752455,50627.976353934326
2019-11-08T00:00:00Z,9201.64899745,9256.81841339,8661.96147506,8765.95796817,121352.80149419146
2019-11-07T00:00:00Z,9338.19190055,9380.93947781,9096.51084195,9212.10561882,66863.63821392843
2019-11-06T00:00:00Z,9318.66880711,9438.09454427,9253.26057026,9336.96010575,67947.75762265215
2019-11-05T00:00:00Z,9397.59590583,9493.15457631,9187.26749852,9311.27785921,86019.00534380709
2019-11-04T00:00:00Z,9201.9956163,9577.46328512,9122.94705042,9428.2217616,93799.46170763517
2019-11-03T00:00:00Z,9294.54651488,9401.12097203,9071.33428722,9212.70158352,51293.282138198556
2019-11-02T00:00:00Z,9271.23422717,9411.08043728,9187.63637369,9301.15081236,52410.680284578026
2019-11-01T00:00:00Z,9156.06915183,9319.35670884,9054.25805474,9270.14229229,86311.19866542812
2019-10-31T00:00:00Z,9186.30574936,9441.51806979,8949.45011956,9153.09296214,105570.512550951
2019-10-30T00:00:00Z,9433.47951039,9437.04059147,9009.17915052,9166.30108904,106337.25599771584
2019-10-29T00:00:00Z,9223.6632824,9560.38971114,9076.46856538,9430.13625517,126235.48885426093
2019-10-28T00:00:00Z,9554.76856352,9937.06852324,9187.32060439,9223.37936263,163112.87464691966
2019-10-27T00:00:00Z,9254.51708376,9825.74018718,9100.248942,9551.27370585,183479.1860304936
2019-10-26T00:00:00Z,8671.44122142,10505.41925501,8648.34457031,9259.26365768,407290.32140000444
2019-10-25T00:00:00Z,7427.02854623,8823.84315765,7391.67078421,8657.98860195,221869.35289113128
2019-10-24T00:00:00Z,7472.02181099,7520.64889099,7355.06856032,7435.49968866,67721.4948900142
2019-10-23T00:00:00Z,8025.55140795,8075.80566368,7307.43358477,7469.39789992,160269.27160159397
2019-10-22T00:00:00Z,8223.00051127,8324.5869729,8005.27003737,8028.98810294,63261.36015384445
2019-10-21T00:00:00Z,8254.13927486,8360.71726779,8154.85816557,8221.08411878,56274.05949352555
2019-10-20T00:00:00Z,7961.57837374,8311.26343547,7885.50213005,8235.52279765,65305.820946603955
2019-10-19T00:00:00Z,7970.6487409,8116.484671,7877.92497086,7958.01405034,49272.3785488196
2019-10-18T00:00:00Z,8073.76325026,8121.42040574,7819.46713524,7955.88043567,65064.01403990925
2019-10-17T00:00:00Z,8001.67834553,8136.92508221,7931.60930061,8076.52397842,51760.11257795103
2019-10-16T00:00:00Z,8161.88822641,8199.90035756,7920.35486013,7997.87364858,73415.84789715824
2019-10-15T00:00:00Z,8353.20211326,8417.41678034,8089.98530548,8166.72657541,69422.10454983388
2019-10-14T00:00:00Z,8285.58410001,8406.84080202,8212.34858234,8355.66318719,53278.431480265725
2019-10-13T00:00:00Z,8320.57802388,8468.59524759,8164.14338264,8284.53302475,55095.63638113864
2019-10-12T00:00:00Z,8268.20998701,8417.196395,8259.18823475,8307.30588961,36938.911499837646
2019-10-11T00:00:00Z,8587.54695807,8832.89278768,8227.02392492,8275.75166491,113192.38876125898
2019-10-10T00:00:00Z,8598.27702179,8667.81720821,8451.68333933,8569.17063909,79686.99938857355
2019-10-09T00:00:00Z,8173.37676359,8700.47830937,8115.55356743,8584.02825674,123292.99772273829
2019-10-08T00:00:00Z,8218.77956175,8354.39370136,8108.39359825,8169.97329348,65410.884003429725
2019-10-07T00:00:00Z,7858.966437,8336.46846219,7778.63832228,8211.19196249,107561.05134958407
2019-10-06T00:00:00Z,8142.5810045,8168.58734983,7797.94153353,7861.11965317,79722.65858671132
2019-10-05T00:00:00Z,8145.22482748,8212.1639548,8016.28478071,8134.88309561,41767.64838881541
2019-10-04T00:00:00Z,8233.743049,8256.20192878,8008.37394868,8145.42887306,59077.711227873704
2019-10-03T00:00:00Z,8389.76178812,8426.34041164,8072.86035962,8242.23667428,65853.44423669716
2019-10-02T00:00:00Z,8312.86182811,8410.8800321,8161.91016626,8393.58565559,55927.68090466025
2019-10-01T00:00:00Z,8312.36949925,8526.11128438,8188.60752389,8310.04481087,99304.69059621735
2019-09-30T00:00:00Z,8062.91430906,8380.20718389,7722.1435504,8312.6056727,94862.12030639581
2019-09-29T00:00:00Z,8221.80701843,8248.0612197,7911.03829353,8060.28604706,51866.862052856566
2019-09-28T00:00:00Z,8183.77915085,8365.55413313,8024.17432455,8219.2030111,56078.49879167674
2019-09-27T00:00:00Z,8063.6626115,8288.70092546,7867.53760821,8181.87826304,78264.09458409385
2019-09-26T00:00:00Z,8437.00586042,8473.74478567,7749.03778799,8066.26719696,131588.7244334237
2019-09-25T00:00:00Z,8529.60644298,8757.13436951,8101.48138161,8438.04280141,113684.97785187929
2019-09-24T00:00:00Z,9693.96068123,9790.67497453,7962.06549708,8527.47428992,200433.30169996063
2019-09-23T00:00:00Z,10042.89975296,10063.48643136,9613.64762993,9696.7269199,56118.34812393848
2019-09-22T00:00:00Z,9996.30764581,10089.40188403,9854.96898335,10037.49650611,34211.85476747673
2019-09-21T00:00:00Z,10164.33689483,10197.83948681,9918.81422838,9984.10265028,31611.518198653877
2019-09-20T00:00:00Z,10284.75090817,10324.24961811,10069.32582135,10168.68051644,38795.681623057775
2019-09-19T00:00:00Z,10178.23179091,10400.75280196,9626.25389038,10251.64316127,81271.00632550471
2019-09-18T00:00:00Z,10191.98001973,10280.51281281,10009.70028016,10157.26703873,38547.870251715336
2019-09-17T00:00:00Z,10255.63303464,10304.08811886,10128.51026006,10200.10410618,35946.78690283267
2019-09-16T00:00:00Z,10317.98811049,10390.33188991,10033.84447992,10270.29514795,47708.87545631709
2019-09-15T00:00:00Z,10353.12404328,10396.67581554,10256.22733238,10304.4137612,24520.848275723813
2019-09-14T00:00:00Z,10368.47011351,10477.2798573,10240.34649649,10338.13912683,34125.967669624995
2019-09-13T00:00:00Z,10424.44072774,11772.70639199,8294.32313919,10346.06266448,47669.14996639879
2019-09-12T00:00:00Z,10163.65216532,10471.41371721,10041.97973606,10419.9454552,53295.14555860624
2019-09-11T00:00:00Z,10100.21269846,10297.55101796,9859.59333949,10160.13996285,52328.04259359491
2019-09-10T00:00:00Z,10307.09859045,10402.38051076,9954.21794829,10097.69331714,47508.50509987813
2019-09-09T00:00:00Z,10410.5289302,10520.55354233,10087.44591532,10326.4863968,61976.504351032825
2019-09-08T00:00:00Z,10468.4781109,10615.96092662,10234.13440818,10400.12651955,35440.67288959306
2019-09-07T00:00:00Z,10303.1884259,10581.38220805,10296.98187956,10488.02409564,38719.61724755917
2019-09-06T00:00:00Z,10565.45505036,10930.7937075,10177.60144307,10313.04759787,100208.90698519068
2019-09-05T00:00:00Z,10567.54095684,10880.21042016,10465.06022378,10566.58154356,49521.83858736182
2019-09-04T00:00:00Z,10615.42601486,10839.72645862,10373.85792967,10569.85664188,71350.97677247557
2019-09-03T00:00:00Z,10378.5853142,10788.21557873,10278.88569853,10617.03692336,84684.98829117524
2019-09-02T00:00:00Z,9753.96515992,10471.08750337,9718.60469273,10364.00878907,76702.04997683458
2019-09-01T00:00:00Z,9596.29306606,9847.27050545,9545.95694907,9723.00501341,29555.641200841183
2019-08-31T00:00:00Z,9587.4057136,9701.35733562,9427.33139603,9589.78243658,26698.98508188091
2019-08-30T00:00:00Z,9493.84451202,9710.29926221,9352.25698774,9591.70796342,45536.406836489354
2019-08-29T00:00:00Z,9724.11596672,9726.503043,9325.59766115,9494.26929105,64352.74492053759
2019-08-28T00:00:00Z,10187.92669404,10306.37636343,9555.23284926,9719.15460502,78807.98502040232
2019-08-27T00:00:00Z,10377.50679292,10396.59396756,10031.75962644,10184.48037164,44711.34776272932
2019-08-26T00:00:00Z,10141.41885329,10661.70222487,10138.41421907,10365.41951265,73632.33956815641
2019-08-25T00:00:00Z,10144.6807223,10362.30931423,9857.74692992,10140.47100114,43803.077026268686
2019-08-24T00:00:00Z,10399.01238771,10426.40533693,9894.52803678,10144.71271753,46455.18198029929
2019-08-23T00:00:00Z,10103.62546057,10464.45174068,10034.94419622,10391.23980321,49870.12959993025
2019-08-22T00:00:00Z,10141.07737168,10249.71140956,9770.92656538,10102.47563134,59665.07613175271
2019-08-21T00:00:00Z,10766.79851743,10822.03820604,9846.58259934,10145.19298042,87175.73532728411
2019-08-20T00:00:00Z,10934.2479009,10972.19747859,10572.8015715,10762.45392557,51937.22356251583
2019-08-19T00:00:00Z,10323.28693925,10940.9340774,10261.28574207,10918.23380805,63504.57003459873
2019-08-18T00:00:00Z,10219.82210634,10516.09958321,10080.1274112,10324.3880159,38347.14614177886
2019-08-17T00:00:00Z,10351.67896444,10471.28389288,9993.6612145,10217.12055338,45938.69478221512
2019-08-16T00:00:00Z,10291.96113375,10552.20183751,9750.51386856,10348.70763253,94828.81087170859
2019-08-15T00:00:00Z,10035.70667399,10471.45839616,9485.05731616,10301.06519206,97910.70710362164
2019-08-14T00:00:00Z,10861.76289138,10885.80339053,9923.69196261,10041.764125,105991.81956392356
2019-08-13T00:00:00Z,11410.06308437,11450.69263873,10786.20066794,10849.45713842,62028.92231044761
2019-08-12T00:00:00Z,11552.08591958,11580.07955972,11222.89353328,11390.75683104,30333.756681017727
2019-08-11T00:00:00Z,11289.30788397,11589.09370451,11107.77201394,11539.90803169,43940.388466599965
2019-08-10T00:00:00Z,11894.3495492,11987.53476118,11240.89823702,11303.87117751,73323.28825861095
2019-08-09T00:00:00Z,12010.37981792,12061.29628052,11669.75910693,11871.92767097,65765.53781948841
2019-08-08T00:00:00Z,11979.03221657,12080.19010681,11486.1214641,12010.88873987,85240.57787246014
2019-08-07T00:00:00Z,11468.41657822,12150.66550137,11375.24879757,11969.9451848,118103.33247267513
2019-08-06T00:00:00Z,11824.26725548,12324.43107442,11226.02034285,11474.24540834,136316.32805693356
2019-08-05T00:00:00Z,10964.23941071,11951.17472825,10947.57089067,11821.74080588,115974.38403566864
2019-08-04T00:00:00Z,10817.77733428,11066.59494012,10540.45020802,10937.83497725,68648.06221675631
2019-08-03T00:00:00Z,10514.39240537,10918.57563766,10502.20074946,10817.5630871,56615.09150524965
2019-08-02T00:00:00Z,10385.05458912,10671.18366729,10314.06135745,10530.00315357,71660.13265341439
2019-08-01T00:00:00Z,10091.7907539,10499.4370778,9881.51271327,10392.9748773,72953.24115882436
2019-07-31T00:00:00Z,9577.32063873,10126.96438766,9562.33833468,10087.47606576,70470.63013111404
2019-07-30T00:00:00Z,9492.29514885,9762.11686294,9378.12349401,9585.01329852,53127.61970316237
2019-07-29T00:00:00Z,9527.42157489,9722.76118024,9374.2439457,9500.99771262,51022.43280408329
2019-07-28T00:00:00Z,9468.53297451,9616.9948994,9115.02285417,9528.87797874,52216.58307295966
2019-07-27T00:00:00Z,9827.2606944,10208.59164356,9295.8702245,9476.84238768,83033.05419703184
2019-07-26T00:00:00Z,9880.65003938,9901.83332841,9648.95144947,9826.01628832,48076.27510316737
2019-07-25T00:00:00Z,9771.33063688,10184.38256735,9727.25821223,9882.10258883,67159.72486604455
2019-07-24T00:00:00Z,9863.854213,9923.98515247,9513.94985999,9763.70296692,83044.08509008991
2019-07-23T00:00:00Z,10328.63747891,10329.79213002,9814.95074562,9853.65348062,84829.99971024436
2019-07-22T00:00:00Z,10587.43944189,10683.73962426,10066.70904879,10325.73101961,75533.0720143499
2019-07-21T00:00:00Z,10762.14895695,10826.27840796,10269.8481857,10589.79407904,65684.28406160774
2019-07-20T00:00:00Z,10518.66145365,11099.21991525,10364.80423823,10754.49556349,86839.43715933108
2019-07-19T00:00:00Z,10646.89047731,10784.29491464,10120.50642286,10529.84452057,98717.35413201783
2019-07-18T00:00:00Z,9686.11158595,10793.29103199,9260.1178851,10631.32781543,158345.10023297102
2019-07-17T00:00:00Z,9422.21217752,9970.49901998,9071.59820415,9680.97520473,159487.56246098154
2019-07-16T00:00:00Z,10838.06028959,11030.93895914,9350.64844464,9433.71405955,185143.4654456961
2019-07-15T00:00:00Z,10182.28886537,11089.71093878,9854.80129238,10843.46523486,150194.50043828256
2019-07-14T00:00:00Z,11336.8131567,11455.95093439,10100.62083837,10179.72776013,131301.64357187424
2019-07-13T00:00:00Z,11780.43875935,11836.23646677,10807.17116681,11368.71777164,96394.40058481978
2019-07-12T00:00:00Z,11343.74635866,11925.80144218,11082.48237043,11781.91265729,96066.88360614266
2019-07-11T00:00:00Z,12086.38793926,12093.88305814,10972.25581548,11346.37933251,163044.81068676207
2019-07-10T00:00:00Z,12570.18304204,13172.36400049,11544.19611709,12096.11408177,203530.6634632949
2019-07-09T00:00:00Z,12285.01481111,12810.28824559,12106.83934863,12565.63183414,137306.58102019632
2019-07-08T00:00:00Z,11466.9267304,12390.41455135,11286.47793136,12270.46441111,100776.31033310764
2019-07-07T00:00:00Z,11251.38806878,11604.6147154,11085.90651541,11435.67268522,64544.925571647014
2019-07-06T00:00:00Z,10999.12147681,11718.786625,10973.31079687,11255.49721107,86753.13246133277
2019-07-05T00:00:00Z,11135.11595822,11446.05163742,10657.37186835,10991.29306495,111168.05034034741
2019-07-04T00:00:00Z,11977.92810877,12047.6169821,11058.51195413,11145.64118512,120542.0480548777
2019-07-03T00:00:00Z,10866.76290721,12013.90585934,10860.56889307,11955.56210735,182846.99432720762
2019-07-02T00:00:00Z,10588.07064649,10948.77596706,9686.52816383,10854.81807003,200586.1621195624
2019-07-01T00:00:00Z,10755.72090364,11238.47792629,10006.79463539,10591.16373259,173446.17246536692
2019-06-30T00:00:00Z,11905.08174657,12203.44919774,10665.51603976,10762.60478662,145708.90286254324
2019-06-29T00:00:00Z,12338.23092791,12404.50818348,11326.30005845,11901.60854724,131976.02896885472
2019-06-28T00:00:00Z,11141.54576674,12432.22585186,10799.65195442,12391.53898595,186682.56212500663
2019-06-27T00:00:00Z,12912.87177814,13358.95895177,10368.35234679,11136.3992296,329503.0692419304
2019-06-26T00:00:00Z,11762.38737335,13828.68466756,11678.70756151,12915.55354877,325910.71339514916
2019-06-25T00:00:00Z,11038.71979089,11794.73812771,10927.96465167,11762.29604498,121692.84271139943
2019-06-24T00:00:00Z,10853.11001703,11124.81134332,10573.20778903,11043.0142013,80548.51026134867
2019-06-23T00:00:00Z,10742.28920383,11354.31215717,10528.14487505,10862.09909173,101069.61094181066
2019-06-22T00:00:00Z,10217.32406852,11200.65089488,10001.37480454,10715.62614852,196261.40979394084
2019-06-21T00:00:00Z,9546.92496211,10231.47016183,9535.73393996,10210.20712844,109287.86814955992
2019-06-20T00:00:00Z,9292.80375475,9618.44767604,9195.85930587,9547.93424154,65270.92736508712
2019-06-19T00:00:00Z,9090.72267003,9333.66260123,8988.57493406,9262.71493,52388.721222810054
2019-06-18T00:00:00Z,9346.88496147,9364.64653221,8942.57702664,9091.47117898,86444.92997232667
2019-06-17T00:00:00Z,8975.93340766,9481.53371918,8974.3413176,9345.52062494,93264.94057090876
2019-06-16T00:00:00Z,8851.6501322,9379.74569613,8722.69181194,8969.43268649,122360.66129119982
2019-06-15T00:00:00Z,8684.40260651,8917.93639432,8577.34958418,8854.59901395,57601.14658188276
2019-06-14T00:00:00Z,8228.97862044,8727.93530536,8161.34623732,8699.983682,73984.05367790764
2019-06-13T00:00:00Z,8170.26756359,8332.46817004,8028.42307816,8236.81573539,54838.03493052604
2019-06-12T00:00:00Z,7893.19614026,8249.87655996,7809.05528404,8167.79417543,73349.6647430976
2019-06-11T00:00:00Z,8015.90665499,8047.21309514,7708.95077145,7895.82958664,52706.41522875013
2019-06-10T00:00:00Z,7633.84216981,8065.61808957,7519.87938067,8016.188998,64187.69679339721
2019-06-09T00:00:00Z,7923.44381439,7955.57288435,7505.38566395,7635.58193659,51283.81017959215
2019-06-08T00:00:00Z,7999.06051014,8062.05318198,7781.2120883,7899.46993788,36473.32347043177
2019-06-07T00:00:00Z,7806.96997987,8141.25510992,7754.15017011,7999.54554901,67892.0745828406
2019-06-06T00:00:00Z,7790.01966504,7965.21034563,7451.27691302,7816.87785581,66012.07412139233
2019-06-05T00:00:00Z,7676.01834305,7926.66652483,7572.88320607,7779.15632923,82173.86065319274
2019-06-04T00:00:00Z,8103.26605193,8103.43246039,7446.72228217,7682.21706066,150519.8476938406
2019-06-03T00:00:00Z,8736.36456339,8793.90692295,8049.53062955,8105.69589511,91864.9731922383
2019-06-02T00:00:00Z,8547.51374541,8834.95515811,8534.46148303,8729.56545584,44368.514342388306
2019-06-01T00:00:00Z,8547.34156266,8628.58369577,8425.55504628,8548.44588096,48310.69394295616
2019-05-31T00:00:00Z,8270.96797282,8581.70197909,8102.27911886,8563.81319392,83083.78980810805
2019-05-30T00:00:00Z,8677.24932666,9096.63182499,7995.28318253,8272.36960507,139697.56846438706
2019-05-29T00:00:00Z,8729.100689,8778.79939894,8445.33178401,8669.89222993,63845.78800363063
2019-05-28T00:00:00Z,8789.50009687,8841.48952984,8221.92028023,8731.59094234,61886.9844966866
2019-05-27T00:00:00Z,8721.83877012,8946.23256083,8630.79718946,8787.66671749,97617.18342183458
2019-05-26T00:00:00Z,8049.58803188,8809.98780929,7879.05203065,8711.79474154,102934.94626976197
2019-05-25T00:00:00Z,7992.96052931,8136.29578637,7927.23334425,8051.45244964,42555.62436994496
2019-05-24T00:00:00Z,7878.8429581,8179.66793538,7787.11208794,7992.12734601,81543.0835497832
2019-05-23T00:00:00Z,7622.97762989,7973.56579054,7459.78836475,7858.24486064,84793.71407657002
2019-05-22T00:00:00Z,7938.43261575,8040.4638214,7490.90290896,7623.94025994,88259.82169924845
2019-05-21T00:00:00Z,7990.83596829,8110.21831742,7797.41699291,7942.22905023,82810.7572680861
2019-05-20T00:00:00Z,8185.60377279,8193.37748837,7578.0587192,7985.53584814,122981.15822728015
2019-05-19T00:00:00Z,7266.84309103,8297.31012471,7254.43607839,8188.9082919,132872.6952352869
2019-05-18T00:00:00Z,7370.57175048,7505.17776897,7187.52687825,7261.29859675,64911.587065636144
2019-05-17T00:00:00Z,7863.83689504,7933.88721426,6816.28844766,7384.88672036,191773.4360219734
2019-05-16T00:00:00Z,8171.53186526,8357.19704172,7675.4789902,7868.04580492,138687.5199903449
2019-05-15T00:00:00Z,7961.77807791,8275.13724227,7835.24323371,8169.57596543,96115.10615629554
2019-05-14T00:00:00Z,7787.93636605,8310.02868554,7599.43591013,7949.95330065,169489.21885755358
2019-05-13T00:00:00Z,6977.66723627,8137.21417685,6871.65534337,7791.60067869,199033.75362253832
2019-05-12T00:00:00Z,7171.61779751,7553.44509054,6779.56556638,6980.65777418,185400.3786248971
2019-05-11T00:00:00Z,6359.64688655,7395.51223655,6351.39845925,7150.56318987,173874.49681381276
2019-05-10T00:00:00Z,6265.83066529,6508.5272862,6129.22195486,6367.05350477,80332.67309952759
2019-05-09T00:00:00Z,5981.24937569,6314.33864087,5938.27105312,6247.07432145,61498.61553332799
2019-05-08T00:00:00Z,5956.02061135,6166.40219162,5767.81829047,6054.03421295,50983.54493375581
2019-05-07T00:00:00Z,5848.77715419,6269.38004258,5702.85345546,5888.94006101,79492.81792843148
2019-05-06T00:00:00Z,6012.70237129,6063.3143842,5592.25874366,5965.21876695,46716.138674900976
2019-05-05T00:00:00Z,5814.68176923,6093.17171841,5670.59023031,6008.56364046,39284.30826086875
2019-05-04T00:00:00Z,5668.01516401,6124.49921714,5539.87875272,5937.37496389,70092.17185864606
2019-05-03T00:00:00Z,5469.3912173,6098.87292027,5375.28520143,5777.27811042,98218.82580457347
2019-05-02T00:00:00Z,5328.26436002,5756.04178455,5307.03335816,5549.69651854,45793.110922894
2019-05-01T00:00:00Z,5369.34066538,5619.36631227,5270.93377349,5348.67602191,34153.33487701044
2019-04-30T00:00:00Z,5266.57120066,5578.46209774,5130.93834772,5301.00552476,42696.88977748069
2019-04-29T00:00:00Z,5273.3265581,5502.66095427,5114.16589452,5370.39314999,40106.887133664495
2019-04-28T00:00:00Z,5355.05908722,5519.75045184,5126.23160252,5356.52287941,30168.114932635042
2019-04-27T00:00:00Z,5253.21166587,5436.02566262,5122.50615508,5389.37723406,27726.43199232398
2019-04-26T00:00:00Z,5131.94028713,5450.19118722,5072.42549076,5266.27540072,95919.2961914086
2019-04-25T00:00:00Z,5424.08370409,5541.21674487,4401.67836042,5180.20285851,102719.91843108958
2019-04-24T00:00:00Z,5532.15628939,5665.21380168,5354.43408133,5446.98229943,89920.18955825265
2019-04-23T00:00:00Z,5380.08463815,5640.08636064,5349.17111157,5534.39220371,87908.1406992919
2019-04-22T00:00:00Z,5282.58560663,5439.7885904,5221.62859325,5370.41540243,60565.94317127738
2019-04-21T00:00:00Z,5299.79155515,5365.58593958,5202.86482864,5315.97445003,40948.17581522384
2019-04-20T00:00:00Z,5280.01387891,5392.77523196,5243.87925091,5296.62692792,33647.94158413506
2019-04-19T00:00:00Z,5311.29902681,5358.36449631,5193.11318778,5289.09693677,41885.20482761988
2019-04-18T00:00:00Z,5218.40577989,5334.39527352,5209.50448464,5272.3356731,44290.39339463956
2019-04-17T00:00:00Z,5214.96365423,5292.4211689,5166.64024422,5210.02715272,44391.56318050381
2019-04-16T00:00:00Z,5041.36351138,5247.09593186,5012.45443757,5197.12290631,47550.20415280802
2019-04-15T00:00:00Z,5157.9343888,5213.98799176,4963.55808886,5039.63063088,54649.1066002682
2019-04-14T00:00:00Z,5050.83511715,5202.33547022,5006.54712475,5186.60137711,29810.43320290751
2019-04-13T00:00:00Z,5085.50674103,5154.72091617,5009.35620335,5101.39832729,29728.09826007292
2019-04-12T00:00:00Z,5040.72827899,5128.00607972,4914.98803132,5108.93645986,59267.56470747567
2019-04-11T00:00:00Z,5321.40831836,5349.3397003,4967.75594011,5050.88979177,102205.40733649721
2019-04-10T00:00:00Z,5196.76307394,5475.74378777,5161.44682404,5318.68332002,83457.58092001716
2019-04-09T00:00:00Z,5279.73792723,5296.05212274,5113.5560955,5151.6470436,63014.226809975764
2019-04-08T00:00:00Z,5229.19633015,5362.96463391,5116.12685908,5301.81474446,94043.62028988775
2019-04-07T00:00:00Z,5047.81070299,5280.93016167,5025.64439678,5233.58734439,64235.167368133385
2019-04-06T00:00:00Z,5038.67364404,5248.47630516,4951.25168927,5087.51371978,75816.60613095804
2019-04-05T00:00:00Z,4942.13475156,5117.4926709,4878.54880808,5056.47835634,70102.83161809533
2019-04-04T00:00:00Z,4973.33713324,5088.97985276,4796.82106331,4914.98203728,105939.23349695774
2019-04-03T00:00:00Z,4908.68608696,5336.47779007,4802.36819138,4949.49256568,219739.64458759787
2019-04-02T00:00:00Z,4146.26718938,5078.90520444,4140.16633624,4919.66583971,228812.07351711908
2019-04-01T00:00:00Z,4148.07852204,4211.65643001,4078.04060596,4195.69981223,46149.79076171173
2019-03-31T00:00:00Z,4118.93557368,4176.51124788,4065.49372903,4160.12303217,20506.11074155443
2019-03-30T00:00:00Z,4163.84797243,4201.8556371,4047.37276734,4137.17340236,34646.8954812927
2019-03-29T00:00:00Z,4011.81149535,4181.47959685,4010.05635296,4135.78187244,54502.63529097121
2019-03-28T00:00:00Z,4094.33571446,4103.12762026,3991.95894118,4013.80593127,34299.09734143389
2019-03-27T00:00:00Z,3992.55656718,4103.35736448,3916.64565798,4035.93838343,52659.68345587483
2019-03-26T00:00:00Z,3950.49621782,3995.70142864,3876.15613968,3938.99656503,41961.950207427115
2019-03-25T00:00:00Z,3988.79457099,4051.66884467,3875.6714956,3957.37294617,52443.069409129996
2019-03-24T00:00:00Z,3987.16985715,4060.37568645,3954.97664562,4023.77390528,25980.848772848647
2019-03-23T00:00:00Z,4019.27058083,4072.35066205,3966.16465044,3987.33243592,28017.936384106953
2019-03-22T00:00:00Z,4043.93099059,4062.31845168,3960.9989573,4042.82282583,33235.10996132912
2019-03-21T00:00:00Z,4044.86490285,4140.28963591,3906.97470529,4033.68889997,63667.0271078415
2019-03-20T00:00:00Z,4030.73590474,4122.62025425,3969.95648255,4094.75939737,43669.2298789591
2019-03-19T00:00:00Z,3984.19168309,4109.78698965,3952.24982267,4057.59569673,35363.65403633022
2019-03-18T00:00:00Z,3991.08782688,4109.85949572,3946.43393687,4053.84674599,36374.33093274912
2019-03-17T00:00:00Z,4062.90863568,4091.58731798,3941.34897013,4029.65804081,27916.149151295904
2019-03-16T00:00:00Z,3980.86344945,4148.05895684,3898.31127466,4077.11160498,54847.36079720751
2019-03-15T00:00:00Z,3862.37621574,4006.35411375,3847.57985743,3973.38204097,39105.69937217432
2019-03-14T00:00:00Z,3849.92367162,3980.10593047,3814.23651911,3912.27134987,48058.37611942983
2019-03-13T00:00:00Z,3898.86147683,3966.18649903,3830.68450076,3915.17289637,39589.668336015944
2019-03-12T00:00:00Z,3876.49430032,3978.18077529,3801.09853839,3923.19824534,46037.53508138232
2019-03-11T00:00:00Z,3919.08873904,4016.85231749,3824.86670632,3950.01080616,55350.624988415846
2019-03-10T00:00:00Z,4004.88608573,4015.28291279,3877.4782424,3970.72141588,33406.690545262
2019-03-09T00:00:00Z,3920.28751227,4038.60251682,3838.2438956,3942.50385089,48108.88889579228
2019-03-08T00:00:00Z,3938.77306985,4007.34853702,3798.72841882,3856.33745789,59071.67276270006
2019-03-07T00:00:00Z,3932.16226373,3987.84778096,3832.21538206,3866.45096165,46549.5999644511
2019-03-06T00:00:00Z,3920.01645533,3963.42454938,3812.4372864,3849.89445346,42873.11593451902
2019-03-05T00:00:00Z,3704.25187349,3947.61768922,3691.83263459,3859.54011155,59927.09939374799
2019-03-04T00:00:00Z,3865.70047703,3906.23551263,3677.46500706,3732.77936587,59010.90705296559
2019-03-03T00:00:00Z,3853.07835697,3921.17870548,3775.74625187,3870.24183407,26302.506106727007
2019-03-02T00:00:00Z,3903.70331613,3924.78066887,3778.91039859,3819.96621741,30593.79119867716
2019-03-01T00:00:00Z,3878.89038693,3945.16398198,3789.84591085,3897.31454387,38197.2423129545
2019-02-28T00:00:00Z,3866.53811898,3958.24688274,3789.67932395,3885.47902138,60746.2187460688
2019-02-27T00:00:00Z,3850.63356034,3927.49205109,3707.81782859,3888.38391304,59616.693804515155
2019-02-26T00:00:00Z,3846.8809781,3928.94033043,3772.9312735,3837.00402084,45834.956475308194
2019-02-25T00:00:00Z,3742.52833038,3947.09379812,3737.21103455,3852.07309563,68567.93977597581
2019-02-24T00:00:00Z,4112.37456141,4274.03321922,3738.70360874,3764.51006298,132719.83377419758
2019-02-23T00:00:00Z,3964.20224773,4247.2120012,3912.69359532,4207.66797643,74449.42603236751
2019-02-22T00:00:00Z,3970.35366312,4065.53352937,3893.35295986,4046.84012486,51654.49879611468
2019-02-21T00:00:00Z,4007.51429744,4110.91959679,3864.89636369,3974.60948843,61869.06708655879
2019-02-20T00:00:00Z,3958.602897,4061.90521239,3865.5295157,4017.51360649,68129.1957380874
2019-02-19T00:00:00Z,3913.36835882,4072.29459943,3846.98734716,3971.8869422,98929.85922354192
2019-02-18T00:00:00Z,3719.66972837,3996.77991921,3621.29865288,3957.23708275,133915.57173027628
2019-02-17T00:00:00Z,3671.98719439,3767.04551853,3558.7001788,3720.15111591,50992.49454105532
2019-02-16T00:00:00Z,3567.35407213,3709.11719029,3564.75938314,3582.07695927,34378.24229086035
2019-02-15T00:00:00Z,3619.59474857,3692.63856206,3543.678245,3579.54959219,41169.61585253397
2019-02-14T00:00:00Z,3573.29636139,3676.14831422,3549.74127035,3575.02712656,39636.52574645154
2019-02-13T00:00:00Z,3634.07079684,3723.45729172,3562.90040237,3598.49948554,49381.080532286964
2019-02-12T00:00:00Z,3623.50050172,3711.84620822,3557.75845219,3624.70516508,55398.66064204476
2019-02-11T00:00:00Z,3717.51686014,3724.92370087,3584.71053007,3678.95695686,46761.95790896621
2019-02-10T00:00:00Z,3629.0845659,3725.15595689,3588.49287367,3721.76256279,42201.202829030306
2019-02-09T00:00:00Z,3681.14866197,3732.66594935,3599.84427445,3678.5504505,41259.55614864067
2019-02-08T00:00:00Z,3360.04387881,3780.01273383,3344.85787472,3634.4598341,109806.71831547844
2019-02-07T00:00:00Z,3444.50746124,3469.47232707,3353.55874722,3407.63861322,35786.04881819117
2019-02-06T00:00:00Z,3450.30173622,3499.5489784,3354.35764134,3395.66454971,64378.24557911469
2019-02-05T00:00:00Z,3465.90345665,3513.53463329,3405.24089363,3435.0928318,39536.58231988504
2019-02-04T00:00:00Z,3420.30202207,3509.76744284,3399.31181253,3411.19717314,37733.01304168047
2019-02-03T00:00:00Z,3552.45301144,3556.09482659,3391.0933546,3466.43584108,35555.18664350908
2019-02-02T00:00:00Z,3490.38013505,3570.91261443,3413.00219157,3550.94337915,36120.681746563336
2019-02-01T00:00:00Z,3487.39781762,3544.28532221,3382.46078924,3522.51351443,51174.2956469917
2019-01-31T00:00:00Z,3436.15062679,3550.8930542,3394.1410365,3464.25707761,51772.137609985526
2019-01-30T00:00:00Z,3419.596543,3535.93102689,3375.19542909,3485.6923439,51191.589382231236
2019-01-29T00:00:00Z,3450.30945346,3509.03357675,3353.38374062,3427.71079719,56613.4820526724
2019-01-28T00:00:00Z,3575.03319095,3593.14226094,3395.85687352,3478.23479566,81590.95118164322
2019-01-27T00:00:00Z,3620.34888764,3642.25844459,3507.47069855,3580.977767,42265.41690064587
2019-01-26T00:00:00Z,3607.07371609,3721.42250111,3548.17351788,3626.93673189,42088.331292998075
2019-01-25T00:00:00Z,3570.50902227,3654.34566643,3529.98109866,3567.58956074,36537.884504258676
2019-01-24T00:00:00Z,3565.06851565,3660.63479429,3530.70262157,3571.43670247,38779.60575929425
2019-01-23T00:00:00Z,3582.38513942,3657.66595696,3527.1416086,3582.7875308,47570.93297602424
2019-01-22T00:00:00Z,3529.88854936,3656.10775483,3448.32787401,3575.3633005,64117.63996226765
2019-01-21T00:00:00Z,3564.40411964,3602.83888102,3502.63391467,3575.46985163,41735.16831708146
2019-01-20T00:00:00Z,3700.68467887,3795.52249121,3507.60943811,3545.34905679,63504.060719614936
2019-01-19T00:00:00Z,3663.87644729,3841.13557493,3599.38321594,3687.96698712,47169.059358892206
2019-01-18T00:00:00Z,3717.74606665,3719.8886518,3582.85440546,3604.83075426,39230.32530616257
2019-01-17T00:00:00Z,3650.9047897,3719.01542411,3558.6822143,3652.886471,56633.6862912522
2019-01-16T00:00:00Z,3562.74531948,3724.88035346,3554.42910794,3613.3466342,57449.47986930394
2019-01-15T00:00:00Z,3675.81699282,3776.27253872,3540.59455146,3599.63617851,66362.51679650709
2019-01-14T00:00:00Z,3566.26855907,3772.49624523,3477.29845568,3666.0375045,69926.57618753042
2019-01-13T00:00:00Z,3691.90134284,3708.91524549,3466.13076992,3546.41460434,54627.84787785949
2019-01-12T00:00:00Z,3695.14194719,3730.03370623,3573.50341014,3684.81702842,41150.06070795512
2019-01-11T00:00:00Z,3690.29306615,3751.24564366,3561.21267038,3639.60942732,77837.76052982883
2019-01-10T00:00:00Z,4018.22803162,4128.94666388,3587.05298267,3636.7392713,133100.72092319434
2019-01-09T00:00:00Z,4034.21053819,4156.44095799,3969.31193694,4062.21566659,67282.89153144349
2019-01-08T00:00:00Z,4087.34276058,4175.77149957,3945.18438517,4040.58149162,81971.05247085419
2019-01-07T00:00:00Z,4036.96606446,4174.86777841,3951.19506753,4044.13655141,59893.11108389999
2019-01-06T00:00:00Z,3842.52922997,4188.76295772,3764.75755925,4071.48576396,81671.6520160138
2019-01-05T00:00:00Z,3814.19158815,4008.12651826,3776.96224967,3897.48196236,56235.99062286301
2019-01-04T00:00:00Z,3886.09246479,3963.76118627,3727.78486339,3802.49666047,58566.778778530206
2019-01-03T00:00:00Z,3933.74305893,4028.32544611,3737.79336517,3780.66808328,56260.1037544649
2019-01-02T00:00:00Z,3942.51112752,4047.00524273,3764.49597845,3924.55200115,71567.45737587115
2019-01-01T00:00:00Z,3769.31029969,4104.20506439,3659.15234669,3950.8040553,54922.74051707707
2018-12-31T00:00:00Z,3930.85749668,3974.20447001,3663.06872008,3762.17532164,66712.52341223544
2018-12-30T00:00:00Z,3828.75982167,4031.17620052,3698.56833606,3958.92232807,66881.83371429346
2018-12-29T00:00:00Z,4001.06993725,4071.26799755,3746.29061469,3877.532884,75517.31698051079
2018-12-28T00:00:00Z,3697.78841641,4048.68792181,3560.96158892,3992.3574483,104069.0040897771
2018-12-27T00:00:00Z,3820.69381916,3931.02011864,3561.17390176,3584.31488541,92077.01696124516
2018-12-26T00:00:00Z,3871.26945485,3991.38199714,3696.89026596,3798.17829737,83322.30460602991
2018-12-25T00:00:00Z,4053.93820518,4129.20542273,3679.05816532,3788.92911542,127654.08998401354
2018-12-24T00:00:00Z,4039.51097115,4360.74566378,3952.59254057,4035.39791619,141472.9614212506
2018-12-23T00:00:00Z,3993.37910888,4186.78580473,3910.74929186,3988.99728805,83755.31872723029
2018-12-22T00:00:00Z,3914.25979275,4125.76329779,3793.69272339,4074.24483735,84183.39392431818
2018-12-21T00:00:00Z,4137.05097465,4275.6991531,3787.73927424,3967.74685746,170075.86664288936
2018-12-20T00:00:00Z,3761.28642621,4260.56211084,3686.0835071,4117.05607,226457.62865652345
2018-12-19T00:00:00Z,3736.15396986,4025.03081299,3647.11646557,3790.89186839,206692.1824778138
2018-12-18T00:00:00Z,3504.71273981,3781.5257882,3439.27961964,3694.59547641,122081.55167129908
2018-12-17T00:00:00Z,3298.02561789,3691.30711154,3195.66762092,3514.56662963,146307.19523039725
2018-12-16T00:00:00Z,3220.72737475,3372.42262381,3162.13596688,3254.0645848,56380.84761682247
2018-12-15T00:00:00Z,3251.06777559,3314.37357702,3135.11514777,3213.48697494,63930.9423880471
2018-12-14T00:00:00Z,3298.39793377,3376.48160913,3136.00807201,3206.3268411,102526.15859650161
2018-12-13T00:00:00Z,3456.00508944,3533.29498933,3242.46867976,3318.96602329,90195.7051522539
2018-12-12T00:00:00Z,3400.79685952,3591.46566235,3327.20845002,3450.0961597,74523.47080943114
2018-12-11T00:00:00Z,3463.01633168,3545.38438052,3321.35843766,3409.98626959,80011.4000907448
2018-12-10T00:00:00Z,3561.90009718,3681.77646648,3369.92930022,3478.52134067,87172.8779756025
2018-12-09T00:00:00Z,3448.98555811,3754.17392638,3385.74467315,3634.69776977,93140.15620925975
2018-12-08T00:00:00Z,3443.6994826,3754.76738877,3267.09957242,3419.91526089,119389.83012206912
2018-12-07T00:00:00Z,3507.57094418,3581.82328563,3231.63844116,3443.11398879,232194.2835218084
2018-12-06T00:00:00Z,3744.66556731,3909.87428263,3458.5678034,3503.0225772,177312.624299322
2018-12-05T00:00:00Z,3966.06488159,3992.45842003,3696.51332487,3709.12339684,97948.07992585203
2018-12-04T00:00:00Z,3845.8027751,4120.25772042,3761.55940907,3950.46503612,109959.4964784712
2018-12-03T00:00:00Z,4149.76104274,4171.75258176,3790.76127503,3856.48108784,116084.09560183897
2018-12-02T00:00:00Z,4189.62040743,4355.56900363,4050.89452524,4148.48836805,82097.07458447159
2018-12-01T00:00:00Z,4000.37566673,4338.10294506,3921.57444651,4173.09121896,91997.44118038908
2018-11-30T00:00:00Z,4262.88266196,4340.20107201,3893.69690497,4039.48598812,147251.14612747385
2018-11-29T00:00:00Z,4238.35132997,4449.91492843,4092.48472537,4287.1985849,149860.49464897843
2018-11-28T00:00:00Z,3835.74231285,4408.18634712,3781.19888704,4225.27174028,213441.2385535956
2018-11-27T00:00:00Z,3749.97552104,3917.97059896,3608.45969075,3859.31451218,150935.30457711223
2018-11-26T00:00:00Z,4052.21557545,4180.30354964,3558.40829289,3763.9494625,216545.8064991972
2018-11-25T00:00:00Z,3841.61867096,4179.84091113,3502.82713886,4013.08463727,245990.2937948706
2018-11-24T00:00:00Z,4297.17583999,4502.42914358,3697.90789793,3809.01675661,148573.8648302326
2018-11-23T00:00:00Z,4297.53589431,4453.84133482,4117.40857871,4295.81533239,116144.07731738136
2018-11-22T00:00:00Z,4553.38460873,4694.37288732,4107.15599669,4299.81369633,84154.84535545055
2018-11-21T00:00:00Z,4438.74177339,4829.2864082,4255.73925575,4568.18508552,147330.70074673995
2018-11-20T00:00:00Z,4888.61183749,5022.67352125,4142.54010844,4496.60232292,331160.406906807
2018-11-19T00:00:00Z,5572.9383532,5639.55100207,4731.51689805,4847.04310894,208501.26104933838
2018-11-18T00:00:00Z,5531.19969619,5705.85865008,5510.31705044,5575.16980238,40561.884109746046
2018-11-17T00:00:00Z,5625.46164439,5648.30972778,5442.63708743,5622.07585109,41976.483334067954
2018-11-16T00:00:00Z,5607.32070175,5739.81977949,5426.11130775,5638.63856998,71946.77860132194
2018-11-15T00:00:00Z,5644.17232631,5879.35255691,5248.0061882,5606.46222828,132650.4225907986
2018-11-14T00:00:00Z,6420.44364939,6481.77185877,5415.60096583,5774.88128288,167363.92659520602
2018-11-13T00:00:00Z,6416.68238641,6493.82393695,6224.29589495,6281.69816922,29704.93512442066
2018-11-12T00:00:00Z,6384.3242972,6478.24194704,6306.68022786,6434.90874061,23692.7863690761
2018-11-11T00:00:00Z,6427.17123791,6452.55836261,6302.18148958,6441.4084222,19041.82719963352
2018-11-10T00:00:00Z,6380.90331425,6473.41176159,6332.72703444,6401.33997806,14344.415795691992
2018-11-09T00:00:00Z,6450.17025607,6501.23306398,6309.68075911,6406.33229384,29470.701915518763
2018-11-08T00:00:00Z,6559.60816241,6583.80506139,6389.03238975,6462.64843822,32813.4308700169
2018-11-07T00:00:00Z,6499.06763397,6605.1554803,6451.4113107,6567.54326561,34062.63195291021
2018-11-06T00:00:00Z,6423.04218811,6518.27390498,6388.57595762,6516.65096092,27571.99306375117
2018-11-05T00:00:00Z,6473.96484722,6492.28966607,6371.96997311,6444.23676479,19463.053451776934
2018-11-04T00:00:00Z,6367.94296239,6508.71499103,6320.60865758,6470.77017321,25776.527656260296
2018-11-03T00:00:00Z,6374.87145901,6431.09814379,6315.65094697,6381.97488368,22558.66430408802
2018-11-02T00:00:00Z,6373.41770225,6451.99310851,6322.06599528,6383.71499302,24040.501107568438
2018-11-01T00:00:00Z,6349.42855357,6427.33444964,6287.78058638,6394.96873285,24836.69435870745
2018-10-31T00:00:00Z,6319.04697657,6396.74986662,6208.84980969,6347.31678346,30841.03313128535
2018-10-30T00:00:00Z,6340.15006781,6383.58522712,6228.21696653,6313.04534369,29091.616520129242
2018-10-29T00:00:00Z,6457.80944805,6502.70234992,6232.92898493,6303.93141106,44561.4348017316
2018-10-28T00:00:00Z,6482.99516558,6508.10522102,6362.24048219,6464.43181573,15684.374277696335
2018-10-27T00:00:00Z,6502.48201811,6552.69975035,6386.83183294,6421.93143032,17984.551905687233
2018-10-26T00:00:00Z,6425.31823254,6574.90283954,6376.96848705,6500.59593288,22867.035950795565
2018-10-25T00:00:00Z,6555.01299132,6573.00011488,6357.96383867,6392.00621433,24646.55452008025
2018-10-24T00:00:00Z,6536.04951334,6748.11333805,6371.01504526,6509.6353513,27773.993360485983
2018-10-23T00:00:00Z,6470.59860221,6587.41205565,6367.27687127,6498.5574606,29205.045631507506
2018-10-22T00:00:00Z,6480.64129569,6633.750219,6368.41604503,6491.84884056,28001.851530525753
2018-10-21T00:00:00Z,6480.14067433,6651.3850492,6399.97373602,6529.60397801,14697.204336746352
2018-10-20T00:00:00Z,6464.13870182,6611.20979384,6327.29709826,6555.46484441,28320.27131765129
2018-10-19T00:00:00Z,6563.69142803,6630.84199523,6333.21061033,6522.1081709,37461.72616501351
2018-10-18T00:00:00Z,6542.29530608,6763.33919107,6326.18845884,6583.39180143,42451.26856077388
2018-10-17T00:00:00Z,6462.98536483,6804.11794336,6358.82225394,6622.99481254,43208.165522755764
2018-10-16T00:00:00Z,6592.77056064,6853.61101925,6389.20698726,6562.96147846,57386.62211468756
2018-10-15T00:00:00Z,6263.37699937,7322.37273498,6132.2616666,6457.96561241,212493.8906086499
2018-10-14T00:00:00Z,6232.28303835,6401.2189708,6157.50402575,6187.9922294,32567.357344093212
2018-10-13T00:00:00Z,6211.239281,6339.47512439,6178.74897911,6319.20211127,29980.78576627607
2018-10-12T00:00:00Z,6247.18094015,6354.70744229,6113.99239622,6260.78379225,47441.528793313264
2018-10-11T00:00:00Z,6616.38409391,6617.17808503,6121.90117777,6176.66334337,119847.3918261972
2018-10-10T00:00:00Z,6650.53257743,6657.46235285,6468.44547133,6593.94615724,38584.674228860815
2018-10-09T00:00:00Z,6642.04480025,6680.69630773,6550.7000806,6601.32931595,29726.770166319082
2018-10-08T00:00:00Z,6590.48346019,6705.29592996,6536.21599617,6646.44995883,44236.39593378492
2018-10-07T00:00:00Z,6592.98491563,6629.69670459,6502.93752771,6602.0891187,27168.259889316287
2018-10-06T00:00:00Z,6620.63040187,6645.27585406,6532.70920309,6593.74580171,20558.590612100088
2018-10-05T00:00:00Z,6588.38060128,6702.18930948,6502.05501902,6587.91132365,36733.47332979893
2018-10-04T00:00:00Z,6499.71188575,6634.48546035,6441.68967661,6568.18612852,40677.13862429059
2018-10-03T00:00:00Z,6520.63081415,6545.38252028,6398.16580536,6487.34980809,55037.215996768595
2018-10-02T00:00:00Z,6596.04823048,6639.4182033,6388.42517738,6503.33842862,49394.62090913805
2018-10-01T00:00:00Z,6619.96501466,6662.26846949,6490.44038272,6588.25669226,40480.47503256549
2018-09-30T00:00:00Z,6592.17541454,6662.07803024,6529.44923637,6618.28642444,41570.982972274105
2018-09-29T00:00:00Z,6634.78137248,6634.78137248,6465.31615446,6593.03080604,54540.826120211816
2018-09-28T00:00:00Z,6688.96875165,6815.55509587,6540.06788312,6633.39171521,84890.95768506997
2018-09-27T00:00:00Z,6466.09803015,6738.19826133,6428.31047418,6688.42947183,64810.343485157464
2018-09-26T00:00:00Z,6442.24925112,6554.72617562,6370.17016289,6464.32221888,57243.03953607703
2018-09-25T00:00:00Z,6582.65355141,6583.99368999,6324.09520138,6441.00069859,76122.79810993114
2018-09-24T00:00:00Z,6706.36074322,6729.60244371,6552.89437186,6579.94074097,63299.74234459012
2018-09-23T00:00:00Z,6718.69015888,6785.18029745,6662.15287623,6706.20297527,44146.7438576879
2018-09-22T00:00:00Z,6760.35704022,6839.42077383,6514.27599743,6720.33608774,56705.390719979936
2018-09-21T00:00:00Z,6493.07897771,6786.09374452,6478.24720226,6756.09816035,107492.12254929982
2018-09-20T00:00:00Z,6391.51956284,6567.62125776,6333.40997143,6492.73312581,53004.2751551847
2018-09-19T00:00:00Z,6331.1301616,6533.42098636,6105.57219232,6390.71125141,85077.07923341854
2018-09-18T00:00:00Z,6249.44384431,6385.93639372,6167.6164347,6335.45210936,58782.77833716353
2018-09-17T00:00:00Z,6499.57195593,6541.62865999,6195.36584421,6249.04036667,74867.51079878904
2018-09-16T00:00:00Z,6515.31342322,6523.1116749,6346.63511513,6504.03267785,41651.220857738765
2018-09-15T00:00:00Z,6475.87879238,6568.90211782,6466.60274711,6514.12056764,38621.22706368698
2018-09-14T00:00:00Z,6480.72807244,6593.10335727,6364.94811026,6476.07458461,65856.39710812933
2018-09-13T00:00:00Z,6333.44891268,6566.97519713,6315.85283291,6487.41323081,75736.79274189618
2018-09-12T00:00:00Z,6292.51156886,6353.08777943,6170.29008146,6330.65482787,58621.20359092422
2018-09-11T00:00:00Z,6305.44335781,6403.2663801,6168.96162235,6293.08469448,61584.5795426128
2018-09-10T00:00:00Z,6242.54494806,6370.76042839,6203.7759857,6311.7814296,57952.730880522766
2018-09-09T00:00:00Z,6171.72716163,6494.55067914,6142.86647109,6244.53322303,64054.421723724736
2018-09-08T00:00:00Z,6394.52031984,6476.95476734,6099.21861679,6186.23308603,72236.94018390942
2018-09-07T00:00:00Z,6505.57754731,6544.32889309,6317.46575279,6395.09147334,72037.81074136446
2018-09-06T00:00:00Z,6700.57667403,6716.52636636,6281.49759883,6514.05383998,143924.37775386957
2018-09-05T00:00:00Z,7337.19356308,7399.71218034,6680.69257058,6699.31032589,145296.3093835079
2018-09-04T00:00:00Z,7263.46685499,7406.30517164,7203.52450633,7340.71797304,67528.43011081748
2018-09-03T00:00:00Z,7292.28021783,7348.10785953,7157.30085627,7262.36358277,63879.62431164277
2018-09-02T00:00:00Z,7200.02932195,7416.45224993,7092.67322356,7301.71255486,94631.62825635549
2018-09-01T00:00:00Z,7012.61180996,7270.42025114,7010.11086776,7199.34604247,72133.07599618107
2018-08-31T00:00:00Z,6984.32613045,7089.42304093,6883.48315985,7014.06507384,71710.29479273154
2018-08-30T00:00:00Z,7028.80437341,7062.82877731,6780.25573166,6983.90909976,83291.67714538545
2018-08-29T00:00:00Z,7076.98647344,7135.58993507,6899.16328573,7031.35598937,74930.98586408285
2018-08-28T00:00:00Z,6909.34464307,7122.98412138,6768.80228848,7069.93661569,96745.58525913044
2018-08-27T00:00:00Z,6704.78162445,6939.57692137,6625.65735899,6909.55668933,73240.72194854949
2018-08-26T00:00:00Z,6735.36977902,6786.8525706,6559.83034352,6703.04344425,44298.441754285894
2018-08-25T00:00:00Z,6688.85521168,6795.86388314,6655.72297415,6734.78597612,43866.95519477086
2018-08-24T00:00:00Z,6526.17117471,6731.59209809,6446.17595785,6683.54093767,69731.30439065564
2018-08-23T00:00:00Z,6362.7403005,6572.68959071,6344.89824381,6525.95351356,71359.47100749073
2018-08-22T00:00:00Z,6478.26408396,6898.13149209,6240.38726582,6361.01646659,164176.07784060112
2018-08-21T00:00:00Z,6253.89667843,6502.43814998,6238.90960341,6479.12638429,81689.90511735687
2018-08-20T00:00:00Z,6483.32521743,6528.66803873,6221.51191728,6255.44927238,93402.81149130575
2018-08-19T00:00:00Z,6391.22650486,6547.69606604,6302.0719792,6479.7307752,67188.80787415216
2018-08-18T00:00:00Z,6585.57432427,6618.37675335,6297.84489067,6388.47108919,84554.5752525848
2018-08-17T00:00:00Z,6314.04025032,6588.04343148,6287.31872285,6581.80434746,100278.57209707442
2018-08-16T00:00:00Z,6266.72703199,6477.55527946,6205.11812157,6314.67667905,88185.88287486011
2018-08-15T00:00:00Z,6190.57234757,6635.95055171,6179.08138668,6267.47884075,162499.2165387477
2018-08-14T00:00:00Z,6250.43933792,6285.05339289,5876.36193703,6190.35365426,131996.1488562299
2018-08-13T00:00:00Z,6310.09994223,6542.62510717,6144.60331058,6248.25215845,103588.03631993454
2018-08-12T00:00:00Z,6229.51338627,6508.82888285,6145.35685847,6308.55908766,74892.4886405336
2018-08-11T00:00:00Z,6147.70307591,6491.32943318,5991.65443995,6229.10922954,102630.26075230977
2018-08-10T00:00:00Z,6531.24506484,6575.15968658,6011.69198563,6144.32165435,119587.32503856382
2018-08-09T00:00:00Z,6282.10770367,6625.34929975,6180.80470323,6535.75944141,106520.28892606281
2018-08-08T00:00:00Z,6719.3015317,6719.87402962,6125.36507865,6283.50150976,147127.21670970335
2018-08-07T00:00:00Z,6937.27407142,7150.14511599,6661.46123404,6719.16224269,96533.41160296327
2018-08-06T00:00:00Z,7022.63243741,7156.90076242,6826.03479048,6936.35686966,63681.51540465807
2018-08-05T00:00:00Z,7011.84289953,7089.6827574,6883.39578779,7025.34580118,60803.02594191559
2018-08-04T00:00:00Z,7417.4055033,7492.42656104,6930.92219036,7010.84360437,83945.00789770717
2018-08-03T00:00:00Z,7528.03513063,7537.32433622,7266.14334,7418.8646369,93111.58252007367
2018-08-02T00:00:00Z,7603.81109332,7710.32697536,7448.89548779,7526.27145468,67087.55016404609
2018-08-01T00:00:00Z,7733.86237051,7750.29281904,7418.70481163,7604.49107503,90821.42168083432
2018-07-31T00:00:00Z,8173.29791185,8175.80852167,5814.27837566,7730.07950285,111322.55856178713
2018-07-30T00:00:00Z,8211.85490621,8292.25075134,7861.97428996,8173.01366924,93714.9269698409
2018-07-29T00:00:00Z,8229.78255477,8304.48587469,8112.91803363,8214.73884041,42218.56653719904
2018-07-28T00:00:00Z,8188.13314069,8250.59991727,8057.69989808,8231.7480798,46401.48117119077
2018-07-27T00:00:00Z,7925.35922909,8285.16420348,7803.80087916,8186.70298277,96637.48699580478
2018-07-26T00:00:00Z,8167.05078456,8319.09585356,7852.48812844,7928.20573468,94798.5858948487
2018-07-25T00:00:00Z,8389.20375172,8488.24144627,8009.10333489,8174.691603,107293.69717919508
2018-07-24T00:00:00Z,7720.64200342,8499.82989053,7680.45140553,8389.20269964,154854.305310563
2018-07-23T00:00:00Z,7397.22557179,7818.77853339,7374.77333518,7720.47559961,108469.10517598571
2018-07-22T00:00:00Z,7400.20010211,7576.57918691,7331.16791899,7395.73176044,56368.62694147883
2018-07-21T00:00:00Z,7336.50764333,7456.82162074,7206.26710451,7399.95284938,48507.154536379436
2018-07-20T00:00:00Z,7469.58357145,7673.96628446,7264.44741303,7335.96660095,96014.43220641935
2018-07-19T00:00:00Z,7375.07871366,7570.95184486,7267.068557,7467.5266706,78770.29307404456
2018-07-18T00:00:00Z,7317.71659537,7587.61071429,7224.8276876,7373.36257884,122785.17420333673
2018-07-17T00:00:00Z,6728.29782814,7454.10944101,6654.37757241,7317.29769317,124997.73338467031
2018-07-16T00:00:00Z,6350.83419876,6749.35241703,6322.01205318,6727.48609659,82917.82241948337
2018-07-15T00:00:00Z,6250.70708855,6393.99093698,6228.86047656,6351.66309579,40629.2163461299
2018-07-14T00:00:00Z,6215.33702154,6328.23365024,6171.15420492,6250.81599879,31480.234887065573
2018-07-13T00:00:00Z,6250.3827006,6342.01666775,6092.14395447,6217.6974118,55931.71061775337
2018-07-12T00:00:00Z,6382.17919083,6383.33225184,6075.04563238,6249.49539445,70950.65345457788
2018-07-11T00:00:00Z,6300.95972925,6406.80691388,6271.28608893,6385.48101158,53391.972227301565
2018-07-10T00:00:00Z,6665.85366273,6684.54933945,6264.25238648,6299.41430455,80714.86872610878
2018-07-09T00:00:00Z,6711.28301725,6806.58509502,6610.42772773,6660.25286552,51209.88570503457
2018-07-08T00:00:00Z,6756.17673897,6794.41788961,6663.27815433,6710.98891831,44150.21522318958
2018-07-07T00:00:00Z,6606.94287694,6830.09212906,6504.53698085,6757.48961057,46315.091064825174
2018-07-06T00:00:00Z,6529.33075587,6633.30924497,6426.77070377,6608.88058845,52698.64835538356
2018-07-05T00:00:00Z,6587.04191554,6707.32217807,6437.5251628,6529.67840982,69558.3023116855
2018-07-04T00:00:00Z,6508.09050825,6784.93133696,6410.84277379,6584.06594448,58016.10505964363
2018-07-03T00:00:00Z,6615.56170182,6675.69642166,6466.01386232,6512.13046831,66561.7121533391
2018-07-02T00:00:00Z,6355.36642433,6679.45407992,6270.17208245,6615.37238666,76864.63356846981
2018-07-01T00:00:00Z,6388.85802813,6437.58594149,6254.01377539,6355.73351837,45650.01493774862
2018-06-30T00:00:00Z,6200.20891872,6534.32478715,6189.39793482,6389.95286206,73135.12789757179
2018-06-29T00:00:00Z,5847.23675409,6300.61827227,5782.6105153,6200.97249344,85214.54200357104
2018-06-28T00:00:00Z,6133.44480382,6190.04171427,5820.25765521,5850.7108974,60826.34867485941
2018-06-27T00:00:00Z,6069.85471529,6210.85737105,5982.85488538,6133.17334117,49312.274911480345
2018-06-26T00:00:00Z,6251.03172378,6280.14647442,6042.03070116,6072.34372351,49462.90445828803
2018-06-25T00:00:00Z,6144.60030806,6344.31462802,6067.75144676,6251.77740764,81641.58323971795
2018-06-24T00:00:00Z,6151.61080241,6263.47396116,5749.91707174,6138.50099112,117436.86719146157
2018-06-23T00:00:00Z,6045.45040971,6268.96079806,6015.72085367,6151.51630836,57809.585532101744
2018-06-22T00:00:00Z,6716.14582626,6733.78799962,5916.95421904,6046.41903802,136610.72377773686
2018-06-21T00:00:00Z,6761.0652647,6792.29129362,6678.60093653,6718.26863053,43227.86459352121
2018-06-20T00:00:00Z,6737.46379986,6818.30124646,6552.24817063,6761.00357801,57003.28771029658
2018-06-19T00:00:00Z,6708.9369396,6845.0471206,6657.90377628,6738.82345568,51460.60870815474
2018-06-18T00:00:00Z,6444.93531162,6838.48711809,6375.08111452,6710.09385195,70934.74572661302
2018-06-17T00:00:00Z,6482.80224989,6578.89665258,6424.77891415,6445.99122734,34738.52699097411
2018-06-16T00:00:00Z,6384.24557729,6556.77624467,6325.27662666,6483.83569106,43514.83540665953
2018-06-15T00:00:00Z,6636.2825574,6662.80052634,6310.49872879,6386.55126041,63019.39571522494
2018-06-14T00:00:00Z,6294.76223427,6735.35629771,6263.45843617,6635.96384376,100849.47641265634
2018-06-13T00:00:00Z,6536.98820141,6615.42216893,6115.7794998,6293.44573096,118290.14809407284
2018-06-12T00:00:00Z,6874.85100242,6883.34828296,6438.77088382,6536.06612758,85539.7660149255
2018-06-11T00:00:00Z,6763.71997957,6909.75184371,6628.46465461,6875.36793688,73394.79699132903
2018-06-10T00:00:00Z,7496.34147504,7496.39162453,6631.22733911,6763.86817326,139205.4687688216
2018-06-09T00:00:00Z,7610.3663761,7681.96140263,7459.19954247,7496.18891332,30929.94870718832
2018-06-08T00:00:00Z,7689.71485464,7701.98598668,7534.91076994,7606.02756876,42242.2345715819
2018-06-07T00:00:00Z,7657.7248589,7794.67063277,7622.96993185,7689.93587697,43748.69768983605
2018-06-06T00:00:00Z,7619.33378926,7696.1382086,7467.79794416,7658.79781995,54968.99915440984
2018-06-05T00:00:00Z,7487.72657891,7677.33705523,7353.18791899,7623.7707948,58705.88368788837
2018-06-04T00:00:00Z,7713.894181,7759.96899139,7447.70119731,7487.28234427,60677.22139690477
2018-06-03T00:00:00Z,7635.00144904,7780.93772454,7596.58628568,7713.09347452,49050.28383350143
2018-06-02T00:00:00Z,7518.94426967,7696.23571675,7439.23103692,7639.02000516,52377.96243074273
2018-06-01T00:00:00Z,7480.24321882,7604.84819948,7337.90510414,7517.53985591,58086.538916468606
2018-05-31T00:00:00Z,7381.28748472,7686.95031546,7316.66531048,7485.05106239,60659.17113068799
2018-05-30T00:00:00Z,7466.63498185,7561.80532765,7264.60853211,7370.48130405,65105.59845869072
2018-05-29T00:00:00Z,7098.6203403,7533.75984081,7039.35429262,7461.93741393,83975.62531465822
2018-05-28T00:00:00Z,7337.59430536,7439.92082671,7066.91544541,7100.84214762,67171.03053165173
2018-05-27T00:00:00Z,7332.46780341,7416.10836654,7217.10088997,7331.91728648,42199.014018775764
2018-05-26T00:00:00Z,7457.18369923,7626.22339347,7292.12079829,7333.50902235,41182.55061094951
2018-05-25T00:00:00Z,7578.75693089,7654.44420416,7309.36028011,7457.31855152,67031.85722319038
2018-05-24T00:00:00Z,7500.73385731,7728.59729531,7263.55529027,7576.5729361,96344.11881086638
2018-05-23T00:00:00Z,7978.60680932,8027.04591436,7411.55274444,7502.08069395,111059.03982094572
2018-05-22T00:00:00Z,8380.31344284,8406.05784018,7942.70381501,7978.66619169,56434.59162796614
2018-05-21T00:00:00Z,8525.24875702,8628.39847236,8303.99734699,8398.46089708,47795.22637606115
2018-05-20T00:00:00Z,8231.61719313,8604.50904777,8152.78675598,8522.5998177,43699.58800489307
2018-05-19T00:00:00Z,8232.52413283,8453.35990187,8111.07114257,8233.40499081,38843.81372558443
2018-05-18T00:00:00Z,8044.34652529,8275.53495469,7921.99491321,8235.46587284,60702.9040680825
2018-05-17T00:00:00Z,8332.85743825,8480.38522067,7984.87803366,8047.42650547,64721.83115844295
2018-05-16T00:00:00Z,8467.72745307,8491.92101242,8093.73964752,8334.65704002,83034.46763598551
2018-05-15T00:00:00Z,8665.98683692,8854.48405536,8412.82352314,8467.38292298,70848.35114935844
2018-05-14T00:00:00Z,8682.32433251,8882.25038795,8276.02626807,8668.19006601,96748.17360479552
2018-05-13T00:00:00Z,8474.59657689,8763.05364074,8314.19647547,8680.564296,59995.902188719374
2018-05-12T00:00:00Z,8407.48371,8646.82802172,8178.63767224,8471.77674119,96302.4137912027
2018-05-11T00:00:00Z,9008.04942642,9010.86996542,8341.32293211,8403.13663766,131543.43586259478
2018-05-10T00:00:00Z,9311.92786637,9392.43001696,8985.73791395,9012.57033379,61262.14800625913
2018-05-09T00:00:00Z,9184.15065315,9399.1990609,8969.97091552,9309.73710928,62983.25860558679
2018-05-08T00:00:00Z,9368.82600325,9471.47591772,9049.50507666,9185.18120981,65874.70206057945
2018-05-07T00:00:00Z,9641.8547945,9679.05452944,9171.63695693,9365.92915099,75344.61412369412
2018-05-06T00:00:00Z,9849.57207626,9956.70135035,9394.1435492,9616.21257256,67342.67821913073
2018-05-05T00:00:00Z,9704.53333505,9992.94752681,9505.97255404,9850.04979328,69143.67590843368
2018-05-04T00:00:00Z,9751.81773983,9823.20120872,9501.1177384,9708.63086113,69753.80979838279
2018-05-03T00:00:00Z,9224.50423601,9856.68354658,9155.85070552,9746.5815646,98502.09918152151
2018-05-02T00:00:00Z,9069.56936244,9276.68881819,8975.84276076,9225.72724399,60316.48883965421
2018-05-01T00:00:00Z,9242.76699044,9247.35010756,8823.49042766,9074.14041917,86544.40981656918
2018-04-30T00:00:00Z,9405.24930044,9454.51525829,9109.95941601,9244.37082914,72792.13418173237
2018-04-29T00:00:00Z,9346.35904386,9559.28579815,9170.38235244,9406.64232987,78984.7248693876
2018-04-28T00:00:00Z,8920.05146961,9471.84958741,8801.77676375,9344.8651826,95705.09850525671
2018-04-27T00:00:00Z,9269.28424912,9391.57372151,8897.88221867,8923.61941472,88421.90418660647
2018-04-26T00:00:00Z,8867.5400044,9309.22319095,8588.46741016,9268.99857429,112958.5678654482
2018-04-25T00:00:00Z,9641.35135334,9763.70395484,8742.73845626,8870.19266805,207925.07811949906
2018-04-24T00:00:00Z,8935.3294852,9736.10378735,8924.08879568,9644.17159469,139386.4155919389
2018-04-23T00:00:00Z,8788.75878318,9007.6516427,8752.2653547,8935.42906505,62745.85052491408
2018-04-22T00:00:00Z,8914.96731417,9038.58138899,8747.38345622,8798.23440088,74971.94172019493
2018-04-21T00:00:00Z,8862.32324977,9056.76548536,8586.76487123,8913.72264538,100989.77344503888
2018-04-20T00:00:00Z,8273.94840023,8935.93724121,8195.57865729,8860.34480673,118263.81616471462
2018-04-19T00:00:00Z,8165.68010911,8298.28890467,8048.6141494,8276.02981155,74188.31061635447
2018-04-18T00:00:00Z,7890.83733043,8237.68743236,7871.43458592,8170.6655739,74872.31069033165
2018-04-17T00:00:00Z,8059.31012465,8178.88121561,7818.4597635,7885.02540509,78877.69122619588
2018-04-16T00:00:00Z,8356.44933234,8415.89733997,7886.55137254,8058.87515455,96592.24197265494
2018-04-15T00:00:00Z,8005.98130703,8441.95270516,7998.21303305,8356.93932983,76183.24388286169
2018-04-14T00:00:00Z,7883.78235102,8188.64322406,7816.96932138,8005.29127997,74770.60169688133
2018-04-13T00:00:00Z,7917.80716188,8233.94882705,7739.42903306,7880.72298161,152139.88442494345
2018-04-12T00:00:00Z,6944.63651784,8128.17019421,6747.50307283,7912.47460542,213145.4509739198
2018-04-11T00:00:00Z,6836.07905265,7007.59965559,6793.18482716,6944.87030409,67810.83890331614
2018-04-10T00:00:00Z,6775.42711103,6892.92348383,6651.94519552,6839.26916731,62830.37857982001
2018-04-09T00:00:00Z,7020.99670189,7185.88225993,6613.97580902,6772.64629056,136937.2692295765
2018-04-08T00:00:00Z,6891.22763368,7118.91363923,6881.53068292,7021.43749268,63203.60891704993
2018-04-07T00:00:00Z,6604.1138836,7074.67544475,6591.90917723,6893.49479485,93117.43797511586
2018-04-06T00:00:00Z,6769.91029119,6855.72282556,6503.15504844,6606.86489894,89679.13700607257
2018-04-05T00:00:00Z,6792.5510865,6928.33456365,6564.06144469,6782.26766538,113985.00868805339
2018-04-04T00:00:00Z,7409.62172569,7423.0117907,6681.37513636,6792.41595394,126417.60335749967
2018-04-03T00:00:00Z,7052.58569945,7518.22270082,7013.00928995,7413.64346461,119261.54119776373
2018-04-02T00:00:00Z,6816.48148046,7117.48349032,6770.16078547,7053.17723449,102206.6999429315
2018-04-01T00:00:00Z,6923.62134231,7041.42671648,6434.92842802,6820.13702151,130854.09995681862
2018-03-31T00:00:00Z,6840.79289338,7216.22652993,6779.44425775,6924.802548,132044.80990834982
2018-03-30T00:00:00Z,7091.65604642,7272.42849354,6551.90408615,6833.77574714,229144.38369380694
2018-03-29T00:00:00Z,7940.78657119,7968.20930182,6895.13056993,7090.71845822,185601.50162387735
2018-03-28T00:00:00Z,7789.20479781,8115.82937726,7711.23981482,7946.0639661,81102.81444681177
2018-03-27T00:00:00Z,8135.59753529,8219.89220124,7729.32110117,7792.66195342,115657.61860256537
2018-03-26T00:00:00Z,8451.69233931,8503.51283851,7837.11651028,8141.46895462,133198.59711962417
2018-03-25T00:00:00Z,8527.30720046,8675.19975365,8362.00422702,8462.06884542,77015.89794128096
2018-03-24T00:00:00Z,8907.19980156,9030.82235112,8478.86604885,8530.99388629,101141.46289341131
2018-03-23T00:00:00Z,8713.71626953,8917.29434068,8274.8387485,8913.00256631,112369.0184897555
2018-03-22T00:00:00Z,8887.29579198,9097.6815153,8457.14181782,8714.26287641,123842.63342631224
2018-03-21T00:00:00Z,8902.91905913,9176.27991731,8749.96045015,8886.16516725,113113.8002360665
2018-03-20T00:00:00Z,8597.40336483,9039.22317206,8289.62999363,8907.5175367,136668.83987873088
2018-03-19T00:00:00Z,8190.35998275,8727.79500278,8092.23006329,8599.86635958,174096.3354619981
2018-03-18T00:00:00Z,7835.98211246,8298.09828456,7255.38496518,8196.19820583,203664.00766105767
2018-03-17T00:00:00Z,8256.64162529,8356.14670973,7716.96299518,7838.99882105,110000.14407648977
2018-03-16T00:00:00Z,8248.30188939,8602.69021492,7894.39825767,8256.66582963,128413.57907967882
2018-03-15T00:00:00Z,8188.63022129,8418.77870938,7661.56590722,8262.48868042,185740.89925499912
2018-03-14T00:00:00Z,9141.67680699,9409.23093497,7910.85966063,8178.87500781,178099.13953843672
2018-03-13T00:00:00Z,9126.53496482,9474.3505307,8834.07633505,9146.87491039,133369.95002227725
2018-03-12T00:00:00Z,9529.78956862,9897.86145532,8774.4083325,9124.73864995,148846.6985301634
2018-03-11T00:00:00Z,8772.27687392,9738.84626616,8434.05281301,9529.00478167,154810.8166470408
2018-03-10T00:00:00Z,9228.22171535,9506.83074111,8679.84112349,8772.73699869,122059.38548392443
2018-03-09T00:00:00Z,9295.66256803,9419.76192322,8360.17325282,9226.8516132,231029.98600823968
2018-03-08T00:00:00Z,9910.56650744,10106.13270632,9042.54963884,9285.65374077,148406.51852945972
2018-03-07T00:00:00Z,10716.11502199,10896.99249585,9401.15815003,9908.19607925,179367.0616674498
2018-03-06T00:00:00Z,11421.59694371,11423.34162452,10563.93474053,10716.82005401,105690.25596777785
2018-03-05T00:00:00Z,11503.75870037,11692.06467295,11364.71349301,11402.00603837,60696.70377237198
2018-03-04T00:00:00Z,11456.14068471,11548.62960745,11053.60562255,11497.8164353,59523.700977397835
2018-03-03T00:00:00Z,11029.5214819,11533.24510752,11019.85137845,11444.57483512,72282.66571153211
2018-03-02T00:00:00Z,10919.73679113,11183.88105992,10772.71942713,11029.58012322,75224.2184318248
2018-03-01T00:00:00Z,10312.22611981,11080.13220195,10139.92696818,10915.23190233,85533.4785789057
2018-02-28T00:00:00Z,10576.58050321,11074.93973002,10268.76580307,10317.40097241,106325.65452992634
2018-02-27T00:00:00Z,10313.46288494,10879.91299409,10125.20919817,10569.80645609,99575.38575105449
2018-02-26T00:00:00Z,9581.20797127,10447.22190564,9359.10575204,10318.71631104,112629.99303437954
2018-02-25T00:00:00Z,9679.28454939,9848.76930695,9293.94158563,9589.47193842,80192.46389001676
2018-02-24T00:00:00Z,10137.16863314,10510.99486723,9359.15790769,9684.23988338,129707.15837372163
2018-02-23T00:00:00Z,9825.72161907,10416.69533969,9574.12516244,10139.93312259,152334.93072667532
2018-02-22T00:00:00Z,10446.02566972,10947.31609025,9718.14680686,9819.53502931,186328.43448796723
2018-02-21T00:00:00Z,11212.84111445,11284.77306865,10209.24958034,10457.17512538,195040.6131018003
2018-02-20T00:00:00Z,11168.44598994,11787.72578174,11059.43568978,11223.16257258,151031.63830912497
2018-02-19T00:00:00Z,10387.68113782,11257.7498951,10296.23867428,11151.18162667,118368.4937985859
2018-02-18T00:00:00Z,11064.14426205,11279.81661613,10107.59343172,10390.58458879,172692.98717992543
2018-02-17T00:00:00Z,10174.74399407,11096.49429245,10051.40827939,11065.85568743,126802.89728351531
2018-02-16T00:00:00Z,10023.0072054,10298.60625481,9679.05044571,10177.79605565,109356.18879629648
2018-02-15T00:00:00Z,9463.71278847,10209.72501502,9324.19692725,10001.82598277,167090.91251126022
2018-02-14T00:00:00Z,8524.61932328,9490.59556903,8523.37185398,9459.54637571,126997.75669758108
2018-02-13T00:00:00Z,8897.9037396,8943.932083,8338.51323211,8520.68331319,98603.6648409789
2018-02-12T00:00:00Z,8066.28195672,8995.18367518,8060.02438658,8900.49581367,125231.17625758346
2018-02-11T00:00:00Z,8557.62585088,8564.92681359,7799.78777107,8066.81573258,127276.10982066162
2018-02-10T00:00:00Z,8682.65187503,9070.83713702,8143.27888767,8551.85209406,159741.6776213219
2018-02-09T00:00:00Z,8233.74603681,8737.43334321,7736.05119864,8678.69200947,127554.37245750231
2018-02-08T00:00:00Z,7581.23784459,8630.38112596,7561.34724464,8236.01726584,128875.75084644294
2018-02-07T00:00:00Z,7674.15560879,8573.53078613,7147.53829006,7582.23418613,244340.10584231679
2018-02-06T00:00:00Z,6908.63672175,7913.68475007,5950.21230448,7669.87538645,431177.90625079605
2018-02-05T00:00:00Z,8178.32691564,8369.8805626,6536.23448151,6927.97027468,286322.3618506858
2018-02-04T00:00:00Z,9199.94101478,9379.8802918,7819.60874749,8179.85826618,145246.15037008811
2018-02-03T00:00:00Z,8857.32885433,9494.41847552,8143.81098656,9222.58136594,118033.88044026795
2018-02-02T00:00:00Z,9107.62335909,9172.58476032,7729.7528942,8859.80580004,254932.3301123604
2018-02-01T00:00:00Z,10245.90357401,10305.47485159,8542.78001389,9077.75485272,172037.6914970363
2018-01-31T00:00:00Z,10125.38777289,10393.38861759,9627.08817357,10231.60350179,93282.46107198762
2018-01-30T00:00:00Z,11192.23317779,11254.8118096,9807.28799737,10028.97853788,130664.96007674026
2018-01-29T00:00:00Z,11719.06420044,11928.53158217,10976.41556847,11188.58311577,59223.567394802856
2018-01-28T00:00:00Z,11458.29425394,12121.85800493,11265.42416073,11683.13346866,70145.85079666124
2018-01-27T00:00:00Z,11079.67883838,11660.39320724,10837.00573232,11421.57755979,75444.28575491905
2018-01-26T00:00:00Z,11149.23635738,11676.04585712,10305.77601362,11080.39834452,123410.23571904023
2018-01-25T00:00:00Z,11386.24493823,11746.35475836,10882.36415681,11147.5428662,78049.77001473795
2018-01-24T00:00:00Z,10812.39747374,11555.48425564,10464.38433642,11386.43761048,95883.52370998755
2018-01-23T00:00:00Z,10790.97949924,11410.93565796,9925.85315963,10810.04959211,136255.4732981128
2018-01-22T00:00:00Z,11520.89498701,11922.0900416,9999.31398181,10797.63601924,147902.70221210516
2018-01-21T00:00:00Z,12756.01112725,12821.07156413,11047.48407185,11517.1763628,124579.16766078677
2018-01-20T00:00:00Z,11546.28797677,13039.90242735,11427.36442074,12760.95096721,104781.58326062791
2018-01-19T00:00:00Z,11181.29053704,12118.16213105,10711.21288817,11462.16566758,111362.87459616608
2018-01-18T00:00:00Z,11105.57394098,12113.45992714,10491.10407225,11035.77794751,183749.04166982672
2018-01-17T00:00:00Z,11243.66385904,11943.0977523,9114.20047271,11138.58211312,297200.9826430662
2018-01-16T00:00:00Z,13590.6969479,13623.33324418,9790.53463908,11189.07454275,286083.04331516183
2018-01-15T00:00:00Z,13584.64513715,14349.03612057,13276.17240249,13597.58099594,65367.04567373837
2018-01-14T00:00:00Z,14198.78782281,14421.2089421,12893.57109553,13619.24566484,69961.7417273855
2018-01-13T00:00:00Z,13790.12893125,14601.57303467,13747.0008272,14345.75444898,55662.42378080275
2018-01-12T00:00:00Z,13260.01551226,14099.44400179,12710.6717381,13801.16981509,72992.43065849411
2018-01-11T00:00:00Z,14900.86221748,14987.24580905,12212.76673868,13254.932109,145688.26773473827
2018-01-10T00:00:00Z,14449.87319491,14895.50481827,13343.06764594,14890.95771087,106968.46788957303
2018-01-09T00:00:00Z,14952.01325094,15510.8920699,14113.70274218,14432.65849807,81388.65561633876
2018-01-08T00:00:00Z,16208.90169956,16307.18370335,13511.14373395,14928.94870821,127289.20890000103
2018-01-07T00:00:00Z,17091.11767672,17168.3657096,15699.54375314,16143.27887521,61513.45659796826
2018-01-06T00:00:00Z,16969.18411916,17216.89209554,16093.25937557,17110.17071126,68794.52651847857
2018-01-05T00:00:00Z,15186.91140412,17148.22707674,14736.14277203,16967.31740521,113002.61737415484
2018-01-04T00:00:00Z,15121.17477415,15439.99963816,14040.32285625,15200.65949491,99801.46684399941
2018-01-03T00:00:00Z,14762.39988341,15477.19569173,14456.95437219,15116.0842882,80249.09230853364
2018-01-02T00:00:00Z,13386.95928625,15454.88881583,12832.63083147,14728.13741303,112489.29448833952
2018-01-01T00:00:00Z,13871.12412351,14122.42870996,12808.39510532,13417.92928131,57385.804981306384
2017-12-31T00:00:00Z,12482.33299143,14225.61736661,12289.90074204,13771.180613,81770.33045246502
2017-12-30T00:00:00Z,14394.97959812,14562.22646055,11919.87889144,12464.85031092,140332.35820287495
2017-12-29T00:00:00Z,14412.80950632,15149.10054952,13876.65236179,14390.75575935,94568.31062880388
2017-12-28T00:00:00Z,15486.4857924,15566.57669938,13244.95168574,14368.8840903,142001.6662383508
2017-12-27T00:00:00Z,15715.65688521,16558.44208956,14424.92067382,15384.42416802,107167.97129950987
2017-12-26T00:00:00Z,13830.67320092,16153.57921651,13564.14475646,15733.06930141,112381.2785906144
2017-12-25T00:00:00Z,13576.47395209,14425.91183762,12881.35165733,13801.06222443,86027.8263896987
2017-12-24T00:00:00Z,14142.45099535,14464.58728797,11834.40461571,13671.67143299,145096.3006655862
2017-12-23T00:00:00Z,13541.65457768,15889.25284937,12682.92188941,14240.84131164,120453.42288358104
2017-12-22T00:00:00Z,15607.5512878,15825.11034857,10711.79788058,13651.79545642,362578.39592355705
2017-12-21T00:00:00Z,16416.97016644,17327.65184651,14810.5199542,15642.50115938,129644.92039235502
2017-12-20T00:00:00Z,17472.86682255,17838.17575677,15058.59769582,16446.50631438,160939.20356525062
2017-12-19T00:00:00Z,18946.32292384,19021.65170388,16568.2679486,17401.05155791,127672.71636281951
2017-12-18T00:00:00Z,18996.69825622,19261.58896106,17906.74664122,18940.13609656,101663.53172959793
2017-12-17T00:00:00Z,19572.75433697,19877.06050969,18630.19828259,19038.98553767,92593.20782511306
2017-12-16T00:00:00Z,17580.74522903,19728.57813949,17073.25566661,19265.53942143,84941.62207728761
2017-12-15T00:00:00Z,16453.21009243,18055.74601552,16402.21336078,17585.59354302,110850.93857491111
2017-12-14T00:00:00Z,16250.17213276,16963.6447335,15775.09532269,16609.63403755,82346.05461001064
2017-12-13T00:00:00Z,17153.05632808,17806.31207709,15625.19136684,16265.48220168,117986.67214953147
2017-12-12T00:00:00Z,16753.84731741,17953.04923972,16263.18101727,17248.98780152,109492.36028354682
2017-12-11T00:00:00Z,15046.24026534,17461.38356536,15008.64512245,16773.95637061,144531.28197852112
2017-12-10T00:00:00Z,14987.12409556,16016.22512849,12836.24830349,14987.36940452,196114.8357466854
2017-12-09T00:00:00Z,15993.76920682,16321.3021653,13137.66316466,14765.50775711,147292.7162822636
2017-12-08T00:00:00Z,16750.68553717,17455.19673684,13746.06497552,15995.3050239,229774.08342080002
2017-12-07T00:00:00Z,13669.32481949,18241.23869508,13308.76385404,17010.37111969,257934.45906914744
2017-12-06T00:00:00Z,11623.62957671,14157.56300167,11604.97205125,13602.46547133,157852.10552573626
2017-12-05T00:00:00Z,11603.67161932,11953.14526917,11420.2375743,11651.01892054,80211.14330637756
2017-12-04T00:00:00Z,11193.71510111,11627.06124095,10767.54290298,11621.26891963,97943.44794806761
2017-12-03T00:00:00Z,10888.17898202,11863.28258287,10251.45533457,11216.10600424,144432.95476860582
2017-12-02T00:00:00Z,10841.71415905,11184.77703179,10643.20302974,10888.34548082,83305.15254333687
2017-12-01T00:00:00Z,9932.28690584,10946.45806011,9379.20710832,10853.88548042,137592.64293017186
2017-11-30T00:00:00Z,9779.6970413,10751.70737797,8901.0103384,9925.23105033,203067.76447114354
2017-11-29T00:00:00Z,9913.1111475,11435.19720062,8910.01936215,9787.21190434,300567.3033152181
2017-11-28T00:00:00Z,9746.92540248,9995.67742351,9544.35930609,9905.76283512,79175.60575850101
2017-11-27T00:00:00Z,9276.86394058,9759.09778287,9259.53106255,9738.48724567,108060.63168101558
2017-11-26T00:00:00Z,8756.08126859,9536.74576909,8744.56196549,9264.55941059,110692.56598088022
2017-11-25T00:00:00Z,8200.90278983,8775.68676613,8144.1299746,8750.08374328,72387.16762605603
2017-11-24T00:00:00Z,8010.61869898,8347.63109605,7878.7903454,8192.68083623,70504.51949423102
2017-11-23T00:00:00Z,8241.09958908,8268.55703998,7977.67598501,7985.32532894,55161.64255630973
2017-11-22T00:00:00Z,8100.13283686,8310.73787324,8052.37780882,8233.69257867,52039.51246814404
2017-11-21T00:00:00Z,8246.70689054,8378.40802739,7786.347279,8106.26097186,121267.31723553016
2017-11-20T00:00:00Z,8051.49524694,8312.03203643,7925.93347605,8239.33863888,65584.15417678712
2017-11-19T00:00:00Z,7777.60919941,8122.37061084,7660.24931148,8040.57365006,65183.10268804888
2017-11-18T00:00:00Z,7694.48304433,7853.23681776,7413.80372169,7769.47656537,67217.69374911356
2017-11-17T00:00:00Z,7848.67057879,8027.5019812,7504.11827706,7682.95710418,119936.93195212785
2017-11-16T00:00:00Z,7268.2628877,7997.81425347,7057.57896619,7852.16761889,136971.2993322419
2017-11-15T00:00:00Z,6597.36357211,7325.5125646,6597.00270505,7265.89763169,118073.47228910601
2017-11-14T00:00:00Z,6505.42042386,6731.03859579,6308.65212819,6596.46105483,81009.27888044728
2017-11-13T00:00:00Z,5827.80983703,6745.04214196,5785.97715062,6490.23027412,170122.96807382925
2017-11-12T00:00:00Z,6328.72941528,6482.49103393,5420.71749387,5834.04711101,269172.4656059009
2017-11-11T00:00:00Z,6557.44497546,6844.26554253,6168.46345354,6322.58526882,117906.97982536188
2017-11-10T00:00:00Z,7133.78199891,7338.03158994,6393.73800468,6556.07918733,148826.4752747702
2017-11-09T00:00:00Z,7447.97566313,7462.56239748,7005.65442667,7134.41084778,80879.37367081118
2017-11-08T00:00:00Z,7104.73814735,7890.77797833,6962.44517771,7443.42321726,160584.93751724708
2017-11-07T00:00:00Z,6961.69352329,7225.16300251,6959.06352411,7106.28493912,60130.320705561426
2017-11-06T00:00:00Z,7374.25876751,7439.30417812,6923.91973378,6954.71524348,101093.0159689
2017-11-05T00:00:00Z,7384.06283855,7624.00460264,7276.75164839,7379.13643415,70565.53076835297
2017-11-04T00:00:00Z,7137.67791682,7522.47590419,6943.94214592,7391.31757222,71584.96062063657
2017-11-03T00:00:00Z,7023.02185982,7439.97702727,6926.95672052,7152.51666223,102022.14468540912
2017-11-02T00:00:00Z,6747.50091793,7351.37366806,6697.65330505,7032.19878152,156388.02259862068
2017-11-01T00:00:00Z,6453.42582837,6758.21534653,6341.46733451,6745.52391364,89883.21537752161
2017-10-31T00:00:00Z,6126.94335566,6469.14386689,6085.68725678,6452.68501304,63980.799030660746
2017-10-30T00:00:00Z,6147.01715955,6231.2583623,6009.55951063,6127.4315527,49747.85112710789
2017-10-29T00:00:00Z,5732.83207101,6324.26688096,5666.53769236,6145.45516471,86689.49808044871
2017-10-28T00:00:00Z,5765.83986684,5901.37781107,5637.03481854,5726.93583753,37942.0477673189
2017-10-27T00:00:00Z,5889.90455728,6017.57059099,5671.47386255,5783.43030495,57574.754226104305
2017-10-26T00:00:00Z,5734.81925275,5974.59224124,5672.95492732,5889.54699434,65995.08480895722
2017-10-25T00:00:00Z,5514.82420108,5749.80404446,5374.32602601,5732.27771842,73328.88711753393
2017-10-24T00:00:00Z,5911.28832704,5925.50067926,5461.8461751,5517.0439486,100830.690186201
2017-10-23T00:00:00Z,5992.10781822,6059.51509134,5630.46408512,5916.38109276,96075.77061582313
2017-10-22T00:00:00Z,6015.15084101,6074.34700563,5715.60472999,5984.03872847,71006.04518986045
2017-10-21T00:00:00Z,5987.07680061,6192.76908982,5866.0046642,6012.09808917,78971.5320295096
2017-10-20T00:00:00Z,5699.85496347,6076.56171907,5606.50853139,5990.30640847,91572.41801042088
2017-10-19T00:00:00Z,5564.11881728,5748.33455666,5508.59236858,5695.44881663,56079.469448455915
2017-10-18T00:00:00Z,5594.86155358,5608.92261696,5107.67854243,5566.4313286,104133.62052795343
2017-10-17T00:00:00Z,5757.80178592,5772.67496996,5517.28058654,5600.77035736,49931.33718044254
2017-10-16T00:00:00Z,5695.91822299,5804.9549854,5572.502558,5747.76106108,48025.565643017966
2017-10-15T00:00:00Z,5824.34761914,5875.19350995,5450.28988686,5709.66862891,81755.88438781866
2017-10-14T00:00:00Z,5629.45072133,5845.33301145,5548.18187282,5818.1714637,53433.50698392535
2017-10-13T00:00:00Z,5438.32441498,5904.27070962,5287.91813152,5627.39277161,147959.25212215836
2017-10-12T00:00:00Z,4818.05330319,5438.30022746,4810.95619965,5436.20728727,118082.58480044836
2017-10-11T00:00:00Z,4775.06182943,4877.94424437,4699.24371381,4821.86444765,43662.90817546271
2017-10-10T00:00:00Z,4778.13886167,4933.2922463,4692.72187417,4767.29597137,68824.52260657896
2017-10-09T00:00:00Z,4608.63898036,4875.8600035,4546.06629671,4773.06113949,74889.40952252391
2017-10-08T00:00:00Z,4432.13416659,4630.76494565,4405.50347393,4610.12311256,45437.679956511536
2017-10-07T00:00:00Z,4367.0806072,4502.52502754,4310.20332665,4431.0655699,26023.002893595094
2017-10-06T00:00:00Z,4313.76489132,4423.75047953,4282.69964273,4363.15913436,38638.287517065844
2017-10-05T00:00:00Z,4211.36286227,4372.02466657,4121.10193198,4313.32931555,40046.15715938614
2017-10-04T00:00:00Z,4307.50467261,4358.79040468,4159.9915185,4218.42081537,41690.45677128602
2017-10-03T00:00:00Z,4393.89581795,4437.70112947,4211.09111959,4309.82800805,51342.08527630196
2017-10-02T00:00:00Z,4403.9462985,4490.7720706,4348.51960219,4394.84893202,45922.335359888275
2017-10-01T00:00:00Z,4357.72330121,4417.98815425,4249.60148494,4400.38883297,41811.462135031084
2017-09-30T00:00:00Z,4167.46622518,4396.01604978,4144.52573229,4349.02406085,46985.230512735
2017-09-29T00:00:00Z,4190.42314328,4237.25341994,3996.76805221,4164.89664101,64185.866354652266
2017-09-28T00:00:00Z,4203.96328606,4275.33672596,4100.69880765,4188.83438228,58509.34753836067
2017-09-27T00:00:00Z,3882.44970226,4232.6987864,3873.90934718,4209.08324894,75508.22522579502
2017-09-26T00:00:00Z,3926.71323457,3979.8720234,3841.58041286,3882.95418007,36311.35860831574
2017-09-25T00:00:00Z,3658.20429629,3974.22775181,3653.84026477,3928.97317779,63058.36054670087
2017-09-24T00:00:00Z,3783.05632112,3792.28416841,3621.61006738,3658.33418046,32225.316570993073
2017-09-23T00:00:00Z,3606.47343502,3812.50612411,3560.82146073,3781.23449532,42373.19003002198
2017-09-22T00:00:00Z,3610.317567,3761.59817699,3494.68391409,3604.08678848,76258.81880954085
2017-09-21T00:00:00Z,3868.51735271,3907.72049075,3562.92396099,3607.69978074,94084.35196015784
2017-09-20T00:00:00Z,3901.16336461,4048.37502827,3825.70526909,3872.02631381,54531.716756457834
2017-09-19T00:00:00Z,4091.86554655,4120.05352966,3833.17606824,3904.11692777,79064.12757273976
2017-09-18T00:00:00Z,3671.69202347,4117.85738259,3670.1110328,4088.14231371,95862.68636230819
2017-09-17T00:00:00Z,3698.33120126,3823.00038091,3466.86490227,3683.35641661,62482.73855044134
2017-09-16T00:00:00Z,3710.18508499,3983.23120358,3523.91047385,3684.76778818,115068.59123779967
2017-09-15T00:00:00Z,3240.62951086,3836.25897219,2977.07133238,3708.5634654,302247.43543330365
2017-09-14T00:00:00Z,3853.18441597,3934.88953834,3204.08563928,3236.8754518,208333.38762953423
2017-09-13T00:00:00Z,4149.81261601,4170.66229585,3736.19394299,3852.97238186,124253.98984775266
2017-09-12T00:00:00Z,4206.83409446,4391.24689927,4050.03595337,4151.957597,69039.3165286405
2017-09-11T00:00:00Z,4240.10761247,4382.91132893,4116.03063756,4204.32172908,51397.90255390953
2017-09-10T00:00:00Z,4318.24192041,4348.76040014,3988.76819076,4253.33817269,68741.34914480727
2017-09-09T00:00:00Z,4304.55892888,4429.71374865,4158.64836251,4325.46283764,51817.43594076028
2017-09-08T00:00:00Z,4620.89281964,4694.47119991,4093.01007226,4344.40460479,109426.16951875715
2017-09-07T00:00:00Z,4616.46631977,4721.82473707,4457.52648162,4638.66561991,42463.60660478477
2017-09-06T00:00:00Z,4408.70046989,4682.93776339,4359.9709737,4616.97592336,67992.8879276026
2017-09-05T00:00:00Z,4226.58667329,4505.67427484,3926.76696476,4402.10960187,97219.1722961959
2017-09-04T00:00:00Z,4625.94202586,4629.92233159,4069.83022234,4241.35715977,109140.76965004887
2017-09-03T00:00:00Z,4551.44725825,4729.74768152,4349.95923689,4610.22948001,58499.72015233074
2017-09-02T00:00:00Z,4921.92811066,4970.58030769,4327.68418106,4559.69118917,97011.45434822793
2017-09-01T00:00:00Z,4724.88745651,4968.84755147,4664.49272382,4912.39235858,54715.0899486589
2017-08-31T00:00:00Z,4576.00408747,4760.29590208,4568.498758,4734.25653529,39728.66388391782
2017-08-30T00:00:00Z,4594.04733109,4640.9486741,4481.67825172,4574.21900219,34800.8023206622
2017-08-29T00:00:00Z,4385.06468356,4645.52091553,4332.04446299,4596.02634681,57442.81195676564
2017-08-28T00:00:00Z,4341.03992808,4395.54881511,4179.28005086,4385.04866793,39531.071198397636
2017-08-27T00:00:00Z,4339.62040685,4405.4977274,4303.2309488,4338.92701948,22348.061938891173
2017-08-26T00:00:00Z,4361.71100643,4384.96809026,4251.41142796,4342.2489646,25893.41051337699
2017-08-25T00:00:00Z,4325.03813771,4459.6214471,4256.72373517,4354.70653877,46808.67007359035
2017-08-24T00:00:00Z,4136.53988099,4376.54131526,4090.90183016,4317.24720629,40289.43323942638
2017-08-23T00:00:00Z,4092.62397507,4262.64913771,4046.94889526,4138.46167089,49851.91701919366
2017-08-22T00:00:00Z,3999.23239943,4144.08055922,3595.60769295,4084.84782327,102535.98978586553
2017-08-21T00:00:00Z,4058.72463341,4104.2159662,3956.98731172,4002.24691177,48019.34897607132
2017-08-20T00:00:00Z,4154.17455771,4194.42348054,3983.63247546,4063.69404156,40759.37363378234
2017-08-19T00:00:00Z,4095.88693054,4199.60373826,3913.56839123,4160.35992627,63407.46076251793
2017-08-18T00:00:00Z,4267.13985754,4357.184951,3961.04297073,4097.3698907,85695.31790278397
2017-08-17T00:00:00Z,4379.29187696,4488.09085707,4163.76235738,4264.42817193,75530.92807610931
2017-08-16T00:00:00Z,4158.05824542,4402.49689017,3928.05849972,4379.26855184,67118.49618538261
2017-08-15T00:00:00Z,4329.65530066,4464.00910371,3821.204404,4162.1584722,120545.87498632974
2017-08-14T00:00:00Z,4060.00717746,4382.00110655,3955.3955347,4330.20139873,69113.10246781552
2017-08-13T00:00:00Z,3871.10831289,4204.28562813,3836.82189045,4061.86891829,91353.24955478177
2017-08-12T00:00:00Z,3649.50332333,3969.90650547,3598.11530307,3873.15325392,70966.43531264192
2017-08-11T00:00:00Z,3424.59388512,3716.92135186,3389.21068823,3647.61772075,52666.14611111023
2017-08-10T00:00:00Z,3340.87070619,3458.28878535,3308.94604103,3424.57986531,36258.016850543245
2017-08-09T00:00:00Z,3422.34776893,3432.50427849,3230.53196896,3340.97287888,49035.32500099435
2017-08-08T00:00:00Z,3397.65290398,3489.59610284,3341.51793669,3418.61400481,59870.20509855952
2017-08-07T00:00:00Z,3232.8231799,3433.9304462,3191.97483607,3397.32859404,46717.237714802584
2017-08-06T00:00:00Z,3250.96555476,3313.99870114,3159.95436173,3231.85477048,34776.02124643426
2017-08-05T00:00:00Z,2860.30148234,3339.33143926,2855.02381338,3248.74758996,92629.10426071797
2017-08-04T00:00:00Z,2792.86340755,2876.03991039,2757.82625069,2858.94024668,35886.795685892
2017-08-03T00:00:00Z,2700.70112743,2817.76246794,2695.29878255,2793.26982334,33313.900772308356
2017-08-02T00:00:00Z,2732.28432558,2766.20792718,2612.60435641,2699.97991643,44583.259211383556
2017-08-01T00:00:00Z,2858.8415349,2928.31359968,2610.25901613,2731.78008369,72124.1350685802
2017-07-31T00:00:00Z,2750.85605759,2900.8520279,2694.57810276,2860.66726175,49267.29521873851
2017-07-30T00:00:00Z,2711.85346945,2782.60496046,2548.64390086,2759.36170247,50066.254598040665
2017-07-29T00:00:00Z,2785.91415017,2799.423277,2666.781856,2715.78362072,43650.22317315411
2017-07-28T00:00:00Z,2666.12821395,2828.93879225,2656.53704507,2795.80443339,70686.46307828126
2017-07-27T00:00:00Z,2527.51053935,2687.56261246,2511.2018956,2667.08577912,51805.84027025934
2017-07-26T00:00:00Z,2562.82428295,2614.7856624,2404.76638558,2526.37500824,62014.63974750662
2017-07-25T00:00:00Z,2762.50342696,2788.4759801,2420.43019325,2559.13311827,95060.41988716461
2017-07-24T00:00:00Z,2757.77443299,2808.78901931,2711.25740377,2757.49167455,36462.33403659185
2017-07-23T00:00:00Z,2843.65611564,2875.77570579,2663.54669665,2751.15978011,56556.67881698648
2017-07-22T00:00:00Z,2665.73343864,2911.95757076,2646.50749358,2841.41496552,59442.59305254693
2017-07-21T00:00:00Z,2872.27747875,2885.1936904,2612.51482994,2662.45796094,97729.55199225007
2017-07-20T00:00:00Z,2255.73293702,2936.80340016,2255.72732949,2866.41621175,145677.6129476599
2017-07-19T00:00:00Z,2305.97556268,2401.17001334,2211.48483271,2255.06039006,69060.56342406674
2017-07-18T00:00:00Z,2220.1497207,2389.98935194,2123.10819585,2302.89836956,89557.63559837312
2017-07-17T00:00:00Z,1917.94821466,2229.89610781,1911.67154425,2227.94967158,80629.09053727603
2017-07-16T00:00:00Z,1968.18070786,2050.05197679,1804.14223916,1924.32781832,95206.32484013693
2017-07-15T00:00:00Z,2214.35650111,2221.13244235,1960.40782972,1965.81402391,73764.7924171401
2017-07-14T00:00:00Z,2337.34426475,2348.0720083,2138.73384492,2207.34023233,52414.94949571095
2017-07-13T00:00:00Z,2378.5463868,2414.85062892,2297.94011408,2331.9992485,37241.47937104354
2017-07-12T00:00:00Z,2301.67111315,2408.93302624,2201.46485201,2375.78385622,46373.416764689144
2017-07-11T00:00:00Z,2328.69191761,2395.3388419,2189.59556929,2290.51548796,64036.32807067059
2017-07-10T00:00:00Z,2489.35701201,2522.98407131,2241.73797299,2332.78215256,56468.03532139287
2017-07-09T00:00:00Z,2543.98192829,2575.23305052,2472.21355447,2482.99313317,17060.68272540462
2017-07-08T00:00:00Z,2492.63353404,2560.11750389,2440.30203159,2557.40947714,24119.401704903437
2017-07-07T00:00:00Z,2599.91078423,2612.26755845,2447.10329695,2488.03554346,36342.7247718376
2017-07-06T00:00:00Z,2610.52468099,2622.28565603,2548.5202347,2601.10355394,22218.916052084638
2017-07-05T00:00:00Z,2597.55895244,2624.40236537,2489.72684485,2600.91778208,29818.517408158797
2017-07-04T00:00:00Z,2531.28804473,2640.08006304,2515.41259405,2594.4249945,33653.53196847682
2017-07-03T00:00:00Z,2496.86704039,2592.37559751,2426.04127439,2538.77574031,33936.48248412442
2017-07-02T00:00:00Z,2393.99657292,2543.39577472,2304.44839502,2479.42158059,28793.832545288205
2017-07-01T00:00:00Z,2447.01268731,2504.65072624,2295.25969959,2407.58984135,30770.60213960471
2017-06-30T00:00:00Z,2491.84419788,2549.60529293,2411.90814762,2450.49261303,29155.636383094232
2017-06-29T00:00:00Z,2540.99049343,2579.60891133,2415.82481402,2495.85901975,29886.127163796085
2017-06-28T00:00:00Z,2538.80457041,2600.98418714,2412.11399028,2551.04635858,48148.1670863105
2017-06-27T00:00:00Z,2402.27020737,2545.20927245,2212.01008703,2532.9545582,68080.99686048683
2017-06-26T00:00:00Z,2487.94592587,2558.5892516,2184.42892469,2400.8812205,69841.60914327881
2017-06-25T00:00:00Z,2574.26748617,2619.5794424,2378.93868004,2496.89290946,38638.35969556381
2017-06-24T00:00:00Z,2669.96559496,2715.38,2464.74140988,2525.84538426,35460.478642992355
2017-06-23T00:00:00Z,2673.99417432,2741.57539614,2540.84178518,2672.1875788,22204.185986045635
2017-06-22T00:00:00Z,2634.32060048,2726.6312088,2552.26560899,2679.21651934,32997.96798675918
2017-06-21T00:00:00Z,2720.61072174,2776.09094006,2543.66256818,2639.28909404,50038.18564436419
2017-06-20T00:00:00Z,2583.70512689,2778.09543058,2575.210887,2716.15656291,46980.881522102856
2017-06-19T00:00:00Z,2501.18952732,2595.21036462,2481.18816888,2589.71010248,34651.21180875843
2017-06-18T00:00:00Z,2630.62754378,2669.07526173,2428.68218927,2507.02223185,41603.89779559646
2017-06-17T00:00:00Z,2461.26425219,2672.9805472,2381.13493168,2626.85069572,40856.39259450447
2017-06-16T00:00:00Z,2404.79337294,2513.99628518,2273.99533346,2477.97434625,54227.77067695578
2017-06-15T00:00:00Z,2403.79590647,2512.3803126,2039.25678749,2397.57637887,116284.53204294921
2017-06-14T00:00:00Z,2686.85877366,2813.06645688,2296.02458966,2429.44006156,74726.9753495852
2017-06-13T00:00:00Z,2634.68329494,2768.30403069,2537.1002643,2678.76908351,50725.90667574544
2017-06-12T00:00:00Z,2949.70452676,2998.17063045,2360.98601065,2628.77880274,99097.65992146498
2017-06-11T00:00:00Z,2895.63507025,3001.79691403,2803.86273373,2936.32098175,40398.534615876226
2017-06-10T00:00:00Z,2810.75841493,2922.47924765,2730.75808721,2878.58731058,41336.439710697334
2017-06-09T00:00:00Z,2789.87495972,2859.68842152,2765.79648464,2812.76709097,25106.235270667858
2017-06-08T00:00:00Z,2682.40745186,2808.12417093,2534.23837646,2797.48044643,36383.961315394845
2017-06-07T00:00:00Z,2857.42277104,2880.20556583,2596.83090902,2666.52848034,50172.26575776106
2017-06-06T00:00:00Z,2693.74514275,2924.54458563,2647.36949603,2865.77973032,83994.3693972795
2017-06-05T00:00:00Z,2513.25373108,2689.89959729,2483.63843518,2674.10183852,35674.881626122515
2017-06-04T00:00:00Z,2540.02146238,2560.4219659,2378.72120957,2502.55089775,31732.759678194583
2017-06-03T00:00:00Z,2474.06011613,2591.42064272,2355.64860227,2520.36145197,29831.28781345365
2017-06-02T00:00:00Z,2379.3634128,2476.1490129,2285.76323564,2442.19927137,32659.659184812874
2017-06-01T00:00:00Z,2279.31406973,2476.48371448,2219.01812907,2372.09094831,51144.22601493552
2017-05-31T00:00:00Z,2155.39100898,2334.11874646,2004.48204058,2268.91771535,52053.64788018461
2017-05-30T00:00:00Z,2244.11215585,2317.82555985,2093.6103415,2161.96046739,50453.376703922775
2017-05-29T00:00:00Z,2142.36749607,2354.82449425,2013.48780577,2245.91224612,37924.50520429194
2017-05-28T00:00:00Z,2053.95852086,2323.48455324,1955.83872545,2192.34488935,51391.53240278492
2017-05-27T00:00:00Z,2238.28058066,2335.69884969,1735.50654165,2009.74606335,92266.83265600279
2017-05-26T00:00:00Z,2274.7143386,2653.3004394,2010.00936482,2190.98012072,82355.96660827495
2017-05-25T00:00:00Z,2395.71977824,2782.3524991,2175.08074788,2278.25659929,106510.50447506444
2017-05-24T00:00:00Z,2259.77107752,2469.80658271,2250.96981002,2412.58164754,63869.37038248773
2017-05-23T00:00:00Z,2088.49985958,2272.44775264,2078.70060295,2252.28929873,47762.464243532595
2017-05-22T00:00:00Z,2035.21705907,2290.16687514,1971.20323166,2094.93932757,96601.52067959397
2017-05-21T00:00:00Z,2056.02660882,2102.09687273,1996.33790855,2031.58350391,41001.12377757276
2017-05-20T00:00:00Z,1972.9293695,2067.43428933,1959.52989029,2052.5507167,40990.29032364266
2017-05-19T00:00:00Z,1924.42415811,1998.4767428,1881.30835825,1967.7856294,49645.91615434744
2017-05-18T00:00:00Z,1828.1402144,2506.48021762,1800.42217666,1908.94069211,31035.306054927485
2017-05-17T00:00:00Z,1781.87101389,1885.10622331,1748.82676944,1828.92733744,37366.20393102136
2017-05-16T00:00:00Z,1756.61804806,1792.20282116,1696.29420798,1782.07428301,27377.146198403487
2017-05-15T00:00:00Z,1827.00393474,1830.07044859,1704.34172198,1752.94362129,30581.3594124907
2017-05-14T00:00:00Z,1808.3862202,1851.00521332,1759.71934367,1824.46207952,20762.40052718132
2017-05-13T00:00:00Z,1705.41920107,1819.23256969,1622.41976755,1802.90544752,34547.19754257849
2017-05-12T00:00:00Z,1846.59598077,1861.79294995,1659.97597754,1698.22651126,45005.5692980989
2017-05-11T00:00:00Z,1790.62082232,1906.62276101,1763.22269354,1840.307339,47338.48191776562
2017-05-10T00:00:00Z,1750.41857525,1815.45184833,1690.03148326,1786.60142122,37386.59124282552
2017-05-09T00:00:00Z,1708.59925777,1810.8515402,1635.2015953,1740.09486017,59278.36742770782
2017-05-08T00:00:00Z,1594.31859678,1710.35871077,1524.64064117,1710.33061194,42831.315505324186
2017-05-07T00:00:00Z,1586.33405533,1627.87669503,1415.86540823,1547.57883081,31144.208905997268
2017-05-06T00:00:00Z,1532.32731985,1601.2122727,1530.321,1555.55002875,26885.90386923653
2017-05-05T00:00:00Z,1560.39577592,1661.55323491,1506.00137562,1539.23085752,57435.764747107445
2017-05-04T00:00:00Z,1570.86002257,1690.42820966,1500.22149237,1559.35048034,67384.84876086828
2017-05-03T00:00:00Z,1516.67468824,1612.22538443,1453.70264317,1564.89562563,38548.49572784996
2017-05-02T00:00:00Z,1459.22796078,1596.74861649,1395.70613379,1481.72564483,33949.16766684203
2017-05-01T00:00:00Z,1400.66093832,1552.79516452,1340.48185099,1450.3336933,44584.454255414246
2017-04-30T00:00:00Z,1386.42885206,1438.92019501,1321.4284101,1429.59966533,20846.043881448324
2017-04-29T00:00:00Z,1371.71220551,1433.30581156,1324.00868894,1408.62771913,20583.521735501512
2017-04-28T00:00:00Z,1336.60002651,1437.46978846,1299.77523626,1355.28034609,31597.956063379148
2017-04-27T00:00:00Z,1361.0204532,1446.18238238,1294.74466487,1417.40692419,24199.421278267055
2017-04-26T00:00:00Z,1294.04012961,1406.07589107,1273.73107215,1322.2573502,24776.564679324398
2017-04-25T00:00:00Z,1265.70050673,1376.67004415,1254.41021997,1298.91341033,18045.952600799592
2017-04-24T00:00:00Z,1313.91558953,1352.0954826,1238.75448265,1285.70186676,15433.247764615762
2017-04-23T00:00:00Z,1283.79073163,1358.29331842,1230.11359501,1334.06965794,14095.543426054242
2017-04-22T00:00:00Z,1251.04355063,1349.36875702,1230.906203,1295.92320051,20235.505020276767
2017-04-21T00:00:00Z,1255.72694631,1329.48547497,1238.11159557,1255.56537418,16714.49447766524
2017-04-20T00:00:00Z,1243.84767807,1324.18000459,1207.11345714,1292.41756621,25727.27402978039
2017-04-19T00:00:00Z,1249.0387628,1269.61243423,1191.53,1257.3240809,15873.57822299107
2017-04-18T00:00:00Z,1227.68826249,1276.47885417,1191.03,1227.80656263,24594.88934539234
2017-04-17T00:00:00Z,1203.66841778,1245.58899059,1171.73,1224.90483516,23593.31182178831
2017-04-16T00:00:00Z,1191.73874373,1216.2207677,1173.5,1206.43488773,8245.887204397699
2017-04-15T00:00:00Z,1203.87034391,1214.10536488,1080.21312078,1180.82854861,14280.887874789885
2017-04-14T00:00:00Z,1181.9402202,1216.43865522,1170.97818108,1197.33193866,19651.83965260615
2017-04-13T00:00:00Z,1225.69857933,1234.19333823,1155.46485202,1182.54216736,31462.281693493434
2017-04-12T00:00:00Z,1233.33847865,1242.51939838,1210.30497889,1224.51061082,20016.830418136164
2017-04-11T00:00:00Z,1212.8998283,1244.35665684,1200.28449411,1234.47179388,16435.927282618923
2017-04-10T00:00:00Z,1212.07689366,1229.63591366,1189.57196004,1214.702392,18826.13641665992
2017-04-09T00:00:00Z,1182.82410833,1229.95398305,1176.8034008,1215.21971709,24080.509587683653
2017-04-08T00:00:00Z,1194.94722269,1203.69373324,1170.90626499,1186.39107446,16687.04839559391
2017-04-07T00:00:00Z,1191.9478157,1207.76744271,1176.06505659,1194.04076909,29184.267776160967
2017-04-06T00:00:00Z,1139.44380817,1206.43388407,1134.5383068,1191.81231977,47296.467604416895
2017-04-05T00:00:00Z,1145.0189106,1146.5764938,1111.59152132,1139.99428033,33557.50820795504
2017-04-04T00:00:00Z,1150.96979611,1165.19438069,1124.73102626,1144.64554239,33393.90446066058
2017-04-03T00:00:00Z,1112.59352887,1165.87989281,1108.64515203,1152.17609526,47263.643452794844
2017-04-02T00:00:00Z,1093.12271533,1118.13308201,1081.02597565,1112.84759573,31389.894174125384
2017-04-01T00:00:00Z,1087.10528904,1109.97474939,1070.10327096,1092.799369,26256.86212135175
2017-03-31T00:00:00Z,1041.22623384,1091.15398354,1035.80399657,1084.75575688,42462.12047207972
2017-03-30T00:00:00Z,1041.84985589,1057.32664219,1021.85299311,1041.65089056,36351.97800745862
2017-03-29T00:00:00Z,1044.80137248,1058.8063326,1006.65782097,1042.25208738,34829.69181838167
2017-03-28T00:00:00Z,1042.53521145,1068.78475657,1016.36435266,1045.20811514,38907.686832706
2017-03-27T00:00:00Z,970.14920399,1046.81056849,950.04096948,1042.45306177,45515.514371365134
2017-03-26T00:00:00Z,968.23892793,1005.8308196,938.5470091,969.56859679,45680.197153014786
2017-03-25T00:00:00Z,940.81487446,980.74867251,886.64112351,961.51973433,67615.33813552535
2017-03-24T00:00:00Z,1028.9331592,1033.375103,923.66923941,930.82065482,67352.52791775364
2017-03-23T00:00:00Z,1039.2506654,1057.12319154,1011.13041034,1028.64538834,29561.08168447317
2017-03-22T00:00:00Z,1115.04950455,1115.84556171,984.45464614,1037.49863378,59750.53282322778
2017-03-21T00:00:00Z,1040.82367201,1120.37100561,1036.07220755,1113.69294497,49350.51748710435
2017-03-20T00:00:00Z,1017.85736991,1053.8919301,930.2362444,1041.67002437,32713.060002435777
2017-03-19T00:00:00Z,971.17126225,1059.31533592,959.00087161,1018.08409778,58354.84705657081
2017-03-18T00:00:00Z,1067.80961704,1097.52472079,925.9622722,971.35936071,118656.25804163622
2017-03-17T00:00:00Z,1171.89758004,1173.48635777,991.20139128,1069.45286224,86842.9554353531
2017-03-16T00:00:00Z,1255.22807609,1275.08684466,1101.69627253,1170.41313937,74833.13326415824
2017-03-15T00:00:00Z,1244.57270428,1263.67929102,1241.01821059,1257.30511538,25520.06133226528
2017-03-14T00:00:00Z,1238.64140819,1260.44985786,1217.43392975,1245.07231454,27968.004989205685
2017-03-13T00:00:00Z,1234.81329338,1247.34134084,1193.47078203,1244.76063001,36716.54867670073
2017-03-12T00:00:00Z,1174.82125687,1242.04278718,1139.50894885,1230.61488877,27676.682187175647
2017-03-11T00:00:00Z,1112.5137887,1215.07083275,1102.24815455,1186.26721273,45211.250874543584
2017-03-10T00:00:00Z,1197.26940898,1340.13411562,964.51839138,1112.82082783,138801.00869647553
2017-03-09T00:00:00Z,1150.08053277,1212.24421362,1121.84895328,1197.22538763,34978.463287274244
2017-03-08T00:00:00Z,1235.89056355,1246,1137.30357718,1149.96750981,63079.63528657826
2017-03-07T00:00:00Z,1283.0600185,1287.88,1086.33758849,1237.36,56938.41489667741
2017-03-06T00:00:00Z,1278.63,1287.9615917,1263.43075071,1284.63944112,15376.980136706059
2017-03-05T00:00:00Z,1273.54811599,1279.82376325,1238.51563658,1278.81144062,14520.174145595032
2017-03-04T00:00:00Z,1288.79113694,1294.48,1238.60053087,1271.34849698,23353.755956682642
2017-03-03T00:00:00Z,1266.08040701,1294.99,1241.59521607,1292.06563196,33321.12751878428
2017-03-02T00:00:00Z,1232.35209727,1287.4484063,1212.25645061,1258.00398539,42403.48649497253
2017-03-01T00:00:00Z,1189.1,1234.99536345,1166.52310221,1228.72837996,32867.013414078145
2017-02-28T00:00:00Z,1195.49775652,1215.90926336,1176.93382429,1186.13909036,26222.460950807337
2017-02-27T00:00:00Z,1183.81787699,1203.33124899,1170.17400128,1195.71438143,19379.13791807228
2017-02-26T00:00:00Z,1154.97120467,1186.97554864,1131.01657818,1181.40555527,17264.634116804587
2017-02-25T00:00:00Z,1185.62966666,1189.82248316,1124.90453008,1157.54795681,24566.808670798637
2017-02-24T00:00:00Z,1187.79171689,1222.27319444,1100.33563579,1185.58289656,65946.40961997634
2017-02-23T00:00:00Z,1125.77028756,1196.84877403,1116.66444901,1188.90334038,36737.91292993224
2017-02-22T00:00:00Z,1129.57620063,1139.95849198,1104.85041324,1127.84082906,22565.10949138134
2017-02-21T00:00:00Z,1089.45604953,1133.98324635,1081.14224577,1128.86821984,34585.10083535201
2017-02-20T00:00:00Z,1058.3137487,1108.64816002,1040.10585321,1090.69472979,19172.984512860363
2017-02-19T00:00:00Z,1059.44087373,1067.78,1045.25617568,1059.70535332,9983.752324464003
2017-02-18T00:00:00Z,1056.19689839,1073.28995222,1051.901254,1060.32903972,12554.606626984318
2017-02-17T00:00:00Z,1038.14921979,1067.29257738,1033.14993248,1056.72723257,24661.820513892537
2017-02-16T00:00:00Z,1013.91291583,1046.01229231,1013.02605797,1038.53668642,19171.581941619384
2017-02-15T00:00:00Z,1013.47444341,1018.251,1002.06546065,1014.52731087,11356.250624284767
2017-02-14T00:00:00Z,997.14215846,1022.09395917,989.25877574,1013.42712058,19966.16034969951
2017-02-13T00:00:00Z,996.46371597,1021.5,976.79603365,1000.2330542,15088.371931009064
2017-02-12T00:00:00Z,1012.11848368,1018.7522609,992.30899108,1010,6476.890422796675
2017-02-11T00:00:00Z,994.33899042,1023.62205324,985.59151633,1001.59391164,14968.082079469987
2017-02-10T00:00:00Z,986.87751121,1006.14911178,949.81143076,1001.68911935,35212.17737754988
2017-02-09T00:00:00Z,1049.02620311,1078.37177268,936.72688095,986.45230031,83305.66632474985
2017-02-08T00:00:00Z,1053.74707089,1069.9860271,1007.16045312,1051.26376533,33040.00575139154
2017-02-07T00:00:00Z,1022.75785629,1057.80642043,1021.7,1053.00280876,22649.285238803914
2017-02-06T00:00:00Z,1016.32,1029.47561769,1007.5,1024.51739003,14076.348432309978
2017-02-05T00:00:00Z,1035.54,1036.15979049,995.72792489,1016.32,21916.985998703545
2017-02-04T00:00:00Z,1015.89361614,1042.54399624,1002,1031.1,23796.814372981826
2017-02-03T00:00:00Z,1008.27456065,1035.45527901,986.39681223,1015.76381723,28945.87000810963
2017-02-02T00:00:00Z,992.11066174,1012.87743624,972.06719904,1007.3518539,26092.648555029733
2017-02-01T00:00:00Z,969.99994459,992.18859657,960.58603709,992.18797348,19733.31871368031
2017-01-31T00:00:00Z,917.49139704,972.60150301,917.1682928,970.01,29676.81901519432
2017-01-30T00:00:00Z,916.56,924.99,910.16614106,918.17351719,8366.688737615254
2017-01-29T00:00:00Z,924.51090065,927.47,910.72013117,913.30880275,5894.087888117204
2017-01-28T00:00:00Z,922.86688967,925.49957496,915.21793708,924.98,6977.769161499962
2017-01-27T00:00:00Z,916.81708842,924.69957105,905.06857681,922.62531482,15307.774335431372
2017-01-26T00:00:00Z,896.83474531,921.8463408,893.8633237,916.35951621,15728.243007206866
2017-01-25T00:00:00Z,886.88060198,903.98,884.30115322,896,16296.601614696603
2017-01-24T00:00:00Z,909.18209449,927.17945464,881.69624715,886.24263655,30613.780729979953
2017-01-23T00:00:00Z,925.35714286,930.7,907.01248308,907.0272948,15103.685941156487
2017-01-22T00:00:00Z,924.80853372,946.22,891.8028545,931.02826122,28888.424995332956
2017-01-21T00:00:00Z,895.61978172,930.70836599,891.67176654,925.16611178,18928.91412042806
2017-01-20T00:00:00Z,902.69688016,904.85474913,883.77120889,895.71203737,14232.16626226601
2017-01-19T00:00:00Z,887.62495804,909.98377426,883.75224699,900.24468348,22675.53160580583
2017-01-18T00:00:00Z,905.01675606,916.97182205,847.85196357,887.55531397,31472.570098121487
2017-01-17T00:00:00Z,831.01307678,914.34854392,828.20047171,905.65412508,39214.43282801699
2017-01-16T00:00:00Z,833.43,839.97,815.00359595,834.40777635,12432.744439435563
2017-01-15T00:00:00Z,818.72840346,835,805.27323736,821.41945946,9518.223431959992
2017-01-14T00:00:00Z,827.23021806,846.84142916,803.05969975,828,18997.299834810998
2017-01-13T00:00:00Z,804.59109435,838.78147338,776.60318729,828.12,39358.91854974299
2017-01-12T00:00:00Z,783.36531316,838.29849627,739.68362405,804.69361624,53352.175583923374
2017-01-11T00:00:00Z,906.71373346,923.79852892,760.84527738,790.23696306,92045.66061365718
2017-01-10T00:00:00Z,902.68921089,917.49173603,897.03251256,907.87448271,20567.371931479276
2017-01-09T00:00:00Z,921.95884486,923.47848998,875.95597705,903.08445528,23808.14471090254
2017-01-08T00:00:00Z,908.07620285,951.14044459,890.11810955,921.02452057,38153.434522351185
2017-01-07T00:00:00Z,896.65412207,911.55383307,812.73871757,908.08446485,57092.409563690824
2017-01-06T00:00:00Z,1004.13488705,1043.06121437,871.81804149,895.9601752,77290.53187037863
2017-01-05T00:00:00Z,1133.18574368,1172.62941876,855.40977672,1006.46256571,119943.21706150223
2017-01-04T00:00:00Z,1032.15741324,1149.62972939,1022.95027106,1138.2566623,75508.4318327027
2017-01-03T00:00:00Z,1015.73397129,1038.37349523,1009.08,1022.45259636,24371.236691590966
2017-01-02T00:00:00Z,998.76678297,1034.92713659,991.06944666,1017.0682924,31824.86320828103
2017-01-01T00:00:00Z,970.41298584,1007.51628871,961.39382798,998.5707229,19341.619117841565
2016-12-31T00:00:00Z,959.32849605,973.37,945.09448136,973.37,11773.43626496632
2016-12-30T00:00:00Z,973.40165911,974.28590076,927.50725423,960.80460864,29460.47294950594
2016-12-29T00:00:00Z,981.21797481,988.38747487,945.36605241,974.7249467,34111.482785939945
2016-12-28T00:00:00Z,925.3613101,983.38957054,925.3613101,981.20072868,33889.67353893957
2016-12-27T00:00:00Z,905.35387102,942.27753961,895.02,932.40303828,17680.94174287706
2016-12-26T00:00:00Z,897.03147462,918.90836634,889.54495168,903.07615745,16950.297284251224
2016-12-25T00:00:00Z,894.64359177,904.43626845,851.76881194,897.8764503,19071.636008399983
2016-12-24T00:00:00Z,917.49029451,919.83790157,882.28304816,891.5302223,15398.73735231836
2016-12-23T00:00:00Z,858.38727987,920.67334839,855.47216785,918.02274432,42899.0963604702
2016-12-22T00:00:00Z,833.35667457,874.00590852,825.62454246,857.86684543,26489.001352402192
2016-12-21T00:00:00Z,798.61051765,833.61914228,795.24359999,833.61914228,26585.0794534374
2016-12-20T00:00:00Z,791.00397531,803.47933759,787.98198829,798.45801345,14125.467049250086
2016-12-19T00:00:00Z,790.42486146,796.7705949,788.3700683,791.40210917,8304.196103229977
2016-12-18T00:00:00Z,790.49879103,794.05898978,784.3895342,793.43945915,5636.709846362356
2016-12-17T00:00:00Z,780.86243378,794.83676481,779.87566969,791.69246535,11194.576803057225
2016-12-16T00:00:00Z,776.19048913,785.29691531,774.81,781.38948721,11565.481468733718
2016-12-15T00:00:00Z,777.64847409,780.54835115,775.00788304,776.75996074,9858.47946287
2016-12-14T00:00:00Z,776.28195189,782.4013766,773.2369709,775.3011519,9079.63138045
2016-12-13T00:00:00Z,778.90989772,790.34,764.04771985,776.27558529,12084.355685066117
2016-12-12T00:00:00Z,771.05,784.9239497,769.80932366,778.91334179,12180.266455519988
2016-12-11T00:00:00Z,776.05,776.08,761.98326329,771.03759521,7880.044088891321
2016-12-10T00:00:00Z,772.1340812,777.53061245,770,775.87,7425.59574126
2016-12-09T00:00:00Z,767.42966387,774.51518856,765.01451117,773.22,8399.164001849851
2016-12-08T00:00:00Z,764.34,778.90539236,761.77444544,768.10107075,10392.040909549989
2016-12-07T00:00:00Z,757.51035948,774.73470258,746.59660611,764.66968437,16068.224599759988
2016-12-06T00:00:00Z,751.91801561,761.22712036,750.83956179,759.32505861,10933.325702079974
2016-12-05T00:00:00Z,768.4394564,768.88082517,744.84714632,752.00596829,16610.323619469338
2016-12-04T00:00:00Z,766.00909105,771.267,758.89661032,768.25833566,7524.884075817382
2016-12-03T00:00:00Z,773.34280189,774.35881373,756.15011395,766.01256002,9578.339231693797
2016-12-02T00:00:00Z,754.09595947,780.14145805,753.23292236,772.05573675,21931.13410735147
2016-12-01T00:00:00Z,742.36425555,755.91747577,739.4079299,754,18883.107181504172
2016-11-30T00:00:00Z,732.44,744.99,729.07179649,742.69,10650.703485779804
2016-11-29T00:00:00Z,730.60710534,734.86190558,728.32121053,732.37,10520.263548006085
2016-11-28T00:00:00Z,727.33253798,736.29812848,725.61658848,730.0152502,8823.608003389994
2016-11-27T00:00:00Z,735.69,738.41607593,722.86844761,725.59400707,6817.590134309987
2016-11-26T00:00:00Z,739.55747761,742.03388165,720.40227652,735.7,7875.865828649977
2016-11-25T00:00:00Z,737.99,742.03581252,729.0331647,740.17288432,8205.967097813418
2016-11-24T00:00:00Z,741.84846789,745.02249528,727.01787911,737.65170193,10409.349106349962
2016-11-23T00:00:00Z,746.66,749.99858508,730.98677547,741.61688011,10492.284679249748
2016-11-22T00:00:00Z,736.40490874,753.24334182,727.20689118,749.0722503,15571.20217789702
2016-11-21T00:00:00Z,731.72,740.51995787,728.38921471,737.37920661,10730.788860389968
2016-11-20T00:00:00Z,751.3114291,756.9170242,712.0733807,731.99,19620.313680499126
2016-11-19T00:00:00Z,748.55,762.28694731,737.35765992,750.77,10413.570873914845
2016-11-18T00:00:00Z,730.23246462,759.84244088,729.46071855,748.54,13326.786720200691
2016-11-17T00:00:00Z,743.98315473,762.03325298,729.82162718,734.88661697,22514.786782789266
2016-11-16T00:00:00Z,711.93550721,747.05552609,709.05936703,740.92811467,26608.935414894022
2016-11-15T00:00:00Z,708.4,719.97122661,672.76356624,712.26204731,13579.333919573106
2016-11-14T00:00:00Z,703.65437838,709.42017701,695.67571753,708.32,11615.423327019978
2016-11-13T00:00:00Z,704.63,706.19173349,685.75452756,703.67993942,13973.780558525748
2016-11-12T00:00:00Z,716.56310691,718.57579712,700.27141366,704.07847342,9768.166445384257
2016-11-11T00:00:00Z,713,719.31136863,712.03510517,716.93504637,8997.66753128
2016-11-10T00:00:00Z,722.1714539,724.90767703,705.86653331,713.53075917,10131.00799072
2016-11-09T00:00:00Z,711.58144187,746.20284851,708.81251838,720.97,29885.525799892028
2016-11-08T00:00:00Z,705.33559071,717.9040589,703.02,711.15,15199.450637769987
2016-11-07T00:00:00Z,717.03503386,717.31460469,700.13414896,706.42,8875.964275359991
2016-11-06T00:00:00Z,707.34253453,721.27602759,700.05113759,717.02,10817.073889126403
2016-11-05T00:00:00Z,706.51745924,713.77363658,697.72255691,706.99741692,9651.67492400998
2016-11-04T00:00:00Z,692.78047453,710.78107964,684.1549909,706.28586374,21692.432097629993
2016-11-03T00:00:00Z,748.86299694,753.12325539,672.66434418,692.45138068,42688.021706218846
2016-11-02T00:00:00Z,731.73781472,750.06090836,720.27526395,749.60440524,16394.81982356678
2016-11-01T00:00:00Z,697.86002002,746.05530137,696.42,730.7,31550.118285344826
2016-10-31T00:00:00Z,702.33804143,709.19276561,685.56559536,697.44688224,14026.062808929932
2016-10-30T00:00:00Z,714.28,716.55099896,692.32136671,701.80774986,17739.575480019925
2016-10-29T00:00:00Z,693.06225221,724.80625623,689.18195385,714.24322887,23526.39561530861
2016-10-28T00:00:00Z,691.00508138,695.03487611,681.10948779,690.29237015,15724.069873570994
2016-10-27T00:00:00Z,676.94398473,692.35683381,673.73664072,691.14057528,21227.669082543227
2016-10-26T00:00:00Z,654.77470785,684.98006561,652.63,677.07317939,19134.58550520592
2016-10-25T00:00:00Z,651.8421364,668.45384953,648.99,657.69736728,12008.364979368835
2016-10-24T00:00:00Z,651.05,659.32625345,646.05,650.52921619,10728.195857889981
2016-10-23T00:00:00Z,658.66851552,670.80835454,645.34,651.04,9591.881039329957
2016-10-22T00:00:00Z,630.67,670.36162393,627.17506006,658.82864973,16161.201981497112
2016-10-21T00:00:00Z,628.24272678,638.85767884,627.5,634.28202357,12117.36261587
2016-10-20T00:00:00Z,631.2546228,633.2677387,626.01,628.14859682,7964.6277331
2016-10-19T00:00:00Z,635.12,643.85347394,624.64888108,629.79,14490.145059577737
2016-10-18T00:00:00Z,639.56,641.96562202,632.15,637.77525031,10806.2537284
2016-10-17T00:00:00Z,643.93274643,644.52685847,636.27,639.56,9587.922364138602
2016-10-16T00:00:00Z,638.16,645.67,637.88466167,643.08569845,5137.51709229
2016-10-15T00:00:00Z,639.34424365,646.74452566,636.03752028,638.16,3624.27338428
2016-10-14T00:00:00Z,635.8,645.20214449,624.53939636,638.03,11939.411246059997
2016-10-13T00:00:00Z,637.50541064,644.27153314,620,635.66,9605.81379228
2016-10-12T00:00:00Z,642.28959468,643.95777427,632.00663905,635.43190968,8968.22599196995
2016-10-11T00:00:00Z,618.86095568,647.02581369,616.78299758,642.11698318,20183.579716267075
2016-10-10T00:00:00Z,617.43,619.99,614.97411894,618.86294763,7830.677697609957
2016-10-09T00:00:00Z,619.46588713,620.7259896,614.05390434,617.42,5432.658879390195
2016-10-08T00:00:00Z,618.11,622.70875908,617.63703247,619.5,6432.018018019973
2016-10-07T00:00:00Z,611.86145318,622.84641171,609.89,617.98,11633.453292260103
2016-10-06T00:00:00Z,614.54814789,615.87326208,610.44,611.88,7383.984626339992
2016-10-05T00:00:00Z,610.43448805,617.26027456,608.80839918,613.16,8699.338373986599
2016-10-04T00:00:00Z,612.91569742,614.08984107,606.93106869,610.34,9499.106744949924
2016-10-03T00:00:00Z,612.42,617.98312289,609.29671293,612.97276259,8291.196989559894
2016-10-02T00:00:00Z,615.65,615.9,575.59831097,610.83216453,8233.78216172998
2016-10-01T00:00:00Z,609.15339167,617.22811574,609.14416604,615.65,5820.641574719987
2016-09-30T00:00:00Z,605.10617793,612.18808865,603.9995491,610.02764492,7535.14738326
2016-09-29T00:00:00Z,604.9666148,609.14453695,603.25699227,605.45265855,7745.855456149968
2016-09-28T00:00:00Z,605.71,607.42118694,603.07735101,605.04,6179.175200881631
2016-09-27T00:00:00Z,607.04,609.8710102,601.59309072,605.71,8263.105055165006
2016-09-26T00:00:00Z,600.40133598,610.08691213,599.07714879,607.08,8176.15079579998
2016-09-25T00:00:00Z,602.66706456,605.98762125,597.69505841,601.67,4416.290223469756
2016-09-24T00:00:00Z,602.96,607.63199,601.16081608,603.68,3900.87732447
2016-09-23T00:00:00Z,595.61130349,604.05594106,595.14,602.96815769,6221.87954225
2016-09-22T00:00:00Z,597.27179518,599.57956201,594.78,595.25459361,6834.520162504533
2016-09-21T00:00:00Z,601.0540202,602.17249204,591.98444862,597.04864358,13531.366193126987
2016-09-20T00:00:00Z,608.6,618.4223428,601.06862197,601.17395381,8848.396126470112
2016-09-19T00:00:00Z,612.42372852,614.84245499,605.08417074,608.6,6621.34087779
2016-09-18T00:00:00Z,607.92,616.24135396,607.22,611.4,6350.28197246
2016-09-17T00:00:00Z,607.95,610.73320188,604.12701135,607.92,6834.71240712
2016-09-16T00:00:00Z,605.52201311,613.51988854,603.62505449,607.93,8322.55157875
2016-09-15T00:00:00Z,613.47064594,617.85916807,603.33,609.11742688,8874.321156029982
2016-09-14T00:00:00Z,609.39547238,617.28719681,608.02047573,609.87689809,10319.93515985545
2016-09-13T00:00:00Z,606.86,639.8273768,605.39347513,611.57443752,11898.525950729985
2016-09-12T00:00:00Z,611.36141426,615.01,603.00923536,607.76703508,9470.631045199993
2016-09-11T00:00:00Z,623.87158482,634.65080255,594.62218566,611.61781524,14735.4235695301
2016-09-10T00:00:00Z,624.45829487,629.49889758,620.59,625.20152732,7300.739462129984
2016-09-09T00:00:00Z,628.81212178,632.3497818,618.3506572,624.86794657,9351.522510929954
2016-09-08T00:00:00Z,616.31730037,635.62742383,613.98,628.02800304,14463.364847213843
2016-09-07T00:00:00Z,615.07361781,620.58680118,607.88204026,615.21,11228.50333775
2016-09-06T00:00:00Z,610.5316233,616.94440072,605.00199746,612.99,7747.682859391706
2016-09-05T00:00:00Z,614.09140996,615.65367423,602.12,605.69,8819.217803053753
2016-09-04T00:00:00Z,600.93,618.19841802,597.52,610.50345912,10609.180635598654
2016-09-03T00:00:00Z,576.58098559,611.32785556,572.40460211,602.02147265,14198.707673693281
2016-09-02T00:00:00Z,572.81492745,580.86216842,566.24091295,576.22123249,11553.409923099985
2016-09-01T00:00:00Z,574.27687368,577.41838923,568.12,572.89678467,9825.357884073466
2016-08-31T00:00:00Z,575.05441047,578.95499717,569.46173093,573.24814314,8444.2095612
2016-08-30T00:00:00Z,573.48611569,581.48432993,572.53,574.95,8094.589496006016
2016-08-29T00:00:00Z,575.41,580.84827768,570.50533866,573.21,8228.04257644
2016-08-28T00:00:00Z,570.76453161,580.90553258,568.38443084,575.57573856,4667.33672347456
2016-08-27T00:00:00Z,579.29122328,582.26436249,564.62947163,570.76727003,5969.356867910767
2016-08-26T00:00:00Z,575.57,579.86,574.38752119,578.81602174,5450.30774078
2016-08-25T00:00:00Z,578.68,580.85247568,570.51632057,575.58,9035.045146759963
2016-08-24T00:00:00Z,582.55294771,587.63550744,576.12727725,578.47,9444.159676929436
2016-08-23T00:00:00Z,585.9240505,590.13150376,577.47,582.39,10674.945982742565
2016-08-22T00:00:00Z,581.34,591.91087541,579.22,585.53652466,9913.952067312837
2016-08-21T00:00:00Z,581.82585582,585.30345028,578.00471332,581.3182463,5258.274880298939
2016-08-20T00:00:00Z,573.64053452,583.94638556,571.52494554,581.94744394,7379.930511399991
2016-08-19T00:00:00Z,573.75144943,577.82577809,570.94690022,573.56380932,7559.189994119989
2016-08-18T00:00:00Z,572.9578701,588.14263736,569.74,573.89918835,10578.129388788093
2016-08-17T00:00:00Z,576.86308273,581.99,569.26309955,574.45,10288.72309551
2016-08-16T00:00:00Z,567.67373643,587.7900437,564.04375489,575.371265,12127.79211189
2016-08-15T00:00:00Z,569.84592992,575.68242073,561.8872642,567.79,12848.075256130609
2016-08-14T00:00:00Z,585.95160392,586.82620554,564.01820032,569.49808687,12668.51631368325
2016-08-13T00:00:00Z,587.29249121,590.7838966,581.16651101,585.98829437,9781.912983153907
2016-08-12T00:00:00Z,589.31364504,592.97100312,582.72105697,586.9160075,11104.64106877
2016-08-11T00:00:00Z,592.94635861,599.99,584.62973844,587.91,21945.248545959996
2016-08-10T00:00:00Z,586.74148407,614.16926352,582.15798748,591.57651139,32649.873950962214
2016-08-09T00:00:00Z,591.58,594.04,584.36855347,586.45,5882.304312450244
2016-08-08T00:00:00Z,595.14,595.99,585.20664361,591.48,4786.84110818
2016-08-07T00:00:00Z,591.7,606.9495771,570.29477753,595.14,4630.693367190572
2016-08-06T00:00:00Z,583,595.76141706,569.876,591.75644785,4958.1136814679385
2016-08-05T00:00:00Z,587.49204717,592.86,559.00845924,583,6478.604533222388
2016-08-04T00:00:00Z,573.35,599.95,562.32542001,587.5,12251.382042988631
2016-08-03T00:00:00Z,539.42368439,576,519.91376073,573.36,25006.61303995287
2016-08-02T00:00:00Z,607.06428241,615.01,481.41826536,539.7859119,55560.014192440125
2016-08-01T00:00:00Z,623.16423175,627.81728812,601.71525951,607.64233725,41976.667572827624
2016-07-31T00:00:00Z,655.08434457,656.99,621.00139344,622.99292293,40937.68459386719
2016-07-30T00:00:00Z,657.56983057,660.41706565,647.79536164,655.74711666,11518.18351758
2016-07-29T00:00:00Z,657.4,660.45223366,651,658.28277132,14468.416541569999
2016-07-28T00:00:00Z,656.98939865,660.98603587,652.40767105,657.07643655,13586.667659119987
2016-07-27T00:00:00Z,653.59387243,663.88992468,646.52313405,656.95623838,20205.42197185
2016-07-26T00:00:00Z,653.92786346,658.99,641.08003204,654.06,27976.115907079926
2016-07-25T00:00:00Z,661.54573813,664.59523935,646.37904516,654.92284237,19797.36037402999
2016-07-24T00:00:00Z,657.68,666.44310845,650.59224813,661,18318.02525961302
2016-07-23T00:00:00Z,653.10299722,662.3338529,644.97824746,657.01010836,15096.465924475026
2016-07-22T00:00:00Z,666.67005456,669.94,639.48405211,653.05933781,36746.663364098575
2016-07-21T00:00:00Z,667.15,668.80772615,655.15168289,667.24353252,15200.584174219966
2016-07-20T00:00:00Z,673.81121893,675.99597819,660.48112908,665.9185173,18030.847429510384
2016-07-19T00:00:00Z,674.62604635,678.31563708,665.19542665,674.04421794,15719.762361409963
2016-07-18T00:00:00Z,682.77181245,686.45121877,666.42684258,674.76740298,23918.560268969897
2016-07-17T00:00:00Z,665.56182564,689.78113518,662.57504659,682.93183006,25289.884252619973
2016-07-16T00:00:00Z,666.43854898,669.99,659.21988133,665.44494424,9268.036215899992
2016-07-15T00:00:00Z,661.4,669.9032829,658.16,666.73121934,15338.384109909952
2016-07-14T00:00:00Z,653.63444571,667.18517388,640.10476333,661.60959679,25954.549713439912
2016-07-13T00:00:00Z,666.36621013,671.33454772,652.64359989,653.92820128,40343.31430940239
2016-07-12T00:00:00Z,649.21757388,679.68995502,645.56275983,666.96701233,41894.36606326947
2016-07-11T00:00:00Z,652.3346982,663.31265316,643.41520787,650.94597817,19550.38648128
2016-07-10T00:00:00Z,649.82012437,657.39018552,637.33917624,652.12245225,14431.004539809985
2016-07-09T00:00:00Z,668.25760098,668.40872241,618.2716483,648.18899371,58391.54626837295
2016-07-08T00:00:00Z,641.88390606,669.26568363,634.03143529,667.43601376,45737.59884174831
2016-07-07T00:00:00Z,678.66227459,682.95260565,610.22407292,640.52096322,90830.63516233377
2016-07-06T00:00:00Z,667.81103819,682.87822458,665.7396668,678.79,22520.87890448
2016-07-05T00:00:00Z,681.92744959,682.79827545,655.52650574,669.39930948,23351.62730515
2016-07-04T00:00:00Z,660.56928994,684.33776983,644.62113677,681.35881289,29569.49576916
2016-07-03T00:00:00Z,705.88789067,706.74128494,644.5688685,660.03780439,52617.17856696629
2016-07-02T00:00:00Z,675.22140821,705.93570666,674.24741596,705.91760889,35418.79785816999
2016-07-01T00:00:00Z,674.56224853,690.38378223,667.63892307,678.19,50542.816698236216
2016-06-30T00:00:00Z,639.52834586,677.2475898,635.0608224,674.64297191,49671.101139975086
2016-06-29T00:00:00Z,646.47817467,647.51845115,618.6691292,639.90359808,41812.44312749405
2016-06-28T00:00:00Z,662.20444178,664.16580864,632.20794084,647.25654432,43744.43636695676
2016-06-27T00:00:00Z,631.52840894,662.31894236,616.26581001,662.31894236,54054.34556862
2016-06-26T00:00:00Z,665.11505527,675.55953367,614.45511909,628.30321201,52132.08453493852
2016-06-25T00:00:00Z,667.19927681,699.24786068,640.43365612,669.71909208,65561.6792786286
2016-06-24T00:00:00Z,626.82531624,702.2679733,626.16105072,666.01142228,117343.3039464177
2016-06-23T00:00:00Z,605.49432894,638.36568982,555.54343163,630.62010968,148184.58618617052
2016-06-22T00:00:00Z,668.37226972,685.97391832,578.80084337,605.38986454,123298.035312733
2016-06-21T00:00:00Z,707.03651658,741.9961195,634.64285122,668.14806308,136600.61703940155
2016-06-20T00:00:00Z,767.3095438,768.36643313,703.12,703.12,59947.65981012396
2016-06-19T00:00:00Z,757.98110217,774.95080362,739.06550337,767.46434203,34620.65550588517
2016-06-18T00:00:00Z,748.4035959,788.80639428,721.23885288,757.64613128,82407.92927788882
2016-06-17T00:00:00Z,769.45534092,779.95563111,702.37853969,750.69071477,117166.79344623523
2016-06-16T00:00:00Z,698.49955681,778.79084095,698.26688194,769.545082,146313.2279160556
2016-06-15T00:00:00Z,684.8051454,699.23164683,668.06109738,697.04073534,43898.291412329665
2016-06-14T00:00:00Z,705.3961672,706.18534294,656.5160013,684.94172129,82513.63611666148
2016-06-13T00:00:00Z,672.09807222,718.98341938,658.71649914,705.49784507,136976.81571259937
2016-06-12T00:00:00Z,614.12886151,685.71526872,601.73244645,672.33973935,139540.76143145366
2016-06-11T00:00:00Z,580.30735125,614.78462768,579.61,611.53788984,35658.225738629924
2016-06-10T00:00:00Z,575.53062862,582.40940088,572.54085924,580.10398743,23216.4915779
2016-06-09T00:00:00Z,583.25822188,584.02866252,570.04924345,577.46,28221.7544057
2016-06-08T00:00:00Z,579.72,584.65110298,570.85030274,583.00125105,25094.733307919967
2016-06-07T00:00:00Z,586.75,591.96724942,521.44172483,579.71,49637.57548929997
2016-06-06T00:00:00Z,575.16968687,588.41955795,573.91907616,585.3803356,35277.29479304986
2016-06-05T00:00:00Z,574.40502622,586.19081687,565.12565627,574.16684174,34302.12940474997
2016-06-04T00:00:00Z,570.90229679,593.68406236,560.20319849,576.01400843,48512.53470537182
2016-06-03T00:00:00Z,538.0637123,579.27547864,535.65276076,570.90619057,61303.312018524375
2016-06-02T00:00:00Z,534.85,543.9453025,531.97548027,537.87,25069.201396127963
2016-06-01T00:00:00Z,531.21795425,546.04,492.47889171,536.5881107,35543.887531073684
2016-05-31T00:00:00Z,532.56,546.41965665,517.21528786,531.34,61087.344343379984
2016-05-30T00:00:00Z,529.56993855,548.40079734,519,532.88707215,39480.60418737999
2016-05-29T00:00:00Z,526.51012274,569.7467253,501.52675162,530.35608421,96122.88591142865
2016-05-28T00:00:00Z,471.9949584,542.50295133,452.38670617,525.77266173,91787.3697304999
2016-05-27T00:00:00Z,454.95392376,482.02188435,453.0099553,472.00164713,70847.31587369449
2016-05-26T00:00:00Z,449.60388172,454.99,446.04522474,454.69161591,16270.30271041
2016-05-25T00:00:00Z,445.05271489,452.34,442.74395372,449.39773707,19136.51681079
2016-05-24T00:00:00Z,445.3705117,448.4,440.52,446.99,16271.07811765
2016-05-23T00:00:00Z,440.49680253,445.9708712,436.38459073,444.48216622,16426.29123637
2016-05-22T00:00:00Z,441.40072217,446.38,434.51032616,438.59482218,13810.094700733514
2016-05-21T00:00:00Z,444.83511044,453.22951473,431.28522754,441.77026656,10843.297834710082
2016-05-20T00:00:00Z,435.4186376,445.50464176,429.46053459,442.48668956,22394.402652582157
2016-05-19T00:00:00Z,454.96521351,456.40068433,433.04464837,434.71313936,40209.82795662
2016-05-18T00:00:00Z,453.69800093,457.88,451.58726205,454.87836399,13981.497996649947
2016-05-17T00:00:00Z,453.21058883,457.3,451.18776188,454.12623145,14747.041336579701
2016-05-16T00:00:00Z,461.17600539,461.5,451.09404161,453.47122768,16077.174127061193
2016-05-15T00:00:00Z,458.37051347,463.54,454.36497482,461.40700413,9187.84277061
2016-05-14T00:00:00Z,457.75646746,459.83,454,455.8,7860.21338704
2016-05-13T00:00:00Z,456.39411924,458,452.03207806,457.28520472,13817.138185299973
2016-05-12T00:00:00Z,454.09518333,456.6546976,446.23752008,455.34882813,25046.73456182108
2016-05-11T00:00:00Z,451.18734381,458.60818832,450.06798658,454.20290148,15583.093568131184
2016-05-10T00:00:00Z,464.03629784,464.99,445.63810225,451.95656374,30398.158969569005
2016-05-09T00:00:00Z,460.79544147,465.71931142,456.50103614,464.08352023,22254.22212638999
2016-05-08T00:00:00Z,461.91,464.17276973,456.0486066,462.75151095,10389.764521109979
2016-05-07T00:00:00Z,461.37024804,464,458.32754325,461.91,11555.73563959999
2016-05-06T00:00:00Z,449.99,465.81809071,447.30576468,461.33575607,34577.78426228289
2016-05-05T00:00:00Z,448.59,451.57029418,445.64668369,449.87104804,16767.49001966
2016-05-04T00:00:00Z,452.10019733,452.61,445.09966398,448.66981604,12645.916872943804
2016-05-03T00:00:00Z,444.28019136,453.28452045,440.49090768,450.40163772,19265.43500993614
2016-05-02T00:00:00Z,454.63182341,457.6,436.32583875,444.93863029,38787.77095339
2016-05-01T00:00:00Z,453.96636994,457.04242759,441,456.98,7129.46948366
2016-04-30T00:00:00Z,458.64864426,459.29,445.04469152,454.02,16476.48118110998
2016-04-29T00:00:00Z,451.00069131,459.44,445.85,458.66701683,20317.38122468
2016-04-28T00:00:00Z,445.16724785,451.88,435.16300817,451.52809023,34675.60226668839
2016-04-27T00:00:00Z,470.26239137,470.78,435.86457872,445.10135766,53494.424315009965
2016-04-26T00:00:00Z,461.98943511,471.99723965,461.97547105,470.56301469,27062.475515509963
2016-04-25T00:00:00Z,464.40902601,472.18896099,454.2447745,461.79501023,36919.87728865679
2016-04-24T00:00:00Z,455.68,464.94999852,449.07050735,463.10197033,31444.654886742766
2016-04-23T00:00:00Z,448.57,455.73,443.40084374,455.63360346,15474.214575647331
2016-04-22T00:00:00Z,452.25,453.14880502,443.70339881,448.40644023,19660.312760640045
2016-04-21T00:00:00Z,443.55540012,454.43667351,440.16948476,452.25922625,26459.132672752952
2016-04-20T00:00:00Z,437.38501034,446.58839162,435.1598985,443.40573407,29971.108256417243
2016-04-19T00:00:00Z,429.90135977,438.96434765,426.8051682,437.73188647,19451.900420059876
2016-04-18T00:00:00Z,429.65728565,434.45,426.30904591,427.78500303,13895.796671742506
2016-04-17T00:00:00Z,432.19415967,434.93,424.99822338,428.97837037,12344.497248239988
2016-04-16T00:00:00Z,430.82,435.6303058,428.606,432.19870321,12621.98739745995
2016-04-15T00:00:00Z,426.08135212,432.4515251,424.647,430.94452944,20658.166159091317
2016-04-14T00:00:00Z,425.58,428,422.44286847,426.30259265,9378.11100381998
2016-04-13T00:00:00Z,427.68106262,429.37,422.0748713,425.58,13736.992359558879
2016-04-12T00:00:00Z,423.95,429.94109149,423.29478931,427.65462823,22925.871742300817
2016-04-11T00:00:00Z,423.00687324,424.21149754,419.01,423.93973211,12754.149556
2016-04-10T00:00:00Z,418.48,423.99,417.3429479,423.38162344,8889.711547109977
2016-04-09T00:00:00Z,418.41656042,420.10599942,412.07833912,419.46,10693.992120608269
2016-04-08T00:00:00Z,422.26188337,425.95210971,415.59609292,419.48,17146.18088639642
2016-04-07T00:00:00Z,421.36,423.95975283,417.84431535,421.99498564,13800.97361621
2016-04-06T00:00:00Z,423.13724261,424.59094,420.63088576,421.47062337,11784.135047459567
2016-04-05T00:00:00Z,419.48,424.87570979,418.03019025,422.40557078,13974.709013282918
2016-04-04T00:00:00Z,420.98930054,421.45346042,416.27790925,419.58235105,11657.62710595
2016-04-03T00:00:00Z,420.0726346,421.80522899,416.06734888,420.24315274,8017.06191432
2016-04-02T00:00:00Z,417.87723596,422.91369385,417.04608228,420.01916176,10547.179378368763
2016-04-01T00:00:00Z,416.16021743,418.13124274,414.09897798,417.89972264,11458.73807243
2016-03-31T00:00:00Z,413.01878778,419.12820112,412.82599192,416.02861515,14597.309041267727
2016-03-30T00:00:00Z,416.27965299,416.41,408.29574801,412.81848577,15912.309282856315
2016-03-29T00:00:00Z,422.92,427.89937214,406.75750334,416.31408879,31903.09277031342
2016-03-28T00:00:00Z,425.53554883,427.97590618,420,423,16096.355935206915
2016-03-27T00:00:00Z,416.96,430.93017593,415.11660635,426.78897218,28362.07053622988
2016-03-26T00:00:00Z,416.09479636,419.38252285,413.25563355,416.96201,9659.28900688
2016-03-25T00:00:00Z,414.93594694,419.62062109,411.03139619,416,9229.807389216032
2016-03-24T00:00:00Z,417.94408181,418.03291509,410.23823579,413.05563285,13812.172114189974
2016-03-23T00:00:00Z,417.7253367,419.66221761,412.71367023,417.10462008,13976.298994988458
2016-03-22T00:00:00Z,411.92144863,418.67,409.98924598,417.53446793,17970.4953205867
2016-03-21T00:00:00Z,411.19872292,413.16475625,406.07114715,411.98237896,15182.333053399978
2016-03-20T00:00:00Z,408.7,415.33420161,407.98322951,411.27,11186.98219255
2016-03-19T00:00:00Z,408.41544005,411.97693021,404.00096208,408.68,15637.38310225
2016-03-18T00:00:00Z,419.9672103,420.07588183,400.45859625,407.92884773,32912.59085493776
2016-03-17T00:00:00Z,417.16671507,422.41448817,415.71712273,418.41,16255.951054789532
2016-03-16T00:00:00Z,415.50025529,418.23423756,411.87,417.05943175,14945.873775019983
2016-03-15T00:00:00Z,415.04253125,418.69791665,412.64622129,415.41,18768.77264941
2016-03-14T00:00:00Z,412.03955297,417.94974764,409.26475017,415.69846312,19209.18130246997
2016-03-13T00:00:00Z,410.1261482,416.28789544,406.75850883,410.73487629,14440.277152699882
2016-03-12T00:00:00Z,419.48,421.78571539,406.44591173,410.11460404,28207.731126339855
2016-03-11T00:00:00Z,416.47805659,423.55662449,415.04167333,420.47,24027.941772670223
2016-03-10T00:00:00Z,412.75791154,428.80194903,409.44,415.84985427,24392.818036820747
2016-03-09T00:00:00Z,411.18,414.53773201,406.54519482,413.02303519,15977.53672638
2016-03-08T00:00:00Z,412.32253579,415.98320613,406.35755649,411.33513656,19044.09175618
2016-03-07T00:00:00Z,403.24,415.99499495,395.24784,412.21,26501.4568011
2016-03-06T00:00:00Z,396.18813799,409.68847149,388.0932833,401.40173003,29114.60843400747
2016-03-05T00:00:00Z,407.11718002,409.89752693,384.20650457,396.08,66250.16666126912
2016-03-04T00:00:00Z,418.76,424.06803088,405.51079399,406.95715971,33728.95045191601
2016-03-03T00:00:00Z,421.68691811,430.99562871,408.79968,419.20054537,36360.43322291
2016-03-02T00:00:00Z,433.03045071,436.20957345,412,420.89930453,25246.43279972115
2016-03-01T00:00:00Z,438.52836862,442.31341609,427.42279555,432.81305623,29014.170894169994
2016-02-29T00:00:00Z,434.42288813,444.84859305,430.52968431,437.3815575,28553.55465553865
2016-02-28T00:00:00Z,433.53153476,437.58281757,422.16777242,434.39477466,25179.62277826
2016-02-27T00:00:00Z,434.47583952,438.33099998,428.79896872,434.25872222,17728.08342599999
2016-02-26T00:00:00Z,423.51,435.43736999,418.99730008,435.06638973,26097.146036229988
2016-02-25T00:00:00Z,426.22284555,429.88099216,405.008,424.88,20392.14002944887
2016-02-24T00:00:00Z,419.21710915,427.42561698,409.75197162,423.96502713,30426.68093681776
2016-02-23T00:00:00Z,437.61338248,442.23131038,414.4219665,420.61252899,42789.78528886992
2016-02-22T00:00:00Z,440.49,442.41657962,425.13552415,437.82607949,22387.106617590067
2016-02-21T00:00:00Z,438.30466939,451.50156423,426.17,440.1061027,50981.32984793834
2016-02-20T00:00:00Z,420.72,445.88588594,419.79769167,438.27296435,57983.2760932922
2016-02-19T00:00:00Z,421.47795332,422.47937744,412.3118753,420.40770112,19514.850897316857
2016-02-18T00:00:00Z,414.89178499,426.15838712,412.74689959,421.18364221,32566.325562549973
2016-02-17T00:00:00Z,407.38698031,421.67101174,405.02853631,415.07931586,40307.3249762936
2016-02-16T00:00:00Z,399.11241337,408.74,390.85670834,407.40843843,20664.980364229974
2016-02-15T00:00:00Z,407.50651051,412.15560436,393.49369404,399.88625872,37412.02608597
2016-02-14T00:00:00Z,392.87682595,408.25940788,389.9760745,406.55956836,37631.30210459
2016-02-13T00:00:00Z,382.88275522,392.96468735,382.00412348,392.96468735,21518.88553055995
2016-02-12T00:00:00Z,378.09259643,417.69243294,375.95031104,382.60414266,17287.715637682446
2016-02-11T00:00:00Z,380.35542185,382.96772145,360.63378763,378.22504634,26264.090350105776
2016-02-10T00:00:00Z,373.18770594,386.91420387,371.87,380.92555393,44442.88710558594
2016-02-09T00:00:00Z,371.01817955,379.54282947,370.0419163,374.15359124,18458.66013275004
2016-02-08T00:00:00Z,377.47,379.15,369.01977085,370.71865917,24419.056511259365
2016-02-07T00:00:00Z,374.63355759,380.83702618,369.35827203,373.88643025,17404.12914199993
2016-02-06T00:00:00Z,385.78362428,386.21567392,365.5390028,375.37431128,46893.861938379945
2016-02-05T00:00:00Z,389.9798615,392.90646211,382.99,384.6132003,24799.980777290904
2016-02-04T00:00:00Z,368.97280898,393.58733263,368.67773221,389.95945903,46610.437870601585
2016-02-03T00:00:00Z,372.93,373.96590497,365.65,368.97910133,20561.449602974648
2016-02-02T00:00:00Z,371.33,376.23691706,370.151565,372.92557438,17661.5426632
2016-02-01T00:00:00Z,366.27272669,379.26573471,363.51701191,371.37451613,33253.56512851997
2016-01-31T00:00:00Z,378.46,382.5,362.6005414,365.74020252,20603.6595091
2016-01-30T00:00:00Z,377.50928284,382.32722723,374.20996265,378.32432315,14864.01932187
2016-01-29T00:00:00Z,378.25151175,385.9741522,360.475905,378.50946675,74923.63929184995
2016-01-28T00:00:00Z,394.62860427,395.47679815,375.42290638,378.42392856,34444.885422524996
2016-01-27T00:00:00Z,391.24707283,400.88485844,389.6762854,394.94685968,15063.713618549857
2016-01-26T00:00:00Z,391.05997859,405.87342398,386.9304062,391.41866333,21012.65028176
2016-01-25T00:00:00Z,402.76,402.77,384.07187537,391.06364478,29629.77264099
2016-01-24T00:00:00Z,385.57885422,407.32196765,385.13421994,402.92325442,27372.710484749936
2016-01-23T00:00:00Z,381.21944953,398.22107148,380.12360822,385.57,28166.85311702
2016-01-22T00:00:00Z,410.93805513,413.41925685,371.66843406,381.80445276,76158.54215692
2016-01-21T00:00:00Z,419.37540899,424.56424017,404.25250864,409.55902838,38489.681243693994
2016-01-20T00:00:00Z,377.73211951,427.69612272,370.11611502,419.21810506,97460.9778806282
2016-01-19T00:00:00Z,386.3193078,388.53159916,371.76,375.69581508,25389.620859142975
2016-01-18T00:00:00Z,381.19952539,389.93538867,371.00311818,386.1106531,28423.590803634706
2016-01-17T00:00:00Z,388.47941221,393.24286778,376.55293241,381.98708467,29127.35197408
2016-01-16T00:00:00Z,359.0931196,392.35298469,352.40106593,388.41817805,92554.51722955937
2016-01-15T00:00:00Z,429.98275892,430.22,357.03628568,358.84512939,153164.9787032341
2016-01-14T00:00:00Z,431.76551242,435.10440479,426.19027679,430.03,19022.830848479964
2016-01-13T00:00:00Z,432.76480079,436.45826189,417.13162475,432.75703765,42346.80208966385
2016-01-12T00:00:00Z,449.26,451.27305,427.37082006,432.13407159,27494.98330458996
2016-01-11T00:00:00Z,449.37117397,452.56962893,443.5245104,449.19,20521.487751699926
2016-01-10T00:00:00Z,450.33866713,451.39,441.01207201,449.96246623,17775.410441434866
2016-01-09T00:00:00Z,454.17323486,458.48253673,447.21504177,450.30706748,13283.140205749989
2016-01-08T00:00:00Z,458.85772203,464.94686927,446.8391616,454.44,38425.99030305
2016-01-07T00:00:00Z,428.72996941,461.95663243,427.32638249,458.79863499,69488.63179084855
2016-01-06T00:00:00Z,432.77985371,433.43,425.3011385,429.00200267,14937.12262875
2016-01-05T00:00:00Z,432.67952785,435.5030118,428.07966699,433.30388763,16356.206939209971
2016-01-04T00:00:00Z,429.56865904,435.79,426.97,433.13827934,18885.978814237682
2016-01-03T00:00:00Z,435.09100341,435.75,421.74641058,430.13527368,23129.77971083
2016-01-02T00:00:00Z,435.59640851,437.44,430,433.3868399,9651.422099299978
2016-01-01T00:00:00Z,429.21889763,437.13362949,426.27428467,434.0589915,16955.298067819997
2015-12-31T00:00:00Z,423.77377655,433.66068393,413.15656379,430.15952998,27965.00548812
2015-12-30T00:00:00Z,432.65079914,434.81080315,420.05963711,423.60933905,27181.062375349975
2015-12-29T00:00:00Z,421.89689921,433.5251484,418.01789545,431.8920281,28609.200299689895
2015-12-28T00:00:00Z,422.5206788,429.9,417.03108559,421.03227736,31322.69701053
2015-12-27T00:00:00Z,418.74834447,429.7156014,407.07907333,422.99720285,33394.77421236
2015-12-26T00:00:00Z,455.40557468,459.93376868,405.55392062,418.16532504,110213.41028206
2015-12-25T00:00:00Z,455.84128414,459.99,445.215774,455.84,18663.45530013
2015-12-24T00:00:00Z,442.43402576,459.92057821,442.42423765,455.79062962,26786.23633806
2015-12-23T00:00:00Z,433.94,445.75931993,428.64636547,442.61036173,24102.76500011
2015-12-22T00:00:00Z,437.77154122,443.62903168,432.97843173,433.92,25216.33913124
2015-12-21T00:00:00Z,442.58870657,447.08319557,424.40564136,437.43562871,50243.48606075
2015-12-20T00:00:00Z,462.33374108,462.72,430.27586204,442.61203903,54866.22365934
2015-12-19T00:00:00Z,463.18254083,466.89940043,451.90000688,462.15674202,28267.96488305
2015-12-18T00:00:00Z,455.70122253,466.54043612,450.2860449,463.17,32188.26045626
2015-12-17T00:00:00Z,454.82979847,458.61448012,446.24069172,455.53299007,24227.97304462
2015-12-16T00:00:00Z,465.0033653,469.97114821,440.0184293,454.65135234,103210.00757905
2015-12-15T00:00:00Z,442.58267276,467.15247953,442.54311429,465.43889637,52503.06746478999
2015-12-14T00:00:00Z,433.01740496,449.95300776,427.56513076,444.01,193143.24416039
2015-12-13T00:00:00Z,435.69587465,443.903893,415.80116083,433.40977706,40392.55771403
2015-12-12T00:00:00Z,455.02614079,474.51956792,402.58389952,436.45074343,134471.30992068
2015-12-11T00:00:00Z,415.02779834,458.89550321,414.96257817,456.82966708,89761.4511007
2015-12-10T00:00:00Z,418.84962802,421.18924421,408.84705766,415.24891789,28676.39860962
2015-12-09T00:00:00Z,419.23498451,426.46619994,401.25682578,418.39370249,66149.58856773
2015-12-08T00:00:00Z,394.73,421.79236714,387.22447779,421.46992564,41721.95917403
2015-12-07T00:00:00Z,390.70809783,404.20802767,384.4563756,396.7,41427.49841881
2015-12-06T00:00:00Z,388.43339286,407.48195122,378.84725461,389.94099716,70409.94942906
2015-12-05T00:00:00Z,364.06543165,394.76885898,362.47719381,389.64343922,55079.48026125
2015-12-04T00:00:00Z,360.68916909,364.50961206,354.54405005,363.98,20566.88684629
2015-12-03T00:00:00Z,359.38764073,371.48524101,352.57665745,360.84039785,35770.93722591
2015-12-02T00:00:00Z,362.68,363.19159046,346.46621329,359.12,40750.31557383
2015-12-01T00:00:00Z,376.88168761,379.74192386,353.26561806,362.64486363,53811.09100859
2015-11-30T00:00:00Z,373.2518346,384.95978035,368.12710597,376.86878246,59001.36375807
2015-11-29T00:00:00Z,358.00090895,375.7254444,354.41,373.66442764,31426.31231255
2015-11-28T00:00:00Z,358.9576475,361.92569429,351.00772581,357.44694797,25035.91747834
2015-11-27T00:00:00Z,353.09137472,366.95107762,347.98,358.19,42220.86147791
2015-11-26T00:00:00Z,329.84911339,369.88118295,328.98216611,353.85364844,95654.49859133
2015-11-25T00:00:00Z,320.96,332.21509713,316.12322319,328.98,28664.40166925
2015-11-24T00:00:00Z,323.01758128,325,315.94242257,321,15202.23796236
2015-11-23T00:00:00Z,324.48717056,327.43629063,319.37687011,323,12641.92602135
2015-11-22T00:00:00Z,327.171323,327.7515009,319.04617,323.71,10514.75126935
2015-11-21T00:00:00Z,322.31160188,329.18660846,317.22304164,327.80412655,15609.38659525
2015-11-20T00:00:00Z,326.51551075,326.97,309.53024253,322.21193126,39563.39566822
2015-11-19T00:00:00Z,335.66570664,336.5503555,324.07008373,326.41,25698.48357443
2015-11-18T00:00:00Z,336.49,338.95805811,327.96754,335.88485683,20889.49990486
2015-11-17T00:00:00Z,332.21917848,342.08266951,330.07195,336.36410205,34517.86284448
2015-11-16T00:00:00Z,322.94,334.9537817,315.2327666,332.53767175,33125.42553136
2015-11-15T00:00:00Z,333.52135038,336.59454618,315.24708317,320.60344575,38000.00396834
2015-11-14T00:00:00Z,338.49476023,340.49481437,328,334.07718572,26385.12242715
2015-11-13T00:00:00Z,336.74408622,343.54156744,325.56,338.5293474,40254.07534742
2015-11-12T00:00:00Z,314.42586484,346.3400718,313.3990282,336.82065995,73205.07179332
2015-11-11T00:00:00Z,339.58612872,343.52546132,300.05466639,314.420458,135258.09441122
2015-11-10T00:00:00Z,379.87859684,383.01933355,326.77482676,339.85592054,105300.82469379
2015-11-09T00:00:00Z,374.18392115,388.97506845,360.07428087,379.62059484,49390.54815928
2015-11-08T00:00:00Z,384.30615104,390.29237897,364.79649311,374.09438799,38367.51684374
2015-11-07T00:00:00Z,374.43462374,392.21634136,371.36850186,384.94496862,42866.54080295
2015-11-06T00:00:00Z,387.86873276,396.75290705,351.12629014,374.16472854,126788.67489758
2015-11-05T00:00:00Z,409.26091438,449.92529424,369.99976208,387.14360773,185354.20538727
2015-11-04T00:00:00Z,404.55667257,503.29397042,366.84451768,409.35024613,325500.36819042
2015-11-03T00:00:00Z,365.0852851,423.72795681,352.37090034,404.97791987,212368.1092924
2015-11-02T00:00:00Z,329.51300221,372.84715591,326.47944155,365.31698312,91158.6634058
2015-11-01T00:00:00Z,315.97060699,333.30306173,311.5,329.65906137,36458.19866281
2015-10-31T00:00:00Z,328.22825725,335.81096709,307.13606963,315.55604126,58212.55162196
2015-10-30T00:00:00Z,316.06674065,336.08353537,313.96130317,329.10244784,80021.79551056
2015-10-29T00:00:00Z,304.24255109,321.22721923,299.11,315.48991418,63588.04652827
2015-10-28T00:00:00Z,295.63482949,308.65610702,295.42471663,304.41319098,51801.05303146
2015-10-27T00:00:00Z,287.1,298.67623447,286.60358356,295.33056259,38175.59997307
2015-10-26T00:00:00Z,284.84703853,287.88323825,282.09,287.20690841,24705.87167047
2015-10-25T00:00:00Z,284.29,295.91731314,281.20622698,284.96424996,50828.4576644
2015-10-24T00:00:00Z,278.76,284.45970512,278.75,284.25373921,19518.86451416
2015-10-23T00:00:00Z,275.8130881,281.17,272.13,279.18739697,23030.84881825
2015-10-22T00:00:00Z,268.0013027,279.96994649,267.3262305,275.83779042,36006.88063037
2015-10-21T00:00:00Z,271.00551907,272.67743194,264.13840463,268.16546742,16991.43878629
2015-10-20T00:00:00Z,265.02,273.82382731,264.38497245,271.14,19232.1280735
2015-10-19T00:00:00Z,265.05777087,268.23,262.0553771,265.1,16291.61717345
2015-10-18T00:00:00Z,272.89439611,274.55278139,252.50001,265.00004785,21071.08244312
2015-10-17T00:00:00Z,263.45566306,275.18326197,259.7133245,272.9,53971.7497202
2015-10-16T00:00:00Z,255.05154782,267.78614151,254.86,263.43003994,31455.57842168
2015-10-15T00:00:00Z,253.25,257.48298402,252.83824485,255.00727116,17247.13786605
2015-10-14T00:00:00Z,250.98512824,255.81994001,241.09865467,253.27167508,17830.96638166
2015-10-13T00:00:00Z,246.43,253.10789871,244.05858389,250.99018422,23367.00927592
2015-10-12T00:00:00Z,247.93065206,249.14,245.21285016,246.33560512,10634.0602031
2015-10-11T00:00:00Z,246.06,249.98071753,243.81492574,248.98949052,9235.38706912
2015-10-10T00:00:00Z,244.44,246.40923285,243.5,246.06311137,7891.30852649
2015-10-09T00:00:00Z,242.94,245.44300925,241.10424006,244.35,8618.23976765
2015-10-08T00:00:00Z,244,245.59610546,235.57748603,242.94036567,11782.0810754
2015-10-07T00:00:00Z,246.7,247.9484921,235.36588273,244,17760.25265548
2015-10-06T00:00:00Z,241.14651965,249.00982068,240.17995145,246.64046443,25943.28332359
2015-10-05T00:00:00Z,239.87,242.89,236.24716801,240.95399285,19771.2854404
2015-10-04T00:00:00Z,239.93,240.84973416,238,239.5130376,5885.38197122
2015-10-03T00:00:00Z,238.26799971,241.10974309,237.00665833,239.9189258,10572.00967146
2015-10-02T00:00:00Z,238.32137604,240,236.97,238.27929905,11586.66760997
2015-10-01T00:00:00Z,237.1,240.06737771,235.03031362,238.34,11820.64348529
2015-09-30T00:00:00Z,236.9,238.76488098,235.11611062,237.14,10673.27155464
2015-09-29T00:00:00Z,240.04564931,241.49013588,235.11264878,236.89,16539.07029474
2015-09-28T00:00:00Z,233.50383055,241.36758195,233.40779112,239.99,20724.23592701
2015-09-27T00:00:00Z,234.67,235.03,231.44611821,233.58,5924.72541974
2015-09-26T00:00:00Z,235.88,236.2,233.5,234.66896058,9016.56233602
2015-09-25T00:00:00Z,235.35,237.69205152,232.44194879,235.37650161,16190.29966358
2015-09-24T00:00:00Z,230.26,236.22860493,230.1,235.27,24793.822486
2015-09-23T00:00:00Z,231.31064253,233,229.0934377,230.26,12179.24577044
2015-09-22T00:00:00Z,227.31,233.66109619,224.28261763,231.20829135,27911.06091806
2015-09-21T00:00:00Z,232.21547112,233.58702848,226.38,227.31,16905.85593697
2015-09-20T00:00:00Z,232.85961097,234,231.38617,232.24,7142.30066067
2015-09-19T00:00:00Z,233.78,234.24,230.14042068,232.88,8004.82285542
2015-09-18T00:00:00Z,233.47060362,236.24836606,227.04520508,233.78,13758.95417247
2015-09-17T00:00:00Z,229.69421187,235.9361301,227.88,233.35483107,19609.02974966
2015-09-16T00:00:00Z,230.67,232.11371763,227.04784871,229.6245831,15906.83633279
2015-09-15T00:00:00Z,231.02149357,232.91449701,227.3321083,230.6,14861.92914394
2015-09-14T00:00:00Z,231.08234724,233.89771504,226.89988384,231.01,17819.44151562
2015-09-13T00:00:00Z,236.5,236.90899494,229.05737838,230.82,15355.97178808
2015-09-12T00:00:00Z,240.9,241.12,235.10727627,236.49702599,14816.30605944
2015-09-11T00:00:00Z,238.87998015,242.88983654,228.42123608,240.9,16228.50906518
2015-09-10T00:00:00Z,238.85943166,241.89757998,236.73,239.26760524,16639.01608253
2015-09-09T00:00:00Z,244.23989223,245.44969284,238.38060798,238.86895911,21372.85672549
2015-09-08T00:00:00Z,240.93384302,247.68113222,240.31,244.02387526,24926.31299223
2015-09-07T00:00:00Z,241.26,243,239.03006948,241.28528813,12000.84351272
2015-09-06T00:00:00Z,236.17,248.42791504,235.5,241.29,25905.318158
2015-09-05T00:00:00Z,230.88703491,239.50248167,230.02,235.88401808,17988.51865051
2015-09-04T00:00:00Z,227.24055841,232.49,226.73954922,231.39,18021.85786826
2015-09-03T00:00:00Z,229.84850609,231.13283,226.12599528,227.25,13877.2353587
2015-09-02T00:00:00Z,228.2396324,231.84395903,226.43051213,229.97,16664.12832772
2015-09-01T00:00:00Z,230.77577635,233.49985669,226.42079658,228.22,18511.1130663
2015-08-31T00:00:00Z,229.40125265,233.58430017,225.28068847,230.75,18008.47945541
2015-08-30T00:00:00Z,230.89899754,233.93089321,225.23346176,229.57513349,13857.63201764
2015-08-29T00:00:00Z,231.55,234.02885251,227.16057728,230.7463483,14640.90589141
2015-08-28T00:00:00Z,225.65565386,238.79634813,220.20456814,231.78125684,36747.62750238
2015-08-27T00:00:00Z,226.7157144,232.11451572,224.00857904,225.77083653,19805.79499568
2015-08-26T00:00:00Z,223.63230286,240.01175074,220.12838027,226.65780634,33683.34634397
2015-08-25T00:00:00Z,210.74490385,228.89574286,197.37756525,222.73113329,89396.58073835
2015-08-24T00:00:00Z,229.22250241,229.23243605,207.80335031,210.62121494,70212.26462662
2015-08-23T00:00:00Z,231.11614442,233.24817024,223.19079708,229.21,16484.26207043
2015-08-22T00:00:00Z,232.85,235.31,221.7980778,231.12663751,28253.83842891
2015-08-21T00:00:00Z,235.55967106,237.60780202,228.76413913,232.85,21540.50561052
2015-08-20T00:00:00Z,227.34378906,238.17673439,226.43406226,235.54402001,35636.49533335
2015-08-19T00:00:00Z,215.14642443,254.72255481,200.2645765,227.0149336,91884.14628674
2015-08-18T00:00:00Z,257.73920038,258.49104623,163.24916094,214.70922763,100257.39462826
2015-08-17T00:00:00Z,259.25826421,262.29271986,255.63,257.85219704,16994.25181289
2015-08-16T00:00:00Z,262.4492876,267.99,256.4848082,259.87196365,32990.94793722
2015-08-15T00:00:00Z,266.21025019,268.24575582,261.00007067,262.23044691,14678.87405163
2015-08-14T00:00:00Z,264.47601435,268.88996266,262.15517089,266.10064903,20814.30112434
2015-08-13T00:00:00Z,267.08761183,267.99541232,261.71848,264.48218458,18353.57194571
2015-08-12T00:00:00Z,271.97375475,273.7263682,265.79529849,267.08322562,22712.08090679
2015-08-11T00:00:00Z,265.13761061,272.76774577,262.52272717,271.96915658,18550.14035515
2015-08-10T00:00:00Z,266.03420679,273.8329066,262.18382093,265.15,16281.55015952
2015-08-09T00:00:00Z,261.48611861,268.46,260.82529773,267.63,25929.76248465
2015-08-08T00:00:00Z,280.05953184,280.35356464,260.14755571,261.71552232,43074.64616493
2015-08-07T00:00:00Z,279.15534737,289.97993014,274.67089245,279.98015419,17986.42959873
2015-08-06T00:00:00Z,282.44,282.58843327,278.0858233,279.65,13982.75841564
2015-08-05T00:00:00Z,285.47760015,286.18306484,279.70280847,282.77,14652.00722197
2015-08-04T00:00:00Z,281.1111159,286.47,280.56,285.4747935,17591.11559123
2015-08-03T00:00:00Z,282.47932579,287.04020473,279.85237836,281.16173043,19553.70066617
2015-08-02T00:00:00Z,280.31,283.30493822,276.26,282.60488008,15106.24841036
2015-08-01T00:00:00Z,285.10943257,292,276.56,280.87893274,16318.6563789
2015-07-31T00:00:00Z,288.33388583,290.99817609,281.11580805,285.15458402,20305.27828925
2015-07-30T00:00:00Z,290.25762702,291.53594113,284.122105,288.22257264,17308.92167715
2015-07-29T00:00:00Z,295.73258454,296.50639744,286.08,290.16076772,21091.02732678
2015-07-28T00:00:00Z,294.61450531,298.92897676,287.56783785,295.62902684,20182.4349218
2015-07-27T00:00:00Z,293.8014426,298.68878234,286.02733258,294.83701136,31942.21630304
2015-07-26T00:00:00Z,289.45969708,294.5699826,288.12,293.06488905,13070.24499631
2015-07-25T00:00:00Z,288.91070249,292.32442833,286.42462711,289.68543154,15738.54238112
2015-07-24T00:00:00Z,276.73695896,291.01782316,276.04975543,288.98091819,31693.53120906
2015-07-23T00:00:00Z,277.94254397,279.74,275.68926601,276.8792918,10765.75798133
2015-07-22T00:00:00Z,275.73842407,278.53810748,274.50307707,277.90979191,15713.09969395
2015-07-21T00:00:00Z,280.024992,282.09979615,275.14681537,275.76823928,18005.96399004
2015-07-20T00:00:00Z,275.04,280.48226756,273.5,280.17442435,13210.66613656
2015-07-19T00:00:00Z,277.25,279.18,274.69,275.04,8015.58890928
2015-07-18T00:00:00Z,279.52,283.33,276.12,277.25,15407.9775647
2015-07-17T00:00:00Z,278.93,281.55,272,279.82,25364.97396061
2015-07-16T00:00:00Z,285.42,294.99469316,274.13626769,278.94,52915.64431466
2015-07-15T00:00:00Z,286.87,294.44,283.51,285.42,21735.14493814
2015-07-14T00:00:00Z,292.6,297.25,286,286.83,23568.45021773
2015-07-13T00:00:00Z,311.18,312,281.5,292.65,74517.89817472
2015-07-12T00:00:00Z,293.19,316.23,291.81,311.15,60578.18207374
2015-07-11T00:00:00Z,285.35,301.49,283.17761667,293.18,39318.36108869
2015-07-10T00:00:00Z,269.22,296.09915085,268.58,285.36,89820.66877445
2015-07-09T00:00:00Z,270.49,273.99996991,266.22,269.23,24046.87510174
2015-07-08T00:00:00Z,265.78,274.11,263,270.52,35213.45661669
2015-07-07T00:00:00Z,269.24,271.5,262.61,265.72,22290.59277272
2015-07-06T00:00:00Z,271.82,278.69,267.33,269.23,56759.48879052
2015-07-05T00:00:00Z,260.57,275.88,258,271.96,47918.17261463
2015-07-04T00:00:00Z,256.12,262.64,253.57,260.58,9665.31868983
2015-07-03T00:00:00Z,254.52,269.9999,252.11,256.28,11668.30985112
2015-07-02T00:00:00Z,258.08,262.61,253,254.52,17349.63397953
2015-07-01T00:00:00Z,262.9,264.81,252.77374262,258.1,21612.00633152
2015-06-30T00:00:00Z,256.7,269.93939,253.05,263.07,47348.27601309
2015-06-29T00:00:00Z,248.71,268,248.57,256.69,34861.27525066
2015-06-28T00:00:00Z,251.6,258.30795856,247.25,248.71,12959.61194755
2015-06-27T00:00:00Z,243.29,251.77,242.6,251.61,18168.46782367
2015-06-26T00:00:00Z,242.15,243.9,240.61,243.29,10165.13369173
2015-06-25T00:00:00Z,239.75,243.99916,239.5,242.05,8719.64577644
2015-06-24T00:00:00Z,244.19,244.19,239,239.8,15568.75603624
2015-06-23T00:00:00Z,246.69,247.35,242.00027032,244.25,11600.3085419
2015-06-22T00:00:00Z,244.25,248.08457,243.5,246.67,18547.89165302
2015-06-21T00:00:00Z,245.38,245.69,238.05336,244.25,8212.76567002
2015-06-20T00:00:00Z,244.56,245.9,240,245.38,23925.90743531
2015-06-19T00:00:00Z,249.38,252.13,243.5,244.58,24046.44652555
2015-06-18T00:00:00Z,248.96,253.7,243,249.51,27587.60282057
2015-06-17T00:00:00Z,252.19,259.08615854,246,248.95,47564.32093786
2015-06-16T00:00:00Z,236.97,253.99786277,234.11886154,252.17,51016.09524549
2015-06-15T00:00:00Z,233.5,238.16,231.6378513,236.98,19173.72771931
2015-06-14T00:00:00Z,232.86,235.44,231.23792456,233.54,8280.3440423
2015-06-13T00:00:00Z,229.51,234.3,226.14462,232.87,11083.93709507
2015-06-12T00:00:00Z,229.99,233.15352,228.86036,229.55,9814.26726806
2015-06-11T00:00:00Z,228.61,231.2,228.24563291,230,9573.91756343
2015-06-10T00:00:00Z,229.06,229.97,226.60085052,228.6,10782.46142276
2015-06-09T00:00:00Z,228.79,232.07,226.79,229.06,16391.64537445
2015-06-08T00:00:00Z,223.29,230.63,223.25,228.76,28855.2614287
2015-06-07T00:00:00Z,225.69,226.99866408,222.29,223.26,17256.19548148
2015-06-06T00:00:00Z,224.7,228,223.70128,225.66,6836.33498345
2015-06-05T00:00:00Z,223.24,229.23,222.65,224.51,17637.48267019
2015-06-04T00:00:00Z,225.14,228.77839,222.64,223.15499,11260.80061058
2015-06-03T00:00:00Z,224.7,229.47843,222.26,225.14,17230.86368926
2015-06-02T00:00:00Z,222.01,226.43035108,220.97,224.68,16455.5206608
2015-06-01T00:00:00Z,228.38,232.40159,219.71,222,31756.34219368
2015-05-31T00:00:00Z,232.35,235.85876,227.00278091,228.7,11670.04128295
2015-05-30T00:00:00Z,236.72,236.73,228.2,232.54,14784.45667596
2015-05-29T00:00:00Z,236.83,237.16,234.91168,236.52,6847.9652237
2015-05-28T00:00:00Z,236.75,237.5,235.65521645,236.86,5792.83957901
2015-05-27T00:00:00Z,237.37,239.3,235,236.48,9196.49466328
2015-05-26T00:00:00Z,237.1,238.5,235.17,237.36,8826.59780317
2015-05-25T00:00:00Z,240.92,241.12,235.715,237.1,8716.64720673
2015-05-24T00:00:00Z,238.86,242.98,237.53117,240.96,7288.12566912
2015-05-23T00:00:00Z,240.97,241.2,237.39019,238.81,8542.25848224
2015-05-22T00:00:00Z,235.25,244,234.59,240.97,22903.20599308
2015-05-21T00:00:00Z,234.26,236.5,233.9,235.27,10520.56784439
2015-05-20T00:00:00Z,231.56,235.24,231.56,234.24,11442.50007587
2015-05-19T00:00:00Z,232.83,233.99,231.19,231.7,5892.06684476
2015-05-18T00:00:00Z,236.25,237.25,229,232.82,14196.20913327
2015-05-17T00:00:00Z,235.85,238.24,235.6,236.15,4807.94601234
2015-05-16T00:00:00Z,237.24,239.09771,234.00018599,235.7,6104.03524623
2015-05-15T00:00:00Z,236.7,240.01617284,233.88,237.3,9527.97408646
2015-05-14T00:00:00Z,235.72,238.39,232.11001054,236.7,19137.64190926
2015-05-13T00:00:00Z,242.01,245,234.22,235.7,27974.73412314
2015-05-12T00:00:00Z,242.44,244.67,240.28398721,241.90026016,13672.90955176
2015-05-11T00:00:00Z,240.8,245.48842728,238.5,242.46,16024.88266159
2015-05-10T00:00:00Z,242.53,245.95,236.13,240.73,11941.8580649
2015-05-09T00:00:00Z,244.52,249.21,234.83961945,242.54,19386.75087533
2015-05-08T00:00:00Z,237.3,249.22,235.06552138,244.5,31078.93045031
2015-05-07T00:00:00Z,229.04,239.79,227.41089738,237.3,27242.5524045
2015-05-06T00:00:00Z,235.85,236.75,226.42,229.27,47575.74347392
2015-05-05T00:00:00Z,238.68,239.49,231.05,235.87,26129.71082578
2015-05-04T00:00:00Z,240.69,243.6,236.98,238.54,24671.09501282
2015-05-03T00:00:00Z,234.76,243.73,233.75,240.57,19184.43285249
2015-05-02T00:00:00Z,231.75,239.0898,231.75,234.81,8953.40931796
2015-05-01T00:00:00Z,236.18,239.25,231.21,231.78,17057.05743653
2015-04-30T00:00:00Z,225.56,240.88997287,224.63,236.11,41411.67073777
2015-04-29T00:00:00Z,225.3,231.9185251,222.66,225.23,12228.18261879
2015-04-28T00:00:00Z,227.44,233.25096,222.16,225.3,17233.12641845
2015-04-27T00:00:00Z,219.73,232.49,217.33855,226.91,35266.25627632
2015-04-26T00:00:00Z,226.1,226.84,213.92,219.7,40944.66353532
2015-04-25T00:00:00Z,231.21,232.7,225.35,226.01,13396.52778694
2015-04-24T00:00:00Z,235.82,237.58146,228.7,231.38,22527.8934017
2015-04-23T00:00:00Z,234.35,237.22,231.7,236.01,8872.53624808
2015-04-22T00:00:00Z,236.18,238.98520448,232,234.14,22106.2411133
2015-04-21T00:00:00Z,224.21,236.99,224.0799145,236.96,31861.03284896
2015-04-20T00:00:00Z,222.28,227,221.24,224.33762666,19972.28104599
2015-04-19T00:00:00Z,223.23,228.99999,222.1,222.16,17582.06599344
2015-04-18T00:00:00Z,222.39,227.17446774,219.94,223.08,11902.91535886
2015-04-17T00:00:00Z,228.23,228.98,219.58,222.4,27063.1727461
2015-04-16T00:00:00Z,223.8,230,223.01,228.14,28958.33987848
2015-04-15T00:00:00Z,220.1,224.75,219.01,223.98,24046.60363669
2015-04-14T00:00:00Z,224.9,231.84673,216.37,220.16,40810.09623765
2015-04-13T00:00:00Z,236.21,239.99999,220.14212473,224.9,47158.41579133
2015-04-12T00:00:00Z,236.83,239.99999,232.38,236.38,10119.89628827
2015-04-11T00:00:00Z,236.12,242.48836,230.75824,236.86,17769.46794517
2015-04-10T00:00:00Z,243.56,244.65276,230.75,236.15350246,37370.31484709
2015-04-09T00:00:00Z,244.94,249.36101,236.5,243.58,22649.78676308
2015-04-08T00:00:00Z,253.7,258.21634,242.72,244.92,39640.83934706
2015-04-07T00:00:00Z,255.62,257.9,246.51001,253.7,10628.06379977
2015-04-06T00:00:00Z,260.75,262.45,253.39876526,255.73,20833.3172391
2015-04-05T00:00:00Z,253.7,261.25,251.55,260.5,24000.32561136
2015-04-04T00:00:00Z,254.24,255.7,249.52004,253.6,9468.15739554
2015-04-03T00:00:00Z,253.33,256.49,250.31,254.24,28298.1070657
2015-04-02T00:00:00Z,247.07,254.94,243,253.23,26235.19079402
2015-04-01T00:00:00Z,244.56,249.24224,239.21,246.93,23573.08214103
2015-03-31T00:00:00Z,247.93,249.93732,242,244.51,22341.6279557
2015-03-30T00:00:00Z,242.9,255.23492,236.24,247.93,30730.00776133
2015-03-29T00:00:00Z,252.9,253.01,238.89098287,242.74,31830.14997158
2015-03-28T00:00:00Z,246.5,255.96,246.49,252.95,17726.81120193
2015-03-27T00:00:00Z,249.21,252,245.23,246.5,22731.79683412
2015-03-26T00:00:00Z,246.29,260.87758707,244.5,249.33,33275.08538915
2015-03-25T00:00:00Z,246,250.99784,235.7,246.29,53264.40383876
2015-03-24T00:00:00Z,267.31,268.4,241.39,246,64146.05492912
2015-03-23T00:00:00Z,268.6,271.5,262,267.23,23541.46817888
2015-03-22T00:00:00Z,260.6,270.8,258.10886,268.82,18281.66967975
2015-03-21T00:00:00Z,262.18,263.01,255.1,260.47,15082.768949
2015-03-20T00:00:00Z,261.7,268.7446576,256.0996,262.19,16198.69229412
2015-03-19T00:00:00Z,257.2,269.5,246.98106878,261.98,78457.80029326
2015-03-18T00:00:00Z,285.11,285.25,248.00117948,257.21,89961.07796787
2015-03-17T00:00:00Z,291.24,293.99543,281.56,285.29834754,22253.28294731
2015-03-16T00:00:00Z,286.71,295.2,286.45,291.22,22346.40991283
2015-03-15T00:00:00Z,282.54,287.8,281.51071,286.9,13427.71339546
2015-03-14T00:00:00Z,283.18,288.59881,273.63644392,282.6,23065.44256834
2015-03-13T00:00:00Z,295.52,295.91,272.76987633,283.18,46749.13634913
2015-03-12T00:00:00Z,296.52,298.8,291.04,295.55,27283.29543242
2015-03-11T00:00:00Z,292.47243343,299.93588,289.13265,296.6,25848.44020833
2015-03-10T00:00:00Z,291.04,303.95956562,287.91814,292.53126426,67419.05211769
2015-03-09T00:00:00Z,275.58,295,274.01011,291,62927.15561698
2015-03-08T00:00:00Z,276.98,279.99575,271.61,275.59,13857.55285026
2015-03-07T00:00:00Z,273.27,280.76,270,276.97,22857.13298366
2015-03-06T00:00:00Z,277.69,279.75,268.8,273.36,40287.26111985
2015-03-05T00:00:00Z,272.92,284.99,262.0003137,277.69,66123.61924457
2015-03-04T00:00:00Z,283.8,285.98904672,267,273.33,71559.40363953
2015-03-03T00:00:00Z,277.3,294,267.06395621,283.75,81251.32713321
2015-03-02T00:00:00Z,262.47,279.61,253.15184,277.41,67222.12389624
2015-03-01T00:00:00Z,255.7,266.90938569,245.65180062,262.4,47620.31151329
2015-02-28T00:00:00Z,255.06,257.4,247.11308,255.7,17331.17091776
2015-02-27T00:00:00Z,236.93,262.8,236.64,255.05,69977.80181696
2015-02-26T00:00:00Z,237.98,239.63507,233.62,236.93,18709.9603864
2015-02-25T00:00:00Z,239.95,240.83,235.53,237.99,13536.10638368
2015-02-24T00:00:00Z,239.33,240.99,236.7,239.73,16616.69456059
2015-02-23T00:00:00Z,236.5,241,232.61,239.4,23880.3204166
2015-02-22T00:00:00Z,245.53,247.78,232.10391746,236.5,33597.89792026
2015-02-21T00:00:00Z,244.51,247.73,243.28,245.54,16187.40465033
2015-02-20T00:00:00Z,240.2,248.98,238.95,244.5,31381.55320125
2015-02-19T00:00:00Z,236.27,243.42,234.97,240,23854.11091588
2015-02-18T00:00:00Z,243.82,244.99,231.01,236.26,39362.80133345
2015-02-17T00:00:00Z,233.5,249.98294,231.5,244,40906.20195883
2015-02-16T00:00:00Z,235.34,246.79895182,228.62,233.5,47263.57314958
2015-02-15T00:00:00Z,257.01,268.54,228.19992899,235.88,103193.96654759
2015-02-14T00:00:00Z,235.8,261.3,235.51,257,80603.7401854
2015-02-13T00:00:00Z,222.56,242.5,221.46,236.13,68378.2889548
2015-02-12T00:00:00Z,219.8,223.2,217.8,222.39,19997.72875133
2015-02-11T00:00:00Z,220.75,224.4,218.1,219.8,19285.27356305
2015-02-10T00:00:00Z,220.48,223.88,214,220.87,29290.87491014
2015-02-09T00:00:00Z,224.13,225.98,215.33,220.48,48192.10738899
2015-02-08T00:00:00Z,228.8,232.9,221.1,223.85,26141.51448898
2015-02-07T00:00:00Z,222.66,239.78,218.44062,228.8,35473.64555372
2015-02-06T00:00:00Z,216.43,225.8766455,215,222.65,35664.67563884
2015-02-05T00:00:00Z,227.79,228.8,210.12,216.47,37887.29558986
2015-02-04T00:00:00Z,227.81,233,220.23,227.8,44343.44949192
2015-02-03T00:00:00Z,238.86,248.42,222.66,227.96,81398.77216004
2015-02-02T00:00:00Z,226.86,247.5,222.5,238.99,52345.37765092
2015-02-01T00:00:00Z,215.91,233.32,211.02067619,226.92,55669.06081643
2015-01-31T00:00:00Z,226.47,234.02432799,213.1,215.8,48942.89672942
2015-01-30T00:00:00Z,233.7,243.89,224.22,226.45,51313.07815931
2015-01-29T00:00:00Z,234.49,239.33,220.00026052,233.01,60146.110836
2015-01-28T00:00:00Z,265.55,270.53115245,226.35,234.5,87112.58483603
2015-01-27T00:00:00Z,276.01,280.37,248.00002,265.09,81772.30753989
2015-01-26T00:00:00Z,254.72,315,254.65,276.01,206078.68931594
2015-01-25T00:00:00Z,248.94,259.38884144,244.10879599,254.73,54090.31811049
2015-01-24T00:00:00Z,233.37,249.78033243,228.02262,248.66,40211.21758436
2015-01-23T00:00:00Z,234.7,236.98,225.13,233.12,40163.28018405
2015-01-22T00:00:00Z,228.05,242,225.28957272,234.7,57369.48554218
2015-01-21T00:00:00Z,212.1,230,206.10106,228.08,57842.23743844
2015-01-20T00:00:00Z,216.14,219.25,203.7,212.11,52175.18036373
2015-01-19T00:00:00Z,210.98,219.95,206.11732619,216.2,32445.84493401
2015-01-18T00:00:00Z,200.31,221.95212491,194,211.03,65599.28442758
2015-01-17T00:00:00Z,208.52,214,192.2038903,201.24,48922.58134289
2015-01-16T00:00:00Z,209.81,223.1,197.72,208.5,80376.17721954
2015-01-15T00:00:00Z,181,230.78323087,179.01129962,209.81,184488.22449252
2015-01-14T00:00:00Z,228.49,228.49,166.45,182,269786.66654982
2015-01-13T00:00:00Z,268.6,269.66,219,228.07,150659.80713843
2015-01-12T00:00:00Z,267.54,291.88145483,263.02003,268.75,21472.39085196
2015-01-11T00:00:00Z,276.01,282.86,265.57357106,267.27,22821.90550832
2015-01-10T00:00:00Z,290.58,292.1,275,276.03,25080.96654734
2015-01-09T00:00:00Z,283.99,297.3199926,280.4,290.51,28837.52973469
2015-01-08T00:00:00Z,297.89,298.47,282.01,283.21,32673.31799938
2015-01-07T00:00:00Z,288.36,303.33,284,297.99,31054.60154627
2015-01-06T00:00:00Z,274.85,291.94,265,288.43,36118.73141905
2015-01-05T00:00:00Z,264.04,280.41058762,263.75,274.84,50936.29361873
2015-01-04T00:00:00Z,279.3,288.74,255.03,264.19,81227.99923358
2015-01-03T00:00:00Z,315.8,315.99,277.5,279.3,47504.59768739
2015-01-02T00:00:00Z,314.54,319.99999,313.28,315.81,3843.45930578
2015-01-01T00:00:00Z,322.31,324.99703,313.81,314.96,5179.20254651
2014-12-31T00:00:00Z,310.81,322.79,309.39,322.3,11808.9478914
2014-12-30T00:00:00Z,312.86,315.93,307.1,310.8,10136.13341541
2014-12-29T00:00:00Z,316.96,325,312.51,312.64,8210.81568073
2014-12-28T00:00:00Z,315.9,320.04136,310.08,316.94,9756.88879016
2014-12-27T00:00:00Z,327.79,330.6,310.0002564,315.89,17454.87920587
2014-12-26T00:00:00Z,318.49,332.4,316.17,327.2,14115.51408175
2014-12-25T00:00:00Z,322.62,323.4,315.5,318.5,7461.24419785
2014-12-24T00:00:00Z,335.69,338.55338,320,322.61,13884.83257403
2014-12-23T00:00:00Z,332.41,342.07621,329.91611,335.7,11857.98687107
2014-12-22T00:00:00Z,321.19,336.85,319.64,332.63,20418.44369566
2014-12-21T00:00:00Z,329.69,334.64022,316.85,320.79,15883.0333826
2014-12-20T00:00:00Z,318.47,348.99232,315.3,329.66,20233.54063581
2014-12-19T00:00:00Z,311.76,364.98125,305.6,318.47,23132.47354066
2014-12-18T00:00:00Z,319.5,365,302.32906954,311.77,48463.42119401
2014-12-17T00:00:00Z,325.13,335,314.21,318.86,37537.59863317
2014-12-16T00:00:00Z,346.34,346.93,325.1,325.1,31198.39450994
2014-12-15T00:00:00Z,353.7,354.6,345.45,346.01,11228.32217568
2014-12-14T00:00:00Z,346.56,358.97728,345.04,353.65,9210.25254542
2014-12-13T00:00:00Z,352.49,359.99921,344.11,346.56,10183.94483226
2014-12-12T00:00:00Z,348.06,360,346.11,352.29,11748.02280689
2014-12-11T00:00:00Z,345.12,362.99,335.7,348.53,34757.62379051
2014-12-10T00:00:00Z,352,352.5,345,345.08,12333.2512863
2014-12-09T00:00:00Z,362.1,363.91,342.70916,351.99,35825.92225173
2014-12-08T00:00:00Z,376.29,378.34,362.11,362.11,18449.64451245
2014-12-07T00:00:00Z,376.59,388.42,370.43133,376.02,4911.65476767
2014-12-06T00:00:00Z,378.3,394.59,367.28190898,376.69,9129.24648049
2014-12-05T00:00:00Z,370.74,382.51,366.1,378.18,17785.17575202
2014-12-04T00:00:00Z,376.24,380.33,366.16575042,370.99,13246.04422977
2014-12-03T00:00:00Z,384.67,386.3,372.04849369,376,14346.83922567
2014-12-02T00:00:00Z,382,387.99,379,384.5,11197.45715539
2014-12-01T00:00:00Z,379.67,386.50271,370.13181,382,11951.59135531
2014-11-30T00:00:00Z,376.07,385.59,373.7,379.89,14311.37614198
2014-11-29T00:00:00Z,377.79,390,371,376.28,20416.70456961
2014-11-28T00:00:00Z,369.99,387.5,355.51,377.43,30553.23357868
2014-11-27T00:00:00Z,370,385.68775,365.01441,370,7051.91547417
2014-11-26T00:00:00Z,377,389.94381,365.22,369.99,21022.32027906
2014-11-25T00:00:00Z,376.06,396.84745248,375.08,377.02,27203.02518841
2014-11-24T00:00:00Z,368,391.92,363.62,376.05,42079.75093658
2014-11-23T00:00:00Z,352.44,372.28,351.5,368.25,14138.37170211
2014-11-22T00:00:00Z,350.11,365.3,349.1,352.81,15567.62133021
2014-11-21T00:00:00Z,356.59,360,340,350.46,36253.11666182
2014-11-20T00:00:00Z,376.73,389.99797,352.05435358,356.77,21952.57796918
2014-11-19T00:00:00Z,372.89,389.99799,368.55,375.26,17155.89057696
2014-11-18T00:00:00Z,387.5,394.58959,366.46422441,372.85,37185.88015096
2014-11-17T00:00:00Z,391.8,413.48,373,387.5,47158.01382999
2014-11-16T00:00:00Z,375.37,399.9,372.5,391.65,24667.81638622
2014-11-15T00:00:00Z,400,410.1,368,375.34,43996.3200988
2014-11-14T00:00:00Z,417.65,425.67,382.22,399.99,59111.96286541
2014-11-13T00:00:00Z,432,475,381.56,417.65,145016.664046
2014-11-12T00:00:00Z,367.66,436,367.59,433.56,104093.88952597
2014-11-11T00:00:00Z,366.17,372.63182,360.74,367.65,9285.03933691
2014-11-10T00:00:00Z,362.6,374.26,356.33,366.07,33068.90537321
2014-11-09T00:00:00Z,347.67065,364.12,338.66092,362.61,37925.99433239
2014-11-08T00:00:00Z,342.04,348.3,330.16235,345,7339.3419184
2014-11-07T00:00:00Z,350.49,354,338.09247574,341.84,18860.99681875
2014-11-06T00:00:00Z,338.62,354.32,336.32,350.48,24873.48588781
2014-11-05T00:00:00Z,329.75,342.54,329.75,338.62,26972.97963659
2014-11-04T00:00:00Z,324.83,331.28,321,329.66,18840.23821431
2014-11-03T00:00:00Z,323.8,334.14,323.8,325,15223.47916736
2014-11-02T00:00:00Z,325.9,329.55,317.7,323.82,10099.57653136
2014-11-01T00:00:00Z,336.72,340.15346,315.54,325.9,24980.657678
2014-10-31T00:00:00Z,345.08,347.99,332.14,336.82,19727.14714728
2014-10-30T00:00:00Z,333.5,351,331,345.08,56561.51089693
2014-10-29T00:00:00Z,352.71,353.78,332,333.58,26481.09807417
2014-10-28T00:00:00Z,349.51,355.44,347.44,352.7,5062.99740806
2014-10-27T00:00:00Z,353.07,368.15412,346.44,349.01,15239.20759421
2014-10-26T00:00:00Z,344.65,365.70106352,340.2,353.01,16087.02376869
2014-10-25T00:00:00Z,356.58,363,337.65,344.62,28968.06546175
2014-10-24T00:00:00Z,357.87,373.69072,351.5,356.58,16565.0325239
2014-10-23T00:00:00Z,378.79,383.6,355,357.87,34883.07303728
2014-10-22T00:00:00Z,384.01,393.49234,371.37843,378.8,10620.88151486
2014-10-21T00:00:00Z,380.86,394,371.00001,384,16275.79565644
2014-10-20T00:00:00Z,388.08,388.25,370.2,380.55,19178.21539947
2014-10-19T00:00:00Z,390.92,394.5,383.5,388.02,5349.68544154
2014-10-18T00:00:00Z,381.24,396,374.33459528,390.9,12032.37358362
2014-10-17T00:00:00Z,381.55,386.8,372,382.48,13829.09360385
2014-10-16T00:00:00Z,394.2,400,370.21,381.6,30101.15692266
2014-10-15T00:00:00Z,399,402.68,384.7,394.2,29552.74719392
2014-10-14T00:00:00Z,391.5,418.98998,391.5,399,47272.83025816
2014-10-13T00:00:00Z,378.05,399.89035385,368.24,391.2,42745.05431163
2014-10-12T00:00:00Z,361.01,382.46,351.86,378.05,20928.87861312
2014-10-11T00:00:00Z,359.1,368.5,351,360.66,16674.3627475
2014-10-10T00:00:00Z,363.98,379.74,351.15,359.1,31269.86814797
2014-10-09T00:00:00Z,353,395,347.14,364,58847.89781867
2014-10-08T00:00:00Z,335.97,360,323.85,352.9,33158.4435794
2014-10-07T00:00:00Z,327.59,340,317,335.97,28419.71163354
2014-10-06T00:00:00Z,319.9,346.89,300.21378241,327.56,56297.41981876
2014-10-05T00:00:00Z,327.36,346.69,275,319.9,84149.92669892
2014-10-04T00:00:00Z,358.93,367.05,321.5,328.25,38795.41956111
2014-10-03T00:00:00Z,371.39,389.1,355,359.74,21075.91046414
2014-10-02T00:00:00Z,382.72,385.52,367.8,371.39,11898.20048679
2014-10-01T00:00:00Z,386.93,391.18,377,383.63,10110.81578193
2014-09-30T00:00:00Z,373.64,398.7,370,387,16892.11029511
2014-09-29T00:00:00Z,375.93,386.56,368,373.64,21470.25489329
2014-09-28T00:00:00Z,399.8,449.99795,365,376.7,19575.20955791
2014-09-27T00:00:00Z,404.03,409.04,393.2,399.8,6922.75328825
2014-09-26T00:00:00Z,409.67,415,396.2,404.01,10998.80157685
2014-09-25T00:00:00Z,424.51,426.97,397.45003946,409.86,15007.01776025
2014-09-24T00:00:00Z,438.01,449.18,413.00001,424.51,14398.44606107
2014-09-23T00:00:00Z,404.23,448.74498,392.15,438.65,38526.40790309
2014-09-22T00:00:00Z,400.03,416.17088474,295,404.99,9497.80520324
2014-09-21T00:00:00Z,408.4,414.14,392.23,399.21,19191.86947155
2014-09-20T00:00:00Z,392.99,426.3,385.5,408.4,30699.2598592
2014-09-19T00:00:00Z,425,431.92,381.5,393.3,33492.97558691
2014-09-18T00:00:00Z,457.8,458.3,408.72766163,424.99,40132.80187357
2014-09-17T00:00:00Z,466.65,467.75,451.6,458.3,10020.9392493
2014-09-16T00:00:00Z,474.77,527.99987,462.11,466.5,5833.17899566
2014-09-15T00:00:00Z,477.12,480.3,465.02337494,474.77,5567.27666729
2014-09-14T00:00:00Z,478.69,482.32277573,475.33,476.5,3122.73821731
2014-09-13T00:00:00Z,474.34,483.93,472.86,478.69,7980.94019499
2014-09-12T00:00:00Z,477.04,477.98,467,474.37,3458.58872914
2014-09-11T00:00:00Z,478.1,480.6,472.2,477.38,5114.29418244
2014-09-10T00:00:00Z,473.09,489.99,472,478.12,8880.88761476
2014-09-09T00:00:00Z,471.16,479.7,463,473.06,9377.34028474
2014-09-08T00:00:00Z,479.88,480.9,464.22,471.1,15897.01288611
2014-09-07T00:00:00Z,483.08,500,479.88,479.88,2080.43942255
2014-09-06T00:00:00Z,480.62,494.82782478,480.1,482.61,1895.93663714
2014-09-05T00:00:00Z,489.69,491.42,478.1,481.9,5171.02130471
2014-09-04T00:00:00Z,474.14,497.24,473.1,489.68,10080.94330093
2014-09-03T00:00:00Z,475.46,479.9,472.99,474.14,3382.19892702
2014-09-02T00:00:00Z,472.97,484,468.82,475.45,10046.21493469
2014-09-01T00:00:00Z,477.84,484.9,471.01,472.6,8212.02324882
2014-08-31T00:00:00Z,499.08,500.27,471.65,477.81,15273.45127747
2014-08-30T00:00:00Z,508.34,524.76998,495.25973,499.15,4191.39495498
2014-08-29T00:00:00Z,505.87,524.87551,498.8,508.52,5131.45233982
2014-08-28T00:00:00Z,508.3,514.77,495.08275,505.87,5016.93937245
2014-08-27T00:00:00Z,512.3,524.72037201,508.1,508.35,7708.09180958
2014-08-26T00:00:00Z,501.49,517.47,497.75,513.34,11257.16541034
2014-08-25T00:00:00Z,511.41,511.41,491.64676909,501.76,7348.83082175
2014-08-24T00:00:00Z,498.85,524.87999,495.71,510.82,5628.10932154
2014-08-23T00:00:00Z,514.42,524.99999,491.52,499.5,10062.59381857
2014-08-22T00:00:00Z,518.24,529.95385,503.7,514.13,11600.3237398
2014-08-21T00:00:00Z,510.61,534.89,500.00642,517.47,18024.17291674
2014-08-20T00:00:00Z,487.24,521.89,464,511,30198.14718755
2014-08-19T00:00:00Z,467.95,500.5,461.98137379,487,25056.39138843
2014-08-18T00:00:00Z,497.57,512.3,443,467.04,40795.85549889
2014-08-17T00:00:00Z,519.54,539.99462,484.82,497.4,14639.62991129
2014-08-16T00:00:00Z,496.39,529.85,484.5,519.01,16094.1768298
2014-08-15T00:00:00Z,509.99,529.99999,478.00774034,496.39,21488.58096561
2014-08-14T00:00:00Z,546.25,546.5,451,510.98,41085.54514374
2014-08-13T00:00:00Z,569.52,571.4,525,547.3,18296.12547813
2014-08-12T00:00:00Z,573.32,578.8,562.51,569.54,7132.81305809
2014-08-11T00:00:00Z,587.97,588.7,567.02947492,572.51,7910.64373045
2014-08-10T00:00:00Z,588.61,595.35547,583.24163,588.61,1873.14274125
2014-08-09T00:00:00Z,590.61,591,578.13503,589.98,1538.1516773
2014-08-08T00:00:00Z,586.82,598.88,586.81,590.6,3293.60116129
2014-08-07T00:00:00Z,582.87,593.00001,576.5,586.8,5977.21526213
2014-08-06T00:00:00Z,582.94,586.3,574.01,581.36,4059.22123229
2014-08-05T00:00:00Z,587.21,598.03405,579,582.94,3870.85102886
2014-08-04T00:00:00Z,587,595,581.22,586.6,2985.44840258
2014-08-03T00:00:00Z,587.61,594.71688617,578.13,585.71,2767.4156705
2014-08-02T00:00:00Z,594.6,601.18073,585,587.6,2554.80056231
2014-08-01T00:00:00Z,579.49,605.72,579.1,594.6,9478.77156662
2014-07-31T00:00:00Z,566,591.9492,561.47,580,12039.05334491
2014-07-30T00:00:00Z,583.04,588.98042,561.55,565.99,7364.74224451
2014-07-29T00:00:00Z,584.86,597.66468,575.0711,583,4192.04865662
2014-07-28T00:00:00Z,591.5,599.99999,572,583.5,11447.74825976
2014-07-27T00:00:00Z,593.9,600,590.1,591.55,3012.31457595
2014-07-26T00:00:00Z,600.6,607.95528,589,593.82,4787.74436893
2014-07-25T00:00:00Z,602.43,613.27293881,592.53235748,600.47,3975.26813459
2014-07-24T00:00:00Z,619,619.99,591.40167265,603.98,9508.81031176
2014-07-23T00:00:00Z,618.56,623.98,610,619,1226.47245089
2014-07-22T00:00:00Z,620,623.17,617.5,618.54,1723.60873205
2014-07-21T00:00:00Z,624,629.76874,616.8,620.01,2269.26133624
2014-07-20T00:00:00Z,626.77,629.99899,619,624,1267.97187739
2014-07-19T00:00:00Z,630.8,632.1,625.6,629.3,1207.28941222
2014-07-18T00:00:00Z,622.52,633.6,615.22609853,630.8,5094.5949388
2014-07-17T00:00:00Z,616.48,630.00996,610.34745,622.51,2889.56609195
2014-07-16T00:00:00Z,620.11,625.22398,611.21,616.48,3496.6888163
2014-07-15T00:00:00Z,619.15,627.99,618.57,620.8,3856.64998088
2014-07-14T00:00:00Z,629.6,630.25,616.8,619.17,4208.07178706
2014-07-13T00:00:00Z,636.7,653.49,625.28785,629.49,2663.91189879
2014-07-12T00:00:00Z,636.2,642.79,630,636.31,3925.362991
2014-07-11T00:00:00Z,615.84,636.4,615.84,636,4245.01047068
2014-07-10T00:00:00Z,623.24,632.10834,608.43,615.84,5266.36714946
2014-07-09T00:00:00Z,625.11,632.99,615.35044,624.47,3453.46557439
2014-07-08T00:00:00Z,620.31,629.85,614.74195,625.36,2634.96198962
2014-07-07T00:00:00Z,637.76,639.76,614.74121,621.45,5588.18999038
2014-07-06T00:00:00Z,631.59,644.69,629.5,637.38,3426.24577753
2014-07-05T00:00:00Z,632.58,638.4,618,631.88,3075.15754965
2014-07-04T00:00:00Z,644,652.78999,628.3348,632.11,6664.53781027
2014-07-03T00:00:00Z,653.5,655.0816,636.24,644,5835.54752245
2014-07-02T00:00:00Z,641.35,662,640.10962265,654.61,8431.34413404
2014-07-01T00:00:00Z,642.26,665,634.164,641.34,19421.24107348
2014-06-30T00:00:00Z,601.95,647.98367745,591.93450562,640.79,21957.28305481
2014-06-29T00:00:00Z,596.1,607,589.76385,601.95,3132.15162751
2014-06-28T00:00:00Z,604,607.21,590.21281,596.1,5730.15182383
2014-06-27T00:00:00Z,581.99,604.9,575.03,604,7364.8633379
2014-06-26T00:00:00Z,566.75,583.99749002,562.9,581.98,6274.09608637
2014-06-25T00:00:00Z,580.65,584.99,560.53,566.75,9352.57265033
2014-06-24T00:00:00Z,591.02,597.79,580,580.56,5500.07902877
2014-06-23T00:00:00Z,603.39,604.19,580.11,591.57,5272.01378755
2014-06-22T00:00:00Z,596.9,615,584.748,603.4,4728.61929561
2014-06-21T00:00:00Z,592,599.91,581.09299,595.5,4122.92059148
2014-06-20T00:00:00Z,596.06,602.794,582.37,592,8694.35369863
2014-06-19T00:00:00Z,608.6,613.87004,592.90128485,597.3,5352.11077803
2014-06-18T00:00:00Z,613.4,621.7196825,601.5,608.1,6081.10566984
2014-06-17T00:00:00Z,592.35,619,586.25,613.4,8786.8175945
2014-06-16T00:00:00Z,593.61,612.91177,582.1,591.1,13627.65046381
2014-06-15T00:00:00Z,570.26,595.1,539.6191,593.89,14805.72958986
2014-06-14T00:00:00Z,605.2,606.98,522.15,570.26534262,25878.84024374
2014-06-13T00:00:00Z,596.43,620.97,578.18382,605,15021.82935479
2014-06-12T00:00:00Z,637.6,647,575.18219077,597.99,29024.68756786
2014-06-11T00:00:00Z,657,666.48038556,617.99453,637.6,11479.26450019
2014-06-10T00:00:00Z,650.3,672,643.43801,657,6905.89878711
2014-06-09T00:00:00Z,658.7,661.99,639.03770414,650.3,6799.21132708
2014-06-08T00:00:00Z,657.21,664.5,646.001,658.7,3645.0842772
2014-06-07T00:00:00Z,649.35,659.67102028,637.01,657.21,6601.0902856
2014-06-06T00:00:00Z,660.99,664.94,646.8,649.39,5628.06576426
2014-06-05T00:00:00Z,642,672,641,660.9,9936.75125552
2014-06-04T00:00:00Z,670.84,672.97,525.26227369,642,27619.91483584
2014-06-03T00:00:00Z,667.78,685,652.16,674,19828.16552171
2014-06-02T00:00:00Z,631.97,679.8,615,667.11,21057.11731861
2014-06-01T00:00:00Z,627.01,680,618.01,626.42,34434.4035812
2014-05-31T00:00:00Z,620.9,629.03549,610.02,626.21,7168.86467341
2014-05-30T00:00:00Z,569.85,630,569.85,621,23212.61528534
2014-05-29T00:00:00Z,580,583,563,569.5,7829.56140587
2014-05-28T00:00:00Z,573.6,583.5,565,578.77,7642.102153
2014-05-27T00:00:00Z,586.69,597.3,545.52423497,576.08,18056.65837844
2014-05-26T00:00:00Z,570.88904,593.3,566.21,586,16389.5997261
2014-05-25T00:00:00Z,528.92,586,528.92,573.99,32283.62127268
2014-05-24T00:00:00Z,523.61,529.99999,514.25,528,4546.92222867
2014-05-23T00:00:00Z,528.85,544.97308401,520.37296158,523.57,16740.70809902
2014-05-22T00:00:00Z,495,530,492.25,528.85,17248.36105878
2014-05-21T00:00:00Z,490.62,501,489.5,494.99,7210.50090534
2014-05-20T00:00:00Z,446.89,498.68,446,491.35,21201.78787718
2014-05-19T00:00:00Z,447.6,448.5,444.1,447,1423.92886676
2014-05-18T00:00:00Z,449.04,453.80005,445.5,447.4,775.60343055
2014-05-17T00:00:00Z,448.6,453.83236,446.20001,449.03,907.21202418
2014-05-16T00:00:00Z,447.58,453.83236,443.4,448.6,1712.80680272
2014-05-15T00:00:00Z,444.03,451.4,441.28379,447.58,1651.51666289
2014-05-14T00:00:00Z,438.81,448,438.47,445,3105.48233011
2014-05-13T00:00:00Z,440,444.7599,434.01,438.81,2048.59864408
2014-05-12T00:00:00Z,437.45,445.13419403,431.8,440,3458.03908243
2014-05-11T00:00:00Z,456.11,458.4,430,437.97,10732.16385082
2014-05-10T00:00:00Z,453.99,459.65,446.0967,456.09,3680.47162379
2014-05-09T00:00:00Z,438.2,458.82264,438.2,454,3066.98447581
2014-05-08T00:00:00Z,440,450.59,437.69,438.5,3462.70957944
2014-05-07T00:00:00Z,430,453.6,424.2487,440.43,11210.17823954
2014-05-06T00:00:00Z,431.6,439.68974,419.4,429.7,6970.77733294
2014-05-05T00:00:00Z,438.58799899,444.4,425.60018603,432.389,5441.20038478
2014-05-04T00:00:00Z,439.7297,441.84987538,429,435.0413,4222.68701338
2014-05-03T00:00:00Z,451.99,452.07737,430,439.7398,7610.93384304
2014-05-02T00:00:00Z,461.11992999,461.11992999,443,452,3758.66416833
2014-05-01T00:00:00Z,449.0201,463.53,448,459.4102,5159.43261353
2014-04-30T00:00:00Z,446.53,453.9899,432,449.0201,7056.0072069
2014-04-29T00:00:00Z,441.3900534,454.62328,434,446.53,7580.51195329
2014-04-28T00:00:00Z,430.00499361,450.84319,423.11,441.38999999,15288.31486459
2014-04-27T00:00:00Z,459.01,465.6,427.60782426,430.02888584,7853.2314836
2014-04-26T00:00:00Z,464.33566,469.2166355,449.8001,460,7838.52340411
2014-04-25T00:00:00Z,503.7,504.96,441.3,464.33566,30695.83532383
2014-04-24T00:00:00Z,492.08,504.96,480.16,503.7,5020.7329189
2014-04-23T00:00:00Z,491.69999999,497.73461,482.88,491.78,4194.195345
2014-04-22T00:00:00Z,499.25,510.21586,484.62239,489.2503,3577.83601114
2014-04-21T00:00:00Z,501.3551,515.646,485,495.39,8196.66591034
2014-04-20T00:00:00Z,504.99999,517.995,492.2,500.9501,4762.36937203
2014-04-19T00:00:00Z,480.044,525.28225,473.83,504.999999,9074.45850867
2014-04-18T00:00:00Z,499,511.686,474.25,480.044,9761.96485402
2014-04-17T00:00:00Z,531.25,535.7499,486.1,498.10000001,18301.70836554
2014-04-16T00:00:00Z,519.11,547,495.0001,531.25,29269.90556025
2014-04-15T00:00:00Z,460.00752085,572.51928984,450.49878,519,24245.61481842
2014-04-14T00:00:00Z,417.6,478,406.4,460,29806.08845839
2014-04-13T00:00:00Z,422.2001,443.01702848,400,418,10274.99917308
2014-04-12T00:00:00Z,421.999,450,413.0741,423.3,10740.99154375
2014-04-11T00:00:00Z,364.04989,433.6,340,422.96938221,38723.61134135
2014-04-10T00:00:00Z,442.4499,442.8689,357,364.2,45020.18984066
2014-04-09T00:00:00Z,452.3849,462.09031,440.0536,442.45,4168.22279875
2014-04-08T00:00:00Z,445.222,465.8142,445.01,452.3849,4864.31425568
2014-04-07T00:00:00Z,458.6,475.32049,445.05,446.58,6154.56236906
2014-04-06T00:00:00Z,463.5,469.43834,450,458.78,2957.52355823
2014-04-05T00:00:00Z,448.001,467.85,444.395,463.99,4574.7015609
2014-04-04T00:00:00Z,447.1161,466.27966,430.20136779,447.0211,10582.73610523
2014-04-03T00:00:00Z,436.5301,463.00010643,415.46,447.9999,24607.20330066
2014-04-02T00:00:00Z,489,497.14178,431.2001,437.2203,29131.51028156
2014-04-01T00:00:00Z,456.3,513.89926013,453.4,489,20019.55551145
2014-03-31T00:00:00Z,460.6,488,436.1,456.9899,22086.92357434
2014-03-30T00:00:00Z,490.01,504,436.2,460.9999,26184.36935584
2014-03-29T00:00:00Z,502.4996,518,485.45,492.4398,4641.27476352
2014-03-28T00:00:00Z,475.00462026,533.84358737,470,502.25,36028.90318304
2014-03-27T00:00:00Z,577.9999,599.22378758,465,474,41058.86543043
2014-03-26T00:00:00Z,583.89,641.14149,566.51,576.6,7662.31186345
2014-03-25T00:00:00Z,584.9899,586.82220179,568.55,583.9899,4908.01194484
2014-03-24T00:00:00Z,557.8884,590,550.5,585.6587,9280.97250253
2014-03-23T00:00:00Z,563,596,555,558,4834.54211284
2014-03-22T00:00:00Z,570.9798,590,550.0949,563,6743.15380178
2014-03-21T00:00:00Z,588.8294,609.13217,555.5,570.9999,19218.55555349
2014-03-20T00:00:00Z,608.9841,625.01788,584,586.5551,8107.88853972
2014-03-19T00:00:00Z,615.5999,630.23824,605.99764971,609,3442.19646534
2014-03-18T00:00:00Z,623.8,628.49743,600,615.5999,7745.31709624
2014-03-17T00:00:00Z,632,641.14149,619.0044105,623.8,3763.75214352
2014-03-16T00:00:00Z,635.45,647.55607,628.5801,633,1910.1906807
2014-03-15T00:00:00Z,628.89,646,618.29313,635.45,1738.82782275
2014-03-14T00:00:00Z,643.1,654.91385,550.85499487,627.98,5551.06648792
2014-03-13T00:00:00Z,636.10235,657.991,620.35581091,644.18,3317.34794875
2014-03-12T00:00:00Z,634.01,659.29747,561.18726681,632.31093,7295.74078277
2014-03-11T00:00:00Z,626.9801,665.93422,560,634.01,3652.56345956
2014-03-10T00:00:00Z,638.52,684.5,606.00155671,626.9801,11581.42332144
2014-03-09T00:00:00Z,616.9,658,610.25,638.5,8292.12614964
2014-03-08T00:00:00Z,648.91429,666.10072837,600.6,616.8001,10975.63654898
2014-03-07T00:00:00Z,667.0132538,671.75325643,616.23,636.20048,17245.55173185
2014-03-06T00:00:00Z,669.61,692.27054,648.7,668,7065.40246992
2014-03-05T00:00:00Z,672.59999999,678.9999,651.21,669.61,8386.54812659
2014-03-04T00:00:00Z,680.98,709.80307,658.5,672,25053.3295549
2014-03-03T00:00:00Z,566,718.98650832,563,680.98,50987.38578783
2014-03-02T00:00:00Z,566.5,588.07899,555.161,565.37191,3128.38029116
2014-03-01T00:00:00Z,552.26,596.36781356,540.2044,568.75,8625.76331858
2014-02-28T00:00:00Z,582.01,599,545,554.25,15322.66326105
2014-02-27T00:00:00Z,586.49,629.9,568.75,583.89,12081.53574365
2014-02-26T00:00:00Z,534.69,622.27074291,526.7501,584,37819.66290587
2014-02-25T00:00:00Z,533.01,549,400,534.6,94606.82745544
2014-02-24T00:00:00Z,606.1111,614.89091743,531.1,535.9999,34146.05807685
2014-02-23T00:00:00Z,610.26,649.21311475,601.01981983,607.15175,15821.3487267
2014-02-22T00:00:00Z,580.99,619.00661403,562,608.7,14743.23223617
2014-02-21T00:00:00Z,562.52201718,593.69449,530,580,28487.63557316
2014-02-20T00:00:00Z,624,641.3624,561,561.2,25326.38440824
2014-02-19T00:00:00Z,627.95,640,602.90667,621.75,4722.12384127
2014-02-18T00:00:00Z,630,651.3,611.34799434,627.95,8487.09088962
2014-02-17T00:00:00Z,622.19,664,600,630,15726.33869402
2014-02-16T00:00:00Z,654.78,670.9999,585,621,16767.18511013
2014-02-15T00:00:00Z,668.51,675.13156961,633.31683738,651.92,10837.10645213
2014-02-14T00:00:00Z,605.6,710,535,668,53724.16506667
2014-02-13T00:00:00Z,652.01,673.33974,603.43,605.5,17190.55485491
2014-02-12T00:00:00Z,674.5,699,642,652.05,12866.65995459
2014-02-11T00:00:00Z,686,721.35,631.2,674.5,39568.4025012
2014-02-10T00:00:00Z,686.11000001,748,200.30974431,686.8313,41541.54929434
2014-02-09T00:00:00Z,680.49,728.65779232,666.53,689,12106.99065858
2014-02-08T00:00:00Z,702,730,667,680.49,11153.29885311
2014-02-07T00:00:00Z,763.99,764,620.26161872,702,42852.58563281
2014-02-06T00:00:00Z,788.83128395,829,678.03,763.11,21148.1112532
2014-02-05T00:00:00Z,800,815.89934,777.85,778.113848,5231.86800226
2014-02-04T00:00:00Z,806.01,817.9442,795.2,802.69,3375.04790188
2014-02-03T00:00:00Z,814.222,818.18181,798.5,806.01,3453.96781659
2014-02-02T00:00:00Z,815.52,835,811,814.222,3156.78422911
2014-02-01T00:00:00Z,803.58,835,801,812.5211,4543.84272743
2014-01-31T00:00:00Z,799.5,812.20037,793,803.5,3924.90636851
2014-01-30T00:00:00Z,792.69,812.65740823,770,801.5,8232.41104144
2014-01-29T00:00:00Z,785,823.50824,781.4417,791.56,3884.80607967
2014-01-28T00:00:00Z,748.123,817.47664,741.214,784.0001,13663.25390855
2014-01-27T00:00:00Z,815,840,726.5,750,15665.38107681
2014-01-26T00:00:00Z,806.81,840,794.64,815,7520.14027001
2014-01-25T00:00:00Z,778.13,826.81057,774.38,805.4,4723.72767206
2014-01-24T00:00:00Z,811.01,835.01,767.23,778,11287.95145869
2014-01-23T00:00:00Z,817.99,830.88898,802.52,811.01,2850.56086243
2014-01-22T00:00:00Z,824.89,830.88999,803.1,818,2940.26015541
2014-01-21T00:00:00Z,826.02,845.98999,813.6,824.34,2898.39561413
2014-01-20T00:00:00Z,842.07,854.97512026,815.01,827.11,5524.68406315
2014-01-19T00:00:00Z,811.2,842,794.41,841.11,6673.66510415
2014-01-18T00:00:00Z,799.25845771,844.14159,794.93,811.22,4006.36014751
2014-01-17T00:00:00Z,812.48,820.22,765.03,800,11541.07590561
2014-01-16T00:00:00Z,842.101,862.10635984,812.48,812.48,3715.25159484
2014-01-15T00:00:00Z,816,864,811.25,842.111,7244.86454544
2014-01-14T00:00:00Z,823.17,873,802.3,816,4848.44650235
2014-01-13T00:00:00Z,842.01,857.51,784.25256062,824.5,14334.57783172
2014-01-12T00:00:00Z,898.5,905.98446533,824.45143,842.1,10402.07287001
2014-01-11T00:00:00Z,850,914.9984828,848,896.59,10539.34435618
2014-01-10T00:00:00Z,825.5,860.63931218,799.98,853.02,8019.81787876
2014-01-09T00:00:00Z,824.89,870,779.99,826.53847844,15879.76085732
2014-01-08T00:00:00Z,785.0602264,852.7866,765,824.89,20391.71448316
2014-01-07T00:00:00Z,915.7,945,781,781,25406.24880673
2014-01-06T00:00:00Z,905,1017.02319914,875.21858368,919.24,21113.65859
2014-01-05T00:00:00Z,829.9,939.83329978,825,905.36,19001.50623173
2014-01-04T00:00:00Z,808.5,830.4,783.79642624,829,10801.82444305
2014-01-03T00:00:00Z,784.12,818.99,768,807,10329.58306388
2014-01-02T00:00:00Z,751.88,800,742.52,784.34,9604.72791617
2014-01-01T00:00:00Z,730.24,759.1104,730.24,754.22,5894.12387783
2013-12-31T00:00:00Z,735.5,750,710.02,729.99,8569.66216322
2013-12-30T00:00:00Z,726.82,751,724.73,736.5,4243.46927393
2013-12-29T00:00:00Z,715.01,742.34226927,700.0123,728.3,6137.85533791
2013-12-28T00:00:00Z,724.75,745.2,690,712.2,10097.85651562
2013-12-27T00:00:00Z,748.48,763,704.0123,720.61,11303.79669792
2013-12-26T00:00:00Z,680.78,770.64,677.00001371,757.3889,18230.36531717
2013-12-25T00:00:00Z,653.57,684.51009,635,679.5,3833.34456177
2013-12-24T00:00:00Z,654.76,670.00117565,627.00950737,651.83,6817.62355552
2013-12-23T00:00:00Z,612.66,669,608.01,654.76,8578.38927231
2013-12-22T00:00:00Z,595.06,674.39,574.02540333,614.999,13743.55231479
2013-12-21T00:00:00Z,608.77,653.47402257,568,595.03,12672.94207112
2013-12-20T00:00:00Z,685,720.99385428,570,609.01,26104.03568555
2013-12-19T00:00:00Z,519.74,699.99036906,491,684.99,37458.38523301
2013-12-18T00:00:00Z,675,679.75198078,381.51042811,520.01,80569.98461408
2013-12-17T00:00:00Z,690,751,613,675,24749.57578991
2013-12-16T00:00:00Z,860.33,884,650.9088,690,28895.25578141
2013-12-15T00:00:00Z,854.98,884,805,859.71,11423.69842618
2013-12-14T00:00:00Z,885.1,888.87681229,840,850.78,4149.60080972
2013-12-13T00:00:00Z,872.97,923.71,850.0910134,885.02,9525.32807489
2013-12-12T00:00:00Z,879.45700138,919.07787,838,873,8415.41293358
2013-12-11T00:00:00Z,954.64274,990,804.30614606,879.3,15665.97801358
2013-12-10T00:00:00Z,899.94,992,895,983,11713.92689724
2013-12-09T00:00:00Z,786,900.99,767.21,899.01,15676.45816161
2013-12-08T00:00:00Z,692.99,790.39,650,784.9,13429.52073811
2013-12-07T00:00:00Z,815,870,538,693,43750.70115838
2013-12-06T00:00:00Z,1029.02,1065.22702,790,820.86686849,28844.5801653
2013-12-05T00:00:00Z,1135,1141,848.45706411,1023.87,23576.28259697
2013-12-04T00:00:00Z,1055,1174.99757919,982.7116959,1138.5,6837.88015007
2013-12-03T00:00:00Z,1037.11,1089.88,1000,1055,5629.98845719
2013-12-02T00:00:00Z,950.2601,1059,936,1037.07,12113.69880832
2013-12-01T00:00:00Z,1119.8,1126,780,954.99444654,31277.35338129
2013-11-30T00:00:00Z,1131,1171.25,1090,1119.52,4999.82092873
2013-11-29T00:00:00Z,1015.79,1198.8009,999.12,1132,9147.43182002
2013-11-28T00:00:00Z,962.01,1086.89617,935.0806,1000.32893,9469.62134732
2013-11-27T00:00:00Z,955.01,1065.6165,890,963,13092.1953863
2013-11-26T00:00:00Z,813.14,960,768.58034,952,10089.44386697
2013-11-25T00:00:00Z,814.16,844.579,742.55033,818.98,9454.56710312
2013-11-24T00:00:00Z,847.5,860,745,815,11944.78386396
2013-11-23T00:00:00Z,815,895.87036776,775,847.666666,9740.80328568
2013-11-22T00:00:00Z,727.0301,839.77,643.58986,806.3,13015.08973554
2013-11-21T00:00:00Z,599.12,745,589.9,730,17229.19054294
2013-11-20T00:00:00Z,535.01,630,450.01398232,599.12,27995.86293416
2013-11-19T00:00:00Z,692.35389135,908.66339592,360.29222218,537,36162.18385121
2013-11-18T00:00:00Z,492.39,775,490.11,689,22824.23227934
2013-11-17T00:00:00Z,434.53,499.99,434.53,492,9956.4316786
2013-11-16T00:00:00Z,412,448.95,410,434.52,9994.90764684
2013-11-15T00:00:00Z,415.16,439.94,388.27998155,412,17711.97791588
2013-11-14T00:00:00Z,399.89,424.97736509,392.8,413.53499,14439.55817526
2013-11-13T00:00:00Z,355.45,414.73,355.45,399.9,13176.99904799
2013-11-12T00:00:00Z,347,490.05003832,340,354.96,13214.95165209
2013-11-11T00:00:00Z,322.24,362.5306,311.56,344.27,10407.96381336
2013-11-10T00:00:00Z,339.39,340,265.11,325,35068.81614116
2013-11-09T00:00:00Z,333.9,386,297,338.22941,30886.74188141
2013-11-08T00:00:00Z,290.8,334.95,288.89,333.9,22593.71520381
2013-11-07T00:00:00Z,263.5,297.79,262,291,35736.63903136
2013-11-06T00:00:00Z,242.6,267.55835,240.6,263.24,28000.13801644
2013-11-05T00:00:00Z,227.29,250.75,225.44,242.88,23942.59199591
2013-11-04T00:00:00Z,213.949,230.49638287,209.4001,226.68059994,11599.93747353
2013-11-03T00:00:00Z,204.67,219.89,203,209.748,4816.24053144
2013-11-02T00:00:00Z,202.24,205.79,201.12504814,204.94,4061.7203812
2013-11-01T00:00:00Z,203.79,207.96822,200.5,201.754999,1984.86587158
2013-10-31T00:00:00Z,199,204,195.28,202.52,5289.34851334
2013-10-30T00:00:00Z,203.7,206,195,198.74,14214.12818705
2013-10-29T00:00:00Z,196.01,205,195,204.69,8093.07181722
2013-10-28T00:00:00Z,196,199,192.15,196.01,5605.2624936
2013-10-27T00:00:00Z,179.56,198.75,179.1,196.7,6653.11704813
2013-10-26T00:00:00Z,186.62,190,175.21,179.55,6294.29915678
2013-10-25T00:00:00Z,194,195.13,167.75,187.5,20230.92357838
2013-10-24T00:00:00Z,204.5,210.995,155.81,193.72,41458.38113942
2013-10-23T00:00:00Z,194.5,212.89,185.90287,203.99,13887.40262814
2013-10-22T00:00:00Z,180.5,215,150,191.75,18472.06834314
2013-10-21T00:00:00Z,166.44,183,165,180.37,12839.73086668
2013-10-20T00:00:00Z,168,168.875,162.31,166.89,3862.16759555
2013-10-19T00:00:00Z,152.89,178.5,151.5,166.5,20948.27107252
2013-10-18T00:00:00Z,143.49,155.25,143,153,14139.45288352
2013-10-17T00:00:00Z,137.54,144.98,133.99,143.94,5243.06451872
2013-10-16T00:00:00Z,144.39,147,137.21,137.56,15537.51334985
2013-10-15T00:00:00Z,135.47,150,133.92066405,144.39,10820.07840346
2013-10-14T00:00:00Z,132.6,139.99,132,135.4,12322.34790146
2013-10-13T00:00:00Z,127.6,133.23,127.55,132.86,6020.93465236
2013-10-12T00:00:00Z,126.9,127.96,126.65,127.8,1655.53519078
2013-10-11T00:00:00Z,126.46,127.4,125.54,126.9,2177.80246511
2013-10-10T00:00:00Z,125.67,126.79,125,126.1,2323.77150536
2013-10-09T00:00:00Z,124.4,127.99,123.36,126.00071,6497.39102603
2013-10-08T00:00:00Z,123.5,125.16,122.02,124.11,5209.67283216
2013-10-07T00:00:00Z,122.26,124.45,120.8,123.48,4205.79134063
2013-10-06T00:00:00Z,121.14,122.5,121.01,122.49,399.540586
2013-10-05T00:00:00Z,121.94,125,115,121.62,1451.61906773
2013-10-04T00:00:00Z,117.87,123.25,117.41,121.94,6632.39275909
2013-10-03T00:00:00Z,103.99,118.74,101.66,117.87,11393.82089187
2013-10-02T00:00:00Z,127.2,128.5,83.26,103.85,38763.01727148
2013-10-01T00:00:00Z,125.95,127.9399,125.81,127.49,2151.64918807
2013-09-30T00:00:00Z,127,127.51,123.76,125.95,3072.55201951
2013-09-29T00:00:00Z,126.87,128.8,126,126.76,3011.13758087
2013-09-28T00:00:00Z,126.57,127,124.8,127,2488.46477039
2013-09-27T00:00:00Z,124.4,126.86,124.1,126.48,2578.6923297
2013-09-26T00:00:00Z,123.32,125.02,123.3,125.02,1002.22446382
2013-09-25T00:00:00Z,123.89,125.22,123.35,123.75,1900.35140246
2013-09-24T00:00:00Z,123,124.19,121.89,124.09,3165.47374378
2013-09-23T00:00:00Z,122.93,124.09,122,122.75,2465.01122629
2013-09-22T00:00:00Z,123.5,123.59,122.22,122.97,1078.48505357
2013-09-21T00:00:00Z,122.92,124.02,122,123.64,1023.90288201
2013-09-20T00:00:00Z,123.8,126.01,121.5,122.91,3838.92105377
2013-09-19T00:00:00Z,127,127.63,123.39,124.38,3443.87264583
2013-09-18T00:00:00Z,126.72,128.41,125.78,126.9,3950.89185976
2013-09-17T00:00:00Z,126.15,127.74,125.32,127.13,1790.28239465
2013-09-16T00:00:00Z,125.18,126.84,124,125.68,1710.23628094
2013-09-15T00:00:00Z,124.5,126.35,123.15,125.06,1973.20832033
2013-09-14T00:00:00Z,126.23,127.98,122.53,124.5,3550.48828071
2013-09-13T00:00:00Z,126.63,129.11,124.82,127.18,2524.77115444
2013-09-12T00:00:00Z,126.92,128.5,123,126.63,5161.99913748
2013-09-11T00:00:00Z,122.34,127.64,118.39,126.34,9078.22123422
2013-09-10T00:00:00Z,121.17,124.24,120.07,122.07,3626.92833387
2013-09-09T00:00:00Z,118,124,115.98561,121.5,8252.05121633
2013-09-08T00:00:00Z,119.79,120.84,116.77,117.98,2707.40051492
2013-09-07T00:00:00Z,116,121.10889,115.5,119.76,2899.83061764
2013-09-06T00:00:00Z,122,124.75,115,116.82,5683.34157265
2013-09-05T00:00:00Z,122.22,127.99,115.81,122.63,7294.63083098
2013-09-04T00:00:00Z,130,130,115,122.24,9377.23333298
2013-09-03T00:00:00Z,129.23,131,126.9,129.18,3621.71363356
2013-09-02T00:00:00Z,130.73,132.05,128,129.45,4229.80472061
2013-09-01T00:00:00Z,128.21,132,126.81,130.41,2117.60762314
2013-08-31T00:00:00Z,124.89,134.94,123.75,127.8,12537.83420063
2013-08-30T00:00:00Z,118.93,126.3,118.05,125,9634.03948353
2013-08-29T00:00:00Z,117.95,121,117.29,118.5,2722.03372053
2013-08-28T00:00:00Z,118,119.76,116,118,3508.16170538
2013-08-27T00:00:00Z,111.85,119,111.77,117.7,8861.29718058
2013-08-26T00:00:00Z,113.12,113.9,110,112.45,4105.75356866
2013-08-25T00:00:00Z,109.17,114.76,109.16,113.11,5981.7118022
2013-08-24T00:00:00Z,107.66,110.6,106.61,108.3,2760.95065165
2013-08-23T00:00:00Z,109.12,110,104.3,107.89,5316.11409683
2013-08-22T00:00:00Z,111.62,113.01,107.99,109.14,4026.72231985
2013-08-21T00:00:00Z,104.94,114.45,104.57,110.43,9461.08726163
2013-08-20T00:00:00Z,102.85,104.94,100.48,104.94,3887.65063901
2013-08-19T00:00:00Z,99.25,105,98.82,102.6,7038.3170631
2013-08-18T00:00:00Z,100,100,98.42,99.25,929.14723601
2013-08-17T00:00:00Z,98.27,99.7,97.5,99.4,1601.91017454
2013-08-16T00:00:00Z,98.39,99,96.53,98.3,1945.81185098
2013-08-15T00:00:00Z,99.4,100.01,96.24,98.08,1749.74382402
2013-08-14T00:00:00Z,97.99,101,97.36828,99.16,7832.14442446
2013-08-13T00:00:00Z,95.12109,98.2,94.23,98.15,3644.09122657
2013-08-12T00:00:00Z,94,96.24,93.31,95.35,2950.84243717
2013-08-11T00:00:00Z,93.51,94.52,93.2,94,703.22305316
2013-08-10T00:00:00Z,92.14,94,92.14,93.51,754.8018569
2013-08-09T00:00:00Z,94.27,95.51,89.51,92.28,5799.07629596
2013-08-08T00:00:00Z,97,97.17,91.4,94.25,4701.13478028
2013-08-07T00:00:00Z,97.8,98.3,95.5,97,1576.176273
2013-08-06T00:00:00Z,97.73,98.9,97,97.8,2531.28944375
2013-08-05T00:00:00Z,96.38,98.91,96.21,97.4,2944.5466979
2013-08-04T00:00:00Z,95.5,96.7,95.5,96.38,1011.16940019
2013-08-03T00:00:00Z,95.82,97.23,94.67,95.49,2406.7126632
2013-08-02T00:00:00Z,96.55,98.7,93.75,95.85,5444.95317153
2013-08-01T00:00:00Z,97.99,98.50297,95.21,96.55,3534.33334448
2013-07-31T00:00:00Z,96.68,101.03,95.1,98.18,5708.72022212
2013-07-30T00:00:00Z,93.01,97.11,92.7,96.5,3558.87774625
2013-07-29T00:00:00Z,92.01,93.73,90.54,93.37,2712.34032741
2013-07-28T00:00:00Z,88.02,94,87.92,92.46,3411.06759994
2013-07-27T00:00:00Z,89.95,90.11,87.8,88.02,1427.28403652
2013-07-26T00:00:00Z,90.09,91.72,89.2,89.95,973.53390157
2013-07-25T00:00:00Z,88.42,91.99899,87.15,90.24,3345.36886327
2013-07-24T00:00:00Z,86.95,95.68,86.46,88.36,1618.34266729
2013-07-23T00:00:00Z,85.55,88.67,82.99,86.95,3368.91523393
2013-07-22T00:00:00Z,85.77,87.1,83.99,85.6,1354.67793009
2013-07-21T00:00:00Z,85.09,86.4,84,85.79,2113.51241199
2013-07-20T00:00:00Z,86.5,87.2,84.27,85,1301.92237319
2013-07-19T00:00:00Z,85.01,87.1,83.4,86.53,4794.18316172
2013-07-18T00:00:00Z,90.85,91.23,77,85.27,7708.7348326
2013-07-17T00:00:00Z,91.58,92.8,89.22,91.48,2046.72746749
2013-07-16T00:00:00Z,93.75,94,84.7,91.6,2092.35853054
2013-07-15T00:00:00Z,89.011,99.83,82.45,93.94,5898.45713615
2013-07-14T00:00:00Z,91.69,93,88.88,90.07,2380.35140135
2013-07-13T00:00:00Z,90.17,91.95,85,91.6,4116.22796885
2013-07-12T00:00:00Z,87.81,101.39,86.64,90.2,15077.54108663
2013-07-11T00:00:00Z,86.12,89.23,84,88,7510.96612628
2013-07-10T00:00:00Z,74.93,87,74.83,86.12,10374.85241819
2013-07-09T00:00:00Z,73.85,76.01,70.47,74.98,7041.32536101
2013-07-08T00:00:00Z,73.96,77,70,74.35,8789.76770627
2013-07-07T00:00:00Z,66.12,74.07786,64.89,73.98,4403.96884005
2013-07-06T00:00:00Z,67,73.26,62.94,66.12,10426.96530785
2013-07-05T00:00:00Z,79.4,79.4,64,67,13816.96117611
2013-07-04T00:00:00Z,77.33,82,70.04,79.4,7081.44839216
2013-07-03T00:00:00Z,89,89.56,75,77.402,8688.243453
2013-07-02T00:00:00Z,83.51,88.5,83.24,87.68,3732.32847998
2013-07-01T00:00:00Z,89.58,91.56,1,83.5,10021.30520817
2013-06-30T00:00:00Z,88.53,90.25,88.26,89.55,525.54269882
2013-06-29T00:00:00Z,89.2,91.6,86.15,88.8,1766.18636146
2013-06-28T00:00:00Z,96.31,96.52,88.01,89.79,7594.03228208
2013-06-27T00:00:00Z,98.01,98.72,96.31,96.31,1085.47473304
2013-06-26T00:00:00Z,98.5,100,96.99,98.69,1466.12790174
2013-06-25T00:00:00Z,99.35,100.9,97.5,97.58,3395.16434416
2013-06-24T00:00:00Z,100.4,102.13,95.38,98.68,2801.04700209
2013-06-23T00:00:00Z,100,101.5,98.6,100.4,796.29810476
2013-06-22T00:00:00Z,101.29,102.4,98.49,100.23,1390.41839215
2013-06-21T00:00:00Z,103,105,91,101.29,5584.19399546
2013-06-20T00:00:00Z,104.83,108,102.38,104.55,5580.15645347
2013-06-19T00:00:00Z,104.49,107.5,102.99,104.99,2830.34656024
2013-06-18T00:00:00Z,100.39,108.5,99.99,104.12,6069.10417774
2013-06-17T00:00:00Z,99,101.01,98.3,100.49,1286.44020787
2013-06-16T00:00:00Z,99.43,101.1,98.66,99,1192.21017157
2013-06-15T00:00:00Z,99.01,104,96.22,99.42,2397.84888941
2013-06-14T00:00:00Z,101.86,107.36,97,99,5295.6789836
2013-06-13T00:00:00Z,106.28,109.14,95,102,5813.81744085
2013-06-12T00:00:00Z,107.07,119,105,106.68,4657.07381088
2013-06-11T00:00:00Z,104.68,108.03,103.4,107.36,3419.50826205
2013-06-10T00:00:00Z,100,108,93,104.18,9456.96656615
2013-06-09T00:00:00Z,108.99,110,89.9,100,15769.87201502
2013-06-08T00:00:00Z,110.17,112.5,108.45,109.13,1943.22231782
2013-06-07T00:00:00Z,118.4,119,107,111.07,9638.20980937
2013-06-06T00:00:00Z,121.33,121.33,118,119.28,1260.70737532
2013-06-05T00:00:00Z,120.3,122.37,119.6,121.19,1435.87228074
2013-06-04T00:00:00Z,123.22,123.99,116.42,120.43,5195.53171194
2013-06-03T00:00:00Z,123.41,132.87,117,123.1,4750.35164634
2013-06-02T00:00:00Z,128.77,132.65,117,123.8,11892.97161185
2013-06-01T00:00:00Z,127.73,129,127,128.77,815.11173932
2013-05-31T00:00:00Z,126.78,129.1,125.06,127.9,2267.47870654
2013-05-30T00:00:00Z,130.35,131,124.15,126.7,4729.10265707
2013-05-29T00:00:00Z,126.06,140.68,125.67,130.35,3558.61656252
2013-05-28T00:00:00Z,125,127,123,125.5,2584.01718863
2013-05-27T00:00:00Z,130.27,130.59,123,126.25,3535.31536517
2013-05-26T00:00:00Z,128.97,133,128,130.24,2883.23013613
2013-05-25T00:00:00Z,128.61,129.73,125.1,128.97,2715.80561304
2013-05-24T00:00:00Z,123.84,130,122.4,128.7,7965.53671446
2013-05-23T00:00:00Z,118.45,124.25,118.41,123.83,4024.65733015
2013-05-22T00:00:00Z,117.9,120,117,119.11,2360.34984014
2013-05-21T00:00:00Z,116.9,118.6,116.9,117,1897.54839262
2013-05-20T00:00:00Z,118.23,118.94,116,118.09,881.05785762
2013-05-19T00:00:00Z,118.23,120.99,115.61,118.25,1327.45239545
2013-05-18T00:00:00Z,117.51,118.98,115.81001,118.52,2168.44858122
2013-05-17T00:00:00Z,115,122,112.35,117.62,5107.8367596
2013-05-16T00:00:00Z,108.98,115.2,108.2,115,4796.42398125
2013-05-15T00:00:00Z,110.7,117,103.45,108.95,9324.26007941
2013-05-14T00:00:00Z,117.811,119.85,105.2,111.551,9787.13803174
2013-05-13T00:00:00Z,115.97,118.97,114.07,117.979,2590.84616001
2013-05-12T00:00:00Z,115.58,118,113,114.3,2745.73340774
2013-05-11T00:00:00Z,117.92,118.9,112.72,115.576,3841.93708681
2013-05-10T00:00:00Z,112.653,122.5,111.4,117.87,7579.66383688
2013-05-09T00:00:00Z,113.495,113.5,108.23,112.669,3991.56786689
2013-05-08T00:00:00Z,109.76,116.98,108.5,113.5,8804.37823946
2013-05-07T00:00:00Z,112.1,113.44,98,110,15053.73044354
2013-05-06T00:00:00Z,116.587,124.3,106,112,12263.0308212
2013-05-05T00:00:00Z,112.3,126,100,116.57,13363.78070844
2013-05-04T00:00:00Z,98.5,115.959,93.356,112.5,15470.54031853
2013-05-03T00:00:00Z,107,108.21,80,98.06,32551.05152931
2013-05-02T00:00:00Z,116.75,127.18,90.414,106.6,29911.74203579
2013-05-01T00:00:00Z,139.87,140.02,105,116,23869.06259774
2013-04-30T00:00:00Z,143.89,146.6752,133.89,139.88,10916.45401098
2013-04-29T00:00:00Z,134.63,148.5,113.42,144,9491.69208741
2013-04-28T00:00:00Z,128.8,136.99,128.02,135.28,7222.09008288
2013-04-27T00:00:00Z,136.56001,147.51,121.46,128.5,7773.99732283
2013-04-26T00:00:00Z,142.89,143.985,13,137.3,13279.17946705
2013-04-25T00:00:00Z,155,169.13,120.03,141.9,21589.72100785
2013-04-24T00:00:00Z,142.41,166.99,140.9,154.6,25884.62525415
2013-04-23T00:00:00Z,127.389,144.47,124.859,143.484,11566.57797156
2013-04-22T00:00:00Z,119.96,127.3,119.615,126.5,7053.39711668
2013-04-21T00:00:00Z,127.01,130,110,117.618,11539.05619005
2013-04-20T00:00:00Z,119.02,132,114.9,127,6502.71927697
2013-04-19T00:00:00Z,110,142,104.56,119,20883.25110549
2013-04-18T00:00:00Z,93,114,87,111.3,8362.10465509
2013-04-17T00:00:00Z,68.135,98.9,63.5,93.063,20016.46738673
2013-04-16T00:00:00Z,84.27,84.48,0.01,67.588,26092.5432296
2013-04-15T00:00:00Z,89.86,104,71.497,83.302,16393.12856398
2013-04-14T00:00:00Z,91.1,109,20,90.171,16437.2196645
2013-04-13T00:00:00Z,112,130,81.12,91.1,23866.6770456
2013-04-12T00:00:00Z,109,157,51,112,38693.95530432
2013-04-11T00:00:00Z,162,205,1.06,100,16914.65631508
2013-04-10T00:00:00Z,228.669,290,19.9,162,16070.64274427
2013-04-09T00:00:00Z,186.8,249.97,186.8,232.99,6073.37314608
2013-04-08T00:00:00Z,163.9,194.57,163.2,186.985,10895.82741442
2013-04-07T00:00:00Z,143.5,164.75,142.75,162.304,3725.06764496
2013-04-06T00:00:00Z,142.8,144,139,143.05,2009.12862494
2013-04-05T00:00:00Z,130.10001,145,128.25,142.3,5234.88220325
2013-04-04T00:00:00Z,134.71656,143,119,132.899,6981.66830544
2013-04-03T00:00:00Z,117.95826131,146.88,101.51088,134.7,12996.24507218
2013-04-02T00:00:00Z,104,118.3867,99,118.22935407,8376.52747811
2013-04-01T00:00:00Z,93.25,105.9,92.49999,103.999,5224.40131297
2013-03-31T00:00:00Z,93.03001,93.03001,93.03001,93.03001,0
2013-03-30T00:00:00Z,92.19003,92.19003,92.19003,92.19003,0
2013-03-29T00:00:00Z,90.5,90.5,90.5,90.5,0
2013-03-28T00:00:00Z,86.18,86.18,86.18,86.18,0
2013-03-27T00:00:00Z,88.92,88.92,88.92,88.92,0
2013-03-26T00:00:00Z,78.5,78.5,78.5,78.5,0
2013-03-25T00:00:00Z,73.6,73.6,73.6,73.6,0
2013-03-24T00:00:00Z,71.5,71.5,71.5,71.5,0
2013-03-23T00:00:00Z,64.35,64.35,64.35,64.35,0
2013-03-22T00:00:00Z,69.86501,69.86501,69.86501,69.86501,0
2013-03-21T00:00:00Z,70.85,70.85,70.85,70.85,0
2013-03-20T00:00:00Z,64.4888,64.4888,64.4888,64.4888,0
2013-03-19T00:00:00Z,59.14001,59.14001,59.14001,59.14001,0
2013-03-18T00:00:00Z,51.60001,51.60001,51.60001,51.60001,0
2013-03-17T00:00:00Z,47.4,47.4,47.4,47.4,0
2013-03-16T00:00:00Z,47.00019,47.00019,47.00019,47.00019,0
2013-03-15T00:00:00Z,46.95,46.95,46.95,46.95,0
2013-03-14T00:00:00Z,47.1696,47.1696,47.1696,47.1696,0
2013-03-13T00:00:00Z,46.92002,46.92002,46.92002,46.92002,0
2013-03-12T00:00:00Z,44.28994,44.28994,44.28994,44.28994,0
2013-03-11T00:00:00Z,48.39999,48.39999,48.39999,48.39999,0
2013-03-10T00:00:00Z,46,46,46,46,0
2013-03-09T00:00:00Z,46.85,46.85,46.85,46.85,0
2013-03-08T00:00:00Z,44.17999,44.17999,44.17999,44.17999,0
2013-03-07T00:00:00Z,41.99999,41.99999,41.99999,41.99999,0
2013-03-06T00:00:00Z,41.0201,41.0201,41.0201,41.0201,0
2013-03-05T00:00:00Z,40.33,40.33,40.33,40.33,0
2013-03-04T00:00:00Z,36.152,36.152,36.152,36.152,0
2013-03-03T00:00:00Z,34.49999,34.49999,34.49999,34.49999,0
2013-03-02T00:00:00Z,34.25,34.25,34.25,34.25,0
2013-03-01T00:00:00Z,34.5,34.5,34.5,34.5,0
2013-02-28T00:00:00Z,33.38,33.38,33.38,33.38,0
2013-02-27T00:00:00Z,30.9012,30.9012,30.9012,30.9012,0
2013-02-26T00:00:00Z,31.1,31.1,31.1,31.1,0
2013-02-25T00:00:00Z,30.39999,30.39999,30.39999,30.39999,0
2013-02-24T00:00:00Z,29.88999,29.88999,29.88999,29.88999,0
2013-02-23T00:00:00Z,29.79999,29.79999,29.79999,29.79999,0
2013-02-22T00:00:00Z,30.24539,30.24539,30.24539,30.24539,0
2013-02-21T00:00:00Z,29.74768,29.74768,29.74768,29.74768,0
2013-02-20T00:00:00Z,29.64501,29.64501,29.64501,29.64501,0
2013-02-19T00:00:00Z,29.41759,29.41759,29.41759,29.41759,0
2013-02-18T00:00:00Z,26.95,26.95,26.95,26.95,0
2013-02-17T00:00:00Z,26.8146,26.8146,26.8146,26.8146,0
2013-02-16T00:00:00Z,27.21584,27.21584,27.21584,27.21584,0
2013-02-15T00:00:00Z,27.1,27.1,27.1,27.1,0
2013-02-14T00:00:00Z,27.2205,27.2205,27.2205,27.2205,0
2013-02-13T00:00:00Z,24.2,24.2,24.2,24.2,0
2013-02-12T00:00:00Z,25.16975,25.16975,25.16975,25.16975,0
2013-02-11T00:00:00Z,24.65,24.65,24.65,24.65,0
2013-02-10T00:00:00Z,23.96975,23.96975,23.96975,23.96975,0
2013-02-09T00:00:00Z,23.65,23.65,23.65,23.65,0
2013-02-08T00:00:00Z,22.66,22.66,22.66,22.66,0
2013-02-07T00:00:00Z,22.15,22.15,22.15,22.15,0
2013-02-06T00:00:00Z,21.18,21.18,21.18,21.18,0
2013-02-05T00:00:00Z,20.60001,20.60001,20.60001,20.60001,0
2013-02-04T00:00:00Z,20.43005,20.43005,20.43005,20.43005,0
2013-02-03T00:00:00Z,20.59,20.59,20.59,20.59,0
2013-02-02T00:00:00Z,19.63001,19.63001,19.63001,19.63001,0
2013-02-01T00:00:00Z,20.49897,20.49897,20.49897,20.49897,0
2013-01-31T00:00:00Z,20.41001,20.41001,20.41001,20.41001,0
2013-01-30T00:00:00Z,19.70001,19.70001,19.70001,19.70001,0
2013-01-29T00:00:00Z,19.52538,19.52538,19.52538,19.52538,0
2013-01-28T00:00:00Z,18.72101,18.72101,18.72101,18.72101,0
2013-01-27T00:00:00Z,17.81821,17.81821,17.81821,17.81821,0
2013-01-26T00:00:00Z,17.88,17.88,17.88,17.88,0
2013-01-25T00:00:00Z,17.40001,17.40001,17.40001,17.40001,0
2013-01-24T00:00:00Z,16.89596,16.89596,16.89596,16.89596,0
2013-01-23T00:00:00Z,17.50004,17.50004,17.50004,17.50004,0
2013-01-22T00:00:00Z,17.26142,17.26142,17.26142,17.26142,0
2013-01-21T00:00:00Z,16.8,16.8,16.8,16.8,0
2013-01-20T00:00:00Z,15.7,15.7,15.7,15.7,0
2013-01-19T00:00:00Z,15.615,15.615,15.615,15.615,0
2013-01-18T00:00:00Z,15.70499,15.70499,15.70499,15.70499,0
2013-01-17T00:00:00Z,15.50001,15.50001,15.50001,15.50001,0
2013-01-16T00:00:00Z,14.73,14.73,14.73,14.73,0
2013-01-15T00:00:00Z,14.25003,14.25003,14.25003,14.25003,0
2013-01-14T00:00:00Z,14.30002,14.30002,14.30002,14.30002,0
2013-01-13T00:00:00Z,14.11601,14.11601,14.11601,14.11601,0
2013-01-12T00:00:00Z,14.23699,14.23699,14.23699,14.23699,0
2013-01-11T00:00:00Z,14.13701,14.13701,14.13701,14.13701,0
2013-01-10T00:00:00Z,14.13999,14.13999,14.13999,14.13999,0
2013-01-09T00:00:00Z,13.77001,13.77001,13.77001,13.77001,0
2013-01-08T00:00:00Z,13.74275,13.74275,13.74275,13.74275,0
2013-01-07T00:00:00Z,13.58755,13.58755,13.58755,13.58755,0
2013-01-06T00:00:00Z,13.45395,13.45395,13.45395,13.45395,0
2013-01-05T00:00:00Z,13.44,13.44,13.44,13.44,0
2013-01-04T00:00:00Z,13.5,13.5,13.5,13.5,0
2013-01-03T00:00:00Z,13.39786,13.39786,13.39786,13.39786,0
2013-01-02T00:00:00Z,13.27999,13.27999,13.27999,13.27999,0
2013-01-01T00:00:00Z,13.30413,13.30413,13.30413,13.30413,0
2012-12-31T00:00:00Z,13.51001,13.51001,13.51001,13.51001,0
2012-12-30T00:00:00Z,13.45001,13.45001,13.45001,13.45001,0
2012-12-29T00:00:00Z,13.4,13.4,13.4,13.4,0
2012-12-28T00:00:00Z,13.42119,13.42119,13.42119,13.42119,0
2012-12-27T00:00:00Z,13.42174,13.42174,13.42174,13.42174,0
2012-12-26T00:00:00Z,13.46786,13.46786,13.46786,13.46786,0
2012-12-25T00:00:00Z,13.35001,13.35001,13.35001,13.35001,0
2012-12-24T00:00:00Z,13.38001,13.38001,13.38001,13.38001,0
2012-12-23T00:00:00Z,13.31202,13.31202,13.31202,13.31202,0
2012-12-22T00:00:00Z,13.37136,13.37136,13.37136,13.37136,0
2012-12-21T00:00:00Z,13.49998,13.49998,13.49998,13.49998,0
2012-12-20T00:00:00Z,13.52463,13.52463,13.52463,13.52463,0
2012-12-19T00:00:00Z,13.599,13.599,13.599,13.599,0
2012-12-18T00:00:00Z,13.29899,13.29899,13.29899,13.29899,0
2012-12-17T00:00:00Z,13.25005,13.25005,13.25005,13.25005,0
2012-12-16T00:00:00Z,13.30002,13.30002,13.30002,13.30002,0
2012-12-15T00:00:00Z,13.49011,13.49011,13.49011,13.49011,0
2012-12-14T00:00:00Z,13.60004,13.60004,13.60004,13.60004,0
2012-12-13T00:00:00Z,13.7001,13.7001,13.7001,13.7001,0
2012-12-12T00:00:00Z,13.6989,13.6989,13.6989,13.6989,0
2012-12-11T00:00:00Z,13.55703,13.55703,13.55703,13.55703,0
2012-12-10T00:00:00Z,13.43335,13.43335,13.43335,13.43335,0
2012-12-09T00:00:00Z,13.388,13.388,13.388,13.388,0
2012-12-08T00:00:00Z,13.42007,13.42007,13.42007,13.42007,0
2012-12-07T00:00:00Z,13.4999,13.4999,13.4999,13.4999,0
2012-12-06T00:00:00Z,13.29899,13.29899,13.29899,13.29899,0
2012-12-05T00:00:00Z,13.38,13.38,13.38,13.38,0
2012-12-04T00:00:00Z,13.41,13.41,13.41,13.41,0
2012-12-03T00:00:00Z,12.67899,12.67899,12.67899,12.67899,0
2012-12-02T00:00:00Z,12.50004,12.50004,12.50004,12.50004,0
2012-12-01T00:00:00Z,12.56201,12.56201,12.56201,12.56201,0
2012-11-30T00:00:00Z,12.565,12.565,12.565,12.565,0
2012-11-29T00:00:00Z,12.45,12.45,12.45,12.45,0
2012-11-28T00:00:00Z,12.34769,12.34769,12.34769,12.34769,0
2012-11-27T00:00:00Z,12.2,12.2,12.2,12.2,0
2012-11-26T00:00:00Z,12.24546,12.24546,12.24546,12.24546,0
2012-11-25T00:00:00Z,12.4821,12.4821,12.4821,12.4821,0
2012-11-24T00:00:00Z,12.41153,12.41153,12.41153,12.41153,0
2012-11-23T00:00:00Z,12.34501,12.34501,12.34501,12.34501,0
2012-11-22T00:00:00Z,12.42191,12.42191,12.42191,12.42191,0
2012-11-21T00:00:00Z,11.76999,11.76999,11.76999,11.76999,0
2012-11-20T00:00:00Z,11.73281,11.73281,11.73281,11.73281,0
2012-11-19T00:00:00Z,11.7999,11.7999,11.7999,11.7999,0
2012-11-18T00:00:00Z,11.65152,11.65152,11.65152,11.65152,0
2012-11-17T00:00:00Z,11.78889,11.78889,11.78889,11.78889,0
2012-11-16T00:00:00Z,11.74889,11.74889,11.74889,11.74889,0
2012-11-15T00:00:00Z,11.19771,11.19771,11.19771,11.19771,0
2012-11-14T00:00:00Z,10.95,10.95,10.95,10.95,0
2012-11-13T00:00:00Z,10.9512,10.9512,10.9512,10.9512,0
2012-11-12T00:00:00Z,11.00801,11.00801,11.00801,11.00801,0
2012-11-11T00:00:00Z,10.8687,10.8687,10.8687,10.8687,0
2012-11-10T00:00:00Z,10.88999,10.88999,10.88999,10.88999,0
2012-11-09T00:00:00Z,10.815,10.815,10.815,10.815,0
2012-11-08T00:00:00Z,10.925,10.925,10.925,10.925,0
2012-11-07T00:00:00Z,10.92,10.92,10.92,10.92,0
2012-11-06T00:00:00Z,10.89899,10.89899,10.89899,10.89899,0
2012-11-05T00:00:00Z,10.748,10.748,10.748,10.748,0
2012-11-04T00:00:00Z,10.80011,10.80011,10.80011,10.80011,0
2012-11-03T00:00:00Z,10.6425,10.6425,10.6425,10.6425,0
2012-11-02T00:00:00Z,10.46877,10.46877,10.46877,10.46877,0
2012-11-01T00:00:00Z,10.57,10.57,10.57,10.57,0
2012-10-31T00:00:00Z,11.201,11.201,11.201,11.201,0
2012-10-30T00:00:00Z,10.88753,10.88753,10.88753,10.88753,0
2012-10-29T00:00:00Z,10.59999,10.59999,10.59999,10.59999,0
2012-10-28T00:00:00Z,10.69998,10.69998,10.69998,10.69998,0
2012-10-27T00:00:00Z,10.26051,10.26051,10.26051,10.26051,0
2012-10-26T00:00:00Z,10.17061,10.17061,10.17061,10.17061,0
2012-10-25T00:00:00Z,10.86158,10.86158,10.86158,10.86158,0
2012-10-24T00:00:00Z,11.64999,11.64999,11.64999,11.64999,0
2012-10-23T00:00:00Z,11.65,11.65,11.65,11.65,0
2012-10-22T00:00:00Z,11.71012,11.71012,11.71012,11.71012,0
2012-10-21T00:00:00Z,11.63107,11.63107,11.63107,11.63107,0
2012-10-20T00:00:00Z,11.73991,11.73991,11.73991,11.73991,0
2012-10-19T00:00:00Z,11.74012,11.74012,11.74012,11.74012,0
2012-10-18T00:00:00Z,11.93977,11.93977,11.93977,11.93977,0
2012-10-17T00:00:00Z,11.81,11.81,11.81,11.81,0
2012-10-16T00:00:00Z,11.8499,11.8499,11.8499,11.8499,0
2012-10-15T00:00:00Z,11.83807,11.83807,11.83807,11.83807,0
2012-10-14T00:00:00Z,11.7389,11.7389,11.7389,11.7389,0
2012-10-13T00:00:00Z,11.86101,11.86101,11.86101,11.86101,0
2012-10-12T00:00:00Z,12,12,12,12,0
2012-10-11T00:00:00Z,12.03,12.03,12.03,12.03,0
2012-10-10T00:00:00Z,12.12,12.12,12.12,12.12,0
2012-10-09T00:00:00Z,11.895,11.895,11.895,11.895,0
2012-10-08T00:00:00Z,11.77809,11.77809,11.77809,11.77809,0
2012-10-07T00:00:00Z,11.80001,11.80001,11.80001,11.80001,0
2012-10-06T00:00:00Z,12.505,12.505,12.505,12.505,0
2012-10-05T00:00:00Z,12.688,12.688,12.688,12.688,0
2012-10-04T00:00:00Z,12.85,12.85,12.85,12.85,0
2012-10-03T00:00:00Z,12.89,12.89,12.89,12.89,0
2012-10-02T00:00:00Z,12.84,12.84,12.84,12.84,0
2012-10-01T00:00:00Z,12.4,12.4,12.4,12.4,0
2012-09-30T00:00:00Z,12.4,12.4,12.4,12.4,0
2012-09-29T00:00:00Z,12.36309,12.36309,12.36309,12.36309,0
2012-09-28T00:00:00Z,12.39101,12.39101,12.39101,12.39101,0
2012-09-27T00:00:00Z,12.30889,12.30889,12.30889,12.30889,0
2012-09-26T00:00:00Z,12.27,12.27,12.27,12.27,0
2012-09-25T00:00:00Z,12.197,12.197,12.197,12.197,0
2012-09-24T00:00:00Z,12.1,12.1,12.1,12.1,0
2012-09-23T00:00:00Z,12.19331,12.19331,12.19331,12.19331,0
2012-09-22T00:00:00Z,12.23781,12.23781,12.23781,12.23781,0
2012-09-21T00:00:00Z,12.368,12.368,12.368,12.368,0
2012-09-20T00:00:00Z,12.28253,12.28253,12.28253,12.28253,0
2012-09-19T00:00:00Z,12.5725,12.5725,12.5725,12.5725,0
2012-09-18T00:00:00Z,12.25,12.25,12.25,12.25,0
2012-09-17T00:00:00Z,11.89,11.89,11.89,11.89,0
2012-09-16T00:00:00Z,11.87,11.87,11.87,11.87,0
2012-09-15T00:00:00Z,11.75,11.75,11.75,11.75,0
2012-09-14T00:00:00Z,11.67,11.67,11.67,11.67,0
2012-09-13T00:00:00Z,11.399,11.399,11.399,11.399,0
2012-09-12T00:00:00Z,11.36489,11.36489,11.36489,11.36489,0
2012-09-11T00:00:00Z,11.33081,11.33081,11.33081,11.33081,0
2012-09-10T00:00:00Z,11.17,11.17,11.17,11.17,0
2012-09-09T00:00:00Z,11.02,11.02,11.02,11.02,0
2012-09-08T00:00:00Z,11.037,11.037,11.037,11.037,0
2012-09-07T00:00:00Z,11,11,11,11,0
2012-09-06T00:00:00Z,11.181,11.181,11.181,11.181,0
2012-09-05T00:00:00Z,10.99971,10.99971,10.99971,10.99971,0
2012-09-04T00:00:00Z,10.38471,10.38471,10.38471,10.38471,0
2012-09-03T00:00:00Z,10.53,10.53,10.53,10.53,0
2012-09-02T00:00:00Z,10.2041,10.2041,10.2041,10.2041,0
2012-09-01T00:00:00Z,9.96544,9.96544,9.96544,9.96544,0
2012-08-31T00:00:00Z,10.16,10.16,10.16,10.16,0
2012-08-30T00:00:00Z,10.77699,10.77699,10.77699,10.77699,0
2012-08-29T00:00:00Z,10.9169,10.9169,10.9169,10.9169,0
2012-08-28T00:00:00Z,10.94,10.94,10.94,10.94,0
2012-08-27T00:00:00Z,10.95,10.95,10.95,10.95,0
2012-08-26T00:00:00Z,10.61,10.61,10.61,10.61,0
2012-08-25T00:00:00Z,10.5239,10.5239,10.5239,10.5239,0
2012-08-24T00:00:00Z,10.6,10.6,10.6,10.6,0
2012-08-23T00:00:00Z,10.09997,10.09997,10.09997,10.09997,0
2012-08-22T00:00:00Z,9.80679,9.80679,9.80679,9.80679,0
2012-08-21T00:00:00Z,9.91502,9.91502,9.91502,9.91502,0
2012-08-20T00:00:00Z,10.1,10.1,10.1,10.1,0
2012-08-19T00:00:00Z,8,8,8,8,0
2012-08-18T00:00:00Z,11.61,11.61,11.61,11.61,0
2012-08-17T00:00:00Z,11.5836,11.5836,11.5836,11.5836,0
2012-08-16T00:00:00Z,13.5,13.5,13.5,13.5,0
2012-08-15T00:00:00Z,13.25,13.25,13.25,13.25,0
2012-08-14T00:00:00Z,12.19,12.19,12.19,12.19,0
2012-08-13T00:00:00Z,12.03749,12.03749,12.03749,12.03749,0
2012-08-12T00:00:00Z,11.62399,11.62399,11.62399,11.62399,0
2012-08-11T00:00:00Z,11.5102,11.5102,11.5102,11.5102,0
2012-08-10T00:00:00Z,11.38637,11.38637,11.38637,11.38637,0
2012-08-09T00:00:00Z,11.0611,11.0611,11.0611,11.0611,0
2012-08-08T00:00:00Z,11.0553,11.0553,11.0553,11.0553,0
2012-08-07T00:00:00Z,11.1,11.1,11.1,11.1,0
2012-08-06T00:00:00Z,10.85517,10.85517,10.85517,10.85517,0
2012-08-05T00:00:00Z,10.86998,10.86998,10.86998,10.86998,0
2012-08-04T00:00:00Z,10.98398,10.98398,10.98398,10.98398,0
2012-08-03T00:00:00Z,10.97,10.97,10.97,10.97,0
2012-08-02T00:00:00Z,10.53,10.53,10.53,10.53,0
2012-08-01T00:00:00Z,9.5503,9.5503,9.5503,9.5503,0
2012-07-31T00:00:00Z,9.35,9.35,9.35,9.35,0
2012-07-30T00:00:00Z,9.098,9.098,9.098,9.098,0
2012-07-29T00:00:00Z,8.71027,8.71027,8.71027,8.71027,0
2012-07-28T00:00:00Z,8.8881,8.8881,8.8881,8.8881,0
2012-07-27T00:00:00Z,8.9,8.9,8.9,8.9,0
2012-07-26T00:00:00Z,8.9,8.9,8.9,8.9,0
2012-07-25T00:00:00Z,8.8,8.8,8.8,8.8,0
2012-07-24T00:00:00Z,8.6,8.6,8.6,8.6,0
2012-07-23T00:00:00Z,8.44565,8.44565,8.44565,8.44565,0
2012-07-22T00:00:00Z,8.4096,8.4096,8.4096,8.4096,0
2012-07-21T00:00:00Z,8.84553,8.84553,8.84553,8.84553,0
2012-07-20T00:00:00Z,8.52,8.52,8.52,8.52,0
2012-07-19T00:00:00Z,8.86999,8.86999,8.86999,8.86999,0
2012-07-18T00:00:00Z,9.10977,9.10977,9.10977,9.10977,0
2012-07-17T00:00:00Z,8.80001,8.80001,8.80001,8.80001,0
2012-07-16T00:00:00Z,8.4996,8.4996,8.4996,8.4996,0
2012-07-15T00:00:00Z,7.62101,7.62101,7.62101,7.62101,0
2012-07-14T00:00:00Z,7.5421,7.5421,7.5421,7.5421,0
2012-07-13T00:00:00Z,7.6651,7.6651,7.6651,7.6651,0
2012-07-12T00:00:00Z,7.76437,7.76437,7.76437,7.76437,0
2012-07-11T00:00:00Z,7.15,7.15,7.15,7.15,0
2012-07-10T00:00:00Z,7.1999,7.1999,7.1999,7.1999,0
2012-07-09T00:00:00Z,7.0215,7.0215,7.0215,7.0215,0
2012-07-08T00:00:00Z,6.79898,6.79898,6.79898,6.79898,0
2012-07-07T00:00:00Z,6.76207,6.76207,6.76207,6.76207,0
2012-07-06T00:00:00Z,6.64811,6.64811,6.64811,6.64811,0
2012-07-05T00:00:00Z,6.67,6.67,6.67,6.67,0
2012-07-04T00:00:00Z,6.5101,6.5101,6.5101,6.5101,0
2012-07-03T00:00:00Z,6.44993,6.44993,6.44993,6.44993,0
2012-07-02T00:00:00Z,6.75999,6.75999,6.75999,6.75999,0
2012-07-01T00:00:00Z,6.62898,6.62898,6.62898,6.62898,0
2012-06-30T00:00:00Z,6.68999,6.68999,6.68999,6.68999,0
2012-06-29T00:00:00Z,6.65,6.65,6.65,6.65,0
2012-06-28T00:00:00Z,6.60588,6.60588,6.60588,6.60588,0
2012-06-27T00:00:00Z,6.647,6.647,6.647,6.647,0
2012-06-26T00:00:00Z,6.4195,6.4195,6.4195,6.4195,0
2012-06-25T00:00:00Z,6.30482,6.30482,6.30482,6.30482,0
2012-06-24T00:00:00Z,6.35002,6.35002,6.35002,6.35002,0
2012-06-23T00:00:00Z,6.4285,6.4285,6.4285,6.4285,0
2012-06-22T00:00:00Z,6.54781,6.54781,6.54781,6.54781,0
2012-06-21T00:00:00Z,6.68008,6.68008,6.68008,6.68008,0
2012-06-20T00:00:00Z,6.67,6.67,6.67,6.67,0
2012-06-19T00:00:00Z,6.49876,6.49876,6.49876,6.49876,0
2012-06-18T00:00:00Z,6.30998,6.30998,6.30998,6.30998,0
2012-06-17T00:00:00Z,6.16382,6.16382,6.16382,6.16382,0
2012-06-16T00:00:00Z,6.4,6.4,6.4,6.4,0
2012-06-15T00:00:00Z,6.5,6.5,6.5,6.5,0
2012-06-14T00:00:00Z,5.9541,5.9541,5.9541,5.9541,0
2012-06-13T00:00:00Z,5.929,5.929,5.929,5.929,0
2012-06-12T00:00:00Z,5.70003,5.70003,5.70003,5.70003,0
2012-06-11T00:00:00Z,5.57471,5.57471,5.57471,5.57471,0
2012-06-10T00:00:00Z,5.46829,5.46829,5.46829,5.46829,0
2012-06-09T00:00:00Z,5.55997,5.55997,5.55997,5.55997,0
2012-06-08T00:00:00Z,5.633,5.633,5.633,5.633,0
2012-06-07T00:00:00Z,5.591,5.591,5.591,5.591,0
2012-06-06T00:00:00Z,5.46001,5.46001,5.46001,5.46001,0
2012-06-05T00:00:00Z,5.44001,5.44001,5.44001,5.44001,0
2012-06-04T00:00:00Z,5.26599,5.26599,5.26599,5.26599,0
2012-06-03T00:00:00Z,5.2051,5.2051,5.2051,5.2051,0
2012-06-02T00:00:00Z,5.24898,5.24898,5.24898,5.24898,0
2012-06-01T00:00:00Z,5.27481,5.27481,5.27481,5.27481,0
2012-05-31T00:00:00Z,5.18011,5.18011,5.18011,5.18011,0
2012-05-30T00:00:00Z,5.135,5.135,5.135,5.135,0
2012-05-29T00:00:00Z,5.14997,5.14997,5.14997,5.14997,0
2012-05-28T00:00:00Z,5.1358,5.1358,5.1358,5.1358,0
2012-05-27T00:00:00Z,5.13896,5.13896,5.13896,5.13896,0
2012-05-26T00:00:00Z,5.10324,5.10324,5.10324,5.10324,0
2012-05-25T00:00:00Z,5.14546,5.14546,5.14546,5.14546,0
2012-05-24T00:00:00Z,5.11904,5.11904,5.11904,5.11904,0
2012-05-23T00:00:00Z,5.1397,5.1397,5.1397,5.1397,0
2012-05-22T00:00:00Z,5.09877,5.09877,5.09877,5.09877,0
2012-05-21T00:00:00Z,5.09977,5.09977,5.09977,5.09977,0
2012-05-20T00:00:00Z,5.09002,5.09002,5.09002,5.09002,0
2012-05-19T00:00:00Z,5.0995,5.0995,5.0995,5.0995,0
2012-05-18T00:00:00Z,5.11801,5.11801,5.11801,5.11801,0
2012-05-17T00:00:00Z,5.0998,5.0998,5.0998,5.0998,0
2012-05-16T00:00:00Z,5.0887,5.0887,5.0887,5.0887,0
2012-05-15T00:00:00Z,5.035,5.035,5.035,5.035,0
2012-05-14T00:00:00Z,5.00594,5.00594,5.00594,5.00594,0
2012-05-13T00:00:00Z,4.92996,4.92996,4.92996,4.92996,0
2012-05-12T00:00:00Z,4.94619,4.94619,4.94619,4.94619,0
2012-05-11T00:00:00Z,4.96,4.96,4.96,4.96,0
2012-05-10T00:00:00Z,4.85,4.85,4.85,4.85,0
2012-05-09T00:00:00Z,5.0437,5.0437,5.0437,5.0437,0
2012-05-08T00:00:00Z,5.04997,5.04997,5.04997,5.04997,0
2012-05-07T00:00:00Z,5.06002,5.06002,5.06002,5.06002,0
2012-05-06T00:00:00Z,5.04991,5.04991,5.04991,5.04991,0
2012-05-05T00:00:00Z,5.077,5.077,5.077,5.077,0
2012-05-04T00:00:00Z,5.067,5.067,5.067,5.067,0
2012-05-03T00:00:00Z,5.13438,5.13438,5.13438,5.13438,0
2012-05-02T00:00:00Z,5.07367,5.07367,5.07367,5.07367,0
2012-05-01T00:00:00Z,5,5,5,5,0
2012-04-30T00:00:00Z,4.9491,4.9491,4.9491,4.9491,0
2012-04-29T00:00:00Z,4.90441,4.90441,4.90441,4.90441,0
2012-04-28T00:00:00Z,4.9794,4.9794,4.9794,4.9794,0
2012-04-27T00:00:00Z,5.10947,5.10947,5.10947,5.10947,0
2012-04-26T00:00:00Z,5.09762,5.09762,5.09762,5.09762,0
2012-04-25T00:00:00Z,5.13182,5.13182,5.13182,5.13182,0
2012-04-24T00:00:00Z,5.09822,5.09822,5.09822,5.09822,0
2012-04-23T00:00:00Z,4.95999,4.95999,4.95999,4.95999,0
2012-04-22T00:00:00Z,5.20352,5.20352,5.20352,5.20352,0
2012-04-21T00:00:00Z,5.26008,5.26008,5.26008,5.26008,0
2012-04-20T00:00:00Z,5.35,5.35,5.35,5.35,0
2012-04-19T00:00:00Z,5.13766,5.13766,5.13766,5.13766,0
2012-04-18T00:00:00Z,5.1178,5.1178,5.1178,5.1178,0
2012-04-17T00:00:00Z,4.97587,4.97587,4.97587,4.97587,0
2012-04-16T00:00:00Z,4.93201,4.93201,4.93201,4.93201,0
2012-04-15T00:00:00Z,4.96892,4.96892,4.96892,4.96892,0
2012-04-14T00:00:00Z,4.9597,4.9597,4.9597,4.9597,0
2012-04-13T00:00:00Z,4.93999,4.93999,4.93999,4.93999,0
2012-04-12T00:00:00Z,4.91968,4.91968,4.91968,4.91968,0
2012-04-11T00:00:00Z,4.9279,4.9279,4.9279,4.9279,0
2012-04-10T00:00:00Z,4.83668,4.83668,4.83668,4.83668,0
2012-04-09T00:00:00Z,4.87191,4.87191,4.87191,4.87191,0
2012-04-08T00:00:00Z,4.79252,4.79252,4.79252,4.79252,0
2012-04-07T00:00:00Z,4.68715,4.68715,4.68715,4.68715,0
2012-04-06T00:00:00Z,4.94991,4.94991,4.94991,4.94991,0
2012-04-05T00:00:00Z,4.919,4.919,4.919,4.919,0
2012-04-04T00:00:00Z,4.91008,4.91008,4.91008,4.91008,0
2012-04-03T00:00:00Z,4.952,4.952,4.952,4.952,0
2012-04-02T00:00:00Z,4.974,4.974,4.974,4.974,0
2012-04-01T00:00:00Z,4.827,4.827,4.827,4.827,0
2012-03-31T00:00:00Z,4.90873,4.90873,4.90873,4.90873,0
2012-03-30T00:00:00Z,4.86,4.86,4.86,4.86,0
2012-03-29T00:00:00Z,4.80838,4.80838,4.80838,4.80838,0
2012-03-28T00:00:00Z,4.788,4.788,4.788,4.788,0
2012-03-27T00:00:00Z,4.81125,4.81125,4.81125,4.81125,0
2012-03-26T00:00:00Z,4.61911,4.61911,4.61911,4.61911,0
2012-03-25T00:00:00Z,4.55001,4.55001,4.55001,4.55001,0
2012-03-24T00:00:00Z,4.676,4.676,4.676,4.676,0
2012-03-23T00:00:00Z,4.68596,4.68596,4.68596,4.68596,0
2012-03-22T00:00:00Z,4.7043,4.7043,4.7043,4.7043,0
2012-03-21T00:00:00Z,4.81488,4.81488,4.81488,4.81488,0
2012-03-20T00:00:00Z,4.8379,4.8379,4.8379,4.8379,0
2012-03-19T00:00:00Z,4.6939,4.6939,4.6939,4.6939,0
2012-03-18T00:00:00Z,5.27943,5.27943,5.27943,5.27943,0
2012-03-17T00:00:00Z,5.2159,5.2159,5.2159,5.2159,0
2012-03-16T00:00:00Z,5.34388,5.34388,5.34388,5.34388,0
2012-03-15T00:00:00Z,5.32656,5.32656,5.32656,5.32656,0
2012-03-14T00:00:00Z,5.38,5.38,5.38,5.38,0
2012-03-13T00:00:00Z,5.27,5.27,5.27,5.27,0
2012-03-12T00:00:00Z,4.89005,4.89005,4.89005,4.89005,0
2012-03-11T00:00:00Z,4.91,4.91,4.91,4.91,0
2012-03-10T00:00:00Z,4.83315,4.83315,4.83315,4.83315,0
2012-03-09T00:00:00Z,4.86112,4.86112,4.86112,4.86112,0
2012-03-08T00:00:00Z,4.93016,4.93016,4.93016,4.93016,0
2012-03-07T00:00:00Z,4.93752,4.93752,4.93752,4.93752,0
2012-03-06T00:00:00Z,4.9901,4.9901,4.9901,4.9901,0
2012-03-05T00:00:00Z,4.98427,4.98427,4.98427,4.98427,0
2012-03-04T00:00:00Z,4.82001,4.82001,4.82001,4.82001,0
2012-03-03T00:00:00Z,4.61436,4.61436,4.61436,4.61436,0
2012-03-02T00:00:00Z,4.70499,4.70499,4.70499,4.70499,0
2012-03-01T00:00:00Z,4.9213,4.9213,4.9213,4.9213,0
2012-02-29T00:00:00Z,4.86001,4.86001,4.86001,4.86001,0
2012-02-28T00:00:00Z,4.86798,4.86798,4.86798,4.86798,0
2012-02-27T00:00:00Z,4.95598,4.95598,4.95598,4.95598,0
2012-02-26T00:00:00Z,4.922,4.922,4.922,4.922,0
2012-02-25T00:00:00Z,4.77302,4.77302,4.77302,4.77302,0
2012-02-24T00:00:00Z,5.0288,5.0288,5.0288,5.0288,0
2012-02-23T00:00:00Z,5.015,5.015,5.015,5.015,0
2012-02-22T00:00:00Z,4.42474,4.42474,4.42474,4.42474,0
2012-02-21T00:00:00Z,4.272,4.272,4.272,4.272,0
2012-02-20T00:00:00Z,4.36146,4.36146,4.36146,4.36146,0
2012-02-19T00:00:00Z,4.38669,4.38669,4.38669,4.38669,0
2012-02-18T00:00:00Z,4.22201,4.22201,4.22201,4.22201,0
2012-02-17T00:00:00Z,4.41,4.41,4.41,4.41,0
2012-02-16T00:00:00Z,4.2739,4.2739,4.2739,4.2739,0
2012-02-15T00:00:00Z,4.3251,4.3251,4.3251,4.3251,0
2012-02-14T00:00:00Z,4.46292,4.46292,4.46292,4.46292,0
2012-02-13T00:00:00Z,5.26,5.26,5.26,5.26,0
2012-02-12T00:00:00Z,5.51468,5.51468,5.51468,5.51468,0
2012-02-11T00:00:00Z,5.6005,5.6005,5.6005,5.6005,0
2012-02-10T00:00:00Z,5.9126,5.9126,5.9126,5.9126,0
2012-02-09T00:00:00Z,5.83,5.83,5.83,5.83,0
2012-02-08T00:00:00Z,5.59998,5.59998,5.59998,5.59998,0
2012-02-07T00:00:00Z,5.69,5.69,5.69,5.69,0
2012-02-06T00:00:00Z,5.45345,5.45345,5.45345,5.45345,0
2012-02-05T00:00:00Z,5.68881,5.68881,5.68881,5.68881,0
2012-02-04T00:00:00Z,5.87343,5.87343,5.87343,5.87343,0
2012-02-03T00:00:00Z,5.9593,5.9593,5.9593,5.9593,0
2012-02-02T00:00:00Z,6.1,6.1,6.1,6.1,0
2012-02-01T00:00:00Z,6.07561,6.07561,6.07561,6.07561,0
2012-01-31T00:00:00Z,5.48379,5.48379,5.48379,5.48379,0
2012-01-30T00:00:00Z,5.49048,5.49048,5.49048,5.49048,0
2012-01-29T00:00:00Z,5.3809,5.3809,5.3809,5.3809,0
2012-01-28T00:00:00Z,5.62667,5.62667,5.62667,5.62667,0
2012-01-27T00:00:00Z,5.29199,5.29199,5.29199,5.29199,0
2012-01-26T00:00:00Z,5.34,5.34,5.34,5.34,0
2012-01-25T00:00:00Z,5.75,5.75,5.75,5.75,0
2012-01-24T00:00:00Z,6.28978,6.28978,6.28978,6.28978,0
2012-01-23T00:00:00Z,6.356,6.356,6.356,6.356,0
2012-01-22T00:00:00Z,6.3097,6.3097,6.3097,6.3097,0
2012-01-21T00:00:00Z,6.18,6.18,6.18,6.18,0
2012-01-20T00:00:00Z,6.48979,6.48979,6.48979,6.48979,0
2012-01-19T00:00:00Z,6.35979,6.35979,6.35979,6.35979,0
2012-01-18T00:00:00Z,5.92,5.92,5.92,5.92,0
2012-01-17T00:00:00Z,5.59998,5.59998,5.59998,5.59998,0
2012-01-16T00:00:00Z,6.68254,6.68254,6.68254,6.68254,0
2012-01-15T00:00:00Z,7.00177,7.00177,7.00177,7.00177,0
2012-01-14T00:00:00Z,6.75001,6.75001,6.75001,6.75001,0
2012-01-13T00:00:00Z,6.41,6.41,6.41,6.41,0
2012-01-12T00:00:00Z,6.79999,6.79999,6.79999,6.79999,0
2012-01-11T00:00:00Z,6.9,6.9,6.9,6.9,0
2012-01-10T00:00:00Z,6.36,6.36,6.36,6.36,0
2012-01-09T00:00:00Z,6.3257,6.3257,6.3257,6.3257,0
2012-01-08T00:00:00Z,7.11358,7.11358,7.11358,7.11358,0
2012-01-07T00:00:00Z,6.81,6.81,6.81,6.81,0
2012-01-06T00:00:00Z,6.69693,6.69693,6.69693,6.69693,0
2012-01-05T00:00:00Z,6.9476,6.9476,6.9476,6.9476,0
2012-01-04T00:00:00Z,5.57383,5.57383,5.57383,5.57383,0
2012-01-03T00:00:00Z,4.8808,4.8808,4.8808,4.8808,0
2012-01-02T00:00:00Z,5.21678,5.21678,5.21678,5.21678,0
2012-01-01T00:00:00Z,5.26766,5.26766,5.26766,5.26766,0
2011-12-31T00:00:00Z,4.72202,4.72202,4.72202,4.72202,0
2011-12-30T00:00:00Z,4.248,4.248,4.248,4.248,0
2011-12-29T00:00:00Z,4.166,4.166,4.166,4.166,0
2011-12-28T00:00:00Z,4.18552,4.18552,4.18552,4.18552,0
2011-12-27T00:00:00Z,4.06997,4.06997,4.06997,4.06997,0
2011-12-26T00:00:00Z,4.018,4.018,4.018,4.018,0
2011-12-25T00:00:00Z,4.225,4.225,4.225,4.225,0
2011-12-24T00:00:00Z,3.94,3.94,3.94,3.94,0
2011-12-23T00:00:00Z,3.94678,3.94678,3.94678,3.94678,0
2011-12-22T00:00:00Z,3.8901,3.8901,3.8901,3.8901,0
2011-12-21T00:00:00Z,3.89,3.89,3.89,3.89,0
2011-12-20T00:00:00Z,3.95,3.95,3.95,3.95,0
2011-12-19T00:00:00Z,3.5202,3.5202,3.5202,3.5202,0
2011-12-18T00:00:00Z,3.193,3.193,3.193,3.193,0
2011-12-17T00:00:00Z,3.2001,3.2001,3.2001,3.2001,0
2011-12-16T00:00:00Z,3.2,3.2,3.2,3.2,0
2011-12-15T00:00:00Z,3.2,3.2,3.2,3.2,0
2011-12-14T00:00:00Z,3.15,3.15,3.15,3.15,0
2011-12-13T00:00:00Z,3.2499,3.2499,3.2499,3.2499,0
2011-12-12T00:00:00Z,3.135,3.135,3.135,3.135,0
2011-12-11T00:00:00Z,3.2511,3.2511,3.2511,3.2511,0
2011-12-10T00:00:00Z,3.05,3.05,3.05,3.05,0
2011-12-09T00:00:00Z,2.96999,2.96999,2.96999,2.96999,0
2011-12-08T00:00:00Z,2.98,2.98,2.98,2.98,0
2011-12-07T00:00:00Z,2.99001,2.99001,2.99001,2.99001,0
2011-12-06T00:00:00Z,3.03,3.03,3.03,3.03,0
2011-12-05T00:00:00Z,2.8798,2.8798,2.8798,2.8798,0
2011-12-04T00:00:00Z,2.82809,2.82809,2.82809,2.82809,0
2011-12-03T00:00:00Z,2.794,2.794,2.794,2.794,0
2011-12-02T00:00:00Z,3.1151,3.1151,3.1151,3.1151,0
2011-12-01T00:00:00Z,3.06,3.06,3.06,3.06,0
2011-11-30T00:00:00Z,2.9701,2.9701,2.9701,2.9701,0
2011-11-29T00:00:00Z,2.75019,2.75019,2.75019,2.75019,0
2011-11-28T00:00:00Z,2.55,2.55,2.55,2.55,0
2011-11-27T00:00:00Z,2.47991,2.47991,2.47991,2.47991,0
2011-11-26T00:00:00Z,2.47003,2.47003,2.47003,2.47003,0
2011-11-25T00:00:00Z,2.50612,2.50612,2.50612,2.50612,0
2011-11-24T00:00:00Z,2.4321,2.4321,2.4321,2.4321,0
2011-11-23T00:00:00Z,2.33209,2.33209,2.33209,2.33209,0
2011-11-22T00:00:00Z,2.3289,2.3289,2.3289,2.3289,0
2011-11-21T00:00:00Z,2.294,2.294,2.294,2.294,0
2011-11-20T00:00:00Z,2.2,2.2,2.2,2.2,0
2011-11-19T00:00:00Z,2.19585,2.19585,2.19585,2.19585,0
2011-11-18T00:00:00Z,2.04999,2.04999,2.04999,2.04999,0
2011-11-17T00:00:00Z,2.25,2.25,2.25,2.25,0
2011-11-16T00:00:00Z,2.56035,2.56035,2.56035,2.56035,0
2011-11-15T00:00:00Z,2.32896,2.32896,2.32896,2.32896,0
2011-11-14T00:00:00Z,2.22,2.22,2.22,2.22,0
2011-11-13T00:00:00Z,2.99686,2.99686,2.99686,2.99686,0
2011-11-12T00:00:00Z,3.03099,3.03099,3.03099,3.03099,0
2011-11-11T00:00:00Z,3.08001,3.08001,3.08001,3.08001,0
2011-11-10T00:00:00Z,2.83993,2.83993,2.83993,2.83993,0
2011-11-09T00:00:00Z,2.95001,2.95001,2.95001,2.95001,0
2011-11-08T00:00:00Z,3.03501,3.03501,3.03501,3.03501,0
2011-11-07T00:00:00Z,3.00677,3.00677,3.00677,3.00677,0
2011-11-06T00:00:00Z,2.95959,2.95959,2.95959,2.95959,0
2011-11-05T00:00:00Z,2.97002,2.97002,2.97002,2.97002,0
2011-11-04T00:00:00Z,3.109,3.109,3.109,3.109,0
2011-11-03T00:00:00Z,3.152,3.152,3.152,3.152,0
2011-11-02T00:00:00Z,3.25429,3.25429,3.25429,3.25429,0
2011-11-01T00:00:00Z,3.15,3.15,3.15,3.15,0
2011-10-31T00:00:00Z,3.24801,3.24801,3.24801,3.24801,0
2011-10-30T00:00:00Z,3.27,3.27,3.27,3.27,0
2011-10-29T00:00:00Z,3.58113,3.58113,3.58113,3.58113,0
2011-10-28T00:00:00Z,3.18999,3.18999,3.18999,3.18999,0
2011-10-27T00:00:00Z,3.04001,3.04001,3.04001,3.04001,0
2011-10-26T00:00:00Z,2.77302,2.77302,2.77302,2.77302,0
2011-10-25T00:00:00Z,2.77,2.77,2.77,2.77,0
2011-10-24T00:00:00Z,2.545,2.545,2.545,2.545,0
2011-10-23T00:00:00Z,3.17,3.17,3.17,3.17,0
2011-10-22T00:00:00Z,3.1588,3.1588,3.1588,3.1588,0
2011-10-21T00:00:00Z,2.57,2.57,2.57,2.57,0
2011-10-20T00:00:00Z,2.34801,2.34801,2.34801,2.34801,0
2011-10-19T00:00:00Z,2.27,2.27,2.27,2.27,0
2011-10-18T00:00:00Z,2.41901,2.41901,2.41901,2.41901,0
2011-10-17T00:00:00Z,2.55998,2.55998,2.55998,2.55998,0
2011-10-16T00:00:00Z,3.55701,3.55701,3.55701,3.55701,0
2011-10-15T00:00:00Z,3.84214,3.84214,3.84214,3.84214,0
2011-10-14T00:00:00Z,3.98791,3.98791,3.98791,3.98791,0
2011-10-13T00:00:00Z,4.04615,4.04615,4.04615,4.04615,0
2011-10-12T00:00:00Z,4.15,4.15,4.15,4.15,0
2011-10-11T00:00:00Z,3.9308,3.9308,3.9308,3.9308,0
2011-10-10T00:00:00Z,4.1,4.1,4.1,4.1,0
2011-10-09T00:00:00Z,4.10288,4.10288,4.10288,4.10288,0
2011-10-08T00:00:00Z,4.00753,4.00753,4.00753,4.00753,0
2011-10-07T00:00:00Z,4.2728,4.2728,4.2728,4.2728,0
2011-10-06T00:00:00Z,4.73443,4.73443,4.73443,4.73443,0
2011-10-05T00:00:00Z,4.87,4.87,4.87,4.87,0
2011-10-04T00:00:00Z,4.96,4.96,4.96,4.96,0
2011-10-03T00:00:00Z,5.02401,5.02401,5.02401,5.02401,0
2011-10-02T00:00:00Z,5.02701,5.02701,5.02701,5.02701,0
2011-10-01T00:00:00Z,5.03241,5.03241,5.03241,5.03241,0
2011-09-30T00:00:00Z,5.14009,5.14009,5.14009,5.14009,0
2011-09-29T00:00:00Z,4.77935,4.77935,4.77935,4.77935,0
2011-09-28T00:00:00Z,4.77247,4.77247,4.77247,4.77247,0
2011-09-27T00:00:00Z,4.9156,4.9156,4.9156,4.9156,0
2011-09-26T00:00:00Z,4.86969,4.86969,4.86969,4.86969,0
2011-09-25T00:00:00Z,5.33,5.33,5.33,5.33,0
2011-09-24T00:00:00Z,5.46829,5.46829,5.46829,5.46829,0
2011-09-23T00:00:00Z,5.54514,5.54514,5.54514,5.54514,0
2011-09-22T00:00:00Z,5.42781,5.42781,5.42781,5.42781,0
2011-09-21T00:00:00Z,5.6114,5.6114,5.6114,5.6114,0
2011-09-20T00:00:00Z,6.11191,6.11191,6.11191,6.11191,0
2011-09-19T00:00:00Z,5.46001,5.46001,5.46001,5.46001,0
2011-09-18T00:00:00Z,5.2,5.2,5.2,5.2,0
2011-09-17T00:00:00Z,4.77,4.77,4.77,4.77,0
2011-09-16T00:00:00Z,4.82,4.82,4.82,4.82,0
2011-09-15T00:00:00Z,4.84,4.84,4.84,4.84,0
2011-09-14T00:00:00Z,5.61932,5.61932,5.61932,5.61932,0
2011-09-13T00:00:00Z,5.8,5.8,5.8,5.8,0
2011-09-12T00:00:00Z,6.078,6.078,6.078,6.078,0
2011-09-11T00:00:00Z,5.86435,5.86435,5.86435,5.86435,0
2011-09-10T00:00:00Z,4.7739,4.7739,4.7739,4.7739,0
2011-09-09T00:00:00Z,5.03,5.03,5.03,5.03,0
2011-09-08T00:00:00Z,6.53,6.53,6.53,6.53,0
2011-09-07T00:00:00Z,7.1864,7.1864,7.1864,7.1864,0
2011-09-06T00:00:00Z,6.8628,6.8628,6.8628,6.8628,0
2011-09-05T00:00:00Z,7.61101,7.61101,7.61101,7.61101,0
2011-09-04T00:00:00Z,8.17798,8.17798,8.17798,8.17798,0
2011-09-03T00:00:00Z,8.48,8.48,8.48,8.48,0
2011-09-02T00:00:00Z,8.64,8.64,8.64,8.64,0
2011-09-01T00:00:00Z,8.21,8.21,8.21,8.21,0
2011-08-31T00:00:00Z,8.19951,8.19951,8.19951,8.19951,0
2011-08-30T00:00:00Z,8.79134,8.79134,8.79134,8.79134,0
2011-08-29T00:00:00Z,8.969,8.969,8.969,8.969,0
2011-08-28T00:00:00Z,9.07011,9.07011,9.07011,9.07011,0
2011-08-27T00:00:00Z,8.5902,8.5902,8.5902,8.5902,0
2011-08-26T00:00:00Z,8.17939,8.17939,8.17939,8.17939,0
2011-08-25T00:00:00Z,9.65702,9.65702,9.65702,9.65702,0
2011-08-24T00:00:00Z,10.8506,10.8506,10.8506,10.8506,0
2011-08-23T00:00:00Z,10.94001,10.94001,10.94001,10.94001,0
2011-08-22T00:00:00Z,10.895,10.895,10.895,10.895,0
2011-08-21T00:00:00Z,11.31125,11.31125,11.31125,11.31125,0
2011-08-20T00:00:00Z,11.453,11.453,11.453,11.453,0
2011-08-19T00:00:00Z,11.65,11.65,11.65,11.65,0
2011-08-18T00:00:00Z,10.83001,10.83001,10.83001,10.83001,0
2011-08-17T00:00:00Z,10.94555,10.94555,10.94555,10.94555,0
2011-08-16T00:00:00Z,10.96409,10.96409,10.96409,10.96409,0
2011-08-15T00:00:00Z,11.14979,11.14979,11.14979,11.14979,0
2011-08-14T00:00:00Z,10.7957,10.7957,10.7957,10.7957,0
2011-08-13T00:00:00Z,10.131,10.131,10.131,10.131,0
2011-08-12T00:00:00Z,9.46051,9.46051,9.46051,9.46051,0
2011-08-11T00:00:00Z,9.46248,9.46248,9.46248,9.46248,0
2011-08-10T00:00:00Z,9.98,9.98,9.98,9.98,0
2011-08-09T00:00:00Z,9.99,9.99,9.99,9.99,0
2011-08-08T00:00:00Z,7.79991,7.79991,7.79991,7.79991,0
2011-08-07T00:00:00Z,7.9,7.9,7.9,7.9,0
2011-08-06T00:00:00Z,6.55,6.55,6.55,6.55,0
2011-08-05T00:00:00Z,9.7999,9.7999,9.7999,9.7999,0
2011-08-04T00:00:00Z,10.75,10.75,10.75,10.75,0
2011-08-03T00:00:00Z,9.26,9.26,9.26,9.26,0
2011-08-02T00:00:00Z,12.05,12.05,12.05,12.05,0
2011-08-01T00:00:00Z,13.0946,13.0946,13.0946,13.0946,0
2011-07-31T00:00:00Z,13.35,13.35,13.35,13.35,0
2011-07-30T00:00:00Z,13.53034,13.53034,13.53034,13.53034,0
2011-07-29T00:00:00Z,13.49832,13.49832,13.49832,13.49832,0
2011-07-28T00:00:00Z,13.49011,13.49011,13.49011,13.49011,0
2011-07-27T00:00:00Z,13.9394,13.9394,13.9394,13.9394,0
2011-07-26T00:00:00Z,13.88214,13.88214,13.88214,13.88214,0
2011-07-25T00:00:00Z,14.0478,14.0478,14.0478,14.0478,0
2011-07-24T00:00:00Z,13.98001,13.98001,13.98001,13.98001,0
2011-07-23T00:00:00Z,13.68,13.68,13.68,13.68,0
2011-07-22T00:00:00Z,13.69542,13.69542,13.69542,13.69542,0
2011-07-21T00:00:00Z,13.61,13.61,13.61,13.61,0
2011-07-20T00:00:00Z,13.68943,13.68943,13.68943,13.68943,0
2011-07-19T00:00:00Z,13.85024,13.85024,13.85024,13.85024,0
2011-07-18T00:00:00Z,13.48,13.48,13.48,13.48,0
2011-07-17T00:00:00Z,13.16,13.16,13.16,13.16,0
2011-07-16T00:00:00Z,13.7191,13.7191,13.7191,13.7191,0
2011-07-15T00:00:00Z,13.81,13.81,13.81,13.81,0
2011-07-14T00:00:00Z,13.99,13.99,13.99,13.99,0
2011-07-13T00:00:00Z,13.95099,13.95099,13.95099,13.95099,0
2011-07-12T00:00:00Z,14.00943,14.00943,14.00943,14.00943,0
2011-07-11T00:00:00Z,14.20912,14.20912,14.20912,14.20912,0
2011-07-10T00:00:00Z,14.9,14.9,14.9,14.9,0
2011-07-09T00:00:00Z,14.38,14.38,14.38,14.38,0
2011-07-08T00:00:00Z,14.31399,14.31399,14.31399,14.31399,0
2011-07-07T00:00:00Z,14.77609,14.77609,14.77609,14.77609,0
2011-07-06T00:00:00Z,14.78347,14.78347,14.78347,14.78347,0
2011-07-05T00:00:00Z,12.90691,12.90691,12.90691,12.90691,0
2011-07-04T00:00:00Z,13.86,13.86,13.86,13.86,0
2011-07-03T00:00:00Z,15.44049,15.44049,15.44049,15.44049,0
2011-07-02T00:00:00Z,15.4,15.4,15.4,15.4,0
2011-07-01T00:00:00Z,15.397,15.397,15.397,15.397,0
2011-06-30T00:00:00Z,16.10098,16.10098,16.10098,16.10098,0
2011-06-29T00:00:00Z,16.845,16.845,16.845,16.845,0
2011-06-28T00:00:00Z,16.9498,16.9498,16.9498,16.9498,0
2011-06-27T00:00:00Z,16.75004,16.75004,16.75004,16.75004,0
2011-06-26T00:00:00Z,16.45001,16.45001,16.45001,16.45001,0
2011-06-25T00:00:00Z,17.51,17.51,17.51,17.51,0
2011-06-24T00:00:00Z,17.51,17.51,17.51,17.51,0
2011-06-23T00:00:00Z,17.51,17.51,17.51,17.51,0
2011-06-22T00:00:00Z,17.51,17.51,17.51,17.51,0
2011-06-21T00:00:00Z,17.51,17.51,17.51,17.51,0
2011-06-20T00:00:00Z,17.51,17.51,17.51,17.51,0
2011-06-19T00:00:00Z,17.51,17.51,17.51,17.51,0
2011-06-18T00:00:00Z,16.89,16.89,16.89,16.89,0
2011-06-17T00:00:00Z,15.681,15.681,15.681,15.681,0
2011-06-16T00:00:00Z,17,17,17,17,0
2011-06-15T00:00:00Z,19.49,19.49,19.49,19.49,0
2011-06-14T00:00:00Z,19.28,19.28,19.28,19.28,0
2011-06-13T00:00:00Z,19.84,19.84,19.84,19.84,0
2011-06-12T00:00:00Z,18.5464,18.5464,18.5464,18.5464,0
2011-06-11T00:00:00Z,14.6511,14.6511,14.6511,14.6511,0
2011-06-10T00:00:00Z,23.9497,23.9497,23.9497,23.9497,0
2011-06-09T00:00:00Z,28.919,28.919,28.919,28.919,0
2011-06-08T00:00:00Z,29.6,29.6,29.6,29.6,0
2011-06-07T00:00:00Z,23.9234,23.9234,23.9234,23.9234,0
2011-06-06T00:00:00Z,18.5499,18.5499,18.5499,18.5499,0
2011-06-05T00:00:00Z,16.7,16.7,16.7,16.7,0
2011-06-04T00:00:00Z,18.89,18.89,18.89,18.89,0
2011-06-03T00:00:00Z,14.29,14.29,14.29,14.29,0
2011-06-02T00:00:00Z,10.6,10.6,10.6,10.6,0
2011-06-01T00:00:00Z,9.57,9.57,9.57,9.57,0
2011-05-31T00:00:00Z,8.741,8.741,8.741,8.741,0
2011-05-30T00:00:00Z,8.8,8.8,8.8,8.8,0
2011-05-29T00:00:00Z,8.4299,8.4299,8.4299,8.4299,0
2011-05-28T00:00:00Z,8.3001,8.3001,8.3001,8.3001,0
2011-05-27T00:00:00Z,8.5002,8.5002,8.5002,8.5002,0
2011-05-26T00:00:00Z,8.798,8.798,8.798,8.798,0
2011-05-25T00:00:00Z,8.3997,8.3997,8.3997,8.3997,0
2011-05-24T00:00:00Z,7.42,7.42,7.42,7.42,0
2011-05-23T00:00:00Z,7.14991,7.14991,7.14991,7.14991,0
2011-05-22T00:00:00Z,6.6901,6.6901,6.6901,6.6901,0
2011-05-21T00:00:00Z,6.11971,6.11971,6.11971,6.11971,0
2011-05-20T00:00:00Z,5.59039,5.59039,5.59039,5.59039,0
2011-05-19T00:00:00Z,6.805,6.805,6.805,6.805,0
2011-05-18T00:00:00Z,6.88,6.88,6.88,6.88,0
2011-05-17T00:00:00Z,7.19,7.19,7.19,7.19,0
2011-05-16T00:00:00Z,8.03388,8.03388,8.03388,8.03388,0
2011-05-15T00:00:00Z,6.98701,6.98701,6.98701,6.98701,0
2011-05-14T00:00:00Z,7.19769,7.19769,7.19769,7.19769,0
2011-05-13T00:00:00Z,8.198,8.198,8.198,8.198,0
2011-05-12T00:00:00Z,6.30019,6.30019,6.30019,6.30019,0
2011-05-11T00:00:00Z,5.5,5.5,5.5,5.5,0
2011-05-10T00:00:00Z,5.81,5.81,5.81,5.81,0
2011-05-09T00:00:00Z,3.8,3.8,3.8,3.8,0
2011-05-08T00:00:00Z,3.8659,3.8659,3.8659,3.8659,0
2011-05-07T00:00:00Z,3.641,3.641,3.641,3.641,0
2011-05-06T00:00:00Z,3.45,3.45,3.45,3.45,0
2011-05-05T00:00:00Z,3.333,3.333,3.333,3.333,0
2011-05-04T00:00:00Z,3.40609,3.40609,3.40609,3.40609,0
2011-05-03T00:00:00Z,3.41,3.41,3.41,3.41,0
2011-05-02T00:00:00Z,3.2,3.2,3.2,3.2,0
2011-05-01T00:00:00Z,3.03311,3.03311,3.03311,3.03311,0
2011-04-30T00:00:00Z,3.5,3.5,3.5,3.5,0
2011-04-29T00:00:00Z,2.88,2.88,2.88,2.88,0
2011-04-28T00:00:00Z,2.21059,2.21059,2.21059,2.21059,0
2011-04-27T00:00:00Z,1.9,1.9,1.9,1.9,0
2011-04-26T00:00:00Z,1.7949,1.7949,1.7949,1.7949,0
2011-04-25T00:00:00Z,1.559,1.559,1.559,1.559,0
2011-04-24T00:00:00Z,1.63011,1.63011,1.63011,1.63011,0
2011-04-23T00:00:00Z,1.7001,1.7001,1.7001,1.7001,0
2011-04-22T00:00:00Z,1.40901,1.40901,1.40901,1.40901,0
2011-04-21T00:00:00Z,1.21,1.21,1.21,1.21,0
2011-04-20T00:00:00Z,1.1421,1.1421,1.1421,1.1421,0
2011-04-19T00:00:00Z,1.1979,1.1979,1.1979,1.1979,0
2011-04-18T00:00:00Z,1.16199,1.16199,1.16199,1.16199,0
2011-04-17T00:00:00Z,1.1123,1.1123,1.1123,1.1123,0
2011-04-16T00:00:00Z,1.0499,1.0499,1.0499,1.0499,0
2011-04-15T00:00:00Z,0.98991,0.98991,0.98991,0.98991,0
2011-04-14T00:00:00Z,1,1,1,1,0
2011-04-13T00:00:00Z,0.9225,0.9225,0.9225,0.9225,0
2011-04-12T00:00:00Z,0.86,0.86,0.86,0.86,0
2011-04-11T00:00:00Z,0.77,0.77,0.77,0.77,0
2011-04-10T00:00:00Z,0.7369,0.7369,0.7369,0.7369,0
2011-04-09T00:00:00Z,0.73,0.73,0.73,0.73,0
2011-04-08T00:00:00Z,0.74999,0.74999,0.74999,0.74999,0
2011-04-07T00:00:00Z,0.7538,0.7538,0.7538,0.7538,0
2011-04-06T00:00:00Z,0.74,0.74,0.74,0.74,0
2011-04-05T00:00:00Z,0.71,0.71,0.71,0.71,0
2011-04-04T00:00:00Z,0.68,0.68,0.68,0.68,0
2011-04-03T00:00:00Z,0.779,0.779,0.779,0.779,0
2011-04-02T00:00:00Z,0.78199,0.78199,0.78199,0.78199,0
2011-04-01T00:00:00Z,0.77411,0.77411,0.77411,0.77411,0
2011-03-31T00:00:00Z,0.78461,0.78461,0.78461,0.78461,0
2011-03-30T00:00:00Z,0.7897,0.7897,0.7897,0.7897,0
2011-03-29T00:00:00Z,0.7925,0.7925,0.7925,0.7925,0
2011-03-28T00:00:00Z,0.79898,0.79898,0.79898,0.79898,0
2011-03-27T00:00:00Z,0.82,0.82,0.82,0.82,0
2011-03-26T00:00:00Z,0.8552,0.8552,0.8552,0.8552,0
2011-03-25T00:00:00Z,0.88377,0.88377,0.88377,0.88377,0
2011-03-24T00:00:00Z,0.86688,0.86688,0.86688,0.86688,0
2011-03-23T00:00:00Z,0.84971,0.84971,0.84971,0.84971,0
2011-03-22T00:00:00Z,0.80901,0.80901,0.80901,0.80901,0
2011-03-21T00:00:00Z,0.75897,0.75897,0.75897,0.75897,0
2011-03-20T00:00:00Z,0.74108,0.74108,0.74108,0.74108,0
2011-03-19T00:00:00Z,0.765,0.765,0.765,0.765,0
2011-03-18T00:00:00Z,0.81648,0.81648,0.81648,0.81648,0
2011-03-17T00:00:00Z,0.82542,0.82542,0.82542,0.82542,0
2011-03-16T00:00:00Z,0.86,0.86,0.86,0.86,0
2011-03-15T00:00:00Z,0.87,0.87,0.87,0.87,0
2011-03-14T00:00:00Z,0.8949,0.8949,0.8949,0.8949,0
2011-03-13T00:00:00Z,0.89249,0.89249,0.89249,0.89249,0
2011-03-12T00:00:00Z,0.918,0.918,0.918,0.918,0
2011-03-11T00:00:00Z,0.88,0.88,0.88,0.88,0
2011-03-10T00:00:00Z,0.9329,0.9329,0.9329,0.9329,0
2011-03-09T00:00:00Z,0.86449,0.86449,0.86449,0.86449,0
2011-03-08T00:00:00Z,0.86999,0.86999,0.86999,0.86999,0
2011-03-07T00:00:00Z,0.88502,0.88502,0.88502,0.88502,0
2011-03-06T00:00:00Z,0.8999,0.8999,0.8999,0.8999,0
2011-03-05T00:00:00Z,0.9103,0.9103,0.9103,0.9103,0
2011-03-04T00:00:00Z,0.901,0.901,0.901,0.901,0
2011-03-03T00:00:00Z,0.93909,0.93909,0.93909,0.93909,0
2011-03-02T00:00:00Z,0.9399,0.9399,0.9399,0.9399,0
2011-03-01T00:00:00Z,0.92021,0.92021,0.92021,0.92021,0
2011-02-28T00:00:00Z,0.86,0.86,0.86,0.86,0
2011-02-27T00:00:00Z,0.89,0.89,0.89,0.89,0
2011-02-26T00:00:00Z,0.958,0.958,0.958,0.958,0
2011-02-25T00:00:00Z,0.9111,0.9111,0.9111,0.9111,0
2011-02-24T00:00:00Z,0.99743,0.99743,0.99743,0.99743,0
2011-02-23T00:00:00Z,0.9,0.9,0.9,0.9,0
2011-02-22T00:00:00Z,0.87023,0.87023,0.87023,0.87023,0
2011-02-21T00:00:00Z,0.8345,0.8345,0.8345,0.8345,0
2011-02-20T00:00:00Z,0.85,0.85,0.85,0.85,0
2011-02-19T00:00:00Z,0.94898,0.94898,0.94898,0.94898,0
2011-02-18T00:00:00Z,0.8989,0.8989,0.8989,0.8989,0
2011-02-17T00:00:00Z,1.04,1.04,1.04,1.04,0
2011-02-16T00:00:00Z,1.045,1.045,1.045,1.045,0
2011-02-15T00:00:00Z,1.05,1.05,1.05,1.05,0
2011-02-14T00:00:00Z,1.07,1.07,1.07,1.07,0
2011-02-13T00:00:00Z,1.05,1.05,1.05,1.05,0
2011-02-12T00:00:00Z,1.0799,1.0799,1.0799,1.0799,0
2011-02-11T00:00:00Z,1.07001,1.07001,1.07001,1.07001,0
2011-02-10T00:00:00Z,0.98031,0.98031,0.98031,0.98031,0
2011-02-09T00:00:00Z,1.09,1.09,1.09,1.09,0
2011-02-08T00:00:00Z,0.918,0.918,0.918,0.918,0
2011-02-07T00:00:00Z,0.89,0.89,0.89,0.89,0
2011-02-06T00:00:00Z,0.89968,0.89968,0.89968,0.89968,0
2011-02-05T00:00:00Z,0.92,0.92,0.92,0.92,0
2011-02-04T00:00:00Z,0.811,0.811,0.811,0.811,0
2011-02-03T00:00:00Z,0.69,0.69,0.69,0.69,0
2011-02-02T00:00:00Z,0.716,0.716,0.716,0.716,0
2011-02-01T00:00:00Z,0.7,0.7,0.7,0.7,0
2011-01-31T00:00:00Z,0.52001,0.52001,0.52001,0.52001,0
2011-01-30T00:00:00Z,0.4799,0.4799,0.4799,0.4799,0
2011-01-29T00:00:00Z,0.439,0.439,0.439,0.439,0
2011-01-28T00:00:00Z,0.446,0.446,0.446,0.446,0
2011-01-27T00:00:00Z,0.4212,0.4212,0.4212,0.4212,0
2011-01-26T00:00:00Z,0.417,0.417,0.417,0.417,0
2011-01-25T00:00:00Z,0.41,0.41,0.41,0.41,0
2011-01-24T00:00:00Z,0.4199,0.4199,0.4199,0.4199,0
2011-01-23T00:00:00Z,0.4424,0.4424,0.4424,0.4424,0
2011-01-22T00:00:00Z,0.4443,0.4443,0.4443,0.4443,0
2011-01-21T00:00:00Z,0.41991,0.41991,0.41991,0.41991,0
2011-01-20T00:00:00Z,0.39,0.39,0.39,0.39,0
2011-01-19T00:00:00Z,0.31299,0.31299,0.31299,0.31299,0
2011-01-18T00:00:00Z,0.31299,0.31299,0.31299,0.31299,0
2011-01-17T00:00:00Z,0.3495,0.3495,0.3495,0.3495,0
2011-01-16T00:00:00Z,0.38679,0.38679,0.38679,0.38679,0
2011-01-15T00:00:00Z,0.386,0.386,0.386,0.386,0
2011-01-14T00:00:00Z,0.4,0.4,0.4,0.4,0
2011-01-13T00:00:00Z,0.3176,0.3176,0.3176,0.3176,0
2011-01-12T00:00:00Z,0.3188,0.3188,0.3188,0.3188,0
2011-01-11T00:00:00Z,0.32659,0.32659,0.32659,0.32659,0
2011-01-10T00:00:00Z,0.32659,0.32659,0.32659,0.32659,0
2011-01-09T00:00:00Z,0.323,0.323,0.323,0.323,0
2011-01-08T00:00:00Z,0.3229,0.3229,0.3229,0.3229,0
2011-01-07T00:00:00Z,0.32,0.32,0.32,0.32,0
2011-01-06T00:00:00Z,0.298,0.298,0.298,0.298,0
2011-01-05T00:00:00Z,0.299,0.299,0.299,0.299,0
2011-01-04T00:00:00Z,0.29895,0.29895,0.29895,0.29895,0
2011-01-03T00:00:00Z,0.295,0.295,0.295,0.295,0
2011-01-02T00:00:00Z,0.29997,0.29997,0.29997,0.29997,0
2011-01-01T00:00:00Z,0.3,0.3,0.3,0.3,0
2010-12-31T00:00:00Z,0.3,0.3,0.3,0.3,0
2010-12-30T00:00:00Z,0.3,0.3,0.3,0.3,0
2010-12-29T00:00:00Z,0.3,0.3,0.3,0.3,0
2010-12-28T00:00:00Z,0.281,0.281,0.281,0.281,0
2010-12-27T00:00:00Z,0.265,0.265,0.265,0.265,0
2010-12-26T00:00:00Z,0.265,0.265,0.265,0.265,0
2010-12-25T00:00:00Z,0.2499,0.2499,0.2499,0.2499,0
2010-12-24T00:00:00Z,0.248,0.248,0.248,0.248,0
2010-12-23T00:00:00Z,0.25,0.25,0.25,0.25,0
2010-12-22T00:00:00Z,0.25,0.25,0.25,0.25,0
2010-12-21T00:00:00Z,0.24,0.24,0.24,0.24,0
2010-12-20T00:00:00Z,0.267,0.267,0.267,0.267,0
2010-12-19T00:00:00Z,0.2401,0.2401,0.2401,0.2401,0
2010-12-18T00:00:00Z,0.241,0.241,0.241,0.241,0
2010-12-17T00:00:00Z,0.24,0.24,0.24,0.24,0
2010-12-16T00:00:00Z,0.24996,0.24996,0.24996,0.24996,0
2010-12-15T00:00:00Z,0.23801,0.23801,0.23801,0.23801,0
2010-12-14T00:00:00Z,0.24669,0.24669,0.24669,0.24669,0
2010-12-13T00:00:00Z,0.2299,0.2299,0.2299,0.2299,0
2010-12-12T00:00:00Z,0.22,0.22,0.22,0.22,0
2010-12-11T00:00:00Z,0.228,0.228,0.228,0.228,0
2010-12-10T00:00:00Z,0.204,0.204,0.204,0.204,0
2010-12-09T00:00:00Z,0.2,0.2,0.2,0.2,0
2010-12-08T00:00:00Z,0.2388,0.2388,0.2388,0.2388,0
2010-12-07T00:00:00Z,0.233,0.233,0.233,0.233,0
2010-12-06T00:00:00Z,0.204,0.204,0.204,0.204,0
2010-12-05T00:00:00Z,0.19,0.19,0.19,0.19,0
2010-12-04T00:00:00Z,0.205,0.205,0.205,0.205,0
2010-12-03T00:00:00Z,0.25105,0.25105,0.25105,0.25105,0
2010-12-02T00:00:00Z,0.255,0.255,0.255,0.255,0
2010-12-01T00:00:00Z,0.2275,0.2275,0.2275,0.2275,0
2010-11-30T00:00:00Z,0.2082,0.2082,0.2082,0.2082,0
2010-11-29T00:00:00Z,0.2299,0.2299,0.2299,0.2299,0
2010-11-28T00:00:00Z,0.27,0.27,0.27,0.27,0
2010-11-27T00:00:00Z,0.283,0.283,0.283,0.283,0
2010-11-26T00:00:00Z,0.2844,0.2844,0.2844,0.2844,0
2010-11-25T00:00:00Z,0.28,0.28,0.28,0.28,0
2010-11-24T00:00:00Z,0.28299,0.28299,0.28299,0.28299,0
2010-11-23T00:00:00Z,0.28295,0.28295,0.28295,0.28295,0
2010-11-22T00:00:00Z,0.2879,0.2879,0.2879,0.2879,0
2010-11-21T00:00:00Z,0.27675,0.27675,0.27675,0.27675,0
2010-11-20T00:00:00Z,0.28301,0.28301,0.28301,0.28301,0
2010-11-19T00:00:00Z,0.28,0.28,0.28,0.28,0
2010-11-18T00:00:00Z,0.2678,0.2678,0.2678,0.2678,0
2010-11-17T00:00:00Z,0.2299,0.2299,0.2299,0.2299,0
2010-11-16T00:00:00Z,0.223,0.223,0.223,0.223,0
2010-11-15T00:00:00Z,0.2682,0.2682,0.2682,0.2682,0
2010-11-14T00:00:00Z,0.27904,0.27904,0.27904,0.27904,0
2010-11-13T00:00:00Z,0.276,0.276,0.276,0.276,0
2010-11-12T00:00:00Z,0.2682,0.2682,0.2682,0.2682,0
2010-11-11T00:00:00Z,0.2231,0.2231,0.2231,0.2231,0
2010-11-10T00:00:00Z,0.24,0.24,0.24,0.24,0
2010-11-09T00:00:00Z,0.21,0.21,0.21,0.21,0
2010-11-08T00:00:00Z,0.243,0.243,0.243,0.243,0
2010-11-07T00:00:00Z,0.34,0.34,0.34,0.34,0
2010-11-06T00:00:00Z,0.39,0.39,0.39,0.39,0
2010-11-05T00:00:00Z,0.26,0.26,0.26,0.26,0
2010-11-04T00:00:00Z,0.23,0.23,0.23,0.23,0
2010-11-03T00:00:00Z,0.1931,0.1931,0.1931,0.1931,0
2010-11-02T00:00:00Z,0.1938,0.1938,0.1938,0.1938,0
2010-11-01T00:00:00Z,0.1955,0.1955,0.1955,0.1955,0
2010-10-31T00:00:00Z,0.1925,0.1925,0.1925,0.1925,0
2010-10-30T00:00:00Z,0.1989,0.1989,0.1989,0.1989,0
2010-10-29T00:00:00Z,0.19,0.19,0.19,0.19,0
2010-10-28T00:00:00Z,0.1731,0.1731,0.1731,0.1731,0
2010-10-27T00:00:00Z,0.1877,0.1877,0.1877,0.1877,0
2010-10-26T00:00:00Z,0.1503,0.1503,0.1503,0.1503,0
2010-10-25T00:00:00Z,0.132,0.132,0.132,0.132,0
2010-10-24T00:00:00Z,0.11501,0.11501,0.11501,0.11501,0
2010-10-23T00:00:00Z,0.1055,0.1055,0.1055,0.1055,0
2010-10-22T00:00:00Z,0.1025,0.1025,0.1025,0.1025,0
2010-10-21T00:00:00Z,0.107,0.107,0.107,0.107,0
2010-10-20T00:00:00Z,0.099,0.099,0.099,0.099,0
2010-10-19T00:00:00Z,0.097,0.097,0.097,0.097,0
2010-10-18T00:00:00Z,0.1024,0.1024,0.1024,0.1024,0
2010-10-17T00:00:00Z,0.102,0.102,0.102,0.102,0
2010-10-16T00:00:00Z,0.101,0.101,0.101,0.101,0
2010-10-15T00:00:00Z,0.105,0.105,0.105,0.105,0
2010-10-14T00:00:00Z,0.102,0.102,0.102,0.102,0
2010-10-13T00:00:00Z,0.105,0.105,0.105,0.105,0
2010-10-12T00:00:00Z,0.0949,0.0949,0.0949,0.0949,0
2010-10-11T00:00:00Z,0.095,0.095,0.095,0.095,0
2010-10-10T00:00:00Z,0.0965,0.0965,0.0965,0.0965,0
2010-10-09T00:00:00Z,0.0938,0.0938,0.0938,0.0938,0
2010-10-08T00:00:00Z,0.08685,0.08685,0.08685,0.08685,0
2010-10-07T00:00:00Z,0.067,0.067,0.067,0.067,0
2010-10-06T00:00:00Z,0.06281,0.06281,0.06281,0.06281,0
2010-10-05T00:00:00Z,0.0614,0.0614,0.0614,0.0614,0
2010-10-04T00:00:00Z,0.0613,0.0613,0.0613,0.0613,0
2010-10-03T00:00:00Z,0.06111,0.06111,0.06111,0.06111,0
2010-10-02T00:00:00Z,0.0614,0.0614,0.0614,0.0614,0
2010-10-01T00:00:00Z,0.06197,0.06197,0.06197,0.06197,0
2010-09-30T00:00:00Z,0.0619,0.0619,0.0619,0.0619,0
2010-09-29T00:00:00Z,0.06191,0.06191,0.06191,0.06191,0
2010-09-28T00:00:00Z,0.0619,0.0619,0.0619,0.0619,0
2010-09-27T00:00:00Z,0.0622,0.0622,0.0622,0.0622,0
2010-09-26T00:00:00Z,0.062,0.062,0.062,0.062,0
2010-09-25T00:00:00Z,0.06202,0.06202,0.06202,0.06202,0
2010-09-24T00:00:00Z,0.0622,0.0622,0.0622,0.0622,0
2010-09-23T00:00:00Z,0.06231,0.06231,0.06231,0.06231,0
2010-09-22T00:00:00Z,0.0622,0.0622,0.0622,0.0622,0
2010-09-21T00:00:00Z,0.06265,0.06265,0.06265,0.06265,0
2010-09-20T00:00:00Z,0.0621,0.0621,0.0621,0.0621,0
2010-09-19T00:00:00Z,0.0627,0.0627,0.0627,0.0627,0
2010-09-18T00:00:00Z,0.061,0.061,0.061,0.061,0
2010-09-17T00:00:00Z,0.059,0.059,0.059,0.059,0
2010-09-16T00:00:00Z,0.0619,0.0619,0.0619,0.0619,0
2010-09-15T00:00:00Z,0.0604,0.0604,0.0604,0.0604,0
2010-09-14T00:00:00Z,0.06199,0.06199,0.06199,0.06199,0
2010-09-13T00:00:00Z,0.06219,0.06219,0.06219,0.06219,0
2010-09-12T00:00:00Z,0.0615,0.0615,0.0615,0.0615,0
2010-09-11T00:00:00Z,0.06366,0.06366,0.06366,0.06366,0
2010-09-10T00:00:00Z,0.0618,0.0618,0.0618,0.0618,0
2010-09-09T00:00:00Z,0.06111,0.06111,0.06111,0.06111,0
2010-09-08T00:00:00Z,0.062,0.062,0.062,0.062,0
2010-09-07T00:00:00Z,0.061,0.061,0.061,0.061,0
2010-09-06T00:00:00Z,0.0616,0.0616,0.0616,0.0616,0
2010-09-05T00:00:00Z,0.0616,0.0616,0.0616,0.0616,0
2010-09-04T00:00:00Z,0.06238,0.06238,0.06238,0.06238,0
2010-09-03T00:00:00Z,0.06085,0.06085,0.06085,0.06085,0
2010-09-02T00:00:00Z,0.0634,0.0634,0.0634,0.0634,0
2010-09-01T00:00:00Z,0.0629,0.0629,0.0629,0.0629,0
2010-08-31T00:00:00Z,0.06,0.06,0.06,0.06,0
2010-08-30T00:00:00Z,0.06497,0.06497,0.06497,0.06497,0
2010-08-29T00:00:00Z,0.064,0.064,0.064,0.064,0
2010-08-28T00:00:00Z,0.0641,0.0641,0.0641,0.0641,0
2010-08-27T00:00:00Z,0.065,0.065,0.065,0.065,0
2010-08-26T00:00:00Z,0.064,0.064,0.064,0.064,0
2010-08-25T00:00:00Z,0.0648,0.0648,0.0648,0.0648,0
2010-08-24T00:00:00Z,0.065,0.065,0.065,0.065,0
2010-08-23T00:00:00Z,0.06491,0.06491,0.06491,0.06491,0
2010-08-22T00:00:00Z,0.066,0.066,0.066,0.066,0
2010-08-21T00:00:00Z,0.0664,0.0664,0.0664,0.0664,0
2010-08-20T00:00:00Z,0.0655,0.0655,0.0655,0.0655,0
2010-08-19T00:00:00Z,0.0667,0.0667,0.0667,0.0667,0
2010-08-18T00:00:00Z,0.068,0.068,0.068,0.068,0
2010-08-17T00:00:00Z,0.07,0.07,0.07,0.07,0
2010-08-16T00:00:00Z,0.0655,0.0655,0.0655,0.0655,0
2010-08-15T00:00:00Z,0.06529,0.06529,0.06529,0.06529,0
2010-08-14T00:00:00Z,0.067,0.067,0.067,0.067,0
2010-08-13T00:00:00Z,0.0645,0.0645,0.0645,0.0645,0
2010-08-12T00:00:00Z,0.07,0.07,0.07,0.07,0
2010-08-11T00:00:00Z,0.067,0.067,0.067,0.067,0
2010-08-10T00:00:00Z,0.07,0.07,0.07,0.07,0
2010-08-09T00:00:00Z,0.071,0.071,0.071,0.071,0
2010-08-08T00:00:00Z,0.0609,0.0609,0.0609,0.0609,0
2010-08-07T00:00:00Z,0.059,0.059,0.059,0.059,0
2010-08-06T00:00:00Z,0.0623,0.0623,0.0623,0.0623,0
2010-08-05T00:00:00Z,0.061,0.061,0.061,0.061,0
2010-08-04T00:00:00Z,0.057,0.057,0.057,0.057,0
2010-08-03T00:00:00Z,0.06,0.06,0.06,0.06,0
2010-08-02T00:00:00Z,0.06,0.06,0.06,0.06,0
2010-08-01T00:00:00Z,0.0611,0.0611,0.0611,0.0611,0
2010-07-31T00:00:00Z,0.06785,0.06785,0.06785,0.06785,0
2010-07-30T00:00:00Z,0.0627,0.0627,0.0627,0.0627,0
2010-07-29T00:00:00Z,0.0699,0.0699,0.0699,0.0699,0
2010-07-28T00:00:00Z,0.0589,0.0589,0.0589,0.0589,0
2010-07-27T00:00:00Z,0.06,0.06,0.06,0.06,0
2010-07-26T00:00:00Z,0.056,0.056,0.056,0.056,0
2010-07-25T00:00:00Z,0.0505,0.0505,0.0505,0.0505,0
2010-07-24T00:00:00Z,0.05454,0.05454,0.05454,0.05454,0
2010-07-23T00:00:00Z,0.06262,0.06262,0.06262,0.06262,0
2010-07-22T00:00:00Z,0.0505,0.0505,0.0505,0.0505,0
2010-07-21T00:00:00Z,0.07921,0.07921,0.07921,0.07921,0
2010-07-20T00:00:00Z,0.07474,0.07474,0.07474,0.07474,0
2010-07-19T00:00:00Z,0.0808,0.0808,0.0808,0.0808,0
2010-07-18T00:00:00Z,0.08584,0.08584,0.08584,0.08584,0
2010-07-17T00:00:00Z,0.04951,0.04951,0.04951,0.04951,0
2010-07-16T00:00:00Z,0.00071822,0.00071822,0.00071822,0.00071822,0
2010-07-15T00:00:00Z,0.00071822,0.00071822,0.00071822,0.00071822,0
2010-07-14T00:00:00Z,0.00071822,0.00071822,0.00071822,0.00071822,0
2010-07-13T00:00:00Z,0.00071822,0.00071822,0.00071822,0.00071822,0
2010-07-12T00:00:00Z,0.00071822,0.00071822,0.00071822,0.00071822,0
2010-07-11T00:00:00Z,0.00071822,0.00071822,0.00071822,0.00071822,0
2010-07-10T00:00:00Z,0.00071822,0.00071822,0.00071822,0.00071822,0
2010-07-09T00:00:00Z,0.00071822,0.00071822,0.00071822,0.00071822,0
2010-07-08T00:00:00Z,0.00071822,0.00071822,0.00071822,0.00071822,0
2010-07-07T00:00:00Z,0.00071822,0.00071822,0.00071822,0.00071822,0
2010-07-06T00:00:00Z,0.00071822,0.00071822,0.00071822,0.00071822,0
2010-07-05T00:00:00Z,0.00071822,0.00071822,0.00071822,0.00071822,0
2010-07-04T00:00:00Z,0.00071822,0.00071822,0.00071822,0.00071822,0
2010-07-03T00:00:00Z,0.00071822,0.00071822,0.00071822,0.00071822,0
2010-07-02T00:00:00Z,0.00071822,0.00071822,0.00071822,0.00071822,0
2010-07-01T00:00:00Z,0.00071822,0.00071822,0.00071822,0.00071822,0
2010-06-30T00:00:00Z,0.00071822,0.00071822,0.00071822,0.00071822,0
2010-06-29T00:00:00Z,0.00071822,0.00071822,0.00071822,0.00071822,0
2010-06-28T00:00:00Z,0.00071822,0.00071822,0.00071822,0.00071822,0
2010-06-27T00:00:00Z,0.00071822,0.00071822,0.00071822,0.00071822,0
2010-06-26T00:00:00Z,0.00071822,0.00071822,0.00071822,0.00071822,0
2010-06-25T00:00:00Z,0.00071822,0.00071822,0.00071822,0.00071822,0
2010-06-24T00:00:00Z,0.00071822,0.00071822,0.00071822,0.00071822,0
2010-06-23T00:00:00Z,0.00071822,0.00071822,0.00071822,0.00071822,0
2010-06-22T00:00:00Z,0.00071822,0.00071822,0.00071822,0.00071822,0
2010-06-21T00:00:00Z,0.00071822,0.00071822,0.00071822,0.00071822,0
2010-06-20T00:00:00Z,0.00071822,0.00071822,0.00071822,0.00071822,0
2010-06-19T00:00:00Z,0.00071822,0.00071822,0.00071822,0.00071822,0
2010-06-18T00:00:00Z,0.00071822,0.00071822,0.00071822,0.00071822,0
2010-06-17T00:00:00Z,0.00071822,0.00071822,0.00071822,0.00071822,0
2010-06-16T00:00:00Z,0.00071822,0.00071822,0.00071822,0.00071822,0
2010-06-15T00:00:00Z,0.00071822,0.00071822,0.00071822,0.00071822,0
2010-06-14T00:00:00Z,0.00071822,0.00071822,0.00071822,0.00071822,0
2010-06-13T00:00:00Z,0.00071822,0.00071822,0.00071822,0.00071822,0
2010-06-12T00:00:00Z,0.00071822,0.00071822,0.00071822,0.00071822,0
2010-06-11T00:00:00Z,0.00071822,0.00071822,0.00071822,0.00071822,0
2010-06-10T00:00:00Z,0.00071822,0.00071822,0.00071822,0.00071822,0
2010-06-09T00:00:00Z,0.00071822,0.00071822,0.00071822,0.00071822,0
2010-06-08T00:00:00Z,0.00071822,0.00071822,0.00071822,0.00071822,0
2010-06-07T00:00:00Z,0.00071822,0.00071822,0.00071822,0.00071822,0
2010-06-06T00:00:00Z,0.00071822,0.00071822,0.00071822,0.00071822,0
2010-06-05T00:00:00Z,0.00071822,0.00071822,0.00071822,0.00071822,0
2010-06-04T00:00:00Z,0.00071822,0.00071822,0.00071822,0.00071822,0
2010-06-03T00:00:00Z,0.00071822,0.00071822,0.00071822,0.00071822,0
2010-06-02T00:00:00Z,0.00071822,0.00071822,0.00071822,0.00071822,0
2010-06-01T00:00:00Z,0.00071822,0.00071822,0.00071822,0.00071822,0
2010-05-31T00:00:00Z,0.00071822,0.00071822,0.00071822,0.00071822,0
2010-05-30T00:00:00Z,0.00071822,0.00071822,0.00071822,0.00071822,0
2010-05-29T00:00:00Z,0.00071822,0.00071822,0.00071822,0.00071822,0
2010-05-28T00:00:00Z,0.00071822,0.00071822,0.00071822,0.00071822,0
2010-05-27T00:00:00Z,0.00071822,0.00071822,0.00071822,0.00071822,0
2010-05-26T00:00:00Z,0.00071822,0.00071822,0.00071822,0.00071822,0
2010-05-25T00:00:00Z,0.00071822,0.00071822,0.00071822,0.00071822,0
2010-05-24T00:00:00Z,0.00071822,0.00071822,0.00071822,0.00071822,0
2010-05-23T00:00:00Z,0.00071822,0.00071822,0.00071822,0.00071822,0
2010-05-22T00:00:00Z,0.00071822,0.00071822,0.00071822,0.00071822,0
2010-05-21T00:00:00Z,0.00071822,0.00071822,0.00071822,0.00071822,0
2010-05-20T00:00:00Z,0.00071822,0.00071822,0.00071822,0.00071822,0
2010-05-19T00:00:00Z,0.00071822,0.00071822,0.00071822,0.00071822,0
2010-05-18T00:00:00Z,0.00071822,0.00071822,0.00071822,0.00071822,0
2010-05-17T00:00:00Z,0.00071822,0.00071822,0.00071822,0.00071822,0
2010-05-16T00:00:00Z,0.00071822,0.00071822,0.00071822,0.00071822,0
2010-05-15T00:00:00Z,0.00071822,0.00071822,0.00071822,0.00071822,0
2010-05-14T00:00:00Z,0.00071822,0.00071822,0.00071822,0.00071822,0
2010-05-13T00:00:00Z,0.00071822,0.00071822,0.00071822,0.00071822,0
2010-05-12T00:00:00Z,0.00071822,0.00071822,0.00071822,0.00071822,0
2010-05-11T00:00:00Z,0.00071822,0.00071822,0.00071822,0.00071822,0
2010-05-10T00:00:00Z,0.00071822,0.00071822,0.00071822,0.00071822,0
2010-05-09T00:00:00Z,0.00071822,0.00071822,0.00071822,0.00071822,0
2010-05-08T00:00:00Z,0.00071822,0.00071822,0.00071822,0.00071822,0
2010-05-07T00:00:00Z,0.00071822,0.00071822,0.00071822,0.00071822,0
2010-05-06T00:00:00Z,0.00071822,0.00071822,0.00071822,0.00071822,0
2010-05-05T00:00:00Z,0.00071822,0.00071822,0.00071822,0.00071822,0
2010-05-04T00:00:00Z,0.00071822,0.00071822,0.00071822,0.00071822,0
2010-05-03T00:00:00Z,0.00071822,0.00071822,0.00071822,0.00071822,0
2010-05-02T00:00:00Z,0.00071822,0.00071822,0.00071822,0.00071822,0
2010-05-01T00:00:00Z,0.00071822,0.00071822,0.00071822,0.00071822,0
2010-04-30T00:00:00Z,0.00071822,0.00071822,0.00071822,0.00071822,0
2010-04-29T00:00:00Z,0.00071822,0.00071822,0.00071822,0.00071822,0
2010-04-28T00:00:00Z,0.00071822,0.00071822,0.00071822,0.00071822,0
2010-04-27T00:00:00Z,0.00071822,0.00071822,0.00071822,0.00071822,0
2010-04-26T00:00:00Z,0.00071822,0.00071822,0.00071822,0.00071822,0
2010-04-25T00:00:00Z,0.00071822,0.00071822,0.00071822,0.00071822,0
2010-04-24T00:00:00Z,0.00071822,0.00071822,0.00071822,0.00071822,0
2010-04-23T00:00:00Z,0.00071822,0.00071822,0.00071822,0.00071822,0
2010-04-22T00:00:00Z,0.00071822,0.00071822,0.00071822,0.00071822,0
2010-04-21T00:00:00Z,0.00071822,0.00071822,0.00071822,0.00071822,0
2010-04-20T00:00:00Z,0.00071822,0.00071822,0.00071822,0.00071822,0
2010-04-19T00:00:00Z,0.00071822,0.00071822,0.00071822,0.00071822,0
2010-04-18T00:00:00Z,0.00071822,0.00071822,0.00071822,0.00071822,0
2010-04-17T00:00:00Z,0.00071822,0.00071822,0.00071822,0.00071822,0
2010-04-16T00:00:00Z,0.00071822,0.00071822,0.00071822,0.00071822,0
2010-04-15T00:00:00Z,0.00071822,0.00071822,0.00071822,0.00071822,0
2010-04-14T00:00:00Z,0.00071822,0.00071822,0.00071822,0.00071822,0
2010-04-13T00:00:00Z,0.00071822,0.00071822,0.00071822,0.00071822,0
2010-04-12T00:00:00Z,0.00071822,0.00071822,0.00071822,0.00071822,0
2010-04-11T00:00:00Z,0.00071822,0.00071822,0.00071822,0.00071822,0
2010-04-10T00:00:00Z,0.00071822,0.00071822,0.00071822,0.00071822,0
2010-04-09T00:00:00Z,0.00071822,0.00071822,0.00071822,0.00071822,0
2010-04-08T00:00:00Z,0.00071822,0.00071822,0.00071822,0.00071822,0
2010-04-07T00:00:00Z,0.00071822,0.00071822,0.00071822,0.00071822,0
2010-04-06T00:00:00Z,0.00071822,0.00071822,0.00071822,0.00071822,0
2010-04-05T00:00:00Z,0.00071822,0.00071822,0.00071822,0.00071822,0
2010-04-04T00:00:00Z,0.00071822,0.00071822,0.00071822,0.00071822,0
2010-04-03T00:00:00Z,0.00071822,0.00071822,0.00071822,0.00071822,0
2010-04-02T00:00:00Z,0.00071822,0.00071822,0.00071822,0.00071822,0
2010-04-01T00:00:00Z,0.00071822,0.00071822,0.00071822,0.00071822,0
2010-03-31T00:00:00Z,0.00071822,0.00071822,0.00071822,0.00071822,0
2010-03-30T00:00:00Z,0.00071822,0.00071822,0.00071822,0.00071822,0
2010-03-29T00:00:00Z,0.00071822,0.00071822,0.00071822,0.00071822,0
2010-03-28T00:00:00Z,0.00071822,0.00071822,0.00071822,0.00071822,0
2010-03-27T00:00:00Z,0.00071822,0.00071822,0.00071822,0.00071822,0
2010-03-26T00:00:00Z,0.00071822,0.00071822,0.00071822,0.00071822,0
2010-03-25T00:00:00Z,0.00071822,0.00071822,0.00071822,0.00071822,0
2010-03-24T00:00:00Z,0.00071822,0.00071822,0.00071822,0.00071822,0
2010-03-23T00:00:00Z,0.00071822,0.00071822,0.00071822,0.00071822,0
2010-03-22T00:00:00Z,0.00071822,0.00071822,0.00071822,0.00071822,0
2010-03-21T00:00:00Z,0.00071822,0.00071822,0.00071822,0.00071822,0
2010-03-20T00:00:00Z,0.00071822,0.00071822,0.00071822,0.00071822,0
2010-03-19T00:00:00Z,0.00071822,0.00071822,0.00071822,0.00071822,0
2010-03-18T00:00:00Z,0.00071822,0.00071822,0.00071822,0.00071822,0
2010-03-17T00:00:00Z,0.00071822,0.00071822,0.00071822,0.00071822,0
2010-03-16T00:00:00Z,0.00071822,0.00071822,0.00071822,0.00071822,0
2010-03-15T00:00:00Z,0.00071822,0.00071822,0.00071822,0.00071822,0
2010-03-14T00:00:00Z,0.00071822,0.00071822,0.00071822,0.00071822,0
2010-03-13T00:00:00Z,0.00071822,0.00071822,0.00071822,0.00071822,0
2010-03-12T00:00:00Z,0.00071822,0.00071822,0.00071822,0.00071822,0
2010-03-11T00:00:00Z,0.00071822,0.00071822,0.00071822,0.00071822,0
2010-03-10T00:00:00Z,0.00071822,0.00071822,0.00071822,0.00071822,0
2010-03-09T00:00:00Z,0.00071822,0.00071822,0.00071822,0.00071822,0
2010-03-08T00:00:00Z,0.00071822,0.00071822,0.00071822,0.00071822,0
2010-03-07T00:00:00Z,0.00071822,0.00071822,0.00071822,0.00071822,0
2010-03-06T00:00:00Z,0.00071822,0.00071822,0.00071822,0.00071822,0
2010-03-05T00:00:00Z,0.00071822,0.00071822,0.00071822,0.00071822,0
2010-03-04T00:00:00Z,0.00071822,0.00071822,0.00071822,0.00071822,0
2010-03-03T00:00:00Z,0.00071822,0.00071822,0.00071822,0.00071822,0
2010-03-02T00:00:00Z,0.00071822,0.00071822,0.00071822,0.00071822,0
2010-03-01T00:00:00Z,0.00071822,0.00071822,0.00071822,0.00071822,0
2010-02-28T00:00:00Z,0.00071822,0.00071822,0.00071822,0.00071822,0
2010-02-27T00:00:00Z,0.00071822,0.00071822,0.00071822,0.00071822,0
2010-02-26T00:00:00Z,0.00071822,0.00071822,0.00071822,0.00071822,0
2010-02-25T00:00:00Z,0.00071822,0.00071822,0.00071822,0.00071822,0
2010-02-24T00:00:00Z,0.00071822,0.00071822,0.00071822,0.00071822,0
2010-02-23T00:00:00Z,0.00071822,0.00071822,0.00071822,0.00071822,0
2010-02-22T00:00:00Z,0.00071822,0.00071822,0.00071822,0.00071822,0
2010-02-21T00:00:00Z,0.00071822,0.00071822,0.00071822,0.00071822,0
2010-02-20T00:00:00Z,0.00071822,0.00071822,0.00071822,0.00071822,0
2010-02-19T00:00:00Z,0.00071822,0.00071822,0.00071822,0.00071822,0
2010-02-18T00:00:00Z,0.00071822,0.00071822,0.00071822,0.00071822,0
2010-02-17T00:00:00Z,0.00071822,0.00071822,0.00071822,0.00071822,0
2010-02-16T00:00:00Z,0.00071822,0.00071822,0.00071822,0.00071822,0
2010-02-15T00:00:00Z,0.00071822,0.00071822,0.00071822,0.00071822,0
2010-02-14T00:00:00Z,0.00071822,0.00071822,0.00071822,0.00071822,0
2010-02-13T00:00:00Z,0.00071822,0.00071822,0.00071822,0.00071822,0
2010-02-12T00:00:00Z,0.00071822,0.00071822,0.00071822,0.00071822,0
2010-02-11T00:00:00Z,0.00071822,0.00071822,0.00071822,0.00071822,0
2010-02-10T00:00:00Z,0.00071822,0.00071822,0.00071822,0.00071822,0
2010-02-09T00:00:00Z,0.00071822,0.00071822,0.00071822,0.00071822,0
2010-02-08T00:00:00Z,0.00071822,0.00071822,0.00071822,0.00071822,0
2010-02-07T00:00:00Z,0.00071822,0.00071822,0.00071822,0.00071822,0
2010-02-06T00:00:00Z,0.00071822,0.00071822,0.00071822,0.00071822,0
2010-02-05T00:00:00Z,0.00071822,0.00071822,0.00071822,0.00071822,0
2010-02-04T00:00:00Z,0.00071822,0.00071822,0.00071822,0.00071822,0
2010-02-03T00:00:00Z,0.00071822,0.00071822,0.00071822,0.00071822,0
2010-02-02T00:00:00Z,0.00071822,0.00071822,0.00071822,0.00071822,0
2010-02-01T00:00:00Z,0.00071822,0.00071822,0.00071822,0.00071822,0
2010-01-31T00:00:00Z,0.00071822,0.00071822,0.00071822,0.00071822,0
2010-01-30T00:00:00Z,0.00071822,0.00071822,0.00071822,0.00071822,0
2010-01-29T00:00:00Z,0.00071822,0.00071822,0.00071822,0.00071822,0
2010-01-28T00:00:00Z,0.00071822,0.00071822,0.00071822,0.00071822,0
2010-01-27T00:00:00Z,0.00071822,0.00071822,0.00071822,0.00071822,0
2010-01-26T00:00:00Z,0.00071822,0.00071822,0.00071822,0.00071822,0
2010-01-25T00:00:00Z,0.00071822,0.00071822,0.00071822,0.00071822,0
2010-01-24T00:00:00Z,0.00071822,0.00071822,0.00071822,0.00071822,0
2010-01-23T00:00:00Z,0.00071822,0.00071822,0.00071822,0.00071822,0
2010-01-22T00:00:00Z,0.00071822,0.00071822,0.00071822,0.00071822,0
2010-01-21T00:00:00Z,0.00071822,0.00071822,0.00071822,0.00071822,0
2010-01-20T00:00:00Z,0.00071822,0.00071822,0.00071822,0.00071822,0
2010-01-19T00:00:00Z,0.00071822,0.00071822,0.00071822,0.00071822,0
2010-01-18T00:00:00Z,0.00071822,0.00071822,0.00071822,0.00071822,0
2010-01-17T00:00:00Z,0.00071822,0.00071822,0.00071822,0.00071822,0
2010-01-16T00:00:00Z,0.00071822,0.00071822,0.00071822,0.00071822,0
2010-01-15T00:00:00Z,0.00071822,0.00071822,0.00071822,0.00071822,0
2010-01-14T00:00:00Z,0.00071822,0.00071822,0.00071822,0.00071822,0
2010-01-13T00:00:00Z,0.00071822,0.00071822,0.00071822,0.00071822,0
2010-01-12T00:00:00Z,0.00071822,0.00071822,0.00071822,0.00071822,0
2010-01-11T00:00:00Z,0.00071822,0.00071822,0.00071822,0.00071822,0
2010-01-10T00:00:00Z,0.00071822,0.00071822,0.00071822,0.00071822,0
2010-01-09T00:00:00Z,0.00071822,0.00071822,0.00071822,0.00071822,0
2010-01-08T00:00:00Z,0.00071822,0.00071822,0.00071822,0.00071822,0
2010-01-07T00:00:00Z,0.00071822,0.00071822,0.00071822,0.00071822,0
2010-01-06T00:00:00Z,0.00071822,0.00071822,0.00071822,0.00071822,0
2010-01-05T00:00:00Z,0.00071822,0.00071822,0.00071822,0.00071822,0
2010-01-04T00:00:00Z,0.00071822,0.00071822,0.00071822,0.00071822,0
2010-01-03T00:00:00Z,0.00071822,0.00071822,0.00071822,0.00071822,0
2010-01-02T00:00:00Z,0.00071822,0.00071822,0.00071822,0.00071822,0
2010-01-01T00:00:00Z,0.00071822,0.00071822,0.00071822,0.00071822,0
2009-12-31T00:00:00Z,0.00068879,0.00068879,0.00068879,0.00068879,0
2009-12-30T00:00:00Z,0.00064299,0.00064299,0.00064299,0.00064299,0
2009-12-29T00:00:00Z,0.0006334,0.0006334,0.0006334,0.0006334,0
2009-12-28T00:00:00Z,0.0006334,0.0006334,0.0006334,0.0006334,0
2009-12-27T00:00:00Z,0.0006334,0.0006334,0.0006334,0.0006334,0
2009-12-26T00:00:00Z,0.0006334,0.0006334,0.0006334,0.0006334,0
2009-12-25T00:00:00Z,0.0006334,0.0006334,0.0006334,0.0006334,0
2009-12-24T00:00:00Z,0.0006334,0.0006334,0.0006334,0.0006334,0
2009-12-23T00:00:00Z,0.0006334,0.0006334,0.0006334,0.0006334,0
2009-12-22T00:00:00Z,0.0006334,0.0006334,0.0006334,0.0006334,0
2009-12-21T00:00:00Z,0.0006271,0.0006271,0.0006271,0.0006271,0
2009-12-20T00:00:00Z,0.0006271,0.0006271,0.0006271,0.0006271,0
2009-12-19T00:00:00Z,0.00063024,0.00063024,0.00063024,0.00063024,0
2009-12-18T00:00:00Z,0.00061637,0.00061637,0.00061637,0.00061637,0
2009-12-17T00:00:00Z,0.00061337,0.00061337,0.00061337,0.00061337,0
2009-12-16T00:00:00Z,0.00062246,0.00062246,0.00062246,0.00062246,0
2009-12-15T00:00:00Z,0.00061487,0.00061487,0.00061487,0.00061487,0
2009-12-14T00:00:00Z,0.00061487,0.00061487,0.00061487,0.00061487,0
2009-12-13T00:00:00Z,0.00061788,0.00061788,0.00061788,0.00061788,0
2009-12-12T00:00:00Z,0.00063984,0.00063984,0.00063984,0.00063984,0
2009-12-11T00:00:00Z,0.00066516,0.00066516,0.00066516,0.00066516,0
2009-12-10T00:00:00Z,0.00067047,0.00067047,0.00067047,0.00067047,0
2009-12-09T00:00:00Z,0.00068691,0.00068691,0.00068691,0.00068691,0
2009-12-08T00:00:00Z,0.00070027,0.00070027,0.00070027,0.00070027,0
2009-12-07T00:00:00Z,0.00071822,0.00071822,0.00071822,0.00071822,0
2009-12-06T00:00:00Z,0.00073284,0.00073284,0.00073284,0.00073284,0
2009-12-05T00:00:00Z,0.00074806,0.00074806,0.00074806,0.00074806,0
2009-12-04T00:00:00Z,0.00074585,0.00074585,0.00074585,0.00074585,0
2009-12-03T00:00:00Z,0.00077093,0.00077093,0.00077093,0.00077093,0
2009-12-02T00:00:00Z,0.00079525,0.00079525,0.00079525,0.00079525,0
2009-12-01T00:00:00Z,0.0008106,0.0008106,0.0008106,0.0008106,0
2009-11-30T00:00:00Z,0.00082384,0.00082384,0.00082384,0.00082384,0
2009-11-29T00:00:00Z,0.00082926,0.00082926,0.00082926,0.00082926,0
2009-11-28T00:00:00Z,0.0008488,0.0008488,0.0008488,0.0008488,0
2009-11-27T00:00:00Z,0.00086039,0.00086039,0.00086039,0.00086039,0
2009-11-26T00:00:00Z,0.00089713,0.00089713,0.00089713,0.00089713,0
2009-11-25T00:00:00Z,0.00090034,0.00090034,0.00090034,0.00090034,0
2009-11-24T00:00:00Z,0.00092682,0.00092682,0.00092682,0.00092682,0
2009-11-23T00:00:00Z,0.00100038,0.00100038,0.00100038,0.00100038,0
2009-11-22T00:00:00Z,0.00105922,0.00105922,0.00105922,0.00105922,0
2009-11-21T00:00:00Z,0.00106369,0.00106369,0.00106369,0.00106369,0
2009-11-20T00:00:00Z,0.00107733,0.00107733,0.00107733,0.00107733,0
2009-11-19T00:00:00Z,0.00107274,0.00107274,0.00107274,0.00107274,0
2009-11-18T00:00:00Z,0.00110568,0.00110568,0.00110568,0.00110568,0
2009-11-17T00:00:00Z,0.00117801,0.00117801,0.00117801,0.00117801,0
2009-11-16T00:00:00Z,0.00118912,0.00118912,0.00118912,0.00118912,0
2009-11-15T00:00:00Z,0.00123576,0.00123576,0.00123576,0.00123576,0
2009-11-14T00:00:00Z,0.00128619,0.00128619,0.00128619,0.00128619,0
2009-11-13T00:00:00Z,0.00135534,0.00135534,0.00135534,0.00135534,0
2009-11-12T00:00:00Z,0.00134093,0.00134093,0.00134093,0.00134093,0
2009-11-11T00:00:00Z,0.00129946,0.00129946,0.00129946,0.00129946,0
2009-11-10T00:00:00Z,0.00123576,0.00123576,0.00123576,0.00123576,0
2009-11-09T00:00:00Z,0.00126048,0.00126048,0.00126048,0.00126048,0
2009-11-08T00:00:00Z,0.00126048,0.00126048,0.00126048,0.00126048,0
2009-11-07T00:00:00Z,0.00127967,0.00127967,0.00127967,0.00127967,0
2009-11-06T00:00:00Z,0.00128619,0.00128619,0.00128619,0.00128619,0
2009-11-05T00:00:00Z,0.00130618,0.00130618,0.00130618,0.00130618,0
2009-11-04T00:00:00Z,0.00130618,0.00130618,0.00130618,0.00130618,0
2009-11-03T00:00:00Z,0.0012732,0.0012732,0.0012732,0.0012732,0
2009-11-02T00:00:00Z,0.00125614,0.00125614,0.00125614,0.00125614,0
2009-11-01T00:00:00Z,0.00121911,0.00121911,0.00121911,0.00121911,0
2009-10-31T00:00:00Z,0.00124662,0.00124662,0.00124662,0.00124662,0
2009-10-30T00:00:00Z,0.00125563,0.00125563,0.00125563,0.00125563,0
2009-10-29T00:00:00Z,0.00126555,0.00126555,0.00126555,0.00126555,0
2009-10-28T00:00:00Z,0.00128455,0.00128455,0.00128455,0.00128455,0
2009-10-27T00:00:00Z,0.00126322,0.00126322,0.00126322,0.00126322,0
2009-10-26T00:00:00Z,0.00126622,0.00126622,0.00126622,0.00126622,0
2009-10-25T00:00:00Z,0.00128808,0.00128808,0.00128808,0.00128808,0
2009-10-24T00:00:00Z,0.0012732,0.0012732,0.0012732,0.0012732,0
2009-10-23T00:00:00Z,0.00125717,0.00125717,0.00125717,0.00125717,0
2009-10-22T00:00:00Z,0.00121981,0.00121981,0.00121981,0.00121981,0
2009-10-21T00:00:00Z,0.00121062,0.00121062,0.00121062,0.00121062,0
2009-10-20T00:00:00Z,0.00123349,0.00123349,0.00123349,0.00123349,0
2009-10-19T00:00:00Z,0.00124799,0.00124799,0.00124799,0.00124799,0
2009-10-18T00:00:00Z,0.00122546,0.00122546,0.00122546,0.00122546,0
2009-10-17T00:00:00Z,0.00124137,0.00124137,0.00124137,0.00124137,0
2009-10-16T00:00:00Z,0.00124491,0.00124491,0.00124491,0.00124491,0
2009-10-15T00:00:00Z,0.00117006,0.00117006,0.00117006,0.00117006,0
2009-10-14T00:00:00Z,0.00113556,0.00113556,0.00113556,0.00113556,0
2009-10-13T00:00:00Z,0.00112878,0.00112878,0.00112878,0.00112878,0
2009-10-12T00:00:00Z,0.00110205,0.00110205,0.00110205,0.00110205,0
2009-10-11T00:00:00Z,0.00115338,0.00115338,0.00115338,0.00115338,0
2009-10-10T00:00:00Z,0.00112042,0.00112042,0.00112042,0.00112042,0
2009-10-09T00:00:00Z,0.00120045,0.00120045,0.00120045,0.00120045,0
2009-10-08T00:00:00Z,0.00108428,0.00108428,0.00108428,0.00108428,0
2009-10-07T00:00:00Z,0.0010504,0.0010504,0.0010504,0.0010504,0
2009-10-06T00:00:00Z,0.00088454,0.00088454,0.00088454,0.00088454,0
2009-10-05T00:00:00Z,0.00076392,0.00076392,0.00076392,0.00076392,0
2009-10-04T00:00:00Z,,,,,0
2009-10-03T00:00:00Z,,,,,0
2009-10-02T00:00:00Z,,,,,0
2009-10-01T00:00:00Z,,,,,0
2009-09-30T00:00:00Z,,,,,0
2009-09-29T00:00:00Z,,,,,0
2009-09-28T00:00:00Z,,,,,0
2009-09-27T00:00:00Z,,,,,0
2009-09-26T00:00:00Z,,,,,0
2009-09-25T00:00:00Z,,,,,0
2009-09-24T00:00:00Z,,,,,0
2009-09-23T00:00:00Z,,,,,0
2009-09-22T00:00:00Z,,,,,0
2009-09-21T00:00:00Z,,,,,0
2009-09-20T00:00:00Z,,,,,0
2009-09-19T00:00:00Z,,,,,0
2009-09-18T00:00:00Z,,,,,0
2009-09-17T00:00:00Z,,,,,0
2009-09-16T00:00:00Z,,,,,0
2009-09-15T00:00:00Z,,,,,0
2009-09-14T00:00:00Z,,,,,0
2009-09-13T00:00:00Z,,,,,0
2009-09-12T00:00:00Z,,,,,0
2009-09-11T00:00:00Z,,,,,0
2009-09-10T00:00:00Z,,,,,0
2009-09-09T00:00:00Z,,,,,0
2009-09-08T00:00:00Z,,,,,0
2009-09-07T00:00:00Z,,,,,0
2009-09-06T00:00:00Z,,,,,0
2009-09-05T00:00:00Z,,,,,0
2009-09-04T00:00:00Z,,,,,0
2009-09-03T00:00:00Z,,,,,0
2009-09-02T00:00:00Z,,,,,0
2009-09-01T00:00:00Z,,,,,0
2009-08-31T00:00:00Z,,,,,0
2009-08-30T00:00:00Z,,,,,0
2009-08-29T00:00:00Z,,,,,0
2009-08-28T00:00:00Z,,,,,0
2009-08-27T00:00:00Z,,,,,0
2009-08-26T00:00:00Z,,,,,0
2009-08-25T00:00:00Z,,,,,0
2009-08-24T00:00:00Z,,,,,0
2009-08-23T00:00:00Z,,,,,0
2009-08-22T00:00:00Z,,,,,0
2009-08-21T00:00:00Z,,,,,0
2009-08-20T00:00:00Z,,,,,0
2009-08-19T00:00:00Z,,,,,0
2009-08-18T00:00:00Z,,,,,0
2009-08-17T00:00:00Z,,,,,0
2009-08-16T00:00:00Z,,,,,0
2009-08-15T00:00:00Z,,,,,0
2009-08-14T00:00:00Z,,,,,0
2009-08-13T00:00:00Z,,,,,0
2009-08-12T00:00:00Z,,,,,0
2009-08-11T00:00:00Z,,,,,0
2009-08-10T00:00:00Z,,,,,0
2009-08-09T00:00:00Z,,,,,0
2009-08-08T00:00:00Z,,,,,0
2009-08-07T00:00:00Z,,,,,0
2009-08-06T00:00:00Z,,,,,0
2009-08-05T00:00:00Z,,,,,0
2009-08-04T00:00:00Z,,,,,0
2009-08-03T00:00:00Z,,,,,0
2009-08-02T00:00:00Z,,,,,0
2009-08-01T00:00:00Z,,,,,0
2009-07-31T00:00:00Z,,,,,0
2009-07-30T00:00:00Z,,,,,0
2009-07-29T00:00:00Z,,,,,0
2009-07-28T00:00:00Z,,,,,0
2009-07-27T00:00:00Z,,,,,0
2009-07-26T00:00:00Z,,,,,0
2009-07-25T00:00:00Z,,,,,0
2009-07-24T00:00:00Z,,,,,0
2009-07-23T00:00:00Z,,,,,0
2009-07-22T00:00:00Z,,,,,0
2009-07-21T00:00:00Z,,,,,0
2009-07-20T00:00:00Z,,,,,0
2009-07-19T00:00:00Z,,,,,0
2009-07-18T00:00:00Z,,,,,0
2009-07-17T00:00:00Z,,,,,0
2009-07-16T00:00:00Z,,,,,0
2009-07-15T00:00:00Z,,,,,0
2009-07-14T00:00:00Z,,,,,0
2009-07-13T00:00:00Z,,,,,0
2009-07-12T00:00:00Z,,,,,0
2009-07-11T00:00:00Z,,,,,0
2009-07-10T00:00:00Z,,,,,0
2009-07-09T00:00:00Z,,,,,0
2009-07-08T00:00:00Z,,,,,0
2009-07-07T00:00:00Z,,,,,0
2009-07-06T00:00:00Z,,,,,0
2009-07-05T00:00:00Z,,,,,0
2009-07-04T00:00:00Z,,,,,0
2009-07-03T00:00:00Z,,,,,0
2009-07-02T00:00:00Z,,,,,0
2009-07-01T00:00:00Z,,,,,0
2009-06-30T00:00:00Z,,,,,0
2009-06-29T00:00:00Z,,,,,0
2009-06-28T00:00:00Z,,,,,0
2009-06-27T00:00:00Z,,,,,0
2009-06-26T00:00:00Z,,,,,0
2009-06-25T00:00:00Z,,,,,0
2009-06-24T00:00:00Z,,,,,0
2009-06-23T00:00:00Z,,,,,0
2009-06-22T00:00:00Z,,,,,0
2009-06-21T00:00:00Z,,,,,0
2009-06-20T00:00:00Z,,,,,0
2009-06-19T00:00:00Z,,,,,0
2009-06-18T00:00:00Z,,,,,0
2009-06-17T00:00:00Z,,,,,0
2009-06-16T00:00:00Z,,,,,0
2009-06-15T00:00:00Z,,,,,0
2009-06-14T00:00:00Z,,,,,0
2009-06-13T00:00:00Z,,,,,0
2009-06-12T00:00:00Z,,,,,0
2009-06-11T00:00:00Z,,,,,0
2009-06-10T00:00:00Z,,,,,0
2009-06-09T00:00:00Z,,,,,0
2009-06-08T00:00:00Z,,,,,0
2009-06-07T00:00:00Z,,,,,0
2009-06-06T00:00:00Z,,,,,0
2009-06-05T00:00:00Z,,,,,0
2009-06-04T00:00:00Z,,,,,0
2009-06-03T00:00:00Z,,,,,0
2009-06-02T00:00:00Z,,,,,0
2009-06-01T00:00:00Z,,,,,0
2009-05-31T00:00:00Z,,,,,0
2009-05-30T00:00:00Z,,,,,0
2009-05-29T00:00:00Z,,,,,0
2009-05-28T00:00:00Z,,,,,0
2009-05-27T00:00:00Z,,,,,0
2009-05-26T00:00:00Z,,,,,0
2009-05-25T00:00:00Z,,,,,0
2009-05-24T00:00:00Z,,,,,0
2009-05-23T00:00:00Z,,,,,0
2009-05-22T00:00:00Z,,,,,0
2009-05-21T00:00:00Z,,,,,0
2009-05-20T00:00:00Z,,,,,0
2009-05-19T00:00:00Z,,,,,0
2009-05-18T00:00:00Z,,,,,0
2009-05-17T00:00:00Z,,,,,0
2009-05-16T00:00:00Z,,,,,0
2009-05-15T00:00:00Z,,,,,0
2009-05-14T00:00:00Z,,,,,0
2009-05-13T00:00:00Z,,,,,0
2009-05-12T00:00:00Z,,,,,0
2009-05-11T00:00:00Z,,,,,0
2009-05-10T00:00:00Z,,,,,0
2009-05-09T00:00:00Z,,,,,0
2009-05-08T00:00:00Z,,,,,0
2009-05-07T00:00:00Z,,,,,0
2009-05-06T00:00:00Z,,,,,0
2009-05-05T00:00:00Z,,,,,0
2009-05-04T00:00:00Z,,,,,0
2009-05-03T00:00:00Z,,,,,0
2009-05-02T00:00:00Z,,,,,0
2009-05-01T00:00:00Z,,,,,0
2009-04-30T00:00:00Z,,,,,0
2009-04-29T00:00:00Z,,,,,0
2009-04-28T00:00:00Z,,,,,0
2009-04-27T00:00:00Z,,,,,0
2009-04-26T00:00:00Z,,,,,0
2009-04-25T00:00:00Z,,,,,0
2009-04-24T00:00:00Z,,,,,0
2009-04-23T00:00:00Z,,,,,0
2009-04-22T00:00:00Z,,,,,0
2009-04-21T00:00:00Z,,,,,0
2009-04-20T00:00:00Z,,,,,0
2009-04-19T00:00:00Z,,,,,0
2009-04-18T00:00:00Z,,,,,0
2009-04-17T00:00:00Z,,,,,0
2009-04-16T00:00:00Z,,,,,0
2009-04-15T00:00:00Z,,,,,0
2009-04-14T00:00:00Z,,,,,0
2009-04-13T00:00:00Z,,,,,0
2009-04-12T00:00:00Z,,,,,0
2009-04-11T00:00:00Z,,,,,0
2009-04-10T00:00:00Z,,,,,0
2009-04-09T00:00:00Z,,,,,0
2009-04-08T00:00:00Z,,,,,0
2009-04-07T00:00:00Z,,,,,0
2009-04-06T00:00:00Z,,,,,0
2009-04-05T00:00:00Z,,,,,0
2009-04-04T00:00:00Z,,,,,0
2009-04-03T00:00:00Z,,,,,0
2009-04-02T00:00:00Z,,,,,0
2009-04-01T00:00:00Z,,,,,0
2009-03-31T00:00:00Z,,,,,0
2009-03-30T00:00:00Z,,,,,0
2009-03-29T00:00:00Z,,,,,0
2009-03-28T00:00:00Z,,,,,0
2009-03-27T00:00:00Z,,,,,0
2009-03-26T00:00:00Z,,,,,0
2009-03-25T00:00:00Z,,,,,0
2009-03-24T00:00:00Z,,,,,0
2009-03-23T00:00:00Z,,,,,0
2009-03-22T00:00:00Z,,,,,0
2009-03-21T00:00:00Z,,,,,0
2009-03-20T00:00:00Z,,,,,0
2009-03-19T00:00:00Z,,,,,0
2009-03-18T00:00:00Z,,,,,0
2009-03-17T00:00:00Z,,,,,0
2009-03-16T00:00:00Z,,,,,0
2009-03-15T00:00:00Z,,,,,0
2009-03-14T00:00:00Z,,,,,0
2009-03-13T00:00:00Z,,,,,0
2009-03-12T00:00:00Z,,,,,0
2009-03-11T00:00:00Z,,,,,0
2009-03-10T00:00:00Z,,,,,0
2009-03-09T00:00:00Z,,,,,0
2009-03-08T00:00:00Z,,,,,0
2009-03-07T00:00:00Z,,,,,0
2009-03-06T00:00:00Z,,,,,0
2009-03-05T00:00:00Z,,,,,0
2009-03-04T00:00:00Z,,,,,0
2009-03-03T00:00:00Z,,,,,0
2009-03-02T00:00:00Z,,,,,0
2009-03-01T00:00:00Z,,,,,0
2009-02-28T00:00:00Z,,,,,0
2009-02-27T00:00:00Z,,,,,0
2009-02-26T00:00:00Z,,,,,0
2009-02-25T00:00:00Z,,,,,0
2009-02-24T00:00:00Z,,,,,0
2009-02-23T00:00:00Z,,,,,0
2009-02-22T00:00:00Z,,,,,0
2009-02-21T00:00:00Z,,,,,0
2009-02-20T00:00:00Z,,,,,0
2009-02-19T00:00:00Z,,,,,0
2009-02-18T00:00:00Z,,,,,0
2009-02-17T00:00:00Z,,,,,0
2009-02-16T00:00:00Z,,,,,0
2009-02-15T00:00:00Z,,,,,0
2009-02-14T00:00:00Z,,,,,0
2009-02-13T00:00:00Z,,,,,0
2009-02-12T00:00:00Z,,,,,0
2009-02-11T00:00:00Z,,,,,0
2009-02-10T00:00:00Z,,,,,0
2009-02-09T00:00:00Z,,,,,0
2009-02-08T00:00:00Z,,,,,0
2009-02-07T00:00:00Z,,,,,0
2009-02-06T00:00:00Z,,,,,0
2009-02-05T00:00:00Z,,,,,0
2009-02-04T00:00:00Z,,,,,0
2009-02-03T00:00:00Z,,,,,0
2009-02-02T00:00:00Z,,,,,0
2009-02-01T00:00:00Z,,,,,0
2009-01-31T00:00:00Z,,,,,0
2009-01-30T00:00:00Z,,,,,0
2009-01-29T00:00:00Z,,,,,0
2009-01-28T00:00:00Z,,,,,0
2009-01-27T00:00:00Z,,,,,0
2009-01-26T00:00:00Z,,,,,0
2009-01-25T00:00:00Z,,,,,0
2009-01-24T00:00:00Z,,,,,0
2009-01-23T00:00:00Z,,,,,0
2009-01-22T00:00:00Z,,,,,0
2009-01-21T00:00:00Z,,,,,0
2009-01-20T00:00:00Z,,,,,0
2009-01-19T00:00:00Z,,,,,0
2009-01-18T00:00:00Z,,,,,0
2009-01-17T00:00:00Z,,,,,0
2009-01-16T00:00:00Z,,,,,0
2009-01-15T00:00:00Z,,,,,0
2009-01-14T00:00:00Z,,,,,0
2009-01-13T00:00:00Z,,,,,0
2009-01-12T00:00:00Z,,,,,0
2009-01-11T00:00:00Z,,,,,0
2009-01-10T00:00:00Z,,,,,0
2009-01-09T00:00:00Z,,,,,0
2009-01-08T00:00:00Z,,,,,0
2009-01-07T00:00:00Z,,,,,0
2009-01-06T00:00:00Z,,,,,0
2009-01-05T00:00:00Z,,,,,0
2009-01-04T00:00:00Z,,,,,0
2009-01-03T00:00:00Z,,,,,0
