Date,CPI YOY Index,GDP CQOQ Index,M2% YOY Index,USURTOT Index
2025-05-31,2.4,-0.2,4.4,4.2
2025-05-30,2.396774193548387,-0.2,4.4,4.2
2025-05-29,2.393548387096774,-0.2,4.4,4.2
2025-05-28,2.390322580645161,-0.2,4.4,4.2
2025-05-27,2.3870967741935485,-0.2,4.4,4.2
2025-05-26,2.3838709677419354,-0.2,4.4,4.2
2025-05-25,2.3806451612903223,-0.2,4.4,4.2
2025-05-24,2.3774193548387097,-0.2,4.4,4.2
2025-05-23,2.3741935483870966,-0.2,4.4,4.2
2025-05-22,2.3709677419354835,-0.2,4.4,4.2
2025-05-21,2.367741935483871,-0.2,4.4,4.2
2025-05-20,2.364516129032258,-0.2,4.4,4.2
2025-05-19,2.361290322580645,-0.2,4.4,4.2
2025-05-18,2.358064516129032,-0.2,4.4,4.2
2025-05-17,2.354838709677419,-0.2,4.4,4.2
2025-05-16,2.3516129032258064,-0.2,4.4,4.2
2025-05-15,2.3483870967741933,-0.2,4.4,4.2
2025-05-14,2.3451612903225807,-0.2,4.4,4.2
2025-05-13,2.3419354838709676,-0.2,4.4,4.2
2025-05-12,2.3387096774193545,-0.2,4.4,4.2
2025-05-11,2.335483870967742,-0.2,4.4,4.2
2025-05-10,2.332258064516129,-0.2,4.4,4.2
2025-05-09,2.329032258064516,-0.2,4.4,4.2
2025-05-08,2.325806451612903,-0.2,4.4,4.2
2025-05-07,2.32258064516129,-0.2,4.4,4.2
2025-05-06,2.3193548387096774,-0.2,4.4,4.2
2025-05-05,2.3161290322580643,-0.2,4.4,4.2
2025-05-04,2.3129032258064512,-0.2,4.4,4.2
2025-05-03,2.3096774193548386,-0.2,4.4,4.2
2025-05-02,2.3064516129032255,-0.2,4.4,4.2
2025-05-01,2.303225806451613,-0.2,4.4,4.2
2025-04-30,2.3,-0.2,4.4,4.2
2025-04-29,2.3033333333333332,-0.2,4.383333333333334,4.2
2025-04-28,2.3066666666666666,-0.2,4.366666666666667,4.2
2025-04-27,2.31,-0.2,4.3500000000000005,4.2
2025-04-26,2.313333333333333,-0.2,4.333333333333334,4.2
2025-04-25,2.3166666666666664,-0.2,4.316666666666667,4.2
2025-04-24,2.32,-0.2,4.3,4.2
2025-04-23,2.3233333333333333,-0.2,4.283333333333333,4.2
2025-04-22,2.3266666666666667,-0.2,4.266666666666667,4.2
2025-04-21,2.33,-0.2,4.25,4.2
2025-04-20,2.333333333333333,-0.2,4.233333333333333,4.2
2025-04-19,2.3366666666666664,-0.2,4.216666666666667,4.2
2025-04-18,2.34,-0.2,4.2,4.2
2025-04-17,2.3433333333333333,-0.2,4.183333333333334,4.2
2025-04-16,2.3466666666666667,-0.2,4.166666666666667,4.2
2025-04-15,2.35,-0.2,4.15,4.2
2025-04-14,2.353333333333333,-0.2,4.133333333333334,4.2
2025-04-13,2.3566666666666665,-0.2,4.116666666666667,4.2
2025-04-12,2.36,-0.2,4.1,4.2
2025-04-11,2.3633333333333333,-0.2,4.083333333333333,4.2
2025-04-10,2.3666666666666667,-0.2,4.066666666666666,4.2
2025-04-09,2.37,-0.2,4.05,4.2
2025-04-08,2.373333333333333,-0.2,4.033333333333333,4.2
2025-04-07,2.3766666666666665,-0.2,4.016666666666667,4.2
2025-04-06,2.38,-0.2,4.0,4.2
2025-04-05,2.3833333333333333,-0.2,3.9833333333333334,4.2
2025-04-04,2.3866666666666667,-0.2,3.966666666666667,4.2
2025-04-03,2.39,-0.2,3.9499999999999997,4.2
2025-04-02,2.393333333333333,-0.2,3.933333333333333,4.2
2025-04-01,2.3966666666666665,-0.2,3.9166666666666665,4.2
2025-03-31,2.4,-0.2,3.9,4.2
2025-03-30,2.4129032258064513,-0.11612903225806478,3.890322580645161,4.1967741935483875
2025-03-29,2.425806451612903,-0.032258064516129295,3.8806451612903223,4.193548387096774
2025-03-28,2.4387096774193546,0.051612903225806195,3.870967741935484,4.190322580645161
2025-03-27,2.4516129032258065,0.13548387096774167,3.861290322580645,4.187096774193549
2025-03-26,2.464516129032258,0.21935483870967717,3.8516129032258064,4.183870967741935
2025-03-25,2.47741935483871,0.3032258064516127,3.8419354838709676,4.180645161290323
2025-03-24,2.490322580645161,0.38709677419354815,3.832258064516129,4.17741935483871
2025-03-23,2.5032258064516126,0.47096774193548363,3.8225806451612905,4.174193548387096
2025-03-22,2.5161290322580645,0.5548387096774191,3.8129032258064517,4.170967741935484
2025-03-21,2.529032258064516,0.6387096774193546,3.803225806451613,4.167741935483871
2025-03-20,2.541935483870968,0.7225806451612902,3.793548387096774,4.164516129032258
2025-03-19,2.554838709677419,0.8064516129032256,3.7838709677419353,4.161290322580645
2025-03-18,2.5677419354838706,0.8903225806451611,3.7741935483870965,4.158064516129032
2025-03-17,2.5806451612903225,0.9741935483870966,3.764516129032258,4.154838709677419
2025-03-16,2.593548387096774,1.058064516129032,3.7548387096774194,4.151612903225806
2025-03-15,2.606451612903226,1.1419354838709677,3.7451612903225806,4.148387096774194
2025-03-14,2.6193548387096772,1.225806451612903,3.735483870967742,4.145161290322581
2025-03-13,2.632258064516129,1.3096774193548386,3.725806451612903,4.141935483870967
2025-03-12,2.6451612903225805,1.393548387096774,3.7161290322580647,4.138709677419355
2025-03-11,2.658064516129032,1.4774193548387096,3.706451612903226,4.135483870967742
2025-03-10,2.670967741935484,1.561290322580645,3.696774193548387,4.132258064516129
2025-03-09,2.6838709677419352,1.6451612903225805,3.6870967741935483,4.129032258064516
2025-03-08,2.696774193548387,1.729032258064516,3.6774193548387095,4.125806451612903
2025-03-07,2.7096774193548385,1.8129032258064515,3.667741935483871,4.12258064516129
2025-03-06,2.72258064516129,1.896774193548387,3.6580645161290324,4.119354838709677
2025-03-05,2.735483870967742,1.9806451612903224,3.6483870967741936,4.116129032258065
2025-03-04,2.7483870967741932,2.064516129032258,3.638709677419355,4.112903225806451
2025-03-03,2.761290322580645,2.1483870967741936,3.629032258064516,4.109677419354838
2025-03-02,2.7741935483870965,2.2322580645161287,3.6193548387096777,4.106451612903226
2025-03-01,2.7870967741935484,2.3161290322580643,3.609677419354839,4.103225806451612
2025-02-28,2.8,2.4,3.6,4.1
2025-02-27,2.807142857142857,2.4,3.6,4.0964285714285715
2025-02-26,2.814285714285714,2.4,3.6,4.0928571428571425
2025-02-25,2.821428571428571,2.4,3.6,4.0892857142857135
2025-02-24,2.8285714285714283,2.4,3.6,4.085714285714285
2025-02-23,2.8357142857142854,2.4,3.6,4.082142857142857
2025-02-22,2.8428571428571425,2.4,3.6,4.078571428571428
2025-02-21,2.8499999999999996,2.4,3.6,4.074999999999999
2025-02-20,2.857142857142857,2.4,3.6,4.071428571428571
2025-02-19,2.8642857142857143,2.4,3.6,4.067857142857143
2025-02-18,2.8714285714285714,2.4,3.6,4.064285714285714
2025-02-17,2.8785714285714286,2.4,3.6,4.060714285714285
2025-02-16,2.8857142857142857,2.4,3.6,4.057142857142857
2025-02-15,2.892857142857143,2.4,3.6,4.053571428571429
2025-02-14,2.9,2.4,3.6,4.05
2025-02-13,2.907142857142857,2.4,3.6,4.046428571428571
2025-02-12,2.914285714285714,2.4,3.6,4.042857142857143
2025-02-11,2.9214285714285713,2.4,3.6,4.039285714285715
2025-02-10,2.9285714285714284,2.4,3.6,4.035714285714286
2025-02-09,2.9357142857142855,2.4,3.6,4.032142857142857
2025-02-08,2.9428571428571426,2.4,3.6,4.0285714285714285
2025-02-07,2.9499999999999997,2.4,3.6,4.025
2025-02-06,2.9571428571428573,2.4,3.6,4.021428571428571
2025-02-05,2.9642857142857144,2.4,3.6,4.017857142857142
2025-02-04,2.9714285714285715,2.4,3.6,4.014285714285714
2025-02-03,2.9785714285714286,2.4,3.6,4.010714285714286
2025-02-02,2.9857142857142858,2.4,3.6,4.007142857142857
2025-02-01,2.992857142857143,2.4,3.6,4.003571428571428
2025-01-31,3.0,2.4,3.6,4.0
2025-01-30,2.996774193548387,2.4,3.6,4.003225806451613
2025-01-29,2.9935483870967743,2.4,3.6,4.006451612903226
2025-01-28,2.990322580645161,2.4,3.6,4.009677419354839
2025-01-27,2.9870967741935486,2.4,3.6,4.012903225806451
2025-01-26,2.9838709677419355,2.4,3.6,4.016129032258064
2025-01-25,2.9806451612903224,2.4,3.6,4.019354838709678
2025-01-24,2.97741935483871,2.4,3.6,4.02258064516129
2025-01-23,2.9741935483870967,2.4,3.6,4.025806451612903
2025-01-22,2.9709677419354836,2.4,3.6,4.029032258064516
2025-01-21,2.967741935483871,2.4,3.6,4.032258064516129
2025-01-20,2.964516129032258,2.4,3.6,4.035483870967742
2025-01-19,2.9612903225806453,2.4,3.6,4.038709677419354
2025-01-18,2.958064516129032,2.4,3.6,4.041935483870968
2025-01-17,2.954838709677419,2.4,3.6,4.04516129032258
2025-01-16,2.9516129032258065,2.4,3.6,4.048387096774193
2025-01-15,2.9483870967741934,2.4,3.6,4.051612903225807
2025-01-14,2.945161290322581,2.4,3.6,4.054838709677419
2025-01-13,2.9419354838709677,2.4,3.6,4.058064516129032
2025-01-12,2.9387096774193546,2.4,3.6,4.061290322580645
2025-01-11,2.935483870967742,2.4,3.6,4.064516129032258
2025-01-10,2.932258064516129,2.4,3.6,4.067741935483871
2025-01-09,2.9290322580645163,2.4,3.6,4.070967741935483
2025-01-08,2.925806451612903,2.4,3.6,4.074193548387097
2025-01-07,2.92258064516129,2.4,3.6,4.077419354838709
2025-01-06,2.9193548387096775,2.4,3.6,4.080645161290322
2025-01-05,2.9161290322580644,2.4,3.6,4.083870967741936
2025-01-04,2.9129032258064513,2.4,3.6,4.087096774193548
2025-01-03,2.9096774193548387,2.4,3.6,4.090322580645161
2025-01-02,2.9064516129032256,2.4,3.6,4.0935483870967735
2025-01-01,2.903225806451613,2.4,3.6,4.096774193548387
2024-12-31,2.9,2.4,3.6,4.1
2024-12-30,2.893548387096774,2.42258064516129,3.596774193548387,4.103225806451612
2024-12-29,2.8870967741935485,2.445161290322581,3.5935483870967744,4.106451612903226
2024-12-28,2.8806451612903223,2.467741935483871,3.5903225806451613,4.109677419354838
2024-12-27,2.8741935483870966,2.490322580645161,3.5870967741935487,4.112903225806451
2024-12-26,2.867741935483871,2.5129032258064514,3.5838709677419356,4.116129032258065
2024-12-25,2.861290322580645,2.535483870967742,3.5806451612903225,4.119354838709677
2024-12-24,2.8548387096774195,2.5580645161290323,3.57741935483871,4.12258064516129
2024-12-23,2.8483870967741933,2.5806451612903225,3.574193548387097,4.125806451612903
2024-12-22,2.8419354838709676,2.6032258064516127,3.5709677419354837,4.129032258064516
2024-12-21,2.835483870967742,2.6258064516129034,3.567741935483871,4.132258064516129
2024-12-20,2.829032258064516,2.6483870967741936,3.564516129032258,4.135483870967742
2024-12-19,2.8225806451612905,2.670967741935484,3.5612903225806454,4.138709677419355
2024-12-18,2.8161290322580643,2.693548387096774,3.5580645161290323,4.141935483870967
2024-12-17,2.8096774193548386,2.7161290322580647,3.554838709677419,4.145161290322581
2024-12-16,2.803225806451613,2.738709677419355,3.5516129032258066,4.148387096774194
2024-12-15,2.796774193548387,2.761290322580645,3.5483870967741935,4.151612903225806
2024-12-14,2.7903225806451615,2.7838709677419353,3.545161290322581,4.154838709677419
2024-12-13,2.7838709677419358,2.806451612903226,3.541935483870968,4.158064516129032
2024-12-12,2.7774193548387096,2.829032258064516,3.5387096774193547,4.161290322580645
2024-12-11,2.770967741935484,2.8516129032258064,3.535483870967742,4.164516129032258
2024-12-10,2.764516129032258,2.8741935483870966,3.532258064516129,4.167741935483871
2024-12-09,2.7580645161290325,2.8967741935483873,3.5290322580645164,4.170967741935484
2024-12-08,2.7516129032258068,2.9193548387096775,3.5258064516129033,4.174193548387096
2024-12-07,2.7451612903225806,2.9419354838709677,3.52258064516129,4.17741935483871
2024-12-06,2.738709677419355,2.964516129032258,3.5193548387096776,4.180645161290323
2024-12-05,2.732258064516129,2.9870967741935486,3.5161290322580645,4.183870967741935
2024-12-04,2.7258064516129035,3.009677419354839,3.5129032258064514,4.187096774193549
2024-12-03,2.7193548387096778,3.032258064516129,3.509677419354839,4.190322580645161
2024-12-02,2.7129032258064516,3.054838709677419,3.5064516129032257,4.193548387096774
2024-12-01,2.706451612903226,3.07741935483871,3.503225806451613,4.1967741935483875
2024-11-30,2.7,3.1,3.5,4.2
2024-11-29,2.6966666666666668,3.1,3.486666666666667,4.196666666666667
2024-11-28,2.6933333333333334,3.1,3.473333333333333,4.193333333333333
2024-11-27,2.69,3.1,3.46,4.19
2024-11-26,2.686666666666667,3.1,3.4466666666666668,4.1866666666666665
2024-11-25,2.6833333333333336,3.1,3.4333333333333336,4.183333333333334
2024-11-24,2.68,3.1,3.42,4.18
2024-11-23,2.6766666666666667,3.1,3.4066666666666667,4.176666666666667
2024-11-22,2.6733333333333333,3.1,3.3933333333333335,4.173333333333334
2024-11-21,2.67,3.1,3.38,4.17
2024-11-20,2.666666666666667,3.1,3.3666666666666667,4.166666666666667
2024-11-19,2.6633333333333336,3.1,3.3533333333333335,4.163333333333333
2024-11-18,2.66,3.1,3.34,4.16
2024-11-17,2.6566666666666667,3.1,3.3266666666666667,4.156666666666666
2024-11-16,2.6533333333333333,3.1,3.3133333333333335,4.153333333333333
2024-11-15,2.65,3.1,3.3000000000000003,4.1499999999999995
2024-11-14,2.646666666666667,3.1,3.2866666666666666,4.1466666666666665
2024-11-13,2.6433333333333335,3.1,3.2733333333333334,4.1433333333333335
2024-11-12,2.64,3.1,3.2600000000000002,4.14
2024-11-11,2.6366666666666667,3.1,3.2466666666666666,4.136666666666667
2024-11-10,2.6333333333333333,3.1,3.2333333333333334,4.133333333333333
2024-11-09,2.63,3.1,3.22,4.13
2024-11-08,2.626666666666667,3.1,3.2066666666666666,4.126666666666666
2024-11-07,2.6233333333333335,3.1,3.1933333333333334,4.123333333333333
2024-11-06,2.62,3.1,3.18,4.12
2024-11-05,2.6166666666666667,3.1,3.166666666666667,4.116666666666666
2024-11-04,2.6133333333333333,3.1,3.1533333333333333,4.113333333333333
2024-11-03,2.61,3.1,3.14,4.109999999999999
2024-11-02,2.606666666666667,3.1,3.126666666666667,4.1066666666666665
2024-11-01,2.6033333333333335,3.1,3.1133333333333333,4.103333333333333
2024-10-31,2.6,3.1,3.1,4.1
2024-10-30,2.5935483870967744,3.1,3.0870967741935487,4.1
2024-10-29,2.5870967741935487,3.1,3.074193548387097,4.1
2024-10-28,2.5806451612903225,3.1,3.0612903225806454,4.1
2024-10-27,2.574193548387097,3.1,3.0483870967741935,4.1
2024-10-26,2.567741935483871,3.1,3.035483870967742,4.1
2024-10-25,2.5612903225806454,3.1,3.02258064516129,4.1
2024-10-24,2.554838709677419,3.1,3.009677419354839,4.1
2024-10-23,2.5483870967741935,3.1,2.9967741935483874,4.1
2024-10-22,2.541935483870968,3.1,2.9838709677419355,4.1
2024-10-21,2.535483870967742,3.1,2.970967741935484,4.1
2024-10-20,2.5290322580645164,3.1,2.958064516129032,4.1
2024-10-19,2.52258064516129,3.1,2.945161290322581,4.1
2024-10-18,2.5161290322580645,3.1,2.9322580645161294,4.1
2024-10-17,2.509677419354839,3.1,2.9193548387096775,4.1
2024-10-16,2.503225806451613,3.1,2.906451612903226,4.1
2024-10-15,2.496774193548387,3.1,2.893548387096774,4.1
2024-10-14,2.490322580645161,3.1,2.8806451612903228,4.1
2024-10-13,2.4838709677419355,3.1,2.867741935483871,4.1
2024-10-12,2.47741935483871,3.1,2.8548387096774195,4.1
2024-10-11,2.4709677419354836,3.1,2.841935483870968,4.1
2024-10-10,2.464516129032258,3.1,2.829032258064516,4.1
2024-10-09,2.458064516129032,3.1,2.8161290322580648,4.1
2024-10-08,2.4516129032258065,3.1,2.803225806451613,4.1
2024-10-07,2.445161290322581,3.1,2.7903225806451615,4.1
2024-10-06,2.4387096774193546,3.1,2.77741935483871,4.1
2024-10-05,2.432258064516129,3.1,2.764516129032258,4.1
2024-10-04,2.425806451612903,3.1,2.7516129032258068,4.1
2024-10-03,2.4193548387096775,3.1,2.738709677419355,4.1
2024-10-02,2.4129032258064513,3.1,2.7258064516129035,4.1
2024-10-01,2.4064516129032256,3.1,2.7129032258064516,4.1
2024-09-30,2.4,3.1,2.7,4.1
2024-09-29,2.4033333333333333,3.0966666666666667,2.68,4.103333333333333
2024-09-28,2.4066666666666667,3.0933333333333333,2.66,4.1066666666666665
2024-09-27,2.41,3.09,2.64,4.109999999999999
2024-09-26,2.413333333333333,3.086666666666667,2.62,4.113333333333333
2024-09-25,2.4166666666666665,3.0833333333333335,2.6,4.116666666666666
2024-09-24,2.42,3.08,2.58,4.12
2024-09-23,2.4233333333333333,3.0766666666666667,2.56,4.123333333333333
2024-09-22,2.4266666666666667,3.0733333333333333,2.54,4.126666666666666
2024-09-21,2.43,3.07,2.52,4.13
2024-09-20,2.433333333333333,3.066666666666667,2.5,4.133333333333333
2024-09-19,2.4366666666666665,3.0633333333333335,2.48,4.136666666666667
2024-09-18,2.44,3.06,2.46,4.14
2024-09-17,2.4433333333333334,3.0566666666666666,2.44,4.1433333333333335
2024-09-16,2.4466666666666668,3.0533333333333332,2.42,4.1466666666666665
2024-09-15,2.45,3.05,2.4000000000000004,4.15
2024-09-14,2.453333333333333,3.046666666666667,2.3800000000000003,4.153333333333333
2024-09-13,2.4566666666666666,3.0433333333333334,2.3600000000000003,4.156666666666666
2024-09-12,2.46,3.04,2.3400000000000003,4.16
2024-09-11,2.4633333333333334,3.0366666666666666,2.3200000000000003,4.163333333333333
2024-09-10,2.466666666666667,3.033333333333333,2.3000000000000003,4.166666666666667
2024-09-09,2.47,3.03,2.2800000000000002,4.17
2024-09-08,2.473333333333333,3.026666666666667,2.2600000000000002,4.173333333333334
2024-09-07,2.4766666666666666,3.0233333333333334,2.24,4.176666666666667
2024-09-06,2.48,3.02,2.22,4.18
2024-09-05,2.4833333333333334,3.0166666666666666,2.2,4.183333333333334
2024-09-04,2.486666666666667,3.013333333333333,2.18,4.1866666666666665
2024-09-03,2.49,3.01,2.16,4.19
2024-09-02,2.493333333333333,3.006666666666667,2.14,4.193333333333333
2024-09-01,2.4966666666666666,3.0033333333333334,2.12,4.196666666666667
2024-08-31,2.5,3.0,2.1,4.2
2024-08-30,2.5129032258064514,3.0,2.0838709677419356,4.2
2024-08-29,2.5258064516129033,3.0,2.067741935483871,4.2
2024-08-28,2.5387096774193547,3.0,2.0516129032258066,4.2
2024-08-27,2.5516129032258066,3.0,2.035483870967742,4.2
2024-08-26,2.564516129032258,3.0,2.0193548387096776,4.2
2024-08-25,2.57741935483871,3.0,2.003225806451613,4.2
2024-08-24,2.5903225806451613,3.0,1.9870967741935486,4.2
2024-08-23,2.6032258064516127,3.0,1.9709677419354839,4.2
2024-08-22,2.6161290322580646,3.0,1.9548387096774194,4.2
2024-08-21,2.629032258064516,3.0,1.9387096774193548,4.2
2024-08-20,2.641935483870968,3.0,1.9225806451612903,4.2
2024-08-19,2.6548387096774193,3.0,1.9064516129032258,4.2
2024-08-18,2.6677419354838707,3.0,1.8903225806451613,4.2
2024-08-17,2.6806451612903226,3.0,1.8741935483870968,4.2
2024-08-16,2.693548387096774,3.0,1.8580645161290323,4.2
2024-08-15,2.706451612903226,3.0,1.8419354838709678,4.2
2024-08-14,2.7193548387096773,3.0,1.8258064516129033,4.2
2024-08-13,2.732258064516129,3.0,1.8096774193548388,4.2
2024-08-12,2.7451612903225806,3.0,1.7935483870967743,4.2
2024-08-11,2.758064516129032,3.0,1.7774193548387098,4.2
2024-08-10,2.770967741935484,3.0,1.7612903225806453,4.2
2024-08-09,2.7838709677419353,3.0,1.7451612903225808,4.2
2024-08-08,2.796774193548387,3.0,1.729032258064516,4.2
2024-08-07,2.8096774193548386,3.0,1.7129032258064516,4.2
2024-08-06,2.82258064516129,3.0,1.696774193548387,4.2
2024-08-05,2.835483870967742,3.0,1.6806451612903226,4.2
2024-08-04,2.8483870967741933,3.0,1.664516129032258,4.2
2024-08-03,2.861290322580645,3.0,1.6483870967741936,4.2
2024-08-02,2.8741935483870966,3.0,1.632258064516129,4.2
2024-08-01,2.8870967741935485,3.0,1.6161290322580646,4.2
2024-07-31,2.9,3.0,1.6,4.2
2024-07-30,2.903225806451613,3.0,1.5935483870967744,4.1967741935483875
2024-07-29,2.9064516129032256,3.0,1.5870967741935484,4.193548387096774
2024-07-28,2.9096774193548387,3.0,1.5806451612903227,4.190322580645161
2024-07-27,2.9129032258064513,3.0,1.5741935483870968,4.187096774193549
2024-07-26,2.9161290322580644,3.0,1.567741935483871,4.183870967741935
2024-07-25,2.9193548387096775,3.0,1.5612903225806452,4.180645161290323
2024-07-24,2.92258064516129,3.0,1.5548387096774194,4.17741935483871
2024-07-23,2.925806451612903,3.0,1.5483870967741935,4.174193548387096
2024-07-22,2.9290322580645163,3.0,1.5419354838709678,4.170967741935484
2024-07-21,2.932258064516129,3.0,1.535483870967742,4.167741935483871
2024-07-20,2.935483870967742,3.0,1.5290322580645161,4.164516129032258
2024-07-19,2.9387096774193546,3.0,1.5225806451612904,4.161290322580645
2024-07-18,2.9419354838709677,3.0,1.5161290322580645,4.158064516129032
2024-07-17,2.945161290322581,3.0,1.5096774193548388,4.154838709677419
2024-07-16,2.9483870967741934,3.0,1.5032258064516129,4.151612903225806
2024-07-15,2.9516129032258065,3.0,1.4967741935483871,4.148387096774194
2024-07-14,2.954838709677419,3.0,1.4903225806451612,4.145161290322581
2024-07-13,2.958064516129032,3.0,1.4838709677419355,4.141935483870967
2024-07-12,2.9612903225806453,3.0,1.4774193548387096,4.138709677419355
2024-07-11,2.964516129032258,3.0,1.4709677419354839,4.135483870967742
2024-07-10,2.967741935483871,3.0,1.4645161290322581,4.132258064516129
2024-07-09,2.9709677419354836,3.0,1.4580645161290322,4.129032258064516
2024-07-08,2.9741935483870967,3.0,1.4516129032258065,4.125806451612903
2024-07-07,2.97741935483871,3.0,1.4451612903225806,4.12258064516129
2024-07-06,2.9806451612903224,3.0,1.4387096774193548,4.119354838709677
2024-07-05,2.9838709677419355,3.0,1.432258064516129,4.116129032258065
2024-07-04,2.9870967741935486,3.0,1.4258064516129032,4.112903225806451
2024-07-03,2.990322580645161,3.0,1.4193548387096773,4.109677419354838
2024-07-02,2.9935483870967743,3.0,1.4129032258064516,4.106451612903226
2024-07-01,2.996774193548387,3.0,1.4064516129032256,4.103225806451612
2024-06-30,3.0,3.0,1.4,4.1
2024-06-29,3.0100000000000002,2.953333333333333,1.3833333333333333,4.096666666666667
2024-06-28,3.02,2.9066666666666667,1.3666666666666667,4.093333333333333
2024-06-27,3.03,2.86,1.3499999999999999,4.09
2024-06-26,3.04,2.8133333333333335,1.3333333333333333,4.086666666666666
2024-06-25,3.05,2.7666666666666666,1.3166666666666667,4.083333333333333
2024-06-24,3.06,2.7199999999999998,1.2999999999999998,4.08
2024-06-23,3.07,2.6733333333333333,1.2833333333333332,4.076666666666666
2024-06-22,3.08,2.6266666666666665,1.2666666666666666,4.073333333333333
2024-06-21,3.09,2.58,1.25,4.069999999999999
2024-06-20,3.1,2.533333333333333,1.2333333333333334,4.066666666666666
2024-06-19,3.11,2.486666666666667,1.2166666666666666,4.0633333333333335
2024-06-18,3.12,2.44,1.2,4.06
2024-06-17,3.13,2.3933333333333335,1.1833333333333333,4.056666666666667
2024-06-16,3.14,2.3466666666666667,1.1666666666666665,4.053333333333333
2024-06-15,3.15,2.3,1.15,4.05
2024-06-14,3.1599999999999997,2.2533333333333334,1.1333333333333333,4.046666666666667
2024-06-13,3.17,2.2066666666666666,1.1166666666666667,4.043333333333333
2024-06-12,3.1799999999999997,2.16,1.1,4.04
2024-06-11,3.19,2.1133333333333333,1.0833333333333333,4.036666666666666
2024-06-10,3.1999999999999997,2.066666666666667,1.0666666666666667,4.033333333333333
2024-06-09,3.21,2.02,1.05,4.03
2024-06-08,3.2199999999999998,1.9733333333333334,1.0333333333333332,4.026666666666666
2024-06-07,3.23,1.9266666666666667,1.0166666666666666,4.023333333333333
2024-06-06,3.2399999999999998,1.8800000000000001,1.0,4.02
2024-06-05,3.25,1.8333333333333335,0.9833333333333334,4.016666666666667
2024-06-04,3.26,1.7866666666666666,0.9666666666666667,4.013333333333334
2024-06-03,3.27,1.74,0.95,4.01
2024-06-02,3.28,1.6933333333333334,0.9333333333333333,4.006666666666667
2024-06-01,3.29,1.6466666666666667,0.9166666666666667,4.003333333333333
2024-05-31,3.3,1.6,0.9,4.0
2024-05-30,3.303225806451613,1.6,0.9032258064516129,3.996774193548387
2024-05-29,3.3064516129032255,1.6,0.9064516129032258,3.9935483870967743
2024-05-28,3.3096774193548386,1.6,0.9096774193548387,3.990322580645161
2024-05-27,3.3129032258064512,1.6,0.9129032258064517,3.9870967741935486
2024-05-26,3.3161290322580643,1.6,0.9161290322580645,3.9838709677419355
2024-05-25,3.3193548387096774,1.6,0.9193548387096775,3.9806451612903224
2024-05-24,3.32258064516129,1.6,0.9225806451612903,3.97741935483871
2024-05-23,3.325806451612903,1.6,0.9258064516129032,3.9741935483870967
2024-05-22,3.329032258064516,1.6,0.9290322580645162,3.9709677419354836
2024-05-21,3.332258064516129,1.6,0.932258064516129,3.967741935483871
2024-05-20,3.335483870967742,1.6,0.935483870967742,3.964516129032258
2024-05-19,3.3387096774193545,1.6,0.9387096774193548,3.9612903225806453
2024-05-18,3.3419354838709676,1.6,0.9419354838709677,3.958064516129032
2024-05-17,3.3451612903225807,1.6,0.9451612903225807,3.954838709677419
2024-05-16,3.3483870967741933,1.6,0.9483870967741935,3.9516129032258065
2024-05-15,3.3516129032258064,1.6,0.9516129032258065,3.9483870967741934
2024-05-14,3.354838709677419,1.6,0.9548387096774194,3.945161290322581
2024-05-13,3.358064516129032,1.6,0.9580645161290323,3.9419354838709677
2024-05-12,3.361290322580645,1.6,0.9612903225806452,3.9387096774193546
2024-05-11,3.364516129032258,1.6,0.964516129032258,3.935483870967742
2024-05-10,3.367741935483871,1.6,0.967741935483871,3.932258064516129
2024-05-09,3.3709677419354835,1.6,0.9709677419354839,3.9290322580645163
2024-05-08,3.3741935483870966,1.6,0.9741935483870968,3.925806451612903
2024-05-07,3.3774193548387097,1.6,0.9774193548387097,3.92258064516129
2024-05-06,3.3806451612903223,1.6,0.9806451612903225,3.9193548387096775
2024-05-05,3.3838709677419354,1.6,0.9838709677419355,3.9161290322580644
2024-05-04,3.3870967741935485,1.6,0.9870967741935484,3.9129032258064513
2024-05-03,3.390322580645161,1.6,0.9903225806451613,3.9096774193548387
2024-05-02,3.393548387096774,1.6,0.9935483870967742,3.9064516129032256
2024-05-01,3.396774193548387,1.6,0.9967741935483871,3.903225806451613
2024-04-30,3.4,1.6,1.0,3.9
2024-04-29,3.4033333333333333,1.6,0.9700000000000001,3.9
2024-04-28,3.4066666666666667,1.6,0.9400000000000001,3.9
2024-04-27,3.41,1.6,0.91,3.9
2024-04-26,3.413333333333333,1.6,0.8800000000000001,3.9
2024-04-25,3.4166666666666665,1.6,0.8500000000000001,3.9
2024-04-24,3.42,1.6,0.8200000000000001,3.9
2024-04-23,3.4233333333333333,1.6,0.79,3.9
2024-04-22,3.4266666666666667,1.6,0.76,3.9
2024-04-21,3.43,1.6,0.7300000000000001,3.9
2024-04-20,3.433333333333333,1.6,0.7000000000000001,3.9
2024-04-19,3.4366666666666665,1.6,0.67,3.9
2024-04-18,3.44,1.6,0.64,3.9
2024-04-17,3.4433333333333334,1.6,0.6100000000000001,3.9
2024-04-16,3.4466666666666668,1.6,0.5800000000000001,3.9
2024-04-15,3.45,1.6,0.55,3.9
2024-04-14,3.453333333333333,1.6,0.52,3.9
2024-04-13,3.4566666666666666,1.6,0.49000000000000005,3.9
2024-04-12,3.46,1.6,0.46,3.9
2024-04-11,3.4633333333333334,1.6,0.43000000000000005,3.9
2024-04-10,3.466666666666667,1.6,0.4,3.9
2024-04-09,3.47,1.6,0.37000000000000005,3.9
2024-04-08,3.473333333333333,1.6,0.34,3.9
2024-04-07,3.4766666666666666,1.6,0.31,3.9
2024-04-06,3.48,1.6,0.28,3.9
2024-04-05,3.4833333333333334,1.6,0.25,3.9
2024-04-04,3.486666666666667,1.6,0.22000000000000003,3.9
2024-04-03,3.49,1.6,0.19,3.9
2024-04-02,3.493333333333333,1.6,0.16,3.9
2024-04-01,3.4966666666666666,1.6,0.13,3.9
2024-03-31,3.5,1.6,0.1,3.9
2024-03-30,3.490322580645161,1.6516129032258067,0.04838709677419355,3.9
2024-03-29,3.4806451612903224,1.703225806451613,-0.0032258064516129045,3.9
2024-03-28,3.470967741935484,1.7548387096774196,-0.054838709677419356,3.9
2024-03-27,3.4612903225806453,1.806451612903226,-0.1064516129032258,3.9
2024-03-26,3.4516129032258065,1.8580645161290323,-0.15806451612903227,3.9
2024-03-25,3.4419354838709677,1.909677419354839,-0.20967741935483872,3.9
2024-03-24,3.432258064516129,1.9612903225806453,-0.26129032258064516,3.9
2024-03-23,3.4225806451612906,2.012903225806452,-0.31290322580645163,3.9
2024-03-22,3.412903225806452,2.0645161290322585,-0.36451612903225805,3.9
2024-03-21,3.403225806451613,2.1161290322580646,-0.4161290322580645,3.9
2024-03-20,3.393548387096774,2.167741935483871,-0.467741935483871,3.9
2024-03-19,3.3838709677419354,2.2193548387096778,-0.5193548387096775,3.9
2024-03-18,3.3741935483870966,2.270967741935484,-0.5709677419354838,3.9
2024-03-17,3.3645161290322583,2.3225806451612905,-0.6225806451612903,3.9
2024-03-16,3.3548387096774195,2.374193548387097,-0.6741935483870968,3.9
2024-03-15,3.3451612903225807,2.425806451612903,-0.7258064516129032,3.9
2024-03-14,3.335483870967742,2.47741935483871,-0.7774193548387097,3.9
2024-03-13,3.325806451612903,2.5290322580645164,-0.8290322580645161,3.9
2024-03-12,3.3161290322580648,2.580645161290323,-0.8806451612903226,3.9
2024-03-11,3.306451612903226,2.632258064516129,-0.932258064516129,3.9
2024-03-10,3.296774193548387,2.6838709677419357,-0.9838709677419355,3.9
2024-03-09,3.2870967741935484,2.7354838709677423,-1.0354838709677419,3.9
2024-03-08,3.2774193548387096,2.7870967741935484,-1.0870967741935484,3.9
2024-03-07,3.2677419354838713,2.838709677419355,-1.1387096774193548,3.9
2024-03-06,3.2580645161290325,2.8903225806451616,-1.1903225806451614,3.9
2024-03-05,3.2483870967741937,2.9419354838709677,-1.2419354838709677,3.9
2024-03-04,3.238709677419355,2.9935483870967743,-1.293548387096774,3.9
2024-03-03,3.229032258064516,3.045161290322581,-1.3451612903225807,3.9
2024-03-02,3.2193548387096778,3.0967741935483875,-1.396774193548387,3.9
2024-03-01,3.209677419354839,3.1483870967741936,-1.4483870967741936,3.9
2024-02-29,3.2,3.2,-1.5,3.9
2024-02-28,3.1965517241379313,3.2,-1.5172413793103448,3.893103448275862
2024-02-27,3.1931034482758625,3.2,-1.5344827586206897,3.886206896551724
2024-02-26,3.189655172413793,3.2,-1.5517241379310345,3.8793103448275863
2024-02-25,3.1862068965517243,3.2,-1.5689655172413792,3.872413793103448
2024-02-24,3.1827586206896554,3.2,-1.5862068965517242,3.8655172413793104
2024-02-23,3.1793103448275866,3.2,-1.603448275862069,3.8586206896551722
2024-02-22,3.1758620689655173,3.2,-1.6206896551724137,3.8517241379310345
2024-02-21,3.1724137931034484,3.2,-1.6379310344827587,3.8448275862068964
2024-02-20,3.1689655172413795,3.2,-1.6551724137931034,3.8379310344827586
2024-02-19,3.1655172413793107,3.2,-1.6724137931034482,3.831034482758621
2024-02-18,3.1620689655172414,3.2,-1.6896551724137931,3.8241379310344827
2024-02-17,3.1586206896551725,3.2,-1.706896551724138,3.817241379310345
2024-02-16,3.1551724137931036,3.2,-1.7241379310344827,3.810344827586207
2024-02-15,3.151724137931035,3.2,-1.7413793103448276,3.803448275862069
2024-02-14,3.1482758620689655,3.2,-1.7586206896551724,3.796551724137931
2024-02-13,3.1448275862068966,3.2,-1.7758620689655173,3.7896551724137932
2024-02-12,3.1413793103448278,3.2,-1.793103448275862,3.782758620689655
2024-02-11,3.137931034482759,3.2,-1.8103448275862069,3.7758620689655173
2024-02-10,3.1344827586206896,3.2,-1.8275862068965518,3.768965517241379
2024-02-09,3.1310344827586207,3.2,-1.8448275862068966,3.7620689655172415
2024-02-08,3.127586206896552,3.2,-1.8620689655172413,3.7551724137931037
2024-02-07,3.124137931034483,3.2,-1.8793103448275863,3.7482758620689656
2024-02-06,3.1206896551724137,3.2,-1.896551724137931,3.741379310344828
2024-02-05,3.117241379310345,3.2,-1.9137931034482758,3.7344827586206897
2024-02-04,3.113793103448276,3.2,-1.9310344827586208,3.727586206896552
2024-02-03,3.110344827586207,3.2,-1.9482758620689655,3.720689655172414
2024-02-02,3.106896551724138,3.2,-1.9655172413793103,3.713793103448276
2024-02-01,3.103448275862069,3.2,-1.9827586206896552,3.706896551724138
2024-01-31,3.1,3.2,-2.0,3.7
2024-01-30,3.109677419354839,3.2,-2.0129032258064514,3.7032258064516133
2024-01-29,3.1193548387096777,3.2,-2.0258064516129033,3.706451612903226
2024-01-28,3.129032258064516,3.2,-2.0387096774193547,3.709677419354839
2024-01-27,3.138709677419355,3.2,-2.0516129032258066,3.7129032258064516
2024-01-26,3.1483870967741936,3.2,-2.064516129032258,3.7161290322580647
2024-01-25,3.1580645161290324,3.2,-2.07741935483871,3.7193548387096773
2024-01-24,3.167741935483871,3.2,-2.0903225806451613,3.7225806451612904
2024-01-23,3.1774193548387095,3.2,-2.1032258064516127,3.7258064516129035
2024-01-22,3.1870967741935483,3.2,-2.1161290322580646,3.729032258064516
2024-01-21,3.196774193548387,3.2,-2.129032258064516,3.732258064516129
2024-01-20,3.206451612903226,3.2,-2.141935483870968,3.735483870967742
2024-01-19,3.2161290322580647,3.2,-2.1548387096774193,3.738709677419355
2024-01-18,3.2258064516129035,3.2,-2.1677419354838707,3.741935483870968
2024-01-17,3.235483870967742,3.2,-2.1806451612903226,3.7451612903225806
2024-01-16,3.2451612903225806,3.2,-2.193548387096774,3.7483870967741937
2024-01-15,3.2548387096774194,3.2,-2.206451612903226,3.7516129032258063
2024-01-14,3.264516129032258,3.2,-2.2193548387096773,3.7548387096774194
2024-01-13,3.274193548387097,3.2,-2.232258064516129,3.758064516129032
2024-01-12,3.2838709677419353,3.2,-2.2451612903225806,3.761290322580645
2024-01-11,3.293548387096774,3.2,-2.258064516129032,3.764516129032258
2024-01-10,3.303225806451613,3.2,-2.270967741935484,3.767741935483871
2024-01-09,3.3129032258064517,3.2,-2.2838709677419353,3.770967741935484
2024-01-08,3.3225806451612905,3.2,-2.296774193548387,3.7741935483870965
2024-01-07,3.332258064516129,3.2,-2.3096774193548386,3.7774193548387096
2024-01-06,3.3419354838709676,3.2,-2.32258064516129,3.7806451612903227
2024-01-05,3.3516129032258064,3.2,-2.335483870967742,3.7838709677419353
2024-01-04,3.361290322580645,3.2,-2.3483870967741933,3.7870967741935484
2024-01-03,3.370967741935484,3.2,-2.361290322580645,3.790322580645161
2024-01-02,3.3806451612903223,3.2,-2.3741935483870966,3.793548387096774
2024-01-01,3.390322580645161,3.2,-2.3870967741935485,3.7967741935483867
2023-12-31,3.4,3.2,-2.4,3.8
2023-12-30,3.390322580645161,3.238709677419355,-2.42258064516129,3.7967741935483867
2023-12-29,3.3806451612903223,3.2774193548387096,-2.445161290322581,3.793548387096774
2023-12-28,3.370967741935484,3.3161290322580648,-2.467741935483871,3.790322580645161
2023-12-27,3.361290322580645,3.3548387096774195,-2.490322580645161,3.7870967741935484
2023-12-26,3.3516129032258064,3.393548387096774,-2.5129032258064514,3.7838709677419353
2023-12-25,3.3419354838709676,3.4322580645161294,-2.535483870967742,3.7806451612903227
2023-12-24,3.332258064516129,3.470967741935484,-2.5580645161290323,3.7774193548387096
2023-12-23,3.3225806451612905,3.509677419354839,-2.5806451612903225,3.7741935483870965
2023-12-22,3.3129032258064517,3.5483870967741935,-2.6032258064516127,3.770967741935484
2023-12-21,3.303225806451613,3.5870967741935487,-2.6258064516129034,3.767741935483871
2023-12-20,3.293548387096774,3.6258064516129034,-2.6483870967741936,3.764516129032258
2023-12-19,3.2838709677419353,3.664516129032258,-2.670967741935484,3.761290322580645
2023-12-18,3.2741935483870965,3.7032258064516133,-2.693548387096774,3.758064516129032
2023-12-17,3.264516129032258,3.741935483870968,-2.7161290322580647,3.7548387096774194
2023-12-16,3.2548387096774194,3.7806451612903227,-2.738709677419355,3.7516129032258063
2023-12-15,3.2451612903225806,3.819354838709678,-2.761290322580645,3.7483870967741937
2023-12-14,3.235483870967742,3.8580645161290326,-2.7838709677419353,3.7451612903225806
2023-12-13,3.225806451612903,3.8967741935483873,-2.806451612903226,3.741935483870968
2023-12-12,3.2161290322580647,3.935483870967742,-2.829032258064516,3.738709677419355
2023-12-11,3.206451612903226,3.974193548387097,-2.8516129032258064,3.735483870967742
2023-12-10,3.196774193548387,4.012903225806452,-2.8741935483870966,3.732258064516129
2023-12-09,3.1870967741935483,4.051612903225807,-2.8967741935483873,3.729032258064516
2023-12-08,3.1774193548387095,4.090322580645162,-2.9193548387096775,3.7258064516129035
2023-12-07,3.167741935483871,4.129032258064516,-2.9419354838709677,3.7225806451612904
2023-12-06,3.1580645161290324,4.167741935483871,-2.964516129032258,3.7193548387096773
2023-12-05,3.1483870967741936,4.206451612903226,-2.9870967741935486,3.7161290322580647
2023-12-04,3.138709677419355,4.245161290322581,-3.009677419354839,3.7129032258064516
2023-12-03,3.129032258064516,4.283870967741936,-3.032258064516129,3.709677419354839
2023-12-02,3.1193548387096777,4.322580645161291,-3.054838709677419,3.706451612903226
2023-12-01,3.109677419354839,4.361290322580645,-3.07741935483871,3.7032258064516133
2023-11-30,3.1,4.4,-3.1,3.7
2023-11-29,3.1033333333333335,4.4,-3.1100000000000003,3.706666666666667
2023-11-28,3.106666666666667,4.4,-3.12,3.7133333333333334
2023-11-27,3.1100000000000003,4.4,-3.13,3.72
2023-11-26,3.1133333333333333,4.4,-3.14,3.726666666666667
2023-11-25,3.1166666666666667,4.4,-3.15,3.7333333333333334
2023-11-24,3.12,4.4,-3.16,3.74
2023-11-23,3.1233333333333335,4.4,-3.17,3.7466666666666666
2023-11-22,3.126666666666667,4.4,-3.18,3.7533333333333334
2023-11-21,3.1300000000000003,4.4,-3.19,3.7600000000000002
2023-11-20,3.1333333333333333,4.4,-3.2,3.7666666666666666
2023-11-19,3.1366666666666667,4.4,-3.21,3.7733333333333334
2023-11-18,3.14,4.4,-3.22,3.7800000000000002
2023-11-17,3.1433333333333335,4.4,-3.23,3.7866666666666666
2023-11-16,3.146666666666667,4.4,-3.24,3.7933333333333334
2023-11-15,3.1500000000000004,4.4,-3.25,3.8000000000000003
2023-11-14,3.1533333333333333,4.4,-3.26,3.8066666666666666
2023-11-13,3.1566666666666667,4.4,-3.27,3.8133333333333335
2023-11-12,3.16,4.4,-3.28,3.82
2023-11-11,3.1633333333333336,4.4,-3.29,3.8266666666666667
2023-11-10,3.166666666666667,4.4,-3.3,3.8333333333333335
2023-11-09,3.1700000000000004,4.4,-3.31,3.84
2023-11-08,3.1733333333333333,4.4,-3.32,3.8466666666666667
2023-11-07,3.1766666666666667,4.4,-3.33,3.8533333333333335
2023-11-06,3.18,4.4,-3.34,3.86
2023-11-05,3.1833333333333336,4.4,-3.35,3.8666666666666667
2023-11-04,3.186666666666667,4.4,-3.36,3.873333333333333
2023-11-03,3.1900000000000004,4.4,-3.37,3.88
2023-11-02,3.1933333333333334,4.4,-3.38,3.8866666666666667
2023-11-01,3.1966666666666668,4.4,-3.39,3.893333333333333
2023-10-31,3.2,4.4,-3.4,3.9
2023-10-30,3.2161290322580647,4.4,-3.4096774193548387,3.896774193548387
2023-10-29,3.232258064516129,4.4,-3.4193548387096775,3.893548387096774
2023-10-28,3.2483870967741937,4.4,-3.429032258064516,3.890322580645161
2023-10-27,3.264516129032258,4.4,-3.4387096774193546,3.8870967741935485
2023-10-26,3.2806451612903227,4.4,-3.4483870967741934,3.8838709677419354
2023-10-25,3.296774193548387,4.4,-3.458064516129032,3.8806451612903223
2023-10-24,3.3129032258064517,4.4,-3.467741935483871,3.8774193548387097
2023-10-23,3.329032258064516,4.4,-3.47741935483871,3.8741935483870966
2023-10-22,3.3451612903225807,4.4,-3.4870967741935486,3.8709677419354835
2023-10-21,3.361290322580645,4.4,-3.496774193548387,3.867741935483871
2023-10-20,3.3774193548387097,4.4,-3.5064516129032257,3.864516129032258
2023-10-19,3.393548387096774,4.4,-3.5161290322580645,3.861290322580645
2023-10-18,3.4096774193548387,4.4,-3.5258064516129033,3.858064516129032
2023-10-17,3.425806451612903,4.4,-3.535483870967742,3.854838709677419
2023-10-16,3.441935483870968,4.4,-3.545161290322581,3.8516129032258064
2023-10-15,3.4580645161290327,4.4,-3.554838709677419,3.8483870967741933
2023-10-14,3.474193548387097,4.4,-3.564516129032258,3.8451612903225807
2023-10-13,3.4903225806451617,4.4,-3.574193548387097,3.8419354838709676
2023-10-12,3.506451612903226,4.4,-3.5838709677419356,3.8387096774193545
2023-10-11,3.5225806451612907,4.4,-3.5935483870967744,3.835483870967742
2023-10-10,3.538709677419355,4.4,-3.603225806451613,3.832258064516129
2023-10-09,3.5548387096774197,4.4,-3.6129032258064515,3.829032258064516
2023-10-08,3.570967741935484,4.4,-3.6225806451612903,3.825806451612903
2023-10-07,3.5870967741935487,4.4,-3.632258064516129,3.82258064516129
2023-10-06,3.603225806451613,4.4,-3.641935483870968,3.8193548387096774
2023-10-05,3.6193548387096777,4.4,-3.6516129032258067,3.8161290322580643
2023-10-04,3.635483870967742,4.4,-3.6612903225806455,3.8129032258064512
2023-10-03,3.6516129032258067,4.4,-3.670967741935484,3.8096774193548386
2023-10-02,3.667741935483871,4.4,-3.6806451612903226,3.8064516129032255
2023-10-01,3.6838709677419357,4.4,-3.6903225806451614,3.803225806451613
2023-09-30,3.7,4.4,-3.7,3.8
2023-09-29,3.7,4.333333333333334,-3.7100000000000004,3.7966666666666664
2023-09-28,3.7,4.266666666666667,-3.72,3.793333333333333
2023-09-27,3.7,4.2,-3.73,3.79
2023-09-26,3.7,4.133333333333334,-3.74,3.7866666666666666
2023-09-25,3.7,4.066666666666667,-3.75,3.783333333333333
2023-09-24,3.7,4.0,-3.7600000000000002,3.78
2023-09-23,3.7,3.9333333333333336,-3.77,3.7766666666666664
2023-09-22,3.7,3.8666666666666667,-3.7800000000000002,3.7733333333333334
2023-09-21,3.7,3.8000000000000003,-3.79,3.77
2023-09-20,3.7,3.7333333333333334,-3.8000000000000003,3.7666666666666666
2023-09-19,3.7,3.666666666666667,-3.81,3.763333333333333
2023-09-18,3.7,3.6,-3.8200000000000003,3.76
2023-09-17,3.7,3.5333333333333337,-3.83,3.756666666666667
2023-09-16,3.7,3.466666666666667,-3.8400000000000003,3.7533333333333334
2023-09-15,3.7,3.4,-3.85,3.75
2023-09-14,3.7,3.3333333333333335,-3.86,3.7466666666666666
2023-09-13,3.7,3.2666666666666666,-3.87,3.743333333333333
2023-09-12,3.7,3.2,-3.88,3.74
2023-09-11,3.7,3.1333333333333333,-3.89,3.736666666666667
2023-09-10,3.7,3.066666666666667,-3.9,3.7333333333333334
2023-09-09,3.7,3.0,-3.91,3.73
2023-09-08,3.7,2.9333333333333336,-3.92,3.7266666666666666
2023-09-07,3.7,2.8666666666666667,-3.93,3.7233333333333336
2023-09-06,3.7,2.8,-3.94,3.72
2023-09-05,3.7,2.7333333333333334,-3.95,3.716666666666667
2023-09-04,3.7,2.6666666666666665,-3.96,3.7133333333333334
2023-09-03,3.7,2.6,-3.97,3.71
2023-09-02,3.7,2.533333333333333,-3.98,3.706666666666667
2023-09-01,3.7,2.466666666666667,-3.99,3.7033333333333336
2023-08-31,3.7,2.4,-4.0,3.7
2023-08-30,3.6838709677419357,2.4,-4.0,3.6935483870967745
2023-08-29,3.667741935483871,2.4,-4.0,3.6870967741935488
2023-08-28,3.6516129032258067,2.4,-4.0,3.6806451612903226
2023-08-27,3.635483870967742,2.4,-4.0,3.674193548387097
2023-08-26,3.6193548387096777,2.4,-4.0,3.667741935483871
2023-08-25,3.603225806451613,2.4,-4.0,3.6612903225806455
2023-08-24,3.5870967741935487,2.4,-4.0,3.6548387096774193
2023-08-23,3.570967741935484,2.4,-4.0,3.6483870967741936
2023-08-22,3.5548387096774197,2.4,-4.0,3.641935483870968
2023-08-21,3.538709677419355,2.4,-4.0,3.635483870967742
2023-08-20,3.5225806451612907,2.4,-4.0,3.6290322580645165
2023-08-19,3.506451612903226,2.4,-4.0,3.6225806451612903
2023-08-18,3.4903225806451617,2.4,-4.0,3.6161290322580646
2023-08-17,3.474193548387097,2.4,-4.0,3.609677419354839
2023-08-16,3.458064516129032,2.4,-4.0,3.603225806451613
2023-08-15,3.4419354838709677,2.4,-4.0,3.596774193548387
2023-08-14,3.425806451612903,2.4,-4.0,3.5903225806451613
2023-08-13,3.4096774193548387,2.4,-4.0,3.5838709677419356
2023-08-12,3.393548387096774,2.4,-4.0,3.57741935483871
2023-08-11,3.3774193548387097,2.4,-4.0,3.5709677419354837
2023-08-10,3.361290322580645,2.4,-4.0,3.564516129032258
2023-08-09,3.3451612903225807,2.4,-4.0,3.5580645161290323
2023-08-08,3.329032258064516,2.4,-4.0,3.5516129032258066
2023-08-07,3.3129032258064517,2.4,-4.0,3.545161290322581
2023-08-06,3.296774193548387,2.4,-4.0,3.5387096774193547
2023-08-05,3.2806451612903227,2.4,-4.0,3.532258064516129
2023-08-04,3.264516129032258,2.4,-4.0,3.5258064516129033
2023-08-03,3.2483870967741937,2.4,-4.0,3.5193548387096776
2023-08-02,3.232258064516129,2.4,-4.0,3.5129032258064514
2023-08-01,3.2161290322580647,2.4,-4.0,3.5064516129032257
2023-07-31,3.2,2.4,-4.0,3.5
2023-07-30,3.1935483870967745,2.4,-4.0,3.503225806451613
2023-07-29,3.1870967741935488,2.4,-4.0,3.5064516129032257
2023-07-28,3.1806451612903226,2.4,-4.0,3.509677419354839
2023-07-27,3.174193548387097,2.4,-4.0,3.5129032258064514
2023-07-26,3.167741935483871,2.4,-4.0,3.5161290322580645
2023-07-25,3.1612903225806455,2.4,-4.0,3.5193548387096776
2023-07-24,3.1548387096774193,2.4,-4.0,3.52258064516129
2023-07-23,3.1483870967741936,2.4,-4.0,3.5258064516129033
2023-07-22,3.141935483870968,2.4,-4.0,3.5290322580645164
2023-07-21,3.135483870967742,2.4,-4.0,3.532258064516129
2023-07-20,3.1290322580645165,2.4,-4.0,3.535483870967742
2023-07-19,3.1225806451612903,2.4,-4.0,3.5387096774193547
2023-07-18,3.1161290322580646,2.4,-4.0,3.541935483870968
2023-07-17,3.109677419354839,2.4,-4.0,3.545161290322581
2023-07-16,3.103225806451613,2.4,-4.0,3.5483870967741935
2023-07-15,3.096774193548387,2.4,-4.0,3.5516129032258066
2023-07-14,3.0903225806451613,2.4,-4.0,3.554838709677419
2023-07-13,3.0838709677419356,2.4,-4.0,3.5580645161290323
2023-07-12,3.07741935483871,2.4,-4.0,3.5612903225806454
2023-07-11,3.0709677419354837,2.4,-4.0,3.564516129032258
2023-07-10,3.064516129032258,2.4,-4.0,3.567741935483871
2023-07-09,3.0580645161290323,2.4,-4.0,3.5709677419354837
2023-07-08,3.0516129032258066,2.4,-4.0,3.574193548387097
2023-07-07,3.045161290322581,2.4,-4.0,3.57741935483871
2023-07-06,3.0387096774193547,2.4,-4.0,3.5806451612903225
2023-07-05,3.032258064516129,2.4,-4.0,3.5838709677419356
2023-07-04,3.0258064516129033,2.4,-4.0,3.5870967741935487
2023-07-03,3.0193548387096776,2.4,-4.0,3.5903225806451613
2023-07-02,3.0129032258064514,2.4,-4.0,3.5935483870967744
2023-07-01,3.0064516129032257,2.4,-4.0,3.596774193548387
2023-06-30,3.0,2.4,-4.0,3.6
2023-06-29,3.033333333333333,2.413333333333333,-4.003333333333333,3.6
2023-06-28,3.066666666666667,2.4266666666666667,-4.006666666666667,3.6
2023-06-27,3.1,2.44,-4.01,3.6
2023-06-26,3.1333333333333333,2.453333333333333,-4.013333333333334,3.6
2023-06-25,3.1666666666666665,2.4666666666666663,-4.016666666666667,3.6
2023-06-24,3.2,2.48,-4.02,3.6
2023-06-23,3.2333333333333334,2.493333333333333,-4.023333333333333,3.6
2023-06-22,3.2666666666666666,2.5066666666666664,-4.026666666666666,3.6
2023-06-21,3.3,2.52,-4.03,3.6
2023-06-20,3.3333333333333335,2.533333333333333,-4.033333333333333,3.6
2023-06-19,3.3666666666666667,2.5466666666666664,-4.036666666666666,3.6
2023-06-18,3.4,2.56,-4.04,3.6
2023-06-17,3.433333333333333,2.5733333333333333,-4.043333333333333,3.6
2023-06-16,3.466666666666667,2.5866666666666664,-4.046666666666667,3.6
2023-06-15,3.5,2.5999999999999996,-4.05,3.6
2023-06-14,3.533333333333333,2.6133333333333333,-4.053333333333333,3.6
2023-06-13,3.566666666666667,2.6266666666666665,-4.056666666666667,3.6
2023-06-12,3.6,2.6399999999999997,-4.06,3.6
2023-06-11,3.6333333333333333,2.6533333333333333,-4.0633333333333335,3.6
2023-06-10,3.6666666666666665,2.6666666666666665,-4.066666666666666,3.6
2023-06-09,3.7,2.6799999999999997,-4.069999999999999,3.6
2023-06-08,3.7333333333333334,2.6933333333333334,-4.073333333333333,3.6
2023-06-07,3.7666666666666666,2.7066666666666666,-4.076666666666666,3.6
2023-06-06,3.8,2.7199999999999998,-4.08,3.6
2023-06-05,3.8333333333333335,2.733333333333333,-4.083333333333333,3.6
2023-06-04,3.8666666666666667,2.7466666666666666,-4.086666666666666,3.6
2023-06-03,3.9,2.76,-4.09,3.6
2023-06-02,3.933333333333333,2.773333333333333,-4.093333333333333,3.6
2023-06-01,3.966666666666667,2.7866666666666666,-4.096666666666667,3.6
2023-05-31,4.0,2.8,-4.1,3.6
2023-05-30,4.029032258064516,2.8,-4.119354838709677,3.5935483870967744
2023-05-29,4.058064516129032,2.8,-4.138709677419355,3.5870967741935487
2023-05-28,4.087096774193548,2.8,-4.1580645161290315,3.5806451612903225
2023-05-27,4.116129032258065,2.8,-4.177419354838709,3.574193548387097
2023-05-26,4.145161290322581,2.8,-4.196774193548387,3.567741935483871
2023-05-25,4.174193548387096,2.8,-4.216129032258064,3.5612903225806454
2023-05-24,4.203225806451613,2.8,-4.235483870967742,3.554838709677419
2023-05-23,4.232258064516129,2.8,-4.254838709677419,3.5483870967741935
2023-05-22,4.2612903225806456,2.8,-4.274193548387097,3.541935483870968
2023-05-21,4.290322580645161,2.8,-4.293548387096774,3.535483870967742
2023-05-20,4.319354838709677,2.8,-4.312903225806451,3.5290322580645164
2023-05-19,4.348387096774194,2.8,-4.332258064516129,3.52258064516129
2023-05-18,4.37741935483871,2.8,-4.351612903225806,3.5161290322580645
2023-05-17,4.406451612903226,2.8,-4.370967741935484,3.509677419354839
2023-05-16,4.435483870967742,2.8,-4.390322580645162,3.503225806451613
2023-05-15,4.464516129032258,2.8,-4.409677419354838,3.496774193548387
2023-05-14,4.493548387096775,2.8,-4.429032258064516,3.490322580645161
2023-05-13,4.52258064516129,2.8,-4.448387096774193,3.4838709677419355
2023-05-12,4.551612903225807,2.8,-4.467741935483871,3.47741935483871
2023-05-11,4.580645161290323,2.8,-4.487096774193549,3.4709677419354836
2023-05-10,4.609677419354839,2.8,-4.506451612903226,3.464516129032258
2023-05-09,4.638709677419355,2.8,-4.525806451612903,3.458064516129032
2023-05-08,4.667741935483871,2.8,-4.54516129032258,3.4516129032258065
2023-05-07,4.6967741935483875,2.8,-4.564516129032258,3.445161290322581
2023-05-06,4.725806451612904,2.8,-4.583870967741936,3.4387096774193546
2023-05-05,4.754838709677419,2.8,-4.603225806451613,3.432258064516129
2023-05-04,4.783870967741936,2.8,-4.622580645161291,3.425806451612903
2023-05-03,4.812903225806452,2.8,-4.641935483870967,3.4193548387096775
2023-05-02,4.8419354838709685,2.8,-4.661290322580645,3.4129032258064513
2023-05-01,4.870967741935484,2.8,-4.680645161290323,3.4064516129032256
2023-04-30,4.9,2.8,-4.7,3.4
2023-04-29,4.903333333333333,2.8,-4.673333333333334,3.4033333333333333
2023-04-28,4.906666666666667,2.8,-4.6466666666666665,3.4066666666666667
2023-04-27,4.91,2.8,-4.62,3.41
2023-04-26,4.913333333333334,2.8,-4.593333333333334,3.413333333333333
2023-04-25,4.916666666666667,2.8,-4.566666666666666,3.4166666666666665
2023-04-24,4.92,2.8,-4.54,3.42
2023-04-23,4.923333333333334,2.8,-4.513333333333334,3.4233333333333333
2023-04-22,4.926666666666667,2.8,-4.486666666666666,3.4266666666666667
2023-04-21,4.930000000000001,2.8,-4.46,3.43
2023-04-20,4.933333333333334,2.8,-4.433333333333334,3.433333333333333
2023-04-19,4.9366666666666665,2.8,-4.406666666666667,3.4366666666666665
2023-04-18,4.94,2.8,-4.38,3.44
2023-04-17,4.943333333333333,2.8,-4.3533333333333335,3.4433333333333334
2023-04-16,4.946666666666667,2.8,-4.326666666666667,3.4466666666666668
2023-04-15,4.95,2.8,-4.3,3.45
2023-04-14,4.953333333333333,2.8,-4.273333333333333,3.453333333333333
2023-04-13,4.956666666666667,2.8,-4.246666666666667,3.4566666666666666
2023-04-12,4.96,2.8,-4.22,3.46
2023-04-11,4.963333333333334,2.8,-4.193333333333333,3.4633333333333334
2023-04-10,4.966666666666667,2.8,-4.166666666666667,3.466666666666667
2023-04-09,4.97,2.8,-4.14,3.47
2023-04-08,4.973333333333334,2.8,-4.113333333333333,3.473333333333333
2023-04-07,4.976666666666667,2.8,-4.086666666666667,3.4766666666666666
2023-04-06,4.98,2.8,-4.06,3.48
2023-04-05,4.983333333333333,2.8,-4.033333333333333,3.4833333333333334
2023-04-04,4.986666666666666,2.8,-4.006666666666667,3.486666666666667
2023-04-03,4.99,2.8,-3.98,3.49
2023-04-02,4.993333333333333,2.8,-3.953333333333333,3.493333333333333
2023-04-01,4.996666666666667,2.8,-3.9266666666666667,3.4966666666666666
2023-03-31,5.0,2.8,-3.9,3.5
2023-03-30,5.032258064516129,2.8193548387096774,-3.8483870967741933,3.503225806451613
2023-03-29,5.064516129032258,2.8387096774193545,-3.7967741935483867,3.5064516129032257
2023-03-28,5.096774193548387,2.858064516129032,-3.7451612903225806,3.509677419354839
2023-03-27,5.129032258064516,2.8774193548387093,-3.693548387096774,3.5129032258064514
2023-03-26,5.161290322580645,2.896774193548387,-3.6419354838709674,3.5161290322580645
2023-03-25,5.193548387096774,2.9161290322580644,-3.5903225806451613,3.5193548387096776
2023-03-24,5.225806451612903,2.9354838709677415,-3.5387096774193547,3.52258064516129
2023-03-23,5.258064516129032,2.954838709677419,-3.487096774193548,3.5258064516129033
2023-03-22,5.290322580645161,2.9741935483870967,-3.4354838709677415,3.5290322580645164
2023-03-21,5.32258064516129,2.993548387096774,-3.3838709677419354,3.532258064516129
2023-03-20,5.354838709677419,3.0129032258064514,-3.332258064516129,3.535483870967742
2023-03-19,5.387096774193548,3.032258064516129,-3.2806451612903222,3.5387096774193547
2023-03-18,5.419354838709677,3.051612903225806,-3.229032258064516,3.541935483870968
2023-03-17,5.451612903225806,3.0709677419354837,-3.1774193548387095,3.545161290322581
2023-03-16,5.483870967741936,3.0903225806451613,-3.125806451612903,3.5483870967741935
2023-03-15,5.516129032258065,3.1096774193548384,-3.074193548387097,3.5516129032258066
2023-03-14,5.548387096774194,3.129032258064516,-3.02258064516129,3.554838709677419
2023-03-13,5.580645161290323,3.1483870967741936,-2.9709677419354836,3.5580645161290323
2023-03-12,5.612903225806452,3.1677419354838707,-2.919354838709677,3.5612903225806454
2023-03-11,5.645161290322581,3.1870967741935483,-2.867741935483871,3.564516129032258
2023-03-10,5.67741935483871,3.206451612903226,-2.8161290322580643,3.567741935483871
2023-03-09,5.709677419354839,3.225806451612903,-2.7645161290322577,3.5709677419354837
2023-03-08,5.741935483870968,3.2451612903225806,-2.7129032258064516,3.574193548387097
2023-03-07,5.774193548387097,3.2645161290322577,-2.661290322580645,3.57741935483871
2023-03-06,5.806451612903226,3.2838709677419353,-2.6096774193548384,3.5806451612903225
2023-03-05,5.838709677419355,3.303225806451613,-2.5580645161290323,3.5838709677419356
2023-03-04,5.870967741935484,3.32258064516129,-2.5064516129032257,3.5870967741935487
2023-03-03,5.903225806451613,3.3419354838709676,-2.454838709677419,3.5903225806451613
2023-03-02,5.935483870967742,3.361290322580645,-2.4032258064516125,3.5935483870967744
2023-03-01,5.967741935483871,3.3806451612903223,-2.3516129032258064,3.596774193548387
2023-02-28,6.0,3.4,-2.3,3.6
2023-02-27,6.014285714285714,3.4,-2.282142857142857,3.5964285714285715
2023-02-26,6.0285714285714285,3.4,-2.2642857142857142,3.592857142857143
2023-02-25,6.042857142857143,3.4,-2.2464285714285714,3.5892857142857144
2023-02-24,6.057142857142857,3.4,-2.2285714285714286,3.585714285714286
2023-02-23,6.071428571428571,3.4,-2.2107142857142854,3.5821428571428573
2023-02-22,6.085714285714285,3.4,-2.1928571428571426,3.5785714285714287
2023-02-21,6.1,3.4,-2.175,3.575
2023-02-20,6.114285714285715,3.4,-2.157142857142857,3.5714285714285716
2023-02-19,6.128571428571429,3.4,-2.1392857142857142,3.567857142857143
2023-02-18,6.142857142857143,3.4,-2.1214285714285714,3.5642857142857145
2023-02-17,6.1571428571428575,3.4,-2.1035714285714286,3.560714285714286
2023-02-16,6.171428571428572,3.4,-2.0857142857142854,3.5571428571428574
2023-02-15,6.185714285714286,3.4,-2.0678571428571426,3.553571428571429
2023-02-14,6.2,3.4,-2.05,3.5500000000000003
2023-02-13,6.214285714285714,3.4,-2.032142857142857,3.5464285714285713
2023-02-12,6.228571428571429,3.4,-2.0142857142857142,3.5428571428571427
2023-02-11,6.242857142857143,3.4,-1.9964285714285714,3.539285714285714
2023-02-10,6.257142857142857,3.4,-1.9785714285714286,3.5357142857142856
2023-02-09,6.271428571428571,3.4,-1.9607142857142856,3.532142857142857
2023-02-08,6.285714285714286,3.4,-1.9428571428571428,3.5285714285714285
2023-02-07,6.3,3.4,-1.925,3.525
2023-02-06,6.314285714285715,3.4,-1.907142857142857,3.5214285714285714
2023-02-05,6.328571428571429,3.4,-1.8892857142857142,3.517857142857143
2023-02-04,6.342857142857143,3.4,-1.8714285714285714,3.5142857142857142
2023-02-03,6.357142857142858,3.4,-1.8535714285714286,3.5107142857142857
2023-02-02,6.371428571428572,3.4,-1.8357142857142859,3.507142857142857
2023-02-01,6.385714285714286,3.4,-1.8178571428571428,3.5035714285714286
2023-01-31,6.4,3.4,-1.8,3.5
2023-01-30,6.403225806451613,3.4,-1.7806451612903227,3.5
2023-01-29,6.4064516129032265,3.4,-1.7612903225806453,3.5
2023-01-28,6.409677419354839,3.4,-1.7419354838709677,3.5
2023-01-27,6.412903225806452,3.4,-1.7225806451612904,3.5
2023-01-26,6.416129032258064,3.4,-1.703225806451613,3.5
2023-01-25,6.419354838709678,3.4,-1.6838709677419355,3.5
2023-01-24,6.422580645161291,3.4,-1.664516129032258,3.5
2023-01-23,6.425806451612903,3.4,-1.6451612903225807,3.5
2023-01-22,6.429032258064517,3.4,-1.6258064516129034,3.5
2023-01-21,6.432258064516129,3.4,-1.6064516129032258,3.5
2023-01-20,6.435483870967742,3.4,-1.5870967741935484,3.5
2023-01-19,6.438709677419355,3.4,-1.567741935483871,3.5
2023-01-18,6.441935483870968,3.4,-1.5483870967741935,3.5
2023-01-17,6.445161290322581,3.4,-1.5290322580645161,3.5
2023-01-16,6.448387096774193,3.4,-1.5096774193548388,3.5
2023-01-15,6.451612903225807,3.4,-1.4903225806451612,3.5
2023-01-14,6.45483870967742,3.4,-1.4709677419354839,3.5
2023-01-13,6.458064516129032,3.4,-1.4516129032258065,3.5
2023-01-12,6.461290322580646,3.4,-1.4322580645161291,3.5
2023-01-11,6.464516129032258,3.4,-1.4129032258064516,3.5
2023-01-10,6.467741935483871,3.4,-1.3935483870967742,3.5
2023-01-09,6.470967741935484,3.4,-1.3741935483870968,3.5
2023-01-08,6.474193548387097,3.4,-1.3548387096774193,3.5
2023-01-07,6.47741935483871,3.4,-1.335483870967742,3.5
2023-01-06,6.480645161290322,3.4,-1.3161290322580645,3.5
2023-01-05,6.483870967741936,3.4,-1.296774193548387,3.5
2023-01-04,6.487096774193549,3.4,-1.2774193548387096,3.5
2023-01-03,6.490322580645161,3.4,-1.2580645161290323,3.5
2023-01-02,6.493548387096774,3.4,-1.238709677419355,3.5
2023-01-01,6.496774193548387,3.4,-1.2193548387096773,3.5
2022-12-31,6.5,3.4,-1.2,3.5
2022-12-30,6.519354838709678,3.3774193548387097,-1.1548387096774193,3.503225806451613
2022-12-29,6.538709677419355,3.3548387096774195,-1.1096774193548387,3.5064516129032257
2022-12-28,6.558064516129032,3.332258064516129,-1.064516129032258,3.509677419354839
2022-12-27,6.577419354838709,3.3096774193548386,-1.0193548387096774,3.5129032258064514
2022-12-26,6.596774193548387,3.2870967741935484,-0.9741935483870967,3.5161290322580645
2022-12-25,6.616129032258065,3.264516129032258,-0.9290322580645161,3.5193548387096776
2022-12-24,6.635483870967742,3.2419354838709675,-0.8838709677419354,3.52258064516129
2022-12-23,6.654838709677419,3.2193548387096773,-0.8387096774193548,3.5258064516129033
2022-12-22,6.674193548387096,3.196774193548387,-0.7935483870967741,3.5290322580645164
2022-12-21,6.693548387096774,3.174193548387097,-0.7483870967741935,3.532258064516129
2022-12-20,6.712903225806452,3.1516129032258067,-0.7032258064516128,3.535483870967742
2022-12-19,6.732258064516129,3.129032258064516,-0.6580645161290322,3.5387096774193547
2022-12-18,6.751612903225807,3.106451612903226,-0.6129032258064515,3.541935483870968
2022-12-17,6.7709677419354835,3.0838709677419356,-0.5677419354838709,3.545161290322581
2022-12-16,6.790322580645161,3.0612903225806454,-0.5225806451612902,3.5483870967741935
2022-12-15,6.809677419354839,3.0387096774193547,-0.4774193548387096,3.5516129032258066
2022-12-14,6.829032258064516,3.0161290322580645,-0.43225806451612897,3.554838709677419
2022-12-13,6.848387096774194,2.9935483870967743,-0.3870967741935483,3.5580645161290323
2022-12-12,6.8677419354838705,2.970967741935484,-0.3419354838709677,3.5612903225806454
2022-12-11,6.887096774193548,2.9483870967741934,-0.2967741935483871,3.564516129032258
2022-12-10,6.906451612903226,2.925806451612903,-0.25161290322580643,3.567741935483871
2022-12-09,6.925806451612903,2.903225806451613,-0.20645161290322578,3.5709677419354837
2022-12-08,6.945161290322581,2.8806451612903228,-0.16129032258064513,3.574193548387097
2022-12-07,6.9645161290322575,2.8580645161290326,-0.11612903225806448,3.57741935483871
2022-12-06,6.983870967741935,2.835483870967742,-0.07096774193548384,3.5806451612903225
2022-12-05,7.003225806451613,2.8129032258064517,-0.0258064516129032,3.5838709677419356
2022-12-04,7.02258064516129,2.7903225806451615,0.01935483870967744,3.5870967741935487
2022-12-03,7.041935483870968,2.7677419354838713,0.06451612903225809,3.5903225806451613
2022-12-02,7.0612903225806445,2.7451612903225806,0.10967741935483873,3.5935483870967744
2022-12-01,7.080645161290322,2.7225806451612904,0.15483870967741936,3.596774193548387
2022-11-30,7.1,2.7,0.2,3.6
2022-11-29,7.119999999999999,2.7,0.2366666666666667,3.6
2022-11-28,7.14,2.7,0.2733333333333334,3.6
2022-11-27,7.16,2.7,0.31000000000000005,3.6
2022-11-26,7.18,2.7,0.3466666666666667,3.6
2022-11-25,7.199999999999999,2.7,0.38333333333333336,3.6
2022-11-24,7.22,2.7,0.42000000000000004,3.6
2022-11-23,7.24,2.7,0.4566666666666667,3.6
2022-11-22,7.26,2.7,0.4933333333333334,3.6
2022-11-21,7.279999999999999,2.7,0.53,3.6
2022-11-20,7.3,2.7,0.5666666666666667,3.6
2022-11-19,7.32,2.7,0.6033333333333334,3.6
2022-11-18,7.34,2.7,0.64,3.6
2022-11-17,7.359999999999999,2.7,0.6766666666666667,3.6
2022-11-16,7.38,2.7,0.7133333333333334,3.6
2022-11-15,7.4,2.7,0.75,3.6
2022-11-14,7.42,2.7,0.7866666666666667,3.6
2022-11-13,7.4399999999999995,2.7,0.8233333333333334,3.6
2022-11-12,7.46,2.7,0.8600000000000001,3.6
2022-11-11,7.48,2.7,0.8966666666666667,3.6
2022-11-10,7.5,2.7,0.9333333333333333,3.6
2022-11-09,7.52,2.7,0.9700000000000001,3.6
2022-11-08,7.54,2.7,1.0066666666666668,3.6
2022-11-07,7.5600000000000005,2.7,1.0433333333333334,3.6
2022-11-06,7.58,2.7,1.08,3.6
2022-11-05,7.6,2.7,1.1166666666666667,3.6
2022-11-04,7.62,2.7,1.1533333333333333,3.6
2022-11-03,7.640000000000001,2.7,1.19,3.6
2022-11-02,7.66,2.7,1.2266666666666668,3.6
2022-11-01,7.68,2.7,1.2633333333333334,3.6
2022-10-31,7.7,2.7,1.3,3.6
2022-10-30,7.716129032258064,2.7,1.3419354838709678,3.596774193548387
2022-10-29,7.732258064516129,2.7,1.3838709677419354,3.5935483870967744
2022-10-28,7.748387096774193,2.7,1.4258064516129032,3.5903225806451613
2022-10-27,7.764516129032258,2.7,1.467741935483871,3.5870967741935487
2022-10-26,7.780645161290322,2.7,1.5096774193548388,3.5838709677419356
2022-10-25,7.796774193548387,2.7,1.5516129032258064,3.5806451612903225
2022-10-24,7.812903225806451,2.7,1.5935483870967742,3.57741935483871
2022-10-23,7.829032258064516,2.7,1.635483870967742,3.574193548387097
2022-10-22,7.84516129032258,2.7,1.6774193548387097,3.5709677419354837
2022-10-21,7.861290322580645,2.7,1.7193548387096775,3.567741935483871
2022-10-20,7.877419354838709,2.7,1.761290322580645,3.564516129032258
2022-10-19,7.893548387096774,2.7,1.803225806451613,3.5612903225806454
2022-10-18,7.909677419354838,2.7,1.8451612903225807,3.5580645161290323
2022-10-17,7.925806451612903,2.7,1.8870967741935485,3.554838709677419
2022-10-16,7.941935483870967,2.7,1.9290322580645163,3.5516129032258066
2022-10-15,7.958064516129032,2.7,1.9709677419354839,3.5483870967741935
2022-10-14,7.974193548387096,2.7,2.012903225806452,3.545161290322581
2022-10-13,7.990322580645161,2.7,2.054838709677419,3.541935483870968
2022-10-12,8.006451612903225,2.7,2.096774193548387,3.5387096774193547
2022-10-11,8.02258064516129,2.7,2.138709677419355,3.535483870967742
2022-10-10,8.038709677419355,2.7,2.1806451612903226,3.532258064516129
2022-10-09,8.05483870967742,2.7,2.2225806451612904,3.5290322580645164
2022-10-08,8.070967741935483,2.7,2.264516129032258,3.5258064516129033
2022-10-07,8.087096774193547,2.7,2.306451612903226,3.52258064516129
2022-10-06,8.103225806451613,2.7,2.3483870967741938,3.5193548387096776
2022-10-05,8.119354838709677,2.7,2.3903225806451616,3.5161290322580645
2022-10-04,8.135483870967741,2.7,2.432258064516129,3.5129032258064514
2022-10-03,8.151612903225805,2.7,2.4741935483870967,3.509677419354839
2022-10-02,8.167741935483871,2.7,2.5161290322580645,3.5064516129032257
2022-10-01,8.183870967741935,2.7,2.5580645161290323,3.503225806451613
2022-09-30,8.2,2.7,2.6,3.5
2022-09-29,8.203333333333333,2.6200000000000006,2.64,3.5033333333333334
2022-09-28,8.206666666666665,2.5400000000000005,2.68,3.506666666666667
2022-09-27,8.209999999999999,2.4600000000000004,2.72,3.5100000000000002
2022-09-26,8.213333333333333,2.3800000000000003,2.76,3.513333333333333
2022-09-25,8.216666666666667,2.3000000000000003,2.8,3.5166666666666666
2022-09-24,8.219999999999999,2.22,2.84,3.52
2022-09-23,8.223333333333333,2.1400000000000006,2.88,3.5233333333333334
2022-09-22,8.226666666666667,2.0600000000000005,2.92,3.526666666666667
2022-09-21,8.23,1.9800000000000004,2.96,3.5300000000000002
2022-09-20,8.233333333333333,1.9000000000000004,3.0,3.533333333333333
2022-09-19,8.236666666666666,1.8200000000000003,3.04,3.5366666666666666
2022-09-18,8.24,1.7400000000000002,3.08,3.54
2022-09-17,8.243333333333334,1.6600000000000001,3.12,3.5433333333333334
2022-09-16,8.246666666666666,1.5800000000000003,3.16,3.546666666666667
2022-09-15,8.25,1.5000000000000002,3.1999999999999997,3.5500000000000003
2022-09-14,8.253333333333334,1.4200000000000002,3.2399999999999998,3.5533333333333332
2022-09-13,8.256666666666666,1.3400000000000003,3.28,3.5566666666666666
2022-09-12,8.26,1.2600000000000002,3.32,3.56
2022-09-11,8.263333333333334,1.1800000000000002,3.36,3.5633333333333335
2022-09-10,8.266666666666667,1.1,3.4,3.566666666666667
2022-09-09,8.27,1.02,3.44,3.5700000000000003
2022-09-08,8.273333333333333,0.9400000000000002,3.48,3.5733333333333333
2022-09-07,8.276666666666667,0.8600000000000001,3.52,3.5766666666666667
2022-09-06,8.280000000000001,0.78,3.56,3.58
2022-09-05,8.283333333333333,0.7000000000000001,3.5999999999999996,3.5833333333333335
2022-09-04,8.286666666666667,0.6200000000000001,3.6399999999999997,3.586666666666667
2022-09-03,8.290000000000001,0.54,3.6799999999999997,3.5900000000000003
2022-09-02,8.293333333333335,0.46,3.7199999999999998,3.5933333333333333
2022-09-01,8.296666666666667,0.38,3.76,3.5966666666666667
2022-08-31,8.3,0.3,3.8,3.6
2022-08-30,8.306451612903226,0.3,3.835483870967742,3.596774193548387
2022-08-29,8.312903225806453,0.3,3.870967741935484,3.5935483870967744
2022-08-28,8.319354838709678,0.3,3.9064516129032256,3.5903225806451613
2022-08-27,8.325806451612904,0.3,3.9419354838709677,3.5870967741935487
2022-08-26,8.332258064516129,0.3,3.97741935483871,3.5838709677419356
2022-08-25,8.338709677419356,0.3,4.012903225806451,3.5806451612903225
2022-08-24,8.345161290322581,0.3,4.048387096774194,3.57741935483871
2022-08-23,8.351612903225806,0.3,4.083870967741936,3.574193548387097
2022-08-22,8.358064516129033,0.3,4.119354838709677,3.5709677419354837
2022-08-21,8.364516129032259,0.3,4.15483870967742,3.567741935483871
2022-08-20,8.370967741935484,0.3,4.190322580645161,3.564516129032258
2022-08-19,8.37741935483871,0.3,4.225806451612903,3.5612903225806454
2022-08-18,8.383870967741936,0.3,4.2612903225806456,3.5580645161290323
2022-08-17,8.390322580645162,0.3,4.296774193548387,3.554838709677419
2022-08-16,8.396774193548387,0.3,4.332258064516129,3.5516129032258066
2022-08-15,8.403225806451614,0.3,4.367741935483871,3.5483870967741935
2022-08-14,8.40967741935484,0.3,4.403225806451613,3.545161290322581
2022-08-13,8.416129032258064,0.3,4.438709677419355,3.541935483870968
2022-08-12,8.422580645161291,0.3,4.474193548387097,3.5387096774193547
2022-08-11,8.429032258064517,0.3,4.509677419354839,3.535483870967742
2022-08-10,8.435483870967742,0.3,4.54516129032258,3.532258064516129
2022-08-09,8.441935483870967,0.3,4.580645161290323,3.5290322580645164
2022-08-08,8.448387096774194,0.3,4.616129032258065,3.5258064516129033
2022-08-07,8.45483870967742,0.3,4.651612903225807,3.52258064516129
2022-08-06,8.461290322580645,0.3,4.687096774193549,3.5193548387096776
2022-08-05,8.467741935483872,0.3,4.72258064516129,3.5161290322580645
2022-08-04,8.474193548387097,0.3,4.758064516129033,3.5129032258064514
2022-08-03,8.480645161290322,0.3,4.7935483870967746,3.509677419354839
2022-08-02,8.487096774193548,0.3,4.829032258064516,3.5064516129032257
2022-08-01,8.493548387096775,0.3,4.864516129032259,3.503225806451613
2022-07-31,8.5,0.3,4.9,3.5
2022-07-30,8.519354838709678,0.3,4.925806451612903,3.503225806451613
2022-07-29,8.538709677419355,0.3,4.951612903225807,3.5064516129032257
2022-07-28,8.558064516129033,0.3,4.97741935483871,3.509677419354839
2022-07-27,8.57741935483871,0.3,5.0032258064516135,3.5129032258064514
2022-07-26,8.596774193548388,0.3,5.029032258064516,3.5161290322580645
2022-07-25,8.616129032258064,0.3,5.05483870967742,3.5193548387096776
2022-07-24,8.635483870967741,0.3,5.080645161290323,3.52258064516129
2022-07-23,8.654838709677419,0.3,5.106451612903226,3.5258064516129033
2022-07-22,8.674193548387096,0.3,5.1322580645161295,3.5290322580645164
2022-07-21,8.693548387096774,0.3,5.158064516129032,3.532258064516129
2022-07-20,8.712903225806452,0.3,5.183870967741936,3.535483870967742
2022-07-19,8.73225806451613,0.3,5.209677419354839,3.5387096774193547
2022-07-18,8.751612903225807,0.3,5.235483870967742,3.541935483870968
2022-07-17,8.770967741935484,0.3,5.2612903225806456,3.545161290322581
2022-07-16,8.790322580645162,0.3,5.287096774193548,3.5483870967741935
2022-07-15,8.809677419354838,0.3,5.312903225806452,3.5516129032258066
2022-07-14,8.829032258064515,0.3,5.338709677419355,3.554838709677419
2022-07-13,8.848387096774193,0.3,5.364516129032259,3.5580645161290323
2022-07-12,8.86774193548387,0.3,5.390322580645162,3.5612903225806454
2022-07-11,8.887096774193548,0.3,5.416129032258064,3.564516129032258
2022-07-10,8.906451612903226,0.3,5.441935483870968,3.567741935483871
2022-07-09,8.925806451612903,0.3,5.467741935483871,3.5709677419354837
2022-07-08,8.94516129032258,0.3,5.493548387096775,3.574193548387097
2022-07-07,8.964516129032258,0.3,5.519354838709678,3.57741935483871
2022-07-06,8.983870967741936,0.3,5.54516129032258,3.5806451612903225
2022-07-05,9.003225806451612,0.3,5.570967741935484,3.5838709677419356
2022-07-04,9.02258064516129,0.3,5.596774193548387,3.5870967741935487
2022-07-03,9.041935483870967,0.3,5.622580645161291,3.5903225806451613
2022-07-02,9.061290322580644,0.3,5.648387096774194,3.5935483870967744
2022-07-01,9.080645161290322,0.3,5.674193548387097,3.596774193548387
2022-06-30,9.1,0.3,5.7,3.6
2022-06-29,9.083333333333332,0.2566666666666667,5.716666666666667,3.6
2022-06-28,9.066666666666666,0.21333333333333337,5.733333333333333,3.6
2022-06-27,9.049999999999999,0.17000000000000004,5.75,3.6
2022-06-26,9.033333333333333,0.1266666666666667,5.766666666666667,3.6
2022-06-25,9.016666666666666,0.08333333333333337,5.783333333333333,3.6
2022-06-24,9.0,0.040000000000000036,5.8,3.6
2022-06-23,8.983333333333333,-0.0033333333333332993,5.816666666666666,3.6
2022-06-22,8.966666666666667,-0.046666666666666634,5.833333333333334,3.6
2022-06-21,8.95,-0.08999999999999997,5.8500000000000005,3.6
2022-06-20,8.933333333333334,-0.1333333333333333,5.866666666666667,3.6
2022-06-19,8.916666666666666,-0.17666666666666664,5.883333333333334,3.6
2022-06-18,8.9,-0.21999999999999997,5.9,3.6
2022-06-17,8.883333333333333,-0.2633333333333333,5.916666666666667,3.6
2022-06-16,8.866666666666667,-0.30666666666666664,5.933333333333334,3.6
2022-06-15,8.85,-0.35,5.95,3.6
2022-06-14,8.833333333333332,-0.3933333333333333,5.966666666666667,3.6
2022-06-13,8.816666666666666,-0.43666666666666665,5.983333333333333,3.6
2022-06-12,8.799999999999999,-0.48,6.0,3.6
2022-06-11,8.783333333333333,-0.5233333333333333,6.016666666666667,3.6
2022-06-10,8.766666666666666,-0.5666666666666667,6.033333333333333,3.6
2022-06-09,8.75,-0.61,6.05,3.6
2022-06-08,8.733333333333333,-0.6533333333333333,6.066666666666666,3.6
2022-06-07,8.716666666666667,-0.6966666666666667,6.083333333333334,3.6
2022-06-06,8.7,-0.74,6.1000000000000005,3.6
2022-06-05,8.683333333333334,-0.7833333333333333,6.116666666666667,3.6
2022-06-04,8.666666666666666,-0.8266666666666667,6.133333333333334,3.6
2022-06-03,8.65,-0.87,6.15,3.6
2022-06-02,8.633333333333333,-0.9133333333333333,6.166666666666667,3.6
2022-06-01,8.616666666666667,-0.9566666666666667,6.183333333333334,3.6
2022-05-31,8.6,-1.0,6.2,3.6
2022-05-30,8.59032258064516,-1.0,6.254838709677419,3.603225806451613
2022-05-29,8.580645161290322,-1.0,6.309677419354839,3.606451612903226
2022-05-28,8.570967741935483,-1.0,6.364516129032258,3.609677419354839
2022-05-27,8.561290322580644,-1.0,6.419354838709678,3.6129032258064515
2022-05-26,8.551612903225806,-1.0,6.474193548387097,3.6161290322580646
2022-05-25,8.541935483870967,-1.0,6.529032258064516,3.6193548387096777
2022-05-24,8.532258064516128,-1.0,6.583870967741936,3.6225806451612903
2022-05-23,8.522580645161291,-1.0,6.638709677419355,3.6258064516129034
2022-05-22,8.512903225806452,-1.0,6.693548387096774,3.6290322580645165
2022-05-21,8.503225806451614,-1.0,6.748387096774194,3.632258064516129
2022-05-20,8.493548387096775,-1.0,6.803225806451613,3.635483870967742
2022-05-19,8.483870967741936,-1.0,6.858064516129033,3.638709677419355
2022-05-18,8.474193548387097,-1.0,6.912903225806452,3.641935483870968
2022-05-17,8.464516129032258,-1.0,6.967741935483871,3.645161290322581
2022-05-16,8.45483870967742,-1.0,7.02258064516129,3.6483870967741936
2022-05-15,8.44516129032258,-1.0,7.07741935483871,3.6516129032258067
2022-05-14,8.435483870967742,-1.0,7.1322580645161295,3.6548387096774193
2022-05-13,8.425806451612903,-1.0,7.187096774193549,3.6580645161290324
2022-05-12,8.416129032258064,-1.0,7.241935483870968,3.6612903225806455
2022-05-11,8.406451612903226,-1.0,7.296774193548387,3.664516129032258
2022-05-10,8.396774193548387,-1.0,7.351612903225806,3.667741935483871
2022-05-09,8.387096774193548,-1.0,7.4064516129032265,3.670967741935484
2022-05-08,8.37741935483871,-1.0,7.461290322580646,3.674193548387097
2022-05-07,8.367741935483872,-1.0,7.516129032258065,3.67741935483871
2022-05-06,8.358064516129033,-1.0,7.570967741935484,3.6806451612903226
2022-05-05,8.348387096774195,-1.0,7.625806451612903,3.6838709677419357
2022-05-04,8.338709677419356,-1.0,7.680645161290323,3.6870967741935488
2022-05-03,8.329032258064517,-1.0,7.735483870967743,3.6903225806451614
2022-05-02,8.319354838709678,-1.0,7.790322580645162,3.6935483870967745
2022-05-01,8.30967741935484,-1.0,7.845161290322581,3.696774193548387
2022-04-30,8.3,-1.0,7.9,3.7
2022-04-29,8.306666666666667,-1.0,7.956666666666667,3.7
2022-04-28,8.313333333333334,-1.0,8.013333333333334,3.7
2022-04-27,8.32,-1.0,8.07,3.7
2022-04-26,8.326666666666668,-1.0,8.126666666666667,3.7
2022-04-25,8.333333333333334,-1.0,8.183333333333334,3.7
2022-04-24,8.34,-1.0,8.24,3.7
2022-04-23,8.346666666666668,-1.0,8.296666666666667,3.7
2022-04-22,8.353333333333333,-1.0,8.353333333333333,3.7
2022-04-21,8.360000000000001,-1.0,8.41,3.7
2022-04-20,8.366666666666667,-1.0,8.466666666666667,3.7
2022-04-19,8.373333333333333,-1.0,8.523333333333333,3.7
2022-04-18,8.38,-1.0,8.58,3.7
2022-04-17,8.386666666666667,-1.0,8.636666666666667,3.7
2022-04-16,8.393333333333334,-1.0,8.693333333333333,3.7
2022-04-15,8.4,-1.0,8.75,3.7
2022-04-14,8.406666666666666,-1.0,8.806666666666667,3.7
2022-04-13,8.413333333333334,-1.0,8.863333333333333,3.7
2022-04-12,8.42,-1.0,8.92,3.7
2022-04-11,8.426666666666668,-1.0,8.976666666666667,3.7
2022-04-10,8.433333333333334,-1.0,9.033333333333333,3.7
2022-04-09,8.44,-1.0,9.09,3.7
2022-04-08,8.446666666666667,-1.0,9.146666666666667,3.7
2022-04-07,8.453333333333333,-1.0,9.203333333333333,3.7
2022-04-06,8.46,-1.0,9.26,3.7
2022-04-05,8.466666666666667,-1.0,9.316666666666666,3.7
2022-04-04,8.473333333333333,-1.0,9.373333333333333,3.7
2022-04-03,8.48,-1.0,9.43,3.7
2022-04-02,8.486666666666666,-1.0,9.486666666666666,3.7
2022-04-01,8.493333333333334,-1.0,9.543333333333333,3.7
2022-03-31,8.5,-1.0,9.6,3.7
2022-03-30,8.480645161290322,-0.7290322580645165,9.635483870967741,3.7032258064516133
2022-03-29,8.461290322580645,-0.45806451612903265,9.670967741935483,3.706451612903226
2022-03-28,8.441935483870967,-0.18709677419354875,9.706451612903226,3.709677419354839
2022-03-27,8.42258064516129,0.08387096774193514,9.741935483870968,3.7129032258064516
2022-03-26,8.403225806451612,0.35483870967741904,9.77741935483871,3.7161290322580647
2022-03-25,8.383870967741936,0.6258064516129029,9.812903225806451,3.7193548387096773
2022-03-24,8.364516129032259,0.8967741935483868,9.848387096774193,3.7225806451612904
2022-03-23,8.345161290322581,1.1677419354838707,9.883870967741935,3.7258064516129035
2022-03-22,8.325806451612904,1.4387096774193546,9.919354838709676,3.729032258064516
2022-03-21,8.306451612903226,1.7096774193548385,9.95483870967742,3.732258064516129
2022-03-20,8.287096774193548,1.9806451612903224,9.990322580645161,3.735483870967742
2022-03-19,8.26774193548387,2.2516129032258063,10.025806451612903,3.738709677419355
2022-03-18,8.248387096774193,2.52258064516129,10.061290322580644,3.741935483870968
2022-03-17,8.229032258064516,2.793548387096774,10.096774193548386,3.7451612903225806
2022-03-16,8.209677419354838,3.064516129032258,10.132258064516128,3.7483870967741937
2022-03-15,8.190322580645162,3.335483870967742,10.167741935483871,3.7516129032258063
2022-03-14,8.170967741935485,3.606451612903226,10.203225806451613,3.7548387096774194
2022-03-13,8.151612903225807,3.8774193548387097,10.238709677419354,3.758064516129032
2022-03-12,8.13225806451613,4.148387096774194,10.274193548387096,3.761290322580645
2022-03-11,8.112903225806452,4.419354838709678,10.309677419354838,3.764516129032258
2022-03-10,8.093548387096774,4.690322580645161,10.34516129032258,3.767741935483871
2022-03-09,8.074193548387097,4.961290322580645,10.380645161290323,3.770967741935484
2022-03-08,8.05483870967742,5.232258064516129,10.416129032258064,3.7741935483870965
2022-03-07,8.035483870967742,5.5032258064516135,10.451612903225806,3.7774193548387096
2022-03-06,8.016129032258064,5.774193548387097,10.487096774193548,3.7806451612903227
2022-03-05,7.996774193548387,6.04516129032258,10.52258064516129,3.7838709677419353
2022-03-04,7.97741935483871,6.316129032258065,10.558064516129031,3.7870967741935484
2022-03-03,7.958064516129032,6.587096774193549,10.593548387096774,3.790322580645161
2022-03-02,7.9387096774193555,6.858064516129033,10.629032258064516,3.793548387096774
2022-03-01,7.919354838709678,7.129032258064516,10.664516129032258,3.7967741935483867
2022-02-28,7.9,7.4,10.7,3.8
2022-02-27,7.885714285714286,7.4,10.728571428571428,3.807142857142857
2022-02-26,7.871428571428572,7.4,10.757142857142856,3.814285714285714
2022-02-25,7.857142857142858,7.4,10.785714285714285,3.821428571428571
2022-02-24,7.842857142857143,7.4,10.814285714285713,3.8285714285714283
2022-02-23,7.828571428571429,7.4,10.842857142857142,3.8357142857142854
2022-02-22,7.814285714285715,7.4,10.87142857142857,3.8428571428571425
2022-02-21,7.800000000000001,7.4,10.899999999999999,3.8499999999999996
2022-02-20,7.785714285714286,7.4,10.928571428571429,3.857142857142857
2022-02-19,7.771428571428571,7.4,10.957142857142857,3.8642857142857143
2022-02-18,7.757142857142857,7.4,10.985714285714286,3.8714285714285714
2022-02-17,7.742857142857143,7.4,11.014285714285714,3.8785714285714286
2022-02-16,7.728571428571429,7.4,11.042857142857143,3.8857142857142857
2022-02-15,7.714285714285714,7.4,11.071428571428571,3.892857142857143
2022-02-14,7.7,7.4,11.1,3.9
2022-02-13,7.685714285714286,7.4,11.128571428571428,3.907142857142857
2022-02-12,7.671428571428572,7.4,11.157142857142857,3.914285714285714
2022-02-11,7.6571428571428575,7.4,11.185714285714285,3.9214285714285713
2022-02-10,7.642857142857143,7.4,11.214285714285714,3.9285714285714284
2022-02-09,7.628571428571429,7.4,11.242857142857142,3.9357142857142855
2022-02-08,7.614285714285715,7.4,11.27142857142857,3.9428571428571426
2022-02-07,7.6000000000000005,7.4,11.299999999999999,3.9499999999999997
2022-02-06,7.585714285714285,7.4,11.32857142857143,3.9571428571428573
2022-02-05,7.571428571428571,7.4,11.357142857142858,3.9642857142857144
2022-02-04,7.557142857142857,7.4,11.385714285714286,3.9714285714285715
2022-02-03,7.542857142857143,7.4,11.414285714285715,3.9785714285714286
2022-02-02,7.5285714285714285,7.4,11.442857142857143,3.9857142857142858
2022-02-01,7.514285714285714,7.4,11.471428571428572,3.992857142857143
2022-01-31,7.5,7.4,11.5,4.0
2022-01-30,7.483870967741935,7.4,11.522580645161291,3.996774193548387
2022-01-29,7.467741935483871,7.4,11.54516129032258,3.9935483870967743
2022-01-28,7.451612903225806,7.4,11.567741935483872,3.990322580645161
2022-01-27,7.435483870967742,7.4,11.59032258064516,3.9870967741935486
2022-01-26,7.419354838709677,7.4,11.612903225806452,3.9838709677419355
2022-01-25,7.403225806451613,7.4,11.635483870967741,3.9806451612903224
2022-01-24,7.387096774193548,7.4,11.658064516129032,3.97741935483871
2022-01-23,7.370967741935484,7.4,11.680645161290322,3.9741935483870967
2022-01-22,7.354838709677419,7.4,11.703225806451613,3.9709677419354836
2022-01-21,7.338709677419355,7.4,11.725806451612902,3.967741935483871
2022-01-20,7.32258064516129,7.4,11.748387096774193,3.964516129032258
2022-01-19,7.306451612903226,7.4,11.770967741935484,3.9612903225806453
2022-01-18,7.290322580645161,7.4,11.793548387096774,3.958064516129032
2022-01-17,7.274193548387097,7.4,11.816129032258065,3.954838709677419
2022-01-16,7.258064516129032,7.4,11.838709677419354,3.9516129032258065
2022-01-15,7.241935483870968,7.4,11.861290322580645,3.9483870967741934
2022-01-14,7.225806451612903,7.4,11.883870967741935,3.945161290322581
2022-01-13,7.209677419354839,7.4,11.906451612903226,3.9419354838709677
2022-01-12,7.193548387096774,7.4,11.929032258064515,3.9387096774193546
2022-01-11,7.17741935483871,7.4,11.951612903225806,3.935483870967742
2022-01-10,7.161290322580645,7.4,11.974193548387097,3.932258064516129
2022-01-09,7.145161290322581,7.4,11.996774193548386,3.9290322580645163
2022-01-08,7.129032258064516,7.4,12.019354838709678,3.925806451612903
2022-01-07,7.112903225806452,7.4,12.041935483870967,3.92258064516129
2022-01-06,7.096774193548387,7.4,12.064516129032258,3.9193548387096775
2022-01-05,7.080645161290323,7.4,12.087096774193547,3.9161290322580644
2022-01-04,7.064516129032258,7.4,12.109677419354838,3.9129032258064513
2022-01-03,7.048387096774194,7.4,12.132258064516128,3.9096774193548387
2022-01-02,7.032258064516129,7.4,12.154838709677419,3.9064516129032256
2022-01-01,7.016129032258065,7.4,12.177419354838708,3.903225806451613
2021-12-31,7.0,7.4,12.2,3.9
2021-12-30,6.993548387096774,7.274193548387097,12.203225806451613,3.9096774193548387
2021-12-29,6.987096774193549,7.148387096774194,12.206451612903225,3.9193548387096775
2021-12-28,6.980645161290322,7.022580645161291,12.209677419354838,3.929032258064516
2021-12-27,6.974193548387097,6.896774193548388,12.212903225806452,3.9387096774193546
2021-12-26,6.967741935483871,6.770967741935484,12.216129032258063,3.9483870967741934
2021-12-25,6.961290322580645,6.645161290322581,12.219354838709677,3.958064516129032
2021-12-24,6.95483870967742,6.519354838709678,12.22258064516129,3.967741935483871
2021-12-23,6.948387096774193,6.393548387096774,12.225806451612902,3.97741935483871
2021-12-22,6.941935483870967,6.267741935483872,12.229032258064516,3.9870967741935486
2021-12-21,6.935483870967742,6.141935483870968,12.23225806451613,3.996774193548387
2021-12-20,6.929032258064516,6.016129032258065,12.235483870967741,4.006451612903226
2021-12-19,6.922580645161291,5.890322580645162,12.238709677419354,4.016129032258065
2021-12-18,6.916129032258064,5.764516129032258,12.241935483870968,4.025806451612903
2021-12-17,6.909677419354838,5.638709677419355,12.24516129032258,4.035483870967742
2021-12-16,6.903225806451613,5.512903225806452,12.248387096774193,4.04516129032258
2021-12-15,6.896774193548387,5.387096774193549,12.251612903225807,4.054838709677419
2021-12-14,6.890322580645162,5.2612903225806456,12.25483870967742,4.064516129032258
2021-12-13,6.883870967741935,5.135483870967742,12.258064516129032,4.074193548387097
2021-12-12,6.877419354838709,5.009677419354839,12.261290322580646,4.083870967741936
2021-12-11,6.870967741935484,4.883870967741935,12.264516129032259,4.093548387096774
2021-12-10,6.864516129032258,4.758064516129032,12.26774193548387,4.103225806451613
2021-12-09,6.858064516129033,4.6322580645161295,12.270967741935484,4.112903225806452
2021-12-08,6.851612903225806,4.506451612903226,12.274193548387098,4.122580645161291
2021-12-07,6.84516129032258,4.380645161290323,12.27741935483871,4.1322580645161295
2021-12-06,6.838709677419355,4.254838709677419,12.280645161290323,4.141935483870967
2021-12-05,6.832258064516129,4.129032258064516,12.283870967741937,4.151612903225806
2021-12-04,6.825806451612903,4.003225806451613,12.287096774193548,4.161290322580645
2021-12-03,6.819354838709677,3.8774193548387097,12.290322580645162,4.170967741935484
2021-12-02,6.812903225806451,3.7516129032258063,12.293548387096775,4.180645161290323
2021-12-01,6.806451612903226,3.6258064516129034,12.296774193548387,4.190322580645161
2021-11-30,6.8,3.5,12.3,4.2
2021-11-29,6.779999999999999,3.5,12.316666666666668,4.21
2021-11-28,6.76,3.5,12.333333333333334,4.22
2021-11-27,6.74,3.5,12.350000000000001,4.23
2021-11-26,6.72,3.5,12.366666666666667,4.24
2021-11-25,6.7,3.5,12.383333333333335,4.25
2021-11-24,6.68,3.5,12.4,4.26
2021-11-23,6.66,3.5,12.416666666666668,4.2700000000000005
2021-11-22,6.64,3.5,12.433333333333334,4.28
2021-11-21,6.62,3.5,12.450000000000001,4.29
2021-11-20,6.6,3.5,12.466666666666667,4.3
2021-11-19,6.58,3.5,12.483333333333334,4.3100000000000005
2021-11-18,6.56,3.5,12.5,4.32
2021-11-17,6.54,3.5,12.516666666666667,4.33
2021-11-16,6.52,3.5,12.533333333333333,4.34
2021-11-15,6.5,3.5,12.55,4.3500000000000005
2021-11-14,6.48,3.5,12.566666666666668,4.36
2021-11-13,6.46,3.5,12.583333333333334,4.37
2021-11-12,6.44,3.5,12.600000000000001,4.38
2021-11-11,6.42,3.5,12.616666666666667,4.39
2021-11-10,6.4,3.5,12.633333333333335,4.4
2021-11-09,6.38,3.5,12.65,4.41
2021-11-08,6.36,3.5,12.666666666666668,4.42
2021-11-07,6.34,3.5,12.683333333333334,4.43
2021-11-06,6.32,3.5,12.700000000000001,4.44
2021-11-05,6.3,3.5,12.716666666666667,4.45
2021-11-04,6.28,3.5,12.733333333333334,4.46
2021-11-03,6.26,3.5,12.75,4.47
2021-11-02,6.24,3.5,12.766666666666667,4.48
2021-11-01,6.22,3.5,12.783333333333333,4.49
2021-10-31,6.2,3.5,12.8,4.5
2021-10-30,6.174193548387097,3.5,12.8,4.506451612903226
2021-10-29,6.148387096774194,3.5,12.8,4.512903225806451
2021-10-28,6.122580645161291,3.5,12.8,4.519354838709678
2021-10-27,6.096774193548387,3.5,12.8,4.525806451612903
2021-10-26,6.070967741935484,3.5,12.8,4.532258064516129
2021-10-25,6.04516129032258,3.5,12.8,4.538709677419355
2021-10-24,6.019354838709678,3.5,12.8,4.54516129032258
2021-10-23,5.993548387096775,3.5,12.8,4.551612903225807
2021-10-22,5.967741935483871,3.5,12.8,4.558064516129033
2021-10-21,5.941935483870968,3.5,12.8,4.564516129032258
2021-10-20,5.916129032258064,3.5,12.8,4.570967741935484
2021-10-19,5.890322580645162,3.5,12.8,4.577419354838709
2021-10-18,5.864516129032259,3.5,12.8,4.583870967741936
2021-10-17,5.838709677419355,3.5,12.8,4.590322580645162
2021-10-16,5.812903225806452,3.5,12.8,4.596774193548387
2021-10-15,5.787096774193548,3.5,12.8,4.603225806451613
2021-10-14,5.7612903225806456,3.5,12.8,4.609677419354838
2021-10-13,5.735483870967742,3.5,12.8,4.616129032258065
2021-10-12,5.709677419354839,3.5,12.8,4.622580645161291
2021-10-11,5.683870967741936,3.5,12.8,4.629032258064516
2021-10-10,5.658064516129032,3.5,12.8,4.635483870967742
2021-10-09,5.6322580645161295,3.5,12.8,4.641935483870967
2021-10-08,5.606451612903226,3.5,12.8,4.648387096774194
2021-10-07,5.580645161290323,3.5,12.8,4.65483870967742
2021-10-06,5.55483870967742,3.5,12.8,4.661290322580645
2021-10-05,5.529032258064516,3.5,12.8,4.667741935483871
2021-10-04,5.5032258064516135,3.5,12.8,4.674193548387097
2021-10-03,5.47741935483871,3.5,12.8,4.680645161290323
2021-10-02,5.451612903225807,3.5,12.8,4.687096774193549
2021-10-01,5.425806451612903,3.5,12.8,4.693548387096774
2021-09-30,5.4,3.5,12.8,4.7
2021-09-29,5.396666666666667,3.5966666666666667,12.816666666666668,4.713333333333334
2021-09-28,5.3933333333333335,3.6933333333333334,12.833333333333334,4.726666666666667
2021-09-27,5.390000000000001,3.79,12.850000000000001,4.74
2021-09-26,5.386666666666667,3.8866666666666667,12.866666666666667,4.753333333333334
2021-09-25,5.383333333333334,3.9833333333333334,12.883333333333335,4.766666666666667
2021-09-24,5.38,4.08,12.9,4.78
2021-09-23,5.376666666666667,4.176666666666667,12.916666666666668,4.793333333333333
2021-09-22,5.373333333333334,4.273333333333333,12.933333333333334,4.806666666666667
2021-09-21,5.37,4.37,12.950000000000001,4.82
2021-09-20,5.366666666666667,4.466666666666667,12.966666666666667,4.833333333333333
2021-09-19,5.363333333333333,4.5633333333333335,12.983333333333334,4.846666666666667
2021-09-18,5.36,4.66,13.0,4.86
2021-09-17,5.3566666666666665,4.756666666666667,13.016666666666667,4.873333333333333
2021-09-16,5.3533333333333335,4.8533333333333335,13.033333333333333,4.886666666666667
2021-09-15,5.35,4.95,13.05,4.9
2021-09-14,5.346666666666667,5.046666666666667,13.066666666666668,4.913333333333333
2021-09-13,5.343333333333334,5.1433333333333335,13.083333333333334,4.926666666666667
2021-09-12,5.34,5.24,13.100000000000001,4.9399999999999995
2021-09-11,5.336666666666667,5.336666666666667,13.116666666666667,4.953333333333333
2021-09-10,5.333333333333333,5.433333333333334,13.133333333333335,4.966666666666667
2021-09-09,5.33,5.53,13.15,4.9799999999999995
2021-09-08,5.326666666666666,5.626666666666667,13.166666666666668,4.993333333333333
2021-09-07,5.323333333333333,5.723333333333334,13.183333333333334,5.006666666666667
2021-09-06,5.32,5.82,13.200000000000001,5.02
2021-09-05,5.316666666666666,5.916666666666667,13.216666666666667,5.033333333333333
2021-09-04,5.3133333333333335,6.013333333333334,13.233333333333334,5.046666666666666
2021-09-03,5.31,6.11,13.25,5.06
2021-09-02,5.306666666666667,6.206666666666667,13.266666666666667,5.073333333333333
2021-09-01,5.303333333333333,6.303333333333334,13.283333333333333,5.086666666666666
2021-08-31,5.3,6.4,13.3,5.1
2021-08-30,5.3032258064516125,6.4,13.280645161290323,5.109677419354838
2021-08-29,5.306451612903226,6.4,13.261290322580646,5.119354838709677
2021-08-28,5.309677419354839,6.4,13.241935483870968,5.129032258064516
2021-08-27,5.312903225806451,6.4,13.22258064516129,5.138709677419355
2021-08-26,5.316129032258065,6.4,13.203225806451613,5.148387096774194
2021-08-25,5.319354838709677,6.4,13.183870967741935,5.158064516129032
2021-08-24,5.32258064516129,6.4,13.164516129032258,5.167741935483871
2021-08-23,5.325806451612904,6.4,13.145161290322582,5.177419354838709
2021-08-22,5.329032258064516,6.4,13.125806451612904,5.187096774193548
2021-08-21,5.332258064516129,6.4,13.106451612903227,5.196774193548387
2021-08-20,5.335483870967742,6.4,13.087096774193549,5.2064516129032254
2021-08-19,5.338709677419355,6.4,13.067741935483872,5.216129032258064
2021-08-18,5.341935483870968,6.4,13.048387096774194,5.225806451612903
2021-08-17,5.345161290322581,6.4,13.029032258064516,5.235483870967742
2021-08-16,5.348387096774194,6.4,13.009677419354839,5.245161290322581
2021-08-15,5.351612903225806,6.4,12.990322580645161,5.254838709677419
2021-08-14,5.354838709677419,6.4,12.970967741935484,5.264516129032258
2021-08-13,5.358064516129033,6.4,12.951612903225806,5.274193548387097
2021-08-12,5.361290322580645,6.4,12.932258064516128,5.283870967741936
2021-08-11,5.364516129032258,6.4,12.912903225806451,5.2935483870967746
2021-08-10,5.367741935483871,6.4,12.893548387096773,5.303225806451613
2021-08-09,5.370967741935484,6.4,12.874193548387096,5.312903225806452
2021-08-08,5.374193548387097,6.4,12.854838709677418,5.322580645161291
2021-08-07,5.37741935483871,6.4,12.835483870967742,5.332258064516129
2021-08-06,5.380645161290323,6.4,12.816129032258065,5.341935483870968
2021-08-05,5.383870967741935,6.4,12.796774193548387,5.351612903225806
2021-08-04,5.387096774193549,6.4,12.77741935483871,5.361290322580645
2021-08-03,5.390322580645162,6.4,12.758064516129032,5.370967741935484
2021-08-02,5.393548387096774,6.4,12.738709677419354,5.380645161290323
2021-08-01,5.396774193548388,6.4,12.719354838709677,5.390322580645162
2021-07-31,5.4,6.4,12.7,5.4
2021-07-30,5.4,6.4,12.706451612903225,5.416129032258065
2021-07-29,5.4,6.4,12.712903225806452,5.432258064516129
2021-07-28,5.4,6.4,12.719354838709677,5.448387096774194
2021-07-27,5.4,6.4,12.725806451612902,5.464516129032258
2021-07-26,5.4,6.4,12.73225806451613,5.480645161290323
2021-07-25,5.4,6.4,12.738709677419354,5.496774193548387
2021-07-24,5.4,6.4,12.74516129032258,5.512903225806452
2021-07-23,5.4,6.4,12.751612903225807,5.529032258064516
2021-07-22,5.4,6.4,12.758064516129032,5.545161290322581
2021-07-21,5.4,6.4,12.764516129032257,5.561290322580645
2021-07-20,5.4,6.4,12.770967741935484,5.57741935483871
2021-07-19,5.4,6.4,12.77741935483871,5.593548387096774
2021-07-18,5.4,6.4,12.783870967741935,5.609677419354839
2021-07-17,5.4,6.4,12.790322580645162,5.625806451612903
2021-07-16,5.4,6.4,12.796774193548387,5.641935483870968
2021-07-15,5.4,6.4,12.803225806451612,5.658064516129032
2021-07-14,5.4,6.4,12.809677419354838,5.674193548387097
2021-07-13,5.4,6.4,12.816129032258065,5.690322580645161
2021-07-12,5.4,6.4,12.82258064516129,5.706451612903226
2021-07-11,5.4,6.4,12.829032258064515,5.72258064516129
2021-07-10,5.4,6.4,12.835483870967742,5.738709677419355
2021-07-09,5.4,6.4,12.841935483870968,5.754838709677419
2021-07-08,5.4,6.4,12.848387096774193,5.770967741935484
2021-07-07,5.4,6.4,12.85483870967742,5.787096774193548
2021-07-06,5.4,6.4,12.861290322580645,5.803225806451613
2021-07-05,5.4,6.4,12.86774193548387,5.819354838709677
2021-07-04,5.4,6.4,12.874193548387098,5.835483870967742
2021-07-03,5.4,6.4,12.880645161290323,5.851612903225806
2021-07-02,5.4,6.4,12.887096774193548,5.867741935483871
2021-07-01,5.4,6.4,12.893548387096775,5.883870967741935
2021-06-30,5.4,6.4,12.9,5.9
2021-06-29,5.386666666666667,6.373333333333334,12.950000000000001,5.896666666666667
2021-06-28,5.373333333333334,6.346666666666667,13.0,5.8933333333333335
2021-06-27,5.36,6.32,13.05,5.890000000000001
2021-06-26,5.346666666666667,6.293333333333334,13.1,5.886666666666667
2021-06-25,5.333333333333334,6.266666666666667,13.15,5.883333333333334
2021-06-24,5.32,6.24,13.200000000000001,5.88
2021-06-23,5.306666666666667,6.213333333333334,13.25,5.876666666666667
2021-06-22,5.293333333333334,6.1866666666666665,13.3,5.873333333333334
2021-06-21,5.28,6.16,13.35,5.87
2021-06-20,5.266666666666667,6.133333333333334,13.4,5.866666666666667
2021-06-19,5.253333333333334,6.1066666666666665,13.450000000000001,5.863333333333333
2021-06-18,5.24,6.08,13.5,5.86
2021-06-17,5.226666666666667,6.053333333333334,13.55,5.8566666666666665
2021-06-16,5.213333333333334,6.026666666666666,13.6,5.8533333333333335
2021-06-15,5.2,6.0,13.65,5.85
2021-06-14,5.1866666666666665,5.973333333333334,13.700000000000001,5.846666666666667
2021-06-13,5.173333333333334,5.946666666666666,13.75,5.843333333333334
2021-06-12,5.16,5.92,13.8,5.84
2021-06-11,5.1466666666666665,5.8933333333333335,13.85,5.836666666666667
2021-06-10,5.133333333333334,5.866666666666666,13.9,5.833333333333333
2021-06-09,5.12,5.84,13.950000000000001,5.83
2021-06-08,5.1066666666666665,5.8133333333333335,14.0,5.826666666666666
2021-06-07,5.093333333333334,5.786666666666666,14.05,5.823333333333333
2021-06-06,5.08,5.76,14.1,5.82
2021-06-05,5.066666666666666,5.733333333333333,14.15,5.816666666666666
2021-06-04,5.053333333333334,5.706666666666666,14.200000000000001,5.8133333333333335
2021-06-03,5.04,5.68,14.25,5.81
2021-06-02,5.026666666666666,5.653333333333333,14.3,5.806666666666667
2021-06-01,5.013333333333334,5.626666666666666,14.35,5.803333333333333
2021-05-31,5.0,5.6,14.4,5.8
2021-05-30,4.974193548387097,5.6,14.535483870967742,5.809677419354839
2021-05-29,4.948387096774193,5.6,14.670967741935485,5.819354838709677
2021-05-28,4.922580645161291,5.6,14.806451612903226,5.829032258064516
2021-05-27,4.896774193548387,5.6,14.941935483870967,5.838709677419355
2021-05-26,4.870967741935484,5.6,15.07741935483871,5.848387096774194
2021-05-25,4.84516129032258,5.6,15.212903225806452,5.858064516129032
2021-05-24,4.819354838709677,5.6,15.348387096774195,5.8677419354838705
2021-05-23,4.7935483870967746,5.6,15.483870967741936,5.877419354838709
2021-05-22,4.767741935483871,5.6,15.619354838709677,5.887096774193548
2021-05-21,4.741935483870968,5.6,15.75483870967742,5.896774193548387
2021-05-20,4.716129032258064,5.6,15.890322580645162,5.906451612903226
2021-05-19,4.690322580645161,5.6,16.025806451612905,5.916129032258064
2021-05-18,4.6645161290322585,5.6,16.161290322580644,5.925806451612903
2021-05-17,4.638709677419355,5.6,16.296774193548387,5.935483870967742
2021-05-16,4.612903225806452,5.6,16.43225806451613,5.945161290322581
2021-05-15,4.587096774193548,5.6,16.567741935483873,5.954838709677419
2021-05-14,4.561290322580645,5.6,16.703225806451613,5.9645161290322575
2021-05-13,4.535483870967742,5.6,16.838709677419356,5.974193548387096
2021-05-12,4.509677419354839,5.6,16.9741935483871,5.983870967741935
2021-05-11,4.483870967741936,5.6,17.10967741935484,5.993548387096774
2021-05-10,4.458064516129032,5.6,17.24516129032258,6.003225806451613
2021-05-09,4.432258064516129,5.6,17.380645161290325,6.012903225806451
2021-05-08,4.406451612903226,5.6,17.516129032258064,6.02258064516129
2021-05-07,4.380645161290323,5.6,17.651612903225807,6.032258064516129
2021-05-06,4.35483870967742,5.6,17.78709677419355,6.041935483870968
2021-05-05,4.329032258064516,5.6,17.922580645161293,6.051612903225806
2021-05-04,4.303225806451613,5.6,18.058064516129033,6.0612903225806445
2021-05-03,4.27741935483871,5.6,18.193548387096776,6.070967741935483
2021-05-02,4.251612903225807,5.6,18.32903225806452,6.080645161290322
2021-05-01,4.225806451612903,5.6,18.46451612903226,6.090322580645161
2021-04-30,4.2,5.6,18.6,6.1
2021-04-29,4.1466666666666665,5.6,18.776666666666667,6.1
2021-04-28,4.093333333333334,5.6,18.953333333333333,6.1
2021-04-27,4.04,5.6,19.130000000000003,6.1
2021-04-26,3.986666666666667,5.6,19.30666666666667,6.1
2021-04-25,3.9333333333333336,5.6,19.483333333333334,6.1
2021-04-24,3.8800000000000003,5.6,19.66,6.1
2021-04-23,3.8266666666666667,5.6,19.836666666666666,6.1
2021-04-22,3.7733333333333334,5.6,20.013333333333335,6.1
2021-04-21,3.72,5.6,20.19,6.1
2021-04-20,3.666666666666667,5.6,20.366666666666667,6.1
2021-04-19,3.6133333333333333,5.6,20.543333333333333,6.1
2021-04-18,3.56,5.6,20.72,6.1
2021-04-17,3.506666666666667,5.6,20.89666666666667,6.1
2021-04-16,3.4533333333333336,5.6,21.073333333333334,6.1
2021-04-15,3.4000000000000004,5.6,21.25,6.1
2021-04-14,3.3466666666666667,5.6,21.426666666666666,6.1
2021-04-13,3.2933333333333334,5.6,21.60333333333333,6.1
2021-04-12,3.24,5.6,21.78,6.1
2021-04-11,3.186666666666667,5.6,21.956666666666667,6.1
2021-04-10,3.1333333333333333,5.6,22.133333333333333,6.1
2021-04-09,3.08,5.6,22.31,6.1
2021-04-08,3.026666666666667,5.6,22.486666666666665,6.1
2021-04-07,2.9733333333333336,5.6,22.663333333333334,6.1
2021-04-06,2.92,5.6,22.84,6.1
2021-04-05,2.8666666666666667,5.6,23.016666666666666,6.1
2021-04-04,2.8133333333333335,5.6,23.19333333333333,6.1
2021-04-03,2.7600000000000002,5.6,23.369999999999997,6.1
2021-04-02,2.7066666666666666,5.6,23.546666666666667,6.1
2021-04-01,2.6533333333333333,5.6,23.723333333333333,6.1
2021-03-31,2.6,5.6,23.9,6.1
2021-03-30,2.570967741935484,5.5612903225806445,23.99032258064516,6.103225806451612
2021-03-29,2.541935483870968,5.52258064516129,24.08064516129032,6.106451612903226
2021-03-28,2.512903225806452,5.483870967741935,24.17096774193548,6.109677419354838
2021-03-27,2.4838709677419355,5.44516129032258,24.261290322580646,6.112903225806451
2021-03-26,2.4548387096774196,5.406451612903226,24.351612903225806,6.116129032258065
2021-03-25,2.425806451612903,5.3677419354838705,24.441935483870967,6.119354838709677
2021-03-24,2.3967741935483873,5.329032258064516,24.532258064516128,6.12258064516129
2021-03-23,2.367741935483871,5.290322580645161,24.62258064516129,6.125806451612903
2021-03-22,2.338709677419355,5.251612903225806,24.71290322580645,6.129032258064516
2021-03-21,2.3096774193548386,5.212903225806452,24.80322580645161,6.132258064516129
2021-03-20,2.2806451612903227,5.174193548387096,24.89354838709677,6.135483870967742
2021-03-19,2.2516129032258063,5.135483870967742,24.983870967741936,6.138709677419355
2021-03-18,2.2225806451612904,5.096774193548387,25.074193548387097,6.141935483870967
2021-03-17,2.193548387096774,5.058064516129032,25.164516129032258,6.145161290322581
2021-03-16,2.164516129032258,5.019354838709678,25.25483870967742,6.148387096774194
2021-03-15,2.135483870967742,4.980645161290322,25.34516129032258,6.151612903225806
2021-03-14,2.106451612903226,4.941935483870968,25.43548387096774,6.154838709677419
2021-03-13,2.07741935483871,4.903225806451613,25.5258064516129,6.158064516129032
2021-03-12,2.0483870967741935,4.864516129032258,25.616129032258062,6.161290322580645
2021-03-11,2.0193548387096776,4.825806451612904,25.706451612903226,6.164516129032258
2021-03-10,1.9903225806451612,4.787096774193548,25.796774193548387,6.167741935483871
2021-03-09,1.961290322580645,4.748387096774193,25.887096774193548,6.170967741935484
2021-03-08,1.932258064516129,4.709677419354839,25.97741935483871,6.174193548387096
2021-03-07,1.903225806451613,4.670967741935484,26.06774193548387,6.17741935483871
2021-03-06,1.8741935483870968,4.6322580645161295,26.15806451612903,6.180645161290323
2021-03-05,1.8451612903225807,4.593548387096774,26.24838709677419,6.183870967741935
2021-03-04,1.8161290322580645,4.554838709677419,26.338709677419352,6.187096774193549
2021-03-03,1.7870967741935484,4.516129032258065,26.429032258064517,6.190322580645161
2021-03-02,1.7580645161290323,4.47741935483871,26.519354838709678,6.193548387096774
2021-03-01,1.729032258064516,4.4387096774193555,26.60967741935484,6.1967741935483875
2021-02-28,1.7,4.4,26.7,6.2
2021-02-27,1.6892857142857143,4.4,26.660714285714285,6.207142857142857
2021-02-26,1.6785714285714286,4.4,26.62142857142857,6.214285714285714
2021-02-25,1.6678571428571427,4.4,26.582142857142856,6.2214285714285715
2021-02-24,1.657142857142857,4.4,26.54285714285714,6.228571428571429
2021-02-23,1.6464285714285714,4.4,26.50357142857143,6.235714285714286
2021-02-22,1.6357142857142857,4.4,26.464285714285715,6.242857142857143
2021-02-21,1.625,4.4,26.425,6.25
2021-02-20,1.6142857142857143,4.4,26.385714285714286,6.257142857142857
2021-02-19,1.6035714285714284,4.4,26.34642857142857,6.264285714285714
2021-02-18,1.5928571428571427,4.4,26.307142857142857,6.271428571428571
2021-02-17,1.582142857142857,4.4,26.267857142857142,6.2785714285714285
2021-02-16,1.5714285714285714,4.4,26.228571428571428,6.285714285714286
2021-02-15,1.5607142857142857,4.4,26.189285714285713,6.292857142857143
2021-02-14,1.55,4.4,26.15,6.3
2021-02-13,1.5392857142857141,4.4,26.110714285714288,6.307142857142858
2021-02-12,1.5285714285714285,4.4,26.071428571428573,6.314285714285715
2021-02-11,1.5178571428571428,4.4,26.03214285714286,6.321428571428572
2021-02-10,1.5071428571428571,4.4,25.992857142857144,6.328571428571429
2021-02-09,1.4964285714285714,4.4,25.95357142857143,6.335714285714286
2021-02-08,1.4857142857142855,4.4,25.914285714285715,6.342857142857143
2021-02-07,1.4749999999999999,4.4,25.875,6.3500000000000005
2021-02-06,1.4642857142857142,4.4,25.835714285714285,6.357142857142858
2021-02-05,1.4535714285714285,4.4,25.79642857142857,6.364285714285715
2021-02-04,1.4428571428571428,4.4,25.75714285714286,6.371428571428572
2021-02-03,1.4321428571428572,4.4,25.717857142857145,6.378571428571429
2021-02-02,1.4214285714285713,4.4,25.67857142857143,6.385714285714286
2021-02-01,1.4107142857142856,4.4,25.639285714285716,6.392857142857143
2021-01-31,1.4,4.4,25.6,6.4
2021-01-30,1.4,4.4,25.570967741935487,6.409677419354839
2021-01-29,1.4,4.4,25.54193548387097,6.419354838709678
2021-01-28,1.4,4.4,25.512903225806454,6.429032258064517
2021-01-27,1.4,4.4,25.483870967741936,6.4387096774193555
2021-01-26,1.4,4.4,25.45483870967742,6.448387096774194
2021-01-25,1.4,4.4,25.425806451612903,6.458064516129032
2021-01-24,1.4,4.4,25.39677419354839,6.467741935483871
2021-01-23,1.4,4.4,25.36774193548387,6.47741935483871
2021-01-22,1.4,4.4,25.338709677419356,6.487096774193549
2021-01-21,1.4,4.4,25.309677419354838,6.496774193548387
2021-01-20,1.4,4.4,25.280645161290323,6.506451612903226
2021-01-19,1.4,4.4,25.25161290322581,6.516129032258065
2021-01-18,1.4,4.4,25.22258064516129,6.525806451612904
2021-01-17,1.4,4.4,25.193548387096776,6.5354838709677425
2021-01-16,1.4,4.4,25.164516129032258,6.545161290322581
2021-01-15,1.4,4.4,25.135483870967743,6.554838709677419
2021-01-14,1.4,4.4,25.106451612903225,6.564516129032258
2021-01-13,1.4,4.4,25.07741935483871,6.574193548387097
2021-01-12,1.4,4.4,25.048387096774192,6.583870967741936
2021-01-11,1.4,4.4,25.019354838709678,6.593548387096774
2021-01-10,1.4,4.4,24.990322580645163,6.603225806451613
2021-01-09,1.4,4.4,24.961290322580645,6.612903225806452
2021-01-08,1.4,4.4,24.93225806451613,6.622580645161291
2021-01-07,1.4,4.4,24.903225806451612,6.6322580645161295
2021-01-06,1.4,4.4,24.874193548387098,6.641935483870968
2021-01-05,1.4,4.4,24.84516129032258,6.651612903225806
2021-01-04,1.4,4.4,24.816129032258065,6.661290322580645
2021-01-03,1.4,4.4,24.787096774193547,6.670967741935484
2021-01-02,1.4,4.4,24.758064516129032,6.680645161290323
2021-01-01,1.4,4.4,24.729032258064514,6.690322580645161
2020-12-31,1.4,4.4,24.7,6.7
2020-12-30,1.3935483870967742,5.393548387096774,24.683870967741935,6.7
2020-12-29,1.3870967741935483,6.387096774193548,24.66774193548387,6.7
2020-12-28,1.3806451612903226,7.380645161290323,24.651612903225807,6.7
2020-12-27,1.3741935483870966,8.374193548387098,24.63548387096774,6.7
2020-12-26,1.367741935483871,9.36774193548387,24.619354838709675,6.7
2020-12-25,1.361290322580645,10.361290322580645,24.60322580645161,6.7
2020-12-24,1.3548387096774193,11.35483870967742,24.587096774193547,6.7
2020-12-23,1.3483870967741935,12.348387096774195,24.570967741935483,6.7
2020-12-22,1.3419354838709676,13.34193548387097,24.55483870967742,6.7
2020-12-21,1.335483870967742,14.335483870967742,24.538709677419355,6.7
2020-12-20,1.329032258064516,15.329032258064517,24.52258064516129,6.7
2020-12-19,1.3225806451612903,16.322580645161292,24.506451612903223,6.7
2020-12-18,1.3161290322580645,17.316129032258065,24.49032258064516,6.7
2020-12-17,1.3096774193548386,18.30967741935484,24.474193548387095,6.7
2020-12-16,1.303225806451613,19.303225806451614,24.45806451612903,6.7
2020-12-15,1.296774193548387,20.296774193548387,24.441935483870967,6.7
2020-12-14,1.2903225806451613,21.290322580645164,24.425806451612903,6.7
2020-12-13,1.2838709677419353,22.283870967741937,24.40967741935484,6.7
2020-12-12,1.2774193548387096,23.277419354838713,24.393548387096775,6.7
2020-12-11,1.270967741935484,24.270967741935486,24.377419354838707,6.7
2020-12-10,1.264516129032258,25.26451612903226,24.361290322580643,6.7
2020-12-09,1.2580645161290323,26.258064516129036,24.34516129032258,6.7
2020-12-08,1.2516129032258063,27.25161290322581,24.329032258064515,6.7
2020-12-07,1.2451612903225806,28.24516129032258,24.31290322580645,6.7
2020-12-06,1.238709677419355,29.238709677419358,24.296774193548387,6.7
2020-12-05,1.232258064516129,30.23225806451613,24.280645161290323,6.7
2020-12-04,1.2258064516129032,31.225806451612904,24.26451612903226,6.7
2020-12-03,1.2193548387096773,32.21935483870968,24.24838709677419,6.7
2020-12-02,1.2129032258064516,33.21290322580646,24.232258064516127,6.7
2020-12-01,1.2064516129032257,34.20645161290323,24.216129032258063,6.7
2020-11-30,1.2,35.2,24.2,6.7
2020-11-29,1.2,35.2,24.18,6.706666666666667
2020-11-28,1.2,35.2,24.16,6.713333333333334
2020-11-27,1.2,35.2,24.14,6.720000000000001
2020-11-26,1.2,35.2,24.12,6.726666666666667
2020-11-25,1.2,35.2,24.099999999999998,6.733333333333333
2020-11-24,1.2,35.2,24.08,6.74
2020-11-23,1.2,35.2,24.06,6.746666666666667
2020-11-22,1.2,35.2,24.04,6.753333333333334
2020-11-21,1.2,35.2,24.02,6.760000000000001
2020-11-20,1.2,35.2,24.0,6.766666666666667
2020-11-19,1.2,35.2,23.98,6.773333333333333
2020-11-18,1.2,35.2,23.96,6.78
2020-11-17,1.2,35.2,23.94,6.786666666666667
2020-11-16,1.2,35.2,23.92,6.793333333333334
2020-11-15,1.2,35.2,23.9,6.800000000000001
2020-11-14,1.2,35.2,23.88,6.806666666666667
2020-11-13,1.2,35.2,23.86,6.8133333333333335
2020-11-12,1.2,35.2,23.84,6.82
2020-11-11,1.2,35.2,23.82,6.826666666666667
2020-11-10,1.2,35.2,23.8,6.833333333333334
2020-11-09,1.2,35.2,23.78,6.840000000000001
2020-11-08,1.2,35.2,23.76,6.846666666666667
2020-11-07,1.2,35.2,23.740000000000002,6.8533333333333335
2020-11-06,1.2,35.2,23.720000000000002,6.86
2020-11-05,1.2,35.2,23.7,6.866666666666667
2020-11-04,1.2,35.2,23.68,6.873333333333334
2020-11-03,1.2,35.2,23.66,6.880000000000001
2020-11-02,1.2,35.2,23.64,6.886666666666667
2020-11-01,1.2,35.2,23.62,6.8933333333333335
2020-10-31,1.2,35.2,23.6,6.9
2020-10-30,1.2064516129032257,35.2,23.603225806451615,6.929032258064517
2020-10-29,1.2129032258064516,35.2,23.60645161290323,6.958064516129032
2020-10-28,1.2193548387096773,35.2,23.60967741935484,6.987096774193549
2020-10-27,1.2258064516129032,35.2,23.612903225806452,7.016129032258065
2020-10-26,1.232258064516129,35.2,23.616129032258065,7.045161290322581
2020-10-25,1.238709677419355,35.2,23.61935483870968,7.074193548387097
2020-10-24,1.2451612903225806,35.2,23.622580645161293,7.103225806451613
2020-10-23,1.2516129032258063,35.2,23.625806451612902,7.1322580645161295
2020-10-22,1.2580645161290323,35.2,23.629032258064516,7.161290322580645
2020-10-21,1.264516129032258,35.2,23.63225806451613,7.190322580645161
2020-10-20,1.270967741935484,35.2,23.635483870967743,7.219354838709678
2020-10-19,1.2774193548387096,35.2,23.638709677419357,7.248387096774193
2020-10-18,1.2838709677419353,35.2,23.641935483870967,7.27741935483871
2020-10-17,1.2903225806451613,35.2,23.64516129032258,7.306451612903226
2020-10-16,1.296774193548387,35.2,23.648387096774194,7.335483870967742
2020-10-15,1.303225806451613,35.2,23.651612903225807,7.364516129032258
2020-10-14,1.3096774193548386,35.2,23.65483870967742,7.393548387096774
2020-10-13,1.3161290322580645,35.2,23.658064516129034,7.422580645161291
2020-10-12,1.3225806451612903,35.2,23.661290322580644,7.451612903225806
2020-10-11,1.329032258064516,35.2,23.664516129032258,7.480645161290322
2020-10-10,1.335483870967742,35.2,23.66774193548387,7.509677419354839
2020-10-09,1.3419354838709676,35.2,23.670967741935485,7.538709677419355
2020-10-08,1.3483870967741935,35.2,23.674193548387098,7.567741935483871
2020-10-07,1.3548387096774193,35.2,23.677419354838708,7.596774193548387
2020-10-06,1.361290322580645,35.2,23.68064516129032,7.625806451612903
2020-10-05,1.367741935483871,35.2,23.683870967741935,7.654838709677419
2020-10-04,1.3741935483870966,35.2,23.68709677419355,7.683870967741935
2020-10-03,1.3806451612903226,35.2,23.690322580645162,7.712903225806452
2020-10-02,1.3870967741935483,35.2,23.693548387096772,7.741935483870968
2020-10-01,1.3935483870967742,35.2,23.696774193548386,7.7709677419354835
2020-09-30,1.4,35.2,23.7,7.8
2020-09-29,1.3966666666666665,33.09000000000001,23.676666666666666,7.82
2020-09-28,1.3933333333333333,30.980000000000008,23.653333333333332,7.84
2020-09-27,1.39,28.870000000000008,23.63,7.859999999999999
2020-09-26,1.3866666666666665,26.760000000000005,23.606666666666666,7.88
2020-09-25,1.3833333333333333,24.650000000000006,23.583333333333332,7.9
2020-09-24,1.38,22.540000000000006,23.56,7.92
2020-09-23,1.3766666666666667,20.430000000000007,23.536666666666665,7.9399999999999995
2020-09-22,1.3733333333333333,18.320000000000007,23.513333333333332,7.96
2020-09-21,1.3699999999999999,16.210000000000004,23.49,7.98
2020-09-20,1.3666666666666667,14.100000000000005,23.466666666666665,8.0
2020-09-19,1.3633333333333333,11.990000000000006,23.44333333333333,8.02
2020-09-18,1.3599999999999999,9.880000000000004,23.419999999999998,8.04
2020-09-17,1.3566666666666667,7.770000000000004,23.396666666666665,8.06
2020-09-16,1.3533333333333333,5.660000000000004,23.37333333333333,8.08
2020-09-15,1.3499999999999999,3.5500000000000034,23.35,8.1
2020-09-14,1.3466666666666667,1.440000000000003,23.326666666666668,8.120000000000001
2020-09-13,1.3433333333333333,-0.6699999999999973,23.303333333333335,8.14
2020-09-12,1.34,-2.7799999999999976,23.28,8.16
2020-09-11,1.3366666666666667,-4.889999999999998,23.256666666666668,8.18
2020-09-10,1.3333333333333333,-6.999999999999998,23.233333333333334,8.2
2020-09-09,1.33,-9.11,23.21,8.22
2020-09-08,1.3266666666666667,-11.219999999999999,23.186666666666667,8.24
2020-09-07,1.3233333333333333,-13.329999999999998,23.163333333333334,8.26
2020-09-06,1.32,-15.44,23.14,8.280000000000001
2020-09-05,1.3166666666666667,-17.55,23.116666666666667,8.3
2020-09-04,1.3133333333333335,-19.66,23.093333333333334,8.32
2020-09-03,1.31,-21.77,23.07,8.34
2020-09-02,1.3066666666666666,-23.880000000000003,23.046666666666667,8.36
2020-09-01,1.3033333333333335,-25.990000000000002,23.023333333333333,8.38
2020-08-31,1.3,-28.1,23.0,8.4
2020-08-30,1.2903225806451613,-28.1,23.006451612903227,8.458064516129033
2020-08-29,1.2806451612903227,-28.1,23.01290322580645,8.516129032258064
2020-08-28,1.270967741935484,-28.1,23.019354838709678,8.574193548387097
2020-08-27,1.2612903225806453,-28.1,23.025806451612905,8.63225806451613
2020-08-26,1.2516129032258065,-28.1,23.032258064516128,8.690322580645162
2020-08-25,1.2419354838709677,-28.1,23.038709677419355,8.748387096774193
2020-08-24,1.2322580645161292,-28.1,23.045161290322582,8.806451612903226
2020-08-23,1.2225806451612904,-28.1,23.051612903225806,8.864516129032259
2020-08-22,1.2129032258064516,-28.1,23.058064516129033,8.92258064516129
2020-08-21,1.203225806451613,-28.1,23.064516129032256,8.980645161290322
2020-08-20,1.1935483870967742,-28.1,23.070967741935483,9.038709677419355
2020-08-19,1.1838709677419355,-28.1,23.07741935483871,9.096774193548386
2020-08-18,1.1741935483870969,-28.1,23.083870967741934,9.154838709677419
2020-08-17,1.164516129032258,-28.1,23.09032258064516,9.212903225806452
2020-08-16,1.1548387096774193,-28.1,23.096774193548388,9.270967741935484
2020-08-15,1.1451612903225807,-28.1,23.10322580645161,9.329032258064515
2020-08-14,1.135483870967742,-28.1,23.10967741935484,9.387096774193548
2020-08-13,1.1258064516129032,-28.1,23.116129032258065,9.44516129032258
2020-08-12,1.1161290322580646,-28.1,23.12258064516129,9.503225806451612
2020-08-11,1.1064516129032258,-28.1,23.129032258064516,9.561290322580644
2020-08-10,1.096774193548387,-28.1,23.135483870967743,9.619354838709677
2020-08-09,1.0870967741935484,-28.1,23.141935483870967,9.67741935483871
2020-08-08,1.0774193548387097,-28.1,23.148387096774194,9.735483870967741
2020-08-07,1.067741935483871,-28.1,23.154838709677417,9.793548387096774
2020-08-06,1.0580645161290323,-28.1,23.161290322580644,9.851612903225806
2020-08-05,1.0483870967741935,-28.1,23.16774193548387,9.909677419354837
2020-08-04,1.038709677419355,-28.1,23.174193548387095,9.96774193548387
2020-08-03,1.0290322580645161,-28.1,23.18064516129032,10.025806451612903
2020-08-02,1.0193548387096774,-28.1,23.18709677419355,10.083870967741936
2020-08-01,1.0096774193548388,-28.1,23.193548387096772,10.141935483870967
2020-07-31,1.0,-28.1,23.2,10.2
2020-07-30,0.9870967741935484,-28.1,23.18709677419355,10.225806451612902
2020-07-29,0.9741935483870967,-28.1,23.174193548387095,10.251612903225805
2020-07-28,0.9612903225806452,-28.1,23.161290322580644,10.27741935483871
2020-07-27,0.9483870967741935,-28.1,23.148387096774194,10.303225806451612
2020-07-26,0.9354838709677419,-28.1,23.135483870967743,10.329032258064515
2020-07-25,0.9225806451612903,-28.1,23.12258064516129,10.354838709677418
2020-07-24,0.9096774193548387,-28.1,23.10967741935484,10.380645161290323
2020-07-23,0.896774193548387,-28.1,23.096774193548388,10.406451612903226
2020-07-22,0.8838709677419354,-28.1,23.083870967741934,10.432258064516128
2020-07-21,0.8709677419354839,-28.1,23.070967741935483,10.458064516129031
2020-07-20,0.8580645161290322,-28.1,23.058064516129033,10.483870967741934
2020-07-19,0.8451612903225806,-28.1,23.045161290322582,10.509677419354839
2020-07-18,0.832258064516129,-28.1,23.032258064516128,10.535483870967742
2020-07-17,0.8193548387096774,-28.1,23.019354838709678,10.561290322580644
2020-07-16,0.8064516129032258,-28.1,23.006451612903227,10.587096774193547
2020-07-15,0.7935483870967742,-28.1,22.993548387096773,10.612903225806452
2020-07-14,0.7806451612903226,-28.1,22.980645161290322,10.638709677419355
2020-07-13,0.7677419354838709,-28.1,22.967741935483872,10.664516129032258
2020-07-12,0.7548387096774193,-28.1,22.954838709677418,10.69032258064516
2020-07-11,0.7419354838709677,-28.1,22.941935483870967,10.716129032258065
2020-07-10,0.7290322580645161,-28.1,22.929032258064517,10.741935483870968
2020-07-09,0.7161290322580645,-28.1,22.916129032258066,10.76774193548387
2020-07-08,0.7032258064516129,-28.1,22.903225806451612,10.793548387096774
2020-07-07,0.6903225806451613,-28.1,22.89032258064516,10.819354838709677
2020-07-06,0.6774193548387096,-28.1,22.87741935483871,10.845161290322581
2020-07-05,0.6645161290322581,-28.1,22.864516129032257,10.870967741935484
2020-07-04,0.6516129032258065,-28.1,22.851612903225806,10.896774193548387
2020-07-03,0.6387096774193548,-28.1,22.838709677419356,10.92258064516129
2020-07-02,0.6258064516129032,-28.1,22.825806451612905,10.948387096774194
2020-07-01,0.6129032258064516,-28.1,22.81290322580645,10.974193548387097
2020-06-30,0.6,-28.1,22.8,11.0
2020-06-29,0.5833333333333334,-27.346666666666668,22.766666666666666,11.073333333333334
2020-06-28,0.5666666666666667,-26.593333333333334,22.733333333333334,11.146666666666667
2020-06-27,0.55,-25.840000000000003,22.7,11.22
2020-06-26,0.5333333333333333,-25.08666666666667,22.666666666666668,11.293333333333333
2020-06-25,0.5166666666666667,-24.333333333333336,22.633333333333333,11.366666666666667
2020-06-24,0.5,-23.580000000000002,22.6,11.44
2020-06-23,0.48333333333333334,-22.826666666666668,22.566666666666666,11.513333333333334
2020-06-22,0.4666666666666667,-22.073333333333334,22.533333333333335,11.586666666666666
2020-06-21,0.45,-21.32,22.5,11.66
2020-06-20,0.43333333333333335,-20.56666666666667,22.46666666666667,11.733333333333333
2020-06-19,0.4166666666666667,-19.813333333333336,22.433333333333334,11.806666666666667
2020-06-18,0.4,-19.060000000000002,22.400000000000002,11.879999999999999
2020-06-17,0.38333333333333336,-18.30666666666667,22.366666666666667,11.953333333333333
2020-06-16,0.3666666666666667,-17.553333333333335,22.333333333333336,12.026666666666667
2020-06-15,0.35,-16.8,22.3,12.1
2020-06-14,0.3333333333333333,-16.046666666666667,22.266666666666666,12.173333333333334
2020-06-13,0.31666666666666665,-15.293333333333335,22.233333333333334,12.246666666666666
2020-06-12,0.3,-14.540000000000001,22.2,12.32
2020-06-11,0.2833333333333333,-13.786666666666667,22.166666666666668,12.393333333333333
2020-06-10,0.26666666666666666,-13.033333333333335,22.133333333333333,12.466666666666667
2020-06-09,0.25,-12.280000000000001,22.1,12.54
2020-06-08,0.23333333333333334,-11.526666666666667,22.066666666666666,12.613333333333333
2020-06-07,0.21666666666666667,-10.773333333333333,22.033333333333335,12.686666666666666
2020-06-06,0.2,-10.02,22.0,12.76
2020-06-05,0.18333333333333335,-9.266666666666667,21.96666666666667,12.833333333333332
2020-06-04,0.16666666666666669,-8.513333333333334,21.933333333333334,12.906666666666666
2020-06-03,0.15,-7.76,21.900000000000002,12.979999999999999
2020-06-02,0.13333333333333333,-7.006666666666667,21.866666666666667,13.053333333333333
2020-06-01,0.11666666666666667,-6.253333333333334,21.833333333333336,13.126666666666665
2020-05-31,0.1,-5.5,21.8,13.2
2020-05-30,0.10645161290322583,-5.5,21.638709677419357,13.251612903225805
2020-05-29,0.11290322580645162,-5.5,21.47741935483871,13.303225806451612
2020-05-28,0.11935483870967743,-5.5,21.316129032258065,13.354838709677418
2020-05-27,0.12580645161290324,-5.5,21.15483870967742,13.406451612903226
2020-05-26,0.13225806451612904,-5.5,20.993548387096777,13.458064516129031
2020-05-25,0.13870967741935486,-5.5,20.83225806451613,13.509677419354839
2020-05-24,0.14516129032258066,-5.5,20.670967741935485,13.561290322580644
2020-05-23,0.15161290322580645,-5.5,20.50967741935484,13.612903225806452
2020-05-22,0.15806451612903227,-5.5,20.348387096774193,13.664516129032258
2020-05-21,0.16451612903225807,-5.5,20.18709677419355,13.716129032258063
2020-05-20,0.17096774193548386,-5.5,20.025806451612905,13.76774193548387
2020-05-19,0.1774193548387097,-5.5,19.864516129032257,13.819354838709677
2020-05-18,0.18387096774193548,-5.5,19.703225806451613,13.870967741935484
2020-05-17,0.1903225806451613,-5.5,19.54193548387097,13.92258064516129
2020-05-16,0.1967741935483871,-5.5,19.380645161290325,13.974193548387097
2020-05-15,0.2032258064516129,-5.5,19.219354838709677,14.025806451612903
2020-05-14,0.20967741935483872,-5.5,19.058064516129033,14.07741935483871
2020-05-13,0.2161290322580645,-5.5,18.89677419354839,14.129032258064516
2020-05-12,0.22258064516129034,-5.5,18.73548387096774,14.180645161290323
2020-05-11,0.22903225806451613,-5.5,18.574193548387097,14.23225806451613
2020-05-10,0.23548387096774193,-5.5,18.412903225806453,14.283870967741935
2020-05-09,0.24193548387096775,-5.5,18.25161290322581,14.335483870967742
2020-05-08,0.24838709677419354,-5.5,18.09032258064516,14.387096774193548
2020-05-07,0.25483870967741934,-5.5,17.929032258064517,14.438709677419356
2020-05-06,0.26129032258064516,-5.5,17.767741935483873,14.490322580645161
2020-05-05,0.267741935483871,-5.5,17.606451612903225,14.541935483870969
2020-05-04,0.27419354838709675,-5.5,17.44516129032258,14.593548387096774
2020-05-03,0.2806451612903226,-5.5,17.283870967741937,14.645161290322582
2020-05-02,0.2870967741935484,-5.5,17.122580645161293,14.696774193548388
2020-05-01,0.29354838709677417,-5.5,16.961290322580645,14.748387096774195
2020-04-30,0.3,-5.5,16.8,14.8
2020-04-29,0.33999999999999997,-5.5,16.576666666666668,14.453333333333333
2020-04-28,0.38,-5.5,16.353333333333335,14.106666666666667
2020-04-27,0.42,-5.5,16.13,13.760000000000002
2020-04-26,0.45999999999999996,-5.5,15.906666666666666,13.413333333333334
2020-04-25,0.5,-5.5,15.683333333333334,13.066666666666666
2020-04-24,0.54,-5.5,15.46,12.72
2020-04-23,0.58,-5.5,15.236666666666666,12.373333333333335
2020-04-22,0.62,-5.5,15.013333333333334,12.026666666666667
2020-04-21,0.66,-5.5,14.790000000000001,11.68
2020-04-20,0.7,-5.5,14.566666666666666,11.333333333333334
2020-04-19,0.74,-5.5,14.343333333333334,10.986666666666668
2020-04-18,0.78,-5.5,14.12,10.64
2020-04-17,0.82,-5.5,13.896666666666667,10.293333333333333
2020-04-16,0.86,-5.5,13.673333333333334,9.946666666666667
2020-04-15,0.9,-5.5,13.45,9.600000000000001
2020-04-14,0.94,-5.5,13.226666666666667,9.253333333333334
2020-04-13,0.98,-5.5,13.003333333333334,8.906666666666666
2020-04-12,1.02,-5.5,12.78,8.56
2020-04-11,1.06,-5.5,12.556666666666667,8.213333333333335
2020-04-10,1.1,-5.5,12.333333333333334,7.866666666666667
2020-04-09,1.14,-5.5,12.11,7.5200000000000005
2020-04-08,1.18,-5.5,11.886666666666667,7.173333333333334
2020-04-07,1.22,-5.5,11.663333333333334,6.826666666666667
2020-04-06,1.26,-5.5,11.44,6.48
2020-04-05,1.3,-5.5,11.216666666666667,6.133333333333334
2020-04-04,1.34,-5.5,10.993333333333332,5.786666666666667
2020-04-03,1.38,-5.5,10.77,5.44
2020-04-02,1.42,-5.5,10.546666666666667,5.093333333333334
2020-04-01,1.46,-5.5,10.323333333333332,4.746666666666667
2020-03-31,1.5,-5.5,10.1,4.4
2020-03-30,1.5258064516129033,-5.23225806451613,9.993548387096773,4.370967741935484
2020-03-29,1.5516129032258066,-4.964516129032258,9.887096774193548,4.3419354838709685
2020-03-28,1.5774193548387097,-4.6967741935483875,9.780645161290323,4.312903225806452
2020-03-27,1.603225806451613,-4.429032258064517,9.674193548387096,4.283870967741936
2020-03-26,1.6290322580645162,-4.161290322580646,9.56774193548387,4.254838709677419
2020-03-25,1.6548387096774193,-3.8935483870967746,9.461290322580645,4.225806451612904
2020-03-24,1.6806451612903226,-3.625806451612904,9.35483870967742,4.1967741935483875
2020-03-23,1.706451612903226,-3.358064516129033,9.248387096774193,4.167741935483871
2020-03-22,1.732258064516129,-3.0903225806451617,9.141935483870967,4.138709677419355
2020-03-21,1.7580645161290323,-2.822580645161291,9.035483870967742,4.109677419354839
2020-03-20,1.7838709677419355,-2.55483870967742,8.929032258064517,4.080645161290323
2020-03-19,1.8096774193548386,-2.287096774193549,8.82258064516129,4.051612903225807
2020-03-18,1.835483870967742,-2.019354838709678,8.716129032258063,4.02258064516129
2020-03-17,1.8612903225806452,-1.751612903225807,8.609677419354838,3.9935483870967743
2020-03-16,1.8870967741935483,-1.483870967741936,8.503225806451614,3.9645161290322584
2020-03-15,1.9129032258064516,-1.216129032258065,8.396774193548387,3.935483870967742
2020-03-14,1.9387096774193548,-0.948387096774194,8.29032258064516,3.906451612903226
2020-03-13,1.964516129032258,-0.680645161290323,8.183870967741935,3.8774193548387097
2020-03-12,1.9903225806451612,-0.412903225806452,8.07741935483871,3.8483870967741938
2020-03-11,2.0161290322580645,-0.14516129032258102,7.970967741935484,3.8193548387096774
2020-03-10,2.041935483870968,0.12258064516128997,7.864516129032258,3.7903225806451615
2020-03-09,2.0677419354838706,0.39032258064516095,7.758064516129032,3.761290322580645
2020-03-08,2.093548387096774,0.6580645161290319,7.651612903225806,3.732258064516129
2020-03-07,2.1193548387096772,0.925806451612903,7.54516129032258,3.703225806451613
2020-03-06,2.1451612903225805,1.193548387096774,7.438709677419355,3.674193548387097
2020-03-05,2.170967741935484,1.4612903225806448,7.332258064516129,3.6451612903225805
2020-03-04,2.196774193548387,1.7290322580645159,7.225806451612903,3.6161290322580646
2020-03-03,2.22258064516129,1.996774193548387,7.119354838709677,3.587096774193548
2020-03-02,2.2483870967741932,2.2645161290322577,7.012903225806451,3.5580645161290323
2020-03-01,2.2741935483870965,2.532258064516129,6.906451612903226,3.529032258064516
2020-02-29,2.3,2.8,6.8,3.5
2020-02-28,2.3068965517241375,2.8,6.796551724137931,3.503448275862069
2020-02-27,2.3137931034482757,2.8,6.793103448275862,3.5068965517241377
2020-02-26,2.3206896551724134,2.8,6.789655172413793,3.510344827586207
2020-02-25,2.3275862068965516,2.8,6.786206896551724,3.513793103448276
2020-02-24,2.3344827586206893,2.8,6.782758620689655,3.5172413793103448
2020-02-23,2.3413793103448275,2.8,6.779310344827586,3.5206896551724136
2020-02-22,2.348275862068965,2.8,6.775862068965517,3.524137931034483
2020-02-21,2.3551724137931034,2.8,6.772413793103448,3.527586206896552
2020-02-20,2.362068965517241,2.8,6.768965517241379,3.5310344827586206
2020-02-19,2.3689655172413793,2.8,6.76551724137931,3.5344827586206895
2020-02-18,2.375862068965517,2.8,6.7620689655172415,3.537931034482759
2020-02-17,2.382758620689655,2.8,6.758620689655173,3.5413793103448277
2020-02-16,2.389655172413793,2.8,6.755172413793104,3.5448275862068965
2020-02-15,2.396551724137931,2.8,6.751724137931035,3.5482758620689654
2020-02-14,2.4034482758620688,2.8,6.748275862068965,3.5517241379310347
2020-02-13,2.410344827586207,2.8,6.744827586206896,3.5551724137931036
2020-02-12,2.4172413793103447,2.8,6.741379310344827,3.5586206896551724
2020-02-11,2.424137931034483,2.8,6.7379310344827585,3.5620689655172413
2020-02-10,2.4310344827586206,2.8,6.73448275862069,3.5655172413793106
2020-02-09,2.4379310344827587,2.8,6.731034482758621,3.5689655172413794
2020-02-08,2.4448275862068964,2.8,6.727586206896552,3.5724137931034483
2020-02-07,2.4517241379310346,2.8,6.724137931034483,3.575862068965517
2020-02-06,2.4586206896551723,2.8,6.720689655172414,3.5793103448275865
2020-02-05,2.4655172413793105,2.8,6.717241379310345,3.5827586206896553
2020-02-04,2.472413793103448,2.8,6.713793103448276,3.586206896551724
2020-02-03,2.4793103448275864,2.8,6.710344827586207,3.589655172413793
2020-02-02,2.486206896551724,2.8,6.706896551724138,3.5931034482758624
2020-02-01,2.4931034482758623,2.8,6.703448275862069,3.5965517241379312
2020-01-31,2.5,2.8,6.7,3.6
2020-01-30,2.4935483870967743,2.8,6.7,3.6
2020-01-29,2.4870967741935486,2.8,6.7,3.6
2020-01-28,2.4806451612903224,2.8,6.7,3.6
2020-01-27,2.4741935483870967,2.8,6.7,3.6
2020-01-26,2.467741935483871,2.8,6.7,3.6
2020-01-25,2.4612903225806453,2.8,6.7,3.6
2020-01-24,2.454838709677419,2.8,6.7,3.6
2020-01-23,2.4483870967741934,2.8,6.7,3.6
2020-01-22,2.4419354838709677,2.8,6.7,3.6
2020-01-21,2.435483870967742,2.8,6.7,3.6
2020-01-20,2.4290322580645163,2.8,6.7,3.6
2020-01-19,2.42258064516129,2.8,6.7,3.6
2020-01-18,2.4161290322580644,2.8,6.7,3.6
2020-01-17,2.4096774193548387,2.8,6.7,3.6
2020-01-16,2.403225806451613,2.8,6.7,3.6
2020-01-15,2.396774193548387,2.8,6.7,3.6
2020-01-14,2.390322580645161,2.8,6.7,3.6
2020-01-13,2.3838709677419354,2.8,6.7,3.6
2020-01-12,2.3774193548387097,2.8,6.7,3.6
2020-01-11,2.3709677419354835,2.8,6.7,3.6
2020-01-10,2.364516129032258,2.8,6.7,3.6
2020-01-09,2.358064516129032,2.8,6.7,3.6
2020-01-08,2.3516129032258064,2.8,6.7,3.6
2020-01-07,2.3451612903225807,2.8,6.7,3.6
2020-01-06,2.3387096774193545,2.8,6.7,3.6
2020-01-05,2.332258064516129,2.8,6.7,3.6
2020-01-04,2.325806451612903,2.8,6.7,3.6
2020-01-03,2.3193548387096774,2.8,6.7,3.6
2020-01-02,2.3129032258064512,2.8,6.7,3.6
2020-01-01,2.3064516129032255,2.8,6.7,3.6
2019-12-31,2.3,2.8,6.7,3.6
2019-12-30,2.293548387096774,2.864516129032258,6.712903225806452,3.6
2019-12-29,2.2870967741935484,2.929032258064516,6.725806451612903,3.6
2019-12-28,2.2806451612903222,2.993548387096774,6.738709677419355,3.6
2019-12-27,2.2741935483870965,3.0580645161290323,6.751612903225807,3.6
2019-12-26,2.267741935483871,3.1225806451612903,6.764516129032258,3.6
2019-12-25,2.261290322580645,3.1870967741935483,6.77741935483871,3.6
2019-12-24,2.2548387096774194,3.2516129032258063,6.790322580645161,3.6
2019-12-23,2.2483870967741932,3.3161290322580643,6.803225806451613,3.6
2019-12-22,2.2419354838709675,3.3806451612903223,6.816129032258065,3.6
2019-12-21,2.235483870967742,3.4451612903225803,6.829032258064516,3.6
2019-12-20,2.229032258064516,3.509677419354839,6.841935483870968,3.6
2019-12-19,2.2225806451612904,3.574193548387097,6.854838709677419,3.6
2019-12-18,2.2161290322580642,3.638709677419355,6.867741935483871,3.6
2019-12-17,2.2096774193548385,3.703225806451613,6.880645161290323,3.6
2019-12-16,2.203225806451613,3.767741935483871,6.893548387096774,3.6
2019-12-15,2.196774193548387,3.832258064516129,6.906451612903226,3.6
2019-12-14,2.1903225806451614,3.896774193548387,6.919354838709677,3.6
2019-12-13,2.1838709677419357,3.961290322580645,6.9322580645161285,3.6
2019-12-12,2.1774193548387095,4.025806451612903,6.945161290322581,3.6
2019-12-11,2.170967741935484,4.090322580645161,6.958064516129032,3.6
2019-12-10,2.164516129032258,4.154838709677419,6.970967741935484,3.6
2019-12-09,2.1580645161290324,4.219354838709677,6.983870967741935,3.6
2019-12-08,2.1516129032258067,4.283870967741935,6.9967741935483865,3.6
2019-12-07,2.1451612903225805,4.348387096774194,7.009677419354839,3.6
2019-12-06,2.138709677419355,4.412903225806452,7.02258064516129,3.6
2019-12-05,2.132258064516129,4.47741935483871,7.035483870967742,3.6
2019-12-04,2.1258064516129034,4.541935483870968,7.048387096774193,3.6
2019-12-03,2.1193548387096777,4.606451612903226,7.0612903225806445,3.6
2019-12-02,2.1129032258064515,4.670967741935484,7.074193548387097,3.6
2019-12-01,2.106451612903226,4.735483870967742,7.087096774193548,3.6
2019-11-30,2.1,4.8,7.1,3.6
2019-11-29,2.0900000000000003,4.8,7.079999999999999,3.6
2019-11-28,2.08,4.8,7.06,3.6
2019-11-27,2.0700000000000003,4.8,7.04,3.6
2019-11-26,2.06,4.8,7.02,3.6
2019-11-25,2.0500000000000003,4.8,7.0,3.6
2019-11-24,2.04,4.8,6.9799999999999995,3.6
2019-11-23,2.0300000000000002,4.8,6.96,3.6
2019-11-22,2.02,4.8,6.9399999999999995,3.6
2019-11-21,2.0100000000000002,4.8,6.92,3.6
2019-11-20,2.0,4.8,6.8999999999999995,3.6
2019-11-19,1.99,4.8,6.88,3.6
2019-11-18,1.98,4.8,6.859999999999999,3.6
2019-11-17,1.97,4.8,6.84,3.6
2019-11-16,1.96,4.8,6.819999999999999,3.6
2019-11-15,1.9500000000000002,4.8,6.8,3.6
2019-11-14,1.9400000000000002,4.8,6.78,3.6
2019-11-13,1.9300000000000002,4.8,6.76,3.6
2019-11-12,1.9200000000000002,4.8,6.74,3.6
2019-11-11,1.9100000000000001,4.8,6.72,3.6
2019-11-10,1.9000000000000001,4.8,6.7,3.6
2019-11-09,1.8900000000000001,4.8,6.68,3.6
2019-11-08,1.8800000000000001,4.8,6.66,3.6
2019-11-07,1.87,4.8,6.64,3.6
2019-11-06,1.86,4.8,6.62,3.6
2019-11-05,1.85,4.8,6.6,3.6
2019-11-04,1.84,4.8,6.58,3.6
2019-11-03,1.83,4.8,6.56,3.6
2019-11-02,1.82,4.8,6.54,3.6
2019-11-01,1.81,4.8,6.52,3.6
2019-10-31,1.8,4.8,6.5,3.6
2019-10-30,1.7967741935483872,4.8,6.470967741935484,3.596774193548387
2019-10-29,1.7935483870967743,4.8,6.441935483870968,3.5935483870967744
2019-10-28,1.7903225806451613,4.8,6.412903225806452,3.5903225806451613
2019-10-27,1.7870967741935484,4.8,6.383870967741935,3.5870967741935487
2019-10-26,1.7838709677419355,4.8,6.354838709677419,3.5838709677419356
2019-10-25,1.7806451612903227,4.8,6.325806451612904,3.5806451612903225
2019-10-24,1.7774193548387096,4.8,6.296774193548387,3.57741935483871
2019-10-23,1.7741935483870968,4.8,6.267741935483871,3.574193548387097
2019-10-22,1.770967741935484,4.8,6.2387096774193544,3.5709677419354837
2019-10-21,1.767741935483871,4.8,6.209677419354839,3.567741935483871
2019-10-20,1.7645161290322582,4.8,6.180645161290323,3.564516129032258
2019-10-19,1.761290322580645,4.8,6.151612903225806,3.5612903225806454
2019-10-18,1.7580645161290323,4.8,6.12258064516129,3.5580645161290323
2019-10-17,1.7548387096774194,4.8,6.093548387096774,3.554838709677419
2019-10-16,1.7516129032258065,4.8,6.064516129032258,3.5516129032258066
2019-10-15,1.7483870967741935,4.8,6.035483870967742,3.5483870967741935
2019-10-14,1.7451612903225806,4.8,6.006451612903225,3.545161290322581
2019-10-13,1.7419354838709677,4.8,5.97741935483871,3.541935483870968
2019-10-12,1.738709677419355,4.8,5.948387096774193,3.5387096774193547
2019-10-11,1.7354838709677418,4.8,5.919354838709677,3.535483870967742
2019-10-10,1.732258064516129,4.8,5.890322580645161,3.532258064516129
2019-10-09,1.729032258064516,4.8,5.861290322580645,3.5290322580645164
2019-10-08,1.7258064516129032,4.8,5.832258064516129,3.5258064516129033
2019-10-07,1.7225806451612904,4.8,5.8032258064516125,3.52258064516129
2019-10-06,1.7193548387096773,4.8,5.774193548387096,3.5193548387096776
2019-10-05,1.7161290322580645,4.8,5.745161290322581,3.5161290322580645
2019-10-04,1.7129032258064516,4.8,5.716129032258064,3.5129032258064514
2019-10-03,1.7096774193548387,4.8,5.687096774193548,3.509677419354839
2019-10-02,1.7064516129032257,4.8,5.6580645161290315,3.5064516129032257
2019-10-01,1.7032258064516128,4.8,5.629032258064516,3.503225806451613
2019-09-30,1.7,4.8,5.6,3.5
2019-09-29,1.7,4.753333333333333,5.586666666666666,3.5033333333333334
2019-09-28,1.7,4.706666666666666,5.573333333333333,3.506666666666667
2019-09-27,1.7,4.66,5.56,3.5100000000000002
2019-09-26,1.7,4.613333333333333,5.546666666666666,3.513333333333333
2019-09-25,1.7,4.566666666666666,5.533333333333333,3.5166666666666666
2019-09-24,1.7,4.52,5.52,3.52
2019-09-23,1.7,4.473333333333333,5.506666666666667,3.5233333333333334
2019-09-22,1.7,4.426666666666667,5.493333333333333,3.526666666666667
2019-09-21,1.7,4.38,5.4799999999999995,3.5300000000000002
2019-09-20,1.7,4.333333333333333,5.466666666666667,3.533333333333333
2019-09-19,1.7,4.286666666666666,5.453333333333333,3.5366666666666666
2019-09-18,1.7,4.24,5.4399999999999995,3.54
2019-09-17,1.7,4.193333333333333,5.426666666666667,3.5433333333333334
2019-09-16,1.7,4.1466666666666665,5.413333333333333,3.546666666666667
2019-09-15,1.7,4.1,5.3999999999999995,3.5500000000000003
2019-09-14,1.7,4.053333333333333,5.386666666666667,3.5533333333333332
2019-09-13,1.7,4.006666666666667,5.373333333333333,3.5566666666666666
2019-09-12,1.7,3.96,5.36,3.56
2019-09-11,1.7,3.913333333333333,5.346666666666667,3.5633333333333335
2019-09-10,1.7,3.8666666666666667,5.333333333333333,3.566666666666667
2019-09-09,1.7,3.82,5.32,3.5700000000000003
2019-09-08,1.7,3.7733333333333334,5.306666666666667,3.5733333333333333
2019-09-07,1.7,3.7266666666666666,5.293333333333333,3.5766666666666667
2019-09-06,1.7,3.6799999999999997,5.28,3.58
2019-09-05,1.7,3.6333333333333333,5.266666666666667,3.5833333333333335
2019-09-04,1.7,3.5866666666666664,5.253333333333334,3.586666666666667
2019-09-03,1.7,3.54,5.24,3.5900000000000003
2019-09-02,1.7,3.493333333333333,5.226666666666667,3.5933333333333333
2019-09-01,1.7,3.4466666666666668,5.213333333333334,3.5966666666666667
2019-08-31,1.7,3.4,5.2,3.6
2019-08-30,1.7032258064516128,3.4,5.193548387096774,3.603225806451613
2019-08-29,1.7064516129032257,3.4,5.187096774193549,3.606451612903226
2019-08-28,1.7096774193548387,3.4,5.180645161290323,3.609677419354839
2019-08-27,1.7129032258064516,3.4,5.174193548387097,3.6129032258064515
2019-08-26,1.7161290322580645,3.4,5.167741935483871,3.6161290322580646
2019-08-25,1.7193548387096773,3.4,5.161290322580645,3.6193548387096777
2019-08-24,1.7225806451612904,3.4,5.15483870967742,3.6225806451612903
2019-08-23,1.7258064516129032,3.4,5.148387096774194,3.6258064516129034
2019-08-22,1.729032258064516,3.4,5.141935483870967,3.6290322580645165
2019-08-21,1.732258064516129,3.4,5.135483870967742,3.632258064516129
2019-08-20,1.7354838709677418,3.4,5.129032258064516,3.635483870967742
2019-08-19,1.738709677419355,3.4,5.122580645161291,3.638709677419355
2019-08-18,1.7419354838709677,3.4,5.116129032258065,3.641935483870968
2019-08-17,1.7451612903225806,3.4,5.109677419354838,3.645161290322581
2019-08-16,1.7483870967741935,3.4,5.103225806451613,3.6483870967741936
2019-08-15,1.7516129032258065,3.4,5.096774193548387,3.6516129032258067
2019-08-14,1.7548387096774194,3.4,5.090322580645162,3.6548387096774193
2019-08-13,1.7580645161290323,3.4,5.083870967741936,3.6580645161290324
2019-08-12,1.761290322580645,3.4,5.077419354838709,3.6612903225806455
2019-08-11,1.7645161290322582,3.4,5.070967741935484,3.664516129032258
2019-08-10,1.767741935483871,3.4,5.064516129032258,3.667741935483871
2019-08-09,1.770967741935484,3.4,5.058064516129033,3.670967741935484
2019-08-08,1.7741935483870968,3.4,5.051612903225807,3.674193548387097
2019-08-07,1.7774193548387096,3.4,5.04516129032258,3.67741935483871
2019-08-06,1.7806451612903227,3.4,5.038709677419355,3.6806451612903226
2019-08-05,1.7838709677419355,3.4,5.032258064516129,3.6838709677419357
2019-08-04,1.7870967741935484,3.4,5.025806451612903,3.6870967741935488
2019-08-03,1.7903225806451613,3.4,5.019354838709678,3.6903225806451614
2019-08-02,1.7935483870967743,3.4,5.012903225806451,3.6935483870967745
2019-08-01,1.7967741935483872,3.4,5.006451612903226,3.696774193548387
2019-07-31,1.8,3.4,5.0,3.7
2019-07-30,1.7935483870967743,3.4,4.990322580645161,3.696774193548387
2019-07-29,1.7870967741935484,3.4,4.980645161290322,3.6935483870967745
2019-07-28,1.7806451612903227,3.4,4.970967741935484,3.6903225806451614
2019-07-27,1.7741935483870968,3.4,4.961290322580645,3.6870967741935488
2019-07-26,1.767741935483871,3.4,4.951612903225806,3.6838709677419357
2019-07-25,1.761290322580645,3.4,4.941935483870968,3.6806451612903226
2019-07-24,1.7548387096774194,3.4,4.932258064516129,3.67741935483871
2019-07-23,1.7483870967741937,3.4,4.922580645161291,3.674193548387097
2019-07-22,1.7419354838709677,3.4,4.912903225806452,3.670967741935484
2019-07-21,1.735483870967742,3.4,4.903225806451613,3.667741935483871
2019-07-20,1.729032258064516,3.4,4.893548387096774,3.664516129032258
2019-07-19,1.7225806451612904,3.4,4.883870967741935,3.6612903225806455
2019-07-18,1.7161290322580647,3.4,4.874193548387097,3.6580645161290324
2019-07-17,1.7096774193548387,3.4,4.864516129032258,3.6548387096774193
2019-07-16,1.703225806451613,3.4,4.854838709677419,3.6516129032258067
2019-07-15,1.696774193548387,3.4,4.845161290322581,3.6483870967741936
2019-07-14,1.6903225806451614,3.4,4.835483870967742,3.645161290322581
2019-07-13,1.6838709677419355,3.4,4.825806451612904,3.641935483870968
2019-07-12,1.6774193548387097,3.4,4.816129032258065,3.638709677419355
2019-07-11,1.670967741935484,3.4,4.806451612903226,3.635483870967742
2019-07-10,1.664516129032258,3.4,4.796774193548387,3.632258064516129
2019-07-09,1.6580645161290324,3.4,4.787096774193548,3.6290322580645165
2019-07-08,1.6516129032258065,3.4,4.77741935483871,3.6258064516129034
2019-07-07,1.6451612903225807,3.4,4.767741935483871,3.6225806451612903
2019-07-06,1.638709677419355,3.4,4.758064516129032,3.6193548387096777
2019-07-05,1.632258064516129,3.4,4.748387096774194,3.6161290322580646
2019-07-04,1.6258064516129034,3.4,4.738709677419355,3.6129032258064515
2019-07-03,1.6193548387096774,3.4,4.7290322580645165,3.609677419354839
2019-07-02,1.6129032258064517,3.4,4.719354838709678,3.606451612903226
2019-07-01,1.6064516129032258,3.4,4.709677419354839,3.603225806451613
2019-06-30,1.6,3.4,4.7,3.6
2019-06-29,1.6066666666666667,3.3699999999999997,4.6866666666666665,3.6
2019-06-28,1.6133333333333335,3.34,4.673333333333334,3.6
2019-06-27,1.62,3.31,4.66,3.6
2019-06-26,1.6266666666666667,3.28,4.6466666666666665,3.6
2019-06-25,1.6333333333333333,3.25,4.633333333333334,3.6
2019-06-24,1.6400000000000001,3.2199999999999998,4.62,3.6
2019-06-23,1.6466666666666667,3.19,4.6066666666666665,3.6
2019-06-22,1.6533333333333333,3.1599999999999997,4.593333333333334,3.6
2019-06-21,1.6600000000000001,3.13,4.58,3.6
2019-06-20,1.6666666666666667,3.1,4.566666666666666,3.6
2019-06-19,1.6733333333333333,3.07,4.553333333333334,3.6
2019-06-18,1.6800000000000002,3.04,4.54,3.6
2019-06-17,1.6866666666666668,3.01,4.526666666666666,3.6
2019-06-16,1.6933333333333334,2.98,4.513333333333334,3.6
2019-06-15,1.7,2.9499999999999997,4.5,3.6
2019-06-14,1.7066666666666668,2.92,4.486666666666666,3.6
2019-06-13,1.7133333333333334,2.89,4.473333333333334,3.6
2019-06-12,1.72,2.86,4.46,3.6
2019-06-11,1.7266666666666668,2.83,4.446666666666666,3.6
2019-06-10,1.7333333333333334,2.8,4.433333333333334,3.6
2019-06-09,1.74,2.77,4.42,3.6
2019-06-08,1.7466666666666668,2.7399999999999998,4.406666666666666,3.6
2019-06-07,1.7533333333333334,2.71,4.3933333333333335,3.6
2019-06-06,1.76,2.68,4.38,3.6
2019-06-05,1.7666666666666666,2.65,4.366666666666666,3.6
2019-06-04,1.7733333333333334,2.62,4.3533333333333335,3.6
2019-06-03,1.78,2.59,4.34,3.6
2019-06-02,1.7866666666666666,2.56,4.326666666666666,3.6
2019-06-01,1.7933333333333334,2.53,4.3133333333333335,3.6
2019-05-31,1.8,2.5,4.3,3.6
2019-05-30,1.8064516129032258,2.5,4.290322580645161,3.603225806451613
2019-05-29,1.8129032258064517,2.5,4.280645161290322,3.606451612903226
2019-05-28,1.8193548387096774,2.5,4.2709677419354835,3.609677419354839
2019-05-27,1.8258064516129033,2.5,4.261290322580645,3.6129032258064515
2019-05-26,1.832258064516129,2.5,4.251612903225806,3.6161290322580646
2019-05-25,1.838709677419355,2.5,4.241935483870968,3.6193548387096777
2019-05-24,1.8451612903225807,2.5,4.232258064516129,3.6225806451612903
2019-05-23,1.8516129032258064,2.5,4.22258064516129,3.6258064516129034
2019-05-22,1.8580645161290323,2.5,4.212903225806452,3.6290322580645165
2019-05-21,1.864516129032258,2.5,4.203225806451613,3.632258064516129
2019-05-20,1.870967741935484,2.5,4.193548387096774,3.635483870967742
2019-05-19,1.8774193548387097,2.5,4.183870967741935,3.638709677419355
2019-05-18,1.8838709677419354,2.5,4.174193548387096,3.641935483870968
2019-05-17,1.8903225806451613,2.5,4.164516129032258,3.645161290322581
2019-05-16,1.896774193548387,2.5,4.154838709677419,3.6483870967741936
2019-05-15,1.903225806451613,2.5,4.145161290322581,3.6516129032258067
2019-05-14,1.9096774193548387,2.5,4.135483870967742,3.6548387096774193
2019-05-13,1.9161290322580646,2.5,4.125806451612903,3.6580645161290324
2019-05-12,1.9225806451612903,2.5,4.116129032258065,3.6612903225806455
2019-05-11,1.929032258064516,2.5,4.106451612903226,3.664516129032258
2019-05-10,1.935483870967742,2.5,4.096774193548387,3.667741935483871
2019-05-09,1.9419354838709677,2.5,4.087096774193548,3.670967741935484
2019-05-08,1.9483870967741936,2.5,4.077419354838709,3.674193548387097
2019-05-07,1.9548387096774194,2.5,4.067741935483871,3.67741935483871
2019-05-06,1.961290322580645,2.5,4.058064516129032,3.6806451612903226
2019-05-05,1.967741935483871,2.5,4.048387096774194,3.6838709677419357
2019-05-04,1.9741935483870967,2.5,4.038709677419355,3.6870967741935488
2019-05-03,1.9806451612903226,2.5,4.029032258064516,3.6903225806451614
2019-05-02,1.9870967741935484,2.5,4.019354838709678,3.6935483870967745
2019-05-01,1.9935483870967743,2.5,4.009677419354839,3.696774193548387
2019-04-30,2.0,2.5,4.0,3.7
2019-04-29,1.9966666666666666,2.5,3.9966666666666666,3.7033333333333336
2019-04-28,1.9933333333333334,2.5,3.993333333333333,3.706666666666667
2019-04-27,1.99,2.5,3.9899999999999998,3.71
2019-04-26,1.9866666666666666,2.5,3.986666666666667,3.7133333333333334
2019-04-25,1.9833333333333334,2.5,3.9833333333333334,3.716666666666667
2019-04-24,1.98,2.5,3.98,3.72
2019-04-23,1.9766666666666666,2.5,3.9766666666666666,3.7233333333333336
2019-04-22,1.9733333333333334,2.5,3.973333333333333,3.7266666666666666
2019-04-21,1.97,2.5,3.9699999999999998,3.73
2019-04-20,1.9666666666666666,2.5,3.966666666666667,3.7333333333333334
2019-04-19,1.9633333333333334,2.5,3.9633333333333334,3.736666666666667
2019-04-18,1.96,2.5,3.96,3.74
2019-04-17,1.9566666666666666,2.5,3.9566666666666666,3.743333333333333
2019-04-16,1.9533333333333334,2.5,3.953333333333333,3.7466666666666666
2019-04-15,1.95,2.5,3.9499999999999997,3.75
2019-04-14,1.9466666666666665,2.5,3.9466666666666668,3.7533333333333334
2019-04-13,1.9433333333333334,2.5,3.9433333333333334,3.756666666666667
2019-04-12,1.94,2.5,3.94,3.76
2019-04-11,1.9366666666666665,2.5,3.9366666666666665,3.763333333333333
2019-04-10,1.9333333333333333,2.5,3.933333333333333,3.7666666666666666
2019-04-09,1.93,2.5,3.9299999999999997,3.77
2019-04-08,1.9266666666666665,2.5,3.9266666666666667,3.7733333333333334
2019-04-07,1.9233333333333333,2.5,3.9233333333333333,3.7766666666666664
2019-04-06,1.92,2.5,3.92,3.78
2019-04-05,1.9166666666666665,2.5,3.9166666666666665,3.783333333333333
2019-04-04,1.9133333333333333,2.5,3.913333333333333,3.7866666666666666
2019-04-03,1.91,2.5,3.9099999999999997,3.79
2019-04-02,1.9066666666666665,2.5,3.9066666666666667,3.793333333333333
2019-04-01,1.9033333333333333,2.5,3.9033333333333333,3.7966666666666664
2019-03-31,1.9,2.5,3.9,3.8
2019-03-30,1.8870967741935483,2.4387096774193546,3.903225806451613,3.8
2019-03-29,1.8741935483870966,2.3774193548387097,3.9064516129032256,3.8
2019-03-28,1.861290322580645,2.3161290322580643,3.9096774193548387,3.8
2019-03-27,1.8483870967741935,2.2548387096774194,3.9129032258064513,3.8
2019-03-26,1.835483870967742,2.193548387096774,3.9161290322580644,3.8
2019-03-25,1.8225806451612903,2.132258064516129,3.9193548387096775,3.8
2019-03-24,1.8096774193548386,2.0709677419354837,3.92258064516129,3.8
2019-03-23,1.796774193548387,2.009677419354839,3.925806451612903,3.8
2019-03-22,1.7838709677419353,1.9483870967741934,3.9290322580645163,3.8
2019-03-21,1.770967741935484,1.8870967741935483,3.932258064516129,3.8
2019-03-20,1.7580645161290323,1.8258064516129031,3.935483870967742,3.8
2019-03-19,1.7451612903225806,1.764516129032258,3.9387096774193546,3.8
2019-03-18,1.732258064516129,1.7032258064516128,3.9419354838709677,3.8
2019-03-17,1.7193548387096773,1.6419354838709677,3.945161290322581,3.8
2019-03-16,1.7064516129032257,1.5806451612903225,3.9483870967741934,3.8
2019-03-15,1.6935483870967742,1.5193548387096774,3.9516129032258065,3.8
2019-03-14,1.6806451612903226,1.4580645161290322,3.954838709677419,3.8
2019-03-13,1.667741935483871,1.396774193548387,3.958064516129032,3.8
2019-03-12,1.6548387096774193,1.335483870967742,3.9612903225806453,3.8
2019-03-11,1.6419354838709677,1.2741935483870968,3.964516129032258,3.8
2019-03-10,1.629032258064516,1.2129032258064516,3.967741935483871,3.8
2019-03-09,1.6161290322580646,1.1516129032258065,3.9709677419354836,3.8
2019-03-08,1.603225806451613,1.0903225806451613,3.9741935483870967,3.8
2019-03-07,1.5903225806451613,1.0290322580645161,3.97741935483871,3.8
2019-03-06,1.5774193548387097,0.9677419354838709,3.9806451612903224,3.8
2019-03-05,1.564516129032258,0.9064516129032257,3.9838709677419355,3.8
2019-03-04,1.5516129032258064,0.8451612903225806,3.9870967741935486,3.8
2019-03-03,1.538709677419355,0.7838709677419354,3.990322580645161,3.8
2019-03-02,1.5258064516129033,0.7225806451612903,3.9935483870967743,3.8
2019-03-01,1.5129032258064516,0.6612903225806451,3.996774193548387,3.8
2019-02-28,1.5,0.6,4.0,3.8
2019-02-27,1.5035714285714286,0.6,4.003571428571428,3.807142857142857
2019-02-26,1.5071428571428571,0.6,4.007142857142857,3.814285714285714
2019-02-25,1.5107142857142857,0.6,4.010714285714286,3.821428571428571
2019-02-24,1.5142857142857142,0.6,4.014285714285714,3.8285714285714283
2019-02-23,1.5178571428571428,0.6,4.017857142857142,3.8357142857142854
2019-02-22,1.5214285714285714,0.6,4.021428571428571,3.8428571428571425
2019-02-21,1.525,0.6,4.025,3.8499999999999996
2019-02-20,1.5285714285714287,0.6,4.0285714285714285,3.857142857142857
2019-02-19,1.5321428571428573,0.6,4.032142857142857,3.8642857142857143
2019-02-18,1.5357142857142858,0.6,4.035714285714286,3.8714285714285714
2019-02-17,1.5392857142857144,0.6,4.039285714285715,3.8785714285714286
2019-02-16,1.542857142857143,0.6,4.042857142857143,3.8857142857142857
2019-02-15,1.5464285714285715,0.6,4.046428571428571,3.892857142857143
2019-02-14,1.55,0.6,4.05,3.9
2019-02-13,1.5535714285714286,0.6,4.053571428571429,3.907142857142857
2019-02-12,1.5571428571428572,0.6,4.057142857142857,3.914285714285714
2019-02-11,1.5607142857142857,0.6,4.060714285714285,3.9214285714285713
2019-02-10,1.5642857142857143,0.6,4.064285714285714,3.9285714285714284
2019-02-09,1.5678571428571428,0.6,4.067857142857143,3.9357142857142855
2019-02-08,1.5714285714285714,0.6,4.071428571428571,3.9428571428571426
2019-02-07,1.575,0.6,4.074999999999999,3.9499999999999997
2019-02-06,1.5785714285714287,0.6,4.078571428571428,3.9571428571428573
2019-02-05,1.5821428571428573,0.6,4.082142857142857,3.9642857142857144
2019-02-04,1.5857142857142859,0.6,4.085714285714285,3.9714285714285715
2019-02-03,1.5892857142857144,0.6,4.0892857142857135,3.9785714285714286
2019-02-02,1.592857142857143,0.6,4.0928571428571425,3.9857142857142858
2019-02-01,1.5964285714285715,0.6,4.0964285714285715,3.992857142857143
2019-01-31,1.6,0.6,4.1,4.0
2019-01-30,1.6096774193548389,0.6,4.087096774193548,3.996774193548387
2019-01-29,1.6193548387096774,0.6,4.074193548387097,3.9935483870967743
2019-01-28,1.6290322580645162,0.6,4.0612903225806445,3.990322580645161
2019-01-27,1.638709677419355,0.6,4.048387096774193,3.9870967741935486
2019-01-26,1.6483870967741936,0.6,4.035483870967742,3.9838709677419355
2019-01-25,1.6580645161290324,0.6,4.02258064516129,3.9806451612903224
2019-01-24,1.667741935483871,0.6,4.009677419354839,3.97741935483871
2019-01-23,1.6774193548387097,0.6,3.996774193548387,3.9741935483870967
2019-01-22,1.6870967741935485,0.6,3.9838709677419355,3.9709677419354836
2019-01-21,1.696774193548387,0.6,3.9709677419354836,3.967741935483871
2019-01-20,1.706451612903226,0.6,3.958064516129032,3.964516129032258
2019-01-19,1.7161290322580645,0.6,3.9451612903225803,3.9612903225806453
2019-01-18,1.7258064516129032,0.6,3.932258064516129,3.958064516129032
2019-01-17,1.735483870967742,0.6,3.9193548387096775,3.954838709677419
2019-01-16,1.7451612903225806,0.6,3.9064516129032256,3.9516129032258065
2019-01-15,1.7548387096774194,0.6,3.893548387096774,3.9483870967741934
2019-01-14,1.764516129032258,0.6,3.8806451612903223,3.945161290322581
2019-01-13,1.7741935483870968,0.6,3.867741935483871,3.9419354838709677
2019-01-12,1.7838709677419355,0.6,3.8548387096774195,3.9387096774193546
2019-01-11,1.793548387096774,0.6,3.8419354838709676,3.935483870967742
2019-01-10,1.803225806451613,0.6,3.829032258064516,3.932258064516129
2019-01-09,1.8129032258064517,0.6,3.8161290322580643,3.9290322580645163
2019-01-08,1.8225806451612903,0.6,3.803225806451613,3.925806451612903
2019-01-07,1.832258064516129,0.6,3.7903225806451615,3.92258064516129
2019-01-06,1.8419354838709676,0.6,3.7774193548387096,3.9193548387096775
2019-01-05,1.8516129032258064,0.6,3.764516129032258,3.9161290322580644
2019-01-04,1.8612903225806452,0.6,3.7516129032258068,3.9129032258064513
2019-01-03,1.8709677419354838,0.6,3.738709677419355,3.9096774193548387
2019-01-02,1.8806451612903226,0.6,3.7258064516129035,3.9064516129032256
2019-01-01,1.8903225806451611,0.6,3.7129032258064516,3.903225806451613
2018-12-31,1.9,0.6,3.7,3.9
2018-12-30,1.9096774193548387,0.6612903225806452,3.6838709677419357,3.896774193548387
2018-12-29,1.9193548387096773,0.7225806451612904,3.667741935483871,3.893548387096774
2018-12-28,1.929032258064516,0.7838709677419355,3.6516129032258067,3.890322580645161
2018-12-27,1.9387096774193548,0.8451612903225807,3.635483870967742,3.8870967741935485
2018-12-26,1.9483870967741934,0.9064516129032258,3.6193548387096777,3.8838709677419354
2018-12-25,1.9580645161290322,0.967741935483871,3.603225806451613,3.8806451612903223
2018-12-24,1.967741935483871,1.0290322580645161,3.5870967741935487,3.8774193548387097
2018-12-23,1.9774193548387096,1.0903225806451613,3.570967741935484,3.8741935483870966
2018-12-22,1.9870967741935484,1.1516129032258065,3.5548387096774197,3.8709677419354835
2018-12-21,1.9967741935483871,1.2129032258064516,3.538709677419355,3.867741935483871
2018-12-20,2.0064516129032257,1.2741935483870968,3.5225806451612907,3.864516129032258
2018-12-19,2.0161290322580645,1.335483870967742,3.506451612903226,3.861290322580645
2018-12-18,2.0258064516129033,1.396774193548387,3.4903225806451617,3.858064516129032
2018-12-17,2.035483870967742,1.4580645161290322,3.474193548387097,3.854838709677419
2018-12-16,2.045161290322581,1.5193548387096776,3.458064516129032,3.8516129032258064
2018-12-15,2.054838709677419,1.5806451612903227,3.4419354838709677,3.8483870967741933
2018-12-14,2.064516129032258,1.6419354838709679,3.425806451612903,3.8451612903225807
2018-12-13,2.074193548387097,1.703225806451613,3.4096774193548387,3.8419354838709676
2018-12-12,2.0838709677419356,1.7645161290322582,3.393548387096774,3.8387096774193545
2018-12-11,2.0935483870967744,1.8258064516129033,3.3774193548387097,3.835483870967742
2018-12-10,2.103225806451613,1.8870967741935485,3.361290322580645,3.832258064516129
2018-12-09,2.1129032258064515,1.9483870967741936,3.3451612903225807,3.829032258064516
2018-12-08,2.1225806451612903,2.009677419354839,3.329032258064516,3.825806451612903
2018-12-07,2.132258064516129,2.0709677419354837,3.3129032258064517,3.82258064516129
2018-12-06,2.141935483870968,2.132258064516129,3.296774193548387,3.8193548387096774
2018-12-05,2.1516129032258067,2.193548387096774,3.2806451612903227,3.8161290322580643
2018-12-04,2.1612903225806455,2.2548387096774194,3.264516129032258,3.8129032258064512
2018-12-03,2.170967741935484,2.3161290322580643,3.2483870967741937,3.8096774193548386
2018-12-02,2.1806451612903226,2.3774193548387097,3.232258064516129,3.8064516129032255
2018-12-01,2.1903225806451614,2.4387096774193546,3.2161290322580647,3.803225806451613
2018-11-30,2.2,2.5,3.2,3.8
2018-11-29,2.2100000000000004,2.5,3.2033333333333336,3.8
2018-11-28,2.22,2.5,3.206666666666667,3.8
2018-11-27,2.23,2.5,3.21,3.8
2018-11-26,2.24,2.5,3.2133333333333334,3.8
2018-11-25,2.25,2.5,3.216666666666667,3.8
2018-11-24,2.2600000000000002,2.5,3.22,3.8
2018-11-23,2.27,2.5,3.2233333333333336,3.8
2018-11-22,2.2800000000000002,2.5,3.2266666666666666,3.8
2018-11-21,2.29,2.5,3.23,3.8
2018-11-20,2.3000000000000003,2.5,3.2333333333333334,3.8
2018-11-19,2.31,2.5,3.236666666666667,3.8
2018-11-18,2.3200000000000003,2.5,3.24,3.8
2018-11-17,2.33,2.5,3.243333333333333,3.8
2018-11-16,2.3400000000000003,2.5,3.2466666666666666,3.8
2018-11-15,2.35,2.5,3.25,3.8
2018-11-14,2.36,2.5,3.2533333333333334,3.8
2018-11-13,2.37,2.5,3.256666666666667,3.8
2018-11-12,2.38,2.5,3.26,3.8
2018-11-11,2.39,2.5,3.263333333333333,3.8
2018-11-10,2.4,2.5,3.2666666666666666,3.8
2018-11-09,2.41,2.5,3.27,3.8
2018-11-08,2.42,2.5,3.2733333333333334,3.8
2018-11-07,2.43,2.5,3.2766666666666664,3.8
2018-11-06,2.44,2.5,3.28,3.8
2018-11-05,2.45,2.5,3.283333333333333,3.8
2018-11-04,2.46,2.5,3.2866666666666666,3.8
2018-11-03,2.47,2.5,3.29,3.8
2018-11-02,2.48,2.5,3.293333333333333,3.8
2018-11-01,2.49,2.5,3.2966666666666664,3.8
2018-10-31,2.5,2.5,3.3,3.8
2018-10-30,2.4935483870967743,2.5,3.3129032258064512,3.7967741935483867
2018-10-29,2.4870967741935486,2.5,3.325806451612903,3.793548387096774
2018-10-28,2.4806451612903224,2.5,3.3387096774193545,3.790322580645161
2018-10-27,2.4741935483870967,2.5,3.3516129032258064,3.7870967741935484
2018-10-26,2.467741935483871,2.5,3.364516129032258,3.7838709677419353
2018-10-25,2.4612903225806453,2.5,3.3774193548387097,3.7806451612903227
2018-10-24,2.454838709677419,2.5,3.390322580645161,3.7774193548387096
2018-10-23,2.4483870967741934,2.5,3.403225806451613,3.7741935483870965
2018-10-22,2.4419354838709677,2.5,3.4161290322580644,3.770967741935484
2018-10-21,2.435483870967742,2.5,3.429032258064516,3.767741935483871
2018-10-20,2.4290322580645163,2.5,3.4419354838709677,3.764516129032258
2018-10-19,2.42258064516129,2.5,3.454838709677419,3.761290322580645
2018-10-18,2.4161290322580644,2.5,3.467741935483871,3.758064516129032
2018-10-17,2.4096774193548387,2.5,3.4806451612903224,3.7548387096774194
2018-10-16,2.403225806451613,2.5,3.4935483870967743,3.7516129032258063
2018-10-15,2.396774193548387,2.5,3.5064516129032257,3.7483870967741937
2018-10-14,2.390322580645161,2.5,3.5193548387096776,3.7451612903225806
2018-10-13,2.3838709677419354,2.5,3.532258064516129,3.741935483870968
2018-10-12,2.3774193548387097,2.5,3.545161290322581,3.738709677419355
2018-10-11,2.3709677419354835,2.5,3.5580645161290323,3.735483870967742
2018-10-10,2.364516129032258,2.5,3.5709677419354837,3.732258064516129
2018-10-09,2.358064516129032,2.5,3.5838709677419356,3.729032258064516
2018-10-08,2.3516129032258064,2.5,3.596774193548387,3.7258064516129035
2018-10-07,2.3451612903225807,2.5,3.609677419354839,3.7225806451612904
2018-10-06,2.3387096774193545,2.5,3.6225806451612903,3.7193548387096773
2018-10-05,2.332258064516129,2.5,3.635483870967742,3.7161290322580647
2018-10-04,2.325806451612903,2.5,3.6483870967741936,3.7129032258064516
2018-10-03,2.3193548387096774,2.5,3.6612903225806455,3.709677419354839
2018-10-02,2.3129032258064512,2.5,3.674193548387097,3.706451612903226
2018-10-01,2.3064516129032255,2.5,3.6870967741935488,3.7032258064516133
2018-09-30,2.3,2.5,3.7,3.7
2018-09-29,2.313333333333333,2.486666666666667,3.7033333333333336,3.7033333333333336
2018-09-28,2.3266666666666667,2.473333333333333,3.706666666666667,3.706666666666667
2018-09-27,2.34,2.46,3.71,3.71
2018-09-26,2.353333333333333,2.4466666666666668,3.7133333333333334,3.7133333333333334
2018-09-25,2.3666666666666667,2.4333333333333336,3.716666666666667,3.716666666666667
2018-09-24,2.38,2.42,3.72,3.72
2018-09-23,2.393333333333333,2.4066666666666667,3.7233333333333336,3.7233333333333336
2018-09-22,2.4066666666666667,2.3933333333333335,3.7266666666666666,3.7266666666666666
2018-09-21,2.42,2.38,3.73,3.73
2018-09-20,2.433333333333333,2.3666666666666667,3.7333333333333334,3.7333333333333334
2018-09-19,2.4466666666666668,2.3533333333333335,3.736666666666667,3.736666666666667
2018-09-18,2.46,2.34,3.74,3.74
2018-09-17,2.473333333333333,2.3266666666666667,3.743333333333333,3.743333333333333
2018-09-16,2.486666666666667,2.3133333333333335,3.7466666666666666,3.7466666666666666
2018-09-15,2.5,2.3000000000000003,3.75,3.75
2018-09-14,2.513333333333333,2.2866666666666666,3.7533333333333334,3.7533333333333334
2018-09-13,2.526666666666667,2.2733333333333334,3.756666666666667,3.756666666666667
2018-09-12,2.54,2.2600000000000002,3.76,3.76
2018-09-11,2.5533333333333332,2.2466666666666666,3.763333333333333,3.763333333333333
2018-09-10,2.566666666666667,2.2333333333333334,3.7666666666666666,3.7666666666666666
2018-09-09,2.58,2.22,3.77,3.77
2018-09-08,2.5933333333333333,2.2066666666666666,3.7733333333333334,3.7733333333333334
2018-09-07,2.606666666666667,2.1933333333333334,3.7766666666666664,3.7766666666666664
2018-09-06,2.62,2.18,3.78,3.78
2018-09-05,2.6333333333333333,2.166666666666667,3.783333333333333,3.783333333333333
2018-09-04,2.646666666666667,2.1533333333333333,3.7866666666666666,3.7866666666666666
2018-09-03,2.66,2.14,3.79,3.79
2018-09-02,2.6733333333333333,2.126666666666667,3.793333333333333,3.793333333333333
2018-09-01,2.686666666666667,2.1133333333333333,3.7966666666666664,3.7966666666666664
2018-08-31,2.7,2.1,3.8,3.8
2018-08-30,2.706451612903226,2.1,3.803225806451613,3.8
2018-08-29,2.7129032258064516,2.1,3.8064516129032255,3.8
2018-08-28,2.7193548387096778,2.1,3.8096774193548386,3.8
2018-08-27,2.7258064516129035,2.1,3.8129032258064512,3.8
2018-08-26,2.732258064516129,2.1,3.8161290322580643,3.8
2018-08-25,2.738709677419355,2.1,3.8193548387096774,3.8
2018-08-24,2.7451612903225806,2.1,3.82258064516129,3.8
2018-08-23,2.7516129032258068,2.1,3.825806451612903,3.8
2018-08-22,2.7580645161290325,2.1,3.829032258064516,3.8
2018-08-21,2.764516129032258,2.1,3.832258064516129,3.8
2018-08-20,2.770967741935484,2.1,3.835483870967742,3.8
2018-08-19,2.7774193548387096,2.1,3.8387096774193545,3.8
2018-08-18,2.7838709677419358,2.1,3.8419354838709676,3.8
2018-08-17,2.7903225806451615,2.1,3.8451612903225807,3.8
2018-08-16,2.796774193548387,2.1,3.8483870967741933,3.8
2018-08-15,2.803225806451613,2.1,3.8516129032258064,3.8
2018-08-14,2.8096774193548386,2.1,3.854838709677419,3.8
2018-08-13,2.8161290322580643,2.1,3.858064516129032,3.8
2018-08-12,2.8225806451612905,2.1,3.861290322580645,3.8
2018-08-11,2.829032258064516,2.1,3.864516129032258,3.8
2018-08-10,2.835483870967742,2.1,3.867741935483871,3.8
2018-08-09,2.8419354838709676,2.1,3.8709677419354835,3.8
2018-08-08,2.8483870967741933,2.1,3.8741935483870966,3.8
2018-08-07,2.8548387096774195,2.1,3.8774193548387097,3.8
2018-08-06,2.861290322580645,2.1,3.8806451612903223,3.8
2018-08-05,2.867741935483871,2.1,3.8838709677419354,3.8
2018-08-04,2.8741935483870966,2.1,3.8870967741935485,3.8
2018-08-03,2.8806451612903223,2.1,3.890322580645161,3.8
2018-08-02,2.8870967741935485,2.1,3.893548387096774,3.8
2018-08-01,2.893548387096774,2.1,3.896774193548387,3.8
2018-07-31,2.9,2.1,3.9,3.8
2018-07-30,2.9,2.1,3.9064516129032256,3.8064516129032255
2018-07-29,2.9,2.1,3.9129032258064513,3.8129032258064512
2018-07-28,2.9,2.1,3.9193548387096775,3.8193548387096774
2018-07-27,2.9,2.1,3.925806451612903,3.825806451612903
2018-07-26,2.9,2.1,3.932258064516129,3.832258064516129
2018-07-25,2.9,2.1,3.9387096774193546,3.8387096774193545
2018-07-24,2.9,2.1,3.9451612903225803,3.8451612903225807
2018-07-23,2.9,2.1,3.9516129032258065,3.8516129032258064
2018-07-22,2.9,2.1,3.958064516129032,3.858064516129032
2018-07-21,2.9,2.1,3.964516129032258,3.864516129032258
2018-07-20,2.9,2.1,3.9709677419354836,3.8709677419354835
2018-07-19,2.9,2.1,3.9774193548387093,3.8774193548387097
2018-07-18,2.9,2.1,3.9838709677419355,3.8838709677419354
2018-07-17,2.9,2.1,3.990322580645161,3.890322580645161
2018-07-16,2.9,2.1,3.996774193548387,3.896774193548387
2018-07-15,2.9,2.1,4.003225806451613,3.903225806451613
2018-07-14,2.9,2.1,4.009677419354839,3.9096774193548387
2018-07-13,2.9,2.1,4.016129032258064,3.9161290322580644
2018-07-12,2.9,2.1,4.02258064516129,3.92258064516129
2018-07-11,2.9,2.1,4.0290322580645155,3.9290322580645163
2018-07-10,2.9,2.1,4.035483870967742,3.935483870967742
2018-07-09,2.9,2.1,4.041935483870968,3.9419354838709677
2018-07-08,2.9,2.1,4.048387096774193,3.9483870967741934
2018-07-07,2.9,2.1,4.054838709677419,3.954838709677419
2018-07-06,2.9,2.1,4.0612903225806445,3.9612903225806453
2018-07-05,2.9,2.1,4.067741935483871,3.967741935483871
2018-07-04,2.9,2.1,4.074193548387097,3.9741935483870967
2018-07-03,2.9,2.1,4.080645161290322,3.9806451612903224
2018-07-02,2.9,2.1,4.087096774193548,3.9870967741935486
2018-07-01,2.9,2.1,4.0935483870967735,3.9935483870967743
2018-06-30,2.9,2.1,4.1,4.0
2018-06-29,2.8966666666666665,2.14,4.09,3.993333333333333
2018-06-28,2.893333333333333,2.18,4.08,3.986666666666667
2018-06-27,2.8899999999999997,2.22,4.069999999999999,3.98
2018-06-26,2.8866666666666667,2.26,4.06,3.973333333333333
2018-06-25,2.8833333333333333,2.3,4.05,3.966666666666667
2018-06-24,2.88,2.34,4.04,3.96
2018-06-23,2.8766666666666665,2.38,4.029999999999999,3.953333333333333
2018-06-22,2.873333333333333,2.42,4.02,3.9466666666666668
2018-06-21,2.8699999999999997,2.46,4.01,3.94
2018-06-20,2.8666666666666667,2.5,3.9999999999999996,3.933333333333333
2018-06-19,2.8633333333333333,2.54,3.9899999999999998,3.9266666666666667
2018-06-18,2.86,2.58,3.9799999999999995,3.92
2018-06-17,2.8566666666666665,2.62,3.9699999999999998,3.913333333333333
2018-06-16,2.853333333333333,2.66,3.9599999999999995,3.9066666666666667
2018-06-15,2.8499999999999996,2.6999999999999997,3.9499999999999997,3.9
2018-06-14,2.8466666666666667,2.7399999999999998,3.94,3.893333333333333
2018-06-13,2.8433333333333333,2.78,3.9299999999999997,3.8866666666666667
2018-06-12,2.84,2.82,3.92,3.88
2018-06-11,2.8366666666666664,2.86,3.9099999999999997,3.873333333333333
2018-06-10,2.833333333333333,2.9,3.9,3.8666666666666667
2018-06-09,2.8299999999999996,2.94,3.8899999999999997,3.86
2018-06-08,2.8266666666666667,2.98,3.88,3.853333333333333
2018-06-07,2.8233333333333333,3.02,3.8699999999999997,3.8466666666666667
2018-06-06,2.82,3.06,3.86,3.84
2018-06-05,2.8166666666666664,3.0999999999999996,3.8499999999999996,3.833333333333333
2018-06-04,2.813333333333333,3.1399999999999997,3.84,3.8266666666666667
2018-06-03,2.8099999999999996,3.1799999999999997,3.8299999999999996,3.82
2018-06-02,2.8066666666666666,3.2199999999999998,3.82,3.813333333333333
2018-06-01,2.8033333333333332,3.26,3.8099999999999996,3.8066666666666666
2018-05-31,2.8,3.3,3.8,3.8
2018-05-30,2.790322580645161,3.3,3.8,3.8064516129032255
2018-05-29,2.7806451612903222,3.3,3.8,3.8129032258064512
2018-05-28,2.770967741935484,3.3,3.8,3.8193548387096774
2018-05-27,2.761290322580645,3.3,3.8,3.825806451612903
2018-05-26,2.7516129032258063,3.3,3.8,3.832258064516129
2018-05-25,2.7419354838709675,3.3,3.8,3.8387096774193545
2018-05-24,2.7322580645161287,3.3,3.8,3.8451612903225807
2018-05-23,2.7225806451612904,3.3,3.8,3.8516129032258064
2018-05-22,2.7129032258064516,3.3,3.8,3.858064516129032
2018-05-21,2.703225806451613,3.3,3.8,3.864516129032258
2018-05-20,2.693548387096774,3.3,3.8,3.8709677419354835
2018-05-19,2.6838709677419352,3.3,3.8,3.8774193548387097
2018-05-18,2.6741935483870964,3.3,3.8,3.8838709677419354
2018-05-17,2.664516129032258,3.3,3.8,3.890322580645161
2018-05-16,2.6548387096774193,3.3,3.8,3.896774193548387
2018-05-15,2.6451612903225805,3.3,3.8,3.903225806451613
2018-05-14,2.6354838709677417,3.3,3.8,3.9096774193548387
2018-05-13,2.625806451612903,3.3,3.8,3.9161290322580644
2018-05-12,2.6161290322580646,3.3,3.8,3.92258064516129
2018-05-11,2.606451612903226,3.3,3.8,3.9290322580645163
2018-05-10,2.596774193548387,3.3,3.8,3.935483870967742
2018-05-09,2.587096774193548,3.3,3.8,3.9419354838709677
2018-05-08,2.5774193548387094,3.3,3.8,3.9483870967741934
2018-05-07,2.567741935483871,3.3,3.8,3.954838709677419
2018-05-06,2.5580645161290323,3.3,3.8,3.9612903225806453
2018-05-05,2.5483870967741935,3.3,3.8,3.967741935483871
2018-05-04,2.5387096774193547,3.3,3.8,3.9741935483870967
2018-05-03,2.529032258064516,3.3,3.8,3.9806451612903224
2018-05-02,2.5193548387096776,3.3,3.8,3.9870967741935486
2018-05-01,2.509677419354839,3.3,3.8,3.9935483870967743
2018-04-30,2.5,3.3,3.8,4.0
2018-04-29,2.4966666666666666,3.3,3.81,4.0
2018-04-28,2.493333333333333,3.3,3.82,4.0
2018-04-27,2.4899999999999998,3.3,3.8299999999999996,4.0
2018-04-26,2.486666666666667,3.3,3.84,4.0
2018-04-25,2.4833333333333334,3.3,3.8499999999999996,4.0
2018-04-24,2.48,3.3,3.86,4.0
2018-04-23,2.4766666666666666,3.3,3.8699999999999997,4.0
2018-04-22,2.473333333333333,3.3,3.88,4.0
2018-04-21,2.4699999999999998,3.3,3.8899999999999997,4.0
2018-04-20,2.466666666666667,3.3,3.9,4.0
2018-04-19,2.4633333333333334,3.3,3.9099999999999997,4.0
2018-04-18,2.46,3.3,3.92,4.0
2018-04-17,2.4566666666666666,3.3,3.9299999999999997,4.0
2018-04-16,2.453333333333333,3.3,3.94,4.0
2018-04-15,2.4499999999999997,3.3,3.9499999999999997,4.0
2018-04-14,2.4466666666666668,3.3,3.9599999999999995,4.0
2018-04-13,2.4433333333333334,3.3,3.9699999999999998,4.0
2018-04-12,2.44,3.3,3.9799999999999995,4.0
2018-04-11,2.4366666666666665,3.3,3.9899999999999998,4.0
2018-04-10,2.433333333333333,3.3,3.9999999999999996,4.0
2018-04-09,2.4299999999999997,3.3,4.01,4.0
2018-04-08,2.4266666666666667,3.3,4.02,4.0
2018-04-07,2.4233333333333333,3.3,4.029999999999999,4.0
2018-04-06,2.42,3.3,4.04,4.0
2018-04-05,2.4166666666666665,3.3,4.05,4.0
2018-04-04,2.413333333333333,3.3,4.06,4.0
2018-04-03,2.4099999999999997,3.3,4.069999999999999,4.0
2018-04-02,2.4066666666666667,3.3,4.08,4.0
2018-04-01,2.4033333333333333,3.3,4.09,4.0
2018-03-31,2.4,3.3,4.1,4.0
2018-03-30,2.393548387096774,3.3419354838709676,4.1,4.003225806451613
2018-03-29,2.3870967741935485,3.3838709677419354,4.1,4.006451612903226
2018-03-28,2.3806451612903223,3.425806451612903,4.1,4.009677419354839
2018-03-27,2.3741935483870966,3.4677419354838706,4.1,4.012903225806451
2018-03-26,2.367741935483871,3.5096774193548383,4.1,4.016129032258064
2018-03-25,2.361290322580645,3.551612903225806,4.1,4.019354838709678
2018-03-24,2.3548387096774195,3.593548387096774,4.1,4.02258064516129
2018-03-23,2.3483870967741933,3.6354838709677417,4.1,4.025806451612903
2018-03-22,2.3419354838709676,3.6774193548387095,4.1,4.029032258064516
2018-03-21,2.335483870967742,3.7193548387096773,4.1,4.032258064516129
2018-03-20,2.329032258064516,3.7612903225806447,4.1,4.035483870967742
2018-03-19,2.3225806451612905,3.8032258064516125,4.1,4.038709677419354
2018-03-18,2.3161290322580643,3.8451612903225802,4.1,4.041935483870968
2018-03-17,2.3096774193548386,3.887096774193548,4.1,4.04516129032258
2018-03-16,2.303225806451613,3.929032258064516,4.1,4.048387096774193
2018-03-15,2.296774193548387,3.9709677419354836,4.1,4.051612903225807
2018-03-14,2.2903225806451615,4.012903225806451,4.1,4.054838709677419
2018-03-13,2.2838709677419358,4.054838709677419,4.1,4.058064516129032
2018-03-12,2.2774193548387096,4.096774193548387,4.1,4.061290322580645
2018-03-11,2.270967741935484,4.138709677419355,4.1,4.064516129032258
2018-03-10,2.264516129032258,4.180645161290323,4.1,4.067741935483871
2018-03-09,2.2580645161290325,4.22258064516129,4.1,4.070967741935483
2018-03-08,2.2516129032258068,4.264516129032257,4.1,4.074193548387097
2018-03-07,2.2451612903225806,4.306451612903225,4.1,4.077419354838709
2018-03-06,2.238709677419355,4.348387096774193,4.1,4.080645161290322
2018-03-05,2.232258064516129,4.390322580645161,4.1,4.083870967741936
2018-03-04,2.2258064516129035,4.4322580645161285,4.1,4.087096774193548
2018-03-03,2.2193548387096778,4.474193548387096,4.1,4.090322580645161
2018-03-02,2.2129032258064516,4.516129032258064,4.1,4.0935483870967735
2018-03-01,2.206451612903226,4.558064516129032,4.1,4.096774193548387
2018-02-28,2.2,4.6,4.1,4.1
2018-02-27,2.1964285714285716,4.6,4.110714285714286,4.0964285714285715
2018-02-26,2.192857142857143,4.6,4.121428571428571,4.0928571428571425
2018-02-25,2.1892857142857145,4.6,4.132142857142857,4.0892857142857135
2018-02-24,2.185714285714286,4.6,4.142857142857142,4.085714285714285
2018-02-23,2.1821428571428574,4.6,4.1535714285714285,4.082142857142857
2018-02-22,2.178571428571429,4.6,4.164285714285714,4.078571428571428
2018-02-21,2.1750000000000003,4.6,4.175,4.074999999999999
2018-02-20,2.1714285714285717,4.6,4.185714285714286,4.071428571428571
2018-02-19,2.167857142857143,4.6,4.196428571428571,4.067857142857143
2018-02-18,2.1642857142857146,4.6,4.207142857142857,4.064285714285714
2018-02-17,2.160714285714286,4.6,4.2178571428571425,4.060714285714285
2018-02-16,2.1571428571428575,4.6,4.228571428571429,4.057142857142857
2018-02-15,2.153571428571429,4.6,4.239285714285714,4.053571428571429
2018-02-14,2.1500000000000004,4.6,4.25,4.05
2018-02-13,2.1464285714285714,4.6,4.260714285714286,4.046428571428571
2018-02-12,2.142857142857143,4.6,4.271428571428571,4.042857142857143
2018-02-11,2.1392857142857142,4.6,4.2821428571428575,4.039285714285715
2018-02-10,2.1357142857142857,4.6,4.292857142857143,4.035714285714286
2018-02-09,2.132142857142857,4.6,4.303571428571429,4.032142857142857
2018-02-08,2.1285714285714286,4.6,4.314285714285714,4.0285714285714285
2018-02-07,2.125,4.6,4.325,4.025
2018-02-06,2.1214285714285714,4.6,4.335714285714286,4.021428571428571
2018-02-05,2.117857142857143,4.6,4.3464285714285715,4.017857142857142
2018-02-04,2.1142857142857143,4.6,4.357142857142858,4.014285714285714
2018-02-03,2.1107142857142858,4.6,4.367857142857143,4.010714285714286
2018-02-02,2.107142857142857,4.6,4.378571428571429,4.007142857142857
2018-02-01,2.1035714285714286,4.6,4.389285714285714,4.003571428571428
2018-01-31,2.1,4.6,4.4,4.0
2018-01-30,2.1,4.6,4.416129032258065,4.003225806451613
2018-01-29,2.1,4.6,4.432258064516129,4.006451612903226
2018-01-28,2.1,4.6,4.448387096774194,4.009677419354839
2018-01-27,2.1,4.6,4.464516129032258,4.012903225806451
2018-01-26,2.1,4.6,4.480645161290323,4.016129032258064
2018-01-25,2.1,4.6,4.496774193548387,4.019354838709678
2018-01-24,2.1,4.6,4.512903225806452,4.02258064516129
2018-01-23,2.1,4.6,4.529032258064516,4.025806451612903
2018-01-22,2.1,4.6,4.545161290322581,4.029032258064516
2018-01-21,2.1,4.6,4.561290322580645,4.032258064516129
2018-01-20,2.1,4.6,4.57741935483871,4.035483870967742
2018-01-19,2.1,4.6,4.593548387096774,4.038709677419354
2018-01-18,2.1,4.6,4.609677419354839,4.041935483870968
2018-01-17,2.1,4.6,4.625806451612903,4.04516129032258
2018-01-16,2.1,4.6,4.641935483870968,4.048387096774193
2018-01-15,2.1,4.6,4.658064516129032,4.051612903225807
2018-01-14,2.1,4.6,4.674193548387097,4.054838709677419
2018-01-13,2.1,4.6,4.690322580645161,4.058064516129032
2018-01-12,2.1,4.6,4.706451612903226,4.061290322580645
2018-01-11,2.1,4.6,4.72258064516129,4.064516129032258
2018-01-10,2.1,4.6,4.738709677419355,4.067741935483871
2018-01-09,2.1,4.6,4.754838709677419,4.070967741935483
2018-01-08,2.1,4.6,4.770967741935484,4.074193548387097
2018-01-07,2.1,4.6,4.787096774193548,4.077419354838709
2018-01-06,2.1,4.6,4.803225806451613,4.080645161290322
2018-01-05,2.1,4.6,4.819354838709677,4.083870967741936
2018-01-04,2.1,4.6,4.835483870967742,4.087096774193548
2018-01-03,2.1,4.6,4.851612903225806,4.090322580645161
2018-01-02,2.1,4.6,4.867741935483871,4.0935483870967735
2018-01-01,2.1,4.6,4.883870967741935,4.096774193548387
2017-12-31,2.1,4.6,4.9,4.1
