Dates,SPX Index,CCMP Index,INDU Index,XAU Curncy,CL1 Comdty,XAG Curncy,LMCADY Comdty,NG1 Comdty,DXY Curncy,EURUSD Curncy,USDCNY Curncy
6/23/2025,5989.43,19609.42,42484.52,3382.77,69.77,36.2292,9908.49,3.691,98.533,1.1567,7.1802
6/20/2025,5967.84,19447.41,42206.82,3368.39,74.93,36.0105,9908.49,3.847,98.707,1.1523,7.1815
6/19/2025,5980.87,19546.27,42171.66,3370.9,75.14,36.382,9748.36,3.989,98.905,1.1495,7.1878
6/18/2025,5980.87,19546.27,42171.66,3369.38,75.14,36.7347,9761.46,3.989,98.905,1.148,7.1895
6/17/2025,5982.72,19521.09,42215.8,3388.11,74.84,37.1079,9791.77,3.851,98.82,1.148,7.1868
6/16/2025,6033.11,19701.21,42515.09,3385.23,71.77,36.3132,9798.59,3.748,97.998,1.1561,7.1802
6/13/2025,5976.97,19406.83,42197.79,3432.34,72.98,36.3029,9718.41,3.581,98.184,1.1549,7.1832
6/12/2025,6045.26,19662.48,42967.62,3385.92,68.04,36.3422,9787.51,3.492,97.921,1.1584,7.1727
6/11/2025,6022.24,19615.88,42865.77,3355.12,68.15,36.2547,9703.49,3.507,98.631,1.1487,7.1903
6/10/2025,6038.81,19714.99,42866.87,3323.69,64.98,36.535,9840.6,3.533,99.098,1.1425,7.1878
6/9/2025,6005.88,19591.24,42761.76,3326.19,65.29,36.7584,9888.78,3.635,98.939,1.1422,7.1794
6/6/2025,6000.36,19529.95,42762.87,3310.42,64.58,35.9777,9762.84,3.784,99.19,1.1397,7.1926
6/5/2025,5939.3,19298.45,42319.74,3352.65,63.37,35.651,9832.65,3.677,98.741,1.1445,7.1777
6/4/2025,5970.81,19460.49,42427.74,3372.72,62.85,34.5045,9669.98,3.716,98.787,1.1417,7.178
6/3/2025,5970.37,19398.96,42519.64,3353.43,63.41,34.5176,9686.31,3.722,99.227,1.1372,7.1883
6/2/2025,5935.94,19242.61,42305.48,3381.59,62.52,34.7615,9667.99,3.694,98.706,1.1441,7.1989
5/30/2025,5911.69,19113.77,42270.07,3289.25,60.79,32.9832,9548.08,3.447,99.329,1.1347,7.1989
5/29/2025,5912.17,19175.87,42215.73,3317.94,60.94,33.3192,9619.57,3.522,99.278,1.137,7.1859
5/28/2025,5888.55,19100.94,42098.7,3287.48,61.84,32.984,9609.97,3.204,99.875,1.1292,7.1959
5/27/2025,5921.54,19199.16,42343.65,3300.87,60.89,33.2645,9636.58,3.398,99.521,1.1328,7.1953
5/26/2025,5802.82,18737.21,41603.07,3343.84,61.53,33.4906,9641.14,3.334,98.934,1.1387,7.1864
5/23/2025,5802.82,18737.21,41603.07,3357.51,61.53,33.477,9641.14,3.334,99.112,1.1362,7.181
5/22/2025,5842.01,18925.73,41859.09,3294.52,61.2,33.0561,9516.38,3.253,99.96,1.1281,7.2056
5/21/2025,5844.61,18872.64,41860.44,3314.96,61.57,33.3893,9547.51,3.368,99.559,1.1331,7.2015
5/20/2025,5940.46,19142.71,42677.24,3290.13,62.56,33.0821,9522.66,3.427,100.118,1.1283,7.217
5/19/2025,5963.6,19215.46,42792.07,3229.56,62.69,32.361,9539.02,3.113,100.426,1.124,7.2138
5/16/2025,5958.38,19211.1,42654.74,3203.65,62.49,32.2948,9478.95,3.334,101.092,1.1163,7.2136
5/15/2025,5916.93,19112.32,42322.75,3240.1,61.62,32.6405,9616.74,3.362,100.879,1.1187,7.2074
5/14/2025,5892.58,19146.81,42051.06,3177.25,63.15,32.2268,9621.33,3.492,101.039,1.1175,7.2084
5/13/2025,5886.55,19010.08,42140.43,3250.31,63.67,32.928,9618.67,3.647,101.003,1.1185,7.2046
5/12/2025,5844.19,18708.34,42410.1,3236.39,61.95,32.6023,9544.37,3.646,101.788,1.1087,7.2053
5/9/2025,5659.91,17928.92,41249.38,3324.98,61.02,32.7242,9494.69,3.795,100.339,1.125,7.2382
5/8/2025,5663.94,17928.14,41368.45,3305.72,59.91,32.4631,9477.32,3.592,100.64,1.1228,7.2428
5/7/2025,5631.28,17738.16,41113.97,3364.5,58.07,32.4562,9441.15,3.621,99.614,1.1301,7.2275
5/6/2025,5606.91,17689.66,40829,3431.77,59.09,33.2228,9559.75,3.463,99.238,1.137,7.219
5/5/2025,5650.38,17844.24,41218.83,3334.12,57.13,32.4851,9385.73,3.55,99.831,1.1315,7.2714
5/2/2025,5686.67,17977.73,41317.43,3240.49,58.29,32.01,9385.73,3.63,100.03,1.1297,7.2714
5/1/2025,5604.14,17710.74,40752.96,3239.2,59.24,32.4128,9239.94,3.479,100.248,1.129,7.2714
4/30/2025,5569.06,17446.34,40669.36,3288.71,58.21,32.6164,9118.2,3.326,99.468,1.1328,7.2714
4/29/2025,5560.83,17461.32,40527.62,3317.41,60.42,32.9355,9430.24,3.386,99.237,1.1387,7.2714
4/28/2025,5528.75,17366.13,40227.59,3343.98,62.05,33.1631,9406.6,3.17,99.01,1.142,7.2874
4/25/2025,5525.21,17382.94,40113.5,3319.72,63.02,33.1102,9376.41,2.937,99.471,1.1365,7.2867
4/24/2025,5484.77,17166.04,40093.4,3349.43,62.79,33.5801,9398.93,2.93,99.377,1.139,7.2889
4/23/2025,5375.86,16708.05,39606.57,3288.34,62.27,33.5785,9363.38,3.022,99.844,1.1316,7.2871
4/22/2025,5287.76,16300.42,39186.98,3380.63,64.31,32.5097,9352.47,3.007,98.918,1.1421,7.3074
4/21/2025,5158.2,15870.9,38170.41,3423.98,63.08,32.696,9160.97,3.016,98.278,1.1515,7.2918
4/18/2025,5282.7,16286.45,39142.23,3326.85,64.68,32.5551,9160.97,3.245,99.23,1.1393,7.2997
4/17/2025,5282.7,16286.45,39142.23,3326.85,64.68,32.5551,9160.97,3.245,99.376,1.1365,7.2992
4/16/2025,5275.7,16307.16,39669.39,3343.12,62.47,32.7655,9171.28,3.247,99.38,1.1399,7.2997
4/15/2025,5396.63,16823.17,40368.96,3230.72,61.33,32.3199,9119.26,3.329,100.215,1.1282,7.3158
4/14/2025,5405.97,16831.48,40524.79,3210.93,61.53,32.3474,9156.99,3.325,99.64,1.1351,7.3095
4/11/2025,5363.36,16724.46,40212.71,3237.61,61.5,32.3065,9191.89,3.527,100.102,1.1355,7.2921
4/10/2025,5268.05,16387.31,39593.66,3176.23,60.07,31.2239,9003.54,3.557,100.867,1.1201,7.3175
4/9/2025,5456.9,17124.97,40608.45,3082.7,62.35,31.0377,8571.37,3.816,102.9,1.0949,7.3463
4/8/2025,4982.77,15267.91,37645.59,2983.27,59.58,29.805,8621.34,3.465,102.955,1.0958,7.3389
4/7/2025,5062.25,15603.26,37965.6,2983.28,60.7,30.0824,8693.73,3.655,103.256,1.0912,7.321
4/4/2025,5074.08,15587.79,38314.86,3038.24,61.99,29.5855,8717.08,3.837,103.023,1.0956,7.2818
4/3/2025,5396.52,16550.61,40545.93,3115.34,66.95,31.8552,9319.27,4.138,102.072,1.1052,7.2818
4/2/2025,5670.97,17601.05,42225.32,3134.17,71.71,33.88,9653.73,4.055,103.807,1.0853,7.2677
4/1/2025,5633.07,17449.89,41989.96,3113.38,71.2,33.6948,9650.69,3.951,104.26,1.0793,7.2702
3/31/2025,5611.85,17299.29,42001.76,3123.57,71.48,34.0859,9658.68,4.119,104.21,1.0816,7.2569
3/28/2025,5580.94,17322.99,41583.9,3085.12,69.36,34.1255,9749.69,4.065,104.044,1.0828,7.2622
3/27/2025,5693.31,17804.03,42299.7,3057.29,69.92,34.4128,9800.17,3.95,104.335,1.0801,7.2622
3/26/2025,5712.2,17899.02,42454.79,3019.38,69.65,33.6335,9883.22,3.861,104.547,1.0754,7.2683
3/25/2025,5776.65,18271.86,42587.5,3020.09,69,33.7301,10091.54,3.84,104.184,1.0791,7.2584
3/24/2025,5767.57,18188.59,42583.32,3011.04,69.11,33.0166,9916.45,3.914,104.262,1.0801,7.2607
3/21/2025,5667.56,17784.05,41985.35,3022.15,68.28,33.0328,9813.48,3.98,104.088,1.0818,7.2518
3/20/2025,5662.89,17691.63,41953.32,3044.9,68.26,33.5912,9885.36,3.975,103.851,1.0851,7.2493
3/19/2025,5675.29,17750.79,41964.63,3047.79,67.16,33.7958,9951.83,4.247,103.428,1.0903,7.2294
3/18/2025,5614.66,17504.12,41581.31,3034.73,66.9,34.0136,9852.83,4.052,103.244,1.0945,7.2256
3/17/2025,5675.12,17808.66,41841.63,3000.6,67.58,33.8628,9799.28,4.018,103.37,1.0922,7.2262
3/14/2025,5638.94,17754.09,41488.19,2984.16,67.18,33.7994,9731.86,4.104,103.718,1.0879,7.2374
3/13/2025,5521.52,17303.01,40813.57,2989.18,66.55,33.8679,9751.09,4.111,103.828,1.0852,7.2432
3/12/2025,5599.3,17648.45,41350.93,2934.77,67.68,33.2453,9751.6,4.084,103.612,1.0888,7.2379
3/11/2025,5572.07,17436.1,41433.48,2915.9,66.25,32.9426,9639.18,4.453,103.419,1.0919,7.2302
3/10/2025,5614.56,17468.32,41911.71,2888.71,66.03,32.1079,9510.04,4.491,103.9,1.0834,7.26
3/7/2025,5770.2,18196.22,42801.72,2909.1,67.04,32.5375,9608.63,4.399,103.838,1.0833,7.2459
3/6/2025,5738.52,18069.26,42579.08,2911.8,66.36,32.646,9747.77,4.302,104.062,1.0785,7.2418
3/5/2025,5842.63,18552.73,43006.59,2919.39,66.31,32.6591,9586.92,4.45,104.276,1.0789,7.2369
3/4/2025,5778.15,18285.16,42520.99,2917.89,68.26,31.9795,9328.39,4.35,105.743,1.0626,7.2639
3/3/2025,5849.72,18350.19,43191.24,2892.73,68.37,31.6828,9394.28,4.122,106.747,1.0487,7.2876
2/28/2025,5954.5,18847.28,43840.91,2857.83,69.76,31.1501,9338.06,3.834,107.614,1.0375,7.2784
2/27/2025,5861.57,18544.42,43239.5,2877.52,70.35,31.2767,9381.31,3.934,107.244,1.0398,7.2865
2/26/2025,5956.06,19075.26,43433.12,2916.39,68.62,31.856,9448.27,3.906,106.416,1.0485,7.2578
2/25/2025,5955.25,19026.39,43621.16,2914.98,68.93,31.7387,9363.85,4.174,106.308,1.0514,7.251
2/24/2025,5983.25,19286.93,43461.21,2951.73,70.7,32.3488,9489.49,3.994,106.596,1.0468,7.2463
2/21/2025,6013.13,19524.01,43428.02,2936.05,70.4,32.457,9518.84,4.234,106.612,1.0458,7.2523
2/20/2025,6117.52,19962.36,44176.65,2938.98,72.57,32.9618,9532.1,4.152,106.372,1.0501,7.2429
2/19/2025,6144.15,20056.25,44627.59,2933.39,72.25,32.698,9425.91,4.28,107.173,1.0423,7.2788
2/18/2025,6129.58,20041.26,44556.34,2936.02,71.85,32.8808,9401.15,4.007,107.054,1.0446,7.2754
2/17/2025,6114.63,20026.77,44546.08,2896.56,70.74,32.3365,9321,3.725,106.575,1.0484,7.2643
2/14/2025,6114.63,20026.77,44546.08,2882.53,70.74,32.103,9490.43,3.725,106.71,1.0492,7.2572
2/13/2025,6115.07,19945.64,44711.43,2928.21,71.29,32.3442,9434.88,3.628,107.313,1.0465,7.2879
2/12/2025,6051.97,19649.95,44368.56,2904.04,71.37,32.2388,9344.29,3.565,107.938,1.0383,7.3069
2/11/2025,6068.5,19643.86,44593.65,2897.91,73.32,31.8155,9239.16,3.519,107.963,1.0361,7.3069
2/10/2025,6066.44,19714.27,44470.41,2908.26,72.32,32.0522,9330.01,3.444,108.319,1.0307,7.305
2/7/2025,6025.99,19523.4,44303.4,2861.07,71,31.8155,9287.61,3.309,108.04,1.0328,7.2947
2/6/2025,6083.57,19791.99,44747.63,2856.28,70.61,32.1758,9155.36,3.408,107.689,1.0383,7.2852
2/5/2025,6061.48,19692.33,44873.28,2867.24,71.03,32.3108,9114.51,3.36,107.579,1.0403,7.2721
2/4/2025,6037.88,19654.02,44556.04,2842.71,72.7,32.168,9024.7,3.253,107.96,1.0379,7.2446
2/3/2025,5994.57,19391.96,44421.91,2815.21,73.16,31.599,8978.57,3.352,108.99,1.0344,7.2446
1/31/2025,6040.53,19627.44,44544.66,2798.41,72.53,31.3047,8928.47,3.044,108.37,1.0362,7.2446
1/30/2025,6071.17,19681.75,44882.13,2794.59,72.73,31.596,9008.68,3.047,107.797,1.0391,7.2446
1/29/2025,6039.31,19632.32,44713.52,2759.36,72.62,30.8487,8943.8,3.535,108,1.0421,7.2446
1/28/2025,6067.7,19733.59,44850.35,2763.51,73.77,30.4207,8861.31,3.471,107.866,1.043,7.2446
1/27/2025,6012.28,19341.83,44713.58,2740.81,73.17,30.218,8972.06,3.697,107.341,1.0492,7.2446
1/24/2025,6101.24,19954.3,44424.25,2770.58,74.66,30.585,9156.25,4.027,107.443,1.0497,7.2411
1/23/2025,6118.71,20053.68,44565.07,2754.87,74.62,30.454,9117.75,3.945,108.047,1.0415,7.2862
1/22/2025,6086.37,20009.34,44156.73,2756.48,75.44,30.8283,9105.45,3.96,108.167,1.0409,7.2762
1/21/2025,6049.24,19756.78,44025.81,2744.81,75.89,30.7808,9168.88,3.756,108.062,1.0428,7.2656
1/20/2025,5996.66,19630.2,43487.83,2708.21,77.88,30.5439,9163.02,3.948,109.347,1.0416,7.2731
1/17/2025,5996.66,19630.2,43487.83,2703.25,77.88,30.367,9081.89,3.948,109.347,1.0273,7.3252
1/16/2025,5937.34,19338.29,43153.13,2714.31,78.68,30.8145,9123.09,4.258,108.957,1.0301,7.3316
1/15/2025,5949.91,19511.23,43221.55,2696.32,80.04,30.653,9053.38,4.083,109.09,1.0289,7.3319
1/14/2025,5842.91,19044.39,42518.28,2677.46,77.5,29.9036,9033.7,3.968,109.273,1.0308,7.3311
1/13/2025,5836.22,19088.1,42297.12,2663.16,78.82,29.6132,8978.84,3.934,109.956,1.0245,7.3319
1/10/2025,5827.04,19161.63,41938.45,2689.76,76.57,30.4077,8991.86,3.989,109.65,1.0244,7.3326
1/9/2025,5918.25,19478.88,42635.2,2667.25,73.92,30.1335,8971.57,3.701,109.179,1.03,7.3321
1/8/2025,5918.25,19478.88,42635.2,2661.94,73.32,30.1045,8917.34,3.651,109.09,1.0318,7.3317
1/7/2025,5909.03,19489.68,42528.36,2648.59,74.25,30.0512,8886.89,3.449,108.542,1.034,7.328
1/6/2025,5975.38,19864.98,42706.56,2636.47,73.56,29.957,8887.1,3.672,108.257,1.039,7.3281
1/3/2025,5942.47,19621.68,42732.13,2640.22,73.96,29.623,8767.96,3.354,108.952,1.0308,7.3215
1/2/2025,5868.55,19280.79,42392.27,2657.9,73.13,29.569,8691.69,3.66,109.394,1.0265,7.2994
1/1/2025,5881.63,19310.79,42544.22,2624.5,71.72,28.9021,8652.67,3.633,108.487,1.0356,7.2993
12/31/2024,5881.63,19310.79,42544.22,2624.5,71.72,28.9021,8652.67,3.633,108.487,1.0354,7.2993
12/30/2024,5906.94,19486.79,42573.73,2606.5,70.99,28.9508,8794.85,3.936,108.13,1.0407,7.2993
12/27/2024,5970.84,19722.03,42992.21,2621.4,70.6,29.385,8871.92,3.514,107.998,1.0426,7.2961
12/26/2024,6037.59,20020.36,43325.8,2633.58,69.62,29.8091,8845.82,3.715,108.129,1.0422,7.2979
12/25/2024,6040.04,20031.13,43297.03,2616.87,70.1,29.661,8845.82,3.946,108.257,1.0407,7.2947
12/24/2024,6040.04,20031.13,43297.03,2616.87,70.1,29.661,8845.82,3.946,108.257,1.0399,7.2953
12/23/2024,5974.07,19764.88,42906.95,2612.56,69.24,29.6507,8801.52,3.656,108.037,1.0405,7.296
12/20/2024,5930.85,19572.6,42840.26,2622.91,69.46,29.5195,8832.85,3.748,107.621,1.043,7.2954
12/19/2024,5867.08,19372.77,42342.24,2594.01,69.91,29.0485,8770.41,3.584,108.408,1.0363,7.2958
12/18/2024,5872.16,19392.69,42326.87,2585.35,70.58,29.35,8909.54,3.374,108.027,1.0353,7.2857
12/17/2024,6050.61,20109.06,43449.9,2646.83,70.08,30.541,8868.97,3.308,106.956,1.0491,7.2842
12/16/2024,6074.08,20173.89,43717.48,2652.72,70.71,30.5498,8942.47,3.214,106.858,1.0512,7.2839
12/13/2024,6051.09,19926.72,43828.06,2648.23,71.29,30.553,8940.53,3.28,107.003,1.0501,7.2736
12/12/2024,6051.25,19902.84,43914.12,2680.73,70.02,30.996,8972.62,3.455,106.956,1.0468,7.2691
12/11/2024,6084.19,20034.89,44148.56,2718.23,70.29,31.9005,9074.07,3.378,106.71,1.0496,7.263
12/10/2024,6034.91,19687.24,44247.83,2694.25,68.59,31.9085,9101.04,3.163,106.399,1.0527,7.2498
12/9/2024,6052.85,19736.69,44401.93,2660.3,68.37,31.836,9118.98,3.182,106.145,1.0554,7.2586
12/6/2024,6090.27,19859.77,44642.52,2633.37,67.2,30.9676,9011.91,3.076,106.055,1.0568,7.2717
12/5/2024,6075.11,19700.72,44765.71,2631.67,68.3,31.3095,8961.83,3.079,105.714,1.0586,7.2588
12/4/2024,6086.49,19735.12,45014.04,2649.9,68.54,31.3022,8969.99,3.043,106.321,1.0511,7.2641
12/3/2024,6049.88,19480.91,44705.53,2643.49,69.94,31.0365,9010.21,3.042,106.365,1.0509,7.2863
12/2/2024,6047.15,19403.95,44782,2639.13,68.1,30.5125,8874.13,3.213,106.446,1.0498,7.2743
11/29/2024,6032.38,19218.17,44910.65,2643.15,68,30.625,8891.85,3.363,105.737,1.0577,7.2467
11/28/2024,5998.74,19060.48,44722.06,2637.92,68.72,30.222,8884.35,3.204,106.048,1.0552,7.2445
11/27/2024,5998.74,19060.48,44722.06,2636.02,68.72,30.0996,8901.72,3.204,106.084,1.0566,7.2452
11/26/2024,6021.63,19175.58,44860.31,2633.15,68.77,30.4412,8884.13,3.431,107.013,1.0489,7.2502
11/25/2024,5987.37,19054.84,44736.57,2625.01,68.94,30.2985,8923.43,3.369,106.817,1.0495,7.2462
11/22/2024,5969.34,19003.65,44296.51,2716.19,71.24,31.3458,8848.01,3.129,107.554,1.0418,7.248
11/21/2024,5948.71,18972.42,43870.35,2669.72,70.1,30.788,8885.11,3.339,106.972,1.0474,7.2422
11/20/2024,5917.11,18966.14,43408.47,2650.6,68.87,30.8532,8968.02,3.193,106.68,1.0544,7.2455
11/19/2024,5916.98,18987.47,43268.94,2632.08,69.39,31.2115,8966.59,2.998,106.206,1.0596,7.2394
11/18/2024,5893.62,18791.81,43389.6,2611.83,69.16,31.1733,8954.64,2.973,106.275,1.0598,7.232
11/15/2024,5870.62,18680.12,43444.99,2563.25,67.02,30.2708,8881.89,2.823,106.687,1.054,7.2294
11/14/2024,5949.17,19107.65,43750.86,2564.85,68.7,30.4497,8861.99,2.785,106.673,1.053,7.2271
11/13/2024,5985.38,19230.72,43958.19,2572.98,68.43,30.3055,8908.61,2.983,106.481,1.0564,7.234
11/12/2024,5983.99,19281.4,43910.98,2598.39,68.12,30.722,9002.18,2.907,106.024,1.0623,7.2347
11/11/2024,6001.35,19298.76,44293.13,2618.82,68.04,30.6833,9187.46,2.92,105.543,1.0655,7.215
11/8/2024,5995.54,19286.78,43988.99,2684.77,70.38,31.307,9302.37,2.669,104.997,1.0718,7.1841
11/7/2024,5973.1,19269.46,43729.34,2706.71,72.36,32.0277,9527.11,2.693,104.508,1.0805,7.1434
11/6/2024,5929.04,18983.46,43729.93,2659.06,71.69,31.1778,9199.57,2.747,105.088,1.0729,7.1753
11/5/2024,5782.76,18439.17,42221.88,2743.99,71.99,32.657,9598.02,2.67,103.423,1.093,7.1047
11/4/2024,5712.69,18179.98,41794.6,2736.78,71.47,32.4505,9568.39,2.781,103.885,1.0878,7.1009
11/1/2024,5728.8,18239.92,42052.19,2736.53,69.49,32.4895,9444.83,2.663,104.282,1.0834,7.129
10/31/2024,5705.45,18095.15,41763.46,2743.97,69.26,32.6625,9373.55,2.707,103.976,1.0884,7.118
10/30/2024,5813.67,18607.93,42141.54,2787.61,68.61,33.7763,9398.03,2.845,103.994,1.0856,7.1161
10/29/2024,5832.92,18712.75,42233.05,2774.74,67.21,34.4541,9388.04,2.346,104.316,1.0819,7.1291
10/28/2024,5823.52,18567.19,42387.57,2742.46,67.38,33.6725,9396.98,2.309,104.316,1.0812,7.1293
10/25/2024,5808.12,18518.61,42114.4,2747.56,71.78,33.7188,9469.4,2.56,104.257,1.0796,7.1215
10/24/2024,5809.86,18415.49,42374.36,2736.17,70.19,33.6833,9367.42,2.522,104.058,1.0828,7.1199
10/23/2024,5797.42,18276.65,42514.95,2715.55,70.77,33.699,9376.54,2.342,104.431,1.0782,7.1302
10/22/2024,5851.2,18573.13,42924.89,2749.01,72.09,34.8585,9437.8,2.311,104.075,1.0799,7.124
10/21/2024,5853.98,18540.01,42931.6,2719.85,70.56,33.7885,9420.76,2.312,104.012,1.0815,7.1209
10/18/2024,5864.67,18489.55,43275.91,2721.46,69.22,33.7162,9503.03,2.258,103.493,1.0867,7.1023
10/17/2024,5841.47,18373.61,43239.05,2692.71,70.67,31.6975,9384.92,2.347,103.825,1.0831,7.1229
10/16/2024,5842.47,18367.08,43077.7,2673.83,70.39,31.6902,9418.77,2.367,103.59,1.0862,7.1196
10/15/2024,5815.26,18315.59,42740.42,2662.58,70.58,31.5002,9386.71,2.498,103.261,1.0893,7.1195
10/14/2024,5859.85,18502.69,43065.22,2648.54,73.83,31.1982,9526.48,2.494,103.298,1.0909,7.0897
10/11/2024,5815.03,18342.94,42863.86,2656.59,75.56,31.5395,9650.49,2.632,102.89,1.0937,7.0668
10/10/2024,5780.05,18282.05,42454.12,2629.74,75.85,31.162,9582.86,2.675,102.988,1.0934,7.0765
10/9/2024,5792.04,18291.62,42512,2607.77,73.24,30.5025,9529.83,2.66,102.928,1.0939,7.0808
10/8/2024,5751.13,18182.92,42080.37,2621.83,73.57,30.6683,9594.57,2.733,102.549,1.098,7.0633
10/7/2024,5695.94,17923.9,41954.24,2642.59,77.14,31.685,9777.73,2.746,102.537,1.0976,7.0187
10/4/2024,5751.07,18137.85,42352.75,2653.6,74.38,32.1998,9796.41,2.854,102.52,1.0974,7.0187
10/3/2024,5699.94,17918.47,42011.59,2655.89,73.71,32.017,9717.92,2.97,101.989,1.1031,7.0187
10/2/2024,5709.54,17925.12,42196.52,2658.69,70.1,31.8315,9943.34,2.886,101.677,1.1045,7.0187
10/1/2024,5708.75,17910.36,42156.97,2663.23,69.83,31.4561,9840.22,2.896,101.194,1.1068,7.0187
9/30/2024,5762.48,18189.17,42330.15,2634.58,68.17,31.1595,9692.01,2.923,100.779,1.1135,7.0187
9/27/2024,5738.17,18119.59,42313,2658.24,68.18,31.5675,9846.53,2.902,100.381,1.1162,7.0111
9/26/2024,5745.37,18190.29,42175.11,2672.38,67.67,32.018,9944.84,2.585,100.562,1.1177,7.0111
9/25/2024,5722.26,18082.21,41914.75,2656.89,69.69,31.8115,9677.64,2.637,100.912,1.1133,7.0338
9/24/2024,5732.93,18074.52,42208.22,2657.1,71.56,32.0985,9665.31,2.551,100.466,1.118,7.0318
9/23/2024,5718.57,17974.27,42124.65,2628.72,70.37,30.6943,9413.08,2.613,100.851,1.1111,7.0521
9/20/2024,5702.55,17948.32,42063.36,2621.88,71.92,31.1775,9346.45,2.434,100.723,1.1162,7.047
9/19/2024,5713.64,18013.98,42025.19,2586.74,71.95,30.7875,9388.22,2.348,100.614,1.1162,7.0627
9/18/2024,5618.26,17573.3,41503.1,2558.91,70.91,30.0812,9266.06,2.284,100.596,1.1119,7.0769
9/17/2024,5634.58,17628.06,41606.18,2569.5,71.19,30.7008,9237.63,2.324,100.894,1.1114,7.0972
9/16/2024,5633.09,17592.13,41622.08,2582.45,70.09,30.7323,9264.82,2.373,100.763,1.1133,7.0972
9/13/2024,5626.02,17683.98,41393.78,2577.7,68.65,30.719,9189.17,2.305,101.114,1.1075,7.0972
9/12/2024,5595.76,17569.68,41096.77,2557.9,68.97,29.8792,9095.69,2.357,101.366,1.1074,7.1174
9/11/2024,5554.13,17395.53,40861.71,2511.76,67.31,28.677,8964.78,2.27,101.684,1.1012,7.1194
9/10/2024,5495.52,17025.88,40736.96,2516.73,65.75,28.4019,8898.81,2.232,101.63,1.102,7.1208
9/9/2024,5471.05,16884.6,40829.59,2506.38,68.71,28.3459,8972.42,2.17,101.552,1.1035,7.1137
9/6/2024,5408.42,16690.83,40345.41,2497.41,67.67,27.935,8875.52,2.275,101.177,1.1084,7.098
9/5/2024,5503.41,17127.66,40755.75,2516.76,69.15,28.8229,8978.71,2.254,101.107,1.1111,7.0887
9/4/2024,5520.07,17084.3,40974.97,2495.72,69.2,28.2743,8836.82,2.145,101.358,1.1082,7.113
9/3/2024,5528.93,17136.3,40936.93,2492.91,70.34,28.048,8829.85,2.203,101.825,1.1043,7.1217
9/2/2024,5648.4,17713.62,41563.08,2499.51,73.55,28.545,9057.34,2.127,101.653,1.1072,7.1173
8/30/2024,5648.4,17713.62,41563.08,2503.39,73.55,28.8647,9118.14,2.127,101.698,1.1048,7.0913
8/29/2024,5591.96,17516.43,41335.05,2521.4,75.91,29.4198,9125.64,2.137,101.343,1.1077,7.097
8/28/2024,5592.18,17556.03,41091.42,2504.61,74.52,29.1267,9129.97,1.93,101.094,1.112,7.1279
8/27/2024,5625.8,17754.82,41250.5,2524.64,75.53,29.9757,9326.52,1.904,100.552,1.1184,7.1238
8/26/2024,5616.84,17725.77,41240.52,2518.03,77.42,29.9034,9173.38,1.956,100.851,1.1161,7.122
8/23/2024,5634.61,17877.79,41175.08,2512.59,74.83,29.8157,9173.38,2.022,100.718,1.1192,7.1209
8/22/2024,5570.64,17619.35,40712.78,2484.75,73.01,28.9855,9010.28,2.053,101.508,1.1112,7.147
8/21/2024,5620.85,17918.99,40890.49,2512.56,71.93,29.6,9136.11,2.177,101.039,1.115,7.1314
8/20/2024,5597.12,17816.94,40834.97,2513.99,74.04,29.438,9085.84,2.198,101.441,1.113,7.1293
8/19/2024,5608.25,17876.77,40896.53,2504.28,74.37,29.4494,9142.64,2.235,101.886,1.1085,7.1395
8/16/2024,5554.25,17631.72,40659.76,2508.01,76.65,28.9793,9006.25,2.123,102.463,1.1027,7.1592
8/15/2024,5543.22,17594.5,40563.06,2456.79,78.16,28.3546,9050.88,2.197,102.977,1.0972,7.1747
8/14/2024,5455.21,17192.6,40008.39,2447.85,76.98,27.5689,8863.8,2.219,102.568,1.1012,7.1411
8/13/2024,5434.43,17187.61,39765.64,2465.16,78.35,27.8528,8847.41,2.148,102.559,1.0993,7.155
8/12/2024,5344.39,16780.61,39357.01,2472.9,80.06,27.978,8908.18,2.189,103.139,1.0931,7.1747
8/9/2024,5344.16,16745.3,39497.54,2431.32,76.84,27.4592,8747.28,2.143,103.135,1.0917,7.1683
8/8/2024,5319.31,16660.02,39446.49,2427.53,76.19,27.544,8670.92,2.127,103.209,1.0919,7.1763
8/7/2024,5199.5,16195.81,38763.45,2382.92,75.23,26.6095,8640.93,2.112,103.197,1.0922,7.1766
8/6/2024,5240.03,16366.85,38997.66,2390.82,73.2,26.9842,8804.02,2.01,102.969,1.0931,7.1558
8/5/2024,5186.33,16200.08,38703.27,2410.79,72.94,27.264,8765.32,1.942,102.689,1.0952,7.1396
8/2/2024,5346.56,16776.16,39737.26,2443.24,73.52,28.5597,8933.85,1.967,103.208,1.0911,7.1722
8/1/2024,5446.68,17194.14,40347.97,2446.26,76.31,28.5235,8923.85,1.968,104.421,1.0791,7.245
7/31/2024,5522.3,17599.4,40842.79,2447.6,77.91,29.0065,9102.28,2.036,104.096,1.0826,7.2267
7/30/2024,5436.44,17147.42,40743.33,2410.78,74.73,28.3863,8842.86,2.126,104.554,1.0815,7.241
7/29/2024,5463.54,17370.2,40539.93,2384.19,75.81,27.8617,8893.67,1.907,104.564,1.0821,7.2603
7/26/2024,5459.1,17357.88,40589.34,2387.19,77.16,27.9258,8995.45,2.006,104.316,1.0856,7.2505
7/25/2024,5399.22,17181.72,39935.07,2364.56,78.28,27.8485,9003.52,2.041,104.355,1.0846,7.2469
7/24/2024,5427.13,17342.41,39853.87,2397.7,77.59,28.9085,8976.43,2.117,104.391,1.084,7.2635
7/23/2024,5555.74,17997.35,40358.09,2409.64,76.96,29.244,9046.71,2.187,104.45,1.0854,7.2748
7/22/2024,5564.41,18007.57,40415.44,2396.59,79.78,29.125,9090.68,2.251,104.314,1.0891,7.2738
7/19/2024,5505,17726.94,40287.53,2400.83,80.13,29.223,9179.32,2.128,104.396,1.0882,7.2699
7/18/2024,5544.59,17871.22,40665.02,2445.08,82.82,29.8329,9254.9,2.125,104.173,1.0897,7.2621
7/17/2024,5588.27,17996.92,41198.08,2458.79,82.85,30.3025,9489.6,2.035,103.748,1.0939,7.2621
7/16/2024,5667.2,18509.34,40954.48,2469.08,80.76,31.2484,9505.34,2.188,104.27,1.0899,7.2685
7/15/2024,5631.22,18472.57,40211.72,2422.27,81.91,30.6769,9652.55,2.158,104.189,1.0894,7.2583
7/12/2024,5615.35,18398.45,40000.9,2411.43,82.21,30.7885,9726.88,2.329,104.093,1.0907,7.2504
7/11/2024,5584.54,18283.41,39753.75,2415.48,82.62,31.464,9627.95,2.268,104.44,1.0868,7.2579
7/10/2024,5633.91,18647.45,39721.36,2371.26,82.1,30.8158,9743.59,2.329,105.048,1.083,7.276
7/9/2024,5576.98,18429.29,39291.97,2364.09,81.41,30.802,9711.02,2.344,105.129,1.0813,7.2726
7/8/2024,5572.85,18403.74,39344.79,2359.13,82.33,30.7634,9760.01,2.366,105,1.0824,7.2681
7/5/2024,5567.19,18352.76,39375.87,2392.16,83.16,31.219,9795.24,2.319,104.875,1.084,7.2683
7/4/2024,5537.02,18188.3,39308,2356.69,83.88,30.3967,9734.08,2.418,105.13,1.0812,7.2682
7/3/2024,5537.02,18188.3,39308,2356.2,83.88,30.5007,9720.19,2.418,105.403,1.0786,7.2702
7/2/2024,5509.01,18028.76,39331.85,2329.46,82.81,29.527,9527.16,2.435,105.722,1.0745,7.2712
7/1/2024,5475.09,17879.3,39169.52,2331.9,83.38,29.4506,9482.77,2.478,105.901,1.074,7.2684
6/28/2024,5460.48,17732.6,39118.86,2326.75,81.54,29.1429,9455.98,2.601,105.866,1.0713,7.2673
6/27/2024,5482.87,17858.68,39164.06,2327.73,81.74,28.9714,9372.07,2.685,105.906,1.0704,7.2688
6/26/2024,5477.9,17805.16,39127.8,2298.23,80.9,28.773,9399.31,2.628,106.052,1.0681,7.2666
6/25/2024,5469.3,17717.65,39112.16,2319.62,80.83,28.911,9422.59,2.756,105.607,1.0714,7.2629
6/24/2024,5447.87,17496.82,39411.21,2334.65,81.63,29.5806,9513.25,2.811,105.473,1.0733,7.2594
6/21/2024,5464.62,17689.36,39150.33,2321.98,80.73,29.5542,9547.61,2.705,105.796,1.0693,7.261
6/20/2024,5473.17,17721.59,39134.76,2360.09,82.17,30.7446,9721.5,2.741,105.588,1.0702,7.2604
6/19/2024,5487.03,17862.23,38834.86,2328.16,81.57,29.7887,9647.21,2.909,105.254,1.0744,7.2571
6/18/2024,5487.03,17862.23,38834.86,2329.46,81.57,29.536,9532.27,2.909,105.256,1.074,7.2539
6/17/2024,5473.23,17857.02,38778.1,2319.14,80.33,29.4651,9536.8,2.788,105.32,1.0734,7.2561
6/14/2024,5431.6,17688.88,38589.16,2333.04,78.45,29.5545,9615.52,2.881,105.55,1.0703,7.2557
6/13/2024,5433.74,17667.56,38647.1,2304.21,78.62,28.9668,9663.72,2.959,105.196,1.0737,7.2525
6/12/2024,5421.03,17608.44,38712.21,2324.98,78.5,29.726,9820.99,3.045,104.645,1.0809,7.2405
6/11/2024,5375.32,17343.55,38747.42,2317.01,77.9,29.2768,9630.4,3.129,105.23,1.0741,7.2544
6/10/2024,5360.79,17192.53,38868.04,2310.88,77.74,29.745,9765.86,2.906,105.15,1.0765,7.2478
6/7/2024,5346.99,17133.13,38798.99,2293.78,75.53,29.153,9638.42,2.918,104.885,1.0801,7.2478
6/6/2024,5352.96,17173.12,38886.17,2376.06,75.55,31.325,10036.51,2.821,104.102,1.089,7.245
6/5/2024,5354.03,17187.9,38807.33,2355.32,74.07,30.0118,9806.25,2.757,104.268,1.0869,7.2477
6/4/2024,5291.34,16857.05,38711.29,2327.01,73.25,29.4977,9820.12,2.586,104.11,1.0879,7.2403
6/3/2024,5283.4,16828.67,38571.03,2350.75,74.22,30.7347,10016.96,2.756,104.14,1.0904,7.242
5/31/2024,5277.51,16735.02,38686.32,2327.33,76.99,30.4083,9913.38,2.587,104.671,1.0848,7.2418
5/30/2024,5235.48,16737.08,38111.48,2343.07,77.91,31.1732,10007.14,2.572,104.716,1.0832,7.2327
5/29/2024,5266.95,16920.58,38441.54,2338.12,79.23,31.976,10326.27,2.493,105.122,1.0801,7.2492
5/28/2024,5306.04,17019.88,38852.86,2361.31,79.83,32.1045,10380.76,2.59,104.614,1.0857,7.2444
5/27/2024,5304.72,16920.79,39069.59,2350.97,77.72,31.631,10204.59,2.52,104.595,1.0859,7.2445
5/24/2024,5304.72,16920.79,39069.59,2333.83,77.72,30.262,10204.59,2.52,104.724,1.0847,7.2436
5/23/2024,5267.84,16736.03,39065.26,2329.27,76.87,30.1337,10318.41,2.657,105.108,1.0815,7.2429
5/22/2024,5307.01,16801.54,39671.04,2378.85,77.57,30.7902,10295.21,2.842,104.933,1.0823,7.2413
5/21/2024,5321.41,16832.63,39872.99,2421.05,79.26,31.976,10742,2.671,104.661,1.0854,7.2376
5/20/2024,5308.13,16794.88,39806.77,2425.31,79.8,31.824,10800.81,2.751,104.565,1.0857,7.2354
5/17/2024,5303.27,16685.97,40003.59,2415.22,80.06,31.493,10597.85,2.626,104.445,1.0869,7.2243
5/16/2024,5297.1,16698.32,39869.38,2376.86,79.23,29.5756,10343.18,2.495,104.462,1.0867,7.2214
5/15/2024,5308.15,16742.39,39908,2385.99,78.63,29.6739,10124.79,2.416,104.345,1.0884,7.219
5/14/2024,5246.68,16511.18,39558.11,2358.12,78.02,28.6194,10008.46,2.344,105.013,1.0819,7.2337
5/13/2024,5221.42,16388.24,39431.51,2336.32,79.12,28.2015,10082.4,2.381,105.218,1.079,7.2334
5/10/2024,5222.68,16340.87,39512.84,2360.5,78.26,28.1834,9897.52,2.252,105.301,1.0771,7.2269
5/9/2024,5214.08,16346.26,39387.76,2346.33,79.26,28.3172,9780.61,2.301,105.227,1.0782,7.2199
5/8/2024,5187.67,16302.76,39056.39,2308.85,78.99,27.3312,9767.35,2.187,105.546,1.0748,7.2246
5/7/2024,5187.7,16332.56,38884.26,2314.1,78.38,27.2419,9894.29,2.207,105.412,1.0755,7.2186
5/6/2024,5180.74,16349.25,38852.27,2323.97,78.48,27.4445,9790.13,2.195,105.051,1.0769,7.2088
5/3/2024,5127.79,16156.33,38675.68,2301.74,78.11,26.5594,9790.13,2.142,105.03,1.0761,7.2411
5/2/2024,5064.2,15840.96,38225.66,2303.83,78.95,26.6828,9642.46,2.035,105.299,1.0725,7.2411
5/1/2024,5018.39,15605.48,37903.29,2319.56,79,26.651,9782.43,1.932,105.755,1.0712,7.2411
4/30/2024,5035.69,15657.82,37815.92,2286.25,81.93,26.2942,9892.4,1.991,106.221,1.0666,7.2411
4/29/2024,5116.17,15983.08,38386.09,2335.66,82.63,27.1429,10063.9,2.03,105.579,1.0721,7.229
4/26/2024,5099.96,15927.9,38239.66,2337.96,83.85,27.2058,9852.84,1.614,105.938,1.0693,7.2464
4/25/2024,5048.42,15611.76,38085.8,2332.46,83.57,27.434,9742.15,1.638,105.598,1.073,7.2399
4/24/2024,5071.63,15712.75,38460.92,2316.17,82.81,27.1626,9654.83,1.653,105.857,1.0699,7.246
4/23/2024,5070.55,15696.64,38503.69,2322.02,83.36,27.3068,9602.05,1.812,105.675,1.0701,7.2452
4/22/2024,5010.6,15451.31,38239.98,2327.3,82.85,27.1965,9742,1.791,106.077,1.0655,7.2436
4/19/2024,4967.23,15282.01,37986.4,2391.93,83.14,28.689,9797.24,1.752,106.154,1.0656,7.2393
4/18/2024,5011.12,15601.5,37775.38,2379.04,82.73,28.2446,9652,1.757,106.151,1.0643,7.2387
4/17/2024,5022.21,15683.37,37753.31,2361.02,82.69,28.2233,9489.7,1.712,105.951,1.0673,7.2386
4/16/2024,5051.41,15865.25,37798.97,2382.89,85.36,28.107,9355.1,1.732,106.257,1.0619,7.2378
4/15/2024,5061.82,15885.02,37735.11,2383.34,85.41,28.872,9499.47,1.691,106.208,1.0624,7.2381
4/12/2024,5123.41,16175.09,37983.24,2344.37,85.66,27.8773,9333.2,1.77,106.038,1.0643,7.2373
4/11/2024,5199.06,16442.2,38459.08,2372.52,85.02,28.4437,9209.9,1.764,105.282,1.0726,7.237
4/10/2024,5160.64,16170.36,38461.51,2334.04,86.21,27.9481,9240.45,1.885,105.245,1.0743,7.2343
4/9/2024,5209.91,16306.64,38883.67,2352.78,85.23,28.152,9283,1.872,104.148,1.0857,7.2323
4/8/2024,5202.39,16253.96,38892.8,2339.03,86.43,27.8505,9281.51,1.844,104.14,1.0859,7.2308
4/5/2024,5204.34,16248.52,38904.04,2329.75,86.91,27.4757,9208.5,1.785,104.298,1.0837,7.2332
4/4/2024,5147.21,16049.08,38596.98,2290.94,86.59,26.9141,9242.06,1.774,104.121,1.0837,7.2332
4/3/2024,5211.49,16277.46,39127.14,2300,85.43,27.1822,9150.56,1.841,104.249,1.0836,7.2332
4/2/2024,5205.81,16240.45,39170.24,2280.67,85.15,26.1411,8888.06,1.862,104.816,1.077,7.2326
4/1/2024,5243.77,16396.83,39566.85,2251.44,83.71,25.0842,8766.51,1.837,105.019,1.0743,7.2308
3/29/2024,5254.35,16379.46,39807.37,2229.87,83.17,24.9631,8766.51,1.763,104.487,1.079,7.2224
3/28/2024,5254.35,16379.46,39807.37,2229.87,83.17,24.9631,8766.51,1.763,104.546,1.0789,7.2267
3/27/2024,5248.49,16399.52,39760.08,2194.79,81.35,24.6488,8744.39,1.718,104.348,1.0828,7.226
3/26/2024,5203.58,16315.7,39282.33,2178.8,81.62,24.4553,8748.47,1.575,104.298,1.0831,7.2167
3/25/2024,5218.19,16384.47,39313.64,2171.83,81.95,24.6834,8757.63,1.615,104.224,1.0837,7.2114
3/22/2024,5234.18,16428.82,39475.9,2165.44,80.63,24.6733,8756.04,1.659,104.43,1.0808,7.2292
3/21/2024,5241.53,16401.84,39781.37,2181.33,81.07,24.7437,8837.66,1.683,104.007,1.086,7.1995
3/20/2024,5224.62,16369.41,39512.13,2186.39,81.68,25.5824,8818.84,1.699,103.389,1.0922,7.1979
3/19/2024,5178.51,16166.79,39110.76,2157.59,83.47,24.9148,8870.81,1.744,103.818,1.0866,7.1994
3/18/2024,5149.42,16103.45,38790.43,2160.36,82.72,25.0373,8986.11,1.703,103.579,1.0872,7.1984
3/15/2024,5117.09,15973.17,38714.77,2155.9,81.04,25.1869,8968.5,1.655,103.432,1.0889,7.197
3/14/2024,5150.48,16128.53,38905.66,2162.19,81.26,24.8169,8783.25,1.741,103.36,1.0883,7.1943
3/13/2024,5165.31,16177.77,39043.32,2174.41,79.72,25.0062,8833.46,1.658,102.789,1.0948,7.1868
3/12/2024,5175.27,16265.64,39005.49,2158.34,77.56,24.1448,8560.7,1.714,102.957,1.0927,7.1826
3/11/2024,5117.94,16019.27,38769.66,2182.75,77.93,24.4684,8559.65,1.759,102.869,1.0926,7.1814
3/8/2024,5123.69,16085.11,38722.69,2178.95,78.01,24.3117,8487.27,1.805,102.712,1.0939,7.1873
3/7/2024,5157.36,16273.38,38791.35,2159.98,78.93,24.3281,8546.49,1.818,102.823,1.0948,7.1926
3/6/2024,5104.76,16031.54,38661.05,2148.18,79.13,24.1673,8484.25,1.929,103.369,1.0899,7.1975
3/5/2024,5078.65,15939.59,38585.19,2128.04,78.15,23.671,8400.75,1.957,103.798,1.0857,7.1965
3/4/2024,5130.95,16207.51,38989.83,2114.48,78.74,23.8865,8455.91,1.916,103.832,1.0856,7.1989
3/1/2024,5137.08,16274.94,39087.38,2082.92,79.97,23.1235,8416,1.835,103.861,1.0837,7.1968
2/29/2024,5096.27,16091.92,38996.39,2044.3,78.26,22.6756,8401.5,1.86,104.156,1.0805,7.1886
2/28/2024,5069.76,15947.74,38949.02,2034.55,78.54,22.4578,8354.75,1.885,103.975,1.0838,7.198
2/27/2024,5078.18,16035.3,38972.41,2030.48,78.87,22.462,8375.25,1.615,103.829,1.0844,7.1979
2/26/2024,5069.53,15976.25,39069.23,2031.24,77.58,22.5206,8361.5,1.659,103.827,1.0851,7.1975
2/23/2024,5088.8,15996.82,39131.53,2035.4,76.49,22.95,8475,1.603,103.936,1.0821,7.1964
2/22/2024,5087.03,16041.62,39069.11,2024.39,78.61,22.7506,8499.5,1.732,103.957,1.0823,7.1939
2/21/2024,4981.8,15580.87,38612.24,2025.99,77.91,22.886,8456.5,1.773,104.006,1.0819,7.1912
2/20/2024,4975.51,15630.78,38563.8,2024.41,78.18,23.0047,8423.99,1.576,104.079,1.0808,7.1925
2/19/2024,5005.57,15775.65,38627.99,2017.21,79.19,23.0232,8353.5,1.609,104.291,1.0779,7.1981
2/16/2024,5005.57,15775.65,38627.99,2013.59,79.19,23.4207,8409.16,1.609,104.275,1.0777,7.1936
2/15/2024,5029.73,15906.17,38773.12,2004.4,78.03,22.9242,8223,1.581,104.296,1.0772,7.1936
2/14/2024,5000.62,15859.15,38424.27,1992.33,76.64,22.372,8097,1.609,104.723,1.0727,7.1936
2/13/2024,4953.17,15655.6,38272.75,1993.15,77.87,22.1195,8155.5,1.689,104.96,1.0709,7.1936
2/12/2024,5021.84,15942.55,38797.38,2020.05,76.92,22.6992,8128.68,1.768,104.17,1.0772,7.1936
2/9/2024,5026.61,15990.66,38671.69,2024.26,76.84,22.6142,8065.04,1.847,104.111,1.0784,7.1936
2/8/2024,4997.91,15793.71,38726.33,2034.52,76.22,22.5845,8085.02,1.917,104.165,1.0778,7.1967
2/7/2024,4995.06,15756.64,38677.36,2035.36,73.86,22.2199,8198.74,1.967,104.057,1.0772,7.1949
2/6/2024,4954.23,15609,38521.36,2036.14,73.31,22.4256,8293.25,2.009,104.213,1.0755,7.1901
2/5/2024,4942.81,15597.68,38380.12,2025.11,72.78,22.3535,8247.24,2.082,104.452,1.0743,7.1985
2/2/2024,4958.61,15628.95,38654.42,2039.76,72.28,22.691,8374.34,2.079,103.922,1.0788,7.1935
2/1/2024,4906.19,15361.64,38519.84,2054.99,73.82,23.1782,8425.5,2.05,103.048,1.0872,7.1805
1/31/2024,4845.65,15164.01,38150.3,2039.52,75.85,22.958,8500.5,2.1,103.274,1.0818,7.1689
1/30/2024,4924.97,15509.9,38467.31,2037.01,77.82,23.1719,8511.75,2.077,103.397,1.0845,7.1778
1/29/2024,4927.93,15628.04,38333.45,2033.23,76.78,23.2043,8455,2.49,103.609,1.0833,7.1804
1/26/2024,4890.97,15455.36,38109.43,2018.52,78.01,22.802,8448.05,2.712,103.433,1.0853,7.1774
1/25/2024,4894.16,15510.5,38049.13,2020.84,77.36,22.9135,8477.5,2.571,103.574,1.0846,7.1739
1/24/2024,4868.55,15481.92,37806.39,2013.89,75.09,22.6675,8472.49,2.641,103.236,1.0885,7.158
1/23/2024,4864.6,15425.94,37905.45,2029.28,74.37,22.444,8312,2.45,103.617,1.0854,7.1718
1/22/2024,4850.43,15360.29,38001.81,2021.7,75.19,22.096,8254.5,2.419,103.331,1.0883,7.1909
1/19/2024,4839.81,15310.97,37863.8,2029.49,73.41,22.6216,8271.76,2.519,103.288,1.0898,7.1934
1/18/2024,4780.94,15055.65,37468.61,2023.34,74.08,22.7409,8223.8,2.697,103.536,1.0876,7.1963
1/17/2024,4739.21,14855.62,37266.67,2006.25,72.56,22.5565,8174.25,2.87,103.45,1.0883,7.1963
1/16/2024,4765.98,14944.35,37361.12,2028.44,72.4,22.9193,8268,2.9,103.357,1.0875,7.1877
1/15/2024,4783.83,14972.76,37592.98,2056.55,72.68,23.2212,8284,3.313,102.404,1.095,7.1715
1/12/2024,4783.83,14972.76,37592.98,2049.06,72.68,23.1947,8241.2,3.313,102.404,1.0951,7.1675
1/11/2024,4780.24,14970.18,37711.02,2028.91,72.02,22.7509,8262.2,3.097,102.291,1.0972,7.1667
1/10/2024,4783.45,14969.65,37695.73,2024.41,71.37,22.9005,8269,3.039,102.362,1.0973,7.1727
1/9/2024,4756.5,14857.71,37525.16,2030.2,72.24,22.9818,8263.4,3.19,102.57,1.0931,7.1687
1/8/2024,4763.54,14843.77,37683.01,2028.07,70.77,23.1101,8339.69,2.98,102.209,1.095,7.1514
1/5/2024,4697.24,14524.07,37466.11,2045.45,73.81,23.192,8361,2.893,102.412,1.0943,7.1471
1/4/2024,4688.68,14510.3,37440.34,2043.65,72.19,23.0108,8367.8,2.821,102.422,1.0945,7.1608
1/3/2024,4704.81,14592.21,37430.19,2041.49,72.7,22.9895,8418.5,2.668,102.494,1.0922,7.1494
1/2/2024,4742.83,14765.94,37715.04,2058.96,70.38,23.6638,8440.5,2.568,102.2,1.0942,7.1432
1/1/2024,4769.83,15011.35,37689.54,2062.98,71.65,23.7953,8463.92,2.514,101.333,1.1045,7.1
12/29/2023,4769.83,15011.35,37689.54,2062.98,71.65,23.7953,8463.92,2.514,101.333,1.1039,7.1
12/28/2023,4783.35,15095.14,37710.1,2065.61,71.77,23.9743,8530.25,2.557,101.229,1.1061,7.1104
12/27/2023,4781.58,15099.18,37656.52,2077.49,74.11,24.266,8589,2.619,100.986,1.1105,7.1427
12/26/2023,4774.75,15074.57,37545.33,2067.81,75.57,24.2258,8483.5,2.55,101.466,1.1042,7.1427
12/25/2023,4754.63,14992.97,37385.97,2053.08,73.56,24.1883,8483.5,2.61,101.698,1.1008,7.1364
12/22/2023,4754.63,14992.97,37385.97,2053.08,73.56,24.1883,8483.5,2.61,101.698,1.1014,7.1357
12/21/2023,4746.75,14963.87,37404.35,2045.95,73.89,24.405,8508.5,2.572,101.843,1.1011,7.1378
12/20/2023,4698.35,14777.94,37082,2031.39,74.22,24.1473,8488.5,2.447,102.408,1.0942,7.1386
12/19/2023,4768.37,15003.22,37557.92,2040.35,73.44,24.0516,8500.5,2.492,102.167,1.0981,7.1185
12/18/2023,4740.56,14905.19,37306.02,2027.19,72.47,23.8045,8393.81,2.503,102.561,1.0924,7.1311
12/15/2023,4719.19,14813.92,37305.16,2019.62,71.43,23.8556,8454.65,2.491,102.55,1.0895,7.1215
12/14/2023,4719.55,14761.56,37248.35,2036.36,71.58,24.1844,8460.51,2.392,101.956,1.0993,7.1119
12/13/2023,4707.09,14733.96,37090.24,2027.74,69.47,23.815,8237.4,2.335,102.869,1.0874,7.1708
12/12/2023,4643.7,14533.4,36577.94,1979.54,68.61,22.7743,8259.75,2.311,103.865,1.0794,7.1772
12/11/2023,4622.44,14432.49,36404.93,1981.95,71.32,22.8195,8249.1,2.431,104.095,1.0765,7.1741
12/8/2023,4604.37,14403.97,36247.87,2004.67,71.23,23.0006,8366.25,2.581,104.01,1.0763,7.1702
12/7/2023,4585.59,14339.99,36117.38,2028.47,69.34,23.8017,8258,2.585,103.541,1.0794,7.1486
12/6/2023,4549.34,14146.71,36054.43,2025.55,69.38,23.8993,8201.25,2.569,104.153,1.0764,7.1606
12/5/2023,4567.18,14229.91,36124.56,2019.36,72.32,24.1588,8252.75,2.71,104.05,1.0797,7.1471
12/4/2023,4569.78,14185.49,36204.44,2029.42,73.04,24.5055,8362.75,2.694,103.712,1.0836,7.1434
12/1/2023,4594.63,14305.03,36245.5,2072.22,74.07,25.486,8538.52,2.814,103.268,1.0884,7.1285
11/30/2023,4567.8,14226.22,35950.89,2036.41,75.96,25.272,8387.5,2.802,103.497,1.0888,7.135
11/29/2023,4550.58,14258.49,35430.42,2044.24,77.86,25.0201,8336.5,2.804,102.765,1.0969,7.1262
11/28/2023,4554.89,14281.76,35416.98,2040.97,76.41,25.0263,8387.75,2.706,102.746,1.0993,7.1363
11/27/2023,4550.43,14241.02,35333.47,2014.13,74.86,24.649,8259.25,2.794,103.199,1.0954,7.1528
11/24/2023,4559.34,14250.85,35390.15,2000.82,75.54,24.33,8329.75,2.855,103.403,1.0939,7.149
11/23/2023,4556.62,14265.86,35273.03,1992.25,77.1,23.6785,8306.5,2.897,103.92,1.0905,7.1476
11/22/2023,4556.62,14265.86,35273.03,1990.17,77.1,23.6316,8252.99,2.897,103.92,1.0888,7.1648
11/21/2023,4538.19,14199.98,35088.29,1998.29,77.77,23.7519,8353,2.846,103.565,1.0911,7.1407
11/20/2023,4547.38,14284.53,35151.04,1978.07,77.6,23.4438,8340.25,2.882,103.438,1.094,7.1669
11/17/2023,4514.02,14125.48,34947.28,1980.82,75.89,23.7189,8168.2,2.96,103.917,1.0915,7.2143
11/16/2023,4508.24,14113.67,34945.47,1980.9,72.9,23.7472,8122,3.062,104.349,1.0852,7.2427
11/15/2023,4502.88,14103.84,34991.21,1959.85,76.66,23.4421,8172.25,3.19,104.394,1.0848,7.2468
11/14/2023,4495.7,14094.38,34827.7,1964.29,78.26,23.0909,8144,3.106,104.053,1.0879,7.2528
11/13/2023,4411.55,13767.74,34337.87,1946.92,78.26,22.3258,8081.25,3.197,105.631,1.0698,7.2891
11/10/2023,4415.24,13798.11,34283.1,1940.2,77.17,22.2675,7954.69,3.033,105.861,1.0686,7.2855
11/9/2023,4347.35,13521.45,33891.94,1958.55,75.74,22.6377,8068.11,3.041,105.91,1.0668,7.2846
11/8/2023,4382.78,13650.41,34112.27,1950.2,75.33,22.5593,8058.5,3.106,105.593,1.0709,7.2761
11/7/2023,4378.38,13639.86,34152.6,1969.45,77.37,22.635,8101,3.14,105.542,1.07,7.28
11/6/2023,4365.98,13518.78,34095.86,1978.14,80.82,23.0268,8157.74,3.264,105.215,1.0718,7.2702
11/3/2023,4358.34,13478.28,34061.32,1992.65,80.51,23.2145,8095.7,3.515,105.021,1.0731,7.2754
11/2/2023,4317.78,13294.19,33839.08,1985.78,82.46,22.7652,8064,3.472,106.124,1.0622,7.3143
11/1/2023,4237.86,13061.47,33274.58,1982.53,80.44,22.9489,8030,3.494,106.884,1.057,7.316
10/31/2023,4193.8,12851.24,33052.87,1983.88,81.02,22.8451,8029,3.575,106.663,1.0575,7.3164
10/30/2023,4166.82,12789.48,32928.96,1996.1,82.31,23.3357,8068.75,3.352,106.12,1.0615,7.311
10/27/2023,4117.37,12643.01,32417.59,2006.37,85.54,23.1199,8030,3.164,106.559,1.0565,7.3174
10/26/2023,4137.23,12595.61,32784.3,1984.71,83.21,22.795,7911,3.214,106.602,1.0563,7.3168
10/25/2023,4186.77,12821.22,33035.93,1979.72,85.39,22.865,7958.5,3.01,106.528,1.0566,7.3172
10/24/2023,4247.68,13139.88,33141.38,1970.97,83.74,22.9167,7985,2.971,106.27,1.059,7.3111
10/23/2023,4217.04,13018.33,32936.41,1972.85,85.49,22.9775,7900.76,2.926,105.536,1.067,7.309
10/20/2023,4224.16,12983.81,33127.28,1981.4,88.75,23.3747,7879.76,2.899,106.163,1.0594,7.3151
10/19/2023,4278,13186.17,33414.17,1974.46,89.37,23.0452,7928,2.957,106.253,1.0582,7.3104
10/18/2023,4314.6,13314.3,33665.08,1947.55,88.32,22.8415,7901.5,3.056,106.565,1.0536,7.3165
10/17/2023,4373.2,13533.75,33997.65,1923.18,86.66,22.8092,7902.75,3.079,106.25,1.0577,7.3157
10/16/2023,4373.63,13567.98,33984.54,1920.2,86.66,22.6145,7915.5,3.109,106.243,1.056,7.311
10/13/2023,4327.78,13407.23,33670.29,1932.82,87.69,22.7202,7875.81,3.236,106.648,1.051,7.305
10/12/2023,4349.61,13574.22,33631.14,1868.9,82.91,21.8294,7915.75,3.344,106.599,1.0528,7.306
10/11/2023,4376.95,13659.68,33804.87,1874.36,83.49,22.0375,7946.5,3.377,105.82,1.062,7.3007
10/10/2023,4358.24,13562.84,33739.3,1860.4,85.97,21.8421,7945,3.382,105.825,1.0605,7.294
10/9/2023,4335.66,13484.24,33604.65,1861.41,86.38,21.88,8039.25,3.376,106.083,1.0567,7.2926
10/6/2023,4308.5,13431.34,33407.58,1833.01,82.79,21.6032,7971.25,3.338,106.044,1.0586,7.298
10/5/2023,4258.19,13219.83,33119.57,1820.3,82.31,20.9734,7823.75,3.166,106.332,1.055,7.298
10/4/2023,4263.75,13236.01,33129.55,1821.36,84.22,21.01,7875,2.962,106.799,1.0504,7.298
10/3/2023,4229.45,13059.47,33002.38,1823.02,89.23,21.1731,7929,2.949,107,1.0467,7.298
10/2/2023,4288.39,13307.77,33433.35,1828.03,88.82,21.045,7978,2.84,106.904,1.0477,7.298
9/29/2023,4288.05,13219.32,33507.5,1848.63,90.79,22.1795,8212.5,2.929,106.174,1.0573,7.298
9/28/2023,4299.7,13201.28,33666.34,1864.87,91.71,22.6238,8167.05,2.945,106.224,1.0566,7.298
9/27/2023,4274.51,13092.85,33550.27,1875.12,93.68,22.5456,8056.5,2.764,106.666,1.0503,7.3118
9/26/2023,4273.53,13063.61,33618.88,1900.65,90.39,22.8491,8034.15,2.656,106.231,1.0572,7.3112
9/25/2023,4337.44,13271.32,34006.88,1915.92,89.68,23.1388,8075.4,2.639,105.998,1.0593,7.312
9/22/2023,4320.06,13211.81,33963.84,1925.23,90.03,23.5616,8161.74,2.637,105.583,1.0653,7.299
9/21/2023,4330,13223.99,34070.42,1920.02,89.63,23.401,8129.75,2.61,105.363,1.0661,7.3064
9/20/2023,4402.2,13469.13,34440.88,1930.3,90.28,23.2387,8281.5,2.733,105.328,1.0661,7.2863
9/19/2023,4443.95,13678.19,34517.73,1931.36,91.2,23.2005,8233.5,2.848,105.133,1.0679,7.2973
9/18/2023,4453.53,13710.24,34624.3,1933.84,91.48,23.2434,8299.8,2.728,105.202,1.0692,7.2912
9/15/2023,4450.32,13708.33,34618.24,1923.91,90.77,23.0361,8350.35,2.644,105.322,1.0657,7.2758
9/14/2023,4505.1,13926.05,34907.11,1910.79,90.16,22.6491,8372.25,2.708,105.405,1.0643,7.2789
9/13/2023,4467.44,13813.58,34575.53,1908.12,88.52,22.838,8397.5,2.68,104.766,1.073,7.2717
9/12/2023,4461.9,13773.63,34645.99,1913.67,88.84,23.0658,8367.5,2.743,104.711,1.0754,7.2923
9/11/2023,4487.46,13917.91,34663.72,1922.3,87.29,23.0785,8375.5,2.608,104.569,1.075,7.2891
9/8/2023,4457.49,13761.53,34576.59,1919.08,87.51,22.9266,8229,2.605,105.09,1.07,7.3439
9/7/2023,4451.14,13748.83,34500.73,1919.68,86.87,22.9682,8309.25,2.579,105.059,1.0696,7.3291
9/6/2023,4465.48,13872.47,34443.19,1916.56,87.54,23.1683,8358.75,2.51,104.861,1.0727,7.318
9/5/2023,4496.83,14020.95,34641.97,1926.12,86.69,23.5416,8482.5,2.582,104.807,1.0722,7.3033
9/4/2023,4515.77,14031.81,34837.71,1942.69,85.55,23.9915,8437.25,2.765,104.236,1.0796,7.2746
9/1/2023,4515.77,14031.81,34837.71,1940.06,85.55,24.188,8479.25,2.765,104.236,1.078,7.2663
8/31/2023,4507.66,14034.97,34721.91,1940.19,83.63,24.443,8404.5,2.768,103.619,1.0843,7.2588
8/30/2023,4514.87,14019.31,34890.24,1942.32,81.63,24.6156,8445.55,2.796,103.157,1.0923,7.287
8/29/2023,4497.63,13943.76,34852.67,1937.54,81.16,24.7237,8411,2.556,103.531,1.088,7.2807
8/28/2023,4433.31,13705.13,34559.98,1920.17,80.1,24.23,8319.25,2.579,104.058,1.0819,7.2889
8/25/2023,4405.71,13590.65,34346.9,1914.96,79.83,24.226,8319.25,2.54,104.077,1.0796,7.2872
8/24/2023,4376.31,13463.97,34099.42,1916.91,79.05,24.1225,8326.5,2.519,103.982,1.081,7.2799
8/23/2023,4436.01,13721.03,34472.98,1915.48,78.89,24.3108,8424.25,2.497,103.419,1.0863,7.2785
8/22/2023,4387.55,13505.87,34288.83,1897.48,80.35,23.4065,8330.7,2.56,103.563,1.0846,7.294
8/21/2023,4399.77,13497.59,34463.69,1894.93,80.72,23.307,8239,2.632,103.3,1.0896,7.2832
8/18/2023,4369.71,13290.78,34500.66,1889.31,81.25,22.75,8213.75,2.551,103.375,1.0873,7.2845
8/17/2023,4370.36,13316.93,34474.83,1889.43,80.39,22.6928,8200.85,2.621,103.572,1.0872,7.2866
8/16/2023,4404.33,13474.63,34765.74,1891.81,79.38,22.415,8115.25,2.592,103.431,1.0879,7.2985
8/15/2023,4437.86,13631.05,34946.39,1902,80.99,22.5286,8143.5,2.659,103.209,1.0905,7.2884
8/14/2023,4489.72,13788.33,35307.63,1907.1,82.51,22.6,8242.75,2.795,103.19,1.0906,7.2573
8/11/2023,4464.05,13644.85,35281.4,1913.76,83.19,22.6857,8255.6,2.77,102.842,1.0949,7.2396
8/10/2023,4468.83,13737.99,35176.15,1912.48,82.82,22.7043,8348.74,2.763,102.524,1.0981,7.2188
8/9/2023,4467.71,13772.02,35123.36,1914.46,84.4,22.6632,8363.26,2.959,102.49,1.0974,7.2107
8/8/2023,4499.38,13884.32,35314.49,1925.24,82.92,22.782,8303,2.777,102.528,1.0956,7.2186
8/7/2023,4518.44,13994.4,35473.13,1936.56,81.94,23.1341,8436.11,2.725,102.047,1.1002,7.1931
8/4/2023,4478.03,13909.24,35065.62,1942.91,82.82,23.6345,8523.25,2.577,102.017,1.1006,7.1729
8/3/2023,4501.89,13959.72,35215.89,1934.06,81.55,23.5708,8570.5,2.565,102.542,1.0949,7.1697
8/2/2023,4513.39,13973.45,35282.52,1934.45,79.49,23.7167,8469.24,2.477,102.59,1.0938,7.1916
8/1/2023,4576.73,14283.91,35630.68,1944.29,81.37,24.305,8594.25,2.56,102.303,1.0984,7.1777
7/31/2023,4588.96,14346.02,35559.53,1965.09,81.8,24.7465,8800,2.634,101.855,1.0997,7.1428
7/28/2023,4582.23,14316.66,35459.29,1959.49,80.58,24.3443,8625.49,2.638,101.622,1.1016,7.1485
7/27/2023,4537.41,14050.11,35282.72,1946,80.09,24.1355,8528,2.492,101.773,1.0979,7.1675
7/26/2023,4566.75,14127.28,35520.12,1972.07,78.78,24.9307,8577.25,2.665,100.887,1.1086,7.1431
7/25/2023,4567.46,14144.56,35438.07,1964.96,79.63,24.6893,8641.25,2.73,101.349,1.1055,7.1363
7/24/2023,4554.64,14058.87,35411.24,1954.73,78.74,24.3477,8487.75,2.685,101.346,1.1064,7.1874
7/21/2023,4536.34,14032.81,35227.69,1961.94,77.07,24.6133,8422.5,2.713,101.071,1.1124,7.1876
7/20/2023,4534.87,14063.31,35225.18,1969.53,75.63,24.7605,8460.75,2.757,100.88,1.113,7.1796
7/19/2023,4565.72,14358.02,35061.21,1976.64,75.35,25.1452,8401.79,2.603,100.281,1.1201,7.2232
7/18/2023,4554.98,14353.64,34951.93,1978.72,75.75,25.0558,8444.99,2.629,99.941,1.1229,7.1864
7/17/2023,4522.79,14244.95,34585.35,1955.04,74.15,24.8414,8468,2.512,99.842,1.1236,7.1735
7/14/2023,4505.42,14113.7,34509.03,1955.21,75.42,24.9497,8661.75,2.539,99.914,1.1228,7.142
7/13/2023,4510.04,14138.57,34395.14,1960.51,76.89,24.88,8687,2.545,99.77,1.1226,7.1493
7/12/2023,4472.16,13918.96,34347.43,1957.35,75.75,24.1225,8488.75,2.632,100.521,1.1129,7.1655
7/11/2023,4439.26,13760.7,34261.42,1932.23,74.83,23.1222,8305,2.731,101.732,1.1009,7.2098
7/10/2023,4409.53,13685.48,33944.4,1925.35,72.99,23.13,8356.49,2.669,101.972,1.1001,7.226
7/7/2023,4398.95,13660.72,33734.88,1925.05,73.86,23.0888,8360.5,2.582,102.272,1.0967,7.2254
7/6/2023,4411.59,13679.04,33922.26,1910.9,71.8,22.72,8246,2.609,103.166,1.0889,7.2488
7/5/2023,4446.82,13791.65,34288.64,1915.3,71.79,23.1087,8304,2.657,103.373,1.0854,7.2505
7/4/2023,4455.59,13816.77,34418.47,1925.48,69.79,22.9667,8346,2.709,103.039,1.0879,7.2162
7/3/2023,4455.59,13816.77,34418.47,1921.64,69.79,22.9193,8397,2.709,102.988,1.0912,7.2468
6/30/2023,4450.38,13787.92,34407.6,1919.35,70.64,22.7747,8322.05,2.798,102.912,1.0909,7.2537
6/29/2023,4396.44,13591.33,34122.42,1908.2,69.86,22.5645,8177,2.701,103.342,1.0865,7.2475
6/28/2023,4376.86,13591.75,33852.66,1907.32,69.56,22.6975,8259.5,2.603,102.905,1.0913,7.2393
6/27/2023,4378.41,13555.67,33926.74,1913.69,67.7,22.8595,8382,2.763,102.492,1.0961,7.2242
6/26/2023,4328.82,13335.78,33714.71,1923.26,69.37,22.7905,8422,2.791,102.692,1.0906,7.2401
6/23/2023,4348.33,13492.52,33727.43,1921.2,69.16,22.428,8409.24,2.729,102.903,1.0894,7.1794
6/22/2023,4381.89,13630.61,33946.71,1914.01,69.51,22.245,8579.25,2.608,102.386,1.0956,7.1794
6/21/2023,4365.69,13502.2,33951.52,1932.55,72.53,22.6364,8606.25,2.597,102.071,1.0986,7.1794
6/20/2023,4388.71,13667.29,34053.87,1936.42,70.5,23.134,8552.25,2.492,102.54,1.0918,7.1809
6/19/2023,4409.59,13689.57,34299.12,1950.48,71.78,23.9528,8546,2.632,102.522,1.0921,7.1634
6/16/2023,4409.59,13689.57,34299.12,1957.98,71.78,24.2,8555,2.632,102.243,1.0937,7.1269
6/15/2023,4425.84,13782.82,34408.06,1958.01,70.62,23.8607,8555.99,2.533,102.115,1.0945,7.121
6/14/2023,4372.59,13626.48,33979.33,1942.52,68.27,23.9191,8509.25,2.342,102.948,1.083,7.1618
6/13/2023,4369.01,13573.32,34212.12,1943.74,69.42,23.666,8450,2.34,103.338,1.0793,7.1662
6/12/2023,4338.93,13461.92,34066.33,1957.84,67.12,24.0531,8282,2.266,103.654,1.0757,7.1464
6/9/2023,4298.86,13259.14,33876.78,1961.19,70.17,24.293,8349,2.254,103.557,1.0749,7.1305
6/8/2023,4293.93,13238.52,33833.61,1965.46,71.29,24.2377,8336,2.352,103.343,1.0782,7.1118
6/7/2023,4267.52,13104.89,33665.02,1940.02,72.53,23.4181,8292.1,2.329,104.099,1.0699,7.135
6/6/2023,4283.85,13276.42,33573.28,1963.52,71.74,23.5682,8334,2.262,104.125,1.0693,7.1176
6/5/2023,4273.79,13229.43,33562.86,1961.86,72.15,23.545,8331.01,2.245,104.002,1.0713,7.1023
6/2/2023,4282.37,13240.77,33762.76,1947.97,71.74,23.606,8233.5,2.172,104.015,1.0708,7.0986
6/1/2023,4221.02,13100.98,33061.57,1977.61,70.1,23.858,8240,2.158,103.56,1.0762,7.0976
5/31/2023,4179.83,12935.29,32908.27,1962.73,68.09,23.4858,8070,2.266,104.326,1.0689,7.1085
5/30/2023,4205.52,13017.43,33042.78,1959.33,69.46,23.1749,8103,2.327,104.165,1.0735,7.0799
5/29/2023,4205.45,12975.69,33093.34,1943.19,72.67,23.1843,8106,2.181,104.206,1.0708,7.0711
5/26/2023,4205.45,12975.69,33093.34,1946.46,72.67,23.301,8106,2.181,104.206,1.0723,7.064
5/25/2023,4151.28,12698.09,32764.65,1941.41,71.83,22.7405,7914.75,2.307,104.251,1.0725,7.0792
5/24/2023,4115.24,12484.16,32799.92,1957.16,74.34,23.056,7851.75,2.398,103.887,1.075,7.0609
5/23/2023,4145.58,12560.25,33055.51,1975.23,72.91,23.4491,8035.74,2.321,103.488,1.077,7.056
5/22/2023,4192.63,12720.78,33286.58,1971.86,71.99,23.6275,8061.53,2.4,103.198,1.0813,7.032
5/19/2023,4191.98,12657.9,33426.63,1977.81,71.55,23.8525,8201,2.585,103.198,1.0805,7.012
5/18/2023,4198.05,12688.84,33535.91,1957.55,71.86,23.4925,8128.48,2.592,103.584,1.077,7.0375
5/17/2023,4158.77,12500.57,33420.77,1981.84,72.83,23.7505,8262.75,2.365,102.882,1.084,6.9965
5/16/2023,4109.9,12343.05,33012.14,1989.17,70.86,23.7491,8074.24,2.376,102.564,1.0862,6.9773
5/15/2023,4136.28,12365.21,33348.6,2016.49,71.11,24.0855,8218.25,2.375,102.434,1.0874,6.9517
5/12/2023,4124.08,12284.74,33300.62,2010.77,70.04,23.969,8222.75,2.266,102.681,1.0849,6.9591
5/11/2023,4130.62,12328.51,33309.51,2015.05,70.87,24.1835,8133.2,2.19,102.058,1.0916,6.9489
5/10/2023,4137.64,12306.44,33531.33,2030.09,72.56,25.4022,8436.25,2.191,101.477,1.0982,6.9304
5/9/2023,4119.17,12179.55,33561.81,2034.56,73.71,25.6022,8562.25,2.267,101.605,1.0962,6.9204
5/8/2023,4138.12,12256.92,33618.69,2021.16,73.16,25.552,8560.25,2.238,101.377,1.1004,6.9142
5/5/2023,4136.25,12235.41,33674.38,2016.79,71.34,25.6663,8560.25,2.137,101.214,1.1019,6.9094
5/4/2023,4061.22,11966.4,33127.74,2050.28,68.56,26.0505,8474.4,2.101,101.399,1.1012,6.9113
5/3/2023,4090.75,12025.33,33414.24,2038.97,68.6,25.577,8442.75,2.17,101.343,1.1062,6.9126
5/2/2023,4119.58,12080.51,33684.53,2016.68,71.66,25.3715,8490,2.214,101.958,1.0999,6.9126
5/1/2023,4167.87,12212.6,34051.7,1982.56,75.66,24.9915,8577,2.318,102.151,1.0976,6.9126
4/28/2023,4169.48,12226.58,34098.16,1990,76.78,25.0545,8577,2.41,101.659,1.1019,6.9126
4/27/2023,4135.35,12142.24,33826.16,1987.78,74.76,24.9276,8569.5,2.355,101.503,1.1028,6.9225
4/26/2023,4055.99,11854.35,33301.87,1989.04,74.3,24.8812,8535.25,2.117,101.467,1.1041,6.928
4/25/2023,4071.63,11799.16,33530.83,1997.39,77.07,25.014,8506,2.307,101.863,1.0973,6.9326
4/24/2023,4137.04,12037.2,33875.4,1989.14,78.76,25.16,8710,2.273,101.348,1.1046,6.8958
4/21/2023,4133.52,12072.46,33808.96,1983.06,77.87,25.0846,8778.5,2.233,101.822,1.0986,6.8914
4/20/2023,4129.79,12059.56,33786.62,2004.8,77.29,25.2902,8865.25,2.249,101.84,1.097,6.8742
4/19/2023,4154.52,12157.23,33897.01,1994.93,79.16,25.2915,8947.75,2.222,101.968,1.0955,6.8847
4/18/2023,4154.87,12153.41,33976.63,2005.45,80.86,25.1925,9004.4,2.366,101.745,1.0972,6.8762
4/17/2023,4151.32,12157.72,33987.18,1995.19,80.83,25.033,8962.95,2.275,102.103,1.0926,6.8799
4/14/2023,4137.64,12123.47,33886.47,2004.17,82.52,25.348,9030.25,2.114,101.552,1.0992,6.8691
4/13/2023,4146.22,12166.27,34029.69,2040.22,82.16,25.828,9065.75,2.007,101.011,1.1046,6.8676
4/12/2023,4091.95,11929.34,33646.5,2014.93,83.26,25.5013,8916.8,2.093,101.5,1.0992,6.873
4/11/2023,4108.94,12031.88,33684.79,2003.62,81.53,25.0615,8851.5,2.186,102.204,1.0912,6.886
4/10/2023,4109.11,12084.36,33586.52,1991.48,79.74,24.873,8806.75,2.172,102.578,1.0859,6.8847
4/7/2023,4105.02,12087.96,33485.29,2007.91,80.7,24.9781,8806.75,2.011,102.092,1.0905,6.8679
4/6/2023,4105.02,12087.96,33485.29,2007.91,80.7,24.9798,8806.75,2.011,101.822,1.0922,6.873
4/5/2023,4090.38,11996.86,33482.72,2020.73,80.61,24.9415,8784.75,2.155,101.852,1.0904,6.8793
4/4/2023,4100.6,12126.33,33402.38,2020.42,80.71,25.0056,8740.25,2.106,101.586,1.0953,6.8793
4/3/2023,4124.51,12189.45,33601.15,1984.65,80.42,23.9845,8917,2.097,102.093,1.0899,6.8777
3/31/2023,4109.31,12221.91,33274.15,1969.28,75.67,24.099,9003.5,2.216,102.506,1.0839,6.8736
3/30/2023,4050.83,12013.47,32859.03,1980.37,74.37,23.903,9003.25,2.104,102.144,1.0905,6.8706
3/29/2023,4027.81,11926.24,32717.6,1964.7,72.97,23.335,9008.75,1.991,102.64,1.0844,6.8895
3/28/2023,3971.27,11716.08,32394.25,1973.54,73.2,23.334,8968.25,2.03,102.43,1.0845,6.8763
3/27/2023,3977.53,11768.84,32432.08,1956.67,72.81,23.081,8951.25,2.088,102.857,1.0798,6.882
3/24/2023,3970.99,11823.96,32237.53,1978.21,69.26,23.2275,8911.75,2.216,103.116,1.076,6.8673
3/23/2023,3948.72,11787.4,32105.25,1993.4,69.96,23.1045,9033,2.154,102.532,1.0831,6.8232
3/22/2023,3936.97,11669.96,32030.11,1970.11,70.9,22.9896,8900.5,2.171,102.346,1.0856,6.87
3/21/2023,4002.87,11860.11,32560.6,1940.07,69.33,22.388,8761,2.348,103.256,1.0768,6.8793
3/20/2023,3951.57,11675.54,32244.58,1978.84,67.64,22.5445,8701.25,2.223,103.281,1.0721,6.877
3/17/2023,3916.64,11630.51,31861.98,1989.25,66.74,22.602,8573.25,2.338,103.708,1.067,6.8867
3/16/2023,3960.28,11717.28,32246.55,1919.52,68.35,21.6968,8508.75,2.514,104.418,1.061,6.898
3/15/2023,3891.93,11434.05,31874.57,1918.58,67.61,21.7755,8480.75,2.439,104.646,1.0577,6.9063
3/14/2023,3919.29,11428.15,32155.4,1904.01,71.33,21.697,8809,2.573,103.597,1.0733,6.8735
3/13/2023,3855.76,11188.84,31819.14,1913.7,74.8,21.8026,8918.25,2.606,103.595,1.0731,6.8483
3/10/2023,3861.59,11138.89,31909.64,1868.26,76.68,20.5395,8847,2.43,104.576,1.0643,6.9172
3/9/2023,3918.32,11338.35,32254.86,1831.03,75.72,20.073,8832.3,2.543,105.309,1.0581,6.9651
3/8/2023,3992.01,11576,32798.4,1813.8,76.66,20.0257,8886,2.551,105.658,1.0545,6.9592
3/7/2023,3986.37,11530.33,32856.46,1813.45,77.58,20.076,8737.5,2.687,105.615,1.0549,6.9662
3/6/2023,4048.42,11675.74,33431.44,1846.86,80.46,21.052,8893.25,2.572,104.35,1.0681,6.9318
3/3/2023,4045.64,11689.01,33390.97,1856.48,79.68,21.2613,8954.5,3.009,104.521,1.0635,6.9043
3/2/2023,3981.35,11462.98,33003.57,1835.87,78.16,20.8975,8928.1,2.765,105.027,1.0597,6.9168
3/1/2023,3951.39,11379.48,32661.84,1836.72,77.69,20.993,9084,2.811,104.483,1.0668,6.8698
2/28/2023,3970.15,11455.54,32656.7,1826.92,77.05,20.9114,8951,2.747,104.869,1.0576,6.9356
2/27/2023,3982.24,11466.98,32889.09,1817.14,75.68,20.63,8783,2.731,104.673,1.0609,6.9441
2/24/2023,3970.04,11394.94,32816.92,1811.04,76.32,20.764,8689,2.451,105.214,1.0548,6.9601
2/23/2023,4012.32,11590.4,33153.91,1822.28,75.39,21.3085,8884.99,2.314,104.598,1.0596,6.9081
2/22/2023,3991.05,11507.07,33045.09,1825.39,73.95,21.5099,9103,2.174,104.585,1.0605,6.8929
2/21/2023,3997.34,11492.3,33129.59,1835.09,76.16,21.8335,9183.5,2.073,104.176,1.0648,6.8795
2/20/2023,4079.09,11787.27,33826.69,1841.38,76.34,21.8171,9115.5,2.275,103.862,1.0686,6.8552
2/17/2023,4079.09,11787.27,33826.69,1842.36,76.34,21.7302,8950.25,2.275,103.862,1.0695,6.8686
2/16/2023,4090.41,11855.83,33696.85,1836.36,78.49,21.5785,8991.5,2.389,103.856,1.0674,6.8575
2/15/2023,4147.6,12070.59,34128.05,1836.01,78.59,21.6264,8826.75,2.471,103.923,1.0689,6.855
2/14/2023,4136.13,11960.15,34089.27,1854.31,79.06,21.8525,8921,2.567,103.233,1.0738,6.8279
2/13/2023,4137.29,11891.79,34245.93,1853.49,80.14,21.9925,8916.5,2.405,103.345,1.0723,6.8183
2/10/2023,4090.46,11718.12,33869.27,1865.57,79.72,22.0037,8828.76,2.514,103.63,1.0678,6.8145
2/9/2023,4081.5,11789.58,33699.88,1861.78,78.06,21.9774,8952.24,2.43,103.221,1.074,6.7864
2/8/2023,4117.86,11910.52,33949.01,1875.49,78.47,22.319,8863.75,2.396,103.409,1.0712,6.7921
2/7/2023,4164,12113.79,34156.69,1873.1,77.14,22.1715,8893,2.584,103.427,1.0726,6.7846
2/6/2023,4111.08,11887.45,33891.02,1867.48,74.11,22.27,8838,2.457,103.621,1.0726,6.7964
2/3/2023,4136.48,12006.96,33926.01,1864.97,73.39,22.353,8951.25,2.41,102.915,1.0795,6.798
2/2/2023,4179.76,12200.82,34053.94,1912.72,75.88,23.4665,9028.25,2.456,101.75,1.091,6.7311
2/1/2023,4119.21,11816.32,34092.96,1950.52,76.41,23.9835,9060.5,2.468,101.217,1.099,6.7422
1/31/2023,4076.6,11584.55,34086.04,1928.36,78.87,23.7305,9199.55,2.684,102.097,1.0863,6.7553
1/30/2023,4017.77,11393.81,33717.09,1923.17,77.9,23.6005,9188.35,2.677,102.276,1.0851,6.7523
1/27/2023,4070.56,11621.71,33978.08,1928.04,79.68,23.604,9242.24,3.109,101.927,1.0868,6.7845
1/26/2023,4060.43,11512.41,33949.41,1929.21,81.01,23.9125,9306.5,2.944,101.839,1.0892,6.7845
1/25/2023,4016.22,11313.36,33743.84,1946.11,80.15,23.913,9289.5,3.067,101.641,1.0916,6.7845
1/24/2023,4016.95,11334.27,33733.96,1937.36,80.13,23.676,9291.01,3.258,101.918,1.0887,6.7845
1/23/2023,4019.81,11364.41,33629.56,1931.04,81.62,23.458,9330.77,3.447,102.138,1.0872,6.7845
1/20/2023,3972.61,11140.43,33375.49,1926.08,81.31,23.933,9307.76,3.174,102.012,1.0856,6.7845
1/19/2023,3898.85,10852.27,33044.56,1932.24,80.33,23.8479,9301,3.275,102.058,1.0833,6.7755
1/18/2023,3928.86,10957.01,33296.96,1904.11,79.48,23.4645,9326,3.311,102.363,1.0794,6.7578
1/17/2023,3990.97,11095.11,33910.85,1908.69,80.18,23.9286,9282.99,3.586,102.39,1.0788,6.7719
1/16/2023,3999.09,11079.16,34302.61,1916.02,79.86,24.2545,9088.19,3.419,102.204,1.0822,6.7382
1/13/2023,3999.09,11079.16,34302.61,1920.23,79.86,24.2643,9168.55,3.419,102.204,1.083,6.701
1/12/2023,3983.17,11001.1,34189.97,1897.09,78.39,23.7777,9169.05,3.695,102.246,1.0853,6.7295
1/11/2023,3969.61,10931.67,33973.01,1875.69,77.41,23.4157,9107.5,3.671,103.188,1.0757,6.765
1/10/2023,3919.25,10742.63,33704.1,1877.03,75.12,23.6032,8890.5,3.639,103.236,1.0733,6.7795
1/9/2023,3892.09,10635.65,33517.65,1871.81,74.63,23.6506,8833,3.91,103.001,1.073,6.7719
1/6/2023,3895.08,10569.29,33630.61,1865.69,73.77,23.8305,8569.9,3.71,103.879,1.0644,6.828
1/5/2023,3808.1,10305.24,32930.08,1832.89,73.67,23.2438,8361.5,3.72,105.042,1.0522,6.8804
1/4/2023,3852.97,10458.76,33269.77,1854.56,72.84,23.7597,8236,4.172,104.248,1.0604,6.8973
1/3/2023,3824.14,10386.98,33136.37,1839.48,76.93,24.0072,8307,3.988,104.518,1.0548,6.915
1/2/2023,3839.5,10466.48,33147.25,1824.02,80.26,23.9545,8364.76,4.475,103.522,1.0667,6.8986
12/30/2022,3839.5,10466.48,33147.25,1824.02,80.26,23.9545,8364.76,4.475,103.522,1.0705,6.8986
12/29/2022,3849.28,10478.09,33220.8,1814.91,78.4,23.8954,8409.5,4.559,103.836,1.0661,6.9643
12/28/2022,3783.22,10213.29,32875.71,1804.35,78.96,23.538,8426,4.709,104.463,1.0612,6.9819
12/27/2022,3829.25,10353.23,33241.56,1813.69,79.53,24.0378,8328,5.282,104.179,1.064,6.9601
12/26/2022,3844.82,10497.86,33203.93,1798.2,79.56,23.7332,8328,5.079,104.314,1.0637,6.9627
12/23/2022,3844.82,10497.86,33203.93,1798.2,79.56,23.7332,8328,5.079,104.314,1.0617,6.99
12/22/2022,3822.39,10476.12,33027.49,1792.52,77.49,23.5681,8290.5,4.999,104.433,1.0596,6.9854
12/21/2022,3878.44,10709.37,33376.48,1814.39,78.29,23.9655,8369.5,5.332,104.162,1.0605,6.9818
12/20/2022,3821.62,10547.11,32849.74,1817.94,76.09,24.1641,8333.75,5.326,103.965,1.0624,6.9619
12/19/2022,3817.66,10546.03,32757.54,1787.62,75.19,22.9878,8303.25,5.851,104.721,1.0607,6.9797
12/16/2022,3852.36,10705.41,32920.46,1793.08,74.29,23.224,8234,6.6,104.701,1.0586,6.974
12/15/2022,3895.75,10810.53,33202.22,1776.85,76.11,23.0855,8253,6.97,104.558,1.0628,6.9738
12/14/2022,3995.32,11170.89,33966.35,1807.32,77.28,23.9465,8478.25,6.43,103.77,1.0682,6.9501
12/13/2022,4019.65,11256.81,34108.64,1810.8,75.39,23.7355,8449.25,6.935,103.98,1.0633,6.9517
12/12/2022,3990.56,11143.74,34005.04,1781.44,73.17,23.3098,8329.25,6.587,105.131,1.0537,6.9776
12/9/2022,3934.38,11004.62,33476.46,1797.32,71.02,23.4735,8507,6.245,104.81,1.054,6.9584
12/8/2022,3963.51,11082,33781.48,1789.14,71.46,23.065,8524.75,5.962,104.774,1.0556,6.9674
12/7/2022,3933.92,10958.55,33597.92,1786.27,72.01,22.7219,8430,5.723,105.1,1.0506,6.97
12/6/2022,3941.26,11014.89,33596.34,1771.04,74.25,22.1916,8384.75,5.469,105.578,1.0467,6.995
12/5/2022,3998.84,11239.94,33947.1,1768.68,76.93,22.2527,8348.5,5.577,105.289,1.0491,6.9625
12/2/2022,4071.7,11461.5,34429.88,1797.63,79.98,23.1403,8432.5,6.281,104.545,1.0535,7.0535
12/1/2022,4076.57,11482.45,34395.01,1803.1,81.22,22.7562,8311.5,6.738,104.728,1.052,7.0534
11/30/2022,4080.11,11468,34589.77,1768.52,80.55,22.1943,8226.75,6.93,105.95,1.0406,7.0924
11/29/2022,3957.63,10983.78,33852.53,1749.85,78.2,21.2578,8036,7.235,106.822,1.033,7.1593
11/28/2022,3963.94,11049.5,33849.46,1741.36,77.24,20.9354,7935.25,6.712,106.681,1.034,7.2069
11/25/2022,4026.12,11226.36,34347.03,1754.93,76.28,21.7453,7975,7.024,105.959,1.0395,7.165
11/24/2022,4027.26,11285.32,34194.06,1755.24,77.94,21.527,8003,7.308,106.076,1.041,7.152
11/23/2022,4027.26,11285.32,34194.06,1749.68,77.94,21.538,7962.25,7.308,106.076,1.0397,7.1605
11/22/2022,4003.58,11174.41,34098.1,1740.25,80.95,21.085,7975.25,6.779,107.222,1.0304,7.1399
11/21/2022,3949.94,11024.51,33700.28,1738.05,79.73,20.8505,7840.5,6.776,107.835,1.0242,7.1653
11/18/2022,3965.34,11146.06,33745.69,1750.68,80.08,20.9415,8042.5,6.303,106.93,1.0325,7.1198
11/17/2022,3946.56,11144.96,33546.32,1760.44,81.64,20.956,8072.25,6.369,106.694,1.0362,7.1578
11/16/2022,3958.79,11183.66,33553.83,1773.87,85.59,21.4716,8260.75,6.2,106.281,1.0395,7.0982
11/15/2022,3991.73,11358.41,33592.92,1778.94,86.92,21.5678,8348.25,6.034,106.404,1.0349,7.0455
11/14/2022,3957.25,11196.22,33536.7,1771.4,85.87,21.983,8356,5.933,106.66,1.0327,7.069
11/11/2022,3992.93,11323.33,33747.86,1771.24,88.96,21.7043,8501.9,5.879,106.292,1.0347,7.0973
11/10/2022,3956.37,11114.15,33715.37,1755.45,86.47,21.6805,8282.5,6.239,108.206,1.0209,7.1865
11/9/2022,3748.57,10353.17,32513.94,1706.74,85.83,21.053,8114.25,5.865,110.549,1.0011,7.241
11/8/2022,3828.11,10616.2,33160.83,1712.42,88.91,21.3535,8127.5,6.138,109.636,1.0074,7.231
11/7/2022,3806.8,10564.52,32827,1675.63,91.79,20.799,7924.75,6.944,110.12,1.002,7.2312
11/4/2022,3770.55,10475.25,32403.22,1681.87,92.61,20.8585,8136,6.4,110.877,0.9957,7.1851
11/3/2022,3719.89,10342.94,32001.25,1629.49,88.17,19.4715,7596,5.975,112.93,0.9749,7.3015
11/2/2022,3759.69,10524.8,32147.76,1635.24,90,19.229,7663.25,6.268,111.345,0.9818,7.29
11/1/2022,3856.1,10890.85,32653.2,1647.98,88.37,19.6278,7717,5.714,111.481,0.9877,7.2775
10/31/2022,3871.98,10988.15,32732.95,1633.56,86.53,19.1645,7522,6.355,111.527,0.9882,7.305
10/28/2022,3901.06,11102.45,32861.8,1644.86,87.9,19.2595,7619,5.684,110.752,0.9965,7.2524
10/27/2022,3807.3,10792.67,32033.28,1663.31,89.08,19.6014,7838.25,5.186,110.587,0.9964,7.229
10/26/2022,3830.6,10970.99,31839.11,1664.57,87.91,19.5815,7886,5.606,109.7,1.0081,7.173
10/25/2022,3859.11,11199.12,31836.74,1653.17,85.32,19.3473,7634,5.613,110.95,0.9966,7.2687
10/24/2022,3797.34,10952.61,31499.62,1649.78,84.58,19.2319,7689,5.199,111.989,0.9874,7.263
10/21/2022,3752.75,10859.72,31082.56,1657.69,85.05,19.421,7719.24,4.959,112.012,0.9862,7.2306
10/20/2022,3665.78,10614.84,30333.59,1628.02,85.98,18.6709,7645.5,5.358,112.881,0.9786,7.2145
10/19/2022,3695.16,10680.51,30423.81,1629.44,85.55,18.4638,7455.75,5.462,112.984,0.9773,7.2287
10/18/2022,3719.98,10772.4,30523.8,1652.22,82.82,18.735,7483,5.745,112.13,0.9858,7.2023
10/17/2022,3677.95,10675.8,30185.82,1650.09,85.46,18.6539,7642.5,5.999,112.039,0.9841,7.1965
10/14/2022,3583.07,10321.39,29634.83,1644.47,85.61,18.277,7652.75,6.453,113.311,0.9722,7.1925
10/13/2022,3669.91,10649.15,30038.72,1666.37,89.11,18.8945,7665.5,6.741,112.363,0.9776,7.1695
10/12/2022,3577.03,10417.1,29210.85,1673.19,87.27,19.0225,7636,6.435,113.32,0.9703,7.1748
10/11/2022,3588.84,10426.19,29239.19,1666.34,89.35,19.151,7661.25,6.596,113.221,0.9708,7.1687
10/10/2022,3612.39,10542.1,29202.88,1668.61,91.13,19.6073,7637.75,6.435,113.144,0.9702,7.1554
10/7/2022,3639.66,10652.4,29296.79,1694.82,92.64,20.131,7507.75,6.748,112.795,0.9744,7.116
10/6/2022,3744.52,11073.31,29926.94,1712.53,88.45,20.6372,7649.75,6.972,112.258,0.9791,7.116
10/5/2022,3783.28,11148.64,30273.87,1716.26,87.76,20.6461,7725.25,6.93,111.208,0.9884,7.116
10/4/2022,3790.93,11176.41,30316.32,1726.13,86.52,21.059,7800,6.837,110.065,0.9986,7.116
10/3/2022,3678.43,10815.43,29490.89,1699.89,83.63,20.703,7602.5,6.47,111.745,0.9826,7.116
9/30/2022,3585.62,10575.62,28725.51,1660.61,79.49,19.0283,7683.25,6.766,112.117,0.9802,7.116
9/29/2022,3640.47,10737.51,29225.61,1660.54,81.23,18.82,7647,6.874,112.254,0.9815,7.1249
9/28/2022,3719.04,11051.64,29683.74,1659.97,82.15,18.8997,7520,6.868,112.604,0.9735,7.2005
9/27/2022,3647.29,10829.5,29134.99,1628.9,78.5,18.3827,7422,6.651,114.106,0.9594,7.1761
9/26/2022,3655.04,10802.92,29260.81,1622.36,76.71,18.3505,7430,6.903,114.103,0.9609,7.1372
9/23/2022,3693.23,10867.93,29590.41,1643.94,78.74,18.87,7518,6.828,113.192,0.9687,7.1283
9/22/2022,3757.99,11066.8,30076.68,1671.22,83.49,19.635,7739,7.089,111.353,0.9836,7.0781
9/21/2022,3789.93,11220.19,30183.78,1673.89,82.94,19.5684,7749,7.779,110.642,0.9837,7.0502
9/20/2022,3855.93,11425.05,30706.23,1664.89,84.45,19.2737,7826,7.717,110.215,0.9971,7.0183
9/19/2022,3899.89,11535.02,31019.68,1675.84,85.73,19.5625,7826.5,7.752,109.737,1.0024,7.005
9/16/2022,3873.33,11448.4,30822.42,1675.06,85.11,19.5895,7869,7.764,109.764,1.0016,6.987
9/15/2022,3901.35,11552.36,30961.82,1665.11,85.1,19.1725,7848.75,8.324,109.739,1.0001,6.9946
9/14/2022,3946.01,11719.68,31135.09,1697.32,88.48,19.6275,7893.5,9.114,109.658,0.9981,6.9618
9/13/2022,3932.69,11633.57,31104.97,1702.17,87.31,19.3335,7994.25,8.284,109.815,0.997,6.9305
9/12/2022,4110.41,12266.41,32381.34,1724.54,87.78,19.7975,8079.5,8.249,108.33,1.0122,6.9265
9/9/2022,4067.36,12112.31,32151.71,1716.83,86.79,18.8586,7924,7.996,109.003,1.0042,6.9265
9/8/2022,4006.18,11862.13,31774.52,1708.46,83.54,18.5359,7919,7.915,109.707,0.9997,6.9576
9/7/2022,3979.87,11791.9,31581.28,1718.37,81.94,18.4645,7698.5,7.842,109.84,1.0006,6.9656
9/6/2022,3908.19,11544.91,31145.3,1702.14,86.88,18.0187,7751,8.145,110.214,0.9904,6.9545
9/5/2022,3924.26,11630.86,31318.44,1710.4,86.87,18.1565,7731,8.786,109.534,0.9929,6.934
9/2/2022,3924.26,11630.86,31318.44,1712.19,86.87,18.0415,7691,8.786,109.534,0.9954,6.9
9/1/2022,3966.85,11785.13,31656.42,1697.52,86.61,17.809,7652,9.262,109.691,0.9946,6.907
8/31/2022,3955,11816.2,31510.43,1711.04,89.55,17.992,7845.5,9.127,108.7,1.0054,6.8904
8/30/2022,3986.16,11883.14,31790.87,1724.02,91.64,18.425,7893,9.042,108.773,1.0015,6.9114
8/29/2022,4030.61,12017.67,32098.99,1737.09,97.01,18.7625,8188.25,9.353,108.835,0.9997,6.9088
8/26/2022,4057.66,12141.71,32283.4,1738.14,93.06,18.8966,8188.25,9.296,108.803,0.9966,6.8717
8/25/2022,4199.12,12639.27,33291.78,1758.71,92.52,19.2485,8167,9.375,108.47,0.9975,6.8492
8/24/2022,4140.77,12431.53,32969.23,1751.19,94.89,19.1125,8058.25,9.33,108.677,0.9967,6.8595
8/23/2022,4128.73,12381.3,32909.59,1748.15,93.74,19.1169,8170.75,9.193,108.624,0.997,6.835
8/22/2022,4137.99,12381.57,33063.61,1736.3,90.23,18.989,8076.1,9.68,109.046,0.9943,6.8483
8/19/2022,4228.48,12705.21,33706.74,1747.06,90.77,19.0475,8100.85,9.336,108.169,1.0037,6.8176
8/18/2022,4283.74,12965.34,33999.04,1758.61,90.5,19.539,8045.25,9.188,107.484,1.0087,6.7863
8/17/2022,4274.04,12938.12,33980.32,1761.77,88.11,19.8008,7925.25,9.244,106.574,1.018,6.7811
8/16/2022,4305.2,13102.55,34152.01,1775.69,86.53,20.1482,7975,9.329,106.5,1.0171,6.7882
8/15/2022,4297.14,13128.05,33912.44,1779.71,89.41,20.2727,7972,8.728,106.546,1.016,6.7735
8/12/2022,4280.15,13047.19,33761.05,1802.4,92.09,20.824,8085,8.768,105.631,1.0259,6.7428
8/11/2022,4207.27,12779.91,33336.67,1789.72,94.34,20.3115,8165.5,8.874,105.09,1.032,6.7448
8/10/2022,4210.24,12854.8,33309.51,1792.38,91.93,20.5886,8080.98,8.202,105.196,1.0299,6.7238
8/9/2022,4122.47,12493.93,32774.41,1794.29,90.5,20.5257,7980.5,7.833,106.374,1.0213,6.7527
8/8/2022,4140.06,12644.46,32832.54,1788.96,90.76,20.668,7986.75,7.589,106.435,1.0197,6.7512
8/5/2022,4145.19,12657.55,32803.47,1775.5,89.01,19.8953,7862.5,8.064,106.621,1.0183,6.7619
8/4/2022,4151.94,12720.58,32726.82,1791.28,88.54,20.1785,7720.2,8.122,105.693,1.0246,6.7493
8/3/2022,4155.17,12668.16,32812.5,1765.29,90.66,20.063,7671.75,8.266,106.506,1.0166,6.758
8/2/2022,4091.19,12348.76,32396.17,1760.39,94.42,19.978,7808.75,7.706,106.241,1.0166,6.7525
8/1/2022,4118.63,12368.98,32798.4,1772.17,93.89,20.3635,7821.25,8.283,105.45,1.0262,6.7688
7/29/2022,4130.29,12390.69,32845.13,1765.94,98.62,20.3584,7931.25,8.229,105.903,1.022,6.7445
7/28/2022,4072.43,12162.59,32529.63,1755.84,96.42,20.0122,7765.75,8.134,106.351,1.0197,6.7473
7/27/2022,4023.61,12032.42,32197.59,1734.19,97.26,19.0876,7627.25,8.687,106.452,1.02,6.759
7/26/2022,3921.05,11562.57,31761.54,1717.32,94.98,18.6261,7520.25,8.993,107.189,1.0117,6.7638
7/25/2022,3966.84,11782.67,31990.04,1719.78,96.7,18.4389,7463.75,8.727,106.483,1.022,6.7509
7/22/2022,3961.63,11834.11,31899.29,1727.64,94.7,18.5999,7433,8.299,106.73,1.0213,6.7515
7/21/2022,3998.95,12059.61,32036.9,1718.81,96.35,18.8587,7304,7.932,106.91,1.023,6.7668
7/20/2022,3959.9,11897.65,31874.84,1696.58,102.26,18.6789,7358,8.007,107.076,1.018,6.7558
7/19/2022,3936.69,11713.15,31827.05,1711.67,104.22,18.7609,7254.5,7.264,106.682,1.0227,6.7442
7/18/2022,3830.85,11360.05,31072.61,1709.22,102.6,18.6985,7411,7.479,107.366,1.0143,6.7432
7/15/2022,3863.16,11452.42,31288.26,1708.17,97.59,18.7131,7178.25,7.016,108.063,1.008,6.7572
7/14/2022,3790.38,11251.19,30630.17,1709.94,95.78,18.4248,7160,6.6,108.544,1.0018,6.7561
7/13/2022,3801.78,11247.58,30772.79,1735.51,96.3,19.2155,7310.5,6.689,107.957,1.0059,6.7187
7/12/2022,3818.8,11264.73,30981.33,1726,95.84,18.9375,7335,6.163,108.072,1.0037,6.7249
7/11/2022,3854.43,11372.6,31173.84,1733.96,104.09,19.122,7572.25,6.426,108.021,1.004,6.719
7/8/2022,3899.38,11635.31,31338.15,1742.48,104.79,19.315,7795,6.034,107.007,1.0185,6.6946
7/7/2022,3902.62,11621.35,31384.55,1740.16,102.73,19.22,7818.5,6.297,107.13,1.016,6.7007
7/6/2022,3845.08,11361.85,31037.68,1738.86,98.53,19.208,7506.25,5.51,107.096,1.0182,6.708
7/5/2022,3831.39,11322.24,30967.82,1764.76,99.5,19.2145,7657.75,5.523,106.535,1.0266,6.7197
7/4/2022,3825.33,11127.84,31097.26,1808.15,108.43,19.9861,7998.5,5.73,105.138,1.0422,6.7006
7/1/2022,3825.33,11127.84,31097.26,1811.43,108.43,19.8765,8040.25,5.73,105.138,1.0414,6.7015
6/30/2022,3785.38,11028.74,30775.43,1807.27,105.76,20.279,8254.25,5.424,104.685,1.0484,6.6993
6/29/2022,3818.83,11177.89,31029.31,1817.73,109.78,20.744,8399.25,6.498,105.106,1.0442,6.7009
6/28/2022,3821.55,11181.54,30946.99,1820.01,111.76,20.84,8360,6.551,104.506,1.0519,6.708
6/27/2022,3900.11,11524.55,31438.26,1822.85,109.57,21.161,8419.25,6.501,103.939,1.0584,6.6918
6/24/2022,3911.74,11607.62,31500.68,1826.88,107.62,21.1645,8381,6.22,104.185,1.0553,6.6898
6/23/2022,3795.73,11232.19,30677.36,1822.77,104.27,20.954,8397,6.239,104.431,1.0523,6.699
6/22/2022,3759.89,11053.08,30483.13,1837.72,106.19,21.4187,8773.5,6.858,104.197,1.0566,6.7023
6/21/2022,3764.79,11069.3,30530.25,1832.98,110.65,21.687,8995.49,6.808,104.435,1.0533,6.6895
6/20/2022,3674.84,10798.35,29888.78,1838.74,109.56,21.7475,8989.5,6.944,104.7,1.0511,6.6925
6/17/2022,3674.84,10798.35,29888.78,1839.39,109.56,21.6735,8967,6.944,104.7,1.0499,6.7167
6/16/2022,3666.77,10646.1,29927.07,1857.33,117.59,21.9558,9079.75,7.464,103.631,1.0549,6.7044
6/15/2022,3789.99,11099.15,30668.53,1833.82,115.31,21.688,9224.5,7.42,105.158,1.0444,6.7149
6/14/2022,3735.48,10828.35,30364.83,1808.49,118.93,21.0485,9218.75,7.189,105.518,1.0416,6.741
6/13/2022,3749.63,10809.23,30516.74,1819.26,120.93,21.0782,9285.5,8.609,105.078,1.0409,6.7546
6/10/2022,3900.86,11340.02,31392.79,1871.6,120.67,21.8895,9447.25,8.85,104.148,1.0519,6.7091
6/9/2022,4017.82,11754.23,32272.79,1847.95,121.51,21.6917,9620.1,8.963,103.223,1.0617,6.6925
6/8/2022,4115.77,12086.27,32910.9,1853.36,122.11,22.0521,9736.3,8.699,102.542,1.0716,6.6838
6/7/2022,4160.68,12175.23,33180.14,1852.37,119.41,22.235,9699.25,9.293,102.318,1.0703,6.6705
6/6/2022,4121.43,12061.37,32915.78,1841.43,118.5,22.0725,9743,9.322,102.437,1.0696,6.6539
6/3/2022,4108.54,12012.73,32899.7,1851.19,118.87,21.9255,9498.5,8.523,102.14,1.0719,6.6603
6/2/2022,4176.82,12316.9,33248.28,1868.58,116.87,22.3068,9498.5,8.485,101.824,1.0747,6.6603
6/1/2022,4101.23,11994.46,32813.23,1846.6,115.26,21.8323,9498.5,8.696,102.498,1.065,6.6862
5/31/2022,4132.15,12081.39,32990.12,1837.35,114.67,21.55,9445.5,8.145,101.752,1.0734,6.6718
5/30/2022,4158.24,12131.13,33212.96,1855.23,115.07,21.974,9537.5,8.727,101.668,1.0779,6.6614
5/27/2022,4158.24,12131.13,33212.96,1853.72,115.07,22.1133,9453.5,8.727,101.668,1.0735,6.6994
5/26/2022,4057.84,11740.65,32637.19,1850.63,114.09,22.0142,9345.5,8.908,101.829,1.0725,6.7389
5/25/2022,3978.73,11434.74,32120.28,1853.46,110.33,21.989,9367,8.971,102.056,1.0681,6.6932
5/24/2022,3941.48,11264.45,31928.62,1866.45,109.77,22.1167,9459,8.796,101.857,1.0736,6.6537
5/23/2022,3973.75,11535.27,31880.24,1853.59,110.29,21.7945,9588.5,8.744,102.076,1.0691,6.6497
5/20/2022,3901.36,11354.62,31261.9,1846.5,113.23,21.775,9451,8.083,103.15,1.0564,6.693
5/19/2022,3900.79,11388.5,31253.13,1841.85,112.21,21.9275,9460.5,8.308,102.724,1.0588,6.7125
5/18/2022,3923.68,11418.15,31490.07,1816.6,109.59,21.423,9250.1,8.368,103.81,1.0464,6.7542
5/17/2022,4088.85,11984.52,32654.59,1815.16,112.4,21.6343,9386.25,8.304,103.36,1.055,6.7377
5/16/2022,4008.01,11662.79,32223.42,1824.14,114.2,21.6205,9255.5,7.956,104.187,1.0434,6.7861
5/13/2022,4023.89,11805,32196.66,1811.79,110.49,21.1144,9184.6,7.663,104.563,1.0412,6.7892
5/12/2022,3930.08,11370.96,31730.3,1821.82,106.13,20.6791,9103.5,7.739,104.851,1.038,6.7863
5/11/2022,3935.18,11364.24,31834.11,1852.4,105.71,21.5727,9358.75,7.64,103.846,1.0513,6.7217
5/10/2022,4001.05,11737.67,32160.74,1838.27,99.76,21.2645,9235.75,7.385,103.92,1.0529,6.7347
5/9/2022,3991.24,11623.25,32245.7,1854.17,103.09,21.798,9240.4,7.026,103.651,1.0561,6.7308
5/6/2022,4123.34,12144.66,32899.37,1883.81,109.77,22.3596,9411,8.043,103.66,1.0551,6.6668
5/5/2022,4146.87,12317.69,32997.97,1877.18,108.26,22.51,9512.5,8.783,103.752,1.0542,6.6558
5/4/2022,4300.17,12964.86,34061.06,1881.22,107.81,22.9803,9468,8.415,102.587,1.0622,6.6085
5/3/2022,4175.48,12563.76,33128.79,1868.12,102.41,22.5715,9405.75,7.954,103.465,1.0521,6.6085
5/2/2022,4155.38,12536.02,33061.5,1863.02,105.17,22.6405,9770.5,7.475,103.744,1.0507,6.6085
4/29/2022,4131.93,12334.64,32977.21,1896.93,104.69,22.7768,9770.5,7.244,102.959,1.0545,6.6085
4/28/2022,4287.5,12871.53,33916.39,1894.45,105.36,23.1545,9696,6.888,103.623,1.0499,6.6266
4/27/2022,4183.96,12488.93,33301.93,1886.1,102.02,23.3025,9866.5,7.267,102.954,1.0557,6.5606
4/26/2022,4175.2,12490.74,33240.18,1905.51,101.7,23.483,9863.5,6.85,102.303,1.0638,6.5566
4/25/2022,4296.12,13004.85,34049.46,1897.83,98.54,23.6215,9783.8,6.669,101.752,1.0713,6.5594
4/22/2022,4271.78,12839.29,33811.4,1931.6,102.07,24.1425,10113.25,6.534,101.22,1.079,6.5014
4/21/2022,4393.66,13174.65,34792.76,1951.62,103.79,24.6615,10272,6.957,100.578,1.0834,6.4507
4/20/2022,4459.45,13453.07,35160.79,1957.77,102.75,25.2045,10196,6.937,100.39,1.0853,6.4192
4/19/2022,4462.21,13619.66,34911.2,1950.09,102.56,25.181,10281.5,7.176,100.961,1.0788,6.3935
4/18/2022,4391.69,13332.36,34411.69,1978.91,108.21,25.865,10297.5,7.82,100.781,1.0782,6.3671
4/15/2022,4392.59,13351.08,34451.23,1978.24,106.95,25.5475,10297.5,7.3,100.5,1.081,6.3715
4/14/2022,4392.59,13351.08,34451.23,1973.71,106.95,25.67,10297.5,7.3,100.321,1.0828,6.3784
4/13/2022,4446.59,13643.59,34564.59,1977.8,104.25,25.7325,10284,6.997,99.875,1.0888,6.3682
4/12/2022,4397.45,13371.57,34220.36,1966.76,100.6,25.372,10326.25,6.68,100.292,1.0828,6.3657
4/11/2022,4412.53,13411.96,34308.08,1953.52,94.29,25.098,10181.75,6.643,99.932,1.0884,6.37
4/8/2022,4488.28,13711,34721.12,1947.54,98.26,24.7735,10304.75,6.278,99.796,1.0877,6.365
4/7/2022,4500.21,13897.3,34583.57,1931.86,96.03,24.5993,10314.5,6.359,99.751,1.0879,6.3604
4/6/2022,4481.15,13888.82,34496.51,1925.35,96.23,24.46,10286.75,6.029,99.599,1.0896,6.3598
4/5/2022,4525.12,14204.17,34641.18,1923.6,101.96,24.3218,10433,6.032,99.472,1.0905,6.3629
4/4/2022,4582.64,14532.55,34921.88,1932.73,103.28,24.538,10451.75,5.712,99,1.0972,6.3629
4/1/2022,4545.86,14261.5,34818.27,1925.68,99.27,24.63,10343,5.72,98.632,1.1043,6.3629
3/31/2022,4530.41,14220.52,34678.35,1937.44,100.28,24.793,10367.51,5.642,98.312,1.1067,6.34
3/30/2022,4602.45,14442.27,35228.81,1932.87,107.82,24.873,10360.5,5.605,97.792,1.1159,6.3477
3/29/2022,4631.6,14619.64,35294.19,1919.43,104.24,24.7718,10314.5,5.336,98.404,1.1086,6.3642
3/28/2022,4575.52,14354.9,34955.89,1922.8,105.96,24.877,10341,5.508,99.091,1.0985,6.3721
3/25/2022,4543.06,14169.3,34861.24,1958.29,113.9,25.5262,10249,5.571,98.789,1.0983,6.3662
3/24/2022,4520.16,14191.84,34707.94,1957.69,112.34,25.5336,10327,5.401,98.789,1.0997,6.3678
3/23/2022,4456.24,13922.6,34358.5,1943.86,114.93,25.111,10443,5.232,98.622,1.1004,6.3724
3/22/2022,4511.61,14108.82,34807.46,1921.69,111.76,24.7795,10259.5,5.187,98.493,1.1029,6.3663
3/21/2022,4461.18,13838.46,34552.99,1935.91,112.12,25.2072,10284.55,4.9,98.498,1.1016,6.3559
3/18/2022,4463.12,13893.84,34754.93,1921.62,104.7,24.9642,10327,4.863,98.233,1.1051,6.3612
3/17/2022,4411.67,13614.78,34480.76,1942.89,102.98,25.379,10231.5,4.99,97.974,1.1091,6.347
3/16/2022,4357.86,13436.55,34063.1,1927.29,95.04,25.0898,10056,4.748,98.618,1.1035,6.3526
3/15/2022,4262.45,12948.62,33544.34,1917.94,96.44,24.8932,9857.25,4.568,99.097,1.0956,6.3706
3/14/2022,4173.11,12581.22,32945.24,1950.88,103.01,25.0462,9894.5,4.658,98.999,1.094,6.3657
3/11/2022,4204.31,12843.81,32944.19,1988.46,109.33,25.8708,10150.75,4.725,99.124,1.0912,6.3393
3/10/2022,4259.52,13129.96,33174.07,1996.98,106.02,25.9125,10095,4.631,98.507,1.0986,6.3222
3/9/2022,4277.88,13255.55,33286.25,1991.83,108.7,25.775,9964,4.526,97.968,1.1076,6.3176
3/8/2022,4170.7,12795.55,32632.64,2050.76,123.7,26.4059,10160.75,4.527,99.062,1.0899,6.3187
3/7/2022,4201.09,12830.96,32817.38,1998.11,119.4,25.662,10255.5,4.833,99.293,1.0854,6.3208
3/4/2022,4328.87,13313.44,33614.8,1970.7,115.68,25.7005,10702,5.016,98.648,1.0928,6.3196
3/3/2022,4363.49,13537.94,33794.66,1935.95,107.67,25.1748,10383.5,4.722,97.785,1.1066,6.3203
3/2/2022,4386.54,13752.02,33891.35,1928.72,110.6,25.2965,10194.25,4.762,97.385,1.1119,6.3211
3/1/2022,4306.26,13532.46,33294.95,1945.28,103.41,25.3769,10092,4.573,97.409,1.1125,6.3119
2/28/2022,4373.94,13751.4,33892.6,1908.99,95.72,24.45,9919,4.402,96.707,1.1219,6.3092
2/25/2022,4384.65,13694.62,34058.75,1889.34,91.59,24.2739,9918,4.47,96.615,1.1268,6.3175
2/24/2022,4288.7,13473.58,33223.83,1903.89,92.81,24.2175,9918.5,4.568,97.137,1.1192,6.3292
2/23/2022,4225.5,13037.49,33131.76,1909.01,92.1,24.552,9906.5,4.623,96.19,1.1307,6.3145
2/22/2022,4304.76,13381.52,33596.61,1898.64,92.35,24.1139,9962.25,4.498,96.025,1.1325,6.3264
2/21/2022,4348.87,13548.07,34079.18,1906.29,91.07,23.8993,9946,4.431,96.078,1.1311,6.3352
2/18/2022,4348.87,13548.07,34079.18,1898.43,91.07,23.922,10010,4.431,96.043,1.1322,6.3256
2/17/2022,4380.26,13716.72,34312.03,1898.43,91.76,23.8348,9982,4.486,95.8,1.1361,6.3384
2/16/2022,4475.01,14124.09,34934.27,1869.8,93.66,23.5975,10034.75,4.717,95.701,1.1373,6.3372
2/15/2022,4471.07,14139.76,34988.84,1853.61,92.07,23.3645,10009.5,4.306,95.989,1.1359,6.3393
2/14/2022,4401.67,13790.92,34566.17,1871.18,95.46,23.842,9984.5,4.195,96.374,1.1307,6.3573
2/11/2022,4418.64,13791.15,34738.06,1858.76,93.1,23.5852,9894.25,3.941,96.082,1.135,6.3546
2/10/2022,4504.08,14185.64,35241.59,1826.85,89.88,23.2001,10305,3.959,95.553,1.1428,6.3541
2/9/2022,4587.18,14490.37,35768.06,1833.36,89.66,23.3135,10103,4.009,95.494,1.1425,6.3627
2/8/2022,4521.54,14194.46,35462.78,1825.92,89.36,23.1852,9809.25,4.248,95.643,1.1415,6.3665
2/7/2022,4483.87,14015.67,35091.13,1820.47,91.32,23.0125,9806.75,4.232,95.399,1.1442,6.3623
2/4/2022,4500.53,14098.01,35089.74,1808.28,92.31,22.5172,9870.5,4.572,95.485,1.1449,6.3612
2/3/2022,4477.44,13878.82,35111.16,1804.85,90.27,22.4241,9868.5,4.888,95.379,1.144,6.3612
2/2/2022,4589.38,14417.55,35629.33,1806.8,88.26,22.6554,9877.75,5.501,95.936,1.1305,6.3612
2/1/2022,4546.54,14346,35405.24,1801.19,88.2,22.645,9737.5,4.751,96.385,1.1272,6.3612
1/31/2022,4515.55,14239.88,35131.86,1797.17,88.15,22.466,9578,4.874,96.54,1.1235,6.3612
1/28/2022,4431.85,13770.57,34725.47,1791.53,86.82,22.4727,9556.5,4.639,97.27,1.1151,6.3612
1/27/2022,4326.51,13352.78,34160.78,1797.43,86.61,22.768,9836.75,6.265,97.255,1.1145,6.3682
1/26/2022,4349.93,13542.12,34168.09,1819.59,87.35,23.5305,9952.5,4.277,96.478,1.124,6.3209
1/25/2022,4356.45,13539.29,34297.73,1848.02,85.6,23.8105,9835.75,4.053,95.948,1.1301,6.3261
1/24/2022,4410.13,13855.13,34364.5,1843.06,83.31,23.9868,9763,4.027,95.918,1.1326,6.3307
1/21/2022,4397.94,13768.92,34265.37,1835.38,85.14,24.2975,9984,3.999,95.642,1.1344,6.3387
1/20/2022,4482.73,14154.02,34715.39,1839.29,86.9,24.4707,10018.25,3.802,95.735,1.1312,6.3411
1/19/2022,4532.76,14340.25,35028.65,1840.54,86.96,24.1385,9864,4.031,95.51,1.1343,6.3451
1/18/2022,4577.11,14506.9,35368.47,1813.74,85.43,23.4707,9685.5,4.283,95.732,1.1325,6.353
1/17/2022,4662.85,14893.75,35911.81,1819.23,83.82,23.019,9749,4.262,95.258,1.1408,6.3484
1/14/2022,4662.85,14893.75,35911.81,1817.94,83.82,22.963,9730.25,4.262,95.165,1.1411,6.3527
1/13/2022,4659.03,14806.81,36113.62,1822.54,82.12,23.089,9972.25,4.27,94.79,1.1455,6.3598
1/12/2022,4726.35,15188.39,36290.32,1826.15,82.64,23.1443,10081,4.857,94.915,1.1442,6.3584
1/11/2022,4713.07,15153.45,36252.02,1821.6,81.22,22.7822,9734.5,4.249,95.624,1.1367,6.374
1/10/2022,4670.29,14942.83,36068.87,1801.68,78.23,22.4686,9574,4.079,95.991,1.1326,6.3762
1/7/2022,4677.03,14935.9,36231.66,1796.55,78.9,22.3682,9692,3.916,95.719,1.136,6.3778
1/6/2022,4696.05,15080.87,36236.47,1791.16,79.46,22.1987,9542.75,3.812,96.32,1.1297,6.383
1/5/2022,4700.58,15100.17,36407.11,1810.44,77.85,22.8053,9708.25,3.882,96.171,1.1314,6.3639
1/4/2022,4793.54,15622.72,36799.65,1814.6,76.99,23.053,9788.5,3.717,96.262,1.1287,6.3726
1/3/2022,4796.56,15832.8,36585.06,1801.45,76.08,22.8997,9740.63,3.815,96.213,1.1297,6.3561
12/31/2021,4766.18,15644.97,36338.3,1829.2,75.21,23.3083,9740.63,3.73,95.67,1.137,6.3561
12/30/2021,4778.73,15741.56,36398.08,1814.67,76.99,23.0426,9724,3.561,95.968,1.1325,6.3731
12/29/2021,4793.06,15766.22,36488.63,1804.71,76.56,22.8331,9725.5,4.024,95.929,1.1349,6.3678
12/28/2021,4786.35,15781.72,36398.21,1806.18,75.98,23.02,9595,4.055,96.202,1.131,6.3686
12/27/2021,4791.19,15871.26,36302.38,1812.13,75.57,23.0676,9595,4.06,96.093,1.1328,6.371
12/24/2021,4725.79,15653.37,35950.56,1810.26,73.79,23.0205,9595,3.731,96.019,1.1319,6.3677
12/23/2021,4725.79,15653.37,35950.56,1808.81,73.79,22.8818,9638,3.731,96.019,1.1327,6.3702
12/22/2021,4696.56,15521.89,35753.89,1803.67,72.76,22.811,9639,3.976,96.076,1.1326,6.3699
12/21/2021,4649.23,15341.09,35492.7,1789.27,71.12,22.5183,9559.5,3.869,96.491,1.1285,6.3721
12/20/2021,4568.02,14980.94,34932.16,1790.93,68.23,22.271,9463,3.834,96.551,1.1279,6.3757
12/17/2021,4620.64,15169.68,35365.44,1798.11,70.86,22.3695,9467.5,3.69,96.565,1.124,6.3754
12/16/2021,4668.67,15180.43,35897.64,1799.35,72.38,22.4915,9524.5,3.766,96.042,1.133,6.3683
12/15/2021,4709.85,15565.58,35927.43,1776.92,70.87,22.0728,9214.5,3.802,96.511,1.1289,6.3675
12/14/2021,4634.09,15237.64,35544.18,1770.85,70.73,21.9464,9406.5,3.747,96.571,1.1259,6.3672
12/13/2021,4668.97,15413.28,35650.95,1786.67,71.29,22.3348,9435,3.794,96.317,1.1284,6.367
12/10/2021,4712.02,15630.6,35970.99,1782.84,71.67,22.1958,9506.9,3.925,96.097,1.1313,6.37
12/9/2021,4667.45,15517.37,35754.69,1775.33,70.94,21.9624,9541.75,3.814,96.271,1.1293,6.3776
12/8/2021,4701.21,15786.99,35754.75,1782.99,72.36,22.4344,9654.75,3.815,95.894,1.1343,6.3442
12/7/2021,4686.75,15686.92,35719.43,1784.13,72.05,22.5051,9612.5,3.708,96.369,1.1267,6.3663
12/6/2021,4591.67,15225.15,35227.03,1778.67,69.49,22.3865,9558.25,3.657,96.328,1.1285,6.3763
12/3/2021,4538.43,15085.47,34580.08,1783.29,66.26,22.5239,9486,4.132,96.117,1.1315,6.3765
12/2/2021,4577.1,15381.32,34639.79,1768.74,66.5,22.386,9590,4.056,96.156,1.1301,6.3771
12/1/2021,4513.04,15254.05,34022.04,1781.73,65.57,22.3165,9492,4.258,96.028,1.132,6.3681
11/30/2021,4567,15537.69,34483.72,1774.52,66.18,22.8355,9515.5,4.567,95.994,1.1338,6.3644
11/29/2021,4655.27,15782.83,35135.94,1784.6,69.95,22.9041,9662.5,4.854,96.341,1.1291,6.3882
11/26/2021,4594.62,15491.66,34899.34,1802.59,68.15,23.1555,9572,5.447,96.089,1.1317,6.3933
11/25/2021,4701.46,15845.23,35804.38,1788.85,78.39,23.5995,9891.5,5.068,96.774,1.1209,6.3862
11/24/2021,4701.46,15845.23,35804.38,1788.61,78.39,23.552,9895,5.068,96.875,1.1199,6.3924
11/23/2021,4690.7,15775.14,35813.8,1789.16,78.5,23.659,9805,4.967,96.491,1.1248,6.392
11/22/2021,4682.94,15854.76,35619.25,1804.65,76.75,24.1818,9835.5,4.789,96.548,1.1237,6.3851
11/19/2021,4697.96,16057.44,35601.98,1845.73,76.1,24.6185,9753,5.065,96.031,1.129,6.3871
11/18/2021,4704.54,15993.71,35870.95,1858.94,79.01,24.8048,9508.5,4.902,95.544,1.1371,6.3861
11/17/2021,4688.67,15921.57,35931.05,1867.48,78.36,25.0858,9421.4,4.816,95.828,1.1319,6.378
11/16/2021,4700.9,15973.86,36142.22,1850.63,80.76,24.8341,9576.5,5.177,95.915,1.132,6.3928
11/15/2021,4682.8,15853.85,36087.45,1862.84,80.88,25.0631,9705.5,5.017,95.407,1.1368,6.3831
11/12/2021,4682.85,15860.96,36100.31,1864.9,80.79,25.3176,9841,4.791,95.128,1.1445,6.3797
11/11/2021,4649.27,15704.28,35921.23,1862.11,81.59,25.2565,9810.5,5.149,95.178,1.1451,6.3914
11/10/2021,4646.71,15622.71,36079.94,1849.6,81.34,24.639,9705.5,4.88,94.85,1.1479,6.3888
11/9/2021,4685.25,15886.54,36319.98,1831.92,84.15,24.3064,9765.5,4.979,93.955,1.1593,6.3928
11/8/2021,4701.7,15982.36,36432.22,1824.18,81.93,24.4595,9907.5,5.427,94.049,1.1587,6.3927
11/5/2021,4697.53,15971.59,36327.95,1818.36,81.27,24.16,9753,5.516,94.32,1.1567,6.3988
11/4/2021,4680.06,15940.31,36124.23,1792.04,78.81,23.7955,9699,5.716,94.347,1.1554,6.3972
11/3/2021,4660.57,15811.58,36157.58,1769.84,80.86,23.5191,9648.5,5.67,93.864,1.1612,6.4066
11/2/2021,4630.65,15649.6,36052.63,1787.76,83.91,23.5369,9770.5,5.542,94.09,1.1579,6.4
11/1/2021,4613.67,15595.92,35913.84,1793.28,84.05,24.0445,9993,5.186,93.879,1.1606,6.3977
10/29/2021,4605.38,15498.39,35819.56,1783.38,83.57,23.903,9808.5,5.426,94.123,1.1558,6.4056
10/28/2021,4596.42,15448.12,35730.48,1798.91,82.81,24.079,9855.5,5.782,93.345,1.1681,6.3918
10/27/2021,4551.68,15235.84,35490.69,1796.81,82.66,24.0638,9667,6.202,93.802,1.1603,6.3924
10/26/2021,4574.79,15235.71,35756.88,1792.91,84.65,24.1575,9955.5,5.882,93.949,1.1596,6.3833
10/25/2021,4566.48,15226.71,35741.15,1807.73,83.76,24.5697,10070.75,5.898,93.813,1.1608,6.3858
10/22/2021,4544.9,15090.2,35677.02,1792.65,83.76,24.3233,9857,5.28,93.642,1.1643,6.385
10/21/2021,4549.78,15215.7,35603.08,1782.9,82.5,24.156,10078.5,5.115,93.77,1.1623,6.3932
10/20/2021,4536.19,15121.68,35609.34,1782.08,83.87,24.292,10481.25,5.17,93.558,1.1651,6.393
10/19/2021,4519.63,15129.09,35457.31,1769.29,82.96,23.667,10487.5,5.088,93.734,1.1633,6.3826
10/18/2021,4486.46,15021.81,35258.61,1764.86,82.44,23.1933,11299.5,4.989,93.953,1.161,6.4298
10/15/2021,4471.37,14897.34,35294.76,1767.62,82.28,23.3098,10538,5.41,93.937,1.1601,6.4356
10/14/2021,4438.26,14823.43,34912.56,1795.87,81.31,23.5195,10131,5.687,93.956,1.1597,6.4397
10/13/2021,4363.8,14571.63,34377.81,1792.97,80.44,23.093,9759.5,5.59,94.08,1.1594,6.4284
10/12/2021,4350.65,14465.92,34378.34,1760.18,80.64,22.5629,9520,5.505,94.516,1.153,6.4489
10/11/2021,4361.19,14486.2,34496.06,1754.15,80.52,22.582,9604.75,5.345,94.316,1.1552,6.4506
10/8/2021,4391.34,14579.54,34746.25,1757.13,79.35,22.6768,9387.75,5.565,94.067,1.1569,6.4437
10/7/2021,4399.76,14654.02,34754.94,1755.78,78.3,22.6025,9289.5,5.677,94.217,1.1552,6.4448
10/6/2021,4363.55,14501.91,34416.99,1762.74,77.43,22.6251,9052.6,5.675,94.266,1.1556,6.4448
10/5/2021,4345.72,14433.83,34314.67,1760.18,78.93,22.6324,9177,6.312,93.975,1.1598,6.4448
10/4/2021,4300.46,14255.48,34002.92,1769.57,77.62,22.6818,9257.5,5.766,93.776,1.1621,6.4448
10/1/2021,4357.04,14566.7,34326.46,1760.98,75.88,22.5385,9135,5.619,94.035,1.1596,6.4448
9/30/2021,4307.54,14448.58,33843.92,1756.95,75.03,22.171,8944.5,5.867,94.23,1.158,6.4448
9/29/2021,4359.46,14512.44,34390.72,1726.37,74.83,21.5358,9174,5.477,94.338,1.1598,6.4708
9/28/2021,4352.63,14546.68,34299.99,1734.01,75.29,22.4555,9281.1,5.841,93.766,1.1683,6.4603
9/27/2021,4443.11,14969.97,34869.37,1750.16,75.45,22.6275,9372.5,5.706,93.383,1.1695,6.457
9/24/2021,4455.48,15047.7,34798,1750.42,73.98,22.4205,9343.75,5.14,93.327,1.172,6.4662
9/23/2021,4448.98,15052.24,34764.82,1742.76,73.3,22.5129,9284.45,4.976,93.085,1.1739,6.4589
9/22/2021,4395.64,14896.85,34258.32,1768.16,72.23,22.6963,9301.75,4.805,93.462,1.1687,6.4622
9/21/2021,4354.19,14746.4,33919.84,1774.51,70.56,22.4968,8982.5,4.805,93.204,1.1726,6.4661
9/20/2021,4357.73,14713.9,33970.47,1764.16,70.29,22.2698,9049.15,4.985,93.276,1.1726,6.4661
9/17/2021,4432.99,15043.97,34584.88,1754.34,71.97,22.3853,9307.25,5.105,93.195,1.1725,6.4661
9/16/2021,4473.75,15181.92,34751.32,1753.77,72.61,22.907,9348.5,5.335,92.932,1.1767,6.4576
9/15/2021,4480.7,15161.53,34814.39,1794.06,72.61,23.8426,9608,5.46,92.548,1.1817,6.4325
9/14/2021,4443.05,15037.76,34577.57,1804.51,70.46,23.8568,9426.25,5.26,92.623,1.1803,6.4386
9/13/2021,4468.73,15105.58,34869.63,1793.75,70.45,23.7385,9550.5,5.231,92.675,1.1811,6.4518
9/10/2021,4458.58,15115.49,34607.72,1787.58,69.72,23.7441,9684.5,4.938,92.582,1.1814,6.4443
9/9/2021,4493.28,15248.25,34879.38,1794.58,68.14,24.0397,9369.25,5.031,92.479,1.1825,6.4554
9/8/2021,4514.07,15286.64,35031.07,1789.26,69.3,23.9451,9226.5,4.914,92.653,1.1816,6.4617
9/7/2021,4520.03,15374.33,35100,1794.36,68.35,24.319,9330.9,4.568,92.512,1.184,6.4667
9/6/2021,4535.43,15363.52,35369.09,1823.29,69.29,24.6825,9441.25,4.712,92.035,1.187,6.4582
9/3/2021,4535.43,15363.52,35369.09,1827.73,69.29,24.716,9420.5,4.712,92.035,1.188,6.4552
9/2/2021,4536.95,15331.18,35443.82,1809.66,69.99,23.9055,9364.26,4.641,92.225,1.1875,6.4565
9/1/2021,4524.09,15309.38,35312.53,1813.9,68.59,24.141,9332.25,4.615,92.449,1.1839,6.4599
8/31/2021,4522.68,15259.24,35360.73,1813.62,68.5,23.8943,9528.25,4.377,92.626,1.1809,6.4607
8/30/2021,4528.79,15265.89,35399.84,1810.34,69.21,24.036,9423.75,4.305,92.653,1.1797,6.4667
8/27/2021,4509.37,15129.5,35455.8,1817.57,68.74,24.0262,9423.75,4.37,92.686,1.1795,6.472
8/26/2021,4470,14945.81,35213.12,1792.43,67.42,23.5645,9315,4.184,93.062,1.1752,6.4818
8/25/2021,4496.19,15041.86,35405.5,1791,68.36,23.841,9362.5,3.897,92.825,1.1772,6.4757
8/24/2021,4486.23,15019.8,35366.26,1802.9,67.54,23.8606,9378.5,3.896,92.893,1.1756,6.4714
8/23/2021,4479.53,14942.65,35335.71,1805.43,65.64,23.6267,9301.45,3.945,92.958,1.1745,6.4816
8/20/2021,4441.67,14714.66,35120.08,1781.11,62.32,23.0255,9044,3.851,93.496,1.1698,6.5015
8/19/2021,4405.8,14541.79,34894.12,1780.38,63.69,23.2515,8894,3.83,93.568,1.1675,6.4949
8/18/2021,4400.27,14525.91,34960.69,1787.82,65.46,23.509,9024,3.852,93.136,1.1711,6.4847
8/17/2021,4448.08,14656.18,35343.28,1786.19,66.59,23.6592,9226.75,3.837,93.13,1.171,6.4863
8/16/2021,4479.71,14793.76,35625.4,1787.45,67.29,23.841,9419.5,3.946,92.628,1.1778,6.4747
8/13/2021,4468,14822.9,35515.38,1779.74,68.44,23.7493,9542.5,3.861,92.518,1.1797,6.4774
8/12/2021,4460.83,14816.26,35499.85,1752.9,69.09,23.1805,9435.75,3.933,93.035,1.173,6.4795
8/11/2021,4447.7,14765.13,35484.97,1751.7,69.25,23.5465,9482.5,4.059,92.922,1.1739,6.4795
8/10/2021,4436.75,14788.09,35264.67,1728.93,68.29,23.3416,9494.25,4.089,93.055,1.172,6.4859
8/9/2021,4432.35,14860.18,35101.85,1729.94,66.48,23.449,9342.75,4.06,92.945,1.1737,6.4864
8/6/2021,4436.52,14835.76,35208.51,1763.03,68.28,24.3305,9446,4.14,92.8,1.1762,6.4831
8/5/2021,4429.1,14895.12,35064.25,1804.41,69.09,25.1581,9471.51,4.14,92.244,1.1834,6.4615
8/4/2021,4402.66,14780.53,34792.67,1811.74,68.15,25.3812,9443.75,4.158,92.27,1.1837,6.4662
8/3/2021,4423.15,14761.29,35116.4,1810.44,70.56,25.5233,9521.5,4.027,92.081,1.1864,6.4703
8/2/2021,4387.16,14681.07,34838.16,1813.47,71.26,25.4097,9674.7,3.935,92.048,1.187,6.4621
7/30/2021,4395.26,14672.68,34935.47,1814.19,73.95,25.4912,9701,3.914,92.174,1.187,6.4614
7/29/2021,4419.15,14778.26,35084.53,1828.17,73.62,25.5144,9799.5,4.059,91.864,1.1887,6.4564
7/28/2021,4400.64,14762.58,34930.93,1807.11,72.39,24.9635,9664,4.044,92.322,1.1845,6.4909
7/27/2021,4401.46,14660.58,35058.52,1799.09,71.65,24.6916,9740,3.971,92.432,1.1817,6.5112
7/26/2021,4422.3,14840.71,35144.31,1797.63,71.91,25.1935,9793.25,4.102,92.649,1.1803,6.4829
7/23/2021,4411.79,14836.99,35061.55,1802.15,72.07,25.1775,9495,4.06,92.912,1.1771,6.4813
7/22/2021,4367.48,14684.6,34823.35,1806.92,71.91,25.4315,9417.78,4.003,92.822,1.1771,6.4707
7/21/2021,4358.69,14631.95,34798,1803.66,70.3,25.2612,9318,3.959,92.754,1.1794,6.468
7/20/2021,4323.06,14498.88,34511.99,1810.36,67.42,24.934,9303.75,3.876,92.973,1.1781,6.485
7/19/2021,4258.49,14274.98,33962.04,1812.64,66.42,25.1761,9188.5,3.779,92.891,1.18,6.4905
7/16/2021,4327.16,14427.24,34687.85,1812.05,71.81,25.6641,9391.25,3.674,92.687,1.1806,6.4791
7/15/2021,4360.03,14543.13,34987.02,1829.47,71.65,26.343,9452,3.614,92.624,1.1812,6.4609
7/14/2021,4374.3,14644.95,34933.23,1827.53,73.13,26.25,9302.55,3.66,92.41,1.1837,6.4692
7/13/2021,4369.21,14677.65,34888.79,1807.76,75.25,25.9876,9375.25,3.696,92.752,1.1776,6.4688
7/12/2021,4384.63,14733.24,34996.18,1806.28,74.1,26.202,9374.75,3.749,92.261,1.1861,6.4759
7/9/2021,4369.55,14701.92,34870.16,1808.32,74.56,26.1042,9482.25,3.674,92.13,1.1876,6.479
7/8/2021,4320.82,14559.79,34421.93,1802.83,72.94,25.935,9287.5,3.688,92.417,1.1845,6.4905
7/7/2021,4358.13,14665.06,34681.79,1803.63,72.2,26.1404,9422.31,3.596,92.644,1.179,6.4728
7/6/2021,4343.54,14663.64,34577.37,1797.08,73.37,26.159,9281.04,3.637,92.546,1.1824,6.4791
7/5/2021,4352.34,14639.33,34786.35,1791.77,75.16,26.479,9481.6,3.7,92.212,1.1864,6.4642
7/2/2021,4352.34,14639.33,34786.35,1787.3,75.16,26.4715,9350.52,3.7,92.226,1.1865,6.473
7/1/2021,4319.94,14522.38,34633.53,1776.84,75.23,26.034,9296.25,3.661,92.597,1.185,6.4691
6/30/2021,4297.5,14503.95,34502.51,1770.11,73.47,26.1263,9351.5,3.65,92.436,1.1858,6.4571
6/29/2021,4291.8,14528.33,34292.29,1761.24,72.98,25.7732,9312.25,3.63,92.049,1.1897,6.4637
6/28/2021,4290.61,14500.51,34283.27,1778.48,72.91,26.1119,9361.25,3.617,91.887,1.1925,6.4566
6/25/2021,4280.7,14360.39,34433.84,1781.44,74.05,26.102,9388.4,3.496,91.851,1.1935,6.4562
6/24/2021,4266.49,14369.71,34196.82,1775.17,73.3,25.947,9391.75,3.418,91.814,1.1932,6.4719
6/23/2021,4241.84,14271.73,33874.24,1778.68,73.08,25.8914,9452.5,3.333,91.802,1.1926,6.4743
6/22/2021,4246.44,14253.27,33945.58,1778.74,73.06,25.7773,9274.6,3.258,91.756,1.194,6.4811
6/21/2021,4224.79,14141.48,33876.97,1783.27,73.66,25.9516,9154,3.191,91.899,1.1919,6.4669
6/18/2021,4166.45,14030.38,33290.08,1764.16,71.64,25.7868,9119.75,3.215,92.225,1.1864,6.4531
6/17/2021,4221.86,14161.35,33823.45,1773.5,71.04,25.9047,9289,3.253,91.889,1.1907,6.4483
6/16/2021,4223.7,14039.68,34033.67,1811.47,72.15,26.9831,9638.25,3.251,91.129,1.1995,6.398
6/15/2021,4246.59,14072.86,34299.33,1859.02,72.12,27.6643,9537.5,3.24,90.536,1.2126,6.4061
6/14/2021,4255.15,14174.14,34393.75,1866.18,70.88,27.856,9938.25,3.352,90.522,1.212,6.3987
6/11/2021,4247.44,14069.42,34479.6,1877.53,70.91,27.9175,9975.1,3.296,90.555,1.2109,6.3987
6/10/2021,4239.18,14020.33,34466.24,1898.51,70.29,27.99,9863,3.149,90.075,1.217,6.3932
6/9/2021,4219.55,13911.75,34447.14,1888.57,69.96,27.7725,9952.75,3.129,90.12,1.218,6.3872
6/8/2021,4227.26,13924.91,34599.82,1892.89,70.05,27.618,9937.5,3.128,90.076,1.2173,6.4005
6/7/2021,4226.52,13881.72,34630.24,1899.21,69.23,27.8897,9881.25,3.07,89.95,1.219,6.3974
6/4/2021,4229.89,13814.49,34756.39,1891.59,69.62,27.7933,9939.5,3.097,90.136,1.2167,6.3952
6/3/2021,4192.85,13614.51,34577.04,1870.76,68.81,27.4316,9769.75,3.041,90.512,1.2127,6.4038
6/2/2021,4208.12,13756.33,34600.38,1908.38,68.83,28.1719,10130.65,3.075,89.909,1.2211,6.3811
6/1/2021,4202.04,13736.48,34575.31,1900.44,67.72,27.8927,10234.5,3.104,89.831,1.2213,6.3812
5/31/2021,4204.11,13748.74,34529.45,1906.87,66.32,28.0262,10248.25,2.986,89.829,1.2227,6.3701
5/28/2021,4204.11,13748.74,34529.45,1903.77,66.32,27.9352,10248.25,2.986,90.031,1.2192,6.3685
5/27/2021,4200.88,13736.28,34464.64,1896.54,66.85,27.844,10205.15,2.958,89.971,1.2195,6.3833
5/26/2021,4195.99,13738,34323.05,1896.67,66.21,27.6825,9961.25,2.984,90.042,1.2192,6.3908
5/25/2021,4188.13,13657.17,34312.46,1899.25,66.07,27.9987,9900.5,2.913,89.639,1.225,6.4107
5/24/2021,4197.05,13661.17,34393.98,1881.02,66.05,27.7695,9928.8,2.886,89.844,1.2216,6.4193
5/21/2021,4155.86,13470.99,34207.84,1881.25,63.58,27.5645,9867.5,2.906,90.017,1.2182,6.434
5/20/2021,4159.12,13535.74,34084.15,1877.21,62.05,27.7555,10031.5,2.925,89.808,1.2228,6.4348
5/19/2021,4115.68,13299.74,33896.04,1869.62,63.36,27.7366,9980,2.964,90.191,1.2175,6.4349
5/18/2021,4127.83,13303.64,34060.66,1869.44,65.49,28.185,10376.25,3.012,89.75,1.2222,6.4257
5/17/2021,4163.29,13379.05,34327.79,1866.9,66.27,28.1715,10344.75,3.109,90.164,1.2152,6.439
5/14/2021,4173.85,13429.98,34382.13,1843.43,65.37,27.4228,10214.5,2.961,90.321,1.2141,6.4371
5/13/2021,4112.5,13124.99,34021.45,1826.72,63.82,27.093,10327.25,2.973,90.752,1.2081,6.452
5/12/2021,4063.04,13031.68,33587.66,1815.69,66.08,27.0231,10433.25,2.969,90.713,1.2072,6.4564
5/11/2021,4152.1,13389.43,34269.16,1837.47,65.28,27.624,10448.5,2.955,90.141,1.2148,6.4292
5/10/2021,4188.43,13401.86,34742.82,1836.07,64.92,27.3085,10378.75,2.932,90.212,1.2129,6.4165
5/7/2021,4232.6,13752.24,34777.76,1831.24,64.9,27.4495,10420,2.958,90.233,1.2166,6.4333
5/6/2021,4201.62,13632.84,34548.53,1815.22,64.71,27.3105,10095.5,2.928,90.951,1.2065,6.4641
5/5/2021,4167.59,13582.42,34230.34,1786.87,65.63,26.4895,9949,2.938,91.308,1.2005,6.4749
5/4/2021,4164.66,13633.5,34133.03,1779.06,65.69,26.509,9966.75,2.967,91.288,1.2014,6.4749
5/3/2021,4192.66,13895.12,34113.23,1792.88,64.49,26.905,9829,2.966,90.945,1.2064,6.4749
4/30/2021,4181.17,13962.68,33874.85,1769.13,63.58,25.9169,9829,2.931,91.28,1.202,6.4749
4/29/2021,4211.47,14082.55,34060.36,1772.18,65.01,26.0974,9889,2.911,90.614,1.2121,6.4722
4/28/2021,4183.18,14051.03,33820.38,1781.68,63.86,26.2028,9880.25,2.925,90.609,1.2126,6.479
4/27/2021,4186.72,14090.22,33984.93,1776.6,62.94,26.2682,9860.5,2.873,90.909,1.2091,6.4831
4/26/2021,4187.62,14138.78,33981.57,1781.38,61.91,26.225,9771,2.79,90.807,1.2086,6.4855
4/23/2021,4180.17,14016.81,34043.49,1777.2,62.14,26.0054,9581.5,2.73,90.859,1.2097,6.4963
4/22/2021,4134.98,13818.41,33815.9,1783.94,61.43,26.1458,9421.35,2.749,91.333,1.2015,6.4901
4/21/2021,4173.42,13950.22,34137.31,1793.79,61.35,26.5538,9459.5,2.692,91.155,1.2035,6.4905
4/20/2021,4134.94,13786.27,33821.3,1778.75,62.44,25.841,9328.75,2.727,91.241,1.2036,6.4995
4/19/2021,4163.26,13914.77,34077.63,1771.43,63.38,25.8232,9384.25,2.749,91.069,1.2037,6.5103
4/16/2021,4185.47,14052.34,34200.67,1776.51,63.13,25.967,9227,2.68,91.556,1.1983,6.5206
4/15/2021,4170.42,14038.76,34035.99,1763.95,63.46,25.85,9297.25,2.658,91.671,1.1967,6.5226
4/14/2021,4124.66,13857.84,33730.89,1736.43,63.15,25.4217,9080.5,2.618,91.69,1.198,6.5297
4/13/2021,4141.59,13996.1,33677.27,1745.51,60.18,25.3475,8901.5,2.619,91.852,1.1948,6.5441
4/12/2021,4127.99,13850,33745.4,1732.76,59.7,24.8165,8864.25,2.561,92.138,1.1911,6.5483
4/9/2021,4128.8,13900.19,33800.6,1743.88,59.32,25.2655,8935.25,2.526,92.163,1.1899,6.5526
4/8/2021,4097.17,13829.31,33503.57,1755.84,59.6,25.4587,9018.25,2.522,92.059,1.1914,6.5511
4/7/2021,4079.95,13688.84,33446.26,1737.72,59.77,25.1482,8919,2.52,92.455,1.1868,6.5425
4/6/2021,4073.94,13698.38,33430.24,1743.27,59.33,25.1617,9053.75,2.456,92.335,1.1876,6.5395
4/5/2021,4077.91,13705.59,33527.19,1728.27,58.65,24.879,8794.5,2.511,92.595,1.1813,6.567
4/2/2021,4019.87,13480.11,33153.21,1728.87,61.45,25.0098,8794.5,2.639,93.022,1.1759,6.567
4/1/2021,4019.87,13480.11,33153.21,1729.31,61.45,24.971,8794.5,2.639,92.929,1.1777,6.5652
3/31/2021,3972.89,13246.87,32981.55,1707.71,59.16,24.4172,8787.75,2.608,93.232,1.173,6.5528
3/30/2021,3958.55,13045.39,33066.96,1685.2,60.55,24.0293,8770.25,2.623,93.297,1.1717,6.5718
3/29/2021,3971.09,13059.65,33171.37,1712.2,61.56,24.6556,8866,2.586,92.944,1.1765,6.5701
3/26/2021,3974.54,13138.72,33072.88,1732.52,60.97,25.0605,8967,2.557,92.766,1.1794,6.5411
3/25/2021,3909.52,12977.68,32619.48,1726.93,58.56,25.0615,8785.5,2.57,92.848,1.1764,6.5463
3/24/2021,3889.14,12961.89,32420.06,1734.69,61.18,25.0948,8973.25,2.518,92.528,1.1813,6.5245
3/23/2021,3910.52,13227.7,32423.15,1727.07,57.76,25.0608,8979,2.508,92.336,1.1849,6.5162
3/22/2021,3940.59,13377.54,32731.2,1739.03,61.55,25.7505,9116.25,2.582,91.742,1.1933,6.5077
3/19/2021,3913.1,13215.24,32627.97,1745.23,61.42,26.2461,9072.5,2.535,91.919,1.1904,6.509
3/18/2021,3915.46,13116.17,32862.3,1736.42,60,26.0718,9067.5,2.481,91.862,1.1915,6.5069
3/17/2021,3974.12,13525.2,33015.37,1745.33,64.6,26.3165,9070.75,2.528,91.442,1.1979,6.5041
3/16/2021,3962.71,13471.57,32825.95,1731.4,64.8,25.9354,8964.5,2.562,91.865,1.1903,6.506
3/15/2021,3968.94,13459.71,32953.46,1731.67,65.39,26.2422,9164.25,2.484,91.833,1.1929,6.5001
3/12/2021,3943.34,13319.86,32778.64,1727.11,65.61,25.9187,9103.5,2.6,91.679,1.1953,6.5085
3/11/2021,3939.34,13398.67,32485.59,1722.6,66.02,26.1219,9069,2.668,91.42,1.1986,6.4938
3/10/2021,3898.81,13068.83,32297.02,1726.71,64.44,26.2127,8875.75,2.692,91.823,1.1929,6.5055
3/9/2021,3875.44,13073.82,31832.74,1716.1,64.01,25.936,8794.5,2.662,91.958,1.1901,6.5065
3/8/2021,3821.35,12609.16,31802.44,1683.54,65.05,25.1275,9019,2.664,92.313,1.1847,6.526
3/5/2021,3841.94,12920.15,31496.3,1700.64,66.09,25.2463,8913.2,2.701,91.977,1.1915,6.4971
3/4/2021,3768.47,12723.47,30924.14,1697.52,63.83,25.3548,8932.75,2.746,91.631,1.1969,6.4699
3/3/2021,3819.72,12997.75,31270.09,1711.23,61.28,26.0955,9128.25,2.816,90.947,1.2063,6.4679
3/2/2021,3870.29,13358.79,31391.52,1738.36,59.75,26.7633,9220.25,2.839,90.785,1.2091,6.4706
3/1/2021,3901.82,13588.83,31535.51,1725.04,60.64,26.571,9089,2.777,91.039,1.2049,6.466
2/26/2021,3811.15,13192.35,30932.37,1734.04,61.5,26.6677,9139.25,2.771,90.879,1.2075,6.4789
2/25/2021,3829.34,13119.43,31402.01,1770.56,63.53,27.4258,9456.25,2.777,90.134,1.2175,6.4549
2/24/2021,3925.43,13597.97,31961.86,1805.06,63.22,27.9528,9340,2.854,90.176,1.2166,6.4571
2/23/2021,3881.37,13465.2,31537.35,1805.73,61.67,27.6737,9231.5,2.879,90.169,1.215,6.4668
2/22/2021,3876.5,13533.05,31521.69,1809.67,61.49,28.1379,9132.5,2.953,90.01,1.2157,6.4648
2/19/2021,3906.71,13874.47,31494.32,1784.25,59.24,27.2899,8946.75,3.069,90.364,1.2119,6.4577
2/18/2021,3913.97,13865.36,31493.34,1775.67,60.52,27.0333,8573.25,3.082,90.592,1.2092,6.4878
2/17/2021,3931.33,13965.5,31613.02,1776.13,61.14,27.3829,8403.25,3.219,90.951,1.2038,6.4583
2/16/2021,3932.59,14047.5,31522.75,1794.47,60.05,27.243,8424,3.129,90.509,1.2106,6.4583
2/15/2021,3934.83,14095.47,31458.4,1818.86,59.47,27.6176,8422.5,2.912,90.48,1.2129,6.4583
2/12/2021,3934.83,14095.47,31458.4,1824.23,59.47,27.36,8352.25,2.912,90.48,1.212,6.4583
2/11/2021,3916.38,14025.77,31430.7,1825.51,58.24,26.9824,8289.25,2.868,90.417,1.213,6.4583
2/10/2021,3909.88,13972.53,31437.8,1842.89,58.68,27.0266,8303,2.911,90.371,1.2118,6.4583
2/9/2021,3911.23,14007.7,31375.83,1838.32,58.36,27.2674,8157.75,2.835,90.439,1.2119,6.4353
2/8/2021,3915.59,13987.64,31385.76,1830.81,57.97,27.2725,8050.75,2.882,90.934,1.205,6.4484
2/5/2021,3886.83,13856.3,31148.24,1814.11,56.85,26.9205,7927,2.863,91.042,1.2046,6.4656
2/4/2021,3871.74,13777.74,31055.86,1794.03,56.23,26.3516,7825.5,2.935,91.529,1.1964,6.4718
2/3/2021,3830.17,13610.54,30723.6,1834.04,55.69,26.8915,7851.5,2.789,91.171,1.2036,6.462
2/2/2021,3826.31,13612.78,30687.48,1838.03,54.76,26.6814,7787,2.845,91.197,1.2044,6.4574
2/1/2021,3773.86,13403.39,30211.91,1860.78,53.55,29.0515,7805.55,2.85,90.98,1.206,6.4679
1/29/2021,3714.24,13070.69,29982.62,1847.65,52.2,26.9872,7862.4,2.564,90.584,1.2136,6.4292
1/28/2021,3787.38,13337.16,30603.36,1843.17,52.34,26.5025,7879.65,2.664,90.455,1.2122,6.4495
1/27/2021,3750.77,13270.6,30303.17,1843.98,52.85,25.2666,7821.25,2.76,90.647,1.2111,6.4836
1/26/2021,3849.62,13626.06,30937.04,1850.92,52.61,25.4699,8007.25,2.656,90.17,1.216,6.4651
1/25/2021,3855.36,13635.99,30960,1855.93,52.77,25.3475,7965.5,2.602,90.391,1.2139,6.4801
1/22/2021,3841.47,13543.06,30996.98,1855.61,52.27,25.4935,7993.5,2.446,90.238,1.2171,6.4815
1/21/2021,3853.07,13530.92,31176.01,1870.02,53.13,25.9365,8014.25,2.491,90.131,1.2164,6.462
1/20/2021,3851.85,13457.25,31188.38,1871.84,53.24,25.8425,8040.25,2.539,90.475,1.2106,6.4656
1/19/2021,3798.91,13197.18,30930.52,1840.28,52.98,25.2249,7951.25,2.546,90.498,1.2129,6.4791
1/18/2021,3768.25,12998.5,30814.26,1841.26,52.36,25.3544,7968,2.737,90.765,1.2077,6.4925
1/15/2021,3768.25,12998.5,30814.26,1828.45,52.36,24.7693,7937.4,2.737,90.772,1.2082,6.4809
1/14/2021,3795.54,13112.64,30991.52,1846.53,53.57,25.5192,8039.5,2.666,90.239,1.2155,6.4745
1/13/2021,3809.84,13128.95,31060.47,1845.51,52.91,25.2225,7994.5,2.727,90.355,1.2157,6.4683
1/12/2021,3801.19,13072.43,31068.69,1854.77,53.21,25.5597,7964.5,2.753,90.093,1.2207,6.4636
1/11/2021,3799.61,13036.43,31008.69,1843.89,52.25,24.9125,7849.75,2.747,90.465,1.2151,6.4814
1/8/2021,3824.68,13201.98,31097.97,1849.01,52.24,25.4234,8118,2.7,90.098,1.2218,6.4746
1/7/2021,3803.79,13067.48,31041.13,1913.95,50.83,27.1407,8167,2.729,89.826,1.2272,6.4783
1/6/2021,3748.14,12740.79,30829.4,1918.61,50.63,27.29,8030.5,2.716,89.53,1.2327,6.4629
1/5/2021,3726.86,12818.96,30391.6,1950.01,49.93,27.5525,7994.5,2.702,89.436,1.2298,6.4561
1/4/2021,3700.65,12698.45,30223.89,1942.9,47.62,27.235,7844,2.581,89.869,1.2248,6.4615
1/1/2021,3756.07,12888.28,30606.48,1898.67,48.52,26.4011,7749,2.539,89.937,1.2215,6.5272
12/31/2020,3756.07,12888.28,30606.48,1898.36,48.52,26.4023,7749,2.539,89.937,1.2216,6.5272
12/30/2020,3732.04,12870,30409.56,1894.39,48.4,26.6669,7834,2.422,89.68,1.2298,6.5232
12/29/2020,3727.04,12850.22,30335.67,1878.18,48,26.2125,7845.2,2.467,89.994,1.2249,6.5308
12/28/2020,3735.36,12899.42,30403.97,1873.69,47.62,26.2456,7770.75,2.305,90.337,1.2216,6.5371
12/25/2020,3703.06,12804.73,30199.87,1883.46,48.23,25.8297,7770.75,2.518,90.223,1.2193,6.5418
12/24/2020,3703.06,12804.73,30199.87,1883.46,48.23,25.8297,7770.75,2.518,90.323,1.2187,6.53
12/23/2020,3690.01,12771.11,30129.83,1872.89,48.12,25.542,7827,2.608,90.413,1.2187,6.5406
12/22/2020,3687.26,12807.92,30015.51,1860.84,47.02,25.1869,7723.55,2.78,90.654,1.2163,6.5429
12/21/2020,3694.92,12742.52,30216.45,1876.89,47.74,26.1697,7826.3,2.705,90.043,1.2244,6.5497
12/18/2020,3709.41,12755.64,30179.05,1881.35,49.1,25.8112,7968.75,2.7,90.016,1.2257,6.54
12/17/2020,3722.48,12764.75,30303.37,1885.42,48.36,26.0624,7900.25,2.636,89.822,1.2268,6.5338
12/16/2020,3701.17,12658.19,30154.54,1864.8,47.82,25.3279,7813.5,2.677,90.45,1.22,6.5328
12/15/2020,3694.62,12595.06,30199.31,1853.64,47.62,24.4945,7760.75,2.682,90.473,1.2151,6.5394
12/14/2020,3647.49,12440.04,29861.55,1827.35,46.99,23.8388,7729,2.682,90.711,1.2144,6.551
12/11/2020,3663.46,12377.87,30046.37,1839.85,46.57,23.9505,7754.95,2.591,90.976,1.2112,6.5462
12/10/2020,3668.1,12405.81,29999.26,1836.57,46.78,24.0014,7860.75,2.553,90.824,1.2138,6.544
12/9/2020,3672.82,12338.95,30068.81,1839.55,45.52,23.9495,7705.5,2.442,91.087,1.2081,6.5435
12/8/2020,3702.25,12582.77,30173.88,1870.56,45.6,24.554,7679,2.399,90.965,1.2104,6.5331
12/7/2020,3691.96,12519.95,30069.79,1862.73,45.76,24.4851,7695,2.406,90.792,1.2109,6.5297
12/4/2020,3699.12,12464.23,30218.26,1838.86,46.26,24.185,7750.75,2.575,90.701,1.2121,6.5315
12/3/2020,3666.72,12377.18,29969.52,1841.08,45.64,24.065,7668.5,2.507,90.714,1.2144,6.5429
12/2/2020,3669.01,12349.37,29883.79,1831.28,45.28,24.1028,7666.5,2.78,91.118,1.2115,6.563
12/1/2020,3662.45,12355.11,29823.92,1815.24,44.55,24.0021,7688,2.88,91.313,1.2071,6.5722
11/30/2020,3621.63,12198.74,29638.64,1776.95,45.34,22.644,7569.25,2.882,91.869,1.1927,6.5789
11/27/2020,3638.35,12205.85,29910.37,1787.79,45.53,22.5739,7487.5,2.843,91.79,1.1963,6.5781
11/26/2020,3629.65,12094.4,29872.47,1815.8,45.71,23.4193,7387,2.896,91.994,1.1913,6.5756
11/25/2020,3629.65,12094.4,29872.47,1807.56,45.71,23.3568,7283.25,2.896,91.994,1.1917,6.579
11/24/2020,3635.41,12036.79,30046.24,1807.59,44.91,23.269,7279.25,2.775,92.226,1.1892,6.5915
11/23/2020,3577.59,11880.63,29591.27,1837.86,43.06,23.5957,7162,2.711,92.505,1.1841,6.586
11/20/2020,3557.54,11854.97,29263.48,1870.99,42.15,24.1759,7262.5,2.65,92.392,1.1857,6.563
11/19/2020,3581.87,11904.71,29483.23,1866.54,41.74,24.0519,7076.25,2.592,92.294,1.1875,6.584
11/18/2020,3567.79,11801.6,29438.42,1872.24,41.82,24.3365,7069.5,2.712,92.316,1.1853,6.5605
11/17/2020,3609.53,11899.34,29783.35,1880.38,41.43,24.491,7047,2.692,92.416,1.1862,6.5567
11/16/2020,3626.91,11924.13,29950.44,1888.95,41.34,24.7705,7092.75,2.697,92.642,1.1852,6.5848
11/13/2020,3585.15,11829.29,29479.81,1889.2,40.13,24.67,6966.3,2.995,92.755,1.1834,6.6065
11/12/2020,3537.01,11709.59,29080.17,1876.83,41.12,24.2818,6915.75,2.976,92.963,1.1806,6.613
11/11/2020,3572.66,11786.43,29397.63,1865.73,41.45,24.2778,6866,3.031,93.043,1.1777,6.631
11/10/2020,3545.53,11553.86,29420.92,1877.32,41.36,24.234,6913.25,2.949,92.749,1.1815,6.617
11/9/2020,3550.5,11713.78,29157.97,1863.04,40.29,24.106,6903.25,2.859,92.725,1.1813,6.6295
11/6/2020,3509.44,11895.23,28323.4,1951.35,37.14,25.612,6935,2.888,92.229,1.1874,6.6124
11/5/2020,3510.45,11890.93,28390.18,1949.66,38.79,25.374,6842.75,2.942,92.525,1.1826,6.6065
11/4/2020,3443.44,11590.78,27847.66,1902.92,39.15,23.9011,6828.5,3.046,93.407,1.1726,6.6524
11/3/2020,3369.16,11160.57,27480.03,1909.17,37.66,24.2258,6807,3.059,93.553,1.1715,6.6776
11/2/2020,3310.24,10957.61,26925.05,1895.48,36.81,24.089,6753,3.244,94.129,1.1641,6.6909
10/30/2020,3269.96,10911.59,26501.6,1878.81,35.79,23.6567,6707.5,3.354,94.038,1.1647,6.6915
10/29/2020,3310.11,11185.59,26659.11,1867.59,36.17,23.2585,6716.5,3.301,93.955,1.1674,6.715
10/28/2020,3271.03,11004.87,26519.95,1877.19,37.39,23.3848,6730,2.996,93.405,1.1746,6.729
10/27/2020,3390.68,11431.35,27463.19,1907.99,39.57,24.373,6778.65,3.019,92.94,1.1796,6.7055
10/26/2020,3400.97,11358.94,27685.38,1902.08,38.56,24.2802,6760.75,3.024,93.045,1.181,6.7122
10/23/2020,3465.39,11548.28,28335.57,1902.05,39.85,24.607,6852.25,2.971,92.768,1.186,6.6867
10/22/2020,3453.49,11506.01,28363.66,1904.11,40.64,24.7088,6907,3.007,92.951,1.1818,6.6851
10/21/2020,3435.56,11484.69,28210.82,1924.33,40.03,25.0472,6977.75,3.023,92.611,1.1861,6.651
10/20/2020,3443.12,11516.49,28308.79,1906.95,41.46,24.6418,6879,2.913,93.067,1.1822,6.6767
10/19/2020,3426.92,11478.88,28195.42,1904.08,40.83,24.3889,6758.75,2.795,93.427,1.1769,6.683
10/16/2020,3483.81,11671.56,28606.31,1899.29,40.88,24.1577,6723.8,2.773,93.682,1.1718,6.6976
10/15/2020,3483.34,11713.87,28494.2,1908.71,40.96,24.3018,6738.15,2.775,93.856,1.1708,6.7254
10/14/2020,3488.67,11768.73,28514,1901.52,41.04,24.2653,6702.5,2.636,93.382,1.1746,6.715
10/13/2020,3511.93,11863.9,28679.81,1891.36,40.2,24.1385,6681.75,2.855,93.531,1.1746,6.7466
10/12/2020,3534.22,11876.26,28837.52,1922.77,39.43,25.103,6728,2.881,93.065,1.1813,6.7459
10/9/2020,3477.13,11579.94,28586.9,1930.4,40.6,25.1539,6767.5,2.741,93.057,1.1826,6.6947
10/8/2020,3446.83,11420.98,28425.51,1893.82,41.19,23.8382,6678.25,2.627,93.605,1.1759,6.7908
10/7/2020,3419.45,11364.6,28303.46,1887.42,39.95,23.8029,6666.25,2.606,93.63,1.1763,6.7908
10/6/2020,3360.95,11154.6,27772.76,1878.18,40.67,23.0675,6513.75,2.52,93.686,1.1734,6.7908
10/5/2020,3408.63,11332.49,28148.64,1913.53,39.22,24.38,6514.25,2.615,93.513,1.1783,6.7908
10/2/2020,3348.44,11075.02,27682.81,1899.84,37.05,23.7361,6546.75,2.438,93.844,1.1716,6.7908
10/1/2020,3380.8,11326.51,27816.9,1906.01,38.72,23.7929,6374.75,2.527,93.711,1.1748,6.7908
9/30/2020,3363,11167.51,27781.7,1885.82,40.22,23.2352,6668,2.527,93.886,1.1721,6.7908
9/29/2020,3335.47,11085.25,27452.66,1898.07,39.29,24.189,6574,2.561,93.891,1.1744,6.8159
9/28/2020,3351.6,11117.53,27584.06,1881.48,40.6,23.6753,6559.5,2.101,94.278,1.1666,6.8113
9/25/2020,3298.46,10913.56,27173.96,1861.58,40.25,22.8885,6543.55,2.139,94.642,1.1631,6.8238
9/24/2020,3246.59,10672.27,26815.44,1868.07,40.31,23.1475,6527.25,2.248,94.354,1.1672,6.8287
9/23/2020,3236.92,10632.99,26763.13,1863.34,39.93,22.7784,6617.1,2.125,94.389,1.166,6.8091
9/22/2020,3315.57,10963.64,27288.18,1900.21,39.6,24.399,6808,1.834,93.988,1.1708,6.7799
9/21/2020,3281.06,10778.8,27147.7,1912.51,39.31,24.7156,6718.5,1.835,93.656,1.1771,6.8053
9/18/2020,3319.47,10793.28,27657.42,1950.86,41.11,26.7845,6852.75,2.048,92.926,1.184,6.7691
9/17/2020,3357.01,10910.28,27901.98,1944.44,40.97,27.0364,6806.25,2.042,92.97,1.1848,6.7638
9/16/2020,3385.49,11050.47,28032.38,1959.26,40.16,27.1595,6793.4,2.267,93.214,1.1816,6.7548
9/15/2020,3401.2,11190.32,27995.6,1954.15,38.28,27.138,6777.75,2.362,93.05,1.1847,6.7826
9/14/2020,3383.54,11056.65,27993.33,1956.86,37.26,27.1231,6814.5,2.31,93.052,1.1866,6.8105
9/11/2020,3340.97,10853.54,27665.64,1940.55,37.33,26.73,6770.25,2.269,93.333,1.1846,6.8344
9/10/2020,3339.19,10919.59,27534.58,1946.09,37.3,26.8771,6690,2.323,93.336,1.1815,6.8343
9/9/2020,3398.96,11141.56,27940.47,1946.84,38.05,26.9798,6758.5,2.406,93.255,1.1803,6.8333
9/8/2020,3331.84,10847.69,27500.89,1932.03,36.76,26.6705,6695.25,2.4,93.445,1.1778,6.8464
9/7/2020,3426.96,11313.13,28133.31,1933.64,39.77,26.8322,6810.75,2.588,92.719,1.1817,6.8305
9/4/2020,3426.96,11313.13,28133.31,1933.94,39.77,26.9105,6729.5,2.588,92.719,1.1838,6.8425
9/3/2020,3455.06,11458.1,28292.73,1930.91,41.37,26.586,6574.5,2.487,92.739,1.1852,6.8488
9/2/2020,3580.84,12056.44,29100.5,1942.92,41.51,27.4475,6709.75,2.486,92.847,1.1855,6.8383
9/1/2020,3526.65,11939.67,28645.66,1970.18,42.76,28.111,6708.75,2.527,92.338,1.1912,6.8281
8/31/2020,3500.31,11775.46,28430.05,1967.8,42.61,28.1428,6697.5,2.63,92.144,1.1936,6.8485
8/28/2020,3508.01,11695.63,28653.87,1964.83,42.97,27.503,6697.5,2.657,92.371,1.1903,6.8654
8/27/2020,3484.55,11625.34,28492.27,1929.54,43.04,27.0161,6640.75,2.579,93.001,1.1822,6.8941
8/26/2020,3478.73,11665.06,28331.92,1954.46,43.39,27.4998,6615,2.461,93.006,1.183,6.886
8/25/2020,3443.62,11466.47,28248.44,1928.18,43.35,26.5342,6546.25,2.489,93.019,1.1835,6.9128
8/24/2020,3431.28,11379.72,28308.46,1928.88,42.62,26.605,6533.75,2.513,93.298,1.1788,6.9196
8/21/2020,3397.16,11311.8,27930.33,1940.48,42.34,26.7905,6511.5,2.448,93.247,1.1797,6.9194
8/20/2020,3385.51,11264.95,27739.73,1947.26,42.58,27.248,6617.75,2.352,92.793,1.186,6.9158
8/19/2020,3374.85,11146.46,27692.88,1928.98,42.93,26.7005,6698.75,2.426,92.887,1.1838,6.9207
8/18/2020,3389.78,11210.84,27778.07,2002.44,42.89,27.6715,6581,2.417,92.271,1.1931,6.9218
8/17/2020,3381.99,11129.73,27844.91,1985.3,42.89,27.486,6450.75,2.339,92.851,1.187,6.9329
8/14/2020,3372.85,11019.3,27931.02,1945.12,42.01,26.4463,6377.75,2.356,93.096,1.1842,6.9503
8/13/2020,3373.43,11042.5,27896.72,1953.71,42.24,27.505,6263.5,2.182,93.335,1.1814,6.9451
8/12/2020,3380.35,11012.24,27976.84,1915.83,42.67,25.512,6434.5,2.152,93.443,1.1784,6.9372
8/11/2020,3333.69,10782.82,27686.91,1911.89,41.61,24.7931,6381.75,2.171,93.628,1.174,6.9463
8/10/2020,3360.47,10968.36,27791.44,2027.34,41.94,29.1295,6393.75,2.153,93.582,1.1738,6.9619
8/7/2020,3351.28,11010.98,27433.48,2035.55,41.22,28.3009,6308,2.238,93.435,1.1787,6.968
8/6/2020,3349.16,11108.07,27386.98,2063.54,41.95,28.9215,6479.75,2.165,92.788,1.1877,6.9535
8/5/2020,3327.77,10998.4,27201.52,2038.12,42.19,26.9588,6498.75,2.191,92.868,1.1863,6.9366
8/4/2020,3306.51,10941.17,26828.47,2019.21,41.7,26.006,6453,2.193,93.382,1.1803,6.9734
8/3/2020,3294.61,10902.8,26664.4,1976.98,41.01,24.2996,6495,2.101,93.542,1.1762,6.9809
7/31/2020,3271.12,10745.27,26428.32,1975.86,40.27,24.389,6422,1.799,93.349,1.1778,6.9752
7/30/2020,3246.22,10587.81,26313.65,1956.64,39.92,23.4975,6441.75,1.829,93.021,1.1847,7.0088
7/29/2020,3258.44,10542.94,26539.57,1970.79,41.27,24.309,6482,1.854,93.453,1.1792,7.0016
7/28/2020,3218.44,10402.09,26379.28,1958.43,41.04,24.402,6490,1.8,93.696,1.1716,7.0008
7/27/2020,3239.41,10536.27,26584.77,1942.24,41.6,24.5882,6426.5,1.734,93.668,1.1752,6.9964
7/24/2020,3215.63,10363.18,26469.89,1902.02,41.29,22.7664,6430.25,1.808,94.435,1.1656,7.0184
7/23/2020,3235.66,10461.42,26652.33,1887.44,41.07,22.59,6570,1.785,94.692,1.1596,7.0041
7/22/2020,3276.02,10706.13,27005.84,1871.41,41.9,22.996,6503,1.681,94.988,1.157,7.0002
7/21/2020,3257.3,10680.36,26840.4,1841.91,41.96,21.3037,6544.45,1.675,95.117,1.1527,6.9811
7/20/2020,3251.84,10767.09,26680.87,1817.77,40.81,19.9084,6494.25,1.641,95.832,1.1448,6.9836
7/17/2020,3224.73,10503.19,26671.95,1810.42,40.59,19.3274,6456,1.718,95.942,1.1428,6.9924
7/16/2020,3215.57,10473.83,26734.71,1797.16,40.75,19.156,6437.75,1.723,96.346,1.1384,6.9902
7/15/2020,3226.56,10550.49,26870.1,1810.29,41.2,19.4168,6378.75,1.778,96.081,1.1412,6.9889
7/14/2020,3197.52,10488.58,26642.59,1809.36,40.29,19.2164,6495.5,1.746,96.259,1.14,7.0058
7/13/2020,3155.22,10390.84,26085.8,1802.76,40.1,19.0751,6580,1.739,96.464,1.1344,6.9974
7/10/2020,3185.04,10617.44,26075.3,1798.7,40.55,18.7202,6418.55,1.805,96.652,1.13,7.0019
7/9/2020,3152.05,10547.75,25706.09,1803.55,39.62,18.6505,6300.35,1.779,96.7,1.1285,6.9942
7/8/2020,3169.94,10492.5,26067.28,1808.89,40.9,18.7204,6230.25,1.824,96.428,1.133,7.0044
7/7/2020,3145.32,10343.89,25890.18,1794.86,40.62,18.2726,6184.75,1.876,96.881,1.1274,7.0138
7/6/2020,3179.72,10433.65,26287.03,1784.68,40.63,18.2727,6135.25,1.83,96.725,1.1309,7.0188
7/3/2020,3130.01,10207.63,25827.36,1775.95,40.65,18.0214,6023.5,1.734,97.172,1.1248,7.0665
7/2/2020,3130.01,10207.63,25827.36,1775.38,40.65,17.9566,6071,1.734,97.317,1.1239,7.067
7/1/2020,3115.86,10154.63,25734.97,1770.09,39.82,18.0119,6050.75,1.671,97.196,1.1251,7.0708
6/30/2020,3100.29,10058.77,25812.88,1780.96,39.27,18.207,6004.5,1.751,97.391,1.1234,7.064
6/29/2020,3053.24,9874.15,25595.8,1772.82,39.7,17.8581,5951.5,1.709,97.536,1.1242,7.0811
6/26/2020,3009.05,9757.22,25015.55,1771.29,38.49,17.805,5953.25,1.495,97.433,1.1219,7.0782
6/25/2020,3083.76,10017,25745.6,1763.79,38.72,17.8025,5883.5,1.482,97.429,1.1218,7.0782
6/24/2020,3050.33,9909.17,25445.94,1761.17,38.01,17.5011,5856.5,1.597,97.148,1.1251,7.0782
6/23/2020,3131.29,10131.37,26156.1,1768.41,40.37,17.9449,5892,1.637,96.646,1.1308,7.0581
6/22/2020,3117.86,10056.47,26024.96,1754.43,40.46,17.712,5861,1.664,97.039,1.1261,7.0684
6/19/2020,3097.74,9946.12,25871.46,1743.87,39.75,17.6245,5829.25,1.669,97.623,1.1178,7.071
6/18/2020,3115.34,9943.05,26080.1,1722.93,38.84,17.383,5783.5,1.638,97.421,1.1205,7.0893
6/17/2020,3113.49,9910.53,26119.61,1726.95,37.96,17.505,5741,1.638,97.158,1.1244,7.0855
6/16/2020,3124.74,9895.87,26289.98,1726.53,38.38,17.4569,5698.5,1.614,96.958,1.1264,7.0862
6/15/2020,3066.59,9726.02,25763.16,1725.16,37.12,17.3828,5678.75,1.669,96.706,1.1323,7.0908
6/12/2020,3041.31,9588.81,25605.54,1730.75,36.26,17.4916,5761.5,1.731,97.319,1.1256,7.0842
6/11/2020,3002.1,9492.73,25128.17,1727.7,36.34,17.6515,5741.5,1.813,96.733,1.1299,7.065
6/10/2020,3190.14,10020.35,26989.99,1738.7,39.6,18.114,5885,1.78,95.959,1.1374,7.061
6/9/2020,3207.18,9953.75,27272.3,1715.33,38.94,17.5337,5753.5,1.767,96.324,1.134,7.0774
6/8/2020,3232.39,9924.75,27572.44,1698.53,38.19,17.774,5680.5,1.789,96.618,1.1294,7.0716
6/5/2020,3193.93,9814.08,27110.98,1685.06,39.55,17.415,5669.35,1.782,96.937,1.1292,7.0835
6/4/2020,3112.35,9615.81,26281.82,1714.01,37.41,17.7109,5512.25,1.822,96.677,1.1338,7.1112
6/3/2020,3122.87,9682.91,26269.89,1699.67,37.29,17.652,5499.25,1.821,97.276,1.1233,7.1157
6/2/2020,3080.82,9608.38,25742.65,1727.7,36.81,18.068,5506.75,1.777,97.673,1.117,7.1014
6/1/2020,3055.73,9552.05,25475.02,1739.55,35.44,18.3031,5458.25,1.774,97.83,1.1136,7.1278
5/29/2020,3044.31,9489.87,25383.11,1730.27,35.49,17.8655,5352.25,1.849,98.344,1.1101,7.1372
5/28/2020,3029.73,9368.99,25400.64,1718.33,33.71,17.371,5305.5,1.827,98.383,1.1077,7.1455
5/27/2020,3036.13,9412.36,25548.27,1709.47,32.81,17.2601,5226.75,1.722,99.062,1.1006,7.168
5/26/2020,2991.77,9340.22,24995.11,1710.58,34.35,17.1349,5327.25,1.793,98.908,1.0982,7.135
5/25/2020,2955.45,9324.59,24465.16,1731.95,33.25,17.2875,5259.8,1.731,99.863,1.0898,7.1368
5/22/2020,2955.45,9324.59,24465.16,1734.68,33.25,17.2133,5259.8,1.731,99.863,1.0901,7.1364
5/21/2020,2948.51,9284.88,24474.12,1727,33.92,17.108,5363.75,1.71,99.37,1.095,7.1158
5/20/2020,2971.61,9375.78,24575.9,1748.18,33.49,17.5567,5417.5,1.771,99.124,1.098,7.0935
5/19/2020,2922.94,9185.1,24206.86,1745.05,32.5,17.3495,5326.5,1.83,99.371,1.0923,7.099
5/18/2020,2953.91,9234.83,24597.37,1732.55,31.82,16.966,5292,1.783,99.665,1.0913,7.1096
5/15/2020,2863.7,9014.56,23685.42,1743.67,29.43,16.6109,5156,1.646,100.402,1.082,7.1019
5/14/2020,2852.5,8943.72,23625.34,1730.3,27.56,15.8734,5173.75,1.681,100.466,1.0805,7.0957
5/13/2020,2820,8863.17,23247.97,1716.28,25.29,15.5813,5190.9,1.616,100.242,1.0818,7.0926
5/12/2020,2870.12,9002.55,23764.78,1702.7,25.78,15.449,5227.5,1.72,99.933,1.0848,7.0835
5/11/2020,2930.32,9192.34,24221.99,1697.93,24.14,15.4901,5223.75,1.826,100.236,1.0807,7.0987
5/8/2020,2929.8,9121.32,24331.32,1702.7,24.74,15.4815,5243.25,1.823,99.734,1.0839,7.0742
5/7/2020,2881.19,8979.66,23875.89,1716.06,23.55,15.3457,5243.25,1.894,99.889,1.0834,7.0842
5/6/2020,2848.42,8854.39,23664.64,1685.71,23.99,14.8528,5167.5,1.944,100.091,1.0795,7.1046
5/5/2020,2868.44,8809.12,23883.09,1705.92,24.56,14.9637,5127.5,2.134,99.709,1.084,7.0633
5/4/2020,2842.74,8710.72,23749.76,1702.07,20.39,14.7781,5094.25,1.993,99.484,1.0907,7.0633
5/1/2020,2830.71,8604.95,23723.69,1700.42,19.78,14.9765,5081,1.89,99.079,1.0981,7.0633
4/30/2020,2912.43,8889.55,24345.72,1686.5,18.84,14.9697,5160.25,1.949,99.016,1.0955,7.0633
4/29/2020,2939.51,8914.71,24633.86,1713.41,15.06,15.2964,5233,1.869,99.565,1.0873,7.0768
4/28/2020,2863.39,8607.73,24101.55,1707.79,12.34,15.1654,5195,1.794,99.865,1.082,7.0796
4/27/2020,2878.48,8730.16,24133.78,1713.99,12.78,15.2089,5171,1.819,100.041,1.0829,7.0873
4/24/2020,2836.74,8634.52,23775.27,1729.6,16.94,15.2535,5118.74,1.746,100.38,1.0823,7.0819
4/23/2020,2797.8,8494.75,23515.26,1730.51,16.5,15.2554,5135.5,1.815,100.433,1.0777,7.0667
4/22/2020,2799.31,8495.38,23475.82,1714.08,13.78,15.097,5109.25,1.939,100.388,1.0823,7.0841
4/21/2020,2736.56,8263.23,23018.88,1686.2,10.01,14.8865,5000.5,1.821,100.258,1.0858,7.092
4/20/2020,2823.16,8560.73,23650.44,1695.65,-37.63,15.317,5159.25,1.924,99.955,1.0862,7.0734
4/17/2020,2874.56,8650.14,24242.49,1682.82,18.27,15.178,5194,1.753,99.782,1.0875,7.0737
4/16/2020,2799.55,8532.36,23537.68,1717.7,19.87,15.4965,5118.25,1.686,100.025,1.084,7.0814
4/15/2020,2783.36,8393.18,23504.35,1717.03,19.87,15.4635,5082,1.598,99.461,1.091,7.0676
4/14/2020,2846.06,8515.74,23949.76,1726.97,20.11,15.7519,5134,1.65,98.887,1.098,7.0512
4/13/2020,2761.63,8192.42,23390.77,1715.34,22.41,15.4145,4993,1.724,99.348,1.0914,7.0516
4/10/2020,2789.82,8153.58,23719.37,1696.65,22.76,15.5651,4993,1.733,99.482,1.0937,7.036
4/9/2020,2789.82,8153.58,23719.37,1683.73,22.76,15.4325,4993,1.733,99.517,1.093,7.0429
4/8/2020,2749.98,8090.9,23433.57,1646.14,25.09,14.9601,4978.2,1.783,100.119,1.0858,7.0658
4/7/2020,2659.41,7887.26,22653.86,1647.72,23.63,15.0209,5018.75,1.852,99.9,1.0892,7.0457
4/6/2020,2663.68,7913.24,22679.99,1660.97,26.08,15.0037,4870,1.731,100.685,1.0793,7.0913
4/3/2020,2488.65,7373.08,21052.53,1620.81,28.34,14.3881,4824,1.621,100.576,1.0801,7.0913
4/2/2020,2526.9,7487.31,21413.44,1613.99,25.32,14.4888,4879.5,1.552,100.18,1.0858,7.0858
4/1/2020,2470.5,7360.58,20943.51,1591.51,20.31,13.9625,4785.25,1.587,99.673,1.0964,7.1
3/31/2020,2584.59,7700.1,21917.16,1577.18,20.48,13.974,4938.75,1.64,99.048,1.1031,7.0825
3/30/2020,2626.65,7774.15,22327.48,1622.51,20.09,14.0487,4760.5,1.69,99.181,1.1048,7.1003
3/27/2020,2541.47,7502.38,21636.78,1628.16,21.51,14.4683,4782.5,1.634,98.365,1.1141,7.096
3/26/2020,2630.07,7797.54,22552.17,1631.34,22.6,14.4055,4788.75,1.637,99.352,1.1032,7.0747
3/25/2020,2475.56,7384.3,21200.55,1616.9,24.49,14.4763,4846.15,1.659,101.05,1.0882,7.1148
3/24/2020,2447.33,7417.86,20704.91,1632.32,24.01,14.2808,4811,1.653,102.039,1.0788,7.0631
3/23/2020,2237.4,6860.67,18591.93,1553.23,23.36,13.265,4625,1.602,102.487,1.0726,7.0886
3/20/2020,2304.92,6879.52,19173.98,1498.65,22.43,12.6173,4805.25,1.604,102.817,1.0688,7.096
3/19/2020,2409.39,7150.58,20087.19,1471.24,25.22,12.1182,4820.25,1.654,102.755,1.0692,7.1086
3/18/2020,2398.1,6989.84,19898.92,1486.05,20.37,11.981,4729.5,1.604,101.16,1.0915,7.0475
3/17/2020,2529.19,7334.78,21237.38,1528.3,26.95,12.6152,5128.5,1.729,99.575,1.0997,7.0057
3/16/2020,2386.13,6904.59,20188.52,1514.1,28.7,12.9108,5276,1.815,98.069,1.1183,6.9934
3/13/2020,2711.02,7874.88,23185.62,1529.83,31.73,14.7206,5447.75,1.869,98.749,1.1107,7.0086
3/12/2020,2480.64,7201.8,21200.62,1576.15,31.5,15.8217,5424.75,1.841,97.468,1.1185,7.0294
3/11/2020,2741.38,7952.05,23553.22,1635.04,32.98,16.7545,5520.75,1.878,96.507,1.127,6.9606
3/10/2020,2882.23,8344.25,25018.16,1649.4,34.36,16.8937,5555.75,1.936,96.414,1.1281,6.9581
3/9/2020,2746.56,7950.68,23851.02,1680.47,31.13,17.0165,5521.5,1.778,94.895,1.145,6.9466
3/6/2020,2972.37,8575.62,25864.78,1673.83,41.28,17.3484,5589,1.708,95.951,1.1284,6.9314
3/5/2020,3023.94,8738.59,26121.28,1672.23,45.9,17.435,5655.25,1.772,96.82,1.1237,6.9361
3/4/2020,3130.12,9018.09,27090.86,1636.93,46.78,17.216,5663.5,1.827,97.336,1.1136,6.9245
3/3/2020,3003.37,8684.09,25917.41,1640.9,47.18,17.2185,5646.75,1.8,97.153,1.1173,6.9676
3/2/2020,3090.23,8952.17,26703.32,1589.44,46.75,16.7347,5680.75,1.756,97.36,1.1134,6.9609
2/28/2020,2954.22,8567.37,25409.36,1585.69,44.76,16.665,5617.25,1.684,98.132,1.1026,6.992
2/27/2020,2978.76,8566.48,25766.64,1645.01,47.09,17.775,5598.25,1.752,98.508,1.1001,7.0044
2/26/2020,3116.39,8980.77,26957.59,1640.96,48.73,17.9207,5645.25,1.821,98.996,1.0881,7.0229
2/25/2020,3128.21,8965.61,27081.36,1635.14,49.9,18.001,5662.75,1.847,98.968,1.0882,7.0135
2/24/2020,3225.89,9221.28,27960.8,1659.38,51.43,18.6345,5665.75,1.827,99.359,1.0854,7.0304
2/21/2020,3337.75,9576.59,28992.41,1643.41,53.38,18.489,5746,1.905,99.262,1.0847,7.0278
2/20/2020,3373.23,9750.97,29219.98,1619.56,53.78,18.3655,5708,1.92,99.865,1.0785,7.0238
2/19/2020,3386.15,9817.18,29348.03,1611.7,53.29,18.432,5745.75,1.955,99.705,1.0805,6.9983
2/18/2020,3370.29,9732.74,29232.19,1601.61,52.05,18.173,5746.25,1.981,99.44,1.0792,6.9967
2/17/2020,3380.16,9731.18,29398.08,1581.13,52.05,17.694,5796.75,1.837,99.003,1.0836,6.9813
2/14/2020,3380.16,9731.18,29398.08,1584.06,52.05,17.7413,5750.75,1.837,99.124,1.0831,6.9872
2/13/2020,3373.94,9711.97,29423.31,1576,51.42,17.6485,5772.25,1.826,99.067,1.0841,6.977
2/12/2020,3379.45,9725.96,29551.42,1566.06,51.17,17.4865,5747,1.844,99.049,1.0874,6.9714
2/11/2020,3357.75,9638.94,29276.34,1567.89,49.94,17.6472,5729.25,1.788,98.721,1.0916,6.9653
2/10/2020,3352.09,9628.39,29276.82,1572.15,49.57,17.767,5651.75,1.766,98.832,1.0911,6.9844
2/7/2020,3327.71,9520.51,29102.51,1570.44,50.32,17.701,5648.25,1.858,98.684,1.0946,7.0025
2/6/2020,3345.78,9572.15,29379.77,1566.66,50.95,17.823,5722.25,1.862,98.496,1.0983,6.9707
2/5/2020,3334.69,9508.68,29290.85,1556.02,50.75,17.6112,5703.5,1.861,98.301,1.0999,6.9714
2/4/2020,3297.59,9467.97,28807.63,1552.92,49.61,17.5945,5594.5,1.872,97.961,1.1044,6.9985
2/3/2020,3248.92,9273.4,28399.81,1576.73,50.11,17.6822,5503.5,1.819,97.8,1.106,7.0215
1/31/2020,3225.52,9150.94,28256.03,1589.16,51.56,18.0425,5551.25,1.841,97.39,1.1093,6.9426
1/30/2020,3283.66,9298.93,28859.44,1574.28,52.14,17.8398,5568.25,1.829,97.867,1.1032,6.9426
1/29/2020,3273.4,9275.16,28734.45,1576.83,53.33,17.5585,5612.75,1.877,97.991,1.101,6.9426
1/28/2020,3276.24,9269.68,28722.85,1567.17,53.48,17.472,5675,1.934,98.018,1.1022,6.9426
1/27/2020,3243.63,9139.31,28535.8,1582.06,53.14,18.0995,5715.5,1.902,97.956,1.1019,6.9426
1/24/2020,3295.47,9314.91,28989.73,1571.53,54.19,18.1002,5899.75,1.893,97.853,1.1025,6.9426
1/23/2020,3325.54,9402.48,29160.09,1562.94,55.59,17.7995,5956,1.926,97.693,1.1055,6.9426
1/22/2020,3321.75,9383.77,29186.27,1558.78,56.74,17.8397,6073.75,1.905,97.527,1.1093,6.9066
1/21/2020,3320.79,9370.81,29196.04,1558.17,58.34,17.7875,6128.5,1.895,97.531,1.1082,6.9058
1/20/2020,3329.62,9388.94,29348.1,1560.77,58.54,18.0776,6233.25,2.003,97.606,1.1095,6.8668
1/17/2020,3329.62,9388.94,29348.1,1557.24,58.54,18.0412,6247.25,2.003,97.606,1.1092,6.8597
1/16/2020,3316.81,9357.13,29297.64,1552.51,58.52,17.943,6251,2.077,97.32,1.1137,6.8789
1/15/2020,3289.29,9258.7,29030.22,1556.25,57.81,18.004,6252.5,2.12,97.229,1.115,6.8909
1/14/2020,3283.15,9251.33,28939.67,1546.39,58.23,17.803,6270,2.187,97.372,1.1128,6.8842
1/13/2020,3288.13,9273.93,28907.05,1547.88,58.08,17.9598,6265.25,2.182,97.345,1.1134,6.8932
1/10/2020,3265.35,9178.86,28823.77,1562.34,59.04,18.115,6172.25,2.202,97.356,1.1121,6.9193
1/9/2020,3274.7,9203.43,28956.9,1552.32,59.56,17.9015,6152.5,2.166,97.45,1.1106,6.9318
1/8/2020,3253.05,9129.24,28745.09,1556.42,59.61,18.103,6152.35,2.141,97.299,1.1105,6.9462
1/7/2020,3237.18,9068.58,28583.68,1574.37,62.7,18.406,6127.5,2.162,97.005,1.1153,6.9453
1/6/2020,3246.28,9071.47,28703.38,1565.74,63.27,18.1523,6114.5,2.135,96.671,1.1197,6.976
1/3/2020,3234.85,9020.77,28634.88,1552.2,63.05,18.06,6104,2.13,96.838,1.1161,6.966
1/2/2020,3257.85,9092.19,28868.8,1529.13,61.18,18.0222,6163.5,2.122,96.846,1.1172,6.9643
1/1/2020,3230.78,8972.6,28538.44,1517.29,61.06,17.853,6149,2.189,96.445,1.1212,6.9632
12/31/2019,3230.78,8972.6,28538.44,1517.27,61.06,17.8523,6149,2.189,96.389,1.1213,6.9632
12/30/2019,3221.29,8945.99,28462.14,1515.16,61.68,17.9292,6196,2.186,96.74,1.1199,6.9868
12/27/2019,3240.02,9006.62,28645.26,1510.56,61.72,17.7675,6188,2.158,96.919,1.1177,6.9957
12/26/2019,3239.91,9022.39,28621.39,1511.53,61.68,17.8976,6188.25,2.294,97.534,1.1098,6.9965
12/25/2019,3223.38,8952.88,28515.45,1499.84,61.11,17.779,6188.25,2.172,97.632,1.1093,6.9894
12/24/2019,3223.38,8952.88,28515.45,1499.41,61.11,17.795,6188.25,2.172,97.654,1.1089,7.0073
12/23/2019,3224.01,8945.65,28551.53,1485.79,60.52,17.4525,6161.5,2.214,97.658,1.1089,7.0128
12/20/2019,3221.22,8924.96,28455.09,1478.22,60.44,17.1984,6147,2.328,97.69,1.1079,7.0066
12/19/2019,3205.37,8887.22,28376.96,1478.8,61.22,17.0637,6190.5,2.273,97.379,1.1122,7.0104
12/18/2019,3191.14,8827.73,28239.28,1475.4,60.93,17.0165,6145.25,2.286,97.4,1.1114,7.005
12/17/2019,3192.52,8823.36,28267.16,1476.22,60.94,17.0105,6172.5,2.319,97.222,1.115,6.9972
12/16/2019,3191.45,8814.23,28235.89,1476.18,60.21,17.0395,6193,2.341,97.019,1.1144,6.9935
12/13/2019,3168.8,8734.88,28135.38,1476.33,60.07,16.9326,6105.75,2.296,97.172,1.1121,6.9763
12/12/2019,3168.57,8717.32,28132.05,1469.8,59.18,16.9287,6130.5,2.328,97.397,1.113,6.9849
12/11/2019,3141.63,8654.05,27911.3,1474.88,58.76,16.8628,6127.25,2.243,97.078,1.113,7.0388
12/10/2019,3132.52,8616.18,27881.72,1464.39,59.24,16.665,6069.75,2.264,97.413,1.1092,7.0342
12/9/2019,3135.96,8621.83,27909.6,1461.68,59.02,16.6063,6046.75,2.232,97.644,1.1064,7.0392
12/6/2019,3145.91,8656.53,28015.06,1460.17,59.2,16.5765,5962,2.334,97.7,1.106,7.035
12/5/2019,3117.43,8570.7,27677.79,1476,58.43,16.9665,5859,2.427,97.41,1.1104,7.0448
12/4/2019,3112.76,8566.67,27649.78,1474.59,58.43,16.8557,5857.5,2.399,97.648,1.1078,7.0499
12/3/2019,3093.2,8520.64,27502.81,1477.61,56.1,17.1733,5789.75,2.441,97.737,1.1082,7.0613
12/2/2019,3113.87,8567.99,27783.04,1462.44,55.96,16.912,5862,2.329,97.856,1.1079,7.0393
11/29/2019,3140.98,8665.47,28051.41,1463.98,55.17,17.03,5843.25,2.281,98.273,1.1018,7.0324
11/28/2019,3153.63,8705.17,28164,1456.27,58.11,16.92,5869.25,2.501,98.37,1.1009,7.0353
11/27/2019,3153.63,8705.17,28164,1454.44,58.11,16.9635,5925.5,2.501,98.37,1.0999,7.029
11/26/2019,3140.52,8647.93,28121.68,1461.39,58.41,17.0765,5907.75,2.47,98.252,1.1021,7.0336
11/25/2019,3133.64,8632.49,28066.47,1455.26,58.01,16.89,5851.25,2.531,98.323,1.1014,7.0364
11/22/2019,3110.29,8519.89,27875.62,1461.93,57.77,17.022,5837.75,2.665,98.27,1.1021,7.0383
11/21/2019,3103.54,8506.21,27766.29,1464.41,58.58,17.104,5809.75,2.567,97.993,1.1059,7.0289
11/20/2019,3108.46,8526.73,27821.09,1471.61,57.11,17.151,5855,2.559,97.934,1.1073,7.0354
11/19/2019,3120.18,8570.66,27934.02,1472.46,55.21,17.151,5857.25,2.51,97.856,1.1078,7.0276
11/18/2019,3122.03,8549.94,28036.22,1471.51,57.05,17.046,5815,2.566,97.794,1.1072,7.0261
11/15/2019,3120.46,8540.83,28004.89,1468.21,57.72,16.9629,5825.5,2.688,97.999,1.1051,7.0081
11/14/2019,3096.63,8479.02,27781.96,1471.4,56.77,17.0295,5787.75,2.647,98.163,1.1022,7.0208
11/13/2019,3094.04,8482.1,27783.59,1463.58,57.12,16.9745,5810.5,2.6,98.373,1.1007,7.0234
11/12/2019,3091.84,8486.09,27691.49,1456.32,56.8,16.7699,5843.75,2.621,98.309,1.1009,7.0079
11/11/2019,3087.01,8464.28,27691.49,1455.86,56.86,16.8592,5859.25,2.637,98.2,1.1033,7.0103
11/8/2019,3093.08,8475.31,27681.24,1459,57.24,16.814,5910.75,2.789,98.353,1.1018,6.9959
11/7/2019,3085.18,8434.52,27674.8,1468.48,57.15,17.108,5966.5,2.772,98.143,1.105,6.9784
11/6/2019,3076.78,8410.63,27492.56,1490.57,56.35,17.6367,5888.5,2.828,97.952,1.1066,6.9981
11/5/2019,3074.62,8434.68,27492.63,1483.61,57.23,17.5788,5914,2.862,97.983,1.1075,7.0097
11/4/2019,3078.27,8433.2,27462.11,1509.82,56.54,18.0572,5853.75,2.821,97.505,1.1128,7.0304
11/1/2019,3066.91,8386.4,27347.36,1514.34,56.2,18.13,5827,2.714,97.239,1.1166,7.037
10/31/2019,3037.56,8292.36,27046.23,1512.99,54.18,18.1065,5769.5,2.633,97.352,1.1152,7.0391
10/30/2019,3046.77,8303.98,27186.69,1495.66,55.06,17.86,5882.25,2.691,97.646,1.1151,7.0553
10/29/2019,3036.89,8276.85,27071.42,1487.72,55.54,17.812,5906.25,2.597,97.69,1.1112,7.0658
10/28/2019,3039.42,8325.99,27090.72,1492.51,55.81,17.8495,5887.25,2.446,97.764,1.11,7.0683
10/25/2019,3022.55,8243.12,26958.06,1504.63,56.66,18.0395,5907,2.3,97.831,1.108,7.0654
10/24/2019,3010.29,8185.8,26805.53,1503.98,56.23,17.8095,5863.5,2.316,97.631,1.1104,7.069
10/23/2019,3004.52,8119.79,26833.95,1492.12,55.97,17.553,5859.5,2.282,97.491,1.113,7.065
10/22/2019,2995.99,8104.3,26788.1,1487.68,54.16,17.5225,5790.5,2.272,97.526,1.1125,7.0769
10/21/2019,3006.72,8162.99,26827.64,1484.5,53.31,17.561,5804.25,2.238,97.328,1.115,7.076
10/18/2019,2986.2,8089.54,26770.2,1490.05,53.78,17.5525,5784.75,2.32,97.282,1.1167,7.0817
10/17/2019,2997.95,8156.85,27025.88,1491.87,53.93,17.549,5712.5,2.318,97.607,1.1125,7.0775
10/16/2019,2989.69,8124.18,27001.98,1490.13,53.36,17.4005,5699.75,2.303,98.002,1.1072,7.0933
10/15/2019,2995.68,8148.71,27024.8,1481.01,52.81,17.4137,5739.75,2.339,98.288,1.1033,7.0817
10/14/2019,2966.15,8048.65,26787.36,1493.21,53.59,17.6558,5786.25,2.28,98.454,1.1027,7.0675
10/11/2019,2970.27,8057.04,26816.59,1489.01,54.7,17.5413,5763.5,2.214,98.301,1.1042,7.0883
10/10/2019,2938.13,7950.78,26496.67,1493.99,53.55,17.5138,5749.5,2.218,98.701,1.1005,7.1163
10/9/2019,2919.4,7903.74,26346.01,1505.57,52.59,17.734,5651.25,2.234,99.118,1.0971,7.1322
10/8/2019,2893.06,7823.78,26164.04,1505.51,52.63,17.733,5641,2.288,99.133,1.0957,7.1444
10/7/2019,2938.79,7956.29,26478.02,1493.5,52.75,17.4388,5685.1,2.303,98.967,1.0971,7.1483
10/4/2019,2952.01,7982.47,26573.72,1504.66,52.81,17.548,5608,2.352,98.808,1.0979,7.1483
10/3/2019,2910.63,7872.27,26201.04,1505.19,52.45,17.56,5628.25,2.329,98.864,1.0965,7.1483
10/2/2019,2887.61,7785.25,26078.62,1499.45,52.64,17.56,5643,2.247,99.019,1.0959,7.1483
10/1/2019,2940.25,7908.69,26573.04,1479.14,53.62,17.2355,5655.25,2.283,99.128,1.0933,7.1483
9/30/2019,2976.74,7999.34,26916.83,1472.49,54.07,16.9958,5695.25,2.33,99.377,1.0899,7.1483
9/27/2019,2961.79,7939.63,26820.25,1497.01,55.91,17.5409,5736.25,2.404,99.109,1.094,7.1228
9/26/2019,2977.62,8030.66,26891.12,1504.78,56.41,17.8235,5693.25,2.428,99.132,1.0921,7.1326
9/25/2019,2984.87,8077.38,26970.71,1504.05,56.49,17.911,5757,2.502,99.037,1.0943,7.1315
9/24/2019,2966.6,7993.63,26807.77,1531.87,57.29,18.6084,5753.25,2.503,98.337,1.102,7.1164
9/23/2019,2991.78,8112.46,26949.99,1522.24,58.64,18.64,5750.25,2.527,98.599,1.0993,7.118
9/20/2019,2992.07,8117.67,26935.07,1516.9,58.09,17.991,5770,2.534,98.513,1.1017,7.0916
9/19/2019,3006.79,8182.88,27094.79,1499.03,58.13,17.79,5761.5,2.538,98.272,1.1041,7.0965
9/18/2019,3006.73,8177.39,27147.08,1494,58.11,17.7555,5779.75,2.637,98.561,1.103,7.086
9/17/2019,3005.7,8186.02,27110.8,1501.38,59.34,18.0165,5789.5,2.668,98.261,1.1073,7.0922
9/16/2019,2997.96,8153.54,27076.82,1498.43,62.9,17.8517,5844,2.681,98.61,1.1001,7.0673
9/13/2019,3007.39,8176.71,27219.52,1488.53,54.85,17.4445,5949.25,2.614,98.257,1.1073,7.0793
9/12/2019,3009.57,8194.47,27182.45,1499.26,55.09,18.1005,5803.25,2.574,98.309,1.1065,7.0793
9/11/2019,3000.93,8169.68,27137.04,1497.2,55.75,18.12,5738.75,2.552,98.645,1.101,7.1158
9/10/2019,2979.39,8084.16,26909.43,1485.78,57.4,18.0035,5796.5,2.58,98.326,1.1043,7.1126
9/9/2019,2978.43,8087.44,26835.51,1499.13,57.85,18.0085,5790,2.585,98.281,1.1048,7.122
9/6/2019,2978.71,8103.07,26797.46,1506.82,56.52,18.178,5809.25,2.496,98.394,1.1029,7.1164
9/5/2019,2976,8116.83,26728.15,1519.05,56.3,18.651,5825,2.435,98.414,1.1035,7.1492
9/4/2019,2937.78,7976.88,26355.47,1552.55,56.26,19.5968,5724.25,2.445,98.451,1.1035,7.146
9/3/2019,2906.27,7874.16,26118.02,1547.1,53.94,19.264,5584.5,2.358,99,1.0974,7.1789
9/2/2019,2926.46,7962.88,26403.28,1529.29,55.1,18.4694,5593.5,2.285,98.916,1.097,7.172
8/30/2019,2926.46,7962.88,26403.28,1520.38,55.1,18.3759,5655.75,2.285,98.916,1.0982,7.156
8/29/2019,2924.58,7973.39,26362.25,1527.63,56.71,18.267,5710.25,2.296,98.507,1.1057,7.1445
8/28/2019,2887.94,7856.88,26036.1,1539.01,55.78,18.3565,5673,2.251,98.21,1.1078,7.1652
8/27/2019,2869.16,7826.95,25777.9,1542.81,54.93,18.201,5661.75,2.202,97.999,1.109,7.1617
8/26/2019,2878.38,7853.74,25898.83,1527.31,53.64,17.6665,5613,2.23,98.081,1.1102,7.1512
8/23/2019,2847.11,7751.77,25628.9,1526.96,54.17,17.425,5613,2.152,97.64,1.1144,7.0955
8/22/2019,2922.95,7991.39,26252.24,1498.06,55.35,17.0415,5660.5,2.159,98.17,1.108,7.0833
8/21/2019,2924.43,8020.21,26202.73,1502.65,55.68,17.1215,5706.75,2.17,98.295,1.1085,7.0627
8/20/2019,2900.51,7948.56,25962.44,1507.2,56.34,17.1625,5682.75,2.218,98.19,1.11,7.0605
8/19/2019,2923.65,8002.81,26135.79,1495.92,56.21,16.8765,5745.5,2.21,98.347,1.1078,7.0507
8/16/2019,2888.68,7895.99,25886.01,1513.52,54.87,17.1133,5719.5,2.2,98.142,1.109,7.0428
8/15/2019,2847.6,7766.62,25579.39,1523.29,54.47,17.266,5727.25,2.232,98.144,1.1107,7.034
8/14/2019,2840.6,7773.94,25479.42,1516.36,55.23,17.217,5739,2.143,97.987,1.1139,7.0237
8/13/2019,2926.32,8016.36,26279.91,1501.51,57.1,16.9665,5804.5,2.147,97.812,1.1171,7.0434
8/12/2019,2883.75,7863.41,25907.37,1511.16,54.93,17.0658,5715.75,2.105,97.38,1.1214,7.0578
8/9/2019,2918.65,7959.14,26287.44,1496.95,54.5,16.979,5732,2.119,97.491,1.12,7.062
8/8/2019,2938.09,8039.16,26378.19,1500.95,52.54,16.933,5775.75,2.128,97.618,1.118,7.0451
8/7/2019,2883.98,7862.83,26007.07,1501.16,51.09,17.1063,5680,2.083,97.544,1.1199,7.0602
8/6/2019,2881.77,7833.27,26029.52,1474.42,53.63,16.4465,5656.25,2.111,97.63,1.1199,7.0254
8/5/2019,2844.74,7726.04,25717.74,1463.7,54.69,16.3962,5660.25,2.07,97.522,1.1203,7.0507
8/2/2019,2932.05,8004.07,26485.01,1440.83,55.66,16.2043,5703.75,2.121,98.074,1.1108,6.9405
8/1/2019,2953.56,8111.12,26583.42,1445.18,53.95,16.3355,5875,2.202,98.369,1.1085,6.8987
7/31/2019,2980.38,8175.42,26864.27,1413.78,58.58,16.2645,5902.25,2.233,98.516,1.1076,6.8844
7/30/2019,3013.18,8273.61,27198.02,1430.88,58.05,16.5695,5925,2.137,98.05,1.1155,6.8845
7/29/2019,3020.97,8293.33,27221.35,1426.8,56.87,16.4585,6000,2.141,98.044,1.1145,6.8934
7/26/2019,3025.86,8330.21,27192.45,1418.9,56.2,16.3989,5941,2.169,98.01,1.1128,6.8795
7/25/2019,3003.67,8238.54,27140.98,1414.58,56.02,16.412,5986.5,2.244,97.818,1.1147,6.8726
7/24/2019,3019.56,8321.5,27269.97,1425.86,55.88,16.602,5978.75,2.22,97.729,1.114,6.8719
7/23/2019,3005.47,8251.4,27349.19,1417.83,56.77,16.405,5946,2.3,97.705,1.1152,6.8792
7/22/2019,2985.03,8204.14,27171.9,1424.88,56.22,16.3632,5997,2.312,97.257,1.1209,6.8812
7/19/2019,2976.61,8146.49,27154.2,1425.37,55.63,16.1988,6055.25,2.251,97.151,1.1221,6.8821
7/18/2019,2995.11,8207.24,27222.97,1446.1,55.3,16.35,5970.5,2.287,96.794,1.1277,6.88
7/17/2019,2984.42,8185.21,27219.85,1426.57,56.78,15.968,5968,2.304,97.223,1.1224,6.8736
7/16/2019,3004.04,8222.8,27335.63,1406.23,57.62,15.559,6000,2.306,97.395,1.1211,6.8763
7/15/2019,3014.3,8258.19,27359.16,1414.13,59.58,15.3837,5976,2.408,96.933,1.1258,6.8778
7/12/2019,3013.77,8244.15,27332.03,1415.75,60.21,15.2192,5928.75,2.453,96.81,1.127,6.8808
7/11/2019,2999.91,8196.04,27088.08,1403.81,60.2,15.122,5948,2.416,97.05,1.1254,6.8702
7/10/2019,2993.07,8202.53,26860.2,1419.02,60.43,15.2412,5928.5,2.444,97.104,1.1251,6.8729
7/9/2019,2979.63,8141.73,26783.49,1397.61,57.83,15.107,5808.5,2.425,97.489,1.1208,6.888
7/8/2019,2975.95,8098.38,26806.14,1395.53,57.66,15.032,5873.25,2.403,97.384,1.1214,6.8819
7/5/2019,2990.41,8161.79,26922.12,1399.45,57.51,14.9988,5890.25,2.418,97.286,1.1225,6.8936
7/4/2019,2995.82,8170.23,26966,1416.08,57.34,15.2871,5909,2.29,96.768,1.1285,6.8716
7/3/2019,2995.82,8170.23,26966,1418.78,57.34,15.305,5908.75,2.29,96.768,1.1278,6.8812
7/2/2019,2973.01,8109.09,26786.68,1418.65,56.25,15.3165,5868.5,2.24,96.726,1.1285,6.8734
7/1/2019,2964.33,8091.16,26717.43,1384.19,59.09,15.145,5937.75,2.267,96.844,1.1286,6.8517
6/28/2019,2941.76,8006.24,26599.96,1409.55,58.47,15.315,5982,2.308,96.13,1.1373,6.8668
6/27/2019,2924.92,7967.76,26526.58,1409.78,59.43,15.2585,5976.5,2.324,96.194,1.1369,6.8771
6/26/2019,2913.78,7909.97,26536.82,1409,59.38,15.2692,5971,2.291,96.214,1.1369,6.88
6/25/2019,2917.38,7884.72,26548.22,1423.44,57.83,15.3715,6025.5,2.308,96.14,1.1367,6.8798
6/24/2019,2945.35,8005.7,26727.54,1419.72,57.9,15.4435,5941.25,2.303,95.98,1.1399,6.877
6/21/2019,2950.46,8031.71,26719.13,1399.63,57.43,15.3473,5957.5,2.186,96.22,1.1369,6.8685
6/20/2019,2954.18,8051.34,26753.17,1388.44,56.65,15.424,5960.5,2.185,96.629,1.1293,6.8519
6/19/2019,2926.46,7987.32,26504,1360.38,53.76,15.157,5897,2.276,97.117,1.1226,6.9036
6/18/2019,2917.75,7953.88,26465.54,1346.61,53.9,15.0105,5925,2.328,97.644,1.1194,6.9032
6/17/2019,2889.67,7845.02,26112.53,1339.66,51.93,14.8405,5818,2.386,97.558,1.1218,6.9258
6/14/2019,2886.98,7796.66,26089.61,1341.7,52.51,14.8785,5797.75,2.387,97.572,1.1208,6.9255
6/13/2019,2891.64,7837.13,26106.77,1342.31,52.28,14.9075,5830.5,2.325,97.013,1.1276,6.9216
6/12/2019,2879.84,7792.72,26004.83,1333.58,51.14,14.7792,5823,2.386,97,1.1287,6.9177
6/11/2019,2885.72,7822.57,26048.51,1326.84,53.27,14.745,5857.5,2.399,96.686,1.1326,6.9114
6/10/2019,2886.73,7823.17,26062.68,1327.98,53.26,14.703,5860.25,2.357,96.761,1.1312,6.9311
6/7/2019,2873.34,7742.1,25983.94,1340.86,53.99,15.02,5777.75,2.337,96.544,1.1334,6.9096
6/6/2019,2843.49,7615.55,25720.66,1335.33,52.59,14.8935,5790.25,2.324,97.044,1.1276,6.9096
6/5/2019,2826.15,7575.48,25539.57,1330.32,51.68,14.8075,5783,2.378,97.32,1.1221,6.9089
6/4/2019,2803.27,7527.12,25332.18,1325.52,53.48,14.819,5854.25,2.416,97.072,1.1252,6.9079
6/3/2019,2744.45,7333.02,24819.78,1325.31,53.25,14.7875,5816,2.403,97.142,1.1241,6.9037
5/31/2019,2752.06,7453.15,24815.04,1305.58,53.5,14.5942,5806,2.454,97.75,1.1169,6.905
5/30/2019,2788.86,7567.72,25169.88,1288.65,56.59,14.5255,5822,2.547,98.142,1.1129,6.9019
5/29/2019,2783.02,7547.31,25126.41,1279.78,58.81,14.4255,5854,2.633,98.144,1.1131,6.9145
5/28/2019,2802.39,7607.35,25347.77,1279.33,59.14,14.3525,5941,2.582,97.952,1.116,6.9102
5/27/2019,2826.06,7637.01,25585.69,1285.36,58.63,14.5951,5932,2.598,97.613,1.1194,6.898
5/24/2019,2826.06,7637.01,25585.69,1284.93,58.63,14.565,5932,2.598,97.613,1.1203,6.9002
5/23/2019,2822.24,7628.28,25490.47,1283.45,57.91,14.591,5901,2.578,97.856,1.1181,6.9105
5/22/2019,2856.27,7750.84,25776.61,1273.34,61.42,14.4435,5894,2.543,98.041,1.115,6.9063
5/21/2019,2864.36,7785.72,25877.33,1274.68,62.99,14.4535,5965,2.613,98.062,1.1161,6.902
5/20/2019,2840.23,7702.38,25679.9,1277.82,63.1,14.4688,6003.75,2.673,97.933,1.1166,6.9123
5/17/2019,2859.53,7816.29,25764,1277.53,62.76,14.3999,6033,2.631,97.995,1.1158,6.9179
5/16/2019,2876.32,7898.05,25862.68,1286.72,62.87,14.5595,6071,2.639,97.855,1.1174,6.8837
5/15/2019,2850.96,7822.15,25648.02,1296.49,62.02,14.7965,6053.75,2.601,97.569,1.1201,6.8762
5/14/2019,2834.41,7734.49,25532.05,1296.92,61.78,14.7875,5997,2.659,97.526,1.1204,6.8753
5/13/2019,2811.87,7647.02,25324.99,1299.91,61.04,14.7642,5986.5,2.621,97.319,1.1222,6.8784
5/10/2019,2881.4,7916.94,25942.37,1286.05,61.66,14.787,6108,2.619,97.33,1.1233,6.8225
5/9/2019,2870.72,7910.59,25828.36,1284.08,61.7,14.762,6089,2.595,97.373,1.1215,6.8274
5/8/2019,2879.42,7943.32,25967.33,1280.88,62.12,14.839,6129.75,2.61,97.623,1.1192,6.7828
5/7/2019,2884.05,7963.76,25965.09,1284.43,61.4,14.9113,6168.75,2.537,97.628,1.1191,6.7769
5/6/2019,2932.47,8123.29,26438.48,1281.1,62.25,14.9015,6229.25,2.524,97.515,1.1199,6.7662
5/3/2019,2945.64,8164,26504.95,1279.11,61.94,14.9405,6229.25,2.567,97.52,1.1198,6.7349
5/2/2019,2917.52,8036.77,26307.79,1270.69,61.81,14.6285,6166,2.589,97.832,1.1172,6.7349
5/1/2019,2923.73,8049.64,26430.14,1276.76,63.6,14.676,6225.25,2.62,97.686,1.1196,6.7349
4/30/2019,2945.83,8095.39,26592.91,1283.53,63.91,14.9525,6426.75,2.575,97.479,1.1215,6.7349
4/29/2019,2943.03,8149.39,26554.39,1279.9,63.5,14.9175,6402.5,2.593,97.857,1.1186,6.7336
4/26/2019,2939.88,8133.96,26543.33,1286.16,63.3,15.085,6398.75,2.566,98.006,1.1151,6.7288
4/25/2019,2926.17,8106.29,26462.08,1277.17,65.21,14.946,6358.5,2.514,98.203,1.1132,6.7435
4/24/2019,2927.25,8102.02,26597.05,1275.76,65.89,14.9463,6444.75,2.462,98.173,1.1155,6.7219
4/23/2019,2933.68,8120.82,26656.39,1272.42,66.3,14.8435,6394.25,2.455,97.636,1.1227,6.7259
4/22/2019,2907.97,8015.27,26511.05,1274.99,65.7,15.012,6460.75,2.524,97.287,1.1257,6.7121
4/19/2019,2905.03,7998.06,26559.54,1275.52,64,15.032,6460.75,2.49,97.378,1.1245,6.7042
4/18/2019,2905.03,7998.06,26559.54,1275.82,64,15.009,6460.75,2.49,97.474,1.123,6.7091
4/17/2019,2900.45,7996.08,26449.54,1273.98,63.76,14.9908,6537,2.517,97.009,1.1296,6.6881
4/16/2019,2907.06,8000.23,26452.66,1276.79,64.05,15.003,6469,2.572,97.043,1.1281,6.7122
4/15/2019,2905.58,7976.01,26384.77,1287.95,63.4,15.0015,6452,2.59,96.942,1.1304,6.7087
4/12/2019,2907.41,7984.16,26412.3,1290.43,63.89,14.9743,6463.5,2.66,96.972,1.1299,6.7036
4/11/2019,2888.32,7947.36,26143.05,1292.52,63.58,14.9713,6390.5,2.664,97.177,1.1253,6.7194
4/10/2019,2888.21,7964.24,26157.16,1307.99,64.61,15.2395,6448.5,2.7,96.946,1.1274,6.716
4/9/2019,2878.2,7909.28,26150.58,1304.1,63.98,15.2218,6476.25,2.699,97.006,1.1263,6.7119
4/8/2019,2895.77,7953.88,26341.02,1297.48,64.4,15.2485,6459.75,2.708,97.05,1.1263,6.7164
4/5/2019,2892.74,7938.69,26424.99,1291.76,63.08,15.1086,6385.25,2.664,97.395,1.1216,6.717
4/4/2019,2879.39,7891.78,26384.63,1292.21,62.1,15.151,6436.75,2.643,97.308,1.1221,6.717
4/3/2019,2873.4,7895.55,26218.13,1289.93,62.46,15.1353,6484,2.677,97.091,1.1233,6.7114
4/2/2019,2867.24,7848.69,26179.13,1292.46,62.58,15.1203,6413.5,2.684,97.361,1.1204,6.7232
4/1/2019,2867.19,7828.91,26258.42,1287.72,61.59,15.106,6465,2.708,97.232,1.1213,6.7115
3/29/2019,2834.4,7729.32,25928.68,1292.38,60.14,15.1183,6486.5,2.662,97.284,1.1218,6.7121
3/28/2019,2815.44,7669.17,25717.46,1290.42,59.3,15.0145,6360,2.712,97.202,1.1221,6.739
3/27/2019,2805.37,7643.38,25625.59,1309.55,59.41,15.2943,6336,2.713,96.774,1.1244,6.7271
3/26/2019,2818.46,7691.52,25657.73,1315.71,59.94,15.4305,6337.5,2.74,96.736,1.1266,6.7157
3/25/2019,2798.36,7637.54,25516.83,1321.9,58.82,15.5385,6337,2.755,96.566,1.1312,6.7094
3/22/2019,2800.71,7642.67,25502.32,1313.68,59.04,15.424,6314.5,2.753,96.651,1.1302,6.7182
3/21/2019,2854.88,7838.96,25962.51,1309.36,59.98,15.473,6433,2.821,96.495,1.1374,6.6993
3/20/2019,2824.23,7728.97,25745.67,1312.53,59.83,15.475,6483.5,2.82,95.761,1.1413,6.6945
3/19/2019,2832.57,7723.95,25887.38,1306.56,59.03,15.373,6469,2.874,96.383,1.1352,6.7119
3/18/2019,2832.94,7714.48,25914.1,1303.71,59.09,15.3498,6458,2.85,96.524,1.1337,6.713
3/15/2019,2822.48,7688.53,25848.87,1302.4,58.52,15.2877,6445.75,2.795,96.595,1.1326,6.7137
3/14/2019,2808.48,7630.91,25709.94,1296.17,58.61,15.1895,6416,2.855,96.785,1.1304,6.723
3/13/2019,2810.92,7643.41,25702.89,1309.12,58.26,15.4545,6501.5,2.82,96.55,1.1327,6.7071
3/12/2019,2791.52,7591.03,25554.66,1301.58,56.87,15.4405,6498,2.784,96.935,1.1288,6.7085
3/11/2019,2783.3,7558.06,25650.88,1293.35,56.79,15.309,6435,2.772,97.215,1.1245,6.7265
3/8/2019,2743.07,7408.14,25450.24,1298.3,56.07,15.3355,6423,2.865,97.306,1.1235,6.7214
3/7/2019,2748.93,7421.46,25473.23,1285.61,56.66,15.0233,6460,2.866,97.667,1.1193,6.715
3/6/2019,2771.45,7505.92,25673.46,1286.36,56.22,15.0775,6499.5,2.841,96.873,1.1307,6.7113
3/5/2019,2789.65,7576.36,25806.63,1288.01,56.56,15.1375,6548,2.884,96.866,1.1308,6.7076
3/4/2019,2792.81,7577.57,25819.65,1286.74,56.59,15.0905,6462,2.857,96.682,1.134,6.7073
3/1/2019,2803.69,7595.35,26026.32,1293.44,55.8,15.2022,6525,2.859,96.527,1.1365,6.7062
2/28/2019,2784.49,7532.53,25916,1313.32,57.22,15.612,6555.5,2.812,96.157,1.1371,6.6941
2/27/2019,2792.38,7554.51,25985.16,1319.86,56.94,15.7395,6546,2.799,96.154,1.137,6.6872
2/26/2019,2793.9,7549.3,26057.98,1328.96,55.5,15.934,6521.5,2.855,96.003,1.1389,6.7002
2/25/2019,2796.11,7554.46,26091.95,1327.58,55.48,15.8995,6524.5,2.836,96.413,1.1358,6.6891
2/22/2019,2792.67,7527.55,26031.81,1329.4,57.26,15.9237,6519,2.717,96.507,1.1335,6.7137
2/21/2019,2774.88,7459.71,25850.63,1323.63,56.96,15.8142,6394.5,2.697,96.605,1.1336,6.7226
2/20/2019,2784.7,7489.07,25954.44,1338.44,56.92,16.0491,6428,2.636,96.454,1.1338,6.7213
2/19/2019,2779.76,7486.77,25891.32,1340.94,56.09,15.9915,6344,2.662,96.52,1.1341,6.7586
2/18/2019,2775.6,7472.41,25883.25,1326.89,55.59,15.81,6333,2.625,96.904,1.1311,6.7667
2/15/2019,2775.6,7472.41,25883.25,1322.49,55.59,15.7875,6193,2.625,96.904,1.1296,6.7732
2/14/2019,2745.73,7426.96,25439.39,1312.57,54.41,15.6215,6137.25,2.573,96.978,1.1295,6.772
2/13/2019,2753.03,7420.38,25543.27,1306.27,53.9,15.5715,6123.5,2.575,97.129,1.1261,6.7604
2/12/2019,2744.73,7414.62,25425.76,1310.8,53.1,15.7065,6091.75,2.688,96.709,1.1326,6.774
2/11/2019,2709.8,7307.91,25053.11,1308.12,52.41,15.7075,6135.75,2.642,97.057,1.1276,6.7923
2/8/2019,2707.88,7298.2,25106.33,1314.29,52.72,15.8242,6190.75,2.583,96.637,1.1323,6.7454
2/7/2019,2706.05,7288.35,25169.53,1310.11,52.64,15.736,6228,2.551,96.507,1.1341,6.7454
2/6/2019,2731.61,7375.28,25390.3,1306.6,54.01,15.6737,6260.5,2.662,96.39,1.1362,6.7454
2/5/2019,2737.7,7402.08,25411.52,1315.32,53.66,15.8505,6217,2.662,96.067,1.1406,6.7454
2/4/2019,2724.87,7347.54,25239.37,1312.25,54.56,15.8685,6150.5,2.66,95.852,1.1438,6.7454
2/1/2019,2706.53,7263.87,25063.89,1317.98,55.26,15.9106,6115.75,2.734,95.579,1.1456,6.7454
1/31/2019,2704.1,7281.74,24999.67,1321.25,53.79,16.061,6151.25,2.814,95.578,1.1448,6.7
1/30/2019,2681.05,7183.08,25014.86,1319.91,54.23,16.066,6120.25,2.854,95.34,1.148,6.7165
1/29/2019,2640,7028.29,24579.96,1311.79,53.31,15.8385,6032.5,2.95,95.821,1.1433,6.7354
1/28/2019,2643.85,7085.69,24528.22,1303.36,51.99,15.744,5979,2.911,95.746,1.1428,6.7453
1/25/2019,2664.76,7164.86,24737.2,1305.25,53.69,15.7675,6037.5,3.178,95.794,1.1406,6.7483
1/24/2019,2642.33,7073.46,24553.24,1281.21,53.13,15.3195,5894,3.099,96.601,1.1304,6.7885
1/23/2019,2638.7,7025.77,24575.62,1282.72,52.62,15.371,5919.25,2.98,96.123,1.1381,6.792
1/22/2019,2632.9,7020.36,24404.48,1285.22,52.57,15.3385,5904.25,3.04,96.303,1.136,6.808
1/21/2019,2670.71,7157.23,24706.35,1280.47,53.8,15.27,5951.5,3.482,96.336,1.1365,6.798
1/18/2019,2670.71,7157.23,24706.35,1282.11,53.8,15.3387,6029.5,3.482,96.336,1.1363,6.7778
1/17/2019,2635.96,7084.46,24370.1,1292.05,52.07,15.5278,5964.75,3.413,96.065,1.1389,6.7764
1/16/2019,2616.1,7034.69,24207.16,1293.67,52.31,15.5925,5938.25,3.384,96.059,1.1392,6.7568
1/15/2019,2610.3,7023.83,24065.59,1289.51,52.11,15.5802,5886,3.501,96.039,1.1413,6.761
1/14/2019,2582.61,6905.92,23909.84,1291.72,50.51,15.6493,5867,3.591,95.61,1.1469,6.7681
1/11/2019,2596.26,6971.48,23995.95,1290.25,51.59,15.597,5920,3.099,95.67,1.1469,6.763
1/10/2019,2596.64,6986.07,24001.92,1286.65,52.59,15.5685,5907.75,2.969,95.539,1.15,6.7885
1/9/2019,2584.96,6957.08,23879.12,1293.56,52.36,15.7535,5936.75,2.984,95.219,1.1543,6.816
1/8/2019,2574.41,6897,23787.45,1285.39,49.78,15.6543,5886.5,2.967,95.903,1.1441,6.8532
1/7/2019,2549.69,6823.47,23531.35,1289.21,48.52,15.6535,5904.25,2.944,95.666,1.1474,6.851
1/4/2019,2531.94,6738.86,23433.16,1286.05,47.96,15.6988,5897.25,3.044,96.179,1.1395,6.8692
1/3/2019,2447.89,6463.5,22686.22,1294.28,47.09,15.7415,5713.75,2.945,96.305,1.1394,6.872
1/2/2019,2510.03,6665.94,23346.24,1284.59,46.54,15.5217,5819,2.958,96.819,1.1344,6.862
1/1/2019,2506.85,6635.28,23327.46,1282.6,45.41,15.51,5949,2.94,96.085,1.1465,6.8785
12/31/2018,2506.85,6635.28,23327.46,1282.49,45.41,15.495,5949,2.94,96.173,1.1467,6.8785
12/28/2018,2485.74,6584.52,23062.4,1280.71,45.33,15.3839,5987,3.303,96.402,1.1444,6.8785
12/27/2018,2488.83,6579.49,23138.82,1275.71,44.61,15.2275,5969,3.642,96.481,1.143,6.8663
12/26/2018,2467.7,6554.36,22878.45,1267.14,46.22,15.0355,5931.75,3.543,97.05,1.1353,6.8854
12/25/2018,2351.1,6192.92,21792.2,1268.54,42.53,14.7734,5931.75,3.467,96.581,1.1392,6.8871
12/24/2018,2351.1,6192.92,21792.2,1269.22,42.53,14.775,5931.75,3.467,96.553,1.1406,6.8991
12/21/2018,2416.62,6333,22445.37,1256.94,45.59,14.6529,5967.5,3.816,96.956,1.1372,6.9065
12/20/2018,2467.42,6528.41,22859.6,1259.86,45.88,14.7668,5977.5,3.583,96.276,1.1446,6.885
12/19/2018,2506.96,6636.83,23323.66,1243.08,47.2,14.598,5990.5,3.726,97.035,1.1376,6.8911
12/18/2018,2546.16,6783.91,23675.64,1249.42,46.24,14.6395,5944.75,3.838,97.104,1.1361,6.8951
12/17/2018,2545.94,6753.73,23592.98,1245.85,49.88,14.6635,6095.5,3.528,97.1,1.1348,6.8972
12/14/2018,2599.95,6910.67,24100.51,1239.02,51.2,14.5811,6127.75,3.827,97.443,1.1306,6.9076
12/13/2018,2650.54,7070.33,24597.38,1241.99,52.58,14.7505,6158.5,4.124,97.064,1.1361,6.8816
12/12/2018,2651.07,7098.31,24527.27,1245.66,51.15,14.737,6144.75,4.136,97.044,1.1369,6.88
12/11/2018,2636.78,7031.83,24370.24,1243.25,51.65,14.566,6170.5,4.407,97.388,1.1317,6.9
12/10/2018,2637.72,7020.52,24423.26,1244.46,51,14.53,6088.5,4.545,97.219,1.1356,6.9117
12/7/2018,2633.08,6969.25,24388.95,1249.31,52.61,14.625,6149,4.488,96.514,1.1379,6.8743
12/6/2018,2695.95,7188.26,24947.67,1237.78,51.49,14.4713,6079.5,4.327,96.81,1.1374,6.8827
12/5/2018,2700.06,7158.43,25027.07,1237.29,52.89,14.5025,6175,4.469,97.07,1.1344,6.8568
12/4/2018,2700.06,7158.43,25027.07,1238.54,53.25,14.5285,6212.5,4.457,96.965,1.1343,6.836
12/3/2018,2790.37,7441.51,25826.43,1230.67,52.95,14.3877,6312.5,4.339,97.04,1.1354,6.883
11/30/2018,2760.17,7330.54,25538.46,1220.52,50.93,14.2048,6227,4.612,97.272,1.1317,6.9605
11/29/2018,2737.76,7273.08,25338.84,1224.21,51.45,14.3118,6247.5,4.646,96.778,1.1393,6.9425
11/28/2018,2743.79,7291.59,25366.43,1221.23,50.29,14.3265,6244,4.715,96.786,1.1366,6.9539
11/27/2018,2682.17,7082.7,24748.73,1215.05,51.56,14.1497,6155.25,4.262,97.369,1.1289,6.9515
11/26/2018,2673.45,7081.85,24640.24,1222.4,51.63,14.227,6221,4.248,97.074,1.1328,6.9408
11/23/2018,2632.56,6938.98,24285.95,1223.05,50.42,14.29,6236.5,4.308,96.916,1.1337,6.9485
11/22/2018,2649.93,6972.25,24464.69,1228.64,54.63,14.51,6286.25,4.451,96.712,1.1403,6.932
11/21/2018,2649.93,6972.25,24464.69,1226.04,54.63,14.5028,6269,4.451,96.712,1.1384,6.927
11/20/2018,2641.89,6908.82,24465.64,1221.66,53.43,14.3215,6206,4.523,96.836,1.137,6.9453
11/19/2018,2690.73,7028.48,25017.44,1224.17,56.76,14.4265,6292.5,4.7,96.193,1.1454,6.942
11/16/2018,2736.27,7247.87,25413.22,1223.36,56.46,14.4245,6223.5,4.272,96.465,1.1415,6.938
11/15/2018,2730.2,7259.03,25289.27,1213.36,56.46,14.2978,6198,4.038,96.927,1.1328,6.9392
11/14/2018,2701.58,7136.39,25080.5,1210.88,56.25,14.1367,6107.5,4.837,96.803,1.131,6.9505
11/13/2018,2722.18,7200.88,25286.49,1202.23,55.69,14.0007,6088.5,4.101,97.303,1.129,6.956
11/12/2018,2726.22,7200.87,25387.18,1200.37,59.93,13.9986,6073.75,3.788,97.542,1.1218,6.9636
11/9/2018,2781.01,7406.9,25989.3,1209.65,60.19,14.1558,6078.5,3.719,96.905,1.1336,6.9567
11/8/2018,2806.83,7530.89,26191.22,1224,60.67,14.4427,6172.5,3.543,96.724,1.1363,6.9345
11/7/2018,2813.89,7570.75,26180.3,1226.49,61.67,14.5782,6171,3.555,95.997,1.1426,6.92
11/6/2018,2755.45,7375.96,25635.01,1227.19,62.21,14.537,6184,3.555,96.317,1.1427,6.9194
11/5/2018,2738.31,7328.85,25461.7,1231.49,63.1,14.6412,6206.5,3.567,96.279,1.1407,6.9257
11/2/2018,2723.06,7356.99,25270.83,1232.89,63.14,14.7146,6319,3.284,96.542,1.1388,6.8907
11/1/2018,2740.37,7434.06,25380.74,1233.43,63.69,14.7455,6102.5,3.237,96.277,1.1408,6.9233
10/31/2018,2711.74,7305.9,25115.76,1214.76,65.31,14.2485,6036.5,3.261,97.127,1.1312,6.9757
10/30/2018,2682.63,7161.65,24874.64,1222.93,66.18,14.4725,6076.5,3.187,97.011,1.1345,6.9672
10/29/2018,2641.25,7050.29,24442.92,1229.42,67.04,14.458,6178.5,3.185,96.579,1.1373,6.9622
10/26/2018,2658.69,7167.21,24688.31,1233.53,67.59,14.6964,6207,3.185,96.359,1.1403,6.9435
10/25/2018,2705.57,7318.34,24984.55,1232.17,67.33,14.6438,6253,3.202,96.679,1.1375,6.9489
10/24/2018,2656.1,7108.4,24583.42,1233.79,66.82,14.6855,6188,3.166,96.434,1.1392,6.944
10/23/2018,2740.69,7437.54,25191.43,1230.3,66.43,14.7347,6194.5,3.212,95.961,1.1471,6.938
10/22/2018,2755.88,7468.63,25317.41,1222.1,69.17,14.5632,6242.75,3.138,96.013,1.1464,6.9475
10/19/2018,2767.78,7449.03,25444.34,1226.49,69.12,14.6189,6228,3.25,95.713,1.1514,6.929
10/18/2018,2768.78,7485.14,25379.45,1225.81,68.65,14.5755,6157.5,3.198,95.9,1.1453,6.9376
10/17/2018,2809.21,7642.7,25706.68,1222.29,69.75,14.61,6216,3.32,95.575,1.1501,6.9275
10/16/2018,2809.92,7645.49,25798.42,1224.95,71.92,14.6635,6202.25,3.239,95.048,1.1574,6.912
10/15/2018,2750.79,7430.74,25250.55,1227.06,71.78,14.6943,6303,3.242,95.059,1.1579,6.9168
10/12/2018,2767.13,7496.89,25339.99,1217.05,71.34,14.5794,6319,3.161,95.221,1.156,6.922
10/11/2018,2728.37,7329.06,25052.83,1224.09,70.97,14.584,6258.25,3.222,95.017,1.1593,6.8899
10/10/2018,2785.68,7422.05,25598.74,1194.79,73.17,14.3,6251,3.284,95.508,1.152,6.9242
10/9/2018,2880.34,7738.02,26430.57,1189.77,74.96,14.385,6300.25,3.266,95.668,1.1491,6.9227
10/8/2018,2884.43,7735.95,26486.78,1188.08,74.29,14.3705,6174.25,3.267,95.761,1.1492,6.9307
10/5/2018,2885.57,7788.45,26447.05,1203.63,74.34,14.6339,6167,3.143,95.624,1.1524,6.8688
10/4/2018,2901.61,7879.51,26627.48,1199.92,74.33,14.595,6288.25,3.165,95.751,1.1514,6.8688
10/3/2018,2925.51,8025.09,26828.39,1197.35,76.41,14.635,6262.5,3.23,95.762,1.1478,6.8688
10/2/2018,2923.43,7999.55,26773.94,1203.32,75.23,14.691,6288,3.166,95.507,1.1548,6.8688
10/1/2018,2924.59,8037.3,26651.21,1188.99,75.3,14.489,6258.5,3.094,95.298,1.1578,6.8688
9/28/2018,2913.98,8046.35,26458.31,1190.88,73.25,14.6554,6263.5,3.008,95.132,1.1604,6.8688
9/27/2018,2914,8041.97,26439.93,1182.83,72.12,14.2515,6182,3.056,94.894,1.1641,6.8903
9/26/2018,2905.97,7990.37,26385.28,1194.44,71.57,14.3265,6270,3.021,94.193,1.1739,6.8786
9/25/2018,2915.56,8007.47,26492.21,1201.22,72.28,14.4635,6314.75,3.082,94.133,1.1767,6.8675
9/24/2018,2919.37,7993.25,26562.05,1199.03,72.08,14.2555,6355,3.038,94.185,1.1748,6.8571
9/21/2018,2929.67,7986.96,26743.5,1200.04,70.78,14.303,6379.5,2.977,94.22,1.1749,6.8571
9/20/2018,2930.75,8028.23,26656.98,1207.18,70.8,14.3225,6075,2.976,93.912,1.1777,6.8467
9/19/2018,2907.95,7950.04,26405.76,1204.04,71.12,14.244,6096.5,2.908,94.537,1.1673,6.8483
9/18/2018,2904.31,7956.11,26246.96,1198.36,69.85,14.1525,6064,2.933,94.64,1.1667,6.8615
9/17/2018,2888.8,7895.79,26062.12,1201.46,68.91,14.1833,5920,2.814,94.496,1.1683,6.857
9/14/2018,2904.98,8010.04,26154.67,1194.85,68.99,14.0617,5950.75,2.767,94.927,1.1625,6.8675
9/13/2018,2904.18,8013.71,26145.99,1201.47,68.59,14.168,6013.5,2.817,94.518,1.169,6.8448
9/12/2018,2888.92,7954.23,25998.92,1206.24,70.37,14.254,5981.25,2.829,94.799,1.1626,6.8517
9/11/2018,2887.89,7972.47,25971.06,1198.59,69.25,14.1413,5843.75,2.828,95.249,1.1606,6.873
9/10/2018,2877.13,7924.16,25857.07,1195.88,67.54,14.1765,5891.5,2.804,95.15,1.1594,6.8555
9/7/2018,2871.68,7902.54,25916.54,1196.93,67.75,14.1728,5915,2.776,95.365,1.1553,6.8438
9/6/2018,2878.05,7922.73,25995.87,1199.98,67.77,14.1538,5904,2.772,95.021,1.1623,6.8355
9/5/2018,2888.6,7995.17,25974.99,1196.73,68.72,14.188,5854.25,2.795,95.184,1.163,6.83
9/4/2018,2896.72,8091.25,25952.48,1191.52,69.87,14.156,5796,2.823,95.439,1.1582,6.8442
9/3/2018,2901.52,8109.54,25964.82,1201.27,69.8,14.5173,5945,2.916,95.14,1.1619,6.8228
8/31/2018,2901.52,8109.54,25964.82,1201.15,69.8,14.5405,5968,2.916,95.14,1.1602,6.8315
8/30/2018,2901.13,8088.36,25986.92,1199.98,70.25,14.5492,6062.5,2.874,94.723,1.1671,6.8445
8/29/2018,2914.04,8109.69,26124.57,1206.6,69.51,14.757,6073,2.895,94.6,1.1707,6.8212
8/28/2018,2897.52,8030.04,26064.02,1201,68.53,14.708,6135,2.852,94.72,1.1695,6.8031
8/27/2018,2896.74,8017.9,26049.64,1211.38,68.87,14.8975,6091.5,2.876,94.779,1.1678,6.8156
8/24/2018,2874.69,7945.98,25790.35,1205.35,68.72,14.8204,6091.5,2.917,95.146,1.1622,6.8105
8/23/2018,2856.98,7878.46,25656.98,1185.56,67.83,14.5028,5967,2.964,95.666,1.154,6.8778
8/22/2018,2861.82,7889.1,25733.6,1195.8,67.86,14.7605,5980,2.956,95.146,1.1597,6.8418
8/21/2018,2862.96,7859.17,25822.29,1195.99,67.35,14.785,6018,2.98,95.256,1.1571,6.8472
8/20/2018,2857.05,7821.01,25758.69,1190.48,66.43,14.759,5961.5,2.941,95.9,1.1482,6.8577
8/17/2018,2850.13,7816.33,25669.32,1184.25,65.91,14.8038,5889.5,2.946,96.101,1.1438,6.8775
8/16/2018,2840.69,7806.52,25558.73,1174.16,65.46,14.654,5901,2.908,96.645,1.1377,6.8853
8/15/2018,2818.37,7774.12,25162.41,1174.85,65.01,14.4425,5759,2.94,96.696,1.1345,6.9348
8/14/2018,2839.96,7870.9,25299.92,1194.09,67.04,15.057,6009,2.959,96.731,1.1344,6.8842
8/13/2018,2821.93,7819.71,25187.7,1193.5,67.2,14.998,6123.25,2.93,96.391,1.141,6.8912
8/10/2018,2833.28,7839.11,25313.14,1210.57,67.63,15.313,6160.25,2.944,96.357,1.1413,6.8463
8/9/2018,2853.58,7891.78,25509.23,1212.47,66.81,15.4435,6198.5,2.955,95.504,1.1527,6.821
8/8/2018,2857.7,7888.33,25583.75,1213.88,66.94,15.4272,6144,2.949,95.092,1.161,6.8355
8/7/2018,2858.45,7883.66,25628.91,1210.97,69.17,15.3853,6142.75,2.897,95.186,1.1599,6.8313
8/6/2018,2850.4,7859.68,25502.18,1207.64,69.01,15.292,6103.5,2.86,95.358,1.1554,6.8535
8/3/2018,2840.35,7812.02,25462.58,1214.9,68.49,15.418,6178.25,2.853,95.161,1.1568,6.827
8/2/2018,2827.22,7802.69,25326.16,1207.83,68.96,15.3147,6110.5,2.816,95.17,1.1585,6.8428
8/1/2018,2813.36,7707.29,25333.82,1215.96,67.66,15.3832,6147,2.758,94.661,1.166,6.823
7/31/2018,2816.29,7671.79,25415.19,1224.15,68.76,15.523,6279.25,2.782,94.554,1.1691,6.8168
7/30/2018,2802.6,7630,25306.83,1221.45,70.13,15.4867,6223.5,2.797,94.348,1.1706,6.8155
7/27/2018,2818.82,7737.42,25451.06,1224.22,68.69,15.507,6274.25,2.822,94.669,1.1657,6.8133
7/26/2018,2837.44,7852.19,25527.07,1222.69,69.61,15.3813,6266.5,2.78,94.785,1.1643,6.7927
7/25/2018,2846.07,7932.24,25414.1,1231.63,69.3,15.61,6262,2.775,94.233,1.1729,6.7697
7/24/2018,2820.4,7840.77,25241.94,1224.52,68.52,15.465,6264.75,2.732,94.613,1.1687,6.7927
7/23/2018,2806.98,7841.87,25044.29,1224.5,67.89,15.3792,6096.75,2.721,94.632,1.1692,6.7986
7/20/2018,2801.83,7820.2,25058.12,1229.53,70.46,15.5141,6122.5,2.757,94.476,1.1724,6.7697
7/19/2018,2804.49,7825.3,25064.5,1222.97,69.46,15.316,6039.5,2.769,95.164,1.1642,6.7751
7/18/2018,2815.62,7854.44,25199.29,1227.51,68.76,15.5575,6123.5,2.721,95.085,1.1639,6.7189
7/17/2018,2809.55,7855.12,25119.89,1227.54,68.08,15.5745,6116,2.74,94.985,1.1661,6.7065
7/16/2018,2798.43,7805.72,25064.36,1240.93,68.06,15.7885,6165,2.759,94.511,1.1711,6.6911
7/13/2018,2801.31,7825.98,25019.41,1244.32,71.01,15.815,6216.75,2.752,94.677,1.1685,6.6916
7/12/2018,2798.29,7823.92,24924.89,1247.39,70.33,15.9485,6210.25,2.797,94.827,1.1672,6.6678
7/11/2018,2774.02,7716.61,24700.45,1241.96,70.38,15.803,6130,2.829,94.719,1.1674,6.6826
7/10/2018,2793.84,7759.2,24919.66,1255.54,74.11,16.058,6321,2.788,94.158,1.1744,6.634
7/9/2018,2784.17,7756.2,24776.59,1257.68,73.85,16.1158,6382.75,2.828,94.077,1.1751,6.616
7/6/2018,2759.82,7688.39,24456.48,1255.48,73.8,16.0472,6278.5,2.858,93.963,1.1746,6.6427
7/5/2018,2736.61,7586.43,24356.74,1257.91,72.94,16.0505,6344,2.837,94.395,1.1691,6.637
7/4/2018,2713.22,7502.67,24174.82,1254.99,74.14,16.0839,6387.75,2.87,94.531,1.1657,6.6325
7/3/2018,2713.22,7502.67,24174.82,1252.73,74.14,16.0205,6487.25,2.87,94.591,1.1658,6.6425
7/2/2018,2726.71,7567.69,24307.18,1242.04,73.94,15.851,6524.75,2.862,94.871,1.1639,6.668
6/29/2018,2718.37,7510.3,24271.41,1252.6,74.15,16.1185,6625,2.924,94.47,1.1684,6.621
6/28/2018,2716.31,7503.68,24216.05,1248.25,73.45,16.0033,6628.5,2.94,95.312,1.1569,6.627
6/27/2018,2699.63,7445.09,24117.59,1252.35,72.76,16.0583,6693.5,2.996,95.29,1.1554,6.6083
6/26/2018,2723.06,7561.63,24283.11,1259.04,70.53,16.2975,6715.5,2.939,94.676,1.1648,6.5793
6/25/2018,2717.07,7532.01,24252.8,1265.64,68.08,16.3307,6748.5,2.923,94.289,1.1704,6.541
6/22/2018,2754.88,7692.82,24580.89,1270.56,68.58,16.4587,6791.5,2.945,94.52,1.1651,6.5052
6/21/2018,2749.76,7712.95,24461.7,1267.19,65.54,16.3175,6788.75,2.975,94.862,1.1604,6.4932
6/20/2018,2767.32,7781.52,24657.8,1267.86,66.22,16.2843,6763.75,2.964,95.124,1.1572,6.4738
6/19/2018,2762.59,7725.59,24700.21,1274.66,65.07,16.3048,6832,2.9,95.013,1.159,6.4853
6/18/2018,2773.75,7747.03,24987.47,1278.32,65.85,16.471,6971,2.951,94.756,1.1623,6.4387
6/15/2018,2779.66,7746.38,25090.48,1278.94,65.06,16.5672,7019,3.022,94.788,1.161,6.4387
6/14/2018,2782.49,7761.04,25175.31,1302.25,66.89,17.1745,7173,2.965,94.879,1.1568,6.4017
6/13/2018,2775.63,7695.7,25201.2,1299.31,66.64,17.035,7251,2.963,93.544,1.1791,6.3979
6/12/2018,2786.85,7703.79,25320.73,1295.97,66.36,16.8625,7209.5,2.939,93.818,1.1745,6.4028
6/11/2018,2782,7659.93,25322.31,1300.49,66.1,16.9258,7255.5,2.949,93.608,1.1784,6.4018
6/8/2018,2779.03,7645.51,25316.53,1298.17,65.74,16.7892,7324,2.89,93.535,1.1769,6.4067
6/7/2018,2770.37,7635.07,25241.41,1297.18,65.95,16.7095,7330.5,2.93,93.435,1.18,6.3921
6/6/2018,2772.35,7689.24,25146.39,1296.4,64.73,16.679,7211.25,2.896,93.614,1.1774,6.3884
6/5/2018,2748.8,7637.86,24799.98,1296.4,65.52,16.484,7095.25,2.89,93.876,1.1718,6.4061
6/4/2018,2746.87,7606.46,24813.69,1292.02,64.75,16.415,6973.25,2.93,94.038,1.1699,6.408
6/1/2018,2734.62,7554.33,24635.21,1293.4,65.81,16.4117,6882.75,2.962,94.156,1.1659,6.4204
5/31/2018,2705.27,7442.12,24415.84,1298.51,67.04,16.4275,6844.75,2.952,93.979,1.1693,6.4106
5/30/2018,2724.01,7462.45,24667.78,1301.38,68.21,16.5065,6830.5,2.885,94.069,1.1665,6.419
5/29/2018,2689.86,7396.59,24361.45,1298.77,66.73,16.365,6845.5,2.875,94.82,1.154,6.4176
5/28/2018,2721.33,7433.85,24753.09,1299.04,67.88,16.4741,6865.25,2.939,94.418,1.1625,6.3993
5/25/2018,2721.33,7433.85,24753.09,1302.25,67.88,16.511,6865.25,2.939,94.253,1.1651,6.3917
5/24/2018,2727.76,7424.43,24811.76,1304.63,70.71,16.6665,6857.75,2.94,93.775,1.172,6.3784
5/23/2018,2733.29,7425.96,24886.81,1293.41,71.84,16.453,6841.5,2.914,94.003,1.1697,6.3886
5/22/2018,2724.44,7378.46,24834.41,1291.14,72.13,16.545,6950.25,2.908,93.609,1.1779,6.3675
5/21/2018,2733.01,7394.04,25013.29,1292.6,72.24,16.5103,6844.25,2.81,93.677,1.1791,6.3835
5/18/2018,2712.97,7354.34,24715.09,1293.04,71.28,16.4436,6825.25,2.847,93.637,1.1772,6.38
5/17/2018,2720.13,7382.47,24713.98,1290.79,71.49,16.4333,6857,2.859,93.469,1.1795,6.3672
5/16/2018,2722.46,7398.3,24768.93,1290.73,71.49,16.3785,6795,2.815,93.392,1.1808,6.3715
5/15/2018,2711.45,7351.63,24706.41,1290.53,71.31,16.2675,6769.5,2.836,93.219,1.1838,6.3775
5/14/2018,2730.13,7411.32,24899.41,1313.5,70.96,16.5245,6856.25,2.842,92.587,1.1927,6.3393
5/11/2018,2727.72,7402.88,24831.17,1319.3,70.7,16.6685,6908.5,2.806,92.537,1.1943,6.334
5/10/2018,2723.07,7404.98,24739.53,1321.6,71.36,16.7203,6884,2.814,92.65,1.1915,6.3492
5/9/2018,2697.79,7339.91,24542.54,1312.72,71.14,16.4933,6774.25,2.737,93.04,1.1851,6.3623
5/8/2018,2671.92,7266.9,24360.21,1314.63,69.06,16.4844,6707.75,2.732,93.12,1.1864,6.3707
5/7/2018,2672.63,7265.21,24357.32,1314.21,70.73,16.4742,6790,2.741,92.749,1.1922,6.3667
5/4/2018,2663.42,7209.62,24262.51,1314.5,69.72,16.5304,6790,2.711,92.566,1.196,6.3627
5/3/2018,2629.73,7088.15,23930.15,1312.06,68.43,16.4313,6791.75,2.726,92.414,1.1988,6.3537
5/2/2018,2635.67,7100.9,23924.98,1304.96,67.93,16.3752,6784.5,2.754,92.512,1.1951,6.3625
5/1/2018,2654.8,7130.7,24099.05,1303.85,67.25,16.1665,6707.25,2.802,92.449,1.1993,6.3323
4/30/2018,2648.05,7066.27,24163.15,1315.39,68.57,16.3318,6770,2.763,91.841,1.2078,6.3323
4/27/2018,2669.91,7119.8,24311.19,1324,68.1,16.51,6758.75,2.771,91.542,1.213,6.3323
4/26/2018,2666.94,7118.68,24322.34,1316.8,68.19,16.518,6928.5,2.821,91.561,1.2103,6.3365
4/25/2018,2639.4,7003.74,24083.83,1323.13,68.05,16.5588,6969.75,2.786,91.172,1.2161,6.3266
4/24/2018,2634.56,7007.35,24024.13,1330.35,67.7,16.728,6970,2.781,90.766,1.2233,6.3065
4/23/2018,2670.29,7128.6,24448.69,1324.83,68.64,16.6225,6898.5,2.74,90.946,1.2209,6.317
4/20/2018,2670.14,7146.13,24462.94,1336.36,68.38,17.1187,6951,2.739,90.316,1.2288,6.2964
4/19/2018,2693.13,7238.06,24664.89,1345.53,68.29,17.2496,6941.5,2.66,89.94,1.2345,6.2791
4/18/2018,2708.64,7295.24,24748.07,1349.41,68.47,17.1942,6980.25,2.739,89.623,1.2374,6.2744
4/17/2018,2706.39,7281.1,24786.63,1347.52,66.52,16.7825,6828,2.738,89.516,1.237,6.2825
4/16/2018,2677.84,7156.29,24573.04,1345.93,66.22,16.673,6876.25,2.752,89.425,1.238,6.2765
4/13/2018,2656.3,7106.65,24360.14,1346.2,67.39,16.6554,6796.5,2.735,89.8,1.2331,6.275
4/12/2018,2663.99,7140.25,24483.05,1334.94,67.07,16.468,6787.25,2.686,89.751,1.2327,6.2915
4/11/2018,2642.19,7069.03,24189.45,1353.38,66.82,16.6773,6912.25,2.675,89.568,1.2367,6.269
4/10/2018,2656.87,7094.3,24408,1339.64,65.51,16.5785,6908.25,2.656,89.587,1.2356,6.2832
4/9/2018,2613.16,6950.34,23979.1,1336.35,63.42,16.495,6790.25,2.693,89.838,1.2321,6.307
4/6/2018,2604.47,6915.11,23932.76,1333.03,62.06,16.383,6729.5,2.701,90.108,1.2281,6.3033
4/5/2018,2662.84,7076.55,24505.22,1326.57,63.54,16.4404,6780.75,2.675,90.46,1.224,6.3033
4/4/2018,2644.69,7042.11,24264.3,1333.19,63.37,16.3175,6690.75,2.718,90.142,1.2278,6.3033
4/3/2018,2614.45,6941.28,24033.36,1332.74,63.51,16.4175,6762.25,2.697,90.2,1.227,6.2899
4/2/2018,2581.88,6870.12,23644.19,1341.29,63.01,16.5935,6679.25,2.683,90.052,1.2302,6.2804
3/30/2018,2640.87,7063.45,24103.11,1325.48,64.94,16.3678,6679.25,2.733,89.974,1.2324,6.2753
3/29/2018,2640.87,7063.45,24103.11,1325.5,64.94,16.3785,6679.25,2.733,90.151,1.23,6.2898
3/28/2018,2605,6949.23,23848.42,1325.01,64.38,16.298,6633.5,2.698,90.058,1.2308,6.298
3/27/2018,2612.62,7008.81,23857.71,1345.05,65.25,16.5275,6606.5,2.691,89.372,1.2403,6.283
3/26/2018,2658.55,7220.54,24202.6,1353.5,65.55,16.7028,6556,2.618,89.027,1.2444,6.273
3/23/2018,2588.26,6992.67,23533.2,1347.33,65.88,16.567,6617.75,2.591,89.436,1.2353,6.316
3/22/2018,2643.69,7166.68,23957.89,1329.03,64.3,16.391,6652.5,2.617,89.857,1.2302,6.335
3/21/2018,2711.93,7345.29,24682.31,1332.24,65.17,16.57,6760.5,2.638,89.783,1.2338,6.3232
3/20/2018,2716.94,7364.3,24727.27,1311.31,63.4,16.204,6724.5,2.675,90.371,1.2242,6.3341
3/19/2018,2712.92,7344.24,24610.91,1316.85,62.06,16.3265,6819.5,2.651,89.765,1.2335,6.3322
3/16/2018,2752.01,7481.99,24946.51,1314.24,62.34,16.3383,6864.25,2.688,90.233,1.229,6.3348
3/15/2018,2747.33,7481.74,24873.66,1316.1,61.19,16.4065,6887.5,2.681,90.139,1.2305,6.3221
3/14/2018,2749.48,7496.81,24758.12,1324.85,60.96,16.546,6952.75,2.731,89.704,1.2368,6.318
3/13/2018,2765.31,7511.01,25007.03,1326.51,60.71,16.59,6915.25,2.786,89.664,1.239,6.3217
3/12/2018,2783.02,7588.33,25178.61,1323.1,61.36,16.5344,6876,2.778,89.895,1.2334,6.3295
3/9/2018,2786.57,7560.81,25335.74,1323.93,62.04,16.5886,6937.5,2.732,90.093,1.2307,6.3344
3/8/2018,2738.97,7427.95,24895.21,1321.99,60.12,16.496,6799.75,2.756,90.179,1.2312,6.3422
3/7/2018,2726.8,7396.65,24801.36,1325.57,61.15,16.501,6909.75,2.777,89.637,1.2411,6.3254
3/6/2018,2728.12,7372.01,24884.12,1334.56,62.6,16.7615,6965.75,2.749,89.618,1.2404,6.3145
3/5/2018,2720.94,7330.71,24874.76,1320.11,62.57,16.4275,6874.25,2.704,90.08,1.2336,6.3496
3/2/2018,2691.25,7257.87,24538.06,1322.75,61.25,16.523,6863.5,2.695,89.935,1.2317,6.3454
3/1/2018,2677.67,7180.56,24608.98,1317.03,60.99,16.466,6886.5,2.698,90.324,1.2267,6.3582
2/28/2018,2713.83,7273.01,25029.2,1318.31,61.64,16.415,6894.5,2.667,90.613,1.2194,6.331
2/27/2018,2744.28,7330.35,25410.03,1318.36,63.01,16.4281,6985.75,2.683,90.355,1.2233,6.3169
2/26/2018,2779.6,7421.46,25709.27,1333.68,63.91,16.66,7077.75,2.639,89.853,1.2317,6.3161
2/23/2018,2747.3,7337.39,25309.99,1328.71,63.55,16.5327,7062.25,2.625,89.883,1.2295,6.3372
2/22/2018,2703.96,7210.09,24962.48,1332.05,62.77,16.6095,7126.5,2.634,89.736,1.233,6.3527
2/21/2018,2701.33,7218.23,24797.78,1324.63,61.68,16.51,7078,2.659,90,1.2284,6.3415
2/20/2018,2716.26,7234.31,24964.75,1329.19,61.9,16.4509,7047.75,2.616,89.716,1.2337,6.3415
2/19/2018,2732.22,7239.47,25219.38,1346.46,61.68,16.6745,7076.5,2.558,89.1,1.2407,6.3415
2/16/2018,2732.22,7239.47,25219.38,1346.96,61.68,16.6448,7191,2.558,89.1,1.2406,6.3415
2/15/2018,2731.2,7256.43,25200.37,1353.67,61.34,16.8685,7143,2.58,88.593,1.2506,6.3415
2/14/2018,2698.63,7143.62,24893.49,1350.73,60.6,16.8595,7120.75,2.587,89.121,1.2451,6.3415
2/13/2018,2662.94,7013.51,24640.45,1329.55,59.19,16.5818,6944.75,2.594,89.703,1.2352,6.341
2/12/2018,2656,6981.96,24601.27,1322.7,59.29,16.5465,6788,2.552,90.208,1.2292,6.3275
2/9/2018,2619.55,6874.49,24190.9,1316.65,59.2,16.365,6711.75,2.584,90.442,1.2252,6.3032
2/8/2018,2581,6777.16,23860.46,1318.76,61.15,16.4212,6803.75,2.697,90.229,1.2247,6.3298
2/7/2018,2681.66,7051.98,24893.35,1318.39,61.79,16.3717,6836.25,2.702,90.255,1.2264,6.2778
2/6/2018,2695.14,7115.88,24912.77,1324.16,63.39,16.6443,7032.25,2.759,89.585,1.2377,6.2907
2/5/2018,2648.94,6967.53,24345.75,1339.67,64.15,16.736,7128.75,2.747,89.554,1.2367,6.2926
2/2/2018,2762.13,7240.95,25520.96,1333.39,65.45,16.591,7003.75,2.846,89.195,1.2463,6.3014
2/1/2018,2821.98,7385.86,26186.71,1348.79,65.8,17.238,7077.5,2.856,88.671,1.251,6.2994
1/31/2018,2823.81,7411.48,26149.39,1345.14,64.73,17.3455,7078.75,2.995,89.133,1.2414,6.2888
1/30/2018,2822.43,7402.48,26076.89,1338.59,64.5,17.1415,7009.5,3.195,89.16,1.2402,6.3239
1/29/2018,2853.53,7466.51,26439.48,1340.33,65.56,17.1665,7041,3.631,89.308,1.2383,6.3405
1/26/2018,2872.87,7505.77,26616.71,1349.12,66.14,17.4068,7042.5,3.505,89.067,1.2427,6.3283
1/25/2018,2839.25,7411.16,26392.79,1348.26,65.51,17.2985,7100.75,3.447,89.391,1.2396,6.3264
1/24/2018,2837.54,7415.06,26252.12,1358.46,65.61,17.5539,7111,3.509,89.206,1.2408,6.3575
1/23/2018,2839.13,7460.29,26210.81,1341.21,64.47,17.0515,6882.5,3.444,90.124,1.2299,6.4047
1/22/2018,2832.97,7408.03,26214.6,1333.92,63.49,17.018,7025,3.224,90.401,1.2262,6.405
1/19/2018,2810.3,7336.38,26071.72,1331.84,63.37,17.0215,6999.25,3.185,90.572,1.2222,6.404
1/18/2018,2798.03,7296.05,26017.81,1327.03,63.95,16.957,7032,3.189,90.498,1.2238,6.42
1/17/2018,2802.56,7298.28,26115.65,1326.84,63.97,17.001,6994.25,3.232,90.541,1.2186,6.4343
1/16/2018,2776.42,7223.69,25792.86,1338.41,63.73,17.193,7035.75,3.129,90.393,1.226,6.444
1/15/2018,2786.24,7261.06,25803.19,1339.99,64.3,17.355,7181.25,3.2,90.974,1.2264,6.4371
1/12/2018,2786.24,7261.06,25803.19,1337.64,64.3,17.2075,7074.25,3.2,90.974,1.2202,6.469
1/11/2018,2767.56,7211.78,25574.73,1322.44,63.8,16.9875,7102.75,3.084,91.852,1.2032,6.5063
1/10/2018,2748.23,7153.57,25369.13,1316.89,63.57,16.9765,7112.75,2.906,92.332,1.1948,6.5082
1/9/2018,2751.29,7163.58,25385.8,1312.85,62.96,16.9725,7059.5,2.923,92.528,1.1937,6.5297
1/8/2018,2747.71,7157.39,25283,1320.4,61.73,17.134,7080,2.835,92.358,1.1967,6.4998
1/5/2018,2743.15,7136.56,25295.87,1319.59,61.44,17.2222,7078.5,2.795,91.949,1.2029,6.4884
1/4/2018,2723.99,7077.92,25075.13,1323.01,62.01,17.2285,7145.75,2.88,91.853,1.2068,6.4935
1/3/2018,2713.06,7065.53,24922.68,1313.21,61.63,17.136,7101,3.008,92.162,1.2015,6.503
1/2/2018,2695.81,7006.9,24824.01,1317.56,60.37,17.19,7160.75,3.056,91.872,1.2059,6.493
1/1/2018,2673.61,6903.39,24719.22,1302.8,60.42,16.9375,7207,2.953,92.24,1.2012,6.5067
12/29/2017,2673.61,6903.39,24719.22,1302.8,60.42,16.9375,7207,2.953,92.124,1.2005,6.5067
12/28/2017,2687.54,6950.16,24837.51,1295.04,59.84,16.863,7253.75,2.914,92.602,1.1943,6.5335
12/27/2017,2682.62,6939.34,24774.3,1287.18,59.64,16.6917,7202.25,2.738,93.025,1.1888,6.5564
12/26/2017,2680.5,6936.25,24746.21,1283.1,59.97,16.5522,7085,2.643,93.257,1.1858,6.545
12/25/2017,2683.34,6959.96,24754.06,1274.16,58.47,16.3263,7085,2.667,93.267,1.187,6.5398
12/22/2017,2683.34,6959.96,24754.06,1274.16,58.47,16.3263,7085,2.667,93.347,1.1862,6.5773
12/21/2017,2684.57,6965.36,24782.29,1266.6,58.36,16.1303,7043,2.598,93.278,1.1874,6.5848
12/20/2017,2679.25,6960.96,24726.65,1265.57,58.09,16.189,6997.75,2.637,93.313,1.1871,6.5785
12/19/2017,2681.47,6963.85,24754.75,1261.7,57.46,16.134,6905.75,2.692,93.441,1.184,6.6047
12/18/2017,2690.16,6994.76,24792.2,1262.26,57.16,16.139,6874.25,2.745,93.695,1.1782,6.6164
12/15/2017,2675.81,6936.58,24651.74,1256.44,57.3,16.056,6855,2.612,93.932,1.1749,6.6093
12/14/2017,2652.01,6856.53,24508.66,1252.96,57.04,15.8909,6761,2.684,93.489,1.1778,6.6093
12/13/2017,2662.85,6875.8,24585.43,1255.5,56.6,16.07,6691.75,2.715,93.429,1.1826,6.6195
12/12/2017,2664.11,6862.32,24504.8,1244.49,57.14,15.729,6626.5,2.678,94.101,1.1742,6.6215
12/11/2017,2659.99,6875.08,24386.03,1242.02,57.99,15.709,6634.5,2.828,93.866,1.1769,6.6186
12/8/2017,2651.5,6840.08,24329.16,1248.49,57.36,15.863,6536.75,2.772,93.901,1.1773,6.6209
12/7/2017,2636.98,6812.84,24211.48,1247.22,56.69,15.7262,6530,2.763,93.795,1.1773,6.6193
12/6/2017,2629.27,6776.38,24140.91,1263.37,55.96,15.964,6517.5,2.922,93.61,1.1796,6.6149
12/5/2017,2629.57,6762.21,24180.64,1265.77,57.62,16.104,6513,2.914,93.379,1.1826,6.6193
12/4/2017,2639.44,6775.37,24290.05,1276.18,57.47,16.3206,6800.75,2.985,93.188,1.1866,6.6198
12/1/2017,2642.22,6847.59,24231.59,1280.62,58.36,16.442,6808.5,3.061,92.885,1.1896,6.6163
11/30/2017,2647.58,6873.97,24272.35,1275.01,57.4,16.4385,6735,3.025,93.047,1.1904,6.6091
11/29/2017,2626.07,6824.34,23940.68,1283.64,57.3,16.542,6730.75,3.179,93.164,1.1847,6.6167
11/28/2017,2627.04,6912.36,23836.71,1293.98,57.99,16.8687,6776.25,3.074,93.27,1.184,6.6083
11/27/2017,2601.42,6878.52,23580.78,1294.52,58.11,17.0475,6915.5,2.928,92.904,1.1898,6.5992
11/24/2017,2602.42,6889.16,23557.99,1288.37,58.95,17.055,6980,2.813,92.782,1.1933,6.6018
11/23/2017,2597.08,6867.36,23526.18,1291.47,58.02,17.089,6937.25,2.968,93.22,1.1851,6.5835
11/22/2017,2597.08,6867.36,23526.18,1292.12,58.02,17.151,6923,2.968,93.22,1.1822,6.6103
11/21/2017,2599.03,6862.48,23590.83,1280.61,56.83,16.9645,6877.5,3.017,93.952,1.1738,6.629
11/20/2017,2582.14,6790.71,23430.33,1276.92,56.09,16.9088,6797.25,3.047,94.08,1.1733,6.6372
11/17/2017,2578.85,6782.79,23358.24,1292.42,56.55,17.3104,6743.5,3.097,93.662,1.179,6.626
11/16/2017,2585.64,6793.29,23458.36,1278.58,55.14,17.09,6702.75,3.053,93.932,1.177,6.6303
11/15/2017,2564.62,6706.21,23271.28,1278.14,55.33,16.999,6736.25,3.08,93.813,1.1791,6.624
11/14/2017,2578.87,6737.87,23409.47,1280.25,55.7,17.0223,6720,3.102,93.827,1.1798,6.6361
11/13/2017,2584.84,6757.6,23439.7,1278.31,56.76,17.056,6860.75,3.167,94.49,1.1667,6.6405
11/10/2017,2582.3,6750.94,23422.21,1275.07,56.74,16.8835,6753.75,3.213,94.391,1.1665,6.6409
11/9/2017,2584.62,6750.05,23461.94,1285.07,57.17,16.9993,6778,3.2,94.444,1.1642,6.6402
11/8/2017,2594.38,6789.12,23563.36,1281.36,56.81,17.0395,6825.5,3.175,94.866,1.1595,6.628
11/7/2017,2590.64,6767.78,23557.23,1275.3,57.2,16.9499,6792.75,3.152,94.913,1.1587,6.6405
11/6/2017,2591.13,6786.44,23548.42,1281.95,57.35,17.2204,6937,3.134,94.757,1.161,6.6338
11/3/2017,2587.84,6764.44,23539.19,1269.91,55.64,16.843,6864.5,2.984,94.941,1.1608,6.639
11/2/2017,2579.85,6714.94,23516.26,1276.13,54.54,17.1144,6898,2.935,94.685,1.1658,6.6093
11/1/2017,2579.36,6716.53,23435.01,1274.66,54.3,17.14,6898.75,2.893,94.815,1.1619,6.602
10/31/2017,2575.26,6727.67,23377.24,1271.45,54.38,16.7175,6816.75,2.896,94.552,1.1646,6.635
10/30/2017,2572.83,6698.96,23348.74,1276.29,54.15,16.855,6839,2.966,94.56,1.1651,6.6465
10/27/2017,2581.07,6701.26,23434.19,1273.35,53.9,16.866,6800.5,2.752,94.916,1.1608,6.6505
10/26/2017,2560.4,6556.77,23400.86,1266.99,52.64,16.792,6961,2.89,94.612,1.1651,6.6426
10/25/2017,2557.15,6563.89,23329.46,1277.53,52.18,16.95,6983.75,2.919,93.711,1.1813,6.6391
10/24/2017,2569.13,6598.43,23441.76,1276.58,52.47,16.9475,7009.75,2.974,93.772,1.1761,6.6358
10/23/2017,2564.98,6586.83,23273.96,1282.27,51.9,17.085,6975.25,2.991,93.936,1.1749,6.64
10/20/2017,2575.21,6629.05,23328.63,1280.47,51.47,17.0293,6921.5,2.915,93.701,1.1784,6.6205
10/19/2017,2562.1,6605.07,23163.04,1290.13,51.29,17.2535,6934,2.873,93.266,1.1852,6.6138
10/18/2017,2561.26,6624.22,23157.6,1281.08,52.04,16.9992,6949,2.854,93.363,1.1787,6.6274
10/17/2017,2559.36,6623.66,22997.44,1285.12,51.88,17.0375,6996,2.962,93.486,1.1766,6.6236
10/16/2017,2557.64,6624.01,22956.96,1295.79,51.87,17.2291,7122,2.946,93.312,1.1796,6.5898
10/13/2017,2553.17,6605.8,22871.72,1303.82,51.45,17.42,6859,3,93.091,1.182,6.5796
10/12/2017,2550.93,6591.51,22841.01,1293.72,50.6,17.2495,6861.25,2.989,93.057,1.183,6.5875
10/11/2017,2555.24,6603.55,22872.89,1291.72,51.3,17.175,6756,2.889,93.015,1.1859,6.5903
10/10/2017,2550.64,6587.25,22830.68,1288.03,50.92,17.1219,6706.25,2.891,93.29,1.1808,6.5743
10/9/2017,2544.73,6579.73,22761.07,1284.05,49.58,16.97,6615.25,2.833,93.675,1.174,6.6251
10/6/2017,2549.33,6590.18,22773.67,1276.68,49.29,16.8368,6616.5,2.863,93.8,1.173,6.6528
10/5/2017,2552.07,6585.36,22775.39,1268.22,50.79,16.5967,6658.25,2.923,93.961,1.1711,6.6528
10/4/2017,2537.74,6534.63,22661.64,1274.85,49.98,16.5843,6471.25,2.94,93.458,1.1759,6.6528
10/3/2017,2534.58,6531.71,22641.67,1271.66,50.42,16.636,6468.75,2.895,93.569,1.1744,6.6528
10/2/2017,2529.12,6516.72,22557.6,1271.13,50.58,16.5849,6446.25,2.916,93.559,1.1733,6.6528
9/29/2017,2519.36,6495.96,22405.09,1279.75,51.67,16.655,6432.25,3.007,93.076,1.1814,6.6528
9/28/2017,2510.06,6453.45,22381.2,1287.3,51.56,16.8815,6473.5,3.017,93.085,1.1786,6.6608
9/27/2017,2507.04,6453.26,22340.71,1282.78,52.14,16.7693,6390,2.974,93.361,1.1745,6.6425
9/26/2017,2496.84,6380.16,22284.32,1293.98,51.88,16.818,6353,2.918,92.966,1.1793,6.64
9/25/2017,2496.66,6370.59,22296.09,1310.78,52.22,17.1827,6404.25,2.919,92.648,1.1848,6.6215
9/22/2017,2502.22,6426.92,22349.59,1297.3,50.66,16.9986,6415.75,2.959,92.171,1.1951,6.5901
9/21/2017,2500.6,6422.69,22359.23,1291.2,50.55,16.963,6440,2.946,92.259,1.1941,6.5898
9/20/2017,2508.24,6456.04,22412.59,1301.1,50.41,17.1826,6482,3.094,92.508,1.1892,6.5749
9/19/2017,2506.65,6461.32,22370.8,1311.15,49.48,17.315,6488.25,3.122,91.793,1.1994,6.5835
9/18/2017,2503.87,6454.64,22331.35,1307.44,49.91,17.211,6474.75,3.146,92.047,1.1954,6.5753
9/15/2017,2500.23,6448.47,22268.34,1320.18,49.89,17.5885,6461,3.024,91.872,1.1945,6.5526
9/14/2017,2495.62,6429.08,22203.48,1329.74,49.89,17.7952,6455.75,3.07,92.124,1.1919,6.556
9/13/2017,2498.37,6460.19,22158.18,1322.37,49.3,17.7723,6511.25,3.058,92.52,1.1885,6.543
9/12/2017,2496.48,6454.28,22118.86,1331.81,48.23,17.908,6627.25,3.001,91.882,1.1967,6.5354
9/11/2017,2488.11,6432.26,22057.37,1327.54,48.07,17.8075,6729.25,2.95,91.875,1.1953,6.5297
9/8/2017,2461.43,6360.19,21797.79,1346.59,47.48,17.9695,6672.25,2.89,91.352,1.2036,6.4943
9/7/2017,2465.1,6397.87,21784.78,1349.22,49.09,18.1262,6873.75,2.981,91.663,1.2023,6.4865
9/6/2017,2465.54,6393.31,21807.64,1334.22,49.16,17.8793,6875.5,3,92.29,1.1917,6.5242
9/5/2017,2457.85,6375.57,21753.31,1339.71,48.66,17.8865,6869.5,2.972,92.252,1.1914,6.5388
9/4/2017,2476.55,6435.33,21987.56,1333.87,47.29,17.8742,6886.75,3.07,92.635,1.1896,6.5309
9/1/2017,2476.55,6435.33,21987.56,1325.23,47.29,17.73,6804.5,3.07,92.814,1.186,6.5584
8/31/2017,2471.65,6428.66,21948.1,1321.43,47.23,17.5791,6759.5,3.04,92.668,1.191,6.5901
8/30/2017,2457.59,6368.31,21892.43,1308.6,45.96,17.4314,6740,2.939,92.884,1.1884,6.594
8/29/2017,2446.3,6301.89,21865.37,1309.23,46.44,17.3815,6772,2.961,92.249,1.1972,6.5963
8/28/2017,2444.24,6283.02,21808.4,1310.13,46.57,17.452,6648.5,2.925,92.207,1.1979,6.6144
8/25/2017,2443.05,6265.64,21813.67,1291.35,47.87,17.0665,6648.5,2.892,92.74,1.1924,6.6465
8/24/2017,2438.97,6271.33,21783.4,1286.4,47.43,16.9735,6663.25,2.949,93.277,1.1799,6.662
8/23/2017,2444.04,6278.41,21812.09,1290.96,48.41,17.0977,6537.25,2.928,93.147,1.1807,6.659
8/22/2017,2452.51,6297.48,21899.89,1285.08,47.64,16.9846,6547.25,2.939,93.545,1.1762,6.6624
8/21/2017,2428.37,6213.13,21703.75,1291.88,47.37,17.0147,6551.25,2.962,93.095,1.1815,6.6664
8/18/2017,2425.55,6216.53,21674.51,1284.13,48.51,16.97,6452.25,2.893,93.434,1.1761,6.6702
8/17/2017,2430.01,6221.92,21750.73,1288.15,47.09,17.0378,6456.25,2.929,93.622,1.1723,6.6755
8/16/2017,2468.11,6345.11,22024.87,1283.11,46.78,17.118,6496.5,2.89,93.541,1.1767,6.6916
8/15/2017,2464.61,6333.01,21998.99,1271.53,47.55,16.6365,6344,2.935,93.853,1.1735,6.6855
8/14/2017,2465.84,6340.23,21993.71,1282.15,47.59,17.0815,6367.5,2.959,93.411,1.178,6.6712
8/11/2017,2441.32,6256.56,21858.32,1289.31,48.82,17.1175,6383,2.983,93.069,1.1821,6.6636
8/10/2017,2438.21,6216.87,21844.01,1286.53,48.59,17.1225,6393.75,2.985,93.401,1.1772,6.647
8/9/2017,2474.02,6352.33,22048.7,1277.3,49.56,16.951,6426.75,2.883,93.548,1.1759,6.6743
8/8/2017,2474.92,6370.46,22085.34,1260.96,49.17,16.4565,6451.5,2.822,93.647,1.1752,6.7064
8/7/2017,2480.91,6383.77,22118.42,1257.85,49.39,16.2775,6384.25,2.801,93.432,1.1795,6.7215
8/4/2017,2476.83,6351.56,22092.81,1258.88,49.58,16.27,6347.75,2.774,93.542,1.1773,6.7289
8/3/2017,2472.16,6340.34,22026.1,1268.6,49.03,16.6589,6325.75,2.8,92.839,1.187,6.7172
8/2/2017,2477.57,6362.65,22016.24,1266.65,49.59,16.585,6322.25,2.811,92.836,1.1856,6.7217
8/1/2017,2476.35,6362.94,21963.92,1268.76,49.16,16.7129,6313.25,2.819,93.043,1.1802,6.7179
7/31/2017,2470.3,6348.12,21891.12,1269.44,50.17,16.8271,6336.25,2.794,92.863,1.1842,6.7266
7/28/2017,2472.1,6374.68,21830.31,1269.64,49.71,16.757,6295.5,2.941,93.259,1.1751,6.7369
7/27/2017,2475.42,6382.19,21796.55,1259.15,49.04,16.5804,6298.25,2.969,93.864,1.1677,6.743
7/26/2017,2477.83,6422.75,21711.01,1260.53,48.75,16.6507,6297.75,2.924,93.672,1.1734,6.754
7/25/2017,2477.13,6412.17,21613.43,1250.06,47.89,16.495,6197.25,2.944,94.054,1.1647,6.751
7/24/2017,2469.91,6410.81,21513.17,1255.3,46.34,16.4865,5994.75,2.899,93.977,1.1642,6.7512
7/21/2017,2472.54,6387.75,21580.07,1254.98,45.77,16.5196,5971,2.97,93.858,1.1663,6.7667
7/20/2017,2473.45,6390,21611.78,1244.49,46.79,16.3338,5925.25,3.043,94.306,1.1631,6.7597
7/19/2017,2473.83,6385.04,21640.75,1241.25,47.12,16.2862,5929.5,3.066,94.779,1.1515,6.7519
7/18/2017,2460.61,6344.31,21574.73,1242.47,46.4,16.2883,5973.5,3.088,94.604,1.1554,6.7466
7/17/2017,2459.14,6314.43,21629.72,1234.11,46.02,16.1177,5971,3.02,95.128,1.1478,6.77
7/14/2017,2459.27,6312.47,21637.74,1228.7,46.54,15.99,5905.25,2.98,95.153,1.147,6.7752
7/13/2017,2447.83,6274.44,21553.09,1217.58,46.08,15.7025,5853.5,2.961,95.728,1.1398,6.7835
7/12/2017,2443.25,6261.17,21532.14,1220.51,45.49,15.9183,5879.5,2.985,95.761,1.1412,6.7878
7/11/2017,2425.53,6193.31,21409.07,1217.72,45.04,15.856,5847.25,3.047,95.669,1.1467,6.8025
7/10/2017,2427.43,6176.39,21408.52,1214.36,44.4,15.6568,5796,2.929,96.022,1.1399,6.8036
7/7/2017,2425.18,6153.08,21414.34,1212.46,44.23,15.615,5804,2.864,96.008,1.1401,6.8057
7/6/2017,2409.75,6089.46,21320.04,1225.22,45.52,16.0455,5824,2.888,95.802,1.1423,6.8015
7/5/2017,2432.54,6150.86,21478.17,1227.04,45.13,16.0913,5814,2.84,96.29,1.1352,6.8019
7/4/2017,2429.01,6110.06,21479.27,1223.42,47.07,16.088,5867.25,2.951,96.218,1.1346,6.8007
7/3/2017,2429.01,6110.06,21479.27,1220.2,47.07,16.132,5906.75,2.951,96.218,1.1364,6.8003
6/30/2017,2423.41,6140.42,21349.63,1241.61,46.04,16.6325,5927,3.035,95.628,1.1426,6.7809
6/29/2017,2419.7,6144.35,21287.03,1245.51,44.93,16.623,5931.25,3.042,95.628,1.1441,6.787
6/28/2017,2440.69,6234.42,21454.61,1249.27,44.74,16.8113,5866.5,3.067,96.01,1.1378,6.7998
6/27/2017,2419.38,6146.62,21310.66,1247.17,44.24,16.666,5838,3.037,96.394,1.1339,6.8126
6/26/2017,2439.07,6247.15,21409.55,1244.72,43.38,16.6088,5771.25,3.027,97.426,1.1182,6.8411
6/23/2017,2438.3,6265.25,21394.76,1256.71,43.01,16.713,5780.5,2.929,97.264,1.1194,6.8366
6/22/2017,2434.5,6236.69,21397.29,1250.51,42.74,16.5554,5723.5,2.894,97.593,1.1152,6.8348
6/21/2017,2435.61,6233.95,21410.03,1246.48,42.53,16.4673,5717.5,2.893,97.559,1.1168,6.8295
6/20/2017,2437.03,6188.03,21467.14,1243.01,43.23,16.4663,5630.5,2.907,97.76,1.1134,6.8292
6/19/2017,2453.46,6239.01,21528.99,1243.84,44.2,16.503,5702.75,2.894,97.548,1.1149,6.8195
6/16/2017,2433.15,6151.76,21384.28,1253.73,44.74,16.703,5639,3.037,97.164,1.1198,6.8105
6/15/2017,2432.46,6165.5,21359.9,1253.98,44.46,16.7515,5636.25,3.056,97.433,1.1145,6.8078
6/14/2017,2437.92,6194.89,21374.56,1260.86,44.73,16.8992,5668.5,2.933,96.939,1.1218,6.7917
6/13/2017,2440.35,6220.37,21328.47,1266.55,46.46,16.8594,5685.5,2.966,96.975,1.1211,6.7991
6/12/2017,2429.39,6175.47,21235.67,1266.18,46.08,16.962,5743,3.024,97.138,1.1203,6.7982
6/9/2017,2431.77,6207.92,21271.97,1266.76,45.83,17.2063,5779.5,3.039,97.274,1.1195,6.798
6/8/2017,2433.79,6321.76,21182.53,1278.01,45.64,17.4394,5703.75,3.028,96.918,1.1214,6.8003
6/7/2017,2433.14,6297.38,21173.69,1287.15,45.72,17.6042,5591.75,3.02,96.748,1.1257,6.7958
6/6/2017,2429.33,6275.06,21136.23,1294.39,48.19,17.715,5586,3.042,96.636,1.1277,6.7952
6/5/2017,2436.1,6295.68,21184.04,1279.8,47.4,17.5455,5597.75,2.982,96.799,1.1254,6.804
6/2/2017,2439.07,6305.8,21206.29,1279.17,47.66,17.555,5640,2.999,96.715,1.1279,6.81
6/1/2017,2430.06,6246.83,21144.18,1265.96,48.36,17.295,5675,3.008,97.198,1.1213,6.8083
5/31/2017,2411.8,6198.52,21008.65,1268.92,48.32,17.3278,5657.75,3.071,96.922,1.1244,6.818
5/30/2017,2412.91,6203.19,21029.47,1263.09,49.66,17.405,5633.25,3.145,97.28,1.1186,6.8555
5/29/2017,2415.82,6210.19,21080.28,1268.1,49.8,17.3997,5638,3.236,97.442,1.1164,6.8555
5/26/2017,2415.82,6210.19,21080.28,1266.76,49.8,17.352,5638,3.236,97.442,1.1183,6.8555
5/25/2017,2415.07,6205.26,21082.95,1255.67,48.9,17.1657,5706,3.184,97.248,1.121,6.8685
5/24/2017,2404.39,6163.02,21012.42,1258.73,51.36,17.2346,5662.5,3.209,97.238,1.1219,6.8901
5/23/2017,2398.42,6138.71,20937.91,1251.22,51.47,17.0646,5695,3.219,97.351,1.1183,6.8852
5/22/2017,2394.02,6133.62,20894.83,1260.63,50.73,17.167,5689,3.33,96.984,1.1237,6.8864
5/19/2017,2381.73,6083.7,20804.84,1255.93,50.33,16.87,5665.25,3.256,97.142,1.1206,6.885
5/18/2017,2365.72,6055.13,20663.02,1247.07,49.35,16.585,5562,3.182,97.879,1.1103,6.8892
5/17/2017,2357.03,6011.24,20606.93,1261.36,49.07,16.905,5592.5,3.192,97.575,1.1159,6.8784
5/16/2017,2400.67,6169.87,20979.75,1237.24,48.66,16.856,5594.75,3.23,98.105,1.1083,6.8867
5/15/2017,2402.32,6149.67,20981.94,1230.82,48.85,16.633,5593.25,3.349,98.911,1.0975,6.8935
5/12/2017,2390.9,6121.23,20896.61,1228.43,47.84,16.4672,5538.75,3.424,99.252,1.0931,6.8995
5/11/2017,2394.44,6115.96,20919.42,1225.04,47.83,16.3385,5521.25,3.376,99.623,1.0861,6.9037
5/10/2017,2399.63,6129.14,20943.11,1219.1,47.33,16.198,5475.25,3.292,99.669,1.0868,6.9032
5/9/2017,2396.92,6120.59,20975.78,1221.23,45.88,16.1922,5486.25,3.227,99.658,1.0874,6.9074
5/8/2017,2399.38,6102.66,21012.28,1226.23,46.43,16.231,5461.75,3.172,99.06,1.0924,6.9045
5/5/2017,2399.29,6100.76,21006.94,1228.01,46.22,16.343,5563,3.266,98.648,1.0998,6.9031
5/4/2017,2389.52,6075.34,20951.47,1228.16,45.52,16.327,5518,3.186,98.797,1.0985,6.8959
5/3/2017,2388.13,6072.55,20957.9,1238.17,47.82,16.4735,5566.75,3.228,99.209,1.0886,6.8989
5/2/2017,2391.17,6095.37,20949.89,1256.76,47.66,16.8335,5770.5,3.195,98.976,1.093,6.8959
5/1/2017,2388.33,6091.6,20913.46,1256.58,48.84,16.8567,5710.5,3.215,99.077,1.0899,6.8935
4/28/2017,2384.2,6047.61,20940.51,1268.28,49.33,17.2154,5710.5,3.276,99.05,1.0895,6.8935
4/27/2017,2388.77,6048.94,20981.33,1264.3,48.97,17.2675,5668.75,3.239,99.076,1.0873,6.8979
4/26/2017,2387.45,6025.23,20975.09,1269.22,49.62,17.4927,5689,3.142,99.045,1.0904,6.8926
4/25/2017,2388.61,6025.49,20996.12,1264.13,49.56,17.607,5677.5,3.043,98.785,1.0926,6.8847
4/24/2017,2374.15,5983.82,20763.89,1276.31,49.23,17.939,5624.5,3.066,99.092,1.0868,6.8847
4/21/2017,2348.69,5910.52,20547.76,1284.44,49.62,17.932,5594,3.101,99.977,1.0728,6.8859
4/20/2017,2355.84,5916.78,20578.71,1281.9,50.27,18.0331,5596.5,3.159,99.778,1.0717,6.8822
4/19/2017,2338.17,5863.03,20404.49,1280.21,50.44,18.146,5523.25,3.185,99.738,1.0711,6.888
4/18/2017,2342.19,5849.47,20523.28,1289.76,52.41,18.303,5539,3.145,99.499,1.073,6.882
4/17/2017,2349.01,5856.79,20636.92,1284.71,52.65,18.4181,5660,3.163,100.29,1.0643,6.8803
4/14/2017,2328.95,5805.15,20453.25,1285.69,53.18,18.544,5660,3.227,100.51,1.0618,6.8854
4/13/2017,2328.95,5805.15,20453.25,1287.92,53.18,18.544,5660,3.227,100.49,1.0613,6.89
4/12/2017,2344.93,5836.16,20591.86,1286.78,53.11,18.493,5601.25,3.187,100.78,1.0665,6.8915
4/11/2017,2353.78,5866.77,20651.3,1274.86,53.4,18.3395,5739.75,3.15,100.71,1.0605,6.8921
4/10/2017,2357.16,5880.93,20658.02,1254.68,53.08,17.9535,5714.25,3.238,101.02,1.0596,6.903
4/7/2017,2355.54,5877.81,20656.1,1254.53,52.24,18.0305,5798.75,3.261,101.18,1.0591,6.9005
4/6/2017,2357.49,5878.95,20662.95,1251.7,51.7,18.2621,5826.5,3.331,100.67,1.0644,6.8977
4/5/2017,2352.95,5864.48,20648.15,1255.76,51.15,18.314,5865.25,3.266,100.56,1.0663,6.8948
4/4/2017,2360.16,5898.61,20689.24,1256.28,51.03,18.3105,5752.75,3.293,100.54,1.0674,6.8872
4/3/2017,2358.84,5894.68,20650.21,1253.5,50.24,18.271,5728.75,3.128,100.54,1.067,6.8872
3/31/2017,2362.72,5911.74,20663.22,1249.2,50.6,18.2664,5816,3.19,100.35,1.0652,6.8872
3/30/2017,2368.06,5914.34,20728.49,1242.64,50.35,18.1163,5938,3.191,100.41,1.0674,6.8894
3/29/2017,2361.13,5897.55,20659.32,1253.45,49.51,18.244,5884,3.175,99.998,1.0766,6.8901
3/28/2017,2358.57,5875.14,20701.5,1251.82,48.37,18.195,5849.25,3.096,99.712,1.0814,6.8795
3/27/2017,2341.59,5840.37,20550.98,1254.86,47.73,18.1105,5736.5,3.052,99.166,1.0864,6.8729
3/24/2017,2343.98,5828.74,20596.72,1243.57,47.97,17.763,5777,3.076,99.627,1.0798,6.8837
3/23/2017,2345.96,5817.69,20656.58,1245.2,47.7,17.5895,5797.5,3.051,99.76,1.0783,6.8863
3/22/2017,2348.45,5821.64,20661.3,1248.84,48.04,17.5412,5780,3.011,99.677,1.0797,6.8819
3/21/2017,2344.02,5793.83,20668.01,1244.81,47.34,17.5294,5747.5,3.093,99.813,1.0811,6.8874
3/20/2017,2373.47,5901.53,20905.86,1234.24,48.22,17.4314,5855,3.041,100.41,1.0739,6.9085
3/17/2017,2378.25,5901,20914.62,1229.26,48.78,17.404,5916.5,2.948,100.3,1.0738,6.9034
3/16/2017,2381.38,5900.76,20934.55,1226.61,48.75,17.3182,5890.25,2.902,100.36,1.0766,6.898
3/15/2017,2385.26,5900.05,20950.1,1219.88,48.86,17.346,5843,2.981,100.74,1.0734,6.9149
3/14/2017,2365.45,5856.82,20837.37,1199.12,47.72,16.8843,5798.25,2.938,101.7,1.0604,6.915
3/13/2017,2373.47,5875.78,20881.48,1204.3,48.4,16.9798,5776.5,3.043,101.31,1.0653,6.9143
3/10/2017,2372.6,5861.73,20902.98,1204.64,48.49,17.0398,5716.25,3.008,101.25,1.0673,6.9093
3/9/2017,2364.87,5838.81,20858.19,1201.24,49.28,16.966,5672.5,2.974,101.85,1.0577,6.911
3/8/2017,2362.98,5837.55,20855.73,1208.31,50.28,17.2345,5747.25,2.901,102.07,1.0541,6.9131
3/7/2017,2368.39,5833.93,20924.76,1215.86,53.14,17.4935,5754.75,2.824,101.81,1.0566,6.9025
3/6/2017,2375.31,5849.18,20954.34,1225.29,53.2,17.7827,5843.75,2.901,101.64,1.0582,6.897
3/3/2017,2383.12,5870.75,21005.71,1234.81,53.33,17.9749,5905.75,2.827,101.54,1.0622,6.8972
3/2/2017,2381.92,5861.22,21002.97,1234.25,52.61,17.7712,5918,2.804,102.2,1.0507,6.8899
3/1/2017,2395.96,5904.03,21115.55,1249.69,53.83,18.42,6003,2.799,101.78,1.0547,6.8819
2/28/2017,2363.64,5825.44,20812.24,1248.44,54.01,18.3125,5966.5,2.774,101.12,1.0576,6.867
2/27/2017,2369.75,5861.9,20837.44,1252.73,54.05,18.266,5924,2.693,101.13,1.0587,6.8708
2/24/2017,2367.34,5845.31,20821.76,1257.19,53.99,18.3703,5915,2.627,101.09,1.0563,6.8691
2/23/2017,2363.81,5835.51,20810.32,1249.56,54.45,18.1875,5844.75,2.617,101.05,1.0582,6.8661
2/22/2017,2362.82,5860.63,20775.6,1237.44,53.59,18.027,6025.75,2.592,101.22,1.0558,6.8778
2/21/2017,2365.38,5865.95,20743,1235.74,54.06,17.972,6045.5,2.564,101.37,1.0536,6.884
2/20/2017,2351.16,5838.58,20624.05,1238.47,53.4,18.0535,6058.25,2.834,100.95,1.0614,6.8785
2/17/2017,2351.16,5838.58,20624.05,1234.6,53.4,17.9969,5945,2.834,100.95,1.0616,6.8665
2/16/2017,2347.22,5814.9,20619.77,1239.04,53.36,18.098,5983,2.854,100.44,1.0674,6.853
2/15/2017,2349.25,5819.44,20611.86,1233.7,53.11,17.989,6048,2.925,101.18,1.0601,6.8711
2/14/2017,2337.58,5782.57,20504.41,1228.13,53.2,17.957,6004.25,2.905,101.25,1.0578,6.8675
2/13/2017,2328.25,5763.96,20412.16,1225.26,52.93,17.8235,6103.5,2.944,100.96,1.0598,6.8802
2/10/2017,2316.1,5734.13,20269.37,1233.62,53.86,17.9487,6082.5,3.034,100.8,1.0643,6.8785
2/9/2017,2307.87,5715.18,20172.4,1228.36,53,17.6495,5808.75,3.141,100.65,1.0655,6.8692
2/8/2017,2294.67,5682.45,20054.34,1241.53,52.34,17.777,5878,3.126,100.28,1.0698,6.8638
2/7/2017,2293.08,5674.22,20090.29,1233.85,52.17,17.7085,5779.5,3.13,100.26,1.0683,6.8853
2/6/2017,2292.56,5663.55,20052.42,1235.53,53.01,17.739,5835.75,3.05,99.907,1.075,6.863
2/3/2017,2297.42,5666.77,20071.46,1220.3,53.83,17.5129,5763.75,3.063,99.868,1.0783,6.8672
2/2/2017,2280.85,5636.2,19884.91,1215.96,53.54,17.485,5870.5,3.187,99.79,1.0759,6.884
2/1/2017,2279.55,5642.65,19890.94,1209.84,53.88,17.5455,5936,3.168,99.641,1.0769,6.884
1/31/2017,2278.87,5614.79,19864.09,1210.72,52.81,17.5557,5994.25,3.117,99.512,1.0798,6.884
1/30/2017,2280.9,5613.71,19971.13,1195.7,52.63,17.123,5811,3.232,100.43,1.0695,6.884
1/27/2017,2294.69,5660.78,20093.78,1191.2,53.17,17.1416,5883.5,3.391,100.53,1.0699,6.884
1/26/2017,2296.68,5655.18,20100.91,1188.5,53.78,16.8073,5838,3.382,100.38,1.0682,6.884
1/25/2017,2298.37,5656.34,20068.51,1200.69,52.75,16.9985,5922.25,3.332,100.03,1.0748,6.8836
1/24/2017,2280.07,5600.96,19912.71,1208.94,53.18,17.109,5926,3.279,100.35,1.0731,6.859
1/23/2017,2265.2,5552.94,19799.85,1218.23,52.75,17.2363,5773.5,3.243,100.16,1.0765,6.8537
1/20/2017,2271.31,5555.33,19827.25,1210.32,52.42,17.0907,5730,3.204,100.74,1.0703,6.8765
1/19/2017,2263.69,5540.08,19732.4,1204.85,51.37,17.02,5713.5,3.368,101.15,1.0664,6.872
1/18/2017,2271.89,5555.65,19804.72,1204.3,51.08,17.0595,5740.5,3.302,100.93,1.063,6.8496
1/17/2017,2267.89,5538.73,19826.77,1217.07,52.48,17.1973,5731.25,3.412,100.33,1.0713,6.845
1/16/2017,2274.64,5574.12,19885.73,1202.73,52.37,16.8101,5843.5,3.419,101.18,1.0601,6.9008
1/13/2017,2274.64,5574.12,19885.73,1197.34,52.37,16.8235,5883.75,3.419,101.18,1.0643,6.9005
1/12/2017,2270.44,5547.49,19891,1195.43,53.01,16.782,5813.75,3.386,101.35,1.0613,6.8941
1/11/2017,2275.32,5563.65,19954.28,1191.62,52.25,16.7315,5689.75,3.224,101.78,1.0582,6.9377
1/10/2017,2268.9,5551.82,19855.53,1187.88,50.82,16.7889,5736,3.278,102.01,1.0554,6.9215
1/9/2017,2268.9,5531.82,19887.38,1181.1,51.96,16.565,5570,3.103,101.93,1.0574,6.9375
1/6/2017,2276.98,5521.06,19963.8,1172.63,53.99,16.4912,5569.25,3.285,102.22,1.0532,6.926
1/5/2017,2269,5487.94,19899.29,1180.12,53.76,16.585,5560.5,3.273,101.52,1.0607,6.8766
1/4/2017,2270.75,5477.01,19942.16,1163.65,53.26,16.4325,5629,3.267,102.7,1.0489,6.9342
1/3/2017,2257.83,5429.08,19881.76,1158.84,52.33,16.2965,5486.5,3.327,103.21,1.0405,6.964
1/2/2017,2238.83,5383.12,19762.6,1147.5,53.72,15.9278,5523,3.724,102.78,1.0455,6.945
