Datetime,Active Addresses,Exchange Reserve,Exchange Netflow,Fee-Reward Ratio,Funding Rates,Hashrate,Mean Coin Age,Miner Reserve,MVRV Ratio,Open Interest,Puell Multiple,SOPR
2025-06-09 00:00:00+00:00,893460.0,2502490.21484381,-3127.6335529299977,0.01130886,0.00292655,883725308598.0692,1617.12022683,1808100.55898909,2.34097379,37842514470.635414,1.24300072942687,1.01366931
2025-06-08 00:00:00+00:00,779831.0,2505617.84839674,370.8634275900003,0.00658059,0.0021240233333333,965785515825.0328,1616.48545327,1807720.97316162,2.24711985,36049539270.315125,1.337594723893454,1.01170988
2025-06-07 00:00:00+00:00,787698.0,2505246.98496915,-1925.6985279699993,0.00729383,-0.0009487749999999,902662279496.5994,1615.7645291,1807631.31602801,2.24542871,36013965984.4253,1.2455407031089372,1.01358299
2025-06-06 00:00:00+00:00,859500.0,2507172.68349712,-6228.992663789999,0.01047452,-0.0047032516666666,845851366801.0092,1615.11094645,1807637.8869195,2.22051532,35434650625.12105,1.1528751253097589,1.00688936
2025-06-05 00:00:00+00:00,866463.0,2513401.67616091,450.1949656100005,0.01151029,0.0014019433333333,845851366801.0092,1614.50135048,1807729.60416404,2.16218939,33851013672.22752,1.156797463987394,1.00277151
2025-06-04 00:00:00+00:00,863634.0,2512951.4811953,-12813.432952260002,0.01184085,0.0032680816666666,795352777738.2623,1613.8707776,1807732.9499259,2.22892132,34741563148.6052,1.103436000257631,1.02181763
2025-06-03 00:00:00+00:00,1019819.0,2525764.91414756,-22430.30395803,0.01057477,0.003108315,908974603129.4426,1614.21223339,1808611.61762143,2.24693429,35471761723.87106,1.2670524078849474,1.02712695
2025-06-02 00:00:00+00:00,923053.0,2548195.21810559,-23067.615255809997,0.01135884,0.0034975366666666,839539043168.1658,1613.80787205,1807707.60444364,2.26295462,35336055064.82381,1.1607140711044608,1.03012236
2025-06-01 00:00:00+00:00,827916.0,2571262.8333614,-2738.33690267,0.00829916,0.0011714116666666,839539043168.1658,1613.50204398,1807686.85575663,2.26396318,35849986269.743706,1.156453386952372,1.00426103
2025-05-31 00:00:00+00:00,839988.0,2574001.17026407,-2732.21284869,0.00794787,0.0014257533333333,1016284104887.7795,1612.72526427,1806906.32422187,2.24258809,35878491145.78225,1.3941134507451705,1.00107119
2025-05-30 00:00:00+00:00,1010560.0,2576733.38311276,-558.5751471700023,0.01207713,0.00281579,937389530564.634,1611.9253432,1806867.91825132,2.22939766,35479699711.9389,1.3644122593851054,1.01140192
2025-05-29 00:00:00+00:00,949203.0,2577309.52989255,-10891.407568880004,0.01054824,0.0047106299999999,955532553736.8528,1611.4646755,1807061.74518964,2.26365857,37000435121.452545,1.4197129842087266,1.02597704
2025-05-28 00:00:00+00:00,1088447.0,2588200.93746143,-2606.983105309999,0.01543987,0.004080975,991818600081.2902,1611.82372817,1806896.15165539,2.31669449,37112016423.20133,1.494098605046065,1.01693541
2025-05-27 00:00:00+00:00,914906.0,2590807.92056674,-3355.0571654800005,0.01272506,0.00670016,852722089094.28,1611.47606345,1807279.52589241,2.34410543,36761309873.611244,1.2972403770350884,1.04113863
2025-05-26 00:00:00+00:00,962746.0,2594162.97773222,-10951.33660282,0.01063716,0.0073227633333333,925294181783.1548,1611.73298536,1806900.10405894,2.36278342,37550904620.03302,1.4094816608624523,1.04085498
2025-05-25 00:00:00+00:00,875289.0,2605114.31433504,-1520.3335783400007,0.0085702,0.00601564,913198833001.6758,1612.32034912,1806897.2050112,2.35964812,36935304306.76556,1.363880333020321,1.01000509
2025-05-24 00:00:00+00:00,897126.0,2606634.64791338,-2871.9515764000007,0.01172066,0.0061087849999999,852722089094.28,1611.79179303,1806989.98713347,2.33372969,36165422201.14537,1.2890853798506017,1.00748457
2025-05-23 00:00:00+00:00,1049732.0,2609506.59948978,-700.6453014500003,0.01240048,0.0089964316666666,937389530564.634,1611.03187267,1806642.21040332,2.32391097,35150152677.311264,1.4388393049801569,1.02069214
2025-05-22 00:00:00+00:00,1100527.0,2610207.24479123,4754.96595356,0.0166441,0.0112511233333333,907151158610.9362,1610.82361183,1807435.08161184,2.42479792,37919894212.96591,1.41381999099293,1.02302467
2025-05-21 00:00:00+00:00,1070843.0,2605452.27883767,-5999.060500680003,0.01725119,0.0078044233333333,870865112266.4988,1610.63134379,1808636.13046169,2.38767132,36214808859.50339,1.3165308574053904,1.02729682
2025-05-20 00:00:00+00:00,914048.0,2611451.33933835,-5859.041813469998,0.01579372,0.0054287783333333,895055809829.457,1611.04640015,1808939.13222418,2.33220662,34875373839.18544,1.3302156739116393,1.02615476
2025-05-19 00:00:00+00:00,882832.0,2617310.38115182,-8840.83151212,0.01537245,0.0028027166666666,852722089094.28,1611.27105735,1808654.7675319,2.31003423,33993466960.832355,1.2507850268516862,1.03051975
2025-05-18 00:00:00+00:00,943792.0,2626151.21266394,1474.4152217600003,0.01156568,0.0093444533333333,979723251299.811,1611.81715573,1810548.57759189,2.33458444,33711627629.809525,1.4327124436298893,1.01335119
2025-05-17 00:00:00+00:00,910699.0,2624676.79744218,-350.87108113999966,0.01584713,0.0055029449999999,864817437875.7592,1611.16126078,1808275.36062612,2.26284021,31700166206.0968,1.2602270660778083,1.0092862
2025-05-16 00:00:00+00:00,1033195.0,2625027.66852332,-2313.7674216899977,0.02796104,0.0061466666666666,805296967031.343,1610.38446529,1808477.8953197,2.27122018,32275911667.307884,1.222781185192856,1.01854735
2025-05-15 00:00:00+00:00,959746.0,2627341.43594501,-8811.927448510003,0.01176117,0.00526106,864509979313.0594,1610.01748441,1809265.32316042,2.28073988,32245275362.27331,1.279806332970585,1.02652145
2025-05-14 00:00:00+00:00,996549.0,2636153.36339352,-173.75565030000143,0.01576889,0.0085725849999999,852667376856.7161,1610.67416102,1808718.53003785,2.28041884,32342601893.950512,1.278804081990926,1.01512711
2025-05-13 00:00:00+00:00,975749.0,2636327.11904382,-10085.982901609996,0.01520348,0.007986105,769769159662.3131,1610.25165427,1808757.73953352,2.29664413,32738554255.95235,1.151330910253202,1.03201484
2025-05-12 00:00:00+00:00,930377.0,2646413.10146167,-1834.2166270800008,0.02777739,0.0086517066666666,858588678084.8877,1610.93889012,1808902.0678666,2.2733295,32189315653.34118,1.3062281195527494,1.01936548
2025-05-11 00:00:00+00:00,966443.0,2648247.31808875,809.9546726400004,0.00731022,0.0104178066666666,882273882997.5743,1610.63405879,1808704.69205739,2.30647842,32419448885.36811,1.3245572561417105,1.01157024
2025-05-10 00:00:00+00:00,1139439.0,2647437.36341611,120.75906374999975,0.00937808,0.0089267616666666,888195184225.746,1609.96647169,1809033.4815164,2.32254026,32024657477.71402,1.3278938161147906,1.00939371
2025-05-09 00:00:00+00:00,1091807.0,2647316.60435236,-4433.06570259,0.01545364,0.0088625883333333,828982171944.0295,1609.18784391,1808695.50347785,2.28373746,31508529111.57571,1.2436096024109549,1.02689794
2025-05-08 00:00:00+00:00,1123834.0,2651749.67005495,-1063.496048010005,0.0129943,0.0049796533333333,941486895279.2908,1609.33313289,1809136.19368289,2.2962619,32566645132.014507,1.3702292900511126,1.02365799
2025-05-07 00:00:00+00:00,1159368.0,2651601.41056325,-346.2525109399994,0.01389424,0.004397205,894116485453.9176,1609.48559166,1808739.8661722,2.16198571,31936445064.500954,1.2635877806755271,1.01728218
2025-05-06 00:00:00+00:00,909676.0,2651947.66307419,-8128.318980700002,0.01198032,0.00570563,817139569487.6863,1609.4974086,1809204.08902404,2.15986128,32669957000.627132,1.126673522264344,1.01950883
2025-05-05 00:00:00+00:00,1000264.0,2660075.98205489,-6747.858579200001,0.00925615,0.0005856733333333,1036227714930.037,1610.24864371,1808615.6696043,2.12019562,31172092082.692497,1.4253660474893797,1.02300094
2025-05-04 00:00:00+00:00,795057.0,2666823.84063409,540.3066787700009,0.00777203,-0.0011687483333333,823060870715.8579,1611.74059353,1808600.89121459,2.11347937,31547788019.3437,1.1454450750335916,1.00219278
2025-05-03 00:00:00+00:00,958743.0,2666283.53395532,1204.9801186500008,0.00767795,-0.000276165,971093401420.1488,1610.93568051,1808907.5087949,2.14657717,32180617710.345993,1.362244404217007,1.00984838
2025-05-02 00:00:00+00:00,1113820.0,2665078.55383667,-5409.082609240002,0.01110508,0.0017217066666666,974036329983.0724,1610.17753885,1808409.3259752,2.17128908,33320769919.357742,1.3367625235754417,1.01795015
2025-05-01 00:00:00+00:00,960293.0,2670487.63644591,-3348.1982072399987,0.01289764,0.0016771233333333,827011978287.5144,1610.17245403,1808348.60374697,2.16504963,33799629215.728275,1.125020194281943,1.01639263
2025-04-30 00:00:00+00:00,926397.0,2673835.83465315,2237.9047029199937,0.01573004,0.0030907516666666,808633934325.5696,1610.20537704,1807935.20879561,2.11579386,30889613578.005745,1.0889855501693717,1.01283925
2025-04-29 00:00:00+00:00,992076.0,2671597.92995023,-9064.164226459994,0.01335291,-0.0004488483333333,894398139481.3119,1609.96684179,1807707.33156494,2.11999948,31435939606.35677,1.207722335257471,1.02178906
2025-04-28 00:00:00+00:00,1016940.0,2680662.09417669,-1948.5255755800024,0.01481891,0.0017802566666666,863768066211.4039,1610.30239298,1807507.87084022,2.14003229,31566788218.623093,1.1626203917209197,1.01785057
2025-04-27 00:00:00+00:00,889936.0,2682610.61975227,1592.4447307400003,0.01213483,0.00495562,827011978287.5144,1610.4355459,1808412.03424849,2.11507821,31657852369.27421,1.1088138490272246,1.00802551
2025-04-26 00:00:00+00:00,845795.0,2681018.17502153,1633.7564343699996,0.01050206,0.0019138516666666,814759948979.5513,1609.67610443,1808507.90789106,2.13572567,32263012873.9523,1.0955131148173065,1.01254025
2025-04-25 00:00:00+00:00,1003481.0,2679384.41858716,-10201.08439941,0.01339725,-0.0013111716666666,882146110173.3486,1609.14847183,1808682.87883786,2.13795168,33499878025.268364,1.1874021313300658,1.04195558
2025-04-24 00:00:00+00:00,1013108.0,2689585.50298657,-14534.033339250003,0.01995524,-0.0004859949999999,863768066211.4039,1609.75518727,1808787.59993199,2.12883559,32257055665.642403,1.1554087346124182,1.01831324
2025-04-23 00:00:00+00:00,877695.0,2704119.53632582,-3640.5155325800006,0.03072157,0.0013823833333333,698365670553.901,1609.8894691,1808816.88136543,2.12581694,31758128922.00145,0.9488041089518452,1.03399313
2025-04-22 00:00:00+00:00,1096758.0,2707760.0518584,-8877.279222669997,0.01279254,0.0001840583333333,949532271367.146,1609.60237816,1808774.74443622,2.12770177,33305430657.707897,1.2138318376125792,1.01697588
2025-04-21 00:00:00+00:00,907339.0,2716637.33108107,-5456.967869170003,0.016388,0.0057082633333333,771877846401.68,1609.1765355,1808797.87870675,1.99438098,29566018416.366764,0.9620718631118098,1.01162534
2025-04-20 00:00:00+00:00,844001.0,2722094.29895024,-67.52681355999994,0.014058,0.0022949116666666,753499802439.7354,1608.59450933,1808833.9058165,1.94071723,27276508181.87339,0.9090327587317362,1.00365039
2025-04-19 00:00:00+00:00,838836.0,2722161.8257638,18.08753274999981,0.01447209,0.0051553816666666,851516036903.4408,1607.80394716,1808765.83458127,1.93931707,27702138357.98469,1.0257846432492834,1.0008888
2025-04-18 00:00:00+00:00,933105.0,2722143.73823105,1400.5954095300003,0.01230208,0.0033932116666666,821465181581.5563,1606.94293624,1808721.75074529,1.9262707,26790231059.72609,0.993191232572848,1.004208
2025-04-17 00:00:00+00:00,1080565.0,2720743.14282152,-3004.671210749999,0.01241779,0.0045635266666666,924148329279.2509,1606.17529277,1808694.88518018,1.93677584,27301915149.62424,1.115030873811794,0.97024261
2025-04-16 00:00:00+00:00,915144.0,2723747.81403227,-3554.6837658300065,0.01253001,0.0017440183333333,893947403485.8113,1606.71028365,1809082.88963139,1.91299945,26566504213.29316,1.0701768098428608,1.00529083
2025-04-15 00:00:00+00:00,924542.0,2727302.4977981,-4747.865303519997,0.01246744,0.0009743,869786662851.0596,1606.37478482,1809025.56119976,1.9047633,26814051520.73061,1.0525927268525652,0.99080487
2025-04-14 00:00:00+00:00,959211.0,2732050.36310162,-6891.521900480002,0.01341894,0.0034553066666666,899987588644.4991,1606.16181145,1808641.84536833,1.92509737,26696366928.699707,1.0816020224283207,1.00973183
2025-04-13 00:00:00+00:00,916359.0,2738941.8850021,956.3515347200008,0.00783042,0.0040400583333333,1038911847294.3212,1605.55062867,1808542.09727625,1.90681509,26469657552.938423,1.23565832156486,1.01087002
2025-04-12 00:00:00+00:00,869439.0,2737985.53346738,983.6593686399974,0.01190564,0.004411345,869786662851.0596,1604.94856917,1808555.40133263,1.94268258,28555630285.318493,1.0311237488797482,1.00791516
2025-04-11 00:00:00+00:00,941616.0,2737001.87409874,-3059.618559989998,0.01632913,0.0036643883333333,893947403485.8113,1604.18064179,1808510.84699229,1.90031569,27257480151.36516,1.0373255467216431,1.00258575
2025-04-10 00:00:00+00:00,861029.0,2740061.49265873,1310.8032793200036,0.01151203,0.0042976683333333,869786662851.0596,1604.16618891,1808982.33410484,1.81329693,24457763954.32004,0.990804998341806,1.01125244
2025-04-09 00:00:00+00:00,884812.0,2738750.68937941,-2520.409898039994,0.01356446,0.0069552483333333,785224070629.4288,1604.43486353,1809633.76110328,1.88396555,26285280516.84506,0.8644666655132639,1.00198256
2025-04-08 00:00:00+00:00,903421.0,2741271.09927745,6195.695518399996,0.01621438,0.0074256733333333,924148329279.2509,1604.20630487,1809443.70567149,1.74023743,24576440058.792305,1.0194242681840475,0.99841325
2025-04-07 00:00:00+00:00,870355.0,2735075.40375905,-6356.933580460012,0.01434134,0.0083629083333333,875826848009.7476,1603.63641465,1808944.21841151,1.80553279,24232401715.00165,0.9533321061398148,0.99856688
2025-04-06 00:00:00+00:00,770588.0,2741432.33733951,924.60064049,0.00943626,0.0041825883333333,875826848009.7476,1604.23745084,1810612.36699186,1.78767881,25860693712.646423,0.9909410137764088,0.99874522
2025-04-05 00:00:00+00:00,809254.0,2740507.73669902,3187.18408182,0.00835005,0.0057915916666666,990590366024.818,1603.53850618,1809393.13642498,1.90504108,25418709833.110268,1.1416263579356034,1.00303405
2025-04-04 00:00:00+00:00,994546.0,2737320.5526172,903.450662510004,0.00977885,0.0083261466666666,1017884958368.8538,1602.82456171,1809201.33550234,1.913263,26010579518.27119,1.2532001991669135,1.00392366
2025-04-03 00:00:00+00:00,990235.0,2736417.10195469,-9503.217338559996,0.01202505,0.0100673566666666,859547298178.1432,1602.40640749,1809180.27411095,1.89793281,25543614148.424824,1.0526053262843764,1.01984037
2025-04-02 00:00:00+00:00,983541.0,2745920.31929325,-3304.961116599996,0.00818098,0.0042783233333333,972645626885.7936,1603.32766613,1809011.42001404,1.88484031,25448655412.771435,1.2181369759343963,1.01388032
2025-04-01 00:00:00+00:00,1023066.0,2749225.28040985,-2846.797024759995,0.01021498,0.0062294833333333,763413718776.6403,1603.19973276,1808366.09278602,1.94741072,27582203889.59246,0.9443258786658772,0.99893117
2025-03-31 00:00:00+00:00,965070.0,2752072.07743461,5749.178046360001,0.01049703,0.0030441383333333,836927632436.613,1602.5356878,1808496.42702816,1.8872433,25769948603.72026,1.0145392998859162,0.99684538
2025-03-30 00:00:00+00:00,808078.0,2746322.89938825,4954.23975447,0.00730032,-0.00147066,774723551647.4053,1602.06964221,1808557.85890495,1.88340875,26755501600.864555,0.9390590085237792,0.9949548
2025-03-29 00:00:00+00:00,982218.0,2741368.65963378,-1499.3491092699987,0.00944973,0.0008649333333333,797343217388.9354,1601.32767702,1808556.53921836,1.88890081,27491848140.71076,0.9694892695762458,0.99631557
2025-03-28 00:00:00+00:00,1040116.0,2742868.00874305,-4897.093911560005,0.0125472,0.0050950016666666,870857131048.9082,1600.5134558,1808850.15791123,1.92834555,29021086176.530796,1.0854776579097711,1.01575039
2025-03-27 00:00:00+00:00,1036242.0,2747765.10265461,-2341.590503469997,0.01130337,0.0014426783333333,836927632436.613,1600.97407185,1809098.60444398,1.99664556,28153272841.116745,1.0648360361060976,1.00388902
2025-03-26 00:00:00+00:00,1039006.0,2750106.69315808,797.6204058399962,0.02006496,0.0025898616666666,853892381742.7606,1600.32414092,1809226.1886544,1.99038301,27842718515.7009,1.096184772055328,1.00513627
2025-03-25 00:00:00+00:00,912093.0,2749309.07275224,-3793.999581960001,0.02737382,-0.0009054966666666,842582548871.9956,1599.794709,1809435.34063099,2.00130709,28825177713.547684,1.0888021907447818,1.0044639
2025-03-24 00:00:00+00:00,1047599.0,2753103.0723342,-10877.09044036,0.01265999,0.0011593016666666,870857131048.9082,1599.23927986,1809851.79377811,2.00390664,29485697505.713978,1.1058898682069886,1.01127939
2025-03-23 00:00:00+00:00,975243.0,2763980.16277456,-778.02529202,0.01211492,0.0030966383333333,882166963919.6732,1598.56414973,1809453.05313682,1.97380709,27804156614.67915,1.0846665136367395,1.00378434
2025-03-22 00:00:00+00:00,932051.0,2764758.18806658,9.417569670000375,0.02049665,-0.0006167616666666,836247313819.7312,1597.75376413,1809406.98262076,1.92140103,26142199031.69944,1.0435290156637078,1.01061458
2025-03-21 00:00:00+00:00,904164.0,2764748.77049691,319.07513724000455,0.01101598,0.00245592,808372403359.0735,1597.28984958,1809410.52515012,1.92692065,26390439893.293373,0.9971698681255172,0.99741486
2025-03-20 00:00:00+00:00,936960.0,2764429.69535967,-631.5561135300013,0.01217915,0.0055737566666666,791647457082.679,1596.54931464,1809724.59281263,1.92949245,26345126269.58613,0.9906777487302878,1.0103861
2025-03-19 00:00:00+00:00,995507.0,2765061.2514732,-4999.110650549999,0.01101096,0.0033838533333333,847397278003.9944,1596.38459711,1809587.97315002,1.99373617,28649237032.744785,1.0417094638723867,1.00874751
2025-03-18 00:00:00+00:00,986376.0,2770060.36212375,888.5784805000003,0.01005414,0.0022466633333333,791647457082.679,1595.8149095,1809569.10830158,1.89976386,26536520652.274296,0.9536226192046788,1.0001117
2025-03-17 00:00:00+00:00,951207.0,2769171.78364325,-196.74968308999817,0.01059495,0.004117495,780497492898.4159,1595.16458497,1809407.59831012,1.93226503,26498107730.409283,0.9505733645294252,0.99860676
2025-03-16 00:00:00+00:00,996158.0,2769368.53332634,1304.938903870001,0.00901109,0.0020229933333333,808372403359.0735,1594.57800568,1809518.81166194,1.89476683,25883220213.85059,0.9818522670703076,1.00215378
2025-03-15 00:00:00+00:00,944851.0,2768063.59442247,-1908.39098878,0.01181652,-0.0003411666666666,735897636161.3635,1593.81711785,1809496.19831061,1.93699495,27239553855.545013,0.9018784140427488,1.0036581
2025-03-14 00:00:00+00:00,1012722.0,2769971.98541125,-1128.7720075199975,0.01212727,0.004172755,791647457082.679,1592.94958714,1809671.64300389,1.92911115,27144297407.053806,0.9553043628838472,1.00798866
2025-03-13 00:00:00+00:00,1093632.0,2771100.75741877,-7781.4278180699985,0.01106546,0.0025171266666666,886422152648.9152,1592.60032517,1809786.99095377,1.86328972,25881596871.66246,1.0568325545859385,1.000318
2025-03-12 00:00:00+00:00,994861.0,2778882.18523684,-21564.68593777,0.01074415,0.0016274816666666,852972260096.1259,1592.16383784,1809776.93656886,1.92149516,25467954352.855785,1.0168413774538811,1.00582454
2025-03-11 00:00:00+00:00,980262.0,2800446.87117461,-7522.999490369999,0.01379705,0.00251627,769347528714.1527,1592.01590543,1809589.45093303,1.90669972,25121855069.74707,0.9028556318671388,0.9997344
2025-03-10 00:00:00+00:00,1045900.0,2807969.87066498,-4998.95563181,0.01093314,0.0049745533333333,858547242188.2574,1591.91370588,1810465.22346014,1.80729703,24901404261.11819,0.997099043275731,0.99768761
2025-03-09 00:00:00+00:00,890262.0,2812968.82629679,2706.301919379999,0.00879941,0.0036372916666666,886422152648.9152,1592.25506073,1810414.80294644,1.85629036,25683692285.219948,1.0728488261289788,0.99796519
2025-03-08 00:00:00+00:00,809330.0,2810262.52437741,-1022.9601157600008,0.01005958,0.0043708633333333,753004934520.968,1591.5167068,1809878.61155545,1.98483106,25912691091.894836,0.9423239748049316,0.99990939
2025-03-07 00:00:00+00:00,984904.0,2811285.48449317,6125.816266740003,0.01263158,0.0060804349999999,780486866437.7917,1590.6692757,1809821.51519392,1.99421117,26172178453.36689,0.9948348986450856,1.00086985
2025-03-06 00:00:00+00:00,1081143.0,2805159.66822643,1007.46829135,0.00964888,0.0043582733333333,934385685172.0042,1590.32764274,1810073.73352852,2.06583113,26726397960.3777,1.2212174413323138,1.01912285
2025-03-05 00:00:00+00:00,864877.0,2804152.19993508,847.8755448700031,0.01142618,0.0021149633333333,736515775370.8739,1590.20238128,1809778.15938635,2.08455162,26937919179.368507,0.9437609449497188,1.00725366
2025-03-04 00:00:00+00:00,855894.0,2803304.32439021,-765.2151984299999,0.01137013,0.0046129333333333,802472411971.2506,1589.59939009,1809819.71500782,2.01060353,25351023188.63725,0.9795015814871008,0.99134632
2025-03-03 00:00:00+00:00,985932.0,2804069.53958864,-2367.1139575199995,0.01277124,0.004667115,824457957504.7096,1589.1121045,1809616.75638969,1.98197251,26248703641.088924,1.0802179737970383,1.0088348
2025-03-02 00:00:00+00:00,976663.0,2806436.65354616,-3852.47023983,0.01388234,-0.00555414,692544684303.956,1589.02716305,1809752.0878661,2.17142006,30061692291.288403,0.8783437936235647,1.01059656
2025-03-01 00:00:00+00:00,976759.0,2810289.12378599,-432.38017795999986,0.01274867,-0.00021553,791479639204.5211,1588.4084009,1809489.41201768,1.98395225,27560542863.45492,0.9691261883682692,1.00054085
2025-02-28 00:00:00+00:00,1217056.0,2810721.50396395,-702.2174865400011,0.01317201,0.0093835283333333,851939889421.5332,1587.64021314,1809279.11434576,1.94714348,27429302791.46652,1.0036805827655246,0.99083827
2025-02-27 00:00:00+00:00,968751.0,2811423.72145049,-1832.7773443200056,0.0175788,0.0162106616666666,824457957504.7096,1587.45459616,1809083.4788975,1.95227205,28703810806.909645,1.0112718040492843,1.00118068
2025-02-26 00:00:00+00:00,995211.0,2813256.49879481,1306.6966157900024,0.02174208,0.00871282,862932662188.2627,1587.27496071,1809530.95127076,1.94272062,28759536351.835487,1.08920771610651,0.99490442
2025-02-25 00:00:00+00:00,1069978.0,2811949.80217902,9934.509888710005,0.02420974,0.0099423133333333,802472411971.2506,1587.62685615,1809454.79931933,2.03885374,31002605071.45776,1.0382592975824978,0.99812471
2025-02-24 00:00:00+00:00,1003051.0,2802015.29229031,2533.1972962299988,0.03302186,0.0074998949999999,714530229837.4149,1588.0327136,1810753.56985407,2.10841085,32194868351.509773,0.9922927778079234,1.00444054
2025-02-23 00:00:00+00:00,929214.0,2799482.09499408,-3011.116512820001,0.02774522,0.0057065116666666,709033843454.0502,1587.46582167,1809272.90954139,2.21646026,31240208082.66211,0.987808375871022,1.00327934
2025-02-22 00:00:00+00:00,998913.0,2802493.2115069,-11012.726978920004,0.0144572,0.008044515,788864727616.6241,1586.68063525,1809405.53194238,2.22344997,31002396650.920628,1.054796073473625,1.00725581
2025-02-21 00:00:00+00:00,964255.0,2813505.93848582,-6650.628144540002,0.0138403,0.0087496666666666,732111869514.7087,1585.99022926,1810010.04967644,2.21495364,31362591621.27564,0.9901764424157884,1.00677411
2025-02-20 00:00:00+00:00,958455.0,2820156.56663036,-4049.8745121699976,0.01298991,0.0061552666666666,737787155324.9003,1585.404196,1809134.98156617,2.26669357,34966880154.97904,0.9948241842643504,1.00750007
2025-02-19 00:00:00+00:00,954360.0,2824206.44114253,2256.5050750299997,0.01285387,0.0058452683333333,715086012084.1342,1584.72719097,1808948.50905686,2.2287291,32607113730.693356,0.9480412575323444,1.00402251
2025-02-18 00:00:00+00:00,1019349.0,2821949.9360675,3557.551846389997,0.0106354,0.00804102,794540013426.8157,1584.04305116,1809586.10740668,2.20572769,33143669238.50703,1.0439521348060965,1.00478673
2025-02-17 00:00:00+00:00,889370.0,2818392.38422111,5099.046415509998,0.01421028,0.0050907733333333,777514155996.2411,1583.47998393,1809259.78106777,2.21062587,32246756720.98691,1.032599870510509,1.00278449
2025-02-16 00:00:00+00:00,778724.0,2813293.3378056,-1901.917723229999,0.00906829,0.00560995,856968157338.9227,1582.76178525,1809402.83521868,2.2204715,31937727296.226227,1.1456948089371124,1.00224059
2025-02-15 00:00:00+00:00,792462.0,2815195.25552883,-767.191585919998,0.00753797,0.0075594283333333,908045729630.6464,1581.95362401,1809514.56676775,2.25328827,32206145731.18149,1.2161609553269768,1.00747466
2025-02-14 00:00:00+00:00,901371.0,2815962.44711475,946.7974712900032,0.00988905,0.0064991899999999,862643443149.1143,1581.21157817,1809241.57251505,2.25222765,32224590833.845978,1.152843410894485,1.00742465
2025-02-13 00:00:00+00:00,967171.0,2815015.64964346,4886.41635915,0.01136617,0.0063214649999999,896695158010.2634,1580.66790431,1809283.73132148,2.23348961,32322457441.094772,1.1911051313659815,1.00410837
2025-02-12 00:00:00+00:00,946750.0,2810129.23328431,235.82401920999837,0.01103312,0.0067194416666666,754813012755.475,1580.00690218,1809394.49422173,2.2625713,32588060746.3826,1.001176236371074,1.00486363
2025-02-11 00:00:00+00:00,952232.0,2809893.4092651,4481.376343429998,0.01338813,0.0060716883333333,703735440463.7511,1579.44553105,1809735.42681798,2.21638382,32333339464.72252,0.9446151957253665,1.01424322
2025-02-10 00:00:00+00:00,979120.0,2805412.03292167,-3933.783064440002,0.01043696,0.0081715016666666,788864727616.6241,1579.66385785,1810707.71646271,2.25577769,31496512220.87114,1.053945978661375,1.00722903
2025-02-09 00:00:00+00:00,890732.0,2809345.81598611,5313.94899506,0.00775727,0.003515,811565870857.3904,1579.11243695,1809863.47130878,2.23441957,30613252691.99176,1.0737552637180603,1.04002401
2025-02-08 00:00:00+00:00,971944.0,2804031.86699105,-1773.9829272900024,0.0089593,0.0030724383333333,859832042379.257,1580.17689383,1809768.73133317,2.23898712,30852519425.16948,1.199427830175562,1.00611661
2025-02-07 00:00:00+00:00,1073850.0,2805805.84991834,5067.12332459,0.00980241,0.0031517466666666,929693395822.5717,1579.46531036,1809682.83905678,2.24007725,30666791767.546917,1.3112135557228604,1.00740981
2025-02-06 00:00:00+00:00,1015757.0,2800738.72659375,-7625.188711620001,0.01157035,0.0041877983333333,779222788406.2017,1578.89440274,1809507.43891201,2.24189588,30608967588.872868,1.1049213160331948,1.01866569
2025-02-05 00:00:00+00:00,967038.0,2808363.91530537,-61861.44038342,0.01203787,0.0046513533333333,773848838141.3313,1579.11941345,1809518.71532219,2.24644012,30585668764.92638,1.0990126417192498,1.02370777
2025-02-04 00:00:00+00:00,905783.0,2870225.35568879,-7207.377753650006,0.0122046,0.0048216466666666,703987484698.0166,1579.9415936,1810156.25522903,2.27767056,30396509168.51087,1.0182172125152231,1.03124962
2025-02-03 00:00:00+00:00,1036123.0,2877432.73344244,9420.83654075001,0.01261375,-0.00479084,822214390525.1644,1580.3283084,1810401.10472979,2.36894591,32492357213.168182,1.1583466433006326,1.00592968
2025-02-02 00:00:00+00:00,1012472.0,2868011.89690169,5158.286432970002,0.00846853,0.005813905,918945495292.8308,1580.0242209,1811046.49523338,2.2816578,33254304683.75059,1.319621830023778,1.0005932
2025-02-01 00:00:00+00:00,979203.0,2862853.61046872,-1634.7156602299983,0.00823371,0.0060848183333333,988806848736.1456,1579.38524604,1811644.36035472,2.35149857,33930367895.019447,1.4605138485908429,1.00497885
2025-01-31 00:00:00+00:00,870247.0,2864488.32612895,-5120.214195239998,0.01249707,0.0061363783333333,671743783108.7944,1578.72940042,1810340.3006588,2.39407844,34453415758.28511,1.0179796331496846,1.01136592
2025-01-30 00:00:00+00:00,931153.0,2869608.54032419,882.1722361400025,0.01085137,0.0113481133333333,779222788406.2017,1578.13633156,1809701.44151329,2.45090496,34686056588.772026,1.1890594740466478,1.01859376
2025-01-29 00:00:00+00:00,936002.0,2868726.36808805,580.0385147199995,0.00986277,0.0088130733333333,832962291054.9052,1577.54482627,1809867.44020035,2.43096516,33902789966.44076,1.2400130061226513,1.00772962
2025-01-28 00:00:00+00:00,826104.0,2868146.32957333,1243.3387315200016,0.01015704,0.00652188,789970688935.9423,1576.86779983,1809428.84311434,2.37484017,32918378100.10733,1.174941716408376,1.01821348
2025-01-27 00:00:00+00:00,970853.0,2866902.99084181,-2247.069879069997,0.01248764,0.005892715,832962291054.9052,1576.39953763,1809575.52165521,2.39628901,33398984989.03628,1.22022994352808,1.01147489
2025-01-26 00:00:00+00:00,838567.0,2869150.06072088,1009.8769530299978,0.00971005,0.0097587983333333,752211391247.9965,1576.05891731,1809765.38582178,2.41084902,33557810397.062386,1.1216945794915916,1.00917103
2025-01-25 00:00:00+00:00,858828.0,2868140.18376785,182.24252436999816,0.01340277,0.0092024699999999,702796044377.6901,1575.33019268,1809252.27796288,2.46236867,33854242617.14667,1.0511137105145738,1.01041097
2025-01-24 00:00:00+00:00,958925.0,2867957.94124348,-1445.6191597399957,0.01456461,0.0064725333333333,768683173538.0985,1574.64687187,1809471.32135096,2.46665595,34421186496.64893,1.1542865185589235,1.01527203
2025-01-23 00:00:00+00:00,936981.0,2869403.56040322,-5479.552671160003,0.01574951,0.0066350233333333,746720797151.2958,1574.10321572,1809800.64935763,2.44829327,33961070015.249214,1.1019207237935962,1.05545863
2025-01-22 00:00:00+00:00,1068089.0,2874883.11307438,-1546.177871330001,0.01609081,0.00811599,823589114505.1056,1578.12456359,1808878.4023722,2.4555498,34611495336.7012,1.236753096073219,1.02719718
2025-01-21 00:00:00+00:00,948937.0,2876429.29094571,-6548.1156374099955,0.0240158,0.010596175,730249014861.1936,1578.58248193,1809395.12424927,2.52162212,35917184367.56788,1.096235963973169,1.02172444
2025-01-20 00:00:00+00:00,954757.0,2882977.40658312,4412.13383277,0.02538361,0.0277525933333333,834570302698.507,1578.49717878,1809081.50801386,2.43313395,34169472757.035904,1.2592025498387,1.0196594
2025-01-19 00:00:00+00:00,1044750.0,2878565.27275035,3391.7546827900005,0.01364145,0.0225343733333333,823589114505.1056,1578.27306246,1809826.07631193,2.41589727,34045057875.150784,1.232055359439187,1.0133445
2025-01-18 00:00:00+00:00,902806.0,2875173.51806756,-598.0271252500024,0.01496614,0.0146713933333333,713777232571.0916,1577.80740189,1809229.36636384,2.49528194,35489608390.625534,1.0616806549358415,1.01478983
2025-01-17 00:00:00+00:00,1097441.0,2875771.54519281,-13441.895338350005,0.01882992,0.01555538,823589114505.1056,1577.55224979,1809448.5381518,2.49079997,36752040955.24482,1.220223058130142,1.02393959
2025-01-16 00:00:00+00:00,964011.0,2889213.44053116,-3391.4734638100053,0.01803915,0.0148996233333333,702796044377.6901,1577.30612134,1808843.2268811,2.39897736,33782988215.087673,1.0066091517205344,1.02363964
2025-01-15 00:00:00+00:00,961892.0,2892604.91399497,-1030.5656362599984,0.01700092,0.0073680833333333,763192579441.3978,1576.93984621,1809536.14748443,2.41761245,34209249625.329613,1.077133509304703,1.01985367
2025-01-14 00:00:00+00:00,1045390.0,2893635.47963123,2854.708712959997,0.01341772,0.01014718,845551490891.9084,1576.97893525,1809107.25443025,2.32669377,32566266395.248493,1.1618190740626928,1.01200734
2025-01-13 00:00:00+00:00,958127.0,2890780.77091827,2179.6693397499985,0.01907313,0.00713576,702796044377.6901,1576.36396123,1809213.83501984,2.2818145,31883162296.204334,0.9444114092377344,1.00335615
2025-01-12 00:00:00+00:00,968549.0,2888601.10157852,3246.549241320001,0.00902373,0.0086875533333333,944382184632.5212,1575.72649115,1809247.70997549,2.28070797,32299570867.922863,1.273988992841061,1.00605551
2025-01-11 00:00:00+00:00,915406.0,2885354.5523372,-1072.3401654199988,0.01248278,0.0067819583333333,753106927836.0306,1574.98484851,1809660.40349345,2.28396926,32186151351.288513,1.0244501279589522,1.00687698
2025-01-10 00:00:00+00:00,1023618.0,2886426.89250262,720.187359290001,0.01530606,0.00392964,774936114150.1185,1574.28875783,1809060.68403172,2.28769531,32150753114.566654,1.0542413808311275,1.00527309
2025-01-09 00:00:00+00:00,1088725.0,2885706.70514333,4606.728020570001,0.01514637,0.00595419,829509079935.3381,1573.81718082,1808570.1626521,2.23977885,31492186176.70602,1.1178681107540962,0.99908374
2025-01-08 00:00:00+00:00,947850.0,2881099.97712276,3821.2779586199977,0.01902721,0.0064139866666666,682162072315.2451,1573.21077936,1809025.33160197,2.29647078,32627888225.504284,0.9441967830421492,1.0027753
2025-01-07 00:00:00+00:00,955682.0,2877278.69916414,-11522.0771561,0.01704583,0.0075862416666666,731277741521.9427,1572.74290977,1808855.20167764,2.34388684,33482009885.204773,1.0591633730551693,1.02632508
2025-01-06 00:00:00+00:00,958957.0,2888800.77632024,-5929.135784049999,0.01567014,0.0100647933333333,725820444943.4209,1573.45108608,1809160.68266785,2.47869533,35594523369.10105,1.0482826929073894,1.01898024
2025-01-05 00:00:00+00:00,959360.0,2894729.91210429,-464.3265323700034,0.01197642,0.0084739583333333,851338266249.4259,1572.94403052,1808749.4813089,2.38749308,33006322287.594997,1.2008730312495433,1.00778512
2025-01-04 00:00:00+00:00,936769.0,2895194.23863666,-934.9853395400024,0.01257714,0.0098402033333333,813137190199.7722,1572.21149134,1808622.07206659,2.38565157,32735693683.27801,1.1474462045443594,1.01059963
2025-01-03 00:00:00+00:00,996231.0,2896129.2239762,-1902.9236894999997,0.01363046,0.0106575933333333,774936114150.1185,1571.54511791,1808904.07820795,2.38505307,33136756758.746376,1.0863990293464063,1.01123383
2025-01-02 00:00:00+00:00,1081402.0,2898032.1476657,128.11161537999578,0.01052483,0.0162283016666666,911368528613.1676,1570.8900737,1809296.73415234,2.35719187,33053722145.454426,1.26077124328893,1.01918332
2025-01-01 00:00:00+00:00,827036.0,2897904.03605032,-4237.36371007,0.01076214,0.0159173933333333,764021520993.0746,1570.4962694,1808861.19114991,2.29954305,31755353151.559677,1.03123707945873,1.0242717
2024-12-31 00:00:00+00:00,896056.0,2902141.39976039,-1645.3211214699986,0.01447606,0.0144278033333333,703991258629.333,1570.75298559,1808993.96931528,2.27838784,31204884865.56113,0.9512833394974496,1.02367508
2024-12-30 00:00:00+00:00,976218.0,2903786.72088186,6649.729056600001,0.01403598,0.012330735,867710155984.9918,1571.62156167,1809012.83825587,2.2651684,31278846701.23175,1.1648901843786454,1.03177708
2024-12-29 00:00:00+00:00,936994.0,2897136.99182526,-4849.025381080002,0.01292475,0.008010355,856795562827.9479,1572.59364663,1808769.78575247,2.29544721,31534693738.36507,1.1654335903346735,1.01929742
2024-12-28 00:00:00+00:00,828964.0,2901986.01720634,-2665.1107999800006,0.01250802,0.0067848983333333,771440680664.0392,1572.93307729,1808549.06296789,2.34213791,31777119644.143703,1.0611406804193828,1.00997531
2024-12-27 00:00:00+00:00,1022848.0,2904651.12800632,-9568.540040039996,0.01377793,0.0152281066666666,852361031782.6447,1572.35358307,1808438.3517296,2.31389813,31426102136.191196,1.1838300991118336,1.02232255
2024-12-26 00:00:00+00:00,856161.0,2914219.66804636,-9437.593621610002,0.01851779,0.0093052933333333,706704399769.1548,1572.82563374,1808643.61192539,2.35652548,31426251419.427097,0.9985877837014048,1.01519031
2024-12-25 00:00:00+00:00,899671.0,2923657.26166797,1318.3450385299984,0.01607996,0.0106206333333333,809203511186.055,1572.47650632,1808339.14824815,2.44806003,32348679563.315968,1.161091981843339,1.01201052
2024-12-24 00:00:00+00:00,870300.0,2922338.91662944,2443.0363333999994,0.02267791,0.01045092,712099089843.7284,1571.80089722,1808882.94540619,2.43152458,31953685861.73187,1.00231197284224,1.04162366
2024-12-23 00:00:00+00:00,871287.0,2919895.88029604,2043.6132221700027,0.02441547,0.0102073066666666,744467230291.1707,1573.0563373,1811158.49508413,2.34429244,30945685862.833035,1.0349800137783096,1.07607612
2024-12-22 00:00:00+00:00,936862.0,2917852.26707387,201.1890433000008,0.01681688,0.0079942733333333,836176961558.9236,1574.25809548,1811885.46519443,2.37128427,29897217146.886436,1.172913589071282,1.01372136
2024-12-21 00:00:00+00:00,867713.0,2917651.07803057,194.03643949000252,0.02306216,0.007106845,782230060813.1865,1573.80742911,1811786.3831542,2.42620947,30363810345.26985,1.1203149338207874,1.01060295
2024-12-20 00:00:00+00:00,1031633.0,2917457.04159108,-2007.656374230006,0.03117881,0.0077521666666666,814598201260.6288,1573.16425667,1812287.47445111,2.44099988,30395832347.67416,1.1598725715792115,1.02159401
2024-12-19 00:00:00+00:00,1057822.0,2919464.69796531,10216.045011929991,0.04805213,0.0116827433333333,782230060813.1865,1573.96045958,1811244.12192529,2.43759425,30898636265.50879,1.1758743488126409,1.05607279
2024-12-18 00:00:00+00:00,1083923.0,2909248.65295338,-9540.553444400008,0.02831574,0.00837564,776835370738.6128,1575.38786862,1810524.48038127,2.52304525,31898815674.184364,1.189312669850244,1.0291056
2024-12-17 00:00:00+00:00,1023794.0,2918789.20639778,-3096.02305928,0.02909875,0.0124209783333333,733677850142.0232,1576.07991007,1810635.98633068,2.68218871,33358654576.005253,1.1512834177186153,1.05074041
2024-12-16 00:00:00+00:00,1080512.0,2921885.22945706,-5503.538564150003,0.02596222,0.0185035216666666,798414131036.9076,1576.63934011,1810835.0245747,2.69689734,33505254210.907516,1.2318911842113305,1.04068527
2024-12-15 00:00:00+00:00,926036.0,2927388.76802121,1166.69993359,0.02185564,0.0125835733333333,707724609400.9628,1577.12724211,1811901.62383076,2.66797817,33810099684.39782,1.1049140823710664,1.03105922
2024-12-14 00:00:00+00:00,1046146.0,2926222.06808762,1423.5846084300028,0.02356866,0.00928941,821373816750.0225,1576.708399,1810365.35521203,2.59567618,31207007309.54896,1.2697872014448206,1.01957462
2024-12-13 00:00:00+00:00,1212989.0,2924798.48347919,-12425.316437899994,0.02644009,0.0079344683333333,878198420424.5522,1576.22514637,1810827.54582288,2.59923923,31056477483.48712,1.3467793446983622,1.02506656
2024-12-12 00:00:00+00:00,1080291.0,2937223.79991709,-5087.276380870004,0.04083174,0.0116498766666666,764549213075.4926,1576.2311967,1810387.44627015,2.56953845,30718241838.776657,1.1941542344272922,1.02274926
2024-12-11 00:00:00+00:00,1032262.0,2942311.07629796,-11509.237029359996,0.0409227,0.0093617766666666,733553974707.5671,1575.83471134,1810851.08848108,2.60519066,30220849211.55456,1.1252152241499518,1.03555543
2024-12-10 00:00:00+00:00,1136142.0,2953820.31332732,-1166.0887536100054,0.03194141,0.01056196,795544451443.418,1576.55005251,1810970.67482133,2.49790927,28064485216.659985,1.1837562075191117,1.03586865
2024-12-09 00:00:00+00:00,1087840.0,2954986.40208093,-12969.548698829996,0.02969315,0.0177783683333333,862700801240.5896,1576.32586908,1811861.79297824,2.5250142,28905356577.62641,1.3029476312209445,1.0655446
2024-12-08 00:00:00+00:00,1089100.0,2967955.95077976,117.1227729300008,0.03227879,0.0202574366666666,754217466952.8508,1577.68054261,1811107.13438718,2.64491011,29632096474.653736,1.1583397881679982,1.01697854
2024-12-07 00:00:00+00:00,999248.0,2967838.82800683,4477.997080999998,0.0411927,0.019166815,733553974707.5671,1577.14833098,1811476.42279389,2.61490694,29306525786.465393,1.1352721547090652,1.01857604
2024-12-06 00:00:00+00:00,1042221.0,2963360.83092583,-1645.3096723100025,0.03234287,0.0113223516666666,702558736339.6418,1576.62697736,1811718.5264099,2.61683829,29044617518.0718,1.0688510664808144,1.05501416
2024-12-05 00:00:00+00:00,1174057.0,2965006.14059814,-30110.914261840007,0.02864723,0.0663865833333333,800710324504.7389,1578.04410367,1814577.98303349,2.56093685,29283357228.944412,1.2416259500232636,1.06438015
2024-12-04 00:00:00+00:00,1105871.0,2995117.05485998,-5018.11940091,0.02514174,0.0272980233333333,759383340014.1716,1580.1587541,1813319.75879511,2.63734938,30506916842.97608,1.1191139567350592,1.03568709
2024-12-03 00:00:00+00:00,1101954.0,3000135.17426089,-9759.313265470002,0.03056499,0.0204451033333333,811042070627.3806,1580.04849109,1813339.21537517,2.57224534,28460364233.264637,1.1901304322630224,1.02981056
2024-12-02 00:00:00+00:00,988487.0,3009894.48752636,-11241.794736249998,0.04612108,0.0184309866666666,656065878787.7538,1581.18255231,1813231.4888143,2.57866473,28501661656.172268,0.9842534356325214,1.02773452
2024-12-01 00:00:00+00:00,1124768.0,3021136.28226261,2864.537949540001,0.03927994,0.013782135,803403776618.9241,1581.79823328,1813651.84323271,2.62504044,28953331069.150005,1.2252947313269091,1.01862193
2024-11-30 00:00:00+00:00,1181828.0,3018271.74431307,2572.937116360001,0.01936872,0.0143555199999999,833912780794.3263,1581.19647022,1813360.35153548,2.60628384,28805518469.90269,1.2452024909734838,1.01470008
2024-11-29 00:00:00+00:00,903345.0,3015698.80719671,1909.8974746500023,0.03339562,0.0223173083333333,615264917537.2773,1580.57878419,1813442.23096749,2.63664397,29608964887.076424,0.9332173038104524,1.03206676
2024-11-28 00:00:00+00:00,1058339.0,3013788.90972206,-16628.813074520003,0.0300628,0.015605275,722046432151.1849,1580.29052416,1812651.13715545,2.59443132,28821403268.79416,1.0761603817528316,1.03206473
2024-11-27 00:00:00+00:00,1039764.0,3030417.72279658,-16693.032332090006,0.02350267,0.0197107866666666,676282925888.0817,1580.68475436,1813133.21272398,2.60846596,29145532392.287243,0.989391376537075,1.03202228
2024-11-26 00:00:00+00:00,1008069.0,3047110.75512867,-1179.5640805700095,0.03810648,0.02242213,706791930063.4839,1581.2527876,1812863.55804761,2.5092578,28530639690.94565,1.037155865453414,1.0199578
2024-11-25 00:00:00+00:00,1276535.0,3048290.31920924,8777.79597865,0.0212241,0.0279560383333333,859336950940.4948,1582.3261301,1812504.71566815,2.54241471,29713496110.25467,1.2883775633086243,1.02838329
2024-11-24 00:00:00+00:00,996213.0,3039512.52323059,1435.7858874700032,0.02193989,0.0182648283333333,681367759917.3154,1582.72298176,1811896.72834427,2.69001148,30123446476.079372,1.0292551300780144,1.02685814
2024-11-23 00:00:00+00:00,1007492.0,3038076.73734312,-584.1821713299942,0.03100503,0.0117406466666666,701707096034.2502,1582.33045252,1811776.64830561,2.68837674,30544091273.692413,1.0805961565235054,1.04420868
2024-11-22 00:00:00+00:00,1113678.0,3038660.91951445,-13287.478944899996,0.04040995,0.0165184033333333,727131266180.4187,1582.30233743,1813351.84946896,2.73342585,30879514361.68669,1.135199527419541,1.05270357
2024-11-21 00:00:00+00:00,1144045.0,3051948.39845935,-602.0820119900018,0.04842658,0.0153323533333333,732216100209.6523,1583.25102809,1812461.10985091,2.73871928,30866552286.29944,1.1366068183265898,1.08115931
2024-11-20 00:00:00+00:00,1098293.0,3052550.48047134,-16873.863650569998,0.0442404,0.0097572633333333,747470602297.3535,1584.92875103,1813849.93847708,2.66506559,29718479930.59281,1.1107228652146506,1.0440552
2024-11-19 00:00:00+00:00,1192231.0,3069424.34412191,-2627.6334388100076,0.04275601,0.024900245,889845955115.897,1585.63021599,1812919.20428337,2.62487204,28188985779.854637,1.3002990195766644,1.05736856
2024-11-18 00:00:00+00:00,1150013.0,3072051.97756072,1352.9535343800017,0.03469789,0.0308785333333333,793234108560.4568,1586.53262251,1812757.03196116,2.58881267,27273361357.250187,1.1378776182520718,1.03073239
2024-11-17 00:00:00+00:00,1081761.0,3070699.02402634,3428.6374668299977,0.01980001,0.0251031366666666,757933800747.1139,1586.40493062,1812953.53291876,2.57974924,26784365836.68054,1.0698422165009975,1.01738213
2024-11-16 00:00:00+00:00,1150812.0,3067270.38655951,786.2690885499978,0.03584411,0.0134024416666666,793304044781.9792,1585.90287726,1813298.47372876,2.60306713,26771837436.19392,1.1472384384846304,1.0252241
2024-11-15 00:00:00+00:00,1156975.0,3066484.11747096,-6633.324241159993,0.08119078,0.0133746533333333,757933800747.1139,1585.46076228,1813589.09246651,2.62069415,26788969201.44658,1.1267343881025194,1.03996903
2024-11-14 00:00:00+00:00,1053247.0,3073117.44171212,-7857.479297840007,0.05858206,0.0128678716666666,641717284632.5564,1586.87070843,1816489.12365685,2.52529921,26347244556.145676,0.9380644450652924,1.05332132
2024-11-13 00:00:00+00:00,1125975.0,3080974.92100996,-4753.876078879999,0.05049599,0.0098487216666666,697299096687.3448,1588.70446517,1814611.09065534,2.63509636,26157139145.74964,1.0028391447301035,1.04547514
2024-11-12 00:00:00+00:00,1183462.0,3085728.79708884,-2869.082848080012,0.04197073,0.0390632383333333,737722232727.1909,1589.47651201,1814240.08557351,2.58159738,25860400790.182472,1.0377637255390546,1.04401035
2024-11-11 00:00:00+00:00,1109265.0,3088597.87993692,-125.44258223001088,0.03456705,0.01505546,687193312677.3833,1590.34170484,1815909.01787041,2.6222159,26282057808.979607,0.911483170351373,1.04290153
2024-11-10 00:00:00+00:00,1091496.0,3088723.32251915,3638.4045258800033,0.02288856,0.0260365666666666,747828016737.1523,1590.79664518,1814398.013619,2.39171664,24360739600.47892,0.927607469990978,1.02761887
2024-11-09 00:00:00+00:00,977355.0,3085084.91799327,20.49659646999862,0.02948754,0.005870505,702351988692.3256,1590.49734576,1813916.37100871,2.28747047,23663081054.340378,0.8471162923369326,1.0115453
2024-11-08 00:00:00+00:00,1029738.0,3085064.4213968,-20534.178733919995,0.017615,0.0081488133333333,717510664707.2678,1589.77725392,1813693.64834666,2.28433658,24195462751.694942,0.8522522451302742,1.02256975
2024-11-07 00:00:00+00:00,993800.0,3105598.60013072,-10992.75814214001,0.01344651,0.0105815516666666,788251152776.9984,1589.8049786,1813329.1512104,2.27056104,23926637742.64332,0.9217440555515992,1.02396071
2024-11-06 00:00:00+00:00,1073658.0,3116591.35827286,-16281.2192948,0.01702496,0.0096898833333333,773092476762.0562,1589.52407627,1813743.16325499,2.26825634,24037719808.52992,0.8921391373197185,1.03935533
2024-11-05 00:00:00+00:00,885638.0,3132872.57756766,1000.9849038999964,0.01474111,0.0050910533333333,702351988692.3256,1591.58303295,1813191.24453336,2.09175505,20696346170.14814,0.7527646600949236,1.00998728
2024-11-04 00:00:00+00:00,908373.0,3131871.59266376,7074.78411303,0.01319968,0.0069009449999999,727616448717.2294,1591.31954953,1813948.90782141,2.04650388,20419596262.30949,0.7725670517659158,1.01172814
2024-11-03 00:00:00+00:00,766947.0,3124796.80855073,1591.0107509000009,0.01279586,0.00569323,627780896505.6285,1590.88204805,1812944.75284828,2.07644532,20633914318.97624,0.7086593526869199,1.00576674
2024-11-02 00:00:00+00:00,940400.0,3123205.79779983,-638.90879442,0.01588634,0.00489529,670584139449.1941,1590.16104112,1813118.59078552,2.09495633,21106535602.105324,0.7693667205204973,1.01182677
2024-11-01 00:00:00+00:00,953123.0,3123844.70659425,5981.538460180003,0.01707591,0.00725305,722899214157.9965,1589.5440327,1812820.52638472,2.09922205,20987554120.023556,0.8319641000753305,1.00989987
2024-10-31 00:00:00+00:00,956238.0,3117863.16813407,4945.758895859995,0.11742365,0.0088739716666666,751434709453.7068,1589.27427787,1813172.14641183,2.12319153,22225320144.053288,0.9894269587030772,1.0102041
2024-10-30 00:00:00+00:00,965446.0,3112917.40923821,-9353.549901680002,0.01745491,0.01507937,803749784162.5092,1588.83492721,1813015.81716729,2.18954695,22991172546.54348,0.959630173116234,1.01430231
2024-10-29 00:00:00+00:00,982540.0,3122270.95913989,1118.5063861800008,0.02287037,0.0150247433333333,746678793571.0884,1588.4573209,1814939.99447676,2.20439563,23171410773.54479,0.8892508514038625,1.02835654
2024-10-28 00:00:00+00:00,935953.0,3121152.45275371,-5300.390039339996,0.01426958,0.0125234616666666,798993868279.8909,1588.36153095,1815340.91796984,2.12613052,22081647375.78657,0.9040392498569672,1.01641118
2024-10-27 00:00:00+00:00,805818.0,3126452.84279305,1969.3942978299983,0.0161478,0.00903117,760946541218.9436,1587.84401921,1814789.98129848,2.06822714,20365904607.81074,0.8484903383439901,1.00938913
2024-10-26 00:00:00+00:00,899457.0,3124483.44849522,294.9599996299985,0.02257233,0.0088511266666666,694363718862.286,1587.11947502,1816424.45887801,2.04064536,19775595432.257843,0.7735348669536625,1.00784241
2024-10-25 00:00:00+00:00,1015120.0,3124188.48849559,3570.3854900399965,0.07125121,0.0083742316666666,727655130040.6149,1586.38037865,1815144.83871629,2.02792969,19605639980.990196,0.8607520258801582,1.01183133
2024-10-24 00:00:00+00:00,980926.0,3120618.10300555,-1415.7383830399997,0.09374402,0.01334245,699119634744.9044,1585.92434536,1815893.94138477,2.0776228,20881330085.807285,0.8474117787340981,1.01205708
2024-10-23 00:00:00+00:00,987050.0,3122033.84138859,-157.87449074000324,0.04807336,0.0098893583333333,718143298275.378,1585.24872439,1814838.44725997,2.03214208,20457265769.88231,0.8174125277817514,1.00734792
2024-10-22 00:00:00+00:00,900775.0,3122191.71587933,1873.3264957200008,0.05621454,0.0091149116666666,656316391801.3389,1584.70051207,1815278.0551086,2.05650495,20613168217.440655,0.7617733949524605,1.00999888
2024-10-21 00:00:00+00:00,1111868.0,3120318.38938361,-6211.391073929997,0.03174083,0.0125879033333333,782463538095.864,1584.13202918,1814868.68051126,2.05678821,20493273568.16829,0.932748596225337,1.04102905
2024-10-20 00:00:00+00:00,1053574.0,3126529.78045754,937.9656054400002,0.02442319,0.0115044916666666,791615158424.4706,1584.500999,1815229.36522938,2.1139375,20891231835.94552,0.9402619688751784,1.0623487
2024-10-19 00:00:00+00:00,1009284.0,3125591.8148521,175.13838870999825,0.02804596,0.00829138,791615158424.4706,1584.51523949,1814833.92420689,2.09872448,20775280151.724136,0.9418463122599952,1.01694067
2024-10-18 00:00:00+00:00,869098.0,3125416.67646339,-2485.044649299998,0.05576401,0.0077195416666666,622310182345.2485,1584.10677921,1815338.24346237,2.1018429,20831502161.58124,0.761430440249972,1.01714302
2024-10-17 00:00:00+00:00,1054178.0,3127901.72111269,-1891.09854585,0.11123567,0.007996925,718402195795.6178,1583.75274132,1815140.39244889,2.07338711,19691162276.765305,0.9220431752741312,1.01590344
2024-10-16 00:00:00+00:00,1004122.0,3129792.81965854,7114.707243010009,0.10353821,0.0081831333333333,645189233166.765,1583.31323754,1815722.02472974,2.08157822,20354027617.596703,0.8246627394103027,1.01941485
2024-10-15 00:00:00+00:00,1092599.0,3122678.11241553,-7481.93007894,0.05027832,0.0116778366666666,713826385631.3146,1582.78088651,1814439.57475414,2.06761374,19419159007.5695,0.8432976504482387,1.02824333
2024-10-14 00:00:00+00:00,992251.0,3130160.04249447,1526.6378380399983,0.05572528,0.0151290833333333,636037612838.1584,1583.15901375,1814760.03520279,2.04201843,19750642033.00379,0.7436259596317302,1.01843981
2024-10-13 00:00:00+00:00,968322.0,3128633.40465643,659.0926175299992,0.05421284,0.0084012566666666,631461802673.8552,1582.70363258,1814346.6251731,1.94468591,18493309730.76741,0.7114215547174829,1.00825651
2024-10-12 00:00:00+00:00,1011900.0,3127974.3120389,-3305.445201180002,0.09112792,0.0083771166666666,654340853495.3717,1582.06111703,1814445.97161761,1.95616707,19056311934.40553,0.7699950512761417,1.02124102
2024-10-11 00:00:00+00:00,1030914.0,3131279.75724008,-528.496625969994,0.09260794,0.0026747549999999,640613423002.4618,1581.4634151,1814362.32439632,1.93692096,18616756083.28973,0.7406055156607875,1.04331165
2024-10-10 00:00:00+00:00,1095907.0,3131808.25386605,2200.7055102899976,0.04954849,0.0048732116666666,709250575467.0112,1581.99451672,1814113.42259284,1.87241911,17566616412.331135,0.7661907096998349,0.99200544
2024-10-09 00:00:00+00:00,930217.0,3129607.54835576,1473.0831173100014,0.03695017,0.0084380483333333,581127890866.5189,1581.47133387,1814214.08830315,1.88073953,17731139342.340923,0.634553670819029,1.00391596
2024-10-08 00:00:00+00:00,1148420.0,3128134.46523845,-674.716478589995,0.03119268,0.0069337333333333,733899315277.5486,1581.08264935,1814140.11507242,1.92878334,17709759256.2162,0.83698957462243,1.08580272
2024-10-07 00:00:00+00:00,1048591.0,3128809.18171704,-5358.405764669995,0.02554563,0.009053125,681164035137.8445,1584.32398706,1814764.57111961,1.94842082,17562225621.99028,0.7852369777877317,1.00624427
2024-10-06 00:00:00+00:00,1016251.0,3134167.58748171,-2391.092412760001,0.02013122,0.007385155,667980215102.9185,1583.71832911,1814695.11611103,1.96822538,18005675981.039284,0.7517052677216317,1.00384292
2024-10-05 00:00:00+00:00,1058272.0,3136558.67989447,-713.9780568200003,0.02498469,0.0074352166666666,663585608424.6099,1582.92198348,1814294.90495387,1.9451576,17512782300.758614,0.7482871726720908,1.00453397
2024-10-04 00:00:00+00:00,1043687.0,3137272.65795129,556.9905597899997,0.0133662,0.0045495449999999,742688528634.166,1582.10651727,1814347.78226465,1.94622509,17551033905.361156,0.821509831489239,1.00741021
2024-10-03 00:00:00+00:00,864567.0,3136715.6673915,923.438016570006,0.01523544,0.0071875816666666,694347855172.7705,1581.60648739,1814350.37196929,1.90528094,17274527339.037445,0.759522010247575,0.997456
2024-10-02 00:00:00+00:00,827630.0,3135792.22937493,4420.458345219995,0.01397816,0.0037581716666666,681164035137.8445,1581.04389827,1815605.95966666,1.90172316,16932173614.35136,0.7507773705743965,0.99601153
2024-10-01 00:00:00+00:00,900775.0,3131371.77102971,9183.862720509998,0.01585885,0.00719926,689953248494.4619,1580.38622292,1816717.96657638,1.90637815,17360598458.42605,0.7802853796155412,0.99990805
2024-09-30 00:00:00+00:00,855744.0,3122187.9083092,-1436.9020261500043,0.0168327,0.008355925,602061114928.2885,1579.68991276,1816752.48054209,1.98473849,18162276476.228622,0.6955670586591287,1.00148293
2024-09-29 00:00:00+00:00,908345.0,3123624.81033535,2818.8870945300005,0.01531326,0.0086287233333333,681164035137.8445,1579.14933888,1816105.7549844,2.05705013,18679000965.897057,0.8065636237242615,1.00503719
2024-09-28 00:00:00+00:00,892769.0,3120805.92324082,2021.5963823099992,0.0243418,0.0055124816666666,566904261501.819,1578.35859971,1815896.11552072,2.06599335,18671295807.550568,0.6785999904427943,1.01733807
2024-09-27 00:00:00+00:00,925607.0,3118784.32685851,-4831.827557749995,0.02520832,0.00192535,602061114928.2885,1577.62969658,1815862.5749156,2.0649195,18756668514.2941,0.7197506615554454,1.01274241
2024-09-26 00:00:00+00:00,910673.0,3123616.15441626,-3919.8463181700063,0.02056709,0.003359325,571298868180.1277,1577.07936922,1815898.99598906,2.04796192,18773328959.421215,0.6656437788394844,1.01347822
2024-09-25 00:00:00+00:00,932980.0,3127536.00073443,-1957.935783969995,0.01456022,0.0056464683333333,632823361676.4491,1576.9446089,1816231.59278019,1.98658762,18163108641.624622,0.7271467939199128,1.0162102
2024-09-24 00:00:00+00:00,864763.0,3129493.9365184,-6194.22227957,0.01515519,0.00455067,667975711255.8716,1576.59539109,1816443.42189417,2.02486386,18576641670.99895,0.7302788476891363,1.00738332
2024-09-23 00:00:00+00:00,929533.0,3135688.15879797,4802.433553009996,0.01667556,0.0044413083333333,672582440299.0155,1575.99210461,1815902.96624467,1.99663764,17911545726.82074,0.7366776079419608,1.01706268
2024-09-22 00:00:00+00:00,784479.0,3130885.72524496,1444.5010190600003,0.01229768,0.0049579783333333,626515149867.576,1575.59188078,1816170.43173881,2.00672376,17789530364.62654,0.6772625613591399,1.00576566
2024-09-21 00:00:00+00:00,796828.0,3129441.2242259,3251.2741125600005,0.01420096,0.00710843,621908420824.4321,1574.80583708,1815810.70204225,2.00084639,17962564873.429493,0.6752003802270133,1.01087844
2024-09-20 00:00:00+00:00,933244.0,3126189.95011334,-1203.2488468099982,0.02056307,0.0083997116666666,667975711255.8716,1574.04151493,1816454.00251493,1.99657948,17826713811.134796,0.7320712607757751,1.0164896
2024-09-19 00:00:00+00:00,852606.0,3127393.19896015,-1815.3266444499968,0.02540945,0.00749156,562020943263.5609,1573.77511602,1816722.49558712,1.99189092,18224313519.217068,0.6136098076994051,1.0158423
2024-09-18 00:00:00+00:00,842586.0,3129208.5256046,706.1119540299987,0.01601657,0.0055023466666666,635728607953.864,1573.22866917,1816946.6814106,1.95698962,17418269248.94646,0.6593283420418252,1.00827551
2024-09-17 00:00:00+00:00,814757.0,3128502.41365057,1424.7339563799978,0.0172844,0.0042488366666666,691009356471.5913,1572.84469341,1816474.82243729,1.91222362,16976702665.983822,0.7078422597949804,1.00808507
2024-09-16 00:00:00+00:00,764033.0,3127077.67969419,3899.8660180299994,0.0163258,0.0033505066666666,575841130392.9927,1572.24998606,1816556.664682,1.84684422,16192064103.832611,0.579899838338926,1.00138142
2024-09-15 00:00:00+00:00,777448.0,3123177.81367616,1235.1996838099983,0.01323212,0.0037330249999999,695616085514.7352,1571.92257817,1817426.65541092,1.8762374,16696517627.973911,0.7178754153683999,1.00318616
2024-09-14 00:00:00+00:00,756061.0,3121942.61399235,-1670.5007270399983,0.01496362,0.0014431566666666,640335336997.0079,1571.18189459,1816412.88848402,1.9044314,17140494040.247375,0.6628729778256991,1.00414479
2024-09-13 00:00:00+00:00,847583.0,3123613.11471939,-3348.8200872099987,0.0191276,-0.002835775,566627672306.7048,1570.37606301,1817135.20241925,1.92233771,17587979237.03474,0.5754330351031722,1.01035171
2024-09-12 00:00:00+00:00,885329.0,3126961.9348066,2567.56137245,0.01723774,-0.0007186733333333,700222814557.8792,1570.17897577,1816651.75867191,1.84762353,16364108185.683529,0.7009691947439121,1.00423856
2024-09-11 00:00:00+00:00,718771.0,3124394.37343415,-5543.323528379995,0.01930103,0.00032086,497526736659.5457,1569.53896898,1816745.34900596,1.82322302,16028443783.53895,0.4891576541593606,0.99861551
2024-09-10 00:00:00+00:00,788289.0,3129937.69696253,-23771.33115092,0.01600068,0.0006583916666666,609329499497.6823,1568.90102276,1816892.02552411,1.83251774,16181119365.11926,0.6211171348823781,0.99925971
2024-09-09 00:00:00+00:00,825272.0,3153709.02811345,-9651.360443280006,0.01500445,-0.0045681183333333,644910784139.8827,1568.44392785,1816703.06400987,1.81308706,16188962418.963192,0.6404335956182704,1.00781844
2024-09-08 00:00:00+00:00,747772.0,3163360.38855673,-46.70505327999854,0.01197308,-0.0021633983333333,742759316905.9338,1568.08672936,1816635.53271207,1.74593094,15293697372.002874,0.7182429080412062,0.99767988
2024-09-07 00:00:00+00:00,721258.0,3163407.09361001,-1302.2672849299995,0.01309682,-0.0075574066666666,702730371683.4584,1567.21978375,1816737.6887288,1.72298224,15027299461.532469,0.6789783302172802,0.99516568
2024-09-06 00:00:00+00:00,803138.0,3164709.36089494,3029.249161279993,0.01654031,0.0016481833333333,644910784139.8827,1566.35561116,1817183.66454791,1.71691717,15102224378.422482,0.6371605388082189,0.9940992
2024-09-05 00:00:00+00:00,880914.0,3161680.11173366,4339.515891480001,0.0216956,0.004095685,689387389942.6332,1566.02088277,1816905.99474955,1.78577778,15261618224.354069,0.7043433007532448,0.99549859
2024-09-04 00:00:00+00:00,838302.0,3157340.59584218,-627.3589561699991,0.0162029,-0.000678775,671596747621.5331,1565.3780187,1816685.43243586,1.84234774,15381197626.635712,0.687193270212869,0.99970848
2024-09-03 00:00:00+00:00,786493.0,3157967.95479835,-5607.986595450006,0.01786907,0.006839725,662701426460.9829,1564.92725077,1817012.78833601,1.82651524,15670746381.53058,0.6957097965097101,0.99753559
2024-09-02 00:00:00+00:00,901160.0,3163575.9413938,-648.5398725000014,0.01437242,0.0037427516666666,742759316905.9338,1564.3865997,1817588.96732842,1.87938087,15691443083.87786,0.7719728260903563,0.99802557
2024-09-01 00:00:00+00:00,794395.0,3164224.4812663,281.3124683900005,0.01434416,0.0015264333333333,631567802399.0575,1563.63645909,1817302.53714613,1.82127052,15220094655.01305,0.6568508553822964,0.99697848
2024-08-31 00:00:00+00:00,796223.0,3163943.16879791,2451.56612573,0.01358312,-0.001435925,653806105300.4329,1562.77533494,1817215.82113879,1.87354873,15559663678.104216,0.6894155716768223,1.00556169
2024-08-30 00:00:00+00:00,953726.0,3161491.60267218,3218.0870513300033,0.01773798,0.0026550199999999,631567802399.0575,1562.19497707,1820013.3119322,1.8780075,15522818459.43867,0.668825310578367,0.99990406
2024-08-29 00:00:00+00:00,806465.0,3158273.51562085,-21376.512922790003,0.01948321,-0.000702465,587091196596.307,1561.48487873,1817085.63399579,1.88568093,15673663926.350592,0.628795320685249,1.01916227
2024-08-28 00:00:00+00:00,806465.0,3179650.02854364,5067.406961170003,0.01509879,-0.000110795,716073353424.2836,1562.58542129,1817164.43711583,1.87823207,15433404484.14127,0.7589662547661293,0.99411978
2024-08-27 00:00:00+00:00,758753.0,3174582.4439859,4433.158504389998,0.01724994,0.0050419183333333,613213426398.9983,1561.96998385,1816999.53116544,1.88939688,15737918944.719637,0.7015810825828251,0.99720617
2024-08-26 00:00:00+00:00,797997.0,3170149.46307808,-2679.5612473900037,0.01989221,0.00453897,578666191108.9138,1562.02937408,1816012.25216747,1.99704023,16993709222.753712,0.6826612452774745,1.00608928
2024-08-25 00:00:00+00:00,744759.0,3172829.02432547,1490.3884262599986,0.0166309,0.005999825,574347786697.6533,1561.36589014,1816260.94769083,2.04283887,17889324239.766914,0.6802870042199741,1.00430636
2024-08-24 00:00:00+00:00,805081.0,3171338.63589921,1775.5000928000009,0.01545327,0.0069948866666666,660715874922.8644,1560.5070974,1815983.33216824,2.04098261,17673493126.0512,0.7813460760755586,1.01488971
2024-08-23 00:00:00+00:00,785094.0,3169563.13580641,-5159.499624969998,0.01879471,0.00331236,708218323446.7303,1559.7500894,1816406.01737167,2.03918098,17532889282.312702,0.8097839659362994,1.01120117
2024-08-22 00:00:00+00:00,871787.0,3174722.63543138,-2659.0749368100005,0.16703449,0.00353793,690944705801.6882,1559.26578314,1816479.19344399,1.92438272,16219344334.043606,0.915389557015636,1.00595894
2024-08-21 00:00:00+00:00,894817.0,3177381.71036819,710.8281367899981,0.01812342,0.0032334466666666,634805448455.301,1558.61777324,1816099.59451547,1.94985821,16573765293.61574,0.7053998733394186,1.00363318
2024-08-20 00:00:00+00:00,872260.0,3176670.8822314,1814.564262830001,0.02079296,0.0024262733333333,643442257277.8221,1558.11920984,1816172.7504515,1.88227074,15524571356.146898,0.7203259699367686,1.00114822
2024-08-19 00:00:00+00:00,851193.0,3174856.31796857,1039.540749370004,0.02136428,0.00057639,561392573463.8717,1557.51338297,1816167.89888663,1.89625284,15482326364.84303,0.6130725298186362,0.9985817
2024-08-18 00:00:00+00:00,796700.0,3173816.7772192,1850.0748634699992,0.01461871,0.0062213183333333,669352683745.3854,1556.92768569,1815991.32091121,1.86376031,15474479735.66192,0.738139029998983,1.00357512
2024-08-17 00:00:00+00:00,790222.0,3171966.70235573,2863.4778294900007,0.01531678,0.0065531416666666,643442257277.8221,1556.14165117,1815853.38790547,1.89781309,15710323308.522703,0.7057474506535506,1.00058487
2024-08-16 00:00:00+00:00,882680.0,3169103.22452624,-8196.342501879997,0.01964212,0.0008326283333333,613213426398.9983,1555.29688932,1815764.45039872,1.87826127,15471729059.953287,0.6669041233408642,0.99975207
2024-08-15 00:00:00+00:00,882544.0,3177299.56702812,-3272.1303085700056,0.01694188,0.00669415,690944705801.6882,1554.6304789,1815879.92332967,1.8358698,15327673513.583069,0.7491799109515729,0.9963674
2024-08-14 00:00:00+00:00,820903.0,3180571.69733669,759.4361259799989,0.01895658,0.0040206633333333,570029382286.3927,1554.05468283,1815837.94755291,1.87193584,15182887511.017368,0.6373970882508854,0.99897986
2024-08-13 00:00:00+00:00,931086.0,3179812.26121071,-1725.2708013500014,0.01701354,0.007383725,671551386529.0793,1553.34627762,1815783.73512883,1.9325432,15224425850.541147,0.7123634568717407,0.99665086
2024-08-12 00:00:00+00:00,868614.0,3181537.53201206,3685.115180780005,0.01897298,0.0188456666666666,617466711103.9186,1552.73977834,1815463.03319472,1.89235579,14313384355.878351,0.6479171093800942,1.00217953
2024-08-11 00:00:00+00:00,877189.0,3177852.41683128,-3270.9439945999984,0.01291856,0.010487215,725636061954.2401,1552.1452234,1815855.79943278,1.87230031,14593405726.94599,0.7749807379005742,0.99953898
2024-08-10 00:00:00+00:00,772324.0,3181123.36082588,-787.8794821600004,0.01648668,0.0125230166666666,581410260820.478,1551.33065109,1815605.27303072,1.9428544,14994997422.898132,0.6264264070429761,1.02521134
2024-08-09 00:00:00+00:00,796885.0,3181911.24030804,6038.98373837,0.02070095,0.0105025833333333,581410260820.478,1551.17782553,1815769.56552536,1.94282493,14834999012.731918,0.6283653447451653,1.01082893
2024-08-08 00:00:00+00:00,846038.0,3175872.25656967,-4128.8324361299965,0.02185232,0.00674233,581410260820.478,1550.70982193,1816589.89395005,1.97200829,15333869910.001251,0.6044158356181701,1.01011157
2024-08-07 00:00:00+00:00,814567.0,3180001.0890058,900.4082049599965,0.02021949,0.0091149283333333,549860866822.4677,1550.08644445,1817041.52548523,1.76409405,14281191991.80023,0.5495277889882745,1.00249541
2024-08-06 00:00:00+00:00,845417.0,3179100.68080084,-840.5625734100031,0.01840371,-0.0130794666666666,630987879960.2087,1549.97181421,1816244.48626655,1.79287408,14342435122.423254,0.6262023483157598,0.99432278
2024-08-05 00:00:00+00:00,996905.0,3179941.24337425,4572.1212540900015,0.01868355,-0.0067780383333333,698593724241.6597,1549.28859813,1816361.77297943,1.72756839,13615751469.47504,0.6618532424028682,0.97374852
2024-08-04 00:00:00+00:00,807758.0,3175369.12212016,-1627.5074784000026,0.01604123,0.0070055449999999,644509048816.4989,1550.14810951,1815624.44678733,1.85386411,16736037224.94129,0.6848254193501837,0.99646019
2024-08-03 00:00:00+00:00,773369.0,3176996.62959856,630.5050457999969,0.01912991,0.008948535,608452598533.0585,1549.49024622,1815394.97538033,1.93476813,17349613395.921066,0.6617421096839894,1.00021143
2024-08-02 00:00:00+00:00,821243.0,3176366.12455276,4137.797160560003,0.02173682,0.0101601133333333,558874979393.3278,1548.88027067,1816195.33714637,1.95824024,17778326002.907753,0.6368667949102317,0.99980995
2024-08-01 00:00:00+00:00,868823.0,3172228.3273922,-5904.210534650003,0.0210899,0.0105608383333333,630987879960.2087,1548.36237393,1816474.42621218,2.08243642,18803323558.14575,0.7197994098369347,1.00412217
2024-07-31 00:00:00+00:00,861785.0,3178132.53792685,-28421.11675113,0.02351854,0.0154628216666666,635494936245.6388,1548.10659536,1815479.91810943,2.0607402,18778042292.89898,0.7486841756659145,1.00185264
2024-07-30 00:00:00+00:00,776132.0,3206553.65467798,-21848.86475055,0.02030307,0.0081451066666666,611792205636.284,1547.49673772,1815480.11621313,2.11038367,19124816898.42104,0.798192668928383,1.00348761
2024-07-29 00:00:00+00:00,928735.0,3228402.51942853,-9086.58590272,0.01916183,0.0127474333333333,725993417355.057,1549.05547347,1815427.15746109,2.13087614,19437692037.70283,0.977817976315589,1.0160118
2024-07-28 00:00:00+00:00,767063.0,3237489.10533125,1327.7003105599997,0.01733438,0.0067545516666666,603634976227.8003,1548.90324525,1815193.32877867,2.18073362,19600259205.179695,0.8031408964798299,1.00637033
2024-07-27 00:00:00+00:00,836058.0,3236161.40502069,587.1207383699984,0.02080233,0.0119337516666666,628106664453.2516,1548.18174998,1815482.7945495,2.17042713,19365790263.368217,0.8444226392005941,1.01423783
2024-07-26 00:00:00+00:00,793661.0,3235574.28428232,-2441.23574946,0.02032962,0.0083344683333333,652578352678.703,1547.61938976,1815180.05068263,2.17318195,19049024564.31969,0.8641612119663387,1.02151574
2024-07-25 00:00:00+00:00,895343.0,3238015.52003178,4519.266067110002,0.02053572,0.008160245,664814196791.4287,1547.01257356,1815343.77746391,2.10822625,18126225385.86255,0.847183752417296,1.00131776
2024-07-24 00:00:00+00:00,801263.0,3233496.25396467,-2173.9324372400006,0.02287038,0.0046885316666666,571006058593.8651,1546.94930443,1815018.1890649,2.09490381,17865596713.764133,0.7453399472674,1.00724999
2024-07-23 00:00:00+00:00,998677.0,3235670.18640191,-20159.61699586,0.02080905,0.0044126816666666,689285885016.88,1546.43830692,1815565.84976484,2.11420367,18009490190.37039,0.9058243514575278,1.03115511
2024-07-22 00:00:00+00:00,1058452.0,3255829.80339777,-1656.277894959996,0.02393655,0.0060649716666666,730072032059.299,1548.49853193,1815549.77621739,2.17267061,18500367850.944862,0.9764465198735736,1.01221997
2024-07-21 00:00:00+00:00,951486.0,3257486.08129273,140.67761514999984,0.01833855,0.00755242,689285885016.88,1547.91049574,1815732.62253459,2.1952436,18735630563.917564,0.9121543147555048,1.00984987
2024-07-20 00:00:00+00:00,955562.0,3257345.40367758,-176.42863039000076,0.01936667,0.0042628916666666,672971426199.9125,1547.11665429,1815566.2093841,2.16327948,18640413152.28281,0.8869997627373882,1.01126885
2024-07-19 00:00:00+00:00,892533.0,3257521.83230797,-3933.8795267000023,0.02573924,0.004887095,599556361523.5583,1546.33265376,1816088.3271965,2.14992326,18719783879.61952,0.7777303294384981,1.02727843
2024-07-18 00:00:00+00:00,904320.0,3261455.71183467,1434.1931384199995,0.02433055,0.0035081766666666,526141296847.2043,1546.79602268,1816137.40573484,2.06760002,17128043125.02393,0.6718022158233309,1.01698601
2024-07-17 00:00:00+00:00,993646.0,3260021.51869625,-676.1821793499985,0.02746892,0.0058904783333333,628324687409.1068,1546.61982684,1816389.3995715,2.07291531,17091250066.19345,0.8405591106583863,1.01261712
2024-07-16 00:00:00+00:00,929695.0,3260697.7008756,39493.2685197,0.02609738,0.0062331116666666,580903956283.8911,1546.16295245,1817125.90114608,2.10672447,17376145376.07747,0.7653592590160729,1.00913503
2024-07-15 00:00:00+00:00,1008449.0,3221204.4323559,-1885.47070405,0.02687068,0.003489205,604614321846.499,1545.63736659,1817875.37223728,2.098592,17354336484.422115,0.7821231054217405,1.01835671
2024-07-14 00:00:00+00:00,1000169.0,3223089.90305995,459.78852258999905,0.02472657,0.008209825,659938508159.2505,1545.18765827,1818368.87336481,1.97464573,16459514902.190592,0.8136032466855223,1.00940813
2024-07-13 00:00:00+00:00,973442.0,3222630.11453736,3109.43106212,0.03880164,0.002638555,608566049440.267,1544.55565569,1818283.51485164,1.92416089,15887396468.194883,0.7410973144677753,1.00616606
2024-07-12 00:00:00+00:00,912534.0,3219520.68347524,2307.0471456400046,0.02558007,0.00452786,592759139065.1951,1543.76981401,1817360.29274357,1.88214812,15193584004.43701,0.6995377246304739,1.00281089
2024-07-11 00:00:00+00:00,818978.0,3217213.6363296,1728.22011183,0.02759961,0.0054654083333333,553241863127.5154,1543.21966345,1816966.89805021,1.86513972,15367083098.200008,0.6601075713206491,0.99949351
2024-07-10 00:00:00+00:00,887388.0,3215485.41621777,2963.911934470001,0.03673437,0.0035815233333333,533483225158.67554,1542.46950525,1817328.44134257,1.87702087,15102181004.114702,0.6439223637131324,1.00601447
2024-07-09 00:00:00+00:00,955123.0,3212521.5042833,1245.8885565699966,0.02672775,0.0028240733333333,608566049440.267,1542.32860507,1817245.53700364,1.88844935,15151294612.873102,0.7187657281141089,1.00894688
2024-07-08 00:00:00+00:00,985123.0,3211275.61572673,7961.199919729996,0.02889287,0.0048392633333333,628324687409.1068,1542.41508486,1817066.22245643,1.84651726,14409980731.65962,0.7280450830756431,0.98983867
2024-07-07 00:00:00+00:00,889723.0,3203314.415807,1186.1878305499995,0.02720644,0.0022804466666666,557193590721.2833,1541.73763378,1817576.0071542,1.81660377,14707943715.679316,0.6577117181244249,1.00289673
2024-07-06 00:00:00+00:00,978369.0,3202128.22797645,1174.9275722500024,0.02920923,0.0013594233333333,652035052971.7146,1541.10201602,1817091.79418167,1.89455577,15112090355.678324,0.7676197809497378,1.00119273
2024-07-05 00:00:00+00:00,835421.0,3200953.3004042,-47336.86482047,0.03753554,0.0027605316666666,474207311252.15607,1540.52600952,1817347.82285666,1.84248161,15006202703.71579,0.5491953846302159,0.99733669
2024-07-04 00:00:00+00:00,946407.0,3248290.16522467,4474.19954804,0.03714752,0.0017300216666666,582332779002.4374,1541.73145203,1817089.55426541,1.85537665,16188931390.446735,0.671261567437994,1.00285968
2024-07-03 00:00:00+00:00,983138.0,3243815.96567663,4552.263088,0.03442687,0.0177777766666666,603130378252.5244,1541.53584161,1816973.53351439,1.95727503,17481325257.555344,0.7193251131955328,1.01087834
2024-07-02 00:00:00+00:00,983050.0,3239263.70258863,-1736.8732299000003,0.03591544,0.0248914316666666,615608937802.5767,1541.8667901,1817138.64006865,2.02220044,17741436592.180912,0.7579038947119648,1.00020499
2024-07-01 00:00:00+00:00,1015903.0,3241000.57581853,1876.4549387599984,0.03999069,0.0087948166666666,586492298852.4548,1541.19289012,1816900.91982777,2.04658952,17367372355.24257,0.732305331664669,1.0124781
2024-06-30 00:00:00+00:00,803888.0,3239124.12087977,1152.0396815799995,0.03427688,0.00999257,503301901852.1066,1540.68637464,1819240.56456758,2.04509799,17791094279.539856,0.6082671507269957,1.00580283
2024-06-29 00:00:00+00:00,867860.0,3237972.08119819,2010.8933802099984,0.03197748,0.0093386383333333,653044616452.7334,1539.90679431,1819194.42797462,1.98626302,16971421342.010817,0.780045881454246,1.00203267
2024-06-28 00:00:00+00:00,918176.0,3235961.18781798,3720.524736059997,0.04135663,0.0130862116666666,561535179752.3503,1539.0610049,1819432.19975817,1.96799023,16774228196.11439,0.6799252254470121,1.00207664
2024-06-27 00:00:00+00:00,893894.0,3232240.66308192,8580.342853560003,0.04265934,0.0136320066666666,540737580502.2633,1538.60063051,1818557.77957526,2.01108103,16484064851.051365,0.657579833504291,1.01416527
2024-06-26 00:00:00+00:00,828884.0,3223660.32022836,5488.9367917899945,0.05340429,0.006923265,503301901852.1066,1539.93306884,1818663.37650425,1.98805763,16361905950.154814,0.6200657314437931,1.00085788
2024-06-25 00:00:00+00:00,888825.0,3218171.38343657,-4433.688392709999,0.05346926,0.0033775516666666,515780461402.1588,1539.4891407,1817842.1915235,2.01905418,16561592328.755404,0.634686920137178,0.99773801
2024-06-24 00:00:00+00:00,893550.0,3222605.07182928,3828.822641400002,0.03975742,0.0016651133333333,632247017202.6464,1538.88570733,1818466.92630523,1.96887847,16532099801.373526,0.7685487664520507,0.99326957
2024-06-23 00:00:00+00:00,682091.0,3218776.24918788,136.133511420001,0.0407362,0.0063344233333333,465866223201.9499,1538.87793575,1818458.1360649,2.06313807,17330342546.439537,0.5915059876898886,1.00112953
2024-06-22 00:00:00+00:00,925896.0,3218640.11567646,794.2680922500003,0.04194096,0.004215915,632247017202.6464,1538.08249201,1818240.8155275,2.09744927,17520224800.148697,0.8047949430263273,1.08127569
2024-06-21 00:00:00+00:00,963534.0,3217845.84758421,410.8645415700012,0.05927393,0.0075633366666666,582332779002.4374,1540.07700127,1819140.31362532,2.09994583,17367090589.891632,0.7544377952846035,1.00853356
2024-06-20 00:00:00+00:00,916455.0,3217434.98304264,-317.9144716199953,0.07165195,0.0101728183333333,553216140052.3156,1539.67915256,1818530.3275885,2.12503082,17153638056.848106,0.7391131133304418,1.00309704
2024-06-19 00:00:00+00:00,954942.0,3217752.89751426,-7255.158106800001,0.0704289,0.008436955,570136115532.6974,1538.98643018,1818450.45476798,2.12921534,17254140803.455345,0.7589319584224855,1.00776535
2024-06-18 00:00:00+00:00,1066425.0,3225008.05562106,-270.96111123000446,0.07276304,0.0074031633333333,632559777817.2992,1538.28471759,1818404.32991468,2.13672772,17394874720.012913,0.8448453697511846,0.99918707
2024-06-17 00:00:00+00:00,948822.0,3225279.01673229,1862.8761178399943,0.05888327,0.0058281066666666,582620847989.6177,1537.62057356,1818384.92412429,2.18005511,17952034232.454132,0.7781479066232148,1.00419511
2024-06-16 00:00:00+00:00,1040265.0,3223416.14061445,-619.320136209999,0.06768996,0.0056644983333333,678337130159.3406,1537.18576885,1818919.41360215,2.18666688,18157090066.548603,0.9184324393632456,1.00384849
2024-06-15 00:00:00+00:00,841905.0,3224035.46075066,2145.8022263000003,0.09706986,0.0052528566666666,557651383075.777,1536.34177383,1818714.21399971,2.17194143,17941220256.166542,0.7777404135031787,1.00822919
2024-06-14 00:00:00+00:00,910146.0,3221889.65852436,4531.314773220001,0.11591613,0.00979355,532681918161.9362,1535.87078212,1819469.26740924,2.16724095,17935416407.415016,0.7625391909364083,1.00338791
2024-06-13 00:00:00+00:00,1009924.0,3217358.34375114,-6817.207302719999,0.11267389,0.0078666583333333,603428735417.8184,1535.26040434,1819223.63523146,2.19147804,18262524553.599056,0.8714460746794156,1.00352238
2024-06-12 00:00:00+00:00,1007895.0,3224175.55105386,-6589.008088260001,0.09265141,0.0105488283333333,607590312903.4585,1534.51745952,1818791.86311286,2.24178552,18409592674.79186,0.8691483398740664,1.01300877
2024-06-11 00:00:00+00:00,878151.0,3230764.55914212,-11842.240723119998,0.10339749,0.0078080233333333,511874030733.73553,1534.0955234,1818404.24936055,2.21288402,18309468307.951405,0.7346898980656569,1.02256828
2024-06-10 00:00:00+00:00,1008098.0,3242606.79986524,633.1423291000028,0.13145878,0.0079415166666666,578459270503.9775,1535.45268849,1819016.92368566,2.29049212,19047292669.11337,0.884037626379977,1.00737379
2024-06-09 00:00:00+00:00,1054113.0,3241973.65753614,823.9069963599995,0.13338288,0.007183645,636721355302.9393,1534.80675392,1819201.18010818,2.29536957,19006002037.458576,0.9742980638049452,1.00759579
2024-06-08 00:00:00+00:00,999348.0,3241149.75053978,7832.598987790001,0.22441255,0.0080500466666666,715791327530.1018,1534.07752984,1819267.27789764,2.28538663,18656244456.05948,1.22312172586985,1.00636937
2024-06-07 00:00:00+00:00,672974.0,3233317.15155199,-4090.660566340004,0.41334745,0.0171903433333333,590944002960.898,1533.40809606,1823792.79646596,2.28685466,18739928088.04007,1.3599349844167004,1.01597575
2024-06-06 00:00:00+00:00,949531.0,3237407.81211833,-5900.1634669999985,0.13679733,0.0211067783333333,553489805590.1368,1532.82746347,1819083.17892689,2.33773469,19144490784.709015,0.8722194672180029,1.03080335
2024-06-05 00:00:00+00:00,915385.0,3243307.97558533,-2420.671038200002,0.12812043,0.017610035,515938901723.60675,1532.83298949,1818983.60279218,2.35538737,19183050522.628777,0.7995747764946854,1.01417146
2024-06-04 00:00:00+00:00,1016239.0,3245728.64662353,-9523.59663616,0.07757717,0.0085171933333333,562079779113.5228,1532.3905537,1819718.07155894,2.34039114,18678499452.746845,0.8068548377827485,1.01353804
2024-06-03 00:00:00+00:00,1147466.0,3255252.24325969,1194.5120684700014,0.08185511,0.0132475866666666,658556159110.62,1531.89613464,1819345.71952571,2.28559769,17644186019.330917,0.9408881965928962,1.01822814
2024-06-02 00:00:00+00:00,1015291.0,3254057.73119122,1198.27894604,0.07433542,0.010220245,587247530417.1134,1531.76871522,1819459.00006969,2.25504958,16952582159.873615,0.8194892245230857,1.00607547
2024-06-01 00:00:00+00:00,1007578.0,3252859.45224518,1851.2599553599991,0.09121683,0.0134333366666666,591442155634.3785,1531.0404388,1819295.47979302,2.25591355,16906226267.56421,0.8394565388371559,1.00598338
2024-05-31 00:00:00+00:00,1123333.0,3251008.19228982,5744.873063420004,0.13031945,0.00935044,620804532155.2341,1530.2780502,1819801.92218354,2.24898708,17004266732.077429,0.924391097612669,1.00578009
2024-05-30 00:00:00+00:00,964993.0,3245263.3192264,-10785.07545535,0.08879314,0.0081568466666666,515938901723.60675,1529.63577782,1820178.16760738,2.27807974,16787292042.641151,0.7360331862975611,1.00886589
2024-05-29 00:00:00+00:00,976169.0,3256048.39468175,4622.877135660001,0.08334784,0.0159806566666666,574663654765.3181,1529.12126756,1819452.21440784,2.25453039,17024608737.31169,0.8124039617879499,1.00599374
2024-05-28 00:00:00+00:00,930203.0,3251425.51754609,-7139.164559059998,0.04127209,0.0165531016666666,562079779113.5228,1528.46666265,1819624.97698398,2.28205649,16715973920.984991,0.7632446096114067,1.16605317
2024-05-27 00:00:00+00:00,917761.0,3258564.68210515,-713.2204022799997,0.05448392,0.0213137399999999,515938901723.60675,1553.81257844,1819185.19469872,2.35663154,16700339650.410408,0.7205005434109913,1.01930766
2024-05-26 00:00:00+00:00,931761.0,3259277.90250743,1221.1652456200009,0.03579809,0.0131538533333333,704697036500.536,1553.38630543,1819187.97103037,2.32876308,16243993829.815342,0.9618944841720104,1.0118809
2024-05-25 00:00:00+00:00,966822.0,3258056.73726181,649.2656091099998,0.04048399,0.008427925,671140034762.4153,1552.76744103,1819418.68710949,2.35744195,16445481998.067322,0.9215465659116032,1.0101811
2024-05-24 00:00:00+00:00,1026701.0,3257407.4716527,-1939.3222474799984,0.04434078,0.0099569333333333,671140034762.4153,1551.92588274,1819569.51099183,2.33334224,16055457240.670666,0.9119055017059186,1.00993651
2024-05-23 00:00:00+00:00,1059758.0,3259346.79390018,2666.3665546999982,0.05366367,0.013237525,708891661717.8011,1551.43292261,1819710.52415145,2.31478,15981139962.497875,0.9840058149787132,1.0147717
2024-05-22 00:00:00+00:00,975924.0,3256680.42734548,719.3853782099977,0.04258612,0.0109218733333333,632399054824.7504,1551.09475893,1819592.40017281,2.35872746,16604453190.156813,0.8957012631132876,1.0155128
2024-05-21 00:00:00+00:00,955576.0,3255961.04196727,12894.47855601,0.06203792,0.0214858899999999,570399147488.9906,1551.0255586,1821323.18349297,2.39567465,16758158408.653784,0.833315082664301,1.02333913
2024-05-20 00:00:00+00:00,951535.0,3243066.56341126,-3937.6571550599983,0.03498062,0.0073737916666666,644799036291.9023,1550.60659629,1822889.95753132,2.44642039,16522179382.059977,0.8786403718202807,1.01704394
2024-05-19 00:00:00+00:00,975540.0,3247004.22056632,-790.8040167100007,0.03286958,0.0058582983333333,636532381980.4678,1550.10397017,1821145.81840017,2.27332131,15898482051.826616,0.8559204626736203,1.00914816
2024-05-18 00:00:00+00:00,795106.0,3247795.02458303,-1876.294326709998,0.04265902,0.00116757,529065875931.8173,1549.39980348,1821221.13279968,2.29694647,16114695868.050358,0.7202080718965025,1.00635732
2024-05-17 00:00:00+00:00,908994.0,3249671.31890974,-6970.132790819996,0.04274378,-0.0002443383333333,640665709136.185,1548.59977284,1822080.65597047,2.30172936,16032392417.038168,0.8633104976890109,1.01200192
2024-05-16 00:00:00+00:00,868483.0,3256641.45170056,4561.4495629899975,0.04865817,0.0069370366666666,586932456111.8599,1548.03906653,1822012.1180504,2.24322872,15551208790.044582,0.7901798425445724,1.01336923
2024-05-15 00:00:00+00:00,912841.0,3252080.00213757,-14902.38629293,0.04917318,0.00203913,582799128956.1426,1547.4628039,1822316.07152893,2.27959794,16205088456.11576,0.7606425634331996,1.03218356
2024-05-14 00:00:00+00:00,809691.0,3266982.3884305,895.054884000001,0.04880491,0.0085563733333333,562132493177.5559,1548.57837556,1821982.40600405,2.12569097,14352369457.06481,0.7128446060344259,1.00715102
2024-05-13 00:00:00+00:00,939433.0,3266087.3335465,-300.0859153499987,0.05444538,0.0075576283333333,607599091890.4465,1548.12525844,1822024.24380538,2.1741755,15023917310.248596,0.781019818287223,1.00823057
2024-05-12 00:00:00+00:00,769275.0,3266387.41946185,164.84253075000015,0.05019083,0.0038156583333333,545599184554.68665,1547.505748,1822285.94121655,2.1246916,14537380062.8884,0.6842790047754438,1.00791614
2024-05-11 00:00:00+00:00,990769.0,3266222.5769311,-311.58552560000135,0.0689875,0.0054254583333333,657199017759.0543,1546.98447774,1821995.92512712,2.1032536,14562429915.603413,0.8374739488468781,1.0055037
2024-05-10 00:00:00+00:00,991405.0,3266534.1624567,3705.17308869,0.0644463,0.0026447716666666,599332437579.0118,1546.25409031,1822148.76379637,2.10330952,14701981280.773493,0.775585483212114,1.00086267
2024-05-09 00:00:00+00:00,891469.0,3262828.98936801,-3719.7041191399985,0.06318704,0.005558165,599332437579.0118,1545.5314617,1822430.33680208,2.1822652,14565300717.521795,0.7703275670381659,1.0044476
2024-05-08 00:00:00+00:00,879871.0,3266548.69348715,2451.269358729998,0.07085516,0.0038501233333333,556219753193.9847,1544.83214952,1822762.42960382,2.11793705,14383511698.257065,0.6839598397017097,1.0100287
2024-05-07 00:00:00+00:00,883856.0,3264097.42412842,-83.20204396999907,0.08612728,0.0037299633333333,534321337713.9066,1544.22870268,1822990.69826303,2.15857608,14690473174.467972,0.6815092003172383,1.0053576
2024-05-06 00:00:00+00:00,918911.0,3264180.62617239,-3111.6765184999967,0.09597984,0.005279525,534321337713.9066,1543.51092754,1822798.83066048,2.18921716,14695354414.669716,0.692838620314214,1.01193069
2024-05-05 00:00:00+00:00,976709.0,3267292.30269089,2392.159068520001,0.22239891,0.0067943166666666,608775950346.1724,1543.03930607,1822894.07019957,2.22045703,15034031251.923054,0.9146666495595012,1.00608989
2024-05-04 00:00:00+00:00,1025682.0,3264900.14362237,-3648.527801870001,0.09433884,0.0065993283333333,617535316538.2036,1542.17136243,1822611.5636357,2.21712117,15085952548.202602,0.7927642248445983,1.01120248
2024-05-03 00:00:00+00:00,958737.0,3268548.67142424,1217.234649689999,0.07811095,-0.0061099033333333,564979119386.016,1541.3768847,1822932.52700083,2.18320453,14885903391.296774,0.6822988687832416,1.00711348
2024-05-02 00:00:00+00:00,948547.0,3267331.43677455,2125.6147644099983,0.07241184,-0.0024532783333333,635054048922.2661,1540.88334152,1822753.62520142,2.05208341,13861941255.766323,0.7326319930658188,0.99729225
2024-05-01 00:00:00+00:00,938921.0,3265205.82201014,2991.7839567400006,0.08389751,0.01498579,578118168674.0629,1540.33087345,1823932.58319824,2.0252465,13948733527.176647,0.6748174595733657,0.98657169
2024-04-30 00:00:00+00:00,1068985.0,3262214.0380534,7168.904996409998,0.09331801,0.0088553283333333,617535316538.2036,1539.85772563,1823299.48254169,2.10401666,14880385880.615686,0.7727262462710451,1.00426043
2024-04-29 00:00:00+00:00,942050.0,3255045.13305699,4594.937060030003,0.09991229,0.0024891366666666,573738485578.0472,1539.65684725,1823196.4802007,2.21624599,14797725515.518814,0.7329226184710537,1.00570308
2024-04-28 00:00:00+00:00,984146.0,3250450.19599696,3765.81391375,0.10845543,0.0070431883333333,613155633442.188,1539.13721,1822839.41846338,2.19139454,14488834014.441776,0.8025918708586406,1.01564947
2024-04-27 00:00:00+00:00,986664.0,3246684.38208321,614.4942003900032,0.12602347,0.004349545,613155633442.188,1538.5424888,1822846.98156545,2.20589668,14882905071.954542,0.8111406435738548,1.00713729
2024-04-26 00:00:00+00:00,1002551.0,3246069.88788282,-5188.286941660001,0.18912717,0.0044163816666666,578118168674.0629,1538.02092828,1823286.11841526,2.21707623,14647252963.277931,0.838351403800852,1.00237801
2024-04-25 00:00:00+00:00,1084376.0,3251258.17482448,4857.974634270002,0.19127128,0.0049542433333333,626294682730.2349,1537.39406834,1822941.34457733,2.2430153,14779173540.669275,0.9132306045511182,1.00495612
2024-04-24 00:00:00+00:00,1106169.0,3246400.20019021,8905.420935150003,0.34815643,0.0063122233333333,678850879882.4224,1536.8171215,1824880.46101498,2.23582385,15075984522.098385,1.256441682490038,1.05646613
2024-04-23 00:00:00+00:00,1076918.0,3237494.77925506,-1485.5141523499988,0.45516389,-0.000224545,717164559033.2616,1536.98874603,1830865.08925665,2.32217704,15044169503.07574,1.642400016386658,1.00675886
2024-04-22 00:00:00+00:00,1066217.0,3238980.29340741,-2709.039010890003,0.34836353,0.0043435883333333,652748580676.9806,1536.45365721,1827389.77763326,2.33797174,15278142715.142685,1.2451403139933588,1.01258194
2024-04-21 00:00:00+00:00,989546.0,3241689.3324183,1417.1609244399988,0.44023324,0.0033190166666666,601215797991.9558,1535.77134903,1826261.98641917,2.27479097,14545434361.15425,1.3149921091708388,1.00736173
2024-04-20 00:00:00+00:00,864428.0,3240272.17149386,328.02248335999866,0.75443744,-0.0044504366666666,558271812421.1018,1534.98097009,1826748.13469251,2.27600024,14561961590.370718,2.771049444816568,1.0053097
2024-04-19 00:00:00+00:00,997670.0,3239944.1490105,2652.3836493400013,0.11025121,-0.0003920416666666,648454182119.8951,1534.15371846,1826909.93594899,2.23692844,14116037372.107702,1.760899020753936,1.01344343
2024-04-18 00:00:00+00:00,943848.0,3237291.76536116,-5326.177908939993,0.10658196,0.0032666716666666,622687790777.3828,1533.81396837,1825295.73572328,2.22817769,14278148802.305996,1.6601772886770425,1.00928146
2024-04-17 00:00:00+00:00,868910.0,3242617.9432701,6237.726072259997,0.12289045,0.006336405,588332602320.6996,1533.94726969,1824133.84920412,2.15261693,14037740429.8557,1.6017640679559622,0.99872388
2024-04-16 00:00:00+00:00,1076906.0,3236380.21719784,-4548.8422222500085,0.08421792,0.012308555,708575761919.0908,1533.47923827,1823355.19230465,2.24091735,14137855736.46118,1.866370639583434,1.0067485
2024-04-15 00:00:00+00:00,996084.0,3240929.05942009,-5079.437754550003,0.14959568,0.0062507133333333,605510196549.0413,1533.80326164,1824220.96221476,2.23029453,14616158719.46499,1.7787085847748056,1.00483754
2024-04-14 00:00:00+00:00,1018135.0,3246008.49717464,2283.1945746799975,0.07202471,0.0185997533333333,674220573462.4076,1533.38732305,1823467.14116481,2.31194058,14679843694.949314,1.7980677618371816,0.99988866
2024-04-13 00:00:00+00:00,1095294.0,3243725.30259996,231.13022826999804,0.09331818,0.00902653,704281363362.0054,1532.78388758,1824238.27268073,2.25052563,14285961461.180788,1.9967914000528544,0.99677456
2024-04-12 00:00:00+00:00,1002627.0,3243494.17237169,-1130.947740540003,0.15609224,0.0088730016666666,584038203763.6143,1532.13088534,1824501.09287401,2.36097457,16725941155.282513,1.8577705726173648,1.01069441
2024-04-11 00:00:00+00:00,965157.0,3244625.12011223,-2252.7239338100044,0.11231074,0.0091730033333333,566860609535.2726,1531.66601029,1824601.53382074,2.46523506,17080717027.793846,1.7503509832868096,1.01077588
2024-04-10 00:00:00+00:00,1061088.0,3246877.84404604,-6895.17034112,0.06890012,0.0077820066666666,648454182119.8951,1531.06894736,1822991.38097411,2.48994347,17124994070.36184,1.8764828776787004,1.00736954
2024-04-09 00:00:00+00:00,1081226.0,3253773.01438716,8012.074066630004,0.04922738,0.008941675,603310755886.0227,1530.53808288,1822591.13584274,2.43858125,17259620360.60484,1.8071598473948571,1.01064457
2024-04-08 00:00:00+00:00,1058575.0,3245760.94032053,3136.766181769992,0.03245051,0.01635868,652897941301.3123,1530.2142592,1822011.62306897,2.5298705,17865700714.40222,1.95595472639089,1.01800665
2024-04-07 00:00:00+00:00,1116184.0,3242624.17413876,2461.8395322899996,0.02003555,0.0110817633333333,702485126716.6018,1529.77029289,1821432.1954297,2.4552676,16787099611.139223,2.0341106723972655,1.00992803
2024-04-06 00:00:00+00:00,1136858.0,3240162.33460647,-85.49321866000173,0.01819963,0.0067822199999999,640501144947.4899,1529.12535689,1821941.95192053,2.44044788,16320899495.926111,1.8218296812895376,1.01374801
2024-04-05 00:00:00+00:00,1075206.0,3240247.82782513,3977.7939359100055,0.02192456,0.0047829383333333,611575286788.571,1528.57772623,1821778.46226101,2.40632715,15900017867.110603,1.7366012150383423,1.0052344
2024-04-04 00:00:00+00:00,1038706.0,3236270.03388922,-9591.884007370012,0.02614995,0.0063950483333333,566120366824.5555,1527.95780812,1821644.84222978,2.43135944,16555229080.120876,1.6051985734218328,1.00933464
2024-04-03 00:00:00+00:00,1049647.0,3245861.91789659,1391.0831697899994,0.03015351,0.0070613883333333,586781694080.9263,1527.50526839,1821438.11457337,2.34405037,16334102092.461382,1.653468346815466,1.0128083
2024-04-02 00:00:00+00:00,1039178.0,3244470.8347268,-80.09293940999487,0.02374218,0.0076335366666666,611575286788.571,1527.08244407,1821333.7049382,2.32913249,16160741791.28197,1.724203734202722,1.02238426
2024-04-01 00:00:00+00:00,1031541.0,3244550.92766621,-8468.165659349994,0.02824437,0.0324529816666666,619839817691.1193,1527.53281187,1821486.73849353,2.48541071,17449949894.17262,1.8487511665395324,1.03299329
2024-03-31 00:00:00+00:00,821787.0,3253019.09332556,1186.146406330001,0.03171888,0.0537624983333333,566120366824.5555,1530.29384149,1822027.21950182,2.55722027,17647622532.912277,1.7191083951801336,1.0129104
2024-03-30 00:00:00+00:00,1087964.0,3251832.94691923,450.64785311000014,0.02992612,0.0340575716666666,640501144947.4899,1529.77329117,1821853.52367596,2.49842389,17038656277.530476,1.933623868516024,1.01103041
2024-03-29 00:00:00+00:00,1048408.0,3251382.29906612,2858.310315050003,0.03154299,0.0300995033333333,595046224983.4745,1529.14567052,1821668.36805106,2.5103191,17048452861.164667,1.8050716832273368,1.00849243
2024-03-28 00:00:00+00:00,1106775.0,3248523.98875107,-12007.610459449992,0.03080389,0.039248445,628104348593.6675,1528.66609574,1822149.70191131,2.54597419,17762564906.170322,1.9212440158880195,1.03461634
2024-03-27 00:00:00+00:00,949813.0,3260531.59921052,4215.5008562700095,0.03446638,0.0388311766666666,567537982276.2701,1529.83180518,1821461.33147762,2.50842829,17366441250.89947,1.713742498898206,1.01201677
2024-03-26 00:00:00+00:00,935150.0,3256316.09835425,-189.66703801999392,0.03646824,0.02986139,559191835478.0897,1529.50098412,1821875.00669481,2.53181424,17190987272.47634,1.7107203611317552,1.01179687
2024-03-25 00:00:00+00:00,988020.0,3256505.76539227,1814.9326012100064,0.03263363,0.023004935,550845688679.9093,1529.88639871,1825764.36684848,2.53301436,17064397589.464188,1.6403468252673916,1.06655228
2024-03-24 00:00:00+00:00,1064400.0,3254690.83279106,-3169.455857719997,0.01965361,0.0195637833333333,709422477845.3378,1532.50463345,1824140.62563877,2.4605066,15934334542.458012,1.9888679844650987,1.01458664
2024-03-23 00:00:00+00:00,1044009.0,3257860.28864878,-4759.553338560003,0.02457651,0.0131175983333333,650999450258.0746,1532.20340026,1823569.86914744,2.3448037,15081830667.163822,1.825472201377304,1.13243021
2024-03-22 00:00:00+00:00,963298.0,3262619.84198734,-11078.957230130009,0.04260819,0.0120996083333333,559191835478.0897,1539.56636048,1823664.85703347,2.36155536,15022491652.211449,1.5998911110058245,1.02256494
2024-03-21 00:00:00+00:00,909376.0,3273698.79921747,-1150.945692170004,0.04832926,0.0125333716666666,500768807890.82666,1540.53600124,1824456.75107111,2.43011812,15304581101.831703,1.4909555936098242,1.02429282
2024-03-20 00:00:00+00:00,1093898.0,3274849.74490964,-6535.830082820001,0.034469,0.0144632666666666,621787936464.4431,1540.8924399,1824455.67093131,2.52384458,16006364277.86964,1.7499830326394523,1.0068059
2024-03-19 00:00:00+00:00,1117110.0,3281385.57499246,11333.400107469992,0.04483058,0.0256763616666666,655172523657.1648,1540.69350822,1825396.47954226,2.30608923,14891078601.363146,1.881789093417502,0.99644323
2024-03-18 00:00:00+00:00,1017010.0,3270052.17488499,-2602.45936275,0.04445231,0.0187060316666666,600922569468.992,1540.44224092,1824693.73489613,2.51636268,16243352946.270218,1.8245791234942357,1.01562476
2024-03-17 00:00:00+00:00,1026657.0,3272654.63424774,-10690.08920889,0.02721083,0.0284978616666666,609268716267.1724,1540.36545198,1824357.64076884,2.55002698,16367999821.569744,1.8034755990954765,1.03006275
2024-03-16 00:00:00+00:00,1076628.0,3283344.72345663,7058.301663160004,0.04072309,0.0198764066666666,600922569468.992,1541.31506112,1824494.8151586,2.44087054,15738830732.645254,1.8403781232993028,1.00998901
2024-03-15 00:00:00+00:00,1000317.0,3276286.42179347,-7944.249673140002,0.04469975,0.0244563483333333,529980321684.4582,1540.76069589,1826247.04631404,2.60117968,16594648857.783075,1.6448078684568528,1.0109388
2024-03-14 00:00:00+00:00,1070971.0,3284230.67146661,-16294.52894576,0.03688769,0.0434640866666666,588403349271.7213,1540.6821625,1825188.64435563,2.67606351,18275465879.680748,1.91055494126478,1.02503548
2024-03-13 00:00:00+00:00,1190791.0,3300525.20041237,552.5465608999948,0.03441849,0.03768907,631131351334.5697,1541.65042477,1824721.73979459,2.75253304,17877259569.872868,2.1860346214482376,1.08662577
2024-03-12 00:00:00+00:00,1141110.0,3299972.65385147,6698.914555230003,0.0419664,0.0676072216666666,556184503363.5895,1542.41083904,1825338.78617993,2.74012383,17692282373.04003,1.920855616785325,1.02755138
2024-03-11 00:00:00+00:00,1249158.0,3293273.73929624,11041.529921580004,0.03718528,0.0822416516666666,670577060792.9802,1542.52864539,1825113.55731323,2.77948811,17950314331.58725,2.287718360058745,1.04857771
2024-03-10 00:00:00+00:00,1001878.0,3282232.20937466,2975.1600531399963,0.03927958,0.0537259166666666,564073645255.2716,1543.04326797,1825501.03281071,2.6841628,16601530061.996656,1.8952355529462983,1.02352003
2024-03-09 00:00:00+00:00,1053358.0,3279257.04932152,1038.1300084699978,0.03841996,0.020884005,642965064172.0929,1543.15071282,1825556.91207595,2.66637462,15725036212.83929,2.1350691782100495,1.02231025
2024-03-08 00:00:00+00:00,1101513.0,3278218.91931305,-4830.600615740012,0.04754978,0.032571575,607463925659.5233,1542.76330148,1825602.07123971,2.66768783,15673631451.362768,2.025948777571031,1.03916948
2024-03-07 00:00:00+00:00,1183104.0,3283049.51992879,1704.989388499991,0.04430728,0.0289244816666666,710022770251.3909,1543.35843935,1825541.61422581,2.62763121,15502315634.202309,2.3379086424266764,1.04605412
2024-03-06 00:00:00+00:00,1072135.0,3281344.53054029,-7132.9881665099965,0.07161117,0.03564234,552239932417.7484,1544.1584608,1825677.72513215,2.61854635,15266967989.697245,1.85377080088962,1.08778683
2024-03-05 00:00:00+00:00,1288838.0,3288477.5187068,14515.74440558,0.08998706,0.0743639,658743347955.4572,1546.75411419,1825713.64385156,2.56407831,14918323522.280636,2.276468089649908,1.03878962
2024-03-04 00:00:00+00:00,987804.0,3273961.77430122,2741.519835050014,0.09312785,0.0689075183333333,508849652013.4968,1548.16242613,1829194.45493344,2.77067786,16602081839.426851,1.7520305015515667,1.04344659
2024-03-03 00:00:00+00:00,1007530.0,3271220.25446617,1029.090430909997,0.04546003,0.0397357433333333,611408496605.3644,1548.64390795,1826085.37841305,2.57913652,14774048338.734756,1.905241786140288,1.01610934
2024-03-02 00:00:00+00:00,976756.0,3270191.16403526,1951.5132769699992,0.05026477,0.033925295,500960510121.8147,1548.09132584,1825182.20554379,2.53736835,14179858028.800856,1.5702579086224762,1.01240894
2024-03-01 00:00:00+00:00,1189013.0,3268239.65075829,-13280.331577549994,0.0579039,0.045899185,607463925659.5233,1547.48950507,1826300.36785993,2.55607737,14329230660.87094,1.919704111234104,1.04534897
2024-02-29 00:00:00+00:00,1089376.0,3281519.98233584,6713.514160520004,0.08302931,0.064709255,540324029732.2401,1549.98503947,1829758.32734148,2.52259136,13912492710.357315,1.714477002700435,1.03298639
2024-02-28 00:00:00+00:00,1155885.0,3274806.46817532,14899.464485980005,0.06048054,0.0481849566666666,605325416767.6975,1550.63903715,1829262.03319692,2.59183556,14242631319.201824,1.7938062645870974,1.07580632
2024-02-27 00:00:00+00:00,1030641.0,3259907.00368934,-5746.719478230007,0.0563756,0.0436301883333333,524073682973.37573,1552.17024618,1828425.5472669,2.39957713,13767402338.407764,1.4796878710358172,1.03591634
2024-02-26 00:00:00+00:00,1012696.0,3265653.72316757,-4020.2390687300062,0.03721744,0.0171616016666666,540324029732.2401,1552.24500109,1829893.92751142,2.30483681,13791206250.05823,1.3909116618338822,1.0209095
2024-02-25 00:00:00+00:00,1086252.0,3269673.9622363,1228.0076751000015,0.02317472,0.0180819433333333,666264217113.4388,1551.83115252,1827291.41905236,2.19178319,12956451166.841576,1.667762171529718,1.00904725
2024-02-24 00:00:00+00:00,912736.0,3268445.9545612,780.7491308800018,0.0294283,0.0150045333333333,556574376491.1045,1551.16512734,1827090.22960599,2.18628467,13120323008.306046,1.3950128557606798,1.00937513
2024-02-23 00:00:00+00:00,1070572.0,3267665.20543032,-6809.069320909999,0.03008621,0.0090982516666666,645951283664.8584,1550.46362501,1827365.53352792,2.15254728,12946912208.913568,1.61928527835487,1.02122626
2024-02-22 00:00:00+00:00,965972.0,3274474.27475123,7707.904248890001,0.03239033,0.0193452533333333,548449203111.67224,1550.28812986,1828558.71750889,2.1784303,12757006972.629736,1.3945754612787378,1.01909895
2024-02-21 00:00:00+00:00,901929.0,3266766.37050234,115.23042033999808,0.03526698,0.0122361133333333,560636963180.8206,1550.3843338,1828589.96991507,2.20806859,13076069464.2032,1.430023534300897,1.01154629
2024-02-20 00:00:00+00:00,969733.0,3266651.140082,-2669.9894026299953,0.03483144,0.0107790866666666,572824723249.9688,1550.14032822,1828315.55474319,2.22820122,13087797529.723248,1.474705875640079,1.00885463
2024-02-19 00:00:00+00:00,970218.0,3269321.12948463,-11734.50898318,0.03315845,0.0199831683333333,552511789801.3883,1549.6816664,1828341.23779142,2.21046179,13346459767.148304,1.4297106294018624,1.03581714
2024-02-18 00:00:00+00:00,851429.0,3281055.63846781,3003.88018724,0.03164351,0.0158704766666666,491572989455.647,1550.83439292,1828515.62317845,2.23360999,13194384096.421017,1.2626962168426406,1.01320976
2024-02-17 00:00:00+00:00,942886.0,3278051.75828057,3001.1264094,0.02993638,0.0106307566666666,609388003457.4136,1550.1507777,1828567.94285987,2.2143152,13357606393.659485,1.5608152830514683,1.01054207
2024-02-16 00:00:00+00:00,970159.0,3275040.65190628,-5965.385801630007,0.03770932,0.0203032616666666,544386616421.9562,1549.51029313,1828684.28578247,2.23751781,13322716410.759676,1.4205492517162692,1.01510503
2024-02-15 00:00:00+00:00,963563.0,3281016.0176728,7.132307840001886,0.03780083,0.0128488366666666,637826110285.4263,1549.31128331,1828898.77134742,2.23154657,13286262472.69389,1.6677085690034406,1.01990084
2024-02-14 00:00:00+00:00,862669.0,3281008.88536496,-11699.60001501,0.05870232,0.0126874116666666,521699388499.0747,1549.13328591,1829039.47378153,2.23294282,13583535019.54952,1.478273761390903,1.03885194
2024-02-13 00:00:00+00:00,942823.0,3292708.48537997,-5489.3011706800025,0.05322158,0.0132863833333333,506686456455.93585,1549.41345096,1828282.19001565,2.15169768,12797178984.506466,1.3950997921268675,1.0140407
2024-02-12 00:00:00+00:00,1158585.0,3298197.78655065,7327.105778109995,0.05664219,0.0130633316666666,671828708930.4631,1549.02900488,1828548.97506504,2.16527399,13312728702.399033,1.8257923667839304,1.02302093
2024-02-11 00:00:00+00:00,1006859.0,3290870.68077254,4691.6568647899985,0.03240068,0.0140743483333333,514192922477.5053,1548.81110142,1829022.73291031,2.10023283,12501360389.885468,1.3507775292723094,1.01327654
2024-02-10 00:00:00+00:00,1096482.0,3286179.02390775,-348.6932309199983,0.04155582,0.00624903,570491417639.276,1548.21538848,1829513.05587925,2.07818948,12079551248.49015,1.4913922499735472,1.01205002
2024-02-09 00:00:00+00:00,1092294.0,3286527.71713867,1257.7612576899992,0.05009714,0.0081208116666666,623036679790.2618,1547.58855512,1830380.14034315,2.05336435,11694258315.00625,1.62550971629131,1.01729852
2024-02-08 00:00:00+00:00,979656.0,3285269.95588098,-457.72574925000663,0.05787713,0.0129947666666666,517946155488.2901,1547.15488147,1830947.62975746,1.97609296,11728835689.1927,1.3115337743442084,1.01440204
2024-02-07 00:00:00+00:00,1007243.0,3285727.68163023,-4268.338666000003,0.06809728,0.0083464416666666,600517281725.5536,1546.66438959,1831401.00896945,1.93684668,11180871013.53896,1.48414332963538,1.0087759
2024-02-06 00:00:00+00:00,972498.0,3289996.02029623,-854.7184699099962,0.04759936,0.010340455,638049611833.4008,1546.24082178,1830296.77755947,1.88415746,10603714178.96485,1.5350332705306446,1.01422027
2024-02-05 00:00:00+00:00,948535.0,3290850.73876614,435.3515485500029,0.06234158,0.01016978,585504349682.4148,1546.69402516,1831161.08358631,1.86734412,10415330232.99112,1.4287250994087128,1.00680822
2024-02-04 00:00:00+00:00,927999.0,3290415.38721759,2131.65474663,0.09223364,0.00530237,581751116671.6301,1546.35777252,1832363.32908596,1.86502057,10108884063.318632,1.4723784617692046,1.004114
2024-02-03 00:00:00+00:00,983358.0,3288283.73247096,-781.858750440002,0.15803967,0.0077381683333333,566738184628.4912,1545.76819759,1832374.16634827,1.88432497,10175490573.416534,1.5581841587564098,1.00260678
2024-02-02 00:00:00+00:00,1083848.0,3289065.5912214,-6690.2127030300035,0.05299272,0.00882199,705607806027.5255,1544.9530807,1832423.50567396,1.89240547,10106007808.391096,1.7274750550034337,1.00704582
2024-02-01 00:00:00+00:00,1070918.0,3295755.80392443,-4484.429127520001,0.0563945,0.00593735,535009687198.72656,1544.72782811,1832225.26838811,1.88898258,10128244229.789265,1.395790416040362,1.00234006
2024-01-31 00:00:00+00:00,1012268.0,3300240.23305195,12968.788194960012,0.05738191,0.00602404,458080189693.0273,1544.31505126,1835091.07275847,1.86635632,9983227444.908705,1.2133502005932622,1.01162695
2024-01-30 00:00:00+00:00,1080833.0,3287271.44485699,-9512.695024760003,0.05425214,0.007405845,503538529128.21326,1544.41616606,1834419.95513071,1.88665818,10124063898.970695,1.3446119823859783,1.02344555
2024-01-29 00:00:00+00:00,1136834.0,3296784.13988175,984.7216943499952,0.054075,0.008988685,545500073222.231,1544.5805116,1835005.27182972,1.90711226,10358204438.268637,1.4275060425567143,1.00877546
2024-01-28 00:00:00+00:00,1089163.0,3295799.4181874,-227.9119988700004,0.05263089,0.0065374133333333,555990459245.7355,1544.36364176,1836107.55068661,1.852783,9950632810.597706,1.4459368752102677,1.00732892
2024-01-27 00:00:00+00:00,1173368.0,3296027.33018627,-92.35659427000064,0.05163893,0.0070725633333333,597952003339.7532,1543.60127945,1835284.03776872,1.85742684,10201712357.092571,1.5421695548711731,1.00658163
2024-01-26 00:00:00+00:00,1077043.0,3296119.68678054,-5060.011704029996,0.05494476,0.0113660916666666,531512891857.5584,1542.94397942,1834961.07693762,1.8446154,10305868433.771645,1.3517989570989273,1.00673724
2024-01-25 00:00:00+00:00,1199567.0,3301179.69848457,7194.527906749994,0.05365076,0.0089431333333333,632919956751.4347,1542.85869627,1835118.7356131,1.76387033,9777518936.46553,1.56899287807707,1.00828334
2024-01-24 00:00:00+00:00,1031387.0,3293985.17057782,3325.710922380007,0.06066277,0.0086539583333333,524519301175.2221,1543.2970032,1834223.99664734,1.77071593,9675558108.735895,1.3118033317136333,1.01908673
2024-01-23 00:00:00+00:00,969267.0,3290659.45965544,3545.8331634399947,0.0842183,0.0082157499999999,538506482539.8947,1545.31001244,1834559.08870287,1.76574344,9480610928.157034,1.36763042811701,1.00162694
2024-01-22 00:00:00+00:00,1153095.0,3287113.626492,3961.861101569986,0.07063423,0.0084067616666666,559487254586.9036,1545.53131276,1834770.4745544,1.7506856,9531739190.987415,1.4474185361818066,1.00009704
2024-01-21 00:00:00+00:00,1050318.0,3283155.09394136,-1051.7062508999988,0.07561883,0.0053143066666666,489551347763.54065,1545.91505418,1834533.89015901,1.8403267,9912120711.948492,1.3069054549667742,1.00183942
2024-01-20 00:00:00+00:00,1065975.0,3284203.47164133,1577.477645619998,0.0747269,0.0067626883333333,500041733787.0451,1545.14497121,1834295.42972174,1.84632173,9911270435.530136,1.333005192921653,1.00208582
2024-01-19 00:00:00+00:00,1002689.0,3282625.99399571,1165.842354790002,0.09258008,0.0080111783333333,480304985510.2683,1544.36107963,1834602.49759664,1.84398136,9906722341.627476,1.2470213325659418,1.00521704
2024-01-18 00:00:00+00:00,1023426.0,3281460.15164092,-1695.262987590002,0.12023627,0.0146275466666666,516691726836.8038,1544.28287267,1834899.32326137,1.83036751,10109215849.249329,1.4146626050569082,1.01911818
2024-01-17 00:00:00+00:00,924853.0,3283155.41462851,-1032.8277630199882,0.1215063,0.0049878333333333,440279570051.0793,1544.47246814,1834918.1027378,1.89816128,10131465287.060167,1.2254914265948482,1.00366353
2024-01-16 00:00:00+00:00,951792.0,3284188.24239153,-7072.1775568199955,0.13724903,0.0096984,454834266581.6935,1544.81009359,1836233.42050967,1.91594055,10072747643.381435,1.296982228997917,1.05499141
2024-01-15 00:00:00+00:00,920986.0,3291260.41994835,4379.480533939997,0.14145749,0.0132689133333333,414808851122.50446,1549.22884352,1835820.60992674,1.89726149,10050226246.707289,1.1825920582264318,1.00337447
2024-01-14 00:00:00+00:00,932551.0,3286880.93941441,-323.5681771700001,0.21497617,0.0096778233333333,465750288979.6541,1548.61307109,1836587.68955326,1.8622049,10254327074.287453,1.458734581626439,1.0022667
2024-01-13 00:00:00+00:00,1092776.0,3287204.50759158,-4767.045731209997,0.11312047,0.00295416,578549187091.9141,1547.99230511,1836771.36781504,1.91291975,10308166533.930271,1.6126457522905986,1.00034534
2024-01-12 00:00:00+00:00,1123402.0,3291971.55332279,2691.9136461799935,0.09298726,0.0193130166666666,611297254285.796,1547.27516807,1835754.94233849,1.91020157,10314334602.384232,1.751778156297376,1.00076999
2024-01-11 00:00:00+00:00,1128843.0,3289279.63967661,7792.009555249999,0.08564926,0.0171115266666666,629490624949.0637,1546.98901981,1836292.11429155,2.06956211,10613297668.130898,1.8605173098269017,1.01603564
2024-01-10 00:00:00+00:00,967940.0,3281487.63012136,13760.31084009001,0.09183538,0.0085058883333333,483943659642.9219,1546.66176776,1836273.19267526,2.08766046,10274329658.87962,1.4206695182633622,1.00947085
2024-01-09 00:00:00+00:00,1109327.0,3267727.31928127,3652.7242069299978,0.10581326,0.0118200983333333,549439794030.6857,1546.26954879,1836834.06897793,2.0664456,10355614055.811289,1.672776487451628,1.01935606
2024-01-08 00:00:00+00:00,927845.0,3264074.59507434,12548.865958409997,0.13979229,0.0025352333333333,447556918316.3864,1546.02968111,1836616.53504301,2.10911403,10913579654.166458,1.3665662941389685,1.01630673
2024-01-07 00:00:00+00:00,885185.0,3251525.72911593,-5945.86411889,0.09375001,0.0052929516666666,429363547653.11865,1545.52213213,1836972.85959411,1.97617536,10023179372.742338,1.2248653953190691,1.00752441
2024-01-06 00:00:00+00:00,971775.0,3257471.59323482,2786.3359032599983,0.09071367,0.0019719666666666,509414378571.4967,1544.80060678,1837154.68773389,1.97896733,9921854899.548414,1.442754631134633,1.00769396
2024-01-05 00:00:00+00:00,986311.0,3254685.25733156,7690.597900959998,0.1193425,0.0053826916666666,493963403988.7443,1544.07251628,1836789.64136871,1.98832421,9820375035.399014,1.4690553790627945,1.01627231
2024-01-04 00:00:00+00:00,1231301.0,3246994.6594306,3771.239360419997,0.10722065,0.0087776033333333,608505642594.83,1543.59332963,1839305.08793593,1.99116868,10209308823.046026,1.7786421335378175,1.07690441
2024-01-03 00:00:00+00:00,1201698.0,3243223.42007018,5534.673088739997,0.12899881,0.0082431533333333,565552303117.5479,1546.14468695,1838721.60318759,1.94634973,9868389874.738544,1.717041133523214,1.01304428
2024-01-02 00:00:00+00:00,1109288.0,3237688.74698144,-3318.743244139994,0.14824339,0.0493608516666666,468907289293.6631,1545.76556214,1838436.23113025,2.04489729,11233487997.988005,1.504585802924025,1.02406615
2024-01-01 00:00:00+00:00,1174482.0,3241007.49022558,-2757.441618959998,0.18499624,0.0388685416666666,554813968248.2273,1545.42728261,1842380.10152422,2.01399217,10915397676.461191,1.764525541497183,1.00782216
2023-12-31 00:00:00+00:00,1120983.0,3243764.93184454,4163.677748970003,0.26656885,0.03696715,558393413204.6675,1544.70200871,1839946.14853694,1.92799955,10322413109.124924,1.962005674650021,1.00999837
2023-12-30 00:00:00+00:00,1063123.0,3239601.25409557,9736.72061019,0.22578782,0.0368262583333333,519019518683.8256,1544.07237259,1846462.9216008,1.92263143,10496076158.8883,1.722326222591009,1.00849441
2023-12-29 00:00:00+00:00,1184466.0,3229864.53348538,-8443.908990559998,0.18316776,0.03981608,540496188422.4666,1543.61752039,1859689.82365629,1.92028716,10436652152.993546,1.7170318058816594,1.01660749
2023-12-28 00:00:00+00:00,1017846.0,3238308.44247594,-2010.61850651,0.23465904,0.0461565833333333,433112839729.2613,1544.29678398,1853838.75176613,1.94588205,10586605398.511156,1.4900002280485216,1.01094672
2023-12-27 00:00:00+00:00,963371.0,3240319.06098245,-44.423740640006145,0.24994144,0.029405155,461748399380.7827,1543.81455054,1849747.39312428,1.98837566,10780130558.433784,1.6227446423864895,1.04048978
2023-12-26 00:00:00+00:00,1012264.0,3240363.48472309,-2096.7917336000028,0.16189259,0.0454025666666666,497542848945.1845,1545.74201079,1847993.91546737,1.95082499,10718282398.287489,1.5679708251953544,1.01768045
2023-12-25 00:00:00+00:00,947496.0,3242460.27645669,13181.785862310004,0.16276062,0.0269730766666666,497542848945.1845,1545.21019321,1845247.61723962,2.00252523,10644812912.892746,1.5944086556960002,1.00729341
2023-12-24 00:00:00+00:00,1155291.0,3229278.49059438,-13029.47732325,0.14340669,0.0191725733333333,612085087551.2701,1544.52391853,1856318.98207655,1.97663057,10497354203.083126,1.936017911451038,1.02166034
2023-12-23 00:00:00+00:00,1150551.0,3242307.96791763,-2709.711042939998,0.1686864,0.0093175499999999,572711193030.4282,1544.62941933,1852414.44161032,2.01231961,10651440995.512104,1.8769127598814868,1.01326207
2023-12-22 00:00:00+00:00,1239202.0,3245017.67896057,503.86523264000425,0.23607931,0.0332851766666666,562093523000.8107,1544.05320555,1849688.94228652,2.02635772,10738254970.068808,2.158791599255341,1.01363235
2023-12-21 00:00:00+00:00,1076792.0,3244513.81372793,-3505.4718174500013,0.30758061,0.0248726933333333,488486037845.9426,1543.97008676,1846640.01297361,2.02314597,10905790820.672256,2.0753073261085015,1.01320092
2023-12-20 00:00:00+00:00,1062818.0,3248019.28554538,-1567.2589213199972,0.32001343,0.0192082883333333,485140243066.1759,1543.45375462,1843824.00086721,2.01462524,10962088579.30398,2.084024988605107,1.01899738
2023-12-19 00:00:00+00:00,1176051.0,3249586.5444667,-2570.116632899997,0.30111421,0.0243197833333333,542018754322.2103,1543.11541724,1843693.35938988,1.95448699,10463086572.85075,2.2437241687629665,1.01757352
2023-12-18 00:00:00+00:00,1246893.0,3252156.6610996,2474.2421039200053,0.27120634,0.0201407166666666,562093523000.8107,1542.72529779,1840962.66738389,1.97488882,10352697059.736897,2.1780812592061984,1.01452137
2023-12-17 00:00:00+00:00,1104844.0,3249682.41899568,6129.67778695,0.3697476,0.0303992916666666,501869216965.0095,1542.6818721,1841237.84076469,1.91740808,10160736737.259155,2.2848398792950744,1.00420403
2023-12-16 00:00:00+00:00,1122378.0,3243552.74120873,-8613.093455539998,0.37101102,0.020310875,508560806524.543,1541.89728011,1843174.96617646,1.95976088,10304614139.120668,2.3516307457723262,1.0120706
2023-12-15 00:00:00+00:00,1216813.0,3252165.83466427,4621.4116292399995,0.29251169,0.01497665,545364549101.97705,1541.39614023,1840234.34765152,1.94565428,10223782723.70817,2.261687684306882,1.01986876
2023-12-14 00:00:00+00:00,961690.0,3247544.42303503,-1025.5757017299984,0.26802472,0.007538335,488486037845.9426,1541.20331054,1840251.44265676,1.99919883,10586487896.59206,1.9857599993818889,1.01231036
2023-12-13 00:00:00+00:00,981440.0,3248569.99873676,4442.5130184900045,0.17442071,0.016987125,498523422185.2428,1540.55174275,1839809.64805586,1.99444617,10765215398.29731,1.7554777211075667,1.00884447
2023-12-12 00:00:00+00:00,1097992.0,3244127.48571827,-3797.29693063,0.11222387,0.01261524,481794448286.4092,1539.94414425,1840647.52826985,1.93111048,10394848983.281857,1.575363616380755,1.02195954
2023-12-11 00:00:00+00:00,1129605.0,3247924.7826489,11002.723128239995,0.12231325,0.017891265,528635575203.1434,1540.00356715,1838935.71064235,1.92361287,10369146999.573263,1.7682261518671134,1.00802763
2023-12-10 00:00:00+00:00,1043384.0,3236922.05952066,2413.0859262899976,0.11601405,0.0229358749999999,468411269167.3422,1539.68760241,1839066.20027002,2.04431933,11289518651.69212,1.6335473836469845,1.00851034
2023-12-09 00:00:00+00:00,1136350.0,3234508.97359437,5153.779367729996,0.12496966,0.0169545449999999,530377412433.15063,1538.99836229,1839820.63429454,2.04191357,11082030072.154274,1.8641172283024705,1.01473748
2023-12-08 00:00:00+00:00,1054730.0,3229355.19422664,5718.882402230003,0.15311674,0.022654535,456057010690.9257,1538.37812671,1840859.43847635,2.0659048,11289610939.477951,1.648286211838165,1.01336734
2023-12-07 00:00:00+00:00,1004699.0,3223636.31182441,6698.541648730003,0.19533096,0.0087675633333333,388493009107.0849,1537.96691339,1840000.26809221,2.02636041,11441391225.24348,1.478949927356446,1.01927654
2023-12-06 00:00:00+00:00,1012600.0,3216937.77017568,13542.154784469996,0.25677286,0.0121154116666666,459435210770.11774,1537.57961805,1843028.06198574,2.05255158,11499467731.02004,1.9102968019223785,1.0329328
2023-12-05 00:00:00+00:00,1016184.0,3203395.61539121,-8948.629239230002,0.21533074,0.0148591549999999,466191610928.50183,1537.72017032,1847236.14993109,2.07464214,11607843923.293615,1.7745162254184617,1.02265038
2023-12-04 00:00:00+00:00,1250232.0,3212344.24463044,6884.478906529999,0.13426599,0.0252061783333333,523621012274.76654,1537.49350382,1843767.23652596,1.98070809,11083225185.818638,1.775277957041857,1.0280911
2023-12-03 00:00:00+00:00,1202950.0,3205459.76572391,909.5680023799978,0.12094246,0.0148217166666666,557403013066.687,1537.56135403,1844388.11877138,1.89177189,10664726108.22228,1.7850218669097186,1.00954613
2023-12-02 00:00:00+00:00,978914.0,3204550.19772153,-2003.2850642799967,0.07392438,0.0106942416666666,425653209978.1973,1536.86915088,1843439.36805569,1.86876249,10644187797.122252,1.2766579270671772,1.0087314
2023-12-01 00:00:00+00:00,1209534.0,3206553.48278581,1588.4963918499998,0.08583173,0.0153788483333333,570915813383.4552,1536.17581202,1842784.09334571,1.83320341,11104713065.82116,1.7156543315819148,1.01465224
2023-11-30 00:00:00+00:00,1056818.0,3204964.98639396,-629.3895153999983,0.07769629,0.0067071516666666,452678810611.7337,1535.68953863,1842428.58177267,1.79033141,9998522654.826836,1.3298348118340335,1.00720596
2023-11-29 00:00:00+00:00,994250.0,3205594.37590936,-5600.368826880003,0.06967723,0.0058851749999999,459435210770.11774,1536.41934866,1843360.8044862,1.79763035,10025079201.596214,1.3476392147677727,1.01027452
2023-11-28 00:00:00+00:00,1071105.0,3211194.74473624,-6617.15535003,0.07899963,0.00821206,496595411641.2302,1535.81293854,1842945.38576817,1.79725497,9895753385.265133,1.4540482698491792,1.00972481
2023-11-27 00:00:00+00:00,1003648.0,3217811.90008627,-5188.455202919999,0.09917528,0.0064774983333333,439166010294.9655,1535.23058991,1843104.6014355,1.77110618,9574369256.161585,1.307743369739606,1.00292486
2023-11-26 00:00:00+00:00,1037389.0,3223000.35528919,-3450.3686733700015,0.0816591,0.0094413616666666,493217211562.0382,1534.54072871,1843253.79704115,1.7817409,9598324361.648155,1.4610421454366478,1.00533569
2023-11-25 00:00:00+00:00,1118178.0,3226450.72396256,-3815.68499256,0.08487287,0.0076486033333333,511215216197.103,1533.92881461,1843094.06504774,1.79801168,9736012508.704197,1.6076342159750237,1.00483249
2023-11-24 00:00:00+00:00,1275101.0,3230266.40895512,-1392.7900989000043,0.08521105,0.0132325333333333,540151926547.8825,1533.1673485,1842940.83303094,1.79571724,9760608318.01664,1.700303198546505,1.00820342
2023-11-23 00:00:00+00:00,764248.0,3231659.19905402,-363.913433679998,0.21826579,0.0118142016666666,331164574014.4756,1532.21159023,1842927.93488135,1.77702436,9709192047.077574,1.214555469893677,1.00761348
2023-11-22 00:00:00+00:00,1110808.0,3232023.1124877,-11051.393549059998,0.14758063,0.0089803633333333,456556985534.5197,1531.80686731,1843734.28902635,1.77060911,9608551650.140724,1.5045980194229425,1.00774439
2023-11-21 00:00:00+00:00,1121367.0,3243074.50603676,-2311.447239150002,0.15363274,0.0078611616666666,488708885924.2746,1531.70197521,1843765.19991747,1.7038699,9308190245.060991,1.6504458551334082,1.01524593
2023-11-20 00:00:00+00:00,1252545.0,3245385.95327591,-1534.9350709100036,0.1462406,0.01065997,533721546469.9315,1531.45107393,1843284.67361459,1.78935734,9843651361.68113,1.8018532044511564,1.01158582
2023-11-19 00:00:00+00:00,1215755.0,3246920.88834682,153.30762672000128,0.15881967,0.0080134633333333,546582306625.83344,1530.99209735,1844567.48738452,1.78723103,9734858603.126225,1.8449701820254751,1.00661066
2023-11-18 00:00:00+00:00,1107335.0,3246767.5807201,756.2164744599977,0.25384467,0.0092623233333333,479063315807.34814,1530.46593292,1843718.7452842,1.7503449,9380342586.625566,1.8233308527690149,1.00596556
2023-11-17 00:00:00+00:00,1198080.0,3246011.36424564,-1350.4704518899962,0.2083467,0.0093636166666666,482278505846.3236,1529.75038402,1842910.2198106,1.75254871,9269898306.472668,1.7290794247025691,1.00731991
2023-11-16 00:00:00+00:00,1123362.0,3247361.83469753,1350.1916640500058,0.25550688,0.0118814849999999,475848125768.3727,1529.16333163,1844700.1468117,1.73078008,9466177688.554531,1.8495792125797803,1.01141973
2023-11-15 00:00:00+00:00,1128776.0,3246011.64303348,1581.4981743399985,0.12657038,0.01076773,475848125768.3727,1528.68289173,1844363.94518328,1.81514543,9935486880.725506,1.5526927157206147,1.01184284
2023-11-14 00:00:00+00:00,1108994.0,3244430.14485914,3796.309158569995,0.10519317,0.0143842733333333,443696225378.61774,1528.57242308,1844086.4461925,1.70485287,9078667684.638788,1.4149955106544767,1.00456934
2023-11-13 00:00:00+00:00,1055625.0,3240633.83570057,1087.6329773800026,0.12461167,0.0184103666666666,389037994716.0344,1527.97356134,1843618.0764035,1.74875206,9545024189.907568,1.2938594133806838,1.00817677
2023-11-12 00:00:00+00:00,1164826.0,3239546.20272319,781.9666457700005,0.10318503,0.02151521,517645596275.054,1527.38885495,1843716.56543779,1.77972713,9627156842.871387,1.693418305729496,1.0057211
2023-11-11 00:00:00+00:00,1181040.0,3238764.23607742,1847.4229442599972,0.10265416,0.012497555,496812162968.9624,1526.66836689,1843727.24992523,1.78306727,9538164789.552065,1.685887245600846,1.00732333
2023-11-10 00:00:00+00:00,1240510.0,3236916.81313316,29939.43541374,0.14529941,0.0338288633333333,478181706857.6263,1525.96004669,1844093.37206971,1.7927248,9616925812.058592,1.7030975895110665,1.01730028
2023-11-09 00:00:00+00:00,1133908.0,3206977.37771942,-460.5969656000016,0.21762889,0.0183255733333333,444025870653.51013,1525.50683162,1866478.60975117,1.76566578,9615329440.005676,1.71620571825879,1.02694437
2023-11-08 00:00:00+00:00,1171267.0,3207437.97468502,-5995.610800200004,0.11252079,0.0103231966666666,462656326764.8462,1525.68552721,1857026.35197238,1.71886857,10140983472.07156,1.527903212633816,1.01156837
2023-11-07 00:00:00+00:00,1096166.0,3213433.58548522,2382.926701129996,0.09580743,0.0082530216666666,412975110467.9499,1525.06878094,1848306.73478748,1.70977843,10005602930.008688,1.3264572016223517,1.01166588
2023-11-06 00:00:00+00:00,1094830.0,3211050.65878409,4404.192679330001,0.08574092,0.0151897599999999,394344654356.6139,1524.5186508,1843739.91080731,1.6936217,9744758753.17686,1.254465890215234,1.00963026
2023-11-05 00:00:00+00:00,1241232.0,3206646.46610476,1995.4082161799995,0.06538579,0.0147283166666666,506127391024.6304,1523.81965213,1844172.44356032,1.692506,9720542160.87405,1.5794086774609235,1.00658789
2023-11-04 00:00:00+00:00,1262758.0,3204651.05788858,1032.8612221899966,0.07039949,0.0089465116666666,521652771117.4105,1523.13272302,1844979.85421281,1.69532344,9567211562.589993,1.627380114431692,1.00735481
2023-11-03 00:00:00+00:00,1071137.0,3203618.19666639,-6483.185716829998,0.03743017,0.0097907983333333,422290338523.6181,1522.43697822,1844604.29040369,1.67985211,9373615964.330591,1.266874535359794,1.01078459
2023-11-02 00:00:00+00:00,1113374.0,3210101.38238322,9885.910749129996,0.02501094,0.020020815,447130946672.06616,1521.90675611,1844177.33887764,1.69204123,9474089659.691902,1.3484342861395875,1.01388962
2023-11-01 00:00:00+00:00,1104293.0,3200215.47163409,1369.6523582200025,0.02254471,0.0160952533333333,462656326764.8462,1521.3106138,1846447.88539103,1.716338,9839777084.975307,1.3712380281654044,1.02446878
2023-10-31 00:00:00+00:00,1120286.0,3198845.81927587,-525.4228200799989,0.01847955,0.01011157,481286782876.1823,1521.91851083,1845448.91049627,1.6823578,9673502039.300346,1.4175389443480293,1.01105008
2023-10-30 00:00:00+00:00,1199458.0,3199371.24209595,288.0633304499934,0.01824653,0.0152923516666666,484391858894.73834,1521.53730088,1845825.35670479,1.67582625,9528499042.159996,1.4295085382037525,1.01017518
2023-10-29 00:00:00+00:00,1004460.0,3199083.1787655,1780.496715090001,0.01562753,0.02217425,415637677017.7458,1520.98949498,1846343.16608718,1.67972007,9725347221.39891,1.249121301061158,1.00811611
2023-10-28 00:00:00+00:00,1128528.0,3197302.68205041,-41.68018012000175,0.01906506,0.0135560299999999,485416265130.21405,1520.36594408,1845722.02027391,1.65882687,9325529483.427773,1.4564517076324073,1.01020397
2023-10-27 00:00:00+00:00,1159074.0,3197344.36223053,-563.8687916800045,0.02586061,0.0123733649999999,467213155187.831,1519.89042087,1845690.67772464,1.65066238,9183458593.532455,1.4084894144139837,1.00940381
2023-10-26 00:00:00+00:00,1128057.0,3197908.23102221,1600.0751530999987,0.03012791,0.0141662066666666,455077748559.5757,1519.46087892,1844442.20314214,1.6646263,9325159855.84546,1.39726001893379,1.02245349
2023-10-25 00:00:00+00:00,1127479.0,3196308.15586911,3689.8464070499977,0.04348916,0.012830875,436874638617.1926,1519.29762709,1845102.91822657,1.68401912,9387949999.008102,1.3592691227646925,1.01631616
2023-10-24 00:00:00+00:00,1042942.0,3192618.30946206,6442.433860880003,0.04640697,0.0170455766666666,382265308790.0436,1518.87244978,1846142.63763239,1.65818904,8832562127.981163,1.1871243466509782,1.02942229
2023-10-23 00:00:00+00:00,1173379.0,3186175.87560118,4099.213203130006,0.01703254,0.0076325299999999,476314710159.0225,1519.02186527,1848113.71147002,1.62180793,8891804249.538946,1.3040195252182254,1.01652151
2023-10-22 00:00:00+00:00,879745.0,3182076.66239805,288.72650991000046,0.0127748,0.0071576966666666,464179303530.7671,1518.8224947,1846480.25485465,1.47377427,8932910816.430319,1.2262234443026774,1.00436846
2023-10-21 00:00:00+00:00,972673.0,3181787.93588814,1790.140195169999,0.01682921,0.0013834233333333,455077748559.5757,1518.10813585,1846170.59420281,1.46959898,9046842740.56463,1.204328549973017,1.00530698
2023-10-20 00:00:00+00:00,968348.0,3179997.79569297,2520.9715859999997,0.02348679,-4.89983333333e-05,406536122046.55426,1517.37769236,1846539.68423595,1.45820131,8797721881.197485,1.0732820599414028,1.00943162
2023-10-19 00:00:00+00:00,924935.0,3177476.82410697,-8310.43251333,0.02086805,-0.00656295,424739231988.93726,1516.9126119,1844098.86135195,1.41254128,8627207565.279358,1.0807074723488754,0.99356233
2023-10-18 00:00:00+00:00,938260.0,3185787.2566203,-249.79635341999528,0.02064827,-0.00022305,439908490274.2565,1516.94141681,1843792.73350817,1.39292537,8237499570.5144,1.116960925073695,1.00573983
2023-10-17 00:00:00+00:00,968207.0,3186037.05297372,-7146.322841330002,0.01884356,0.001990965,491483968444.34174,1516.43405816,1843203.54634996,1.39735705,8490178657.93417,1.2464351980019452,1.00426117
2023-10-16 00:00:00+00:00,1066823.0,3193183.37581505,-3992.652134420001,0.02277486,0.0060513066666666,427773083646.0011,1515.91838816,1843633.66361457,1.40308361,8368627111.678736,1.073093571573272,1.00636672
2023-10-15 00:00:00+00:00,874445.0,3197176.02794947,-1731.6304139500023,0.01080022,0.005298665,475861094152.1263,1515.303478,1843997.30548931,1.33758929,8700942695.598574,1.2119296798706694,1.00110772
2023-10-14 00:00:00+00:00,877502.0,3198907.53543867,-2133.9939146100005,0.01470088,0.00789923,416022273929.4038,1514.51415955,1843427.71985034,1.32210972,8497083913.267618,1.0629557220350403,1.0094899
2023-10-13 00:00:00+00:00,925816.0,3201041.65227803,3770.150229279996,0.02500865,0.0087725433333333,393226532892.1762,1514.77644958,1843668.30637025,1.32312681,8467319635.599111,1.0131110953293716,0.99864931
2023-10-12 00:00:00+00:00,903068.0,3197271.50204875,6360.429239389996,0.02345749,0.0085436133333333,470162158892.8194,1514.1018258,1843577.82302955,1.31756977,8491728162.97808,1.2083321512367988,0.99619678
2023-10-11 00:00:00+00:00,892395.0,3190911.07280936,4824.123958060001,0.02114382,0.0047502983333333,455914820744.5521,1513.51823213,1845143.05909099,1.32360712,8582831249.714147,1.1831178008915202,0.998346
2023-10-10 00:00:00+00:00,1031293.0,3186086.9488513,-2004.8316223400032,0.01671833,0.0050390683333333,461613756003.859,1513.28517178,1843740.30924336,1.34860004,8492383377.515307,1.214286285608123,0.99988607
2023-10-09 00:00:00+00:00,1011262.0,3188091.78047364,6947.032507180003,0.0199819,0.0029118283333333,444516950225.9383,1512.71481655,1843685.67163438,1.35999109,8477678012.04445,1.1801007830551664,1.00526246
2023-10-08 00:00:00+00:00,901659.0,3181144.74796646,218.43427559000335,0.01637035,0.00166631,421721209188.7107,1512.57236396,1843643.9933363,1.37577702,8655803275.515371,1.1275021316710003,1.00125859
2023-10-07 00:00:00+00:00,922140.0,3180926.31369087,-124.01818036999975,0.03737415,0.0031256433333333,487258964670.7401,1511.78386015,1843981.56382817,1.37793016,8681505243.940428,1.332258789910049,1.00485815
2023-10-06 00:00:00+00:00,968579.0,3181050.33187124,-3857.797658640003,0.04082852,-0.0001696883333333,455914820744.5521,1511.39363465,1843246.24528033,1.37682086,8711729020.106655,1.24221647805988,1.00396616
2023-10-05 00:00:00+00:00,994327.0,3184908.12952988,-3761.384459050001,0.02940571,0.0026386699999999,401774935781.1366,1510.94691952,1843048.07080605,1.35099075,8379867266.49518,1.0802198222414947,0.99901594
2023-10-04 00:00:00+00:00,951410.0,3188669.51398893,1930.4435041100005,0.03118362,0.004675485,373280259484.60205,1510.41002872,1843132.11075303,1.3690477,8404391666.618463,1.0012722691838598,1.00398248
2023-10-03 00:00:00+00:00,1238442.0,3186739.07048482,-569.2181588000021,0.0275949,0.0074669866666666,467312691263.1659,1510.05692719,1842873.03407557,1.35222433,8081967325.429584,1.2479624221818642,1.00100621
2023-10-02 00:00:00+00:00,1131370.0,3187308.28864362,4077.651890180001,0.02704648,0.0066084666666666,445792739990.817,1509.53992488,1842755.12079533,1.35568336,8076466670.19246,1.2199340225123043,1.00419828
2023-10-01 00:00:00+00:00,1011164.0,3183230.63675344,3064.795731940001,0.02102661,0.0042130616666666,400361632730.6063,1509.51878591,1843249.02804903,1.38083453,8148200986.764073,1.0563733619810405,1.00194736
2023-09-30 00:00:00+00:00,1035392.0,3180165.8410215,3678.60756602,0.02438254,0.00493452,391843300119.3168,1508.76917641,1842505.60709803,1.32970934,8036632264.390574,1.0297892799195854,1.00286592
2023-09-29 00:00:00+00:00,1071454.0,3176487.23345548,-4692.138002539999,0.03097009,0.006446275,417398297953.18536,1508.02269856,1842686.76795237,1.32723395,7975582153.07195,1.1043158895106422,1.00299749
2023-09-28 00:00:00+00:00,1122630.0,3181179.37145802,-4777.1568832699995,0.03081521,0.004122575,414558853749.4222,1507.52092012,1842878.9412478,1.33337596,8210313423.292898,1.0843467717424455,1.001012
2023-09-27 00:00:00+00:00,1106646.0,3185956.52834129,204.85267282999848,0.0313273,0.0103011583333333,445792739990.817,1506.93713731,1842741.47478767,1.30047498,7809118322.974894,1.154577770937126,0.99798245
2023-09-26 00:00:00+00:00,1040240.0,3185751.67566846,3873.528653120003,0.03150029,0.0055011633333333,386164411711.7905,1506.23934544,1842598.61248188,1.29314289,7831005519.977148,0.9982257720766574,0.99868063
2023-09-25 00:00:00+00:00,1117044.0,3181878.14701534,-464.14954655999463,0.03550972,-0.0006903,411719409545.659,1505.59868055,1842715.69019308,1.29729994,7677022039.543836,1.0678638141121837,0.99809404
2023-09-24 00:00:00+00:00,1099919.0,3182342.2965619,1301.6943726600002,0.03905543,0.00543977,414558853749.4222,1504.94237112,1842475.28875862,1.2955414,7517551676.094842,1.0947238748923906,0.9998566
2023-09-23 00:00:00+00:00,1174602.0,3181040.60218924,-619.7893752399978,0.05024397,0.0012868266666666,442953295787.05383,1504.17685787,1842514.8967351,1.31112517,7591606895.176315,1.1850090670603814,0.99943181
2023-09-22 00:00:00+00:00,1030385.0,3181660.39156448,4726.972314219998,0.05396972,-0.000251825,366288302285.4483,1503.38931016,1842600.51991177,1.31118576,7635957815.871508,0.986277409899106,0.99899342
2023-09-21 00:00:00+00:00,1100217.0,3176933.41925026,871.2147211600022,0.0520378,0.0019948083333333,391843300119.3168,1502.58014376,1843154.60257957,1.31047761,7685125956.706,1.0598520997203862,0.99801482
2023-09-20 00:00:00+00:00,1121896.0,3176062.2045291,-5223.627500319999,0.04935732,-0.0004454683333333,414558853749.4222,1501.82020938,1843128.45748708,1.33776693,7793473516.628977,1.1344653682072734,0.99921968
2023-09-19 00:00:00+00:00,1057601.0,3181285.83202942,-1446.9806620399977,0.05126866,-0.0006473,394682744323.08,1501.34011405,1843408.1980505,1.34238842,8003681722.401044,1.079365294106038,1.01221393
2023-09-18 00:00:00+00:00,1165213.0,3182732.81269146,617.2735526499964,0.04580957,0.000468195,419923635716.47046,1501.83619416,1843530.90153011,1.32065827,7737788839.570271,1.1959166374608794,1.00658796
2023-09-17 00:00:00+00:00,1067611.0,3182115.53913881,81.75336363000315,0.02950028,0.0012287716666666,401080908472.78265,1501.55764939,1843238.53937211,1.31009209,7458166251.299907,1.1126365097843949,1.00052556
2023-09-16 00:00:00+00:00,1107833.0,3182033.78577518,-6441.101598229998,0.02682302,0.0031058116666666,417231817538.8008,1500.74154473,1843083.30580393,1.31182885,7552150993.236392,1.1559854255646536,1.00041528
2023-09-15 00:00:00+00:00,1308983.0,3188474.88737341,-5992.4059004599985,0.02701017,0.0025366866666666,506061817401.90027,1499.9556247,1843776.62869418,1.31315341,7571624076.025136,1.4014575684141852,1.00169415
2023-09-14 00:00:00+00:00,1173438.0,3194467.29327387,1988.6233181500063,0.02961259,0.0013331416666666,436074544782.4885,1499.33762174,1842568.96067538,1.31011888,7829221788.87476,1.2098412001556451,1.00624582
2023-09-13 00:00:00+00:00,1086788.0,3192478.66995572,-1624.5643792000046,0.03277124,0.000287945,395697272117.4433,1498.7964686,1842721.67941703,1.29547216,7525890936.946295,1.088031746674052,0.99935822
2023-09-12 00:00:00+00:00,1057925.0,3194103.23433492,-4172.460548340001,0.03401309,0.0018299116666666,379546363051.4252,1498.04334189,1842844.50684257,1.27664432,7305910678.735618,1.0364585780167743,0.99798498
2023-09-11 00:00:00+00:00,1148753.0,3198275.69488326,-3343.6039188799987,0.03185478,0.001975195,427999090249.4795,1497.38548999,1842490.45195216,1.24268084,7280578538.690536,1.149081345869441,0.99270197
2023-09-10 00:00:00+00:00,1073778.0,3201619.29880214,-55.308580599998095,0.04872787,0.00179156,395697272117.4433,1496.74898946,1842904.83834088,1.27543894,7077530274.248413,1.0956187430822115,0.99895845
2023-09-09 00:00:00+00:00,1126508.0,3201674.60738274,1733.134662389999,0.03332085,0.002645065,406464544828.122,1495.91536288,1842268.71097535,1.27884834,7203328509.143534,1.1107101830988138,0.99629864
2023-09-08 00:00:00+00:00,1053247.0,3199941.47272035,-7787.698030430001,0.04134975,0.0011494616666666,358011817630.06775,1495.14230309,1842160.20267241,1.27912519,7239175931.807704,0.993369997020493,0.99875612
2023-09-07 00:00:00+00:00,1090598.0,3207729.17075078,2091.622156620004,0.03344045,0.004700105,393005453939.7736,1494.41242478,1842598.8419049,1.29649944,7304459803.973949,1.0740010843856689,0.99659334
2023-09-06 00:00:00+00:00,1071273.0,3205637.54859416,5558.805167799997,0.03461529,0.0033425166666666,363395453985.4071,1493.68677522,1842754.74144203,1.27116809,7121885757.474158,0.9907622717521206,0.99533493
2023-09-05 00:00:00+00:00,961533.0,3200078.74342636,-481.84191291000025,0.03051913,0.002716155,342854666184.69293,1493.09762312,1841923.7574551,1.27277417,7132569735.703341,0.9073465225842736,0.99395097
2023-09-04 00:00:00+00:00,1087046.0,3200560.58533927,-1158.5719285300002,0.0233617,0.0048598816666666,411978590818.7035,1492.47187533,1842069.23882228,1.27453992,6981415481.796871,1.089318707308361,0.99727881
2023-09-03 00:00:00+00:00,1098630.0,3201719.1572678,-910.7291144499976,0.01974715,0.002382875,436863203686.94745,1491.80891949,1841718.97903642,1.28188928,7087576497.851367,1.1518681692428008,0.99679302
2023-09-02 00:00:00+00:00,1102613.0,3202629.88638225,400.5635287799996,0.02390105,0.0011853033333333,420273461774.78485,1491.06564723,1841641.862457,1.27601498,7024409094.188541,1.110073491623626,0.99773936
2023-09-01 00:00:00+00:00,1075497.0,3202229.32285347,16072.131339630005,0.02696347,-0.0019925816666666,417508504789.4245,1490.24766947,1841341.14838659,1.27254344,7040881499.832634,1.1100742930624743,0.99305716
2023-08-31 00:00:00+00:00,1071952.0,3186157.19151384,5320.931358380003,0.02864487,0.0039010833333333,398153805891.9014,1489.64745544,1843098.33431786,1.27866412,7034239086.87547,1.1024402847204835,0.99686316
2023-08-30 00:00:00+00:00,977098.0,3180836.26015546,216.0650033700003,0.02382607,0.00510305,348384580155.41376,1489.04441997,1842752.02735609,1.34640792,7747954052.565336,0.9774815580040752,1.00132534
2023-08-29 00:00:00+00:00,1124858.0,3180620.19515209,775.3837957699943,0.02096974,0.0008752183333333,436863203686.94745,1488.37971439,1842125.03884415,1.36622349,8122889385.214555,1.1929571584284808,0.99179621
2023-08-28 00:00:00+00:00,893181.0,3179844.81135632,735.9888900799997,0.02249644,2.82816666666e-05,326264924272.53033,1488.17758831,1843859.94605793,1.28623591,7174827647.335779,0.870961751047511,0.99663865
2023-08-27 00:00:00+00:00,870605.0,3179108.82246624,905.3962312199984,0.01824301,0.0044584116666666,320735010301.8095,1487.53298379,1843760.47588487,1.28535929,7220202278.829707,0.8536125497271438,1.00166483
2023-08-26 00:00:00+00:00,989103.0,3178203.42623502,530.6345612500008,0.01846092,0.0048416,376034150009.018,1486.94155262,1845519.99656843,1.28150146,7130583519.679253,0.999757870144104,0.99718123
2023-08-25 00:00:00+00:00,1002700.0,3177672.79167377,-4341.426643840001,0.02092848,0.0042033016666666,373269193023.6576,1486.11223899,1845005.05957665,1.28422793,7104092590.805319,0.9951068287410868,0.99227817
2023-08-24 00:00:00+00:00,1014748.0,3182014.21831761,-854.6518832200018,0.01969143,0.004417555,381564063979.7389,1485.42286602,1845039.37210748,1.29009522,7198342998.006228,1.025998782200839,0.99239597
2023-08-23 00:00:00+00:00,1023113.0,3182868.87020083,-3985.881485240003,0.02131556,0.003944515,392623891921.1806,1484.74986913,1846372.26787728,1.30105581,7159917201.435935,1.0514993976051497,0.99700641
2023-08-22 00:00:00+00:00,1012468.0,3186854.75168607,-7831.861435520004,0.02061353,0.0031242066666666,395388848906.541,1484.07044144,1847001.84551131,1.28140857,7189442174.455307,1.0512727355602514,0.99444478
2023-08-21 00:00:00+00:00,1133240.0,3194686.61312159,-1646.2809752600006,0.01581929,0.0014726816666666,429722639507.4612,1483.52109513,1846722.03262444,1.28552142,7435269855.387025,1.2121561841673651,0.99291926
2023-08-20 00:00:00+00:00,1136796.0,3196332.89409685,-1554.612610889999,0.01458414,-0.0048027,421909500607.3255,1482.93119429,1846639.17685813,1.28792318,7427555380.308718,1.192212545523528,0.99838914
2023-08-19 00:00:00+00:00,1039211.0,3197887.50670774,-1465.1526614899994,0.01872759,0.0009557533333333,364613148672.9974,1482.15779308,1846322.09679769,1.28338216,7261928643.791413,1.030993621531938,0.99591903
2023-08-18 00:00:00+00:00,1033055.0,3199352.65936923,-897.9221167900032,0.02470182,-0.0091633116666666,362008769039.6189,1481.33462916,1846625.67706426,1.28142472,7441130071.871318,1.0404202674537917,0.98639065
2023-08-17 00:00:00+00:00,1139671.0,3200250.58148602,-22.70806647000427,0.0190547,0.0017779833333333,406283222807.0542,1481.00025562,1847022.05222443,1.30799829,7927640474.080662,1.2455405098784582,0.99522567
2023-08-16 00:00:00+00:00,1154818.0,3200273.28955249,6138.39641917,0.01739882,0.0138579616666666,424513880240.7041,1480.59927351,1846210.78735297,1.40992328,10069792179.430103,1.3430677823092878,0.99967191
2023-08-15 00:00:00+00:00,1174118.0,3194134.89313332,-1394.9057277199972,0.01670952,0.0134224683333333,442744537674.35394,1480.0342652,1846232.31617324,1.43223361,9980862184.61624,1.4121270121054466,1.00100502
2023-08-14 00:00:00+00:00,1161105.0,3195529.79886104,-9112.723413030006,0.01673262,0.0127319383333333,445348917307.7325,1479.48957789,1845975.98554879,1.44453955,9687610854.823025,1.4250624401928245,1.0017893
2023-08-13 00:00:00+00:00,987252.0,3204642.52227407,994.5010948300004,0.01572826,0.0075605633333333,351591250506.1046,1479.16330022,1846846.31856716,1.43797054,9873877109.75759,1.124918212514642,1.00260037
2023-08-12 00:00:00+00:00,1045599.0,3203648.02117924,2210.807431630001,0.01826741,0.0085314233333333,434931398774.21826,1478.42896388,1846844.66284643,1.44160746,9984906846.09662,1.3972861224548934,1.00254386
2023-08-11 00:00:00+00:00,1105956.0,3201437.21374761,2165.3111968400044,0.02426076,0.0100554166666666,393261324640.16144,1477.76390865,1845863.60397514,1.44443214,10029073809.79278,1.2719111411711586,1.00267663
2023-08-10 00:00:00+00:00,947131.0,3199271.90255077,-6976.959277829999,0.03008747,0.013249535,330756213439.0762,1477.04135205,1846448.56331705,1.44629596,10070140023.3852,1.080598128674276,1.00028697
2023-08-09 00:00:00+00:00,1170068.0,3206248.8618286,2919.574622189997,0.02605728,0.011294845,421909500607.3255,1476.40897067,1846098.28622681,1.45362586,9983437033.954782,1.383064561209046,1.00391728
2023-08-08 00:00:00+00:00,918542.0,3203329.28720641,-8904.149138330002,0.035926,0.0111469716666666,325156812742.1493,1475.77365947,1846023.41680994,1.46344935,10428994540.15092,1.0696300752053547,1.0011693
2023-08-07 00:00:00+00:00,1043577.0,3212233.43634474,4898.543003880004,0.02426198,0.0173468216666666,379783157282.8303,1475.27444498,1845964.31417852,1.43500423,9841510550.053576,1.2192096717068803,0.99957027
2023-08-06 00:00:00+00:00,1093479.0,3207334.89334086,461.57163754000067,0.0162301,0.01296685,426605738317.6998,1474.55812172,1845717.67077696,1.42768845,9731861966.343184,1.3576891786040928,1.0018328
2023-08-05 00:00:00+00:00,1089588.0,3206873.32170332,2808.20572627,0.02149213,0.01150523,397991938796.3907,1473.78444177,1845465.07058985,1.43015775,9846533750.393808,1.274290388887008,0.99966225
2023-08-04 00:00:00+00:00,949274.0,3204065.11597705,-3097.9997862599994,0.02891153,0.0109868916666666,314751794734.4005,1472.94857988,1846609.74464895,1.43144287,9911910284.12176,1.0201176446349451,1.0015647
2023-08-03 00:00:00+00:00,1156003.0,3207163.11576331,-3209.3643938899986,0.02403419,0.0134018483333333,392789429792.5163,1472.31572832,1845826.30462785,1.4342705,9851143193.245049,1.267588120222966,1.00022306
2023-08-02 00:00:00+00:00,1136918.0,3210372.4801572,-5013.132839589998,0.02123871,0.0138470116666666,400593193298.3279,1471.55232077,1845300.49465376,1.43528826,9774097875.891176,1.302857506924731,0.99579947
2023-08-01 00:00:00+00:00,1048708.0,3215385.61299679,2157.61780878,0.02082905,0.0043063066666666,361574375769.2699,1471.17758152,1845547.11090779,1.46229534,9855028393.370226,1.1580093137315182,0.99901885
2023-07-31 00:00:00+00:00,1024482.0,3213227.99518801,1295.7956477400005,0.01855393,0.00772059,366776884773.14435,1470.4205623,1845032.3146234,1.43700353,9845067265.8574,1.1869294463854256,0.99827969
2023-07-30 00:00:00+00:00,1183445.0,3211932.19954027,362.0022253800016,0.01605321,0.003527305,437010756325.4486,1469.89880591,1845542.60076206,1.43924737,9656512210.25796,1.409504619513673,0.9999395
2023-07-29 00:00:00+00:00,959360.0,3211570.19731489,1715.9012656099983,0.01919321,0.0036458066666666,343365594255.7096,1469.09867046,1845082.3170207,1.44450865,9732221100.792543,1.11396290925943,1.00106717
2023-07-28 00:00:00+00:00,1030070.0,3209854.29604928,3540.86430868,0.02273815,0.0066789866666666,364175630271.2071,1468.33287715,1844892.25174647,1.44208688,9720944458.095964,1.1827153490774114,0.94908014
2023-07-27 00:00:00+00:00,1023206.0,3206313.4317406,6739.61772437,0.02359055,0.0013256466666666,358973121267.33276,1470.5824442,1844984.5644247,1.43267169,9648632425.35973,1.1718713021578335,0.98514396
2023-07-26 00:00:00+00:00,1069658.0,3199573.81401623,868.2836581299998,0.020481,0.0043328566666666,374580648278.95593,1470.8256078,1845553.48458377,1.43782131,9588715853.979158,1.2154498492589367,0.99996756
2023-07-25 00:00:00+00:00,1013320.0,3198705.5303581,-922.1575325700032,0.02028314,0.0038948033333333,369831574538.62054,1470.09881183,1845733.65438324,1.43125343,9620733509.298723,1.1614790343368218,0.99894714
2023-07-24 00:00:00+00:00,1081922.0,3199627.68789067,-462.5670780900036,0.02741821,0.0013598083333333,399310902943.87286,1469.37628252,1845186.64546983,1.42874388,9780705784.54642,1.274993325586106,0.99789036
2023-07-23 00:00:00+00:00,1048641.0,3200090.25496876,817.8010691300005,0.0270555,0.0028092983333333,393951025052.00885,1468.84172206,1844603.13107261,1.47587331,9223409234.70361,1.2811802650645383,1.00331271
2023-07-22 00:00:00+00:00,957305.0,3199272.45389963,-558.4356606699985,0.0520143,-0.001221745,359111818754.8924,1468.07841433,1844405.40452993,1.45914738,9356068480.817804,1.1967941411367475,1.003364
2023-07-21 00:00:00+00:00,891895.0,3199830.8895603,72.15862350000316,0.03172285,0.0007419483333333,300153161944.3877,1467.52830891,1844712.85424416,1.46180925,9430950800.415838,0.9780577857670408,0.99278867
2023-07-20 00:00:00+00:00,978203.0,3199758.7309368,230.7978216699994,0.02765667,0.0055903716666666,343032185079.30023,1467.05641117,1844473.3778066,1.44727132,9596334079.184326,1.116409559339951,1.0029903
2023-07-19 00:00:00+00:00,1040570.0,3199527.93311513,-2560.6065744299995,0.01925827,0.005275075,396630963997.94086,1466.49346514,1844390.30674144,1.4647268,9479569221.203672,1.2764256643292065,1.00623611
2023-07-18 00:00:00+00:00,1164733.0,3202088.53968956,-3392.8522337200047,0.01850427,0.00403305,434150109240.9893,1466.0688597,1844375.81619475,1.4587627,9607355598.315157,1.3975511759443835,1.00566383
2023-07-17 00:00:00+00:00,1012912.0,3205481.39192328,1817.90879193,0.0198599,0.0009926683333333,364471696646.7565,1465.73171158,1844210.3552728,1.47561304,9434024092.046272,1.1845160518602849,0.9946853
2023-07-16 00:00:00+00:00,1088368.0,3203663.48313135,687.1435802699998,0.0157082,0.0017213466666666,412710597673.5331,1465.31954465,1844567.89864921,1.4712216,9362947679.65828,1.3453004633361283,1.00127267
2023-07-15 00:00:00+00:00,1007863.0,3202976.33955108,-395.80911199000184,0.01903989,-0.0064458566666666,369831574538.62054,1464.53572211,1844266.18911658,1.47585158,9324464453.504345,1.2098058344005975,0.99855817
2023-07-14 00:00:00+00:00,1057571.0,3203372.14866307,-8830.28624029,0.02561888,0.0119201899999999,369831574538.62054,1463.7205973,1843807.03114446,1.48140899,8948987603.652264,1.2490855540156858,1.00327747
2023-07-13 00:00:00+00:00,921772.0,3212202.43490336,-1638.573671940001,0.02554067,0.005623955,321592673511.84393,1463.22748358,1843973.10688859,1.4864744,9707914648.634834,1.084218213893743,1.00242119
2023-07-12 00:00:00+00:00,1030675.0,3213841.0085753,5560.6059540299975,0.0209853,0.00710806,385911208214.2127,1462.83561528,1844983.03434524,1.43678091,9416877264.205854,1.2916448529720952,1.00519374
2023-07-11 00:00:00+00:00,1003670.0,3208280.40262127,-2206.4413429299966,0.01969585,0.0083912616666666,339880937949.7803,1462.24603851,1845309.04589657,1.49386308,9194979016.473877,1.2111986172018545,1.00929678
2023-07-10 00:00:00+00:00,1096498.0,3210486.8439642,1705.9261654699949,0.01659791,0.0058051533333333,387716032920.4901,1461.96500679,1844158.0377479,1.49007091,9455788335.52179,1.3609340121866658,1.00309932
2023-07-09 00:00:00+00:00,1152333.0,3208780.91779873,1904.2235283400005,0.01232817,0.0017354583333333,425480581581.5768,1461.40734286,1844129.02412772,1.41636636,9178680543.97087,1.492949183660141,1.00329895
2023-07-08 00:00:00+00:00,1214210.0,3206876.69427039,2249.6488890399996,0.0130764,0.00347079,448139310778.2288,1460.67328126,1844479.55799428,1.48709992,9174273640.134829,1.574848963662882,1.00162889
2023-07-07 00:00:00+00:00,1190589.0,3204627.04538135,-2327.93616682,0.0172952,-0.00254117,440586401046.0115,1459.87300822,1843737.29910511,1.46341959,9257767463.09548,1.5534436719508855,1.00236748
2023-07-06 00:00:00+00:00,1041033.0,3206954.98154817,-2236.9185185099996,0.02219985,0.0053760133333333,349951484259.4034,1459.17234274,1843708.83760308,1.46831584,9210823286.904549,1.2507154152079163,0.98532517
2023-07-05 00:00:00+00:00,1082348.0,3209191.90006668,1738.0070288700008,0.02157065,0.0066258249999999,392751306075.3016,1459.36956331,1843958.35703321,1.4960411,9727973661.570818,1.414834253865858,1.00275782
2023-07-04 00:00:00+00:00,1047613.0,3207453.89303781,1361.6965332700056,0.02509296,0.009236955,354986757414.21497,1458.67192436,1843837.75400525,1.50969985,9792556247.146473,1.3028098635653589,1.00551767
2023-07-03 00:00:00+00:00,980281.0,3206092.14088065,1939.1001375999983,0.02890622,0.0112762083333333,344916211104.59186,1458.00655986,1844186.8803078,1.54780865,10051871973.840618,1.2664997731190777,1.00642818
2023-07-02 00:00:00+00:00,1093675.0,3204153.09636694,1002.5708562500004,0.02177927,0.0105012983333333,430515854736.3884,1457.43048163,1843655.49433527,1.54933647,9361273630.188717,1.554750204422748,1.00472104
2023-07-01 00:00:00+00:00,969026.0,3203150.52551069,-17503.974404319997,0.02969562,0.01016734,334845664794.9687,1456.72121199,1843429.10662013,1.50658127,9424098440.47974,1.2227926880098134,1.0246541
2023-06-30 00:00:00+00:00,1188637.0,3220654.49991501,7688.069324579992,0.03394897,0.010053895,397786579230.1132,1457.43323576,1843964.03658857,1.50549291,9212816396.353832,1.4589034565207346,1.01014117
2023-06-29 00:00:00+00:00,1052786.0,3212966.43059043,-2569.9985046800066,0.03902706,0.0098869033333333,367574940301.24384,1456.86129149,1843281.07787166,1.50203795,9999816787.151514,1.3515204410954804,1.00051903
2023-06-28 00:00:00+00:00,859363.0,3215536.42909511,10577.471589120005,0.04238278,0.0052217266666666,271904750359.82425,1456.86028803,1844518.25352155,1.50884765,9779826579.455528,0.999711174723665,1.01322606
2023-06-27 00:00:00+00:00,1024983.0,3204958.95750599,2061.7026733599996,0.03491638,0.00632768,364329624478.6637,1456.29453069,1843958.26882219,1.51668453,10073921718.41526,1.2962965287089558,1.01434107
2023-06-26 00:00:00+00:00,1071810.0,3202897.25483263,4183.327802469998,0.03427386,0.009224375,379943751242.035,1455.88450772,1843674.72311608,1.493612,9875271653.68542,1.3404740037963845,1.00745014
2023-06-25 00:00:00+00:00,978815.0,3198713.92703016,635.9886470300044,0.02981311,0.0116296983333333,398160232465.9682,1455.22389851,1844289.49590586,1.53673442,9875434903.634497,1.4162853114372662,1.00608487
2023-06-24 00:00:00+00:00,1030281.0,3198077.93838313,385.7482077099994,0.03566258,0.00608487,379943751242.035,1454.60218675,1844141.20037381,1.50863539,9872397790.28884,1.359326777814072,1.01079721
2023-06-23 00:00:00+00:00,968172.0,3197692.19017542,-700.1586480699989,0.04884,0.0088176066666666,325294307570.2354,1453.95380027,1845668.22832569,1.5193914,9953236558.496546,1.1698088004538776,1.01208712
2023-06-22 00:00:00+00:00,1025104.0,3198392.34882349,-6975.197091740003,0.04932492,0.0129844549999999,356522561096.978,1454.03982402,1844123.82316121,1.4852207,9777732552.782228,1.2750081652744247,1.01159869
2023-06-21 00:00:00+00:00,928418.0,3205367.54591523,1113.3531743299973,0.05489345,0.011052035,312282535267.426,1453.4847316,1845562.18959537,1.48599245,9701219616.07759,1.094684213517865,1.01520852
2023-06-20 00:00:00+00:00,982438.0,3204254.1927409,-4406.190069960001,0.04188909,0.008779595,353920206636.41614,1453.64877693,1844749.22243933,1.40406763,9708538251.61152,1.1377725345338208,0.99984306
2023-06-19 00:00:00+00:00,1011975.0,3208660.38281086,499.5263805400027,0.03399958,0.0086333716666666,369534333399.7875,1453.61660079,1845834.11913098,1.33141008,8597445235.22864,1.148828130380066,0.99038417
2023-06-18 00:00:00+00:00,960537.0,3208160.85643032,981.1917492899992,0.03130261,0.0094423116666666,392955523544.8444,1453.23618475,1846061.16656387,1.30560805,8331698395.47446,1.2194433604393335,1.00653862
2023-06-17 00:00:00+00:00,1004030.0,3207179.66468103,-836.7229232600002,0.04385048,0.0126832416666666,364329624478.6637,1452.95626939,1845695.51251771,1.31446883,8327149911.380667,1.1446482238728302,1.00118757
2023-06-16 00:00:00+00:00,1091354.0,3208016.38760429,-2115.3965695700026,0.0455396,0.010909,398160232465.9682,1452.18930387,1845983.47128251,1.30561075,8470217744.504834,1.219869725872158,1.00059994
2023-06-15 00:00:00+00:00,1019970.0,3210131.78417386,8883.378120540001,0.04246417,0.0078024,385148460163.1587,1451.56671535,1845828.00761117,1.26845376,8044209346.899323,1.1485436917900929,0.99290149
2023-06-14 00:00:00+00:00,876200.0,3201248.40605332,5949.519254819999,0.05007889,0.0073442833333333,314884889727.9879,1451.14041306,1847904.308834,1.24681879,7881644181.522688,0.9731088863468976,1.00050052
2023-06-13 00:00:00+00:00,1022336.0,3195298.8867985,5944.7277213599955,0.03896042,0.0107489949999999,374390301482.041,1450.67202645,1848128.26466468,1.28623923,8100336880.045424,1.176235726308433,0.99891971
2023-06-12 00:00:00+00:00,1065202.0,3189354.15907714,-3480.8945381999947,0.04152222,0.0068720549999999,399859029474.0166,1450.20603689,1848256.28608224,1.28945205,7954595644.441764,1.254587626393434,0.99759658
2023-06-11 00:00:00+00:00,1015688.0,3192835.05361534,-2774.805357450001,0.03331489,0.0031883166666666,415140266269.202,1449.70013396,1848833.43441249,1.28592938,7845447663.719576,1.2901602274231525,0.99926724
2023-06-10 00:00:00+00:00,1023477.0,3195609.85897279,-3179.6765014600023,0.04903838,0.0041338666666666,392218411076.42395,1448.96692788,1848535.71370222,1.28179257,7882525507.557227,1.2395741281421966,0.99491075
2023-06-09 00:00:00+00:00,1113151.0,3198789.53547425,646.1376231000031,0.06485813,0.0082021866666666,430421503064.3873,1448.3466293,1848204.39383496,1.31159599,8008401108.715753,1.4196542966972374,1.00017849
2023-06-08 00:00:00+00:00,1054290.0,3198143.39785115,-3402.2886678799987,0.06738636,0.0069325383333333,392218411076.42395,1447.68810446,1847529.89761515,1.3138272,8001595910.523702,1.2947573214191863,1.00020213
2023-06-07 00:00:00+00:00,1054349.0,3201545.68651903,-11754.70359117,0.10368311,0.0112427616666666,343827827891.67035,1447.26503487,1848733.24254045,1.32674608,7889570947.335083,1.1891254277467402,1.00112815
2023-06-06 00:00:00+00:00,1136001.0,3213300.3901102,855.6241007600038,0.08076833,0.0011113566666666,384577792678.8313,1446.57395298,1848330.57569653,1.34999485,8425683870.9316845,1.2642565723355768,1.00000313
2023-06-05 00:00:00+00:00,963856.0,3212444.76600944,-4590.819870250001,0.0630104,0.0043052766666666,351468446289.263,1445.96785259,1848619.34206303,1.27513969,8549585365.397387,1.1515140163132007,0.99722922
2023-06-04 00:00:00+00:00,952790.0,3217035.58587969,8561.025483180001,0.03995039,0.0082250616666666,376937174281.2386,1445.49823083,1847424.58259172,1.34377073,8369260415.51499,1.2381572323542869,1.00016561
2023-06-03 00:00:00+00:00,926445.0,3208474.56039651,3787.11007957,0.05146113,0.0059269416666666,328546591096.485,1444.69030659,1847111.43268261,1.34127016,8538271386.454711,1.091840457885438,0.99964716
2023-06-02 00:00:00+00:00,1122925.0,3204687.45031694,12809.40094323,0.06806493,0.0057215483333333,417687139068.39954,1443.92964277,1849631.51620967,1.34987864,8560596259.181443,1.4060529526140444,1.00178831
2023-06-01 00:00:00+00:00,958222.0,3191878.04937371,3696.2899206,0.07835222,0.0050282283333333,336187209494.0777,1443.30485987,1849376.46881463,1.3285394,8482884743.098759,1.139352872893898,1.00196684
2023-05-31 00:00:00+00:00,982316.0,3188181.75945311,13535.002531730002,0.07224547,0.00713207,359109064686.8557,1442.96252717,1849893.04237714,1.34867173,8457011044.474089,1.2212253779157314,0.99986269
2023-05-30 00:00:00+00:00,1077881.0,3174646.75692138,1371.433421059999,0.07662062,0.0085064816666666,379321882181.6976,1442.56394441,1851526.46670173,1.37251079,8725676166.230453,1.3691104808476815,1.00575144
2023-05-29 00:00:00+00:00,1100169.0,3173275.32350032,48.50765234999926,0.06564099,0.0111290816666666,399026915022.3053,1442.18524986,1851466.64490448,1.37511102,8691415120.101955,1.4269617687079952,1.00526198
2023-05-28 00:00:00+00:00,1012265.0,3173226.81584797,1368.7797860699975,0.05888428,0.0067716833333333,394100656812.1533,1441.61582853,1844284.70910589,1.39226843,8811796035.46746,1.3724520418503456,1.00642947
2023-05-27 00:00:00+00:00,1035066.0,3171858.0360619,1073.27898585,0.06411583,0.002228455,357153720236.014,1440.9497785,1843900.16581211,1.33279253,8231409186.345096,1.223716056350507,0.99999277
2023-05-26 00:00:00+00:00,1099256.0,3170784.75707605,-4508.488248339996,0.09281075,0.004389045,376858753076.6216,1440.14477184,1844112.04904101,1.32489587,8196379487.624687,1.3246335744933575,1.000869
2023-05-25 00:00:00+00:00,1081343.0,3175293.24532439,-13784.78198346,0.088707,0.0054582383333333,371932494866.4697,1439.66256311,1844149.56433534,1.3130925,8316939037.222382,1.2888586498755912,1.00904988
2023-05-24 00:00:00+00:00,988586.0,3189078.02730785,18373.97175663,0.06856432,0.0056402716666666,347301203815.71014,1440.59512031,1845557.34033595,1.30663085,8380365160.189091,1.1907588747366984,0.99723289
2023-05-23 00:00:00+00:00,1049196.0,3170704.05555122,19920.922236379996,0.06756752,0.011013905,379321882181.6976,1439.98634673,1845716.51461215,1.35095583,8391890242.135802,1.3303545605417622,1.00326529
2023-05-22 00:00:00+00:00,1029296.0,3150783.13331484,3689.750065140001,0.07309383,0.0070944933333333,354690591130.938,1439.37768114,1845499.63043435,1.33261417,8162597932.469394,1.232122656248028,1.02345485
2023-05-21 00:00:00+00:00,996488.0,3147093.3832497,1129.795155129999,0.07038564,0.0013276933333333,371932494866.4697,1439.42523474,1845612.41164641,1.3288361,8120816777.776859,1.2963464211124411,1.00082353
2023-05-20 00:00:00+00:00,905636.0,3145963.58809457,484.2254628800001,0.0942458,0.00094326,322669912764.95056,1438.67913315,1845335.90568148,1.34679012,8171637246.02464,1.153084580748646,1.00146172
2023-05-19 00:00:00+00:00,1077632.0,3145479.36263169,1389.3131195099995,0.11067126,0.0045913283333333,367006236656.3178,1437.88843945,1845374.17814201,1.33627835,7999493922.616662,1.331718799454112,0.99604674
2023-05-18 00:00:00+00:00,1017521.0,3144090.04951218,10480.24383617,0.10818209,0.0043422,347301203815.71014,1437.19754915,1845287.7251918,1.33322644,8061121758.207653,1.2712093944001268,0.99854517
2023-05-17 00:00:00+00:00,1147788.0,3133609.80567601,-546.7672442100011,0.0851821,0.0056589816666666,381818888710.7901,1436.51056514,1847151.51253632,1.36226987,8338791055.277177,1.39883668494214,1.00047479
2023-05-16 00:00:00+00:00,1101922.0,3134156.57292022,14651.061221379998,0.10569062,0.0062703083333333,365114312329.69305,1435.80829152,1847223.48204221,1.34343813,8271853408.13674,1.3714892220145822,1.00481927
2023-05-15 00:00:00+00:00,1066068.0,3119505.51169884,-20374.80969535,0.08905111,0.0003060183333333,350796104003.03845,1435.36948695,1847480.38119947,1.35020732,8235765531.298735,1.306262821847862,1.02277223
2023-05-14 00:00:00+00:00,1165745.0,3139880.32139419,338.20282208000026,0.07519328,-0.0010767033333333,415228041472.98425,1436.11269901,1847024.32283439,1.33961076,8061113720.070546,1.4980168958296718,1.00258947
2023-05-13 00:00:00+00:00,1025754.0,3139542.11857211,607.3709263300007,0.10717802,0.00142078,346023367894.15356,1435.59041286,1846703.74637278,1.33234727,7956708873.318108,1.2912285267082708,0.99977533
2023-05-12 00:00:00+00:00,1045435.0,3138934.74764578,-4048.999302709999,0.16444914,0.0031595183333333,336477895676.3838,1434.79302295,1846641.02458614,1.33305707,7917080508.344784,1.32283349447878,0.99810435
2023-05-11 00:00:00+00:00,1098884.0,3142983.74694849,19003.580213129997,0.17078756,-0.000770255,360341576220.80817,1434.28829277,1846505.64167961,1.34234769,8215766997.125457,1.4720710510300443,0.99600421
2023-05-10 00:00:00+00:00,1233125.0,3123980.16673536,-1763.0905747700017,0.24229875,0.0024394516666666,405682569255.21454,1433.78906053,1846351.15456226,1.36983367,7871322482.592301,1.847391611129774,0.99985041
2023-05-09 00:00:00+00:00,1083757.0,3125743.25731013,2140.7749770499977,0.31810747,-0.010603445,360341576220.80817,1433.2533389,1845725.24803536,1.37320506,8336629445.344042,1.8131508971743624,0.99540354
2023-05-08 00:00:00+00:00,1022142.0,3123602.48233308,-954.5498997600008,0.42595346,-0.0172207233333333,326932423458.6141,1432.51129547,1847046.52484552,1.37510946,8310169252.312883,1.978328677073719,1.00541783
2023-05-07 00:00:00+00:00,960605.0,3124557.03223284,-1410.51206137,0.31737948,-0.0120876466666666,331705159567.4989,1432.02915488,1845643.44681916,1.40748323,8069914311.036968,1.74801389955183,1.07263888
2023-05-06 00:00:00+00:00,1087479.0,3125967.54429421,-2690.8170241400003,0.1635113,-0.0031193616666666,355568840111.9233,1432.44818697,1844942.69493053,1.43257862,8092079314.723341,1.5447081631959014,1.0008586
2023-05-05 00:00:00+00:00,967726.0,3128658.36131835,-6812.923692820001,0.15359565,0.00265594,283977798478.65015,1431.61566265,1844639.19313382,1.47402586,8561031498.719108,1.224850923815238,1.00524334
2023-05-04 00:00:00+00:00,1082397.0,3135471.28501117,974.8684890199984,0.11060337,0.0087687833333333,348409735948.596,1430.92750737,1844711.92077318,1.44319947,8223616162.803822,1.4137278610376551,1.00253834
2023-05-03 00:00:00+00:00,1098862.0,3134496.41652215,618.603733609998,0.12352415,0.0019198183333333,341432463627.48645,1430.26163099,1844847.33695757,1.45184864,8040568286.640104,1.362730164549822,1.02214662
2023-05-02 00:00:00+00:00,1002371.0,3133877.81278854,-5631.46970025,0.1240138,0.0039502566666666,312374381616.63654,1430.08347224,1844715.97574478,1.43469519,8160386306.010047,1.23671552774971,1.0036349
2023-05-01 00:00:00+00:00,1278842.0,3139509.28248879,7273.891434519999,0.05740071,0.00384755,440714243831.2237,1429.41320373,1844563.49245413,1.40643486,7960027158.646053,1.6258765640297714,0.99683921
2023-04-30 00:00:00+00:00,1069856.0,3132235.39105427,1120.0837450200015,0.04898645,0.0050350566666666,358383011467.1489,1428.73237909,1844229.28689668,1.46414637,8040185313.127136,1.350684232543058,1.00186356
2023-04-29 00:00:00+00:00,1011785.0,3131115.30730925,-334.7267050600003,0.04763935,-0.00601477,331746436290.5365,1427.8950447,1844191.59991206,1.46492938,8183745773.94934,1.2447762050782387,1.00853146
2023-04-28 00:00:00+00:00,1108698.0,3131450.03401431,-333.20345841000017,0.04755401,0.0024306066666666,355961504632.91144,1427.4895463,1844001.01948762,1.46976534,8158367822.295252,1.3359366526289138,1.00767726
2023-04-27 00:00:00+00:00,1003527.0,3131783.23747272,-498.54732289000094,0.04888956,0.0021892783333333,314795888450.874,1426.85453761,1845500.28824551,1.47896262,8070124503.755377,1.174151573392555,1.00560155
2023-04-26 00:00:00+00:00,1023844.0,3132281.78479561,4626.7341274199935,0.03913399,0.00542395,314795888450.874,1426.19929148,1845599.64350035,1.4262808,7457284714.217011,1.1474241383318105,1.01115276
2023-04-25 00:00:00+00:00,977794.0,3127655.05066819,1281.9038193000015,0.0330656,0.0016759716666666,302688354279.6866,1425.56019396,1845709.64803651,1.42176766,8198930142.163876,1.0465353919084954,0.9990785
2023-04-24 00:00:00+00:00,1024963.0,3126373.14684889,507.8687781000008,0.02279883,0.0036421749999999,341432463627.48645,1424.86665833,1845180.40626109,1.38135334,7962199740.200544,1.1624274729785922,0.99811914
2023-04-23 00:00:00+00:00,984751.0,3125865.27807079,-586.1910199099984,0.01466596,0.0004387499999999,355961504632.91144,1424.22537744,1845295.9561743,1.38564153,8004667666.141316,1.203481341991052,1.00567616
2023-04-22 00:00:00+00:00,962038.0,3126451.4690907,127.38049350000074,0.01729596,0.0050562883333333,360804518301.3864,1423.44604051,1845096.35868062,1.39719822,8273989160.901071,1.2131938969139615,0.99829941
2023-04-21 00:00:00+00:00,1011734.0,3126324.0885972,4077.4625704599966,0.02589397,0.0084418683333333,351118490964.43646,1422.64046146,1845109.84880268,1.36938408,7996641144.5964365,1.2127506484809212,1.00207628
2023-04-20 00:00:00+00:00,951340.0,3122246.62602674,5433.936060610002,0.02491521,0.0019032583333333,322060408953.58655,1422.06361559,1850826.10982807,1.41929097,8282204875.896203,1.1390457857485392,0.99858237
2023-04-19 00:00:00+00:00,994873.0,3116812.68996613,4812.384915710001,0.02349888,0.00330477,330891401134.8031,1421.39169696,1850872.60553168,1.44639098,8209349110.451884,1.2226951850271706,1.01130123
2023-04-18 00:00:00+00:00,1150539.0,3112000.30505042,2040.8555287399977,0.01924964,0.00446653,395165270419.9807,1421.84859255,1851320.28326284,1.52709537,8934247520.765055,1.468930037253854,1.01143689
2023-04-17 00:00:00+00:00,1005521.0,3109959.44952168,3539.1282952300025,0.02105641,0.0042168366666666,368979619970.4639,1421.21965445,1850522.68909914,1.48016188,8630487289.885836,1.364485306876327,1.00039927
2023-04-16 00:00:00+00:00,834276.0,3106420.32122645,2343.3172091100005,0.02016308,0.0105121083333333,295183695976.3711,1420.64000012,1850209.47084017,1.52537212,8779596124.458685,1.1109131859693542,1.00411425
2023-04-15 00:00:00+00:00,1047448.0,3104077.00401734,-186.2700342000007,0.02101381,0.0062707166666666,376121161002.1503,1419.88380443,1850212.08706356,1.52462472,8891993118.190199,1.4177242023770151,1.002524
2023-04-14 00:00:00+00:00,1014137.0,3104263.27405154,-3347.4301597800004,0.03072836,0.008965795,333271914812.0319,1419.14032989,1850109.38589151,1.53325961,8867074031.564297,1.2760555024783689,1.01351398
2023-04-13 00:00:00+00:00,1011584.0,3107610.70421132,-4132.647437290001,0.02839313,0.0077123883333333,338032942166.4895,1418.85717921,1850496.75825571,1.53029326,9515774301.498516,1.274808091313967,1.01378245
2023-04-12 00:00:00+00:00,1042530.0,3111743.35164861,11505.971615290004,0.02401393,0.0064658483333333,380882188356.6079,1418.35611682,1850411.92169481,1.50703804,9352707603.519072,1.4178000727296327,1.00333045
2023-04-11 00:00:00+00:00,1153468.0,3100237.38003332,136.37971477999963,0.03126026,0.0088738833333333,366599106293.2351,1418.408302,1850516.66894724,1.52441962,9495525128.83792,1.378117142039932,1.02473751
2023-04-10 00:00:00+00:00,943967.0,3100101.00031854,1209.0560418399982,0.02754446,0.006275605,292803182299.14233,1418.53917189,1850283.46377569,1.49844836,9399079688.89144,1.0391736245803032,1.00859705
2023-04-09 00:00:00+00:00,931935.0,3098891.9442767,718.1919714800006,0.01819093,-0.000881895,347554996875.4047,1417.99797936,1850820.10649535,1.4320812,8142426524.534432,1.195372257590951,1.00212659
2023-04-08 00:00:00+00:00,863736.0,3098173.75230522,582.1411139200009,0.02327715,-0.00126927,349935510552.6335,1417.15002794,1850700.7597081,1.41389991,7958269335.931042,1.207586024662732,1.0021959
2023-04-07 00:00:00+00:00,952734.0,3097591.6111913,281.5272044400008,0.02953747,0.0005698116666666,338032942166.4895,1416.33121424,1850504.6942514,1.41335752,7989991165.812011,1.1702378094306398,0.99608041
2023-04-06 00:00:00+00:00,984753.0,3097310.08398686,1701.94093085,0.03186906,0.0022168633333333,380882188356.6079,1415.81060127,1850533.39687371,1.41818777,7855179520.8629875,1.3227199863204433,1.00072349
2023-04-05 00:00:00+00:00,937630.0,3095608.14305601,1058.556911790001,0.03558288,0.0067090283333333,323675130145.32733,1415.40670247,1850419.36934364,1.42463708,7731691689.203916,1.1655962309539811,1.01088841
2023-04-04 00:00:00+00:00,1127322.0,3094549.58614422,-1213.7432927100017,0.0323334,0.0008611816666666,377232885493.1153,1415.10578429,1850394.27649413,1.42668992,7807857979.239472,1.3382308877583384,1.00348583
2023-04-03 00:00:00+00:00,980401.0,3095763.32943693,3513.8542840400005,0.0327308,0.0013466866666666,305046345676.5315,1414.68982868,1850202.91529473,1.40782125,7555056186.504243,1.0770045982724938,1.00402135
2023-04-02 00:00:00+00:00,1042160.0,3092249.47515289,677.5595404300002,0.02560087,0.0046715533333333,346961110731.3221,1414.11855324,1850245.94809182,1.42700166,8107756828.308509,1.225854945064147,1.00233171
2023-04-01 00:00:00+00:00,1028308.0,3091571.91561246,82.27793182999812,0.0347408,0.0093525883333333,326003728203.9268,1413.32302861,1850194.93364919,1.44161048,8198453313.857606,1.1675241787970427,1.00762218
2023-03-31 00:00:00+00:00,1026493.0,3091489.63768063,3981.5111559699944,0.03561715,0.0055925066666666,328332326262.52625,1412.62067859,1850300.61253017,1.44306325,8244577953.850548,1.1646538178445525,1.01125403
2023-03-30 00:00:00+00:00,1000134.0,3087508.12652466,961.6570951900068,0.02762743,0.0080634966666666,360932699082.91895,1412.46062148,1850098.60775912,1.42210759,8007070797.197574,1.275054469052619,0.8808549
2023-03-29 00:00:00+00:00,974547.0,3086546.46942947,-1671.6639734799974,0.02909768,0.010279205,342303914614.1231,1416.25573638,1850378.84748348,1.41680833,8456226582.045148,1.1992666617159822,1.01034079
2023-03-28 00:00:00+00:00,962379.0,3088218.13340295,-2925.3579810199953,0.03236798,0.0043140416666666,312032139852.32996,1415.55879367,1850089.30364256,1.36321199,7895560645.378447,1.0509177593117622,1.00294765
2023-03-27 00:00:00+00:00,1037896.0,3091143.49138397,-1048.2423687099945,0.02442271,0.0035682866666666,344632512672.7226,1414.88089376,1850166.76033751,1.35676716,7727676518.257548,1.171472318923488,1.01816836
2023-03-26 00:00:00+00:00,828990.0,3092191.73375268,-2039.4215303299989,0.023721,0.0027089683333333,335318120438.3247,1414.53308252,1850087.02932761,1.40121662,7930464608.073378,1.1433577064314544,1.00738159
2023-03-25 00:00:00+00:00,893229.0,3094231.15528301,89.13815378999789,0.03265835,0.0011927366666666,337646718496.9242,1413.86495664,1850090.17303165,1.37558838,7538844660.871386,1.1503586214112849,1.00152541
2023-03-24 00:00:00+00:00,880384.0,3094142.01712922,2189.347942159998,0.0419411,0.0062095033333333,377232885493.1153,1413.11494309,1849944.5655911,1.37409177,7525375325.656,1.315529501631036,1.00586755
2023-03-23 00:00:00+00:00,910464.0,3091952.66918706,3375.917832500003,0.03306485,0.0054175,426133444723.7043,1412.66576673,1849856.41879393,1.41736292,8023316207.917808,1.4634458025629058,1.01796433
2023-03-22 00:00:00+00:00,928053.0,3088576.75135456,-15129.623189240005,0.03435175,0.0031108783333333,344229888797.4969,1412.32956887,1849495.01764914,1.36987962,8216404659.359104,1.2823733772679615,1.0093216
2023-03-21 00:00:00+00:00,984310.0,3103706.3745438,-2542.9615960999945,0.03089024,0.0026064516666666,313920338840.48456,1411.87599363,1849589.85275898,1.4108009,8337328779.035355,1.1601888360757349,1.01171539
2023-03-20 00:00:00+00:00,1031633.0,3106249.3361399,1167.0338192999989,0.02989655,0.0078508216666666,333405049527.1354,1411.3284725,1849570.23746684,1.3916218,8333772148.151431,1.2249877065977062,1.01103317
2023-03-19 00:00:00+00:00,847448.0,3105082.3023206,8498.02480952,0.02994658,0.0094940183333333,320415242402.7015,1410.79914492,1850199.65368927,1.40505732,8461530698.046332,1.1586016655834277,1.01002729
2023-03-18 00:00:00+00:00,965628.0,3096584.27751108,3351.4235681799983,0.03334557,0.0127939166666666,350724792359.7138,1410.11157785,1850048.32597222,1.35361908,7898275866.803811,1.265238313626433,1.0116809
2023-03-17 00:00:00+00:00,1068637.0,3093232.8539429,19862.579157219996,0.04422451,0.0101467266666666,318250274548.6292,1409.41164194,1850327.6890792,1.37940322,8020917096.243862,1.1172190990035302,1.02969998
2023-03-16 00:00:00+00:00,891738.0,3073370.27478568,2865.0220774100017,0.03834998,-0.001234435,290105692445.6892,1408.95508405,1850443.54367002,1.26165507,7148991214.18512,0.946192629194606,1.00916346
2023-03-15 00:00:00+00:00,1013604.0,3070505.25270827,-525.5875347900001,0.03533546,0.00632065,318250274548.6292,1408.50877109,1850510.92044345,1.22443518,6940007153.141726,1.029183242673934,1.00950131
2023-03-14 00:00:00+00:00,1028209.0,3071030.84024306,13466.876457370005,0.03913881,0.0058140816666666,316085306694.5569,1408.1875249,1850699.44602334,1.24558897,7062520302.791799,1.0362815019118492,1.02116325
2023-03-13 00:00:00+00:00,992408.0,3057563.96378569,27543.609605210004,0.02593566,-0.0169950833333333,339899953089.3523,1407.99549813,1850847.38309786,1.22023862,6892718178.989944,1.01210673280058,1.01935469
2023-03-12 00:00:00+00:00,879737.0,3030020.35418048,-682.067452299998,0.02079129,-0.0693679416666666,348559824505.6415,1407.7018313,1850713.92219912,1.10916918,5962973813.239983,0.9258912187076452,0.9983221
2023-03-11 00:00:00+00:00,969227.0,3030702.42163278,-12229.52989346,0.02575081,-0.0679202383333333,357219695921.9307,1406.98556208,1850540.70244915,1.03103052,6053021515.883205,0.9349053573630418,0.99500972
2023-03-10 00:00:00+00:00,987446.0,3042931.95152624,-8167.328807110003,0.04915803,-0.0070936816666666,294435628153.8338,1406.41430293,1851606.86780413,1.01967398,6225140498.729878,0.7788442061926305,0.98023183
2023-03-09 00:00:00+00:00,938391.0,3051099.28033335,-5401.369092319997,0.05041522,0.00360589,288929457468.7534,1405.77052664,1851765.31215172,1.03175237,6377037050.347904,0.8274871358287044,0.98777473
2023-03-08 00:00:00+00:00,890273.0,3056500.64942567,-7023.530953020003,0.03061853,0.0061361883333333,284649021061.8089,1405.24983309,1851627.20262327,1.09947825,6982633513.989519,0.8212378911844878,0.9947004
2023-03-07 00:00:00+00:00,1050716.0,3063524.18037869,-2614.1221187099945,0.02426125,0.0035676516666666,353136003572.92084,1404.6072234,1848460.9708575,1.12420319,7018974377.83774,1.0227791169138438,0.94159088
2023-03-06 00:00:00+00:00,918444.0,3066138.3024974,4075.3517816400017,0.02829997,0.0008495683333333,282508802858.3367,1404.96977356,1848199.2254108,1.13123632,7101971862.842501,0.8234839092793517,0.99471872
2023-03-05 00:00:00+00:00,984816.0,3062062.95071576,2205.8008028700024,0.01775481,0.0014406666666666,331733821538.19836,1404.41430704,1849140.31101049,1.13184001,6994980229.176959,0.9554567861073682,0.98268979
2023-03-04 00:00:00+00:00,902100.0,3059857.14991289,1296.6296447700006,0.02080693,0.003661575,325313166927.7816,1404.02242114,1850067.6444185,1.126922,7089527707.578569,0.9348692085903936,0.99702579
2023-03-03 00:00:00+00:00,1075657.0,3058560.52026812,-3250.196725199996,0.02587473,0.000776135,359556658183.3376,1403.31214334,1849812.04233414,1.12776265,7157085302.124111,1.0415860125369454,0.99293777
2023-03-02 00:00:00+00:00,942765.0,3061810.71699332,3136.2930399200013,0.0259092,0.00770451,308191421300.0036,1402.67838131,1849466.89217962,1.18281268,7819556331.763086,0.9309406120242146,0.99730743
2023-03-01 00:00:00+00:00,1074490.0,3058674.4239534,2961.3731212600032,0.02374093,0.006745185,363837094590.2821,1402.01243256,1848946.05062178,1.19061323,7567959871.245868,1.1020748421862427,0.9915044
2023-02-28 00:00:00+00:00,968401.0,3055713.05083214,1815.2481318100035,0.02927033,0.0050480616666666,293209893875.6979,1401.83891522,1850905.0176332,1.16556911,7574037551.238838,0.8830836739348712,0.98331147
2023-02-27 00:00:00+00:00,960544.0,3053897.80270033,-1093.559321209999,0.02523638,0.0083098099999999,299630548486.1146,1401.65732473,1851215.85496075,1.18242991,7494304519.912901,0.8995351962168806,1.00388833
2023-02-26 00:00:00+00:00,900637.0,3054991.36202154,991.431920160001,0.01414213,0.0064519383333333,359556658183.3376,1401.20399336,1851578.70936472,1.18592137,7671744077.356099,1.0570853584844546,1.00161142
2023-02-25 00:00:00+00:00,802842.0,3053999.93010138,3661.63292385,0.02330782,0.0044904633333333,229003347771.5305,1400.46442546,1851382.33688414,1.16577578,7677403160.224848,0.6730164850442305,0.99375456
2023-02-24 00:00:00+00:00,955006.0,3050338.29717753,3391.2321422800014,0.02149557,0.0063734133333333,262774152630.86987,1399.68597686,1851667.35084039,1.16681812,7569929622.737765,0.8675948888571857,0.99759472
2023-02-23 00:00:00+00:00,1066328.0,3046947.06503525,-148.09324678999835,0.01748812,0.0083233949999999,332847259999.1018,1399.22907153,1852109.5250462,1.20482251,7833341558.721745,1.1157635826300143,1.00470592
2023-02-22 00:00:00+00:00,932054.0,3047095.15828204,-3540.8528824899986,0.02065092,0.0071923816666666,272506528654.2354,1398.51978545,1851522.2752547,1.21731759,7918108855.285394,0.911117664427442,0.9949489
2023-02-21 00:00:00+00:00,999710.0,3050636.01116453,-2114.8306917599984,0.01632375,0.01217948,325061359180.40936,1397.98062525,1851495.99658684,1.23075112,8062031266.340904,1.1106002157092478,1.00319978
2023-02-20 00:00:00+00:00,900047.0,3052750.84185629,2204.848616880001,0.0190866,0.011546815,286131855086.9472,1397.32176013,1850961.8942546,1.24930011,8119036752.433787,0.9783189083932624,1.00551843
2023-02-19 00:00:00+00:00,907082.0,3050545.99323941,-1342.137016159999,0.0149746,0.0158372616666666,315328983157.0438,1396.54356335,1851117.65720981,1.2213742,7826370852.421241,1.071835164141279,1.00523609
2023-02-18 00:00:00+00:00,1035164.0,3051888.13025557,216.1321909899998,0.01864408,0.0200078433333333,327007834385.0825,1395.86258374,1850960.12959765,1.23993269,7970468904.008189,1.1126299050732913,1.00517955
2023-02-17 00:00:00+00:00,1035039.0,3051671.99806458,330.1116425,0.02521746,0.0134753933333333,321168408771.0632,1395.0550515,1850998.98505321,1.23801928,7748783242.094896,1.074074756736492,1.00389487
2023-02-16 00:00:00+00:00,1105698.0,3051341.88642208,8745.282530360004,0.02719145,0.02779494,348419061636.4867,1394.37942684,1851086.4168213,1.18561459,7557436137.904287,1.1915992170000609,1.01511546
2023-02-15 00:00:00+00:00,964466.0,3042596.60389172,5620.715996530002,0.03353483,0.005486095,317275458361.7169,1393.80343208,1850741.63059354,1.22703032,7898004893.380589,1.0070553752908853,1.00868887
2023-02-14 00:00:00+00:00,882538.0,3036975.88789519,4337.541962119998,0.02611979,0.00525743,299757181519.65894,1393.19553917,1850401.13435698,1.12024559,7227102165.28745,0.9075927910418996,0.99963129
2023-02-13 00:00:00+00:00,951194.0,3032638.34593307,828.9812992699954,0.0242772,-0.0005433883333333,303650131929.0052,1392.44330758,1851076.5248632,1.09819716,6934230565.65237,0.9062405698846228,0.99602745
2023-02-12 00:00:00+00:00,857445.0,3031809.3646338,-286.85752510999737,0.01862516,-0.0035467899999999,315328983157.0438,1391.75125378,1850546.85253824,1.09874518,6924552891.957996,0.941353897960402,0.9984696
2023-02-11 00:00:00+00:00,859412.0,3032096.22215891,3259.519662890001,0.02342437,0.002648515,289509602117.447,1390.99982373,1850471.17130316,1.10224804,7002176032.691003,0.8550518806013964,0.99858912
2023-02-10 00:00:00+00:00,896950.0,3028836.70249602,7180.501101490001,0.02840764,0.003120295,287553456157.19403,1390.31443948,1850423.79849071,1.09082016,6978897461.447326,0.8543280981669924,0.9946092
2023-02-09 00:00:00+00:00,1036802.0,3021656.20139453,77.06091602000379,0.02084139,0.0019500783333333,316895645560.9893,1389.73861632,1854597.36018368,1.09866275,6967908648.136898,0.9653270131968628,0.99910936
2023-02-08 00:00:00+00:00,926050.0,3021579.14047851,729.2812794199999,0.02088061,0.0076597633333333,269948142514.91684,1389.14975558,1852517.17227995,1.15719318,7565298851.81215,0.8409619302519041,1.00454631
2023-02-07 00:00:00+00:00,917812.0,3020849.85919909,-3607.4574250199985,0.0244059,0.0068154149999999,277772726355.92896,1388.53761356,1850923.91442105,1.17179939,7461053498.223758,0.8630462763940404,1.00227756
2023-02-06 00:00:00+00:00,892038.0,3024457.31662411,800.932177810002,0.01953262,0.0076157349999999,289509602117.447,1387.78188344,1849720.2779829,1.14770098,7397007358.124893,0.8898028140821543,1.00234772
2023-02-05 00:00:00+00:00,789859.0,3023656.3844463,1806.970133830002,0.01449903,0.003895865,297334185958.4591,1387.10151343,1849910.80925249,1.15694608,7475053731.277572,0.919646275149176,1.00026246
2023-02-04 00:00:00+00:00,951481.0,3021849.41431247,-931.4695637699988,0.02338778,0.0072400133333333,266035850594.4108,1386.37760953,1849615.79436765,1.17629887,7350934126.433924,0.8354116167147382,1.01204775
2023-02-03 00:00:00+00:00,973940.0,3022780.88387624,-3389.699068330003,0.02844913,0.01248175,260167412713.65173,1385.58897523,1849487.35568083,1.18196428,7352797639.620617,0.8229935395840281,1.00531318
2023-02-02 00:00:00+00:00,981160.0,3026170.58294457,-3152.125392040005,0.02355104,0.0175524633333333,283641164236.688,1385.05637538,1849832.29712978,1.18524188,7363626651.238947,0.9044101739072508,1.0091633
2023-02-01 00:00:00+00:00,1028510.0,3029322.70833661,6422.282499779998,0.02515912,0.0100462966666666,267991996554.66385,1384.32784847,1849551.64840109,1.19789454,7498797354.147685,0.8318655302687274,1.0176772
2023-01-31 00:00:00+00:00,929815.0,3022900.42583683,199.69964001000335,0.02524536,0.00797233,224956785429.09735,1383.92981356,1849779.81929802,1.16885655,7228067449.060497,0.6909348356305295,1.00558006
2023-01-30 00:00:00+00:00,927721.0,3022700.72619682,1455.223449569996,0.01292311,0.01032924,269948142514.91684,1383.3162335,1850015.98081717,1.15407338,7029132335.665368,0.8276260131732271,1.00368423
2023-01-29 00:00:00+00:00,818826.0,3021245.50274725,2670.9359047800026,0.00834103,0.0071019016666666,314939499600.7363,1382.63808675,1850711.96031396,1.20050403,7559652491.093148,0.9672391912669054,1.00865741
2023-01-28 00:00:00+00:00,845751.0,3018574.56684247,-71.4621959799988,0.01093923,0.0076199016666666,313930106568.096,1381.87222287,1850223.32636375,1.16459641,6909415714.912564,0.9918146189907916,1.00514803
2023-01-27 00:00:00+00:00,912499.0,3018646.02903845,-4094.8892502200033,0.01464197,0.0067792316666666,287769264354.088,1381.09864347,1850276.64340804,1.16663436,6866564938.4435215,0.9098565276641264,0.98770529
2023-01-26 00:00:00+00:00,885161.0,3022740.91828867,-1140.3456781299974,0.01233224,0.0083657383333333,289637895940.80286,1380.85364231,1849654.75118518,1.16322804,6845591491.725559,0.916221029326914,0.99055562
2023-01-25 00:00:00+00:00,906785.0,3023881.2639668,246.97847776999697,0.01169853,0.0131213083333333,327010527675.1,1381.48800913,1849801.52896139,1.16564289,6725071337.0140915,1.0162434670228857,1.00558151
2023-01-24 00:00:00+00:00,900889.0,3023634.28548903,-4380.14305205,0.02056654,0.01223077,241053474686.21655,1380.87613143,1849360.05694492,1.14401935,6991001002.109716,0.7635668225019342,1.00676318
2023-01-23 00:00:00+00:00,917979.0,3028014.42854108,908.1669515499962,0.0148888,0.0075427349999999,295243790700.94745,1380.24816717,1849173.27226416,1.15884657,6983768742.31026,0.9235254159305716,1.004906
2023-01-22 00:00:00+00:00,849956.0,3027106.26158953,996.8158392499972,0.0143676,0.01031434,282163369593.9434,1379.5860439,1849750.46203305,1.1488325,6948056372.434069,0.8802715259557083,1.0092116
2023-01-21 00:00:00+00:00,889162.0,3026109.44575028,3757.35347075,0.01858012,0.0109896383333333,257871158966.65027,1378.81204374,1849540.73825798,1.15274197,7000197461.670634,0.8110089236932139,1.01342532
2023-01-20 00:00:00+00:00,906430.0,3022352.09227953,-13674.05946764,0.02315753,0.002495915,246659369446.36115,1378.1286229,1850207.99089407,1.14847238,7166578325.747983,0.7241954497360487,1.01001094
2023-01-19 00:00:00+00:00,922857.0,3036026.15174717,2092.1113529600043,0.01758782,0.0069112966666666,270951580073.65427,1377.50638105,1850193.2547608,1.06798843,7141228059.429225,0.7711490453477238,0.99303957
2023-01-18 00:00:00+00:00,936327.0,3033934.04039421,-2990.8942924099974,0.01805919,0.0044782016666666,261608422140.08,1376.97584459,1852644.41667333,1.04782467,6813103662.259395,0.7533195540634335,1.00028368
2023-01-17 00:00:00+00:00,975893.0,3036924.93468662,-9193.857274910006,0.01310324,0.0085710316666666,291506527527.5177,1376.56614949,1853515.61619183,1.07089308,6982313983.111615,0.8356117334604969,1.01163239
2023-01-16 00:00:00+00:00,955777.0,3046118.79196153,-6412.125300019998,0.01108836,0.0097385216666666,274688843247.084,1376.00718398,1856428.36363924,1.07385078,6872036122.804953,0.7781729665349556,1.01010367
2023-01-15 00:00:00+00:00,797534.0,3052530.91726155,4168.3797491000005,0.00777192,0.0150052366666666,304586948634.5217,1375.92564508,1856253.9569133,1.05848788,6625108972.409775,0.8474136391903431,1.00400305
2023-01-14 00:00:00+00:00,967345.0,3048362.53751245,8023.164679529997,0.01295375,0.0215181466666666,289810898068.9484,1375.28372567,1856507.36284327,1.06277929,6567789135.253107,0.8923322089285659,1.01415358
2023-01-13 00:00:00+00:00,1058236.0,3040339.37283292,-11329.820545830007,0.01645419,0.0102605,269473291186.91696,1374.62308836,1860280.76402243,1.0115879,7218483079.596907,0.7630530176920212,1.00968005
2023-01-12 00:00:00+00:00,1034516.0,3051669.19337875,5154.849144129999,0.01719893,0.0164259883333333,255914886598.896,1374.11741674,1860931.43294642,0.95707219,6751881036.725646,0.694540048683582,1.0081339
2023-01-11 00:00:00+00:00,932933.0,3046514.34423462,-2990.0939505600036,0.01334191,0.0126849233333333,249135684304.8855,1373.60442172,1860660.38167221,0.91173838,6562103230.707164,0.638482301737561,0.97939532
2023-01-10 00:00:00+00:00,1136444.0,3049504.43818518,454.03216748999694,0.01045474,0.0043027333333333,286421296921.9432,1373.2255881,1860600.4857131,0.88536288,6635488789.787832,0.7230893627036048,0.9879261
2023-01-09 00:00:00+00:00,971058.0,3049050.40601769,-2875.3883489100044,0.0113092,0.0050466,257609687172.39865,1372.92987474,1860585.0135095,0.87176799,6241014537.204444,0.6474383507570532,0.99886372
2023-01-08 00:00:00+00:00,762499.0,3051925.7943666,962.4547725600004,0.00704231,0.0086592116666666,259304487745.90125,1372.29337709,1860209.80155232,0.86899005,6212151657.527488,0.6366237285053967,0.99665512
2023-01-07 00:00:00+00:00,794551.0,3050963.33959404,2392.739960859999,0.00864856,0.0246388766666666,260999288319.40384,1371.58743828,1859970.52874604,0.85925766,6299140249.976479,0.6399595502196798,0.99301588
2023-01-06 00:00:00+00:00,941264.0,3048570.59963318,-2813.6127135200004,0.01159895,0.0018789366666666,305064103230.47205,1371.07756868,1859918.22439766,0.85971953,6239325444.304295,0.743854478227491,0.98681817
2023-01-05 00:00:00+00:00,925965.0,3051384.2123467,-1383.880693670002,0.01433549,0.00408882,266083690039.9117,1370.7260313,1860364.64872852,0.85328278,6310394264.391431,0.6491984809461613,0.99093018
2023-01-04 00:00:00+00:00,914279.0,3052768.09304037,18907.514162689993,0.01626185,0.00501914,242356482010.875,1371.39344491,1859307.37548979,0.85366879,6220281049.572672,0.5907152183875807,0.9853674
2023-01-03 00:00:00+00:00,974091.0,3033860.57887768,545.0117649800013,0.01305113,0.004037265,260999288319.40384,1370.88804795,1860624.90044153,0.84440218,6336705184.271287,0.6271959748355476,0.98778098
2023-01-02 00:00:00+00:00,843181.0,3033315.5671127,1596.2193263400004,0.00896938,0.0031348983333333,274241331173.42743,1370.38921921,1855872.09048153,0.84415281,6312366414.69376,0.6310592758252357,0.99732368
2023-01-01 00:00:00+00:00,712664.0,3031719.34778636,5094.999077689998,0.00728868,0.004874855,272483373922.31573,1369.72062602,1855559.5438872,0.84089106,6379258915.821008,0.6186715805446135,0.99309829
2022-12-31 00:00:00+00:00,837966.0,3026624.34870867,5404.2807853099985,0.01233844,0.008579255,274241331173.42743,1368.99927222,1855409.99538634,0.83642376,6258379217.532435,0.6240876994550212,0.9283215
2022-12-30 00:00:00+00:00,1062578.0,3021220.06792336,4956.539238849997,0.02159356,0.005217765,277757245675.6509,1369.1095692,1855603.48509203,0.8386583,6330783022.602476,0.635475275992455,0.98993521
2022-12-29 00:00:00+00:00,942075.0,3016263.52868451,-11170.630456750005,0.02282224,0.0058470133333333,247871972406.75177,1368.76513516,1855472.39661327,0.8394736,6343966354.104863,0.5681909569678779,0.97397684
2022-12-28 00:00:00+00:00,905707.0,3027434.15914126,1911.35338832,0.01931322,0.0046950516666666,295336818186.768,1368.51323195,1855586.37179701,0.83438011,6239899853.6392765,0.6743652290245183,0.96491304
2022-12-27 00:00:00+00:00,859414.0,3025522.80575294,3839.9230811000016,0.03211947,0.0040358916666666,202165083877.84717,1368.5105245,1855220.63222001,0.84116149,6141357486.085891,0.4710273437638535,0.98477761
2022-12-26 00:00:00+00:00,774973.0,3021682.88267184,-56.08010292000108,0.02129441,0.0049778083333333,226776485393.41116,1367.81878819,1855107.92903179,0.85129759,5971803990.795639,0.5221914645688108,0.99546554
2022-12-25 00:00:00+00:00,748157.0,3021738.96277476,937.6222404199998,0.0153171,0.0015773983333333,247871972406.75177,1367.01945862,1855041.62570053,0.8468646,5957117618.880561,0.5647033528678005,0.97896094
2022-12-24 00:00:00+00:00,755696.0,3020801.34053434,-1997.6068050600009,0.03073627,0.0035344433333333,156458195348.94257,1366.40185062,1854715.66503721,0.84646993,5953963269.477634,0.361071781286836,0.99218046
2022-12-23 00:00:00+00:00,885213.0,3022798.9473394,5681.981136959999,0.02062537,0.007333995,232050357146.7463,1365.64363517,1855634.54599718,0.84343606,5969525648.709279,0.5278050999110672,0.98941716
2022-12-22 00:00:00+00:00,896150.0,3017116.96620244,2419.9840457700047,0.0199088,0.0058771416666666,237324228900.08145,1365.18402166,1854909.17026351,0.84531943,5982482774.045934,0.5356326517550644,0.98978257
2022-12-21 00:00:00+00:00,919286.0,3014696.98215667,-8623.845013769998,0.01815833,0.0046619216666666,251387886908.97516,1364.58792563,1854777.91495809,0.84502795,5860373545.684349,0.5673907581488332,0.98108041
2022-12-20 00:00:00+00:00,944586.0,3023320.82717044,2735.8823940799994,0.02021261,0.0004583416666666,246114015155.64,1364.02332421,1855058.82473376,0.84817659,5801996490.787079,0.5534773080929419,0.99393434
2022-12-19 00:00:00+00:00,957935.0,3020584.94477636,-1627.220500479998,0.02081523,-0.0049901633333333,239082186151.19315,1363.29983584,1855034.12623911,0.82490337,5818663528.9241705,0.533014397780356,0.97042156
2022-12-18 00:00:00+00:00,798628.0,3022212.16527684,1433.4336824800012,0.01261769,-0.0165396983333333,246832768877.72845,1363.10136561,1854724.43391661,0.83868749,5874991427.42741,0.5638300247397319,0.99407512
2022-12-17 00:00:00+00:00,963314.0,3020778.73159436,-6652.43975637,0.01981142,-0.01305232,234916704173.2864,1362.37200491,1854580.33204141,0.84067712,5951494826.404498,0.5381752290346051,0.98801186
2022-12-16 00:00:00+00:00,875023.0,3027431.17135073,-13910.448631779997,0.0199819,-0.0031965183333333,221298344511.0669,1361.74779411,1855001.86620343,0.83271406,5827323170.164766,0.5186958373749201,0.99036309
2022-12-15 00:00:00+00:00,908082.0,3041341.61998251,-177.80925764999847,0.0228867,0.0085596183333333,236618999131.06384,1361.22890685,1854542.78478149,0.86877184,6287346287.907335,0.5688456623601734,0.99346537
2022-12-14 00:00:00+00:00,920673.0,3041519.42924016,-8634.180178050003,0.01605689,0.0051192183333333,251939653751.0608,1360.56438005,1851306.0129195,0.89065957,6460865792.084543,0.6100224511639467,0.98825163
2022-12-13 00:00:00+00:00,965271.0,3050153.60941821,-27017.296213149995,0.01265796,-0.001072765,280878668033.2772,1360.31184045,1851991.15118608,0.88870704,6288887742.225405,0.6629317515649638,0.99062868
2022-12-12 00:00:00+00:00,900447.0,3077170.90563136,-7504.555180879994,0.01391535,-0.0023597466666666,243428178962.1736,1359.95991731,1850541.00624847,0.85965297,6046318543.46042,0.5570835526064858,0.99310734
2022-12-11 00:00:00+00:00,766079.0,3084675.46081224,-2147.2213669599987,0.00883796,-0.0118470233333333,250237358793.28333,1359.32854638,1850487.43596565,0.85353384,6081904218.757119,0.5731218899962672,0.98872107
2022-12-10 00:00:00+00:00,929079.0,3086822.6821792,-1238.985402010001,0.01257638,-0.004211705,262153423497.7254,1358.63789102,1850421.01015315,0.85532636,6111206433.311347,0.6011779213256578,0.99938884
2022-12-09 00:00:00+00:00,936944.0,3088061.66758121,-6634.832759389996,0.01427546,-0.003641845,258748833582.17053,1357.93301361,1850729.16270726,0.85534262,6028014110.239588,0.5936034121566186,0.97907101
2022-12-08 00:00:00+00:00,875966.0,3094696.5003406,-1807.386572039999,0.01405211,-0.005613055,284283257948.8321,1357.60966237,1850419.56071142,0.8592455,6096947748.956119,0.6403766504984666,0.98828896
2022-12-07 00:00:00+00:00,912628.0,3096503.88691264,456.05333617999713,0.01676029,0.0017645016666666,292794732737.7193,1356.99630075,1850078.31759338,0.83963198,5964082420.242369,0.6569406428595199,0.99458138
2022-12-06 00:00:00+00:00,937273.0,3096047.83357646,-2712.1693077399977,0.02597307,-0.004915785,229809819299.9541,1356.34816516,1850110.53178666,0.852049,6059661148.398506,0.5225254987954953,0.97516253
2022-12-05 00:00:00+00:00,959456.0,3098760.0028842,2262.7541149800018,0.02284333,-0.0061163966666666,268175577362.32977,1355.81035283,1849966.55661872,0.84524278,6243899364.670795,0.5661332382566459,0.93730444
2022-12-04 00:00:00+00:00,845931.0,3096497.24876922,-1675.2891873699991,0.01894425,-0.0031173933333333,257154663224.15182,1355.74670791,1849644.51222396,0.84980167,6443780830.957288,0.534791270529669,0.97914404
2022-12-03 00:00:00+00:00,932938.0,3098172.53795659,-2162.971480009999,0.02741774,0.0063104566666666,240623292016.88492,1355.10649448,1849803.88924243,0.83801935,6260862126.781438,0.501750031134071,0.99192499
2022-12-02 00:00:00+00:00,964508.0,3100335.5094366,-1688.7681419,0.0355271,-0.0047099933333333,229602377878.707,1354.30630949,1849933.05058905,0.84850998,6276937150.181879,0.4803675312403899,0.98156386
2022-12-01 00:00:00+00:00,1027983.0,3102024.2775785,282.39437875999283,0.02974656,0.0003501166666666,281033310523.53735,1353.84640136,1849925.93126143,0.842154,6312105832.814172,0.5858389979111169,0.98974246
2022-11-30 00:00:00+00:00,933904.0,3101741.88319974,2420.94309452,0.03048765,0.0023803266666666,253481025178.09253,1353.63438638,1849675.96848169,0.85077469,6697463871.740324,0.5220483185987165,0.98592681
2022-11-29 00:00:00+00:00,957052.0,3099320.94010522,2718.604190120001,0.02761016,-0.0041048066666666,240623292016.88492,1353.08173297,1850188.22211196,0.81500674,6550594380.566695,0.4780570572745851,0.98941663
2022-11-28 00:00:00+00:00,932397.0,3096602.3359151,-3352.8445453899985,0.0257267,0.0037545783333333,255317844201.1222,1352.57322636,1848088.55768214,0.80337518,6401976509.663339,0.4983086239468731,0.96779618
2022-11-27 00:00:00+00:00,848156.0,3099955.18046049,1977.2510938199991,0.02048991,-0.0016387783333333,249807387132.0332,1352.15085151,1847883.24732762,0.81301147,6558965999.5119915,0.4934089247996355,0.99216544
2022-11-26 00:00:00+00:00,886962.0,3097977.92936667,-404.9740001800019,0.03355919,0.0010694316666666,200213273510.2325,1351.40657615,1851211.05048433,0.81478649,6518694454.18729,0.4000231024497407,0.98224293
2022-11-25 00:00:00+00:00,976930.0,3098382.90336685,636.7470743899976,0.03399459,0.0046985049999999,225928739832.64767,1350.66703223,1848996.02716382,0.81699111,6490111257.780482,0.4483972430079634,0.99020993
2022-11-24 00:00:00+00:00,990682.0,3097746.15629246,-1912.9800503200024,0.03352108,0.00518024,236949653970.8256,1350.03666109,1848345.4089848,0.82050059,6482336223.557884,0.4713241895315577,0.98512854
2022-11-23 00:00:00+00:00,1054327.0,3099659.13634278,-47644.43155351999,0.03169965,0.0041881316666666,258991482247.1815,1349.54885374,1848767.74535459,0.82048163,6444517436.91171,0.5082824147647836,1.00901168
2022-11-22 00:00:00+00:00,921336.0,3147303.5678963,3946.281759719998,0.03289035,-0.0070220099999999,231439196901.73663,1353.08862857,1849579.31551882,0.80167942,6449331959.786906,0.4387452713467767,0.97782554
2022-11-21 00:00:00+00:00,970667.0,3143357.28613658,-14926.37091895,0.03050169,0.0058356583333333,236949653970.8256,1353.03397449,1849040.6197975,0.77886372,6311263723.523083,0.4489904354580858,0.97585341
2022-11-20 00:00:00+00:00,1010049.0,3158283.65705553,-2752.514337380002,0.02044953,0.0007214316666666,273686034431.41873,1352.74970024,1848578.98103395,0.80193554,6348322376.508495,0.5295475335716459,0.99027396
2022-11-19 00:00:00+00:00,1101525.0,3161036.17139291,-3790.03177315,0.0286061,0.0045896483333333,268636445870.2763,1352.30453681,1848247.51069226,0.8225424,6377868733.131983,0.526737445106551,0.98877075
2022-11-18 00:00:00+00:00,965468.0,3164826.20316606,42313.68702451,0.04792245,0.0005909516666666,254016775346.7239,1351.58875769,1848353.09525098,0.82187449,6382802577.366065,0.5095132467014548,0.87496685
2022-11-17 00:00:00+00:00,880087.0,3122512.51614155,-9827.408504389998,0.03850759,-0.00047644,252189316531.27985,1354.57734316,1849103.21332896,0.81209205,6380047094.492669,0.4950382285287015,0.94193137
2022-11-16 00:00:00+00:00,949434.0,3132339.92464594,-32241.718419589997,0.03650775,0.010033465,274118822316.60852,1354.62908877,1849416.57576778,0.80750803,6231278571.916557,0.5377176439448259,0.9759823
2022-11-15 00:00:00+00:00,992111.0,3164581.64306553,-14378.225097250004,0.03613018,-0.0159025966666666,283256116393.8288,1355.49988644,1848743.85232407,0.81674627,6166148131.656012,0.5578406403473997,0.98445938
2022-11-14 00:00:00+00:00,941905.0,3178959.86816278,-15927.411541230002,0.02886485,-0.0114973633333333,224777434299.619,1355.33625575,1848671.93075974,0.80226961,5974672700.118294,0.4268381194167754,0.98723719
2022-11-13 00:00:00+00:00,889844.0,3194887.27970401,-20695.01877609,0.01989838,-0.0317802233333333,235742187192.28333,1355.13015508,1848080.82068258,0.7868491,6135227744.85753,0.4477918287371357,0.9953368
2022-11-12 00:00:00+00:00,919110.0,3215582.2984801,-29079.62586718,0.0152672,-0.03358801,305185622179.1575,1354.40991625,1848405.77963249,0.81019075,6302329361.166937,0.5817671290567722,0.97737418
2022-11-11 00:00:00+00:00,968431.0,3244661.92434728,-29594.35988001,0.02551817,-0.0673394033333333,244879481269.5036,1355.10570682,1849693.98668417,0.81859068,6385703458.282579,0.4773793621787461,0.99051425
2022-11-10 00:00:00+00:00,1044189.0,3274256.28422729,-40992.43232388998,0.02580651,-0.1167002983333333,268636445870.2763,1356.62655056,1850177.40482092,0.84575908,6705779288.983338,0.5197351300874666,0.98867157
2022-11-09 00:00:00+00:00,1069456.0,3315248.71655118,-35923.02598381002,0.02610691,-0.0302058716666666,272291363501.1645,1356.57304214,1854205.50056679,0.75939438,6794489659.070595,0.5381984357076846,0.97029215
2022-11-08 00:00:00+00:00,1049922.0,3351171.74253499,-17035.27947881,0.02102433,-0.001909165,297875786917.3813,1357.00978078,1858628.67371624,0.88354185,7136798291.047242,0.6511733880808863,0.98442781
2022-11-07 00:00:00+00:00,911538.0,3368207.0220138,-28682.961207860004,0.01734743,0.0078661216666666,263154069423.94415,1356.8123935,1859185.73464506,0.97846608,8935749697.46471,0.6078700011361158,0.98721355
2022-11-06 00:00:00+00:00,816876.0,3396889.98322166,1011.411729899999,0.01581949,0.0086669583333333,250862304460.74136,1356.95790539,1857412.82538792,0.9910272,9663440861.900175,0.5874961386207528,0.9980458
2022-11-05 00:00:00+00:00,924031.0,3395878.57149176,1359.9555150000017,0.0166907,0.0064357799999999,276497868420.23315,1356.49314482,1857198.87747905,1.00919616,10221875522.63777,0.6490292984522333,1.00065362
2022-11-04 00:00:00+00:00,943707.0,3394518.61597676,94047.77099595,0.02380103,0.0040932616666666,236213410769.6032,1356.03503432,1857088.37004237,1.0020081,9852548652.719128,0.5403991827253517,1.00641856
2022-11-03 00:00:00+00:00,1005201.0,3300470.84498081,-722.1014607800025,0.01812477,0.0016261716666666,300302320668.3327,1357.08662645,1856480.69697599,0.9585815,8948752582.230442,0.6660106304245885,0.99905664
2022-11-02 00:00:00+00:00,866504.0,3301192.94644159,-65796.52307744,0.02146095,0.0049226566666666,223395628789.85727,1356.58049644,1856552.93516633,0.95638441,8875517516.227095,0.4990148267478229,0.99805841
2022-11-01 00:00:00+00:00,954321.0,3366989.46951903,739.2997392899997,0.01634165,0.0005852166666666,263680086440.48727,1356.59353464,1856587.80350305,0.97106267,9162133784.81269,0.5864745229196627,0.99744293
2022-10-31 00:00:00+00:00,961732.0,3366250.16977974,5825.869887939996,0.01411786,0.0047694849999999,314951214359.4709,1356.01320494,1856762.65744076,0.97174587,9156617545.797718,0.6963457350640908,0.99747134
2022-10-30 00:00:00+00:00,825309.0,3360424.2998918,-655.6947985900006,0.01486811,0.0050431533333333,247200081037.9568,1355.41881404,1856451.29560054,0.97774013,9470550415.86156,0.5512730169536316,0.99661514
2022-10-29 00:00:00+00:00,875554.0,3361079.99469039,693.3026262999992,0.01614368,0.0032901083333333,261848974729.095,1354.63670454,1855815.40614466,0.98640123,9897482134.718445,0.5842965018342704,1.00048242
2022-10-28 00:00:00+00:00,935057.0,3360386.69206409,-3799.239743259998,0.01849358,0.002269815,291146762111.37134,1353.88107712,1855738.04167561,0.97589068,9673294195.181246,0.6367090149778961,0.99816751
2022-10-27 00:00:00+00:00,893675.0,3364185.93180735,1611.7354106700004,0.02015949,0.0041323933333333,247200081037.9568,1353.19087274,1855786.65880519,0.96153767,9710112906.416164,0.5459171987677103,1.00045436
2022-10-26 00:00:00+00:00,1043169.0,3362574.19639668,6326.563444009997,0.02373253,0.0057948216666666,283822315265.80225,1352.9004197,1855845.79539543,0.98467041,10652948835.439312,0.6245602279913717,1.00336587
2022-10-25 00:00:00+00:00,824527.0,3356247.63295267,-3841.02784943,0.02155631,0.0018853416666666,223395628789.85727,1352.9642297,1856166.29837359,0.95195578,10526976653.661274,0.4655600235689046,1.0026048
2022-10-24 00:00:00+00:00,915870.0,3360088.6608021,2594.4134141999966,0.01386618,0.0043103516666666,249031192749.3491,1352.66775883,1856279.74828688,0.9164098,9628540740.549276,0.5067570524630546,0.9980838
2022-10-23 00:00:00+00:00,801148.0,3357494.2473879,-1073.56394706,0.00794194,0.0021724033333333,283822315265.80225,1351.95862226,1856261.42510665,0.92805401,10197351789.082478,0.5693281881835981,0.99872935
2022-10-22 00:00:00+00:00,827041.0,3358567.81133496,4402.76330721,0.01079308,0.0021649633333333,240750216430.5172,1351.1754149,1855799.89555195,0.91040422,9850351296.96328,0.497266354367634,0.98934666
2022-10-21 00:00:00+00:00,921355.0,3354165.04802775,3827.148609770003,0.01195176,0.0008308383333333,276154660023.24036,1350.93079367,1855830.3926096,0.90783299,9871655438.634132,0.5654801961419922,0.99695379
2022-10-20 00:00:00+00:00,886071.0,3350337.89941798,2169.7609222300016,0.01390908,0.0012134166666666,256682216047.24265,1350.21730867,1855312.88853071,0.90197462,10094425410.679377,0.5268096816771589,0.99614056
2022-10-19 00:00:00+00:00,918416.0,3348168.13849575,1076.9842124499992,0.01741835,0.0051275266666666,267303549125.05957,1349.47409488,1855329.53781477,0.90520899,10022074996.138388,0.5508426628408255,0.9953304
2022-10-18 00:00:00+00:00,881511.0,3347091.1542833,-9933.071981679996,0.01849314,0.0051678283333333,251371549508.33417,1348.95747576,1857476.00730869,0.91459053,9900193578.255665,0.5238153263378523,1.00570106
2022-10-17 00:00:00+00:00,869486.0,3357024.22626498,2523.207574439999,0.01372662,0.0009447549999999,265533326945.4234,1350.91210803,1857605.14059171,0.92552734,10177131321.473124,0.5469648922541156,0.98794965
2022-10-16 00:00:00+00:00,759662.0,3354501.01869054,-670.2489293299986,0.00904247,-0.0013134533333333,254911993867.60648,1351.18704677,1857813.45219558,0.9111347,9534341724.356071,0.5142085192167519,0.99603917
2022-10-15 00:00:00+00:00,854631.0,3355171.26761987,1196.2281046099995,0.00969248,0.0023087283333333,269073771304.6957,1350.42491534,1857528.20694606,0.90183178,9694178516.344135,0.5409557159253974,0.99634637
2022-10-14 00:00:00+00:00,977143.0,3353975.03951526,-2979.042211730004,0.01512434,0.0045704299999999,276154660023.24036,1349.58507599,1857330.31322212,0.90683189,9639945030.487295,0.5681325695308984,0.99774875
2022-10-13 00:00:00+00:00,942047.0,3356954.08172699,-5847.961094720005,0.01628005,-0.0026166149999999,253141771687.9703,1348.91097158,1857067.57501856,0.91597579,10042334518.591797,0.5079970969376129,0.99729872
2022-10-12 00:00:00+00:00,869395.0,3362802.04282171,11041.50388243,0.01089361,0.0012806249999999,242520438610.15335,1348.22913852,1856905.74876629,0.9052286,9732996096.290443,0.4833942205919945,0.99020251
2022-10-11 00:00:00+00:00,894276.0,3351760.53893928,3281.293140349997,0.00893202,0.0025302433333333,277924882202.8765,1347.77985326,1859747.51479437,0.89962056,10219216152.704409,0.5501587599774611,0.9968051
2022-10-10 00:00:00+00:00,909532.0,3348479.24579893,2957.5702014300005,0.00764995,0.0002814916666666,297397326178.8742,1347.20304272,1859489.7452364,0.90273994,10007468864.259151,0.5938521124873142,0.99603466
2022-10-09 00:00:00+00:00,769718.0,3345521.6755975,78.39046857999892,0.00597163,-0.004245725,246312726256.36307,1346.49750573,1859368.99406294,0.91696469,9892147822.601824,0.5595514705560418,0.99875872
2022-10-08 00:00:00+00:00,813395.0,3345443.28512892,3889.51480442,0.00607088,-0.0034147283333333,272814728448.5034,1345.66632567,1859173.98557442,0.91580453,9730713755.406836,0.6198869932675639,0.99074435
2022-10-07 00:00:00+00:00,938821.0,3341553.7703245,-14485.67360296,0.00981113,0.0011231783333333,266578963226.8233,1345.00033286,1859270.8932873,0.92048551,9744232850.243397,0.6150998020570208,0.99724681
2022-10-06 00:00:00+00:00,936104.0,3356039.44392746,-7746.419258840004,0.01013599,0.0033024183333333,247871667561.78308,1344.421557,1858850.66420874,0.9406819,9972570747.792664,0.5824263420604123,0.99712796
2022-10-05 00:00:00+00:00,886971.0,3363785.8631863,671.7997283600052,0.00835005,0.003353315,272814728448.5034,1343.75295064,1858613.18185751,0.9497225,10103718686.12124,0.6379687296139694,0.99743883
2022-10-04 00:00:00+00:00,930631.0,3363114.06345794,3532.962164949997,0.00996542,0.0038502966666666,254107432783.46317,1343.22329067,1859073.16854555,0.9579822,10501482887.59804,0.5878806019863997,0.99878305
2022-10-03 00:00:00+00:00,982804.0,3359581.10129299,102.35880124999676,0.0117867,-0.0009841983333333,240076961034.68295,1342.57930907,1858917.74990986,0.92436007,9097299382.041512,0.5386372594378788,0.99812019
2022-10-02 00:00:00+00:00,835001.0,3359478.74249174,-265.52966156,0.0091204,-0.00135109,244753784950.94305,1341.87398153,1859099.02729967,0.89711389,8525165059.423117,0.5436255474460783,0.99672177
2022-10-01 00:00:00+00:00,877053.0,3359744.2721533,-3437.29776682,0.01076669,-0.000198865,282168376281.0235,1341.05791634,1858990.29981806,0.90897844,8587382395.827391,0.6289966668226799,0.99741783
2022-09-30 00:00:00+00:00,986252.0,3363181.56992012,-601.963061500006,0.0154578,0.0005666483333333,263461080615.98328,1340.25599575,1859093.05930516,0.91398647,8428234888.681075,0.5955203577250262,0.99505953
2022-09-29 00:00:00+00:00,880839.0,3363783.53298162,-3029.608138399999,0.01637238,0.004906035,222928606675.06277,1339.7801304,1859049.35873313,0.9215108,8652922169.380854,0.5000446956252794,0.9968567
2022-09-28 00:00:00+00:00,859266.0,3366813.14112002,2588.22138861,0.0147491,0.0010884416666666,233841195813.0029,1339.15394066,1859696.04469775,0.91248872,8721078138.629498,0.5156583661579928,0.99450469
2022-09-27 00:00:00+00:00,949450.0,3364224.91973141,1485.1118026100012,0.02039023,0.0044562933333333,205494866903.68484,1338.52815035,1859300.28884758,0.89620746,8393529226.807136,0.4586720739601279,0.99676496
2022-09-26 00:00:00+00:00,925738.0,3362739.8079288,2288.092674649997,0.01519535,-0.0001907033333333,238947519655.4475,1338.18102384,1859013.47122443,0.90302024,8395517782.184257,0.5113538978708947,0.99858327
2022-09-25 00:00:00+00:00,788050.0,3360451.71525415,7340.655347149999,0.01131422,-0.0013297733333333,234168569262.33856,1337.49906565,1859239.66680021,0.88285282,8049652483.875005,0.497087651728931,0.99710945
2022-09-24 00:00:00+00:00,806834.0,3353111.059907,1937.7300554700016,0.01213372,0.00069893,232575585797.9689,1336.6945371,1859115.84668181,0.88791073,8019732613.9756,0.495630051766351,0.998307
2022-09-23 00:00:00+00:00,981069.0,3351173.32985153,1608.3015984800004,0.01833623,-0.0015500483333333,215052767689.9027,1335.84390998,1859120.37200218,0.90508484,8038192552.375911,0.4601199738818399,0.9973101
2022-09-22 00:00:00+00:00,860891.0,3349565.02825305,-1212.0250630200026,0.01589556,-0.0065367116666666,203901883439.3152,1335.14188754,1859227.67722959,0.91001776,8131254079.483042,0.4319126125487512,0.99813458
2022-09-21 00:00:00+00:00,908783.0,3350777.05331607,7252.8426864099965,0.015646,0.00096429,224610668476.12067,1334.44690144,1859375.59132794,0.86561576,7611230424.463025,0.476037824505325,0.99704174
2022-09-20 00:00:00+00:00,960956.0,3343524.21062966,5422.201996050004,0.01527955,0.0003110383333333,242133486584.1868,1333.87666856,1859638.71475743,0.88450091,7820297269.142225,0.5173895702767737,0.99621712
2022-09-19 00:00:00+00:00,910492.0,3338102.00863361,1725.9373658800032,0.01588526,-0.0076520466666666,207087850368.0545,1333.25127677,1860150.42500183,0.91492765,7983881773.477218,0.4368891777237441,0.99563608
2022-09-18 00:00:00+00:00,771927.0,3336376.07126773,622.2533150800009,0.01249253,-0.0009871066666666,245319453512.92612,1332.9729017,1859602.20224005,0.90821626,8227880842.068019,0.5382896595605905,0.99704811
2022-09-17 00:00:00+00:00,927636.0,3335753.81795265,4164.254001230001,0.01560847,-0.0048087283333333,270807188942.8405,1332.12815581,1859855.83371782,0.94061922,8445051345.961144,0.5977585822377671,0.99819607
2022-09-16 00:00:00+00:00,931778.0,3331589.56395142,-156.77038414999697,0.02328761,-0.0029995549999999,203901883439.3152,1331.32502137,1859889.01296409,0.92588266,8230536589.128698,0.4477859724377988,0.99730514
2022-09-15 00:00:00+00:00,951425.0,3331746.33433557,26708.42217465999,0.01848821,-0.0038021283333333,234168569262.33856,1330.54547566,1858877.48205068,0.92080567,8120118111.485255,0.5171374508860259,0.99377523
2022-09-14 00:00:00+00:00,982437.0,3305037.91216091,-15918.085141940042,0.02111217,-0.0053347249999999,202308899974.94556,1329.96820348,1859247.56268211,0.94417544,8255793263.611525,0.4523623656146581,0.9948173
2022-09-13 00:00:00+00:00,945638.0,3320955.99730285,-9845.547754469995,0.01784893,0.006185295,218238734618.6421,1329.39250758,1859194.56039989,0.9405719,8354033915.883476,0.5189739983777404,0.98305202
2022-09-12 00:00:00+00:00,982875.0,3330801.54505732,2218.0093512099993,0.01338686,0.0055910133333333,235601272087.5498,1329.27660318,1859700.32361777,1.04178758,10125511382.87188,0.5899362413744542,1.00119111
2022-09-11 00:00:00+00:00,857087.0,3328583.53570611,-958.2144511700026,0.00885541,0.0030001366666666,281797599947.8537,1328.58342451,1860086.72207044,1.01544228,9800516855.919102,0.6842464950716601,0.99752546
2022-09-10 00:00:00+00:00,892673.0,3329541.75015728,4168.402244390003,0.01249389,0.007285065,241760782468.92365,1327.82015694,1859676.76077281,1.00696904,9570779691.173117,0.5826889657139587,1.00044957
2022-09-09 00:00:00+00:00,1030863.0,3325373.34791289,3198.3777329200093,0.01871068,0.00370342,226362006515.489,1327.03925406,1859765.76198116,0.99370627,9389255867.05716,0.5319781195892789,1.00246259
2022-09-08 00:00:00+00:00,929322.0,3322174.97017997,5961.734062349999,0.01901879,0.0006155233333333,195564454608.61975,1326.34637228,1859754.82601571,0.8990032,8291883188.771701,0.4256042315428666,0.99767948
2022-09-07 00:00:00+00:00,956328.0,3316213.23611762,1600.9521164199978,0.01593891,-0.0079123016666666,224822128920.14557,1325.63351522,1859913.76500563,0.89719976,8347525033.847409,0.4783491979847679,0.99749372
2022-09-06 00:00:00+00:00,925724.0,3314612.2840012,-8912.564429899998,0.01693786,0.000458185,218662618538.77173,1325.06908715,1859300.92275378,0.87325719,8539034897.867056,0.4814229499377692,0.99601522
2022-09-05 00:00:00+00:00,933649.0,3323524.8484311,7966.946932370003,0.01448177,-0.002877,235601272087.5498,1324.73584205,1859057.41113107,0.91881939,8757814927.654503,0.5211084696304119,0.99861194
2022-09-04 00:00:00+00:00,769646.0,3315557.90149873,3908.6487268799974,0.00987166,-0.0040959049999999,258699436017.70175,1323.97505209,1859092.62748934,0.92814938,8614520077.442461,0.5683191535454044,1.00065329
2022-09-03 00:00:00+00:00,940094.0,3311649.25277185,-186.38785454000023,0.01555595,-0.0024303799999999,226362006515.489,1323.97577763,1858899.40733262,0.92033203,8665986876.440144,0.4994703100765642,0.99814209
2022-09-02 00:00:00+00:00,989567.0,3311835.64062639,9642.112017730004,0.02216666,0.0010896266666666,198644209799.3067,1323.21058312,1858952.65324266,0.92586097,8265808284.841192,0.4463236748813845,0.9963596
2022-09-01 00:00:00+00:00,964871.0,3302193.52860866,-399.877466320002,0.01677819,-1.54483333333e-05,212503108157.39783,1322.58909121,1863005.83791578,0.93374703,8381720188.704729,0.4709861851024348,0.99636467
2022-08-31 00:00:00+00:00,919804.0,3302593.40607498,7394.583442279996,0.01410615,-0.0001152416666666,224822128920.14557,1321.95128586,1863233.03973127,0.92904187,8086140377.669003,0.5021744822995357,0.99802841
2022-08-30 00:00:00+00:00,947202.0,3295198.8226327,1681.3798045899966,0.01180998,-0.0052316883333333,228317294535.67276,1321.22061653,1862784.87763018,0.91751325,8501508162.961964,0.5527785875509165,0.99267687
2022-08-29 00:00:00+00:00,935361.0,3293517.44282811,-4408.576715340001,0.01109415,-0.0046167066666666,221270464457.41125,1320.87000617,1863227.01322999,0.93844137,8558744720.191356,0.5305056042989742,0.99925616
2022-08-28 00:00:00+00:00,767468.0,3297926.01954345,2920.2832567900005,0.0073938,-0.0112333833333333,226907928520.02045,1320.9384134,1863602.99402546,0.90451817,8360190662.763513,0.5410021315595799,0.99960844
2022-08-27 00:00:00+00:00,839110.0,3295005.73628666,-1301.1904407399998,0.0096019,-0.011622035,204358072269.58365,1320.92580104,1862959.03510287,0.92655679,8462427918.9624,0.4903316635839932,0.99478603
2022-08-26 00:00:00+00:00,926362.0,3296306.9267274,3250.211229929999,0.01018321,-0.00312116,248048418754.80496,1320.18752957,1863449.20173517,0.93562669,8340650715.506487,0.6263883991738723,0.99596338
2022-08-25 00:00:00+00:00,915381.0,3293056.71549747,-5837.758689479997,0.01084658,-0.001429525,224089196488.71585,1319.57795128,1863188.87748929,0.99561372,8431625147.375735,0.5768609787864261,0.99748883
2022-08-24 00:00:00+00:00,919135.0,3298894.47418695,-710.9079230999996,0.01060353,-0.003070025,205767438285.23593,1318.84555316,1864667.73599811,0.98643229,8429675491.629257,0.5246307628251573,0.99809924
2022-08-23 00:00:00+00:00,931459.0,3299605.38211005,3346.380956750003,0.01057542,0.000837435,242410954692.19577,1318.1108704,1863938.48429116,0.99346969,8493039449.624844,0.614918575279585,0.99878066
2022-08-22 00:00:00+00:00,881918.0,3296259.0011533,2717.129769470004,0.01150537,0.0005656933333333,204358072269.58365,1317.45694974,1863933.59400003,0.98713447,8412464819.920876,0.5142853762690346,0.99742408
2022-08-21 00:00:00+00:00,764497.0,3293541.87138383,-2472.4522126099982,0.00860758,-0.0071629633333333,205767438285.23593,1316.80012865,1864340.96731099,0.99171324,8449368674.692338,0.5178408580303435,0.99902074
2022-08-20 00:00:00+00:00,839108.0,3296014.32359644,-322.1968125800013,0.0096144,-0.0120103133333333,209995536332.19284,1315.95082656,1863160.58772668,0.97445389,8322938257.999029,0.5230772065175757,0.99867617
2022-08-19 00:00:00+00:00,993721.0,3296336.52040902,-6817.202079370007,0.01227797,-0.00832047,250867150786.10956,1315.17306894,1862930.86099225,0.96007727,8293802559.830904,0.6446955060484405,0.99215704
2022-08-18 00:00:00+00:00,1008356.0,3303153.72248839,-12694.43783168,0.01633443,2.03283333333e-05,202948706253.93137,1314.66847251,1863508.95237225,1.0667406,9374912671.728106,0.5608085429020448,0.9991397
2022-08-17 00:00:00+00:00,909991.0,3315848.16032007,899.962039940001,0.01848202,0.0025373033333333,180673577334.0118,1314.0550122,1862281.15142614,1.07360945,9451442634.292894,0.5104657770345571,0.99733623
2022-08-16 00:00:00+00:00,1027193.0,3314948.19828013,16520.480351470003,0.01258973,0.00326032,207284414305.68796,1313.39590506,1862422.16479234,1.09671327,9126990788.379108,0.5858363785956889,0.99942114
2022-08-15 00:00:00+00:00,913797.0,3298427.71792866,-4940.693109690001,0.0114716,-0.0011074966666666,203082703204.897,1312.6352242,1862504.84980791,1.10764716,9121367347.862808,0.5789516629253413,0.99851919
2022-08-14 00:00:00+00:00,814828.0,3303368.41103835,-5949.34848058,0.00946168,0.0028106483333333,186275858801.7331,1311.89763904,1862604.130131,1.1170298,9378535729.652237,0.5341269439380479,0.99885091
2022-08-13 00:00:00+00:00,823412.0,3309317.75951893,-240.1291389199978,0.01314283,0.00623236,194679281003.31503,1311.05855419,1862643.82271736,1.12340308,9580065867.022064,0.559901828955879,1.0003566
2022-08-12 00:00:00+00:00,955987.0,3309557.88865785,-4433.8406731399955,0.01764371,0.0024907866666666,215687836507.26993,1310.23650098,1862818.76628842,1.12171593,9451938073.16248,0.6083171974002681,1.00090631
2022-08-11 00:00:00+00:00,1007606.0,3313991.72933099,1785.5554924899989,0.02086795,0.0073555116666666,196079851370.2454,1309.5618144,1862993.47802071,1.10055321,9177257714.284391,0.5638645042736569,0.999921
2022-08-10 00:00:00+00:00,1028471.0,3312206.1738385,5450.062240710002,0.02019447,1.6283333333e-06,207284414305.68796,1308.86452662,1862864.58056746,1.10111883,9070542437.792175,0.569610478685484,1.00225529
2022-08-09 00:00:00+00:00,948500.0,3306756.11159779,-2220.5123567899936,0.02502584,-0.0001639816666666,200281562471.03635,1308.77140949,1862185.66706486,1.06463471,9262415989.927427,0.5540697765243807,0.99422831
2022-08-08 00:00:00+00:00,919607.0,3308976.62395458,-1541.1423547099985,0.01695515,0.0077384666666666,201682132837.96667,1308.36205287,1862746.290176,1.09352735,9462758151.933071,0.5601106907024713,1.00056446
2022-08-07 00:00:00+00:00,708377.0,3310517.76630929,996.4380855999988,0.01104976,0.00115592,222690688341.9215,1307.63690863,1862701.29644283,1.06456038,8835613482.25726,0.5953220590692906,0.99960411
2022-08-06 00:00:00+00:00,870832.0,3309521.32822369,1244.3391460900002,0.01328783,0.002322355,225491829075.7822,1306.93822883,1862363.46059042,1.05427114,8740555725.490234,0.6061507437522708,1.00015412
2022-08-05 00:00:00+00:00,945787.0,3308276.9890776,-1704.3133652500037,0.0204726,0.0021383333333333,210085555039.5486,1306.18548804,1862296.33253316,1.07092246,8664349082.14044,0.5654941448110297,0.99987544
2022-08-04 00:00:00+00:00,950479.0,3309981.30244285,5685.697744809997,0.02085185,-0.0012183033333333,184875288434.8028,1305.41392374,1861875.72361417,1.0391032,8655024183.50413,0.4923440531401943,0.9957037
2022-08-03 00:00:00+00:00,974198.0,3304295.60469804,-7250.033714159996,0.01689751,0.00210073,199607727898.59988,1305.01823964,1861716.31755132,1.04731797,8858755529.130392,0.5456103816067268,0.99945358
2022-08-02 00:00:00+00:00,942671.0,3311545.6384122,3690.5102233200014,0.01542219,0.0017663016666666,213373778098.50333,1304.30358137,1862356.66672184,1.05481008,8678823676.06853,0.5764345775261666,0.9980818
2022-08-01 00:00:00+00:00,903174.0,3307855.12818888,1213.0878131299978,0.01671644,0.0016450316666666,187218282718.6868,1303.67576781,1861899.38843762,1.06713433,8884692869.243973,0.5112189661586158,0.99955881
2022-07-31 00:00:00+00:00,768629.0,3306642.04037575,42.90746195999964,0.01139136,0.0019258849999999,209243963038.53232,1302.90883325,1862217.38219214,1.0684231,8991726716.668167,0.5803561309203791,0.99689751
2022-07-30 00:00:00+00:00,797014.0,3306599.13291379,-888.1719226700006,0.01524102,0.0028185983333333,177582047578.7544,1302.23593498,1862035.97387067,1.08421944,9303175859.760536,0.4999873720373892,1.00050933
2022-07-29 00:00:00+00:00,949562.0,3307487.30483646,-3291.2875241899965,0.01635205,0.0076428416666666,200984332918.59024,1301.41836095,1862277.38556278,1.09034391,9373187469.966251,0.5619799227142905,1.00023024
2022-07-28 00:00:00+00:00,1011653.0,3310778.59236065,-1237.088637460001,0.01798694,0.0079394683333333,194101307818.63852,1300.71495384,1861687.01845845,1.09348537,9344923393.520828,0.5309325778124839,1.0032376
2022-07-27 00:00:00+00:00,885921.0,3312015.68099811,-640.5726153700016,0.01164317,-0.0014751716666666,227139828298.40677,1299.98496494,1863903.57852981,1.05339068,9309708466.894548,0.5694152946507239,1.00140895
2022-07-26 00:00:00+00:00,957399.0,3312656.25361348,-2705.718820189999,0.01435452,-0.00053858,220256803198.45505,1299.28072195,1862154.19363057,0.97550761,8240122414.653143,0.5397266469777114,0.995958
2022-07-25 00:00:00+00:00,900793.0,3315361.97243367,-5412.58771824,0.01406393,0.0014912516666666,195477912838.62888,1298.65790528,1859318.47195514,0.97693926,8125725136.385972,0.4988316329927815,0.99411006
2022-07-24 00:00:00+00:00,730306.0,3320774.56015191,-4029.4423537600014,0.01076479,0.0002416366666666,216126988138.484,1298.08185836,1858551.18790723,1.03408198,8824043946.693132,0.5674156047832124,0.99773767
2022-07-23 00:00:00+00:00,771916.0,3324804.00250567,1420.0705919199972,0.01378191,0.0011429716666666,211997173078.513,1297.30846279,1857767.4138413,1.02776734,8846703668.317465,0.5531214394964808,0.99514294
2022-07-22 00:00:00+00:00,848475.0,3323383.93191375,-1582.698165260001,0.02568252,0.0027719516666666,181711862638.72543,1296.64328509,1857091.08390914,1.03778156,8890099729.021748,0.4941206522413456,0.99164999
2022-07-21 00:00:00+00:00,959711.0,3324966.63007901,2374.81794909,0.02709163,0.0071274266666666,191348097778.65784,1296.20143395,1857619.00296223,1.05756777,9025239674.776497,0.516204066225961,0.99070266
2022-07-20 00:00:00+00:00,916073.0,3322591.81212992,-9494.671642869987,0.03153647,0.0061017666666666,182598379641.4101,1297.11849357,1857412.36729715,1.05884567,9029214188.68322,0.4815583793103974,1.00402887
2022-07-19 00:00:00+00:00,992525.0,3332086.48377279,-16633.468768220002,0.03000992,0.0062094183333333,199988701512.0206,1296.65808646,1857533.69914631,1.06724096,9489527780.585556,0.5033529300828798,0.99258796
2022-07-18 00:00:00+00:00,870506.0,3348719.95254101,-1709.2861268799898,0.02652721,0.0079895166666666,189844347087.4978,1297.86236801,1858300.87611563,1.0218017,8709167686.17722,0.4605940423175589,1.0003442
2022-07-17 00:00:00+00:00,723191.0,3350429.23866789,19257.03311221,0.01998158,0.0073155183333333,179699992662.97504,1297.29418598,1857464.48434807,0.94734846,8330499643.77342,0.4217010371370336,0.99862211
2022-07-16 00:00:00+00:00,786563.0,3331172.20555568,-2969.2223781499997,0.01937687,0.0023682183333333,214480636404.196,1296.43232368,1857496.58283051,0.96532799,8352833783.261237,0.4933487610829241,0.99985847
2022-07-15 00:00:00+00:00,950107.0,3334141.42793383,8471.910347199999,0.02853012,0.000767895,205785475468.89075,1295.61972224,1856835.30855186,0.94861396,8334595032.583286,0.4759326989636349,0.97969305
2022-07-14 00:00:00+00:00,986358.0,3325669.51758663,-29.77558601999772,0.03907465,0.0037719316666666,179699992662.97504,1295.40969861,1856770.72444367,0.93403518,8147163386.420922,0.4086615841429639,0.99397923
2022-07-13 00:00:00+00:00,808198.0,3325699.29317265,6395.873875500001,0.03240273,0.0009618316666666,159411283813.92944,1294.87396522,1856427.77622894,0.91663904,7884261937.408181,0.3485155280099818,0.99863135
2022-07-12 00:00:00+00:00,940269.0,3319303.41929715,6525.00870613,0.0180644,0.0045376216666666,218828216871.8486,1294.06965694,1856949.33829892,0.87518079,7593210521.839374,0.4751900174698228,0.99640407
2022-07-11 00:00:00+00:00,834854.0,3312778.41059102,-9321.45980389,0.01957423,0.0014855033333333,178250799173.75748,1293.44205443,1856494.22177063,0.90352845,7650163006.463092,0.4015424442173612,0.98583715
2022-07-10 00:00:00+00:00,706308.0,3322099.87039491,-2838.020563099999,0.01314305,-0.0015551816666666,221726603850.2837,1293.50296632,1856301.3622663,0.94150609,7948004929.832877,0.5121074530634913,0.99662753
2022-07-09 00:00:00+00:00,777696.0,3324937.89095801,-275.7969810700015,0.01855306,-0.001786745,194191927555.1504,1292.68950901,1856119.85853193,0.97395989,8289158961.261456,0.4606133066277706,0.98829891
2022-07-08 00:00:00+00:00,942125.0,3325213.68793908,-6394.87331072001,0.02411264,0.0009302749999999,214480636404.196,1291.96247121,1855282.02892787,0.97268321,8398288195.821982,0.5147249682993131,0.9982972
2022-07-07 00:00:00+00:00,1002098.0,3331608.5612498,4556.785557580006,0.02424769,0.0035418633333333,227523377807.15387,1291.38837047,1855347.56334341,0.97351934,8840215201.688757,0.5200937195636125,0.99855476
2022-07-06 00:00:00+00:00,980050.0,3327051.77569222,-2145.405013210002,0.02992369,0.0033057066666666,186682514100.1856,1290.68539422,1854603.02364073,0.92539161,7905800423.322593,0.4116525100470113,0.98772734
2022-07-05 00:00:00+00:00,865464.0,3329197.18070543,-1025.4508370299957,0.02605489,0.00116695,173453044597.02283,1290.22517696,1854676.06637004,0.90607029,7613285232.660302,0.3767671766604505,0.99727177
2022-07-04 00:00:00+00:00,850446.0,3330222.63154246,4599.961928280005,0.01494536,0.0021009266666666,210201570994.69717,1289.50562042,1854698.12545633,0.90821691,7760454835.205941,0.4402435993566384,0.9992334
2022-07-03 00:00:00+00:00,732490.0,3325622.66961418,-1241.324905450001,0.01021647,0.0056118433333333,227840863665.58084,1288.73564197,1854708.83569533,0.8671058,7079742093.519459,0.4657267281602182,0.99573286
2022-07-02 00:00:00+00:00,842837.0,3326863.99451963,458.441048030003,0.01518573,0.0030150183333333,202851865715.1623,1288.19081948,1854493.79995888,0.86316411,7116436501.266396,0.41817687276577,0.99585458
2022-07-01 00:00:00+00:00,937013.0,3326405.5534716,-7737.4693207500095,0.02115386,-0.0017310533333333,196972101491.5344,1287.45229265,1854552.13484184,0.86387635,6967649127.931936,0.4149362664470875,0.99412551
2022-06-30 00:00:00+00:00,957656.0,3334143.02279235,-8394.262180239995,0.01526149,-0.0099919566666666,251359920560.0924,1286.93678452,1855045.73651823,0.8943249,7231200358.410809,0.5198780919638232,0.98257016
2022-06-29 00:00:00+00:00,917884.0,3342537.28497259,2184.1521517599904,0.0140767,-0.00217793,221961099441.95297,1286.80269012,1853316.90344017,0.89708392,7389893304.165809,0.4782863793027408,0.99479436
2022-06-28 00:00:00+00:00,904211.0,3340353.13282083,-4855.4183017899995,0.0152146,-0.001002595,214611394162.4181,1286.59640848,1853005.3859918,0.90334105,7434790737.015963,0.476087901955524,0.99516683
2022-06-27 00:00:00+00:00,970026.0,3345208.55112262,13697.035461300002,0.0166474,0.0011434233333333,199911983603.34836,1286.16002342,1852509.86153926,0.92290879,7466975189.555078,0.450965865655742,0.99145089
2022-06-26 00:00:00+00:00,712703.0,3331511.51566132,460.8757514099998,0.0145556,0.0005480716666666,202851865715.1623,1285.5860771,1852947.13113655,0.93545384,7480131858.845371,0.46406271574391,0.99755457
2022-06-25 00:00:00+00:00,751786.0,3331050.63990991,-3034.189237999999,0.01398292,-7.4485e-05,221961099441.95297,1284.73187933,1852830.22760847,0.95516629,7717098759.605352,0.5046195724575435,1.00251613
2022-06-24 00:00:00+00:00,881146.0,3334084.82914791,-2343.311301499998,0.01965036,0.002829675,189622396211.9995,1284.67291278,1852709.12047159,0.94418607,7302772634.034258,0.4302355015395701,0.99461452
2022-06-23 00:00:00+00:00,856840.0,3336428.14044941,4975.280309769994,0.01534663,-0.0039102016666666,223431040497.85992,1284.23405257,1852631.97713451,0.9377512,7228714142.996231,0.4913032300581463,0.99635888
2022-06-22 00:00:00+00:00,877460.0,3331452.86013964,-16784.345281150003,0.02059655,0.00130602,189622396211.9995,1283.55048344,1852772.05837568,0.8869822,7000776079.7132,0.4142280127488525,0.98687686
2022-06-21 00:00:00+00:00,912243.0,3348237.20542079,25658.33741651001,0.01710105,-0.0013621433333333,225808603129.68204,1283.08489242,1857806.39620798,0.91770721,7164661442.326641,0.495887012820063,0.9924632
2022-06-20 00:00:00+00:00,830583.0,3322578.86800428,-9847.904718449994,0.01804359,-0.0031736533333333,198711570754.1202,1282.70486348,1857849.24683537,0.90970367,7049400302.269423,0.4236553211168873,0.99525751
2022-06-19 00:00:00+00:00,746655.0,3332426.77272273,447.70899989000463,0.01524431,0.0011346483333333,200216961441.6514,1282.11570338,1858227.53472945,0.90851404,7003050105.3425865,0.4021485251136684,0.99818507
2022-06-18 00:00:00+00:00,930873.0,3331979.06372284,2076.6734707799915,0.02102183,-0.0080033416666666,234840947254.86932,1281.4827113,1858022.15231359,0.83743107,6840246768.762803,0.4734550658117517,0.98973262
2022-06-17 00:00:00+00:00,877166.0,3329902.39025206,-68440.68228717001,0.03129954,-0.0086513383333333,162582194253.37106,1281.46151837,1858063.7166086,0.89909245,7443646214.927419,0.3564440616294091,0.99414137
2022-06-16 00:00:00+00:00,889528.0,3398343.07253923,-3304.1094685900025,0.03045595,-0.0044346216666666,179141491816.21442,1284.40784327,1854999.94985015,0.89312259,7415235553.531157,0.405081691355755,0.99443223
2022-06-15 00:00:00+00:00,1064695.0,3401647.18200782,-22148.600502989982,0.02437612,-0.012173615,248389463442.65024,1284.02069615,1857322.31925937,0.98518857,7842884152.807233,0.5567159962978134,0.99340667
2022-06-14 00:00:00+00:00,1092137.0,3423795.78251081,16179.53828409998,0.02779924,-0.0136169,219787040379.5572,1284.35829336,1856224.74677347,0.96047769,8038612913.038428,0.5135467707248778,0.98911066
2022-06-13 00:00:00+00:00,1001964.0,3407616.24422671,-9210.569486819992,0.03275301,-0.0036855383333333,200216961441.6514,1284.66354952,1856292.85834096,0.96752945,7944323778.633769,0.5108727221626911,0.97804109
2022-06-12 00:00:00+00:00,755875.0,3416826.81371353,-4444.665554020001,0.01208287,0.0004292716666666,191184617316.46417,1285.27720853,1851476.63255648,1.13409537,10102224635.609896,0.5463033802730668,0.99369174
2022-06-11 00:00:00+00:00,844730.0,3421271.47926755,-6143.50274507,0.01158362,0.0007464983333333,231830165879.8069,1284.74631555,1851756.05126002,1.21096564,10710714396.604416,0.691473066763514,0.99213733
2022-06-10 00:00:00+00:00,903839.0,3427414.98201262,1452.2414251200023,0.01455643,0.0006437799999999,221292431067.0884,1284.22774828,1851710.78467475,1.23840749,10723725137.415886,0.6807656207067239,0.99426018
2022-06-09 00:00:00+00:00,911979.0,3425962.7405875,-5138.163854769999,0.01091761,0.0037344966666666,219787040379.5572,1283.87098356,1851563.57958859,1.2804587,10602441464.404388,0.6866461068142238,0.98828053
2022-06-08 00:00:00+00:00,889019.0,3431100.90444227,3934.9272180500047,0.00963803,0.006323775,267959542380.55603,1283.33834149,1851740.87082415,1.28423338,10281668048.54151,0.8417717318308877,0.99652542
2022-06-07 00:00:00+00:00,940398.0,3427165.97722422,5252.007675960005,0.01150155,-0.0058067366666666,240765744091.2262,1282.84689702,1851925.87182771,1.32255056,11050060739.654192,0.7558873000227229,0.99026711
2022-06-06 00:00:00+00:00,952457.0,3421913.96954826,17208.79568725,0.01336738,0.003993365,222931244528.91315,1282.62000056,1851340.950673,1.32997465,11916946817.06814,0.7305327869286224,0.99776174
2022-06-05 00:00:00+00:00,737139.0,3404705.17386101,-1320.5597792399983,0.01025271,-0.0068542783333333,216986411341.47543,1281.98051227,1851360.76089183,1.26792352,10598881410.976538,0.6761394676163148,0.99716236
2022-06-04 00:00:00+00:00,775169.0,3406025.73364025,5354.02049029,0.01426836,-0.0051307683333333,206582953263.45953,1281.16820931,1851246.21197969,1.26516236,10871621689.48181,0.643968995820759,0.98932608
2022-06-03 00:00:00+00:00,940554.0,3400671.71314996,-2205.5302145099995,0.01984251,-0.0021865883333333,212527786450.8972,1280.6676849,1851650.5193838,1.25691208,11164691357.83295,0.6718785990069847,0.99326908
2022-06-02 00:00:00+00:00,951207.0,3402877.24336447,-40301.69967372999,0.02438367,-0.0080660166666666,185776037107.42764,1280.29940666,1851216.62645364,1.28926436,11335352439.338991,0.5914076943568333,0.98454789
2022-06-01 00:00:00+00:00,964245.0,3443178.9430382,20562.410433489997,0.02165362,0.00373384,202124328372.8813,1280.43247049,1851019.4449833,1.25819498,11070134712.924526,0.6619744970625949,0.99439162
2022-05-31 00:00:00+00:00,995006.0,3422616.53260471,-2979.9209259599957,0.01479591,0.0072793733333333,216986411341.47543,1280.19653975,1851149.98021508,1.34116777,11996954022.29245,0.7199221993016689,1.00237276
2022-05-30 00:00:00+00:00,935287.0,3425596.45353067,9125.329364880005,0.01366837,0.005039625,228876077716.35083,1279.95327663,1851757.8798304,1.33878775,11770326079.63051,0.7319498448285064,1.00220775
2022-05-29 00:00:00+00:00,751929.0,3416471.12416579,-2023.6635722799983,0.01058503,0.002750275,221445036232.05377,1279.32594398,1851743.32988791,1.24349603,11161517632.672874,0.6719225278041138,0.99965126
2022-05-28 00:00:00+00:00,787533.0,3418494.78773807,-6044.4147311199995,0.01261768,-0.0008555966666666,219958827935.1943,1278.61296501,1851944.63398032,1.2247228,10659026636.01408,0.6633626407535526,0.99901609
2022-05-27 00:00:00+00:00,930185.0,3424539.20246919,842.3812595500058,0.01983548,0.0027220916666666,205096744966.6001,1277.79782414,1851941.00493096,1.20727519,10462219574.225758,0.6226991941757908,0.98949777
2022-05-26 00:00:00+00:00,903836.0,3423696.82120964,-484.4690045899988,0.01960936,0.0017097533333333,209555369857.1784,1277.45528469,1851704.95272769,1.22893583,10624087814.48,0.6480451953011553,0.99350985
2022-05-25 00:00:00+00:00,1026760.0,3424181.29021423,8733.670931610002,0.02117286,0.00452156,214013994747.75665,1276.81746408,1852095.5262907,1.24237605,10565269709.418606,0.6694002068530446,0.99778126
2022-05-24 00:00:00+00:00,843401.0,3415447.61928262,8219.510038289998,0.0211055,-0.0079515933333333,186420081013.4864,1276.22143037,1852952.9448694,1.24635065,10607866804.662512,0.5493562575382134,0.99663739
2022-05-23 00:00:00+00:00,932885.0,3407228.10924433,-588.2516914000007,0.01558011,0.0053458,248560108017.98184,1275.64302467,1852352.40190761,1.22283717,10428589154.17512,0.7486341248060893,0.99357267
2022-05-22 00:00:00+00:00,746377.0,3407816.36093573,2205.570714139998,0.01504508,0.0042762133333333,189527082363.71115,1275.03157691,1849884.29156773,1.27208882,10720197778.011406,0.5635778428066207,0.99980406
2022-05-21 00:00:00+00:00,781167.0,3405610.79022159,3695.12318545,0.01405828,0.0037860716666666,209722591140.17215,1274.17950717,1850102.11910377,1.23594633,10171351183.444466,0.6139490192846248,0.99758423
2022-05-20 00:00:00+00:00,943398.0,3401915.66703614,7714.715162510001,0.02092797,0.0086153,198848086414.38547,1273.4042247,1849904.8221574,1.22512943,10264521545.840816,0.5955365621716328,0.99178894
2022-05-19 00:00:00+00:00,897158.0,3394200.95187363,10678.086727179994,0.02192144,-0.0018821483333333,189527082363.71115,1272.91471741,1850186.10348437,1.27099942,10597170599.708591,0.563630902763359,0.99345308
2022-05-18 00:00:00+00:00,897444.0,3383522.86514645,12665.185672549997,0.01936614,-0.0095747966666666,208169090465.05975,1272.75976635,1849481.8151668,1.20155293,9797254554.264004,0.6164347380246593,0.99314651
2022-05-17 00:00:00+00:00,1030268.0,3370857.6794739,12235.327985050011,0.02016853,-0.0045117516666666,228364599241.5208,1272.11595464,1849623.13600123,1.27265869,9869196830.889105,0.6932535455331217,0.9970337
2022-05-16 00:00:00+00:00,1091892.0,3358622.35148885,-7125.202748579992,0.02008942,-0.0050310083333333,254774110718.4314,1271.73620631,1848035.08153168,1.24773747,9709833499.816051,0.7638992211187897,0.99672838
2022-05-15 00:00:00+00:00,1017662.0,3365747.55423743,-2016.4666582499997,0.02091205,-0.005512835,189527082363.71115,1271.24348355,1847568.23492953,1.30723759,9994977131.014528,0.5709481965417198,0.99945816
2022-05-14 00:00:00+00:00,1093680.0,3367764.02089568,-34729.15293939,0.02822908,-0.00014807,219043595190.8465,1270.46139562,1847452.79590744,1.254987,9409717372.493725,0.6481274999173493,1.00402854
2022-05-13 00:00:00+00:00,1033349.0,3402493.17383507,3355.417030470009,0.03213231,-0.0097624816666666,236132102617.08276,1272.05753203,1847242.7494375,1.22273675,9531445012.955502,0.7203049719706807,0.99667215
2022-05-12 00:00:00+00:00,1040909.0,3399137.7568046,-1528.32266522001,0.03395829,-0.0110439533333333,209722591140.17215,1272.69758944,1848973.87640987,1.20920334,9224504525.803505,0.6020625534171975,0.99460928
2022-05-11 00:00:00+00:00,1000331.0,3400666.07946982,53142.24120746998,0.02329522,0.0024483333333333,225257597891.29605,1272.79472853,1850926.94150585,1.20596637,9702860575.51768,0.682815122619852,0.98869971
2022-05-10 00:00:00+00:00,977454.0,3347523.83826235,9567.779806919978,0.01791221,5.89883333333e-05,237685603292.19513,1273.24226066,1850905.80059588,1.28329926,10023717412.1454,0.7355238698040365,0.99560509
2022-05-09 00:00:00+00:00,1037295.0,3337956.05845543,40228.24072042,0.02001705,0.0042455383333333,229568645381.56696,1272.93715064,1852561.37436334,1.24194031,10080835754.88536,0.7764826803181821,0.99027653
2022-05-08 00:00:00+00:00,841620.0,3297727.81773501,12841.303625360008,0.01247673,0.0019852199999999,229568645381.56696,1273.00707793,1853675.64319496,1.39763798,11772381660.269987,0.814992436605357,0.99717202
2022-05-07 00:00:00+00:00,834123.0,3284886.51410965,2672.3663404,0.01518545,-0.0006904383333333,211795588964.9295,1272.42206051,1855005.66874653,1.45471967,12305672253.73174,0.7808434161105114,0.99853595
2022-05-06 00:00:00+00:00,1091795.0,3282214.14776925,-2343.78914049,0.01875326,-0.0045686716666666,210314500930.20972,1271.61873063,1855546.10389609,1.47605454,12284106204.785303,0.7819001720517776,0.99835044
2022-05-05 00:00:00+00:00,1171109.0,3284557.93690974,12381.528541049993,0.02226082,0.00849804,232530821451.00653,1271.18998882,1857310.06502628,1.4966794,12576112510.40018,0.9201200501032304,0.99816857
2022-05-04 00:00:00+00:00,867889.0,3272176.40836869,11621.592622489996,0.01363711,0.00902531,216238853069.08887,1270.70470313,1857341.71512188,1.6226138,13005850812.608116,0.8552779493807043,1.00131409
2022-05-03 00:00:00+00:00,944615.0,3260554.8157462,3493.2903623699967,0.01020498,0.0099756066666666,222163205207.968,1270.31519457,1857207.01019986,1.54379423,13072887932.78448,0.8611247745738559,0.99814841
2022-05-02 00:00:00+00:00,973910.0,3257061.52538383,-6213.663201030002,0.0105378,0.0070170716666666,236974085555.1659,1270.06580837,1857074.04893056,1.57402271,12344630169.535303,0.927911287778753,0.99746574
2022-05-01 00:00:00+00:00,831675.0,3263275.18858486,-42700.25950636,0.00743194,0.000217295,247341701798.2044,1269.91473525,1857088.81525653,1.57026452,12481118133.70192,0.9486939409421912,0.99839033
2022-04-30 00:00:00+00:00,961543.0,3305975.44809122,2812.676111569999,0.01103592,0.0010911616666666,222163205207.968,1269.24533513,1856991.62762606,1.53544408,12451027892.64029,0.8639669781842749,0.99889378
2022-04-29 00:00:00+00:00,1057628.0,3303162.77197965,6168.673524919999,0.01432537,0.0073556216666666,222163205207.968,1268.53045562,1856751.27196483,1.57396365,12567358855.638536,0.8788437962966309,0.99820302
2022-04-28 00:00:00+00:00,1008745.0,3296994.09845473,-7791.252849320001,0.01348005,-0.00157902,195503620583.01187,1268.0410255,1856584.82737162,1.6196861,12592194535.95255,0.7828283701092118,0.99994364
2022-04-27 00:00:00+00:00,964517.0,3304785.35130405,262.31946572000015,0.01039889,-0.0045487383333333,251784965902.36377,1267.48048592,1856390.33649346,1.59920077,12621738045.770285,0.982973642483545,0.99973757
2022-04-26 00:00:00+00:00,961289.0,3304523.03183833,-9459.483978409997,0.0127583,0.0078057283333333,196436589852.056,1266.77359299,1858700.9883497,1.55293702,12885457978.971245,0.8292867194588441,0.99819137
2022-04-25 00:00:00+00:00,1001239.0,3313982.51581674,4633.498216740001,0.0125024,0.0009472133333333,227305196828.80765,1266.20216517,1858345.04090709,1.64588669,12907323860.495049,0.949030666561324,0.99918212
2022-04-24 00:00:00+00:00,807346.0,3309349.0176,-5580.350982069998,0.00625005,-0.0026792316666666,239933263319.29697,1265.54294647,1862724.6822825,1.60529524,12837164752.45224,1.0025599804514398,0.99961824
2022-04-23 00:00:00+00:00,856003.0,3314929.36858207,721.1378463099991,0.00798786,-0.0091365216666666,228708315327.75092,1264.70919843,1862379.11213845,1.60466522,13032632421.974348,0.9574490828250384,0.99962716
2022-04-22 00:00:00+00:00,945522.0,3314208.23073576,-1054.5184474399975,0.01283305,-0.0008349516666666,189420997357.33972,1263.99558857,1862258.40169114,1.6149408,12983816211.142803,0.8064352897169931,0.99790191
2022-04-21 00:00:00+00:00,983954.0,3315262.7491832,-3736.4133226200065,0.0101887,0.0027123416666666,237127026321.4105,1263.48422116,1862207.16984535,1.64507397,12533743490.9642,1.0423991159696553,1.00434652
2022-04-20 00:00:00+00:00,967071.0,3318999.16250582,2181.4532687200044,0.00881776,-5.5033333333e-06,224498959830.9211,1264.60660418,1861581.99483128,1.68450144,12733224669.705309,0.979578739628907,1.00072723
2022-04-19 00:00:00+00:00,943675.0,3316817.7092371,-4592.003619820003,0.0119456,0.003743145,173986693868.9639,1264.01090216,1861013.03905673,1.69044261,12901937348.04821,0.7540272015048286,1.00081959
2022-04-18 00:00:00+00:00,925911.0,3321409.71285692,1800.5223957300004,0.01006638,-0.003580885,188017878858.39645,1263.41137396,1859804.82116882,1.66290988,12593603933.450125,0.7845399352540512,0.99943877
2022-04-17 00:00:00+00:00,747929.0,3319609.19046119,1423.3451050500007,0.00515309,0.0012074233333333,231514552325.63745,1262.66524801,1859435.83506038,1.61681969,12763204629.132256,0.9752149169454122,0.99973408
2022-04-16 00:00:00+00:00,794295.0,3318185.84535614,2081.130647080001,0.00761551,0.000291185,188017878858.39645,1261.82194183,1859072.64823312,1.64517863,12709964242.739029,0.7952468995983462,0.99957574
2022-04-15 00:00:00+00:00,889547.0,3316104.71470906,-5212.780339200002,0.00889551,0.0023761766666666,221692722833.03464,1260.97407705,1858790.59522527,1.65148799,12710786731.994144,0.9347777290011682,1.0001191
2022-04-14 00:00:00+00:00,911235.0,3321317.49504826,7254.258328019998,0.01266224,0.0013109816666666,193630352854.1695,1260.19976293,1858401.47011582,1.62712471,12771808635.19481,0.827602610639991,1.00159396
2022-04-13 00:00:00+00:00,939896.0,3314063.23672024,3207.2404682900014,0.0133761,0.000924025,198950531062.80045,1261.21707057,1858319.11774958,1.67763901,12706426978.618484,0.8350342245623099,1.00044298
2022-04-12 00:00:00+00:00,989315.0,3310855.99625195,-870.1336252200053,0.01108063,-0.0083599916666666,217424508947.20337,1260.65312637,1857828.51385762,1.63435261,12700315996.120333,0.8949755021572899,1.00204847
2022-04-11 00:00:00+00:00,974436.0,3311726.12987717,1287.0779679600018,0.01212252,0.0028078016666666,194687305397.169,1260.82564959,1858172.36068557,1.61354114,12559245907.336502,0.8275634396394698,0.99693583
2022-04-10 00:00:00+00:00,745373.0,3310439.05190921,991.3776930099992,0.00774491,-6.18166666666e-05,198950531062.80045,1260.21252127,1858101.023321,1.7187078,13376526561.051409,0.8715210710647504,0.99997523
2022-04-09 00:00:00+00:00,802546.0,3309447.6742162,2503.364139360001,0.00845133,-0.000415985,217424508947.20337,1259.41320979,1857960.81286324,1.74305482,13407974754.62273,0.9453741744337312,0.99948177
2022-04-08 00:00:00+00:00,923813.0,3306944.31007684,2843.8941379200005,0.01351198,0.002301735,190424079731.53757,1258.62560249,1857663.87438062,1.72201197,13176817200.395288,0.8477647905021208,0.99926386
2022-04-07 00:00:00+00:00,935358.0,3304100.41593892,6603.818907039997,0.01150621,0.004052185,196108380619.04617,1257.98419245,1857567.31802145,1.76963607,13344694092.688786,0.8734319418757154,0.99901716
2022-04-06 00:00:00+00:00,918215.0,3297496.59703188,-2086.5711823599995,0.01085774,0.0013038916666666,213161283281.57193,1257.29042742,1858345.15067344,1.75798533,13286210464.118347,0.9733216536778926,0.99808171
2022-04-05 00:00:00+00:00,945961.0,3299583.16821424,1958.26335279,0.01186443,0.0089969183333333,206055907172.1862,1256.69997291,1858069.17849597,1.85063195,13787888106.567068,0.9769105514732463,1.00044384
2022-04-04 00:00:00+00:00,981386.0,3297624.90486145,3547.1588061699986,0.0125504,0.0064251416666666,224529885056.58908,1256.1775683,1858000.87115949,1.89583161,13813656986.661194,1.055849121856644,1.0011046
2022-04-03 00:00:00+00:00,801171.0,3294077.74605528,-1079.75564623,0.01186995,0.00921512,197529455840.9233,1255.88106861,1858055.87196572,1.8889928,13579125758.297403,0.9340250679102748,1.00095627
2022-04-02 00:00:00+00:00,941603.0,3295157.50170151,167.18707734000054,0.01511365,0.0070167133333333,191845154953.41473,1255.19387467,1858054.27489844,1.86597647,13384251879.915834,0.9113672489359428,1.00035465
2022-04-01 00:00:00+00:00,1064701.0,3294990.31462417,-5110.606077160002,0.02178834,-0.0014117933333333,200371606284.6776,1254.43202153,1857590.50668253,1.88549504,13619466637.112848,0.9376116766558216,1.00240288
2022-03-31 00:00:00+00:00,976395.0,3300100.92070133,44945.33003822,0.01888178,0.0029475866666666,196108380619.04617,1253.88557322,1856633.95333007,1.85552201,13690526835.180857,0.9381846702659368,0.99956773
2022-03-30 00:00:00+00:00,943547.0,3255155.59066311,-1403.251731299999,0.01306868,0.0072307283333333,184232002723.39163,1253.38141892,1856691.53044251,1.91853337,14171494820.464954,0.921592149325415,1.0017804
2022-03-29 00:00:00+00:00,959701.0,3256558.84239441,-8346.927786039996,0.01044274,0.0002685,206066906749.86768,1252.69805794,1856696.07534878,1.93512263,14187220892.984545,1.0344438468758763,1.00433067
2022-03-28 00:00:00+00:00,1043338.0,3264905.77018045,-5934.879060710002,0.01076602,0.0085656566666666,216984358763.10568,1253.71390606,1856817.74861026,1.92652052,14082787954.410357,1.0835802722492835,1.00705715
2022-03-27 00:00:00+00:00,810088.0,3270840.64924116,-54210.15895887,0.00904956,0.0026170983333333,178773276716.7726,1253.30260591,1854963.83827486,1.92096516,14494831892.862255,0.8446236446266994,1.00254402
2022-03-26 00:00:00+00:00,828810.0,3325050.80820003,3687.25097289,0.00806912,0.0014479116666666,219713721766.4152,1252.51308509,1854918.33754668,1.82767195,14029646135.400171,1.0244663240356606,1.0006114
2022-03-25 00:00:00+00:00,1074565.0,3321363.55722714,3011.520414589999,0.01306683,0.0047560983333333,212890314258.14145,1251.8837525,1854696.89324942,1.81975891,13948295763.523252,0.9941857246598852,1.01246889
2022-03-24 00:00:00+00:00,952449.0,3318352.03681255,2758.944240240002,0.01256818,-0.00219375,195149454736.62964,1253.98892623,1854404.60088544,1.81555613,13577803964.413383,0.8910296556786832,1.00331858
2022-03-23 00:00:00+00:00,964976.0,3315593.09257231,2672.4412601400036,0.01180586,-0.0002451683333333,197878817739.93915,1253.34919791,1853570.78179271,1.77182702,11904252377.138004,0.8800653617298609,1.00091772
2022-03-22 00:00:00+00:00,932548.0,3312920.65131217,59112.85147934,0.01147218,0.00340578,203337543746.55817,1252.70355942,1853506.54871239,1.75093984,11752544030.648872,0.9059555262854572,1.00328641
2022-03-21 00:00:00+00:00,938580.0,3253807.79983283,-59186.981073209994,0.00982676,-0.0007158466666666,208796269753.1772,1252.03348207,1853332.66177725,1.6968128,11339945167.230265,0.8986711303826381,1.0000121
2022-03-20 00:00:00+00:00,780552.0,3312994.78090604,-660.0856201799998,0.00666586,0.0037913283333333,210160951254.8319,1251.41347115,1853049.55506866,1.70762322,11412711552.718737,0.9119992917397128,1.00009026
2022-03-19 00:00:00+00:00,879093.0,3313654.86652622,2530.511259820003,0.00823698,-0.0010757583333333,211525632756.4867,1250.62340573,1852983.68989806,1.74676197,11856194892.333872,0.9236590280693908,1.00112904
2022-03-18 00:00:00+00:00,983887.0,3311124.3552664,2656.8047266099966,0.01171553,-0.0023062,195149454736.62964,1249.96527865,1852835.95085633,1.7288314,11672552170.11523,0.834059200449048,1.00140086
2022-03-17 00:00:00+00:00,1027631.0,3308467.55053979,229.30773657999816,0.01046434,0.0032286333333333,216984358763.10568,1249.20974731,1852651.47714978,1.69505098,11328297530.96928,0.924636531778121,0.99877636
2022-03-16 00:00:00+00:00,1010448.0,3308238.24280321,-1065.5480372300008,0.01044469,0.0028607033333333,212277837626.2781,1249.4218484,1852382.30181255,1.70220188,11319024706.56001,0.8855974038120389,1.00261323
2022-03-15 00:00:00+00:00,932934.0,3309303.79084044,723.9392603899978,0.01117306,0.00234121,190365286645.501,1249.24495348,1852264.66849628,1.62802847,11047029294.465843,0.7704486376001974,0.99897705
2022-03-14 00:00:00+00:00,925994.0,3308579.85158005,2204.8923296400026,0.0106684,-0.0010339516666666,209538768753.68097,1248.63989426,1851810.41995527,1.6432625,10839435801.303091,0.8390321217187209,1.00000517
2022-03-13 00:00:00+00:00,756401.0,3306374.95925041,2737.8690297400008,0.00712435,-0.0061902966666666,206799699881.08383,1248.02707437,1851042.06154397,1.56492735,10551318633.28465,0.8280284628752391,0.99946552
2022-03-12 00:00:00+00:00,808126.0,3303637.09022067,-877.4302954100003,0.00802145,-0.0051122383333333,213647372062.57663,1247.2794235,1850894.22147911,1.6071121,10438737743.884258,0.8597168978631641,1.00036846
2022-03-11 00:00:00+00:00,904698.0,3304514.52051608,-2395.8720261900016,0.01262925,-0.0032291666666666,188995752209.2024,1246.62979718,1850056.60158547,1.60430695,10266275403.959717,0.7600975190256568,1.0023829
2022-03-10 00:00:00+00:00,996689.0,3306910.39254227,-2528.120069470002,0.01269144,-0.0039767516666666,198582493263.2924,1247.78716152,1849832.56916692,1.63477156,10268218693.402084,0.8132776624357314,0.99679256
2022-03-09 00:00:00+00:00,961949.0,3309438.51261174,7210.941473229999,0.0128883,0.0032564283333333,188995752209.2024,1247.27030878,1850114.06697008,1.73681088,11092611163.137512,0.809517560332977,1.00108516
2022-03-08 00:00:00+00:00,954871.0,3302227.57113851,-11693.796482140002,0.01131289,0.0027530666666666,202691096572.1881,1246.9834098,1850123.86540284,1.60497633,9894366806.330584,0.8056914316756392,1.00011803
2022-03-07 00:00:00+00:00,916978.0,3313921.36762065,4411.508003310002,0.01204848,-8.563e-05,202691096572.1881,1246.56927396,1850061.5341671,1.57459089,9573911870.041504,0.7970253513542828,0.9987547
2022-03-06 00:00:00+00:00,774989.0,3309509.85961734,-1184.965737460001,0.01141878,-0.0029175716666666,179409011155.11246,1246.37767371,1850334.60356041,1.59130679,9952941611.834696,0.7177047677157631,0.99940537
2022-03-05 00:00:00+00:00,809032.0,3310694.8253548,-189.5355134599995,0.01443655,-0.0071495933333333,168452735664.7239,1245.62425418,1850271.04580872,1.63214062,10431330384.16793,0.6778041357720881,0.99886875
2022-03-04 00:00:00+00:00,958257.0,3310884.36086826,-2960.007598230004,0.01733118,0.0062008083333333,190365286645.501,1244.82765656,1850398.52524907,1.62142862,10227914449.814745,0.8032570880097637,0.99657726
2022-03-03 00:00:00+00:00,1009335.0,3313844.36846649,5744.038455150003,0.02146454,0.0065189866666666,202691096572.1881,1244.29434656,1850389.52130053,1.75668863,11093771644.87325,0.9039594586652314,1.00206799
2022-03-02 00:00:00+00:00,1095697.0,3308100.33001134,-5162.210427340004,0.03328456,0.00411302,189074638269.7987,1243.97385485,1850572.00146391,1.81767191,11317356605.98458,0.8584480289199373,1.00173175
2022-03-01 00:00:00+00:00,1059469.0,3313262.54043868,5386.659209100006,0.01882916,0.006477355,225221260291.96613,1243.61395337,1850235.14536636,1.84074712,11501446994.250149,0.9961043130309368,1.00271974
2022-02-28 00:00:00+00:00,964140.0,3307875.88122958,-3785.30235346,0.00959723,-0.0033202966666666,212708968053.52356,1243.16122156,1850418.79434969,1.79123554,10900360609.789673,0.8427307175066904,1.00628788
2022-02-27 00:00:00+00:00,782729.0,3311661.18358304,-1798.4891039799986,0.00809975,-0.00210999,189074638269.7987,1245.03177685,1850442.81985911,1.56823352,9682393046.149382,0.7329037545793303,0.99990573
2022-02-26 00:00:00+00:00,807880.0,3313459.67268702,3158.7454824300003,0.00854779,-0.0011807833333333,173781836645.03558,1244.44186533,1850410.66604782,1.62606749,10088721606.203592,0.6831038885101041,0.99935653
2022-02-25 00:00:00+00:00,934448.0,3310300.92720459,5509.154282720003,0.01354612,0.0036365349999999,186294128883.47815,1243.74009454,1850511.16218724,1.63131282,10054690322.001848,0.7277062980144426,0.99964677
2022-02-24 00:00:00+00:00,950341.0,3304791.77292187,3673.446427149989,0.01227026,-0.0013513866666666,183513619497.1576,1243.25431761,1851005.29468341,1.59458615,9663309357.767267,0.6657522000465793,0.99539739
2022-02-23 00:00:00+00:00,854965.0,3301118.32649472,395.49384132000705,0.00853153,-0.006536485,208538203974.0427,1242.59511775,1851663.35123677,1.54702439,10015253617.972872,0.7951043124349986,1.00132677
2022-02-22 00:00:00+00:00,899034.0,3300722.8326534,-2673.4286244800023,0.00954228,-0.0014570733333333,211318713360.36328,1242.34653012,1851157.68343546,1.58827305,10380305167.741783,0.7888786871369483,0.99826431
2022-02-21 00:00:00+00:00,876240.0,3303396.26127788,-5459.265803269998,0.01227721,5.44516666666e-05,171001327258.71503,1241.6524651,1851183.16975478,1.53665989,9939661497.868587,0.6592566002034628,0.99836669
2022-02-20 00:00:00+00:00,737140.0,3308855.52708115,307.285275510003,0.0063241,0.00154243,200196675815.081,1241.5058556,1851971.7400618,1.59211338,10465138522.856497,0.7704160784509856,0.99754305
2022-02-19 00:00:00+00:00,850345.0,3308548.24180564,1925.21548255,0.00732628,0.00386214,207147949280.8824,1240.91026593,1852232.68993791,1.66191897,10900414335.013144,0.8233121621898833,0.99938557
2022-02-18 00:00:00+00:00,941761.0,3306623.02632309,1035.9336735399993,0.01111529,-0.0037952,186294128883.47815,1240.11743779,1852125.94683121,1.65672201,10776310425.028576,0.7482111845234485,0.99754172
2022-02-17 00:00:00+00:00,930160.0,3305587.09264955,-869.9610816700006,0.01000629,-0.0030211816666666,218269986826.1647,1239.42973051,1852293.37191457,1.6783309,11001378376.88347,0.9271766597856748,0.9978455
2022-02-16 00:00:00+00:00,921652.0,3306457.05373122,-4314.479387009997,0.01023989,0.005355955,206979740540.56653,1238.96076703,1852043.55680875,1.81606398,12016630936.435612,0.946663368876268,1.00105647
2022-02-15 00:00:00+00:00,1013646.0,3310771.53311823,1301.2900997600009,0.0112813,0.0012539183333333,232188811503.84067,1238.25130793,1851885.04345637,1.84487543,12363166832.819029,1.060544785189843,1.00345022
2022-02-14 00:00:00+00:00,896374.0,3309470.24301847,2493.713921069997,0.01153707,0.0076148,202999360914.7864,1237.67411358,1852018.43388453,1.76335786,11483314517.631208,0.8914825280675934,0.99965064
2022-02-13 00:00:00+00:00,818214.0,3306976.5290974,430.6437505499998,0.00874079,0.00058504,209633326957.7533,1236.96979611,1852203.26305334,1.74323996,11060178927.26596,0.9210836261946744,1.00021356
2022-02-12 00:00:00+00:00,1080825.0,3306545.88534685,7684.772561310001,0.01047924,0.00860214,248110330006.9612,1236.21613798,1852311.1394932,1.75048571,11089185649.868387,1.0908411385949848,1.00110636
2022-02-11 00:00:00+00:00,979209.0,3298861.11278554,-2407.8782648900014,0.01851595,-0.0005787383333333,188404635620.25928,1235.46626286,1851823.50181089,1.75739186,11127062780.554632,0.8509361816347886,1.00072639
2022-02-10 00:00:00+00:00,1024459.0,3301268.99105043,-5798.044842260002,0.02086748,0.0011576133333333,195038601663.22617,1234.9752329,1852930.79759538,1.80486568,11402313934.304188,0.9061427121711004,1.00188905
2022-02-09 00:00:00+00:00,1000037.0,3307067.03589269,-109.69641595999563,0.01638841,0.0008582333333333,185751049203.07257,1234.66668169,1852802.32708324,1.84358466,11798731622.780668,0.8528242542808503,1.00110053
2022-02-08 00:00:00+00:00,1015745.0,3307176.73230865,-1571.3594249700036,0.01484439,-4.80516666666e-05,204326154123.3798,1234.05317338,1852607.73555196,1.83083838,11774857555.296368,0.9324693089359604,1.00070294
2022-02-07 00:00:00+00:00,927163.0,3308748.09173362,-462.5171621900008,0.01682481,-0.0064139616666666,180443876368.69904,1233.47998136,1852667.08459729,1.82363956,12144349388.054708,0.8117269965212538,1.00379392
2022-02-06 00:00:00+00:00,902296.0,3309210.60889581,451.2318111399982,0.01042113,-0.000189755,206979740540.56653,1232.97361057,1850882.65639503,1.76595167,11765385302.021492,0.8920054929591843,1.00028238
2022-02-05 00:00:00+00:00,954708.0,3308759.37708467,-4305.901356410002,0.01864118,0.001909295,157888391822.61166,1232.29136799,1850889.05842211,1.72479025,11427139228.433302,0.6850685096700027,1.00235677
2022-02-04 00:00:00+00:00,883131.0,3313065.27844108,6719.272798530001,0.01688737,-0.0014177333333333,172483117117.1388,1231.53714167,1850981.13023543,1.73361433,11511232294.886805,0.6930289587928483,1.00354753
2022-02-03 00:00:00+00:00,927292.0,3306346.00564255,-3511.6109964900024,0.01142383,0.0002349683333333,194692668665.49893,1230.79539307,1850877.18581499,1.55843064,10237732837.956562,0.7426930719840297,0.99740235
2022-02-02 00:00:00+00:00,969045.0,3309857.61663904,-1585.6855831300054,0.01267605,-0.0043654483333333,202639308202.86624,1230.1813047,1850766.77545353,1.53970248,10185253519.55906,0.7995801450310264,0.99762796
2022-02-01 00:00:00+00:00,1054699.0,3311443.30222217,-967.5395241399964,0.01504832,-0.007275985,203963748125.7608,1229.45008926,1850577.78839185,1.61369057,10665990804.306002,0.8183370764650513,1.01662279
2022-01-31 00:00:00+00:00,988525.0,3312410.84174631,-3594.43865792,0.01441498,-0.00266414,188070469051.02615,1239.00220444,1850759.96364496,1.6128671,10983053994.457872,0.7361916314287428,0.99871343
2022-01-30 00:00:00+00:00,772941.0,3316005.28040423,3976.4516504400017,0.01143057,0.002235825,193368228742.6044,1238.30724851,1850781.4971438,1.58804655,10273627563.119492,0.761310921806477,0.99723555
2022-01-29 00:00:00+00:00,820896.0,3312028.82875379,-1624.7545341399964,0.01306832,-0.0105213883333333,197341548511.288,1237.63739771,1850146.36854812,1.59801507,10306414340.682316,0.7755485707596076,0.99469865
2022-01-28 00:00:00+00:00,945317.0,3313653.58328793,3856.241241949996,0.01285452,0.0018726466666666,203963748125.7608,1237.09378619,1849183.23500173,1.57686926,10190146319.597445,0.784557929941992,0.99641229
2022-01-27 00:00:00+00:00,903256.0,3309797.34204598,-13390.873762550009,0.01402982,-0.006517525,173501629899.18613,1236.45222846,1849146.91573338,1.55170098,9974869177.402315,0.6564352706645918,0.99656907
2022-01-26 00:00:00+00:00,876999.0,3323188.21580853,2458.491956689999,0.01454142,-0.01388063,172177189976.29156,1236.04095298,1849433.83374113,1.53548968,9986315949.079235,0.6704996624112693,0.99893855
2022-01-25 00:00:00+00:00,886341.0,3320729.72385184,3314.17157703,0.01129444,-0.0097515016666666,201314868279.97168,1235.34478385,1849458.84305537,1.54113931,10280768561.8735,0.7617065091053171,0.99975934
2022-01-24 00:00:00+00:00,964337.0,3317415.55227481,3512.274391479994,0.01226118,-0.004945255,198665988434.1826,1235.07736663,1849937.54942014,1.52866586,9975870299.36055,0.7240508974024029,0.99612013
2022-01-23 00:00:00+00:00,756417.0,3313903.27788333,-671.026841400002,0.00864476,-0.0089579,186746029128.1316,1234.65835862,1849868.8659557,1.50718402,10084131593.914415,0.683670883303846,0.9991359
2022-01-22 00:00:00+00:00,989288.0,3314574.30472473,-108.42814207999618,0.01313208,-0.00424745,177474949667.86978,1234.23326117,1849619.28759821,1.45825805,9684593530.3445,0.6536771850588073,0.99569142
2022-01-21 00:00:00+00:00,1023883.0,3314682.73286681,9830.438119440005,0.01429597,-0.00169288,177474949667.86978,1233.77173509,1849838.03568115,1.51240596,10084561710.904686,0.7148909194359993,0.98753281
2022-01-20 00:00:00+00:00,946146.0,3304852.29474737,-1313.3553860300017,0.00932628,0.0061612399999999,204748985479.51123,1233.36316816,1849977.22207705,1.67846886,11738303406.957296,0.976526803576159,0.99851755
2022-01-19 00:00:00+00:00,937220.0,3306165.6501334,-2683.086765400003,0.00794565,0.0055057666666666,209595115313.34583,1232.93231861,1849892.26068717,1.71856742,11928933696.63889,0.99399248943424,0.99623491
2022-01-18 00:00:00+00:00,905931.0,3308848.7368988,-1330.2977007200025,0.01102545,0.00433678,164768414350.37592,1232.52354587,1849257.90448711,1.74497411,12044600748.960417,0.7846853280485959,0.99858595
2022-01-17 00:00:00+00:00,959875.0,3310179.03459952,4442.156858309998,0.00895214,0.0022463716666666,195056725811.84207,1231.87663966,1849679.5657067,1.73795424,12086897069.716484,0.9400670125086272,0.99708076
2022-01-16 00:00:00+00:00,764669.0,3305736.87774121,-2163.0090803000003,0.00578733,-0.004371125,212018180230.26312,1231.30325656,1849711.92710582,1.77226298,12001604594.54407,1.0321100047406773,1.00004395
2022-01-15 00:00:00+00:00,819717.0,3307899.88682151,268.1910875100002,0.00710907,-0.0037541316666666,201114388104.1353,1230.53000741,1849093.47559968,1.77259042,12147520488.55787,0.9812308468808972,1.00037493
2022-01-14 00:00:00+00:00,981338.0,3307631.695734,5595.989618170002,0.00963626,-0.0008022233333333,192633660894.92477,1229.72489182,1849048.94591552,1.77224493,12104839736.261024,0.9345554663358652,0.99936901
2022-01-13 00:00:00+00:00,936863.0,3302035.70611583,-4570.958038490004,0.00924344,-0.00773046,216864310064.09772,1229.02912378,1848582.18007137,1.7511854,12254008682.1135,1.0680920698936578,0.99884871
2022-01-12 00:00:00+00:00,964897.0,3306606.66415432,4211.6254280099965,0.01324432,-0.010024205,168403011725.75186,1228.30811118,1849070.41184117,1.80561252,12506804642.81864,0.8304080603270978,1.00150862
2022-01-11 00:00:00+00:00,956098.0,3302395.03872631,-4590.368338250002,0.0117194,0.0001602333333333,191422128436.46613,1227.84481312,1849159.66881609,1.75823843,12299343435.774054,0.9214876627296557,0.99942628
2022-01-10 00:00:00+00:00,961442.0,3306985.40706456,-4648.377483349999,0.01274361,-0.0022206433333333,172037609101.12778,1227.1908171,1848550.22896032,1.72009317,12015582853.914824,0.8167620327366911,0.99791667
2022-01-09 00:00:00+00:00,753210.0,3311633.78454791,340.91718073000084,0.00884646,0.0036600066666666,170826076642.66916,1226.64851057,1848554.85275281,1.72076958,12211527350.637802,0.812093447460846,0.99911823
2022-01-08 00:00:00+00:00,813308.0,3311292.86736718,4344.433662359999,0.01065653,0.0028933883333333,174460674018.04507,1225.8850613,1848817.83884849,1.71291197,12095095128.082537,0.8265774117324481,0.99811535
2022-01-07 00:00:00+00:00,960959.0,3306948.43370482,-1037.739076259997,0.01608333,0.0081422316666666,168921783535.36652,1225.12637481,1848713.57446269,1.7070916,12214783121.432947,0.8146315058752017,0.99413102
2022-01-06 00:00:00+00:00,951443.0,3307986.17278108,-924.9322653900016,0.01642108,0.002674595,176161288544.0251,1224.57913518,1848574.12820695,1.76609805,12827115102.11391,0.8703410880852912,0.99463775
2022-01-05 00:00:00+00:00,1002471.0,3308911.10504647,-4733.012050450001,0.01661499,0.0086517566666666,180987625216.46417,1224.30157045,1842909.97216237,1.77790568,12746511539.372238,0.9531682789812672,0.9990385
2022-01-04 00:00:00+00:00,970813.0,3313644.11709692,-43056.84935720001,0.01425272,0.0055389983333333,177367872712.13486,1223.83252755,1842880.20270486,1.87441364,13491629257.3963,0.94331349469488,0.99813697
2022-01-03 00:00:00+00:00,929587.0,3356700.96645412,4019.50149948,0.01307138,0.0060807616666666,168921783535.36652,1223.28585846,1842409.32620715,1.89906318,13509612025.933884,0.9058865308282134,0.99855473
2022-01-02 00:00:00+00:00,739289.0,3352681.46495464,1936.754350950001,0.00928763,0.0013231383333333,190640298561.34225,1222.7325458,1842545.86338671,1.93285259,13018148733.732395,1.0272597658784426,0.99971225
2022-01-01 00:00:00+00:00,693743.0,3350744.71060369,-1129.2246669999986,0.00858908,0.006564,207532476914.87888,1221.8952783,1842729.82772245,1.95052858,13090906344.186852,1.114536517518654,1.00070973
2021-12-31 00:00:00+00:00,1104794.0,3351873.93527069,-14724.03544916,0.0191218,0.0054550083333333,178574456880.2446,1221.28392659,1842401.67575148,1.88817741,12999196431.773289,0.9735645406993848,1.00030306
2021-12-30 00:00:00+00:00,977974.0,3366597.97071985,10102.04736466,0.02318616,0.00436431,143583516005.06155,1221.35114019,1842461.21797366,1.92634559,13064699998.238358,0.7837432031172507,1.0002057
2021-12-29 00:00:00+00:00,1139924.0,3356495.92335519,-12961.339932640003,0.01778464,0.007283795,174954704375.91534,1221.24970509,1842221.11803525,1.89971555,12931319468.271929,0.9611256172679116,0.99794379
2021-12-28 00:00:00+00:00,1048584.0,3369457.26328783,648.6896886800023,0.02088088,0.00545837,161682278526.70795,1220.78667221,1842124.77951542,1.9426363,13198702488.556078,0.9146060682645204,0.99732125
2021-12-27 00:00:00+00:00,995299.0,3368808.57359915,4428.647352269996,0.01402654,0.01010598,178574456880.2446,1220.15837201,1842173.91051658,2.07015717,13787585751.954884,1.0494220199655284,1.00243748
2021-12-26 00:00:00+00:00,764542.0,3364379.92624688,1093.0674992700006,0.00917288,0.005476825,161682278526.70795,1219.52011447,1842538.79170987,2.07533747,13581492854.58101,0.9314415579384064,1.00026009
2021-12-25 00:00:00+00:00,872531.0,3363286.85874761,-1690.71683614,0.00897698,0.0056126266666666,177367872712.13486,1218.92196146,1842598.47497634,2.06048778,13548292969.643118,1.0352131528895083,0.99962511
2021-12-24 00:00:00+00:00,982620.0,3364998.05352615,-9898.76218664,0.01262574,0.0041999333333333,181615890175.45813,1218.27939236,1842651.87275805,2.07723001,13592136249.639303,1.0733039078358668,1.00287641
2021-12-23 00:00:00+00:00,983233.0,3374876.33777039,-1409.6720800900002,0.0114241,0.0043161316666666,182818644415.0307,1217.52163486,1842232.78675185,2.0794511,13577946459.589235,1.0405847668664476,1.00233172
2021-12-22 00:00:00+00:00,715634.0,3376286.00985048,269.6568760500013,0.01113446,0.0053337416666666,126289195155.11987,1217.16367812,1842168.34589408,1.9897362,12898614969.698393,0.7171687616359942,1.00142254
2021-12-21 00:00:00+00:00,1007885.0,3376016.35297443,-281.24886913999944,0.0116842,0.0084518966666666,193643432571.18384,1216.71864214,1842381.63249988,2.00292787,13055022063.3562,1.0878279232971135,1.00304556
2021-12-20 00:00:00+00:00,1008108.0,3376297.60184357,11366.70476826,0.01207179,0.0048657399999999,173196610498.45013,1216.12502401,1842375.19009041,1.92323049,11953148775.60026,0.935063870034629,0.99718624
2021-12-19 00:00:00+00:00,732673.0,3364930.89707531,-1524.737748470001,0.00744327,0.0046765783333333,179210381696.313,1215.56161426,1842397.02704038,1.91234655,11312150881.055784,0.9801382710862728,1.00017989
2021-12-18 00:00:00+00:00,870323.0,3366455.63482378,3988.266900040002,0.01086464,0.00172824,153952542665.289,1214.79045627,1842199.29285792,1.9193289,11266575574.361477,0.8352111652434646,0.99960957
2021-12-17 00:00:00+00:00,987343.0,3362467.36792374,3346.794948390001,0.01376408,0.0040016866666666,179210381696.313,1214.1131236,1842153.16577012,1.89012236,11011276606.53983,0.985713820699722,0.99682323
2021-12-16 00:00:00+00:00,877717.0,3359120.57297535,5681.626282229998,0.01435876,0.0078063216666666,138316737550.8456,1213.50336603,1842043.47828294,1.94932113,11304574602.394566,0.7876813648843263,1.00048218
2021-12-15 00:00:00+00:00,1051108.0,3353438.94669312,8945.601098219999,0.01301659,0.0073030116666666,169588347779.73242,1213.12477646,1842065.05717538,2.00099833,11157346442.07428,0.953785378913049,1.00001677
2021-12-14 00:00:00+00:00,962657.0,3344493.3455949,-76.2465057599984,0.01250347,-7.87466666666e-05,178007627456.74042,1212.61442446,1841608.57858757,1.97829366,10991443986.64146,0.983208968265652,1.00043958
2021-12-13 00:00:00+00:00,967803.0,3344569.59210066,-4320.732217880002,0.01453458,0.0021373483333333,168385593540.15985,1212.74457379,1841649.39392532,1.91340582,10833153634.31276,0.9538445493226028,0.99747639
2021-12-12 00:00:00+00:00,737377.0,3348890.32431854,-704.6948275800023,0.00741905,0.0019408883333333,168385593540.15985,1212.3029656,1841624.81137833,2.04966981,11430055602.2565,0.9757749413514774,1.00064753
2021-12-11 00:00:00+00:00,809157.0,3349595.01914612,9531.77736656,0.00833318,0.00560148,181615890175.45813,1211.50360108,1841547.99574373,2.02233032,10958189416.41038,1.032406609403388,1.00135288
2021-12-10 00:00:00+00:00,933315.0,3340063.24177956,3047.4774183400004,0.01174505,0.0074525333333333,173208616559.84082,1210.9241784,1843048.75908281,1.93119463,10446094330.214338,1.0659952907956485,0.99830847
2021-12-09 00:00:00+00:00,1109356.0,3337015.76436122,571.798674919999,0.01167979,0.0057598449999999,180980798072.14136,1210.39285589,1841524.42402665,1.94679609,10813141812.828403,1.133930265037162,0.99616258
2021-12-08 00:00:00+00:00,912548.0,3336443.9656863,-2166.4782238499974,0.00975823,0.0070701983333333,186532356295.21317,1210.20693616,1841270.08419366,2.06472079,11078285529.945574,1.1968914226371734,0.99894032
2021-12-07 00:00:00+00:00,999049.0,3338610.44391015,-1852.666488930001,0.01169215,-0.0034632699999999,170987993270.6121,1209.67312239,1841016.81645604,2.06860918,11070089795.525137,1.1204142535534631,1.0049546
2021-12-06 00:00:00+00:00,1049148.0,3340463.11039908,-3073.47930033,0.0118205,-0.0007531883333333,189863291229.05627,1209.84816597,1840831.01153824,2.06930478,10787317782.7105,1.1921358048632062,0.99768381
2021-12-05 00:00:00+00:00,965886.0,3343536.58969941,-7161.114927679999,0.0206217,-0.0193483116666666,184311733005.98444,1209.45971757,1840284.68567631,2.0242446,10479353650.815023,1.178413422345734,0.99834289
2021-12-04 00:00:00+00:00,947917.0,3350697.70462709,-1039.3795832599862,0.01763487,-0.03643205,169877681625.9977,1208.87318433,1840208.20071506,2.01368974,10658617212.885118,1.0766907762367306,0.98953409
2021-12-03 00:00:00+00:00,1008904.0,3351737.08421035,136.670900719997,0.01249205,0.0100561833333333,186532356295.21317,1208.36717662,1840625.75068727,2.18382279,14420231036.38107,1.348489022876176,0.99837693
2021-12-02 00:00:00+00:00,1174204.0,3351600.41330963,-3402.3099471399983,0.01917272,0.0070241266666666,170987993270.6121,1207.89338831,1839937.26643262,2.29975768,14891165523.033072,1.266336764512168,0.99984233
2021-12-01 00:00:00+00:00,1052839.0,3355002.72325677,3145.129668649999,0.02336727,0.0112850466666666,151002383667.55353,1207.33342557,1839804.45290847,2.32830607,15088750170.362646,1.1400579402842563,1.00368608
2021-11-30 00:00:00+00:00,963697.0,3351857.59358812,-867.3273593300037,0.01486768,0.0092620233333333,148781760378.3248,1207.06138422,1839835.11832987,2.32291553,14562252731.553518,1.1155206518140717,1.00151738
2021-11-29 00:00:00+00:00,985115.0,3352724.92094745,-5562.01072672,0.0123039,0.0101065883333333,158774565179.85406,1206.62930698,1840114.6216704,2.35875374,15028223251.673271,1.1952555978591703,1.00377363
2021-11-28 00:00:00+00:00,809876.0,3358286.93167417,3433.770354100001,0.00840136,0.0072277616666666,154333318601.3966,1206.2015875,1839476.70873301,2.34344764,14834570643.601736,1.0982506001330414,1.00119747
2021-11-27 00:00:00+00:00,789772.0,3354853.16132007,1317.6476644800025,0.00947727,0.0049832066666666,158926461145.30737,1205.58961676,1839406.84109731,2.23971757,14583586477.654743,1.1196106852203118,0.99937035
2021-11-26 00:00:00+00:00,997204.0,3353535.51365559,24563.056735909995,0.0173964,0.0083216833333333,147655080922.23593,1204.80277523,1839235.07691713,2.19884969,14905774943.393774,1.0645425796785373,0.99692817
2021-11-25 00:00:00+00:00,968969.0,3328972.45691968,-5112.712047660003,0.01777357,0.0107383866666666,145400804877.62164,1204.45738239,1839370.685578,2.40791327,15049241105.065275,1.103332809281649,1.01116117
2021-11-24 00:00:00+00:00,1065002.0,3334085.16896734,-1941.1320871299977,0.0140869,0.0086137333333333,174706393457.6074,1205.69695019,1839332.36532336,2.35013354,14491848977.274368,1.2893928004060016,1.00078792
2021-11-23 00:00:00+00:00,912596.0,3336026.30105447,-3048.6568649600013,0.01467657,0.007897215,148782218944.54306,1205.15505407,1839379.99186883,2.36800042,14210136351.761736,1.1051604458310424,1.00031899
2021-11-22 00:00:00+00:00,923232.0,3339074.95791943,1922.9013739400032,0.01377441,0.0061057199999999,158926461145.30737,1204.73483827,1837292.33872509,2.31604185,14292954658.86681,1.1912765994060766,0.9986094
2021-11-21 00:00:00+00:00,847277.0,3337152.05654549,-342.0517707099971,0.01115114,0.0083233716666666,146527942899.92877,1204.36191369,1836400.17176497,2.41273944,14274563125.377356,1.1317326047349536,1.00065333
2021-11-20 00:00:00+00:00,852675.0,3337494.1083162,4139.873709030002,0.01414432,0.0008612516666666,162307875212.2288,1203.67960878,1836398.36274641,2.45791626,14499917647.451332,1.2500184947004074,1.00150364
2021-11-19 00:00:00+00:00,968222.0,3333354.23460717,633.7693439400027,0.01518353,0.0037395133333333,154417909056.0788,1203.07190328,1836361.16661649,2.39201429,14329629004.466272,1.1612526269651335,0.99998538
2021-11-18 00:00:00+00:00,983603.0,3332720.46526323,7646.312314829993,0.01290289,0.0080435133333333,162307875212.2288,1202.51205419,1836236.19327152,2.3429241,14509511270.86243,1.2593515552477548,0.99844834
2021-11-17 00:00:00+00:00,997849.0,3325074.1529484,-9754.16943316,0.01425269,0.0085459516666666,167943565323.76453,1201.94280723,1836254.75790496,2.48242306,14899164535.583256,1.326662511933553,1.00159214
2021-11-16 00:00:00+00:00,1029747.0,3334828.32238156,-6449.9011590200025,0.01365596,0.0035378833333333,169070703346.07166,1201.90453108,1836017.35691914,2.4745244,14883924341.55258,1.3599383760496884,1.00084814
2021-11-15 00:00:00+00:00,1070653.0,3341278.22354058,3172.9582409400027,0.01323709,0.015937825,170197841368.3788,1202.16713722,1835580.54742735,2.62267105,16117593520.048164,1.469345541351483,1.00436092
2021-11-14 00:00:00+00:00,806850.0,3338105.26529964,2562.640555670001,0.00877205,0.00710484,175833531479.91452,1201.78163196,1835486.19227014,2.7090666,15663034043.473652,1.50041532899522,1.00145997
2021-11-13 00:00:00+00:00,835397.0,3335542.62474397,-310.0684414799998,0.01105901,0.0088099983333333,164733856364.39633,1201.07679278,1835704.20035734,2.6647036,15179957509.89967,1.468880930350526,1.00179632
2021-11-12 00:00:00+00:00,952469.0,3335852.69318545,-257.08591572000296,0.01649537,0.014184715,152890245776.10638,1200.54296604,1835609.30266743,2.65655866,15100563747.269896,1.377990198405278,1.02320494
2021-11-11 00:00:00+00:00,1040620.0,3336109.77910117,4612.779645219998,0.01550824,0.011433905,170117315722.70993,1201.56984115,1837041.18294318,2.71943688,15244724794.934658,1.5543896904474963,1.00339797
2021-11-10 00:00:00+00:00,1033037.0,3331496.99945595,1241.036618659993,0.01939094,0.0412247266666666,160427088877.74545,1201.20368353,1836953.02087639,2.72902346,15662691882.625298,1.5195807517170317,1.00458705
2021-11-09 00:00:00+00:00,1190205.0,3330255.96283729,-804.5525819500035,0.02390508,0.035584565,163657164492.7336,1201.48184921,1837851.94351621,2.82422092,16511995126.07473,1.578837039848939,1.00539278
2021-11-08 00:00:00+00:00,992966.0,3331060.51541924,7822.736820750004,0.01872329,0.0374197883333333,145353402674.46735,1201.19787559,1838067.18200953,2.86135882,16654188480.88413,1.3614141968419566,1.0067335
2021-11-07 00:00:00+00:00,834189.0,3323237.77859849,-6962.2566126799975,0.01001648,0.0204355666666666,163657164492.7336,1201.14855564,1838270.2694116,2.69762375,15190655032.491766,1.44027571068442,1.00179094
2021-11-06 00:00:00+00:00,826628.0,3330200.03521117,3571.2406703300003,0.01106094,0.0136385983333333,165810548236.05905,1200.37507623,1838015.49776304,2.62407633,14898077208.483446,1.438386763796017,1.00181034
2021-11-05 00:00:00+00:00,1043145.0,3326628.79454084,-4984.844500070001,0.01776136,0.013828265,166887240107.72177,1199.73218995,1837953.09489277,2.6044699,14799094444.76538,1.4729781486737163,1.00415948
2021-11-04 00:00:00+00:00,1002073.0,3331613.63904091,1594.8870291799976,0.01798201,0.0193616016666666,152890245776.10638,1199.70251918,1837967.56480945,2.63008998,14758734810.888617,1.3616031961732298,1.0008846
2021-11-03 00:00:00+00:00,1052028.0,3330018.75201173,-15305.24443405999,0.01558663,0.027508515,173347391337.6981,1199.05695197,1837908.85815739,2.69557434,14880243898.606943,1.567631734729579,1.00803908
2021-11-02 00:00:00+00:00,1032974.0,3345323.99644579,-6455.04568137,0.01741312,0.0240413866666666,170117315722.70993,1199.03506098,1837453.53571188,2.72073361,14988418485.95371,1.5398996737399793,1.0119144
2021-11-01 00:00:00+00:00,1067992.0,3351779.04212716,-14660.483208319994,0.01635235,0.0269112083333333,158273705134.42,1199.13039123,1837507.18515517,2.63684644,14204836586.807114,1.406757451516458,1.01043842
2021-10-31 00:00:00+00:00,876506.0,3366439.52533548,2374.3803679999983,0.01024257,0.0182411866666666,149660170161.11823,1199.87247158,1837605.86576775,2.66659563,14475280102.874266,1.3227698954416238,1.00509808
2021-10-30 00:00:00+00:00,904712.0,3364065.14496748,3148.4618303399984,0.01063931,0.0245471733333333,154737198729.13266,1199.95844563,1837621.06509498,2.69576283,13943583366.05058,1.492500163995603,1.00191614
2021-10-29 00:00:00+00:00,1008747.0,3360916.68313714,-8140.406438290003,0.01443753,0.030052245,170710070856.01086,1199.26083597,1837843.82456627,2.71417261,14045974351.657455,1.657791094172961,1.0053822
2021-10-28 00:00:00+00:00,1038068.0,3369057.08957543,-2431.6458891500006,0.01328018,0.01237656,151742285205.34302,1198.77152777,1838045.50803351,2.64869768,13518457488.589516,1.4426518694712345,1.00546426
2021-10-27 00:00:00+00:00,967838.0,3371488.73546458,12400.124828550004,0.01262374,0.0090273083333333,156733807744.99243,1198.22240416,1837465.37614939,2.56076988,13468457636.545088,1.475221054238389,0.9986975
2021-10-26 00:00:00+00:00,985103.0,3359088.61063603,2360.638128300001,0.01444122,0.0333388816666666,148747371681.55334,1197.59347194,1837689.78015792,2.6415394,14362604354.030785,1.477434145493602,1.00438854
2021-10-25 00:00:00+00:00,1065991.0,3356727.97250773,-2071.404333780003,0.01217816,0.0182563233333333,181691420443.23965,1197.14130094,1837424.65662911,2.76861007,14540151148.324526,1.813148329098072,1.00867418
2021-10-24 00:00:00+00:00,743291.0,3358799.37684151,1319.9579803300005,0.00930481,0.0236374533333333,152740589713.2729,1196.96509736,1835468.74320048,2.68226073,14284534642.090298,1.4796700215160143,1.00514135
2021-10-23 00:00:00+00:00,814841.0,3357479.41886118,2650.554638810001,0.01214851,0.0152996933333333,144754153649.8338,1196.92726769,1835249.50521448,2.70713826,14037559333.174755,1.4192872720575225,1.00218105
2021-10-22 00:00:00+00:00,970470.0,3354828.86422237,2026.8009234300043,0.0161519,0.0171257016666666,156733807744.99243,1196.26278921,1835502.79090212,2.68254411,14216837150.960749,1.574972827067964,1.00117611
2021-10-21 00:00:00+00:00,1127776.0,3352802.06329894,-1397.6209626000054,0.02147653,0.0504484566666666,146750762665.69357,1196.07756564,1835158.76495544,2.75184436,14580622181.879564,1.5410329077244644,1.00660917
2021-10-20 00:00:00+00:00,965091.0,3354199.68426154,4354.797353810005,0.01960202,0.0298560816666666,147749067173.62344,1195.81435452,1835420.13270602,2.93424633,15337485318.237272,1.567819239202141,1.00889609
2021-10-19 00:00:00+00:00,1075780.0,3349844.88690773,4886.413877490006,0.01533482,0.0133677916666666,153738894221.2028,1195.70488384,1835673.80034691,2.87654055,14677052041.23284,1.5760295801879325,1.00444522
2021-10-18 00:00:00+00:00,984997.0,3344958.47303024,-9806.7438274,0.0168249,0.01995583,147749067173.62344,1196.28335023,1835944.19357707,2.79556291,13532235879.236357,1.4983746756285783,1.00646642
2021-10-17 00:00:00+00:00,827891.0,3354765.21685764,-412.6016291399974,0.01121546,0.0216474716666666,158222181299.04614,1196.04941444,1836092.43417744,2.7843312,13627514343.791245,1.5922064234700175,1.00229228
2021-10-16 00:00:00+00:00,944641.0,3355177.81848678,8330.889582560001,0.01852424,0.0275621633333333,131522188204.8321,1195.31652694,1835939.08757721,2.75811307,13534185260.56223,1.3467234051514716,1.00528853
2021-10-15 00:00:00+00:00,1023379.0,3346846.92890422,3814.89130607,0.0225015,0.0224857583333333,139433297269.78442,1194.93275499,1835758.03138437,2.80067823,13466987559.076374,1.403485249094948,1.0088692
2021-10-14 00:00:00+00:00,988882.0,3343032.03759815,-870.1410821700047,0.01869091,0.023103935,134488854104.18922,1194.49527812,1836192.65709979,2.61776941,12160273792.319838,1.3031489788263306,1.00805282
2021-10-13 00:00:00+00:00,990490.0,3343902.17868032,1864.8174900700033,0.01568197,0.0098752833333333,167122178997.1175,1193.96098416,1835936.34422992,2.62674177,12098735644.61916,1.5781521724243883,1.00512408
2021-10-12 00:00:00+00:00,953468.0,3342037.36119025,679.6580236200025,0.02228194,0.014036675,132511076837.95114,1193.38164973,1836259.4799333,2.56991213,11951636329.228966,1.2761081404494603,1.00552901
2021-10-11 00:00:00+00:00,1011942.0,3341357.70316663,-596.3870852100008,0.02219268,0.0151000283333333,144377740435.3796,1193.44086431,1837597.31363059,2.64550174,12377024313.703243,1.39323563055944,1.00442471
2021-10-10 00:00:00+00:00,793259.0,3341954.09025184,539.418647890001,0.01265155,0.01513122,157233292665.9271,1192.90120554,1837712.02169203,2.52340004,11578707192.470648,1.4675452797985094,1.00421755
2021-10-09 00:00:00+00:00,987157.0,3341414.67160395,1628.7965267200016,0.0156103,0.0129032483333333,145366629068.49863,1192.58095646,1837628.48869208,2.540719,11303504057.613554,1.3539810801323635,1.00282322
2021-10-08 00:00:00+00:00,981410.0,3339785.87507723,-371.6497756200042,0.026818,0.01521249,118666635974.2846,1191.89332675,1835793.97688143,2.49730901,11168677187.44175,1.1152932039173848,1.0034877
2021-10-07 00:00:00+00:00,1142928.0,3340157.52485285,7123.7386276499965,0.02966783,0.019001235,139433297269.78442,1191.27735229,1836004.87804268,2.49505402,11208266273.752625,1.3144555406328116,1.00714413
2021-10-06 00:00:00+00:00,893976.0,3333033.7862252,4546.680823580005,0.02153369,0.0103841933333333,129544410938.59402,1190.86140226,1835616.17613045,2.5772523,11097394788.381262,1.1765940954175609,1.01082656
2021-10-05 00:00:00+00:00,1042508.0,3328487.10540162,4978.263410130006,0.01470084,0.0090055233333333,162177735831.52228,1190.49849927,1835504.24484519,2.41498584,11038109561.769432,1.396679825672722,1.00428075
2021-10-04 00:00:00+00:00,1027955.0,3323508.84199149,-387.835120249998,0.01387586,0.0096981833333333,154266626766.56998,1190.02096928,1837072.44265116,2.31574826,10101065663.169067,1.2803033465322795,1.00297531
2021-10-03 00:00:00+00:00,802798.0,3323896.67711174,1506.23727125,0.01054876,0.0103426616666666,141656679671.69815,1189.44755199,1836727.17461716,2.2711077,9812315324.131304,1.2245564406129323,1.00163358
2021-10-02 00:00:00+00:00,963418.0,3322390.43984049,-428.5137953800004,0.0092113,0.0059108016666666,177543038521.8617,1188.70387884,1836858.50259056,2.24616533,9771038247.51579,1.531974989658112,1.00421644
2021-10-01 00:00:00+00:00,955027.0,3322818.95363587,-696.0932394999982,0.01823365,0.0048139916666666,132212901026.91827,1188.03378145,1836472.08413405,2.27391658,9900669537.368204,1.1109618189268389,1.00517713
2021-09-30 00:00:00+00:00,1068702.0,3323515.04687537,4515.277616729996,0.01363553,0.005014885,161488614825.7359,1187.44212066,1836753.68851134,2.07459773,8998961804.482803,1.2724950493520977,1.00272188
2021-09-29 00:00:00+00:00,832582.0,3318999.76925864,-7158.878139599998,0.01371509,-0.0015601016666666,122769122382.1384,1187.05504331,1836956.09313534,1.96855806,8808609967.571396,0.9399485260728732,1.00019241
2021-09-28 00:00:00+00:00,921636.0,3326158.64739824,-4435.55933317,0.01422558,-4.219e-05,142601057536.17615,1186.44217337,1836321.66841425,1.94518366,8488700157.306503,1.09536682336963,0.99762657
2021-09-27 00:00:00+00:00,882985.0,3330594.20673141,-4491.064103979996,0.01290368,0.0075851233333333,146378568994.0881,1185.81474912,1835868.03678134,1.99725165,8606459339.409487,1.167090909026736,1.00101666
2021-09-26 00:00:00+00:00,707218.0,3335085.27083539,-1461.2731456500003,0.00964927,-0.0021221766666666,131268523162.44028,1185.35935035,1835383.41557348,2.04689444,8657121919.680265,1.0297198426163094,1.02094888
2021-09-25 00:00:00+00:00,708405.0,3336546.54398104,-1647.844891890003,0.0094101,-0.0069646416666666,135990412484.83025,1188.1325158,1835416.59865698,2.03724267,8662720519.907515,1.0636960198989764,0.99995973
2021-09-24 00:00:00+00:00,962186.0,3338194.38887293,24439.65657624001,0.01718569,-0.0053224516666666,138823546078.2642,1187.28831033,1835416.74115992,2.04438029,8722029269.913881,1.1087725809197813,0.99777487
2021-09-23 00:00:00+00:00,900349.0,3313754.73229669,-3327.5136164700016,0.01318898,-0.0144775433333333,155822347638.86798,1186.5696792,1835844.21261337,2.13979367,9147245720.93298,1.2698533486042265,1.00085756
2021-09-22 00:00:00+00:00,902630.0,3317082.24591316,-1399.9973569299982,0.01646233,-0.01018808,126546633840.05035,1185.91768701,1835380.25896488,2.07776421,8896114893.131678,1.002080534684589,1.00123121
2021-09-21 00:00:00+00:00,839076.0,3318482.24327009,7089.8028927299965,0.01887584,-0.0055269133333333,115214099466.3145,1185.36031982,1835481.08640918,1.94406875,8368404021.039905,0.9167545913531504,0.99863953
2021-09-20 00:00:00+00:00,1007693.0,3311392.44037736,-31505.95716707,0.01336713,0.0033830516666666,150129275469.0283,1184.59772285,1835848.31241737,2.04951238,9297763786.626818,1.2887944436057877,0.99737647
2021-09-19 00:00:00+00:00,711318.0,3342898.39754443,604.7734547399996,0.00818046,-0.0038686883333333,146467585823.44223,1183.99383026,1835791.500197,2.24781376,10291321053.372446,1.3400826944917996,1.0009954
2021-09-18 00:00:00+00:00,820746.0,3342293.62408969,1573.553803409999,0.01182577,0.0041017216666666,141890473766.45966,1183.26824663,1835753.34797517,2.29899931,10364675480.21831,1.3197888993755464,1.00194119
2021-09-17 00:00:00+00:00,935439.0,3340720.07028628,-101.99919392000083,0.01607257,0.0067602583333333,133651672063.89104,1182.53871813,1835776.01687959,2.25296719,10166884493.416136,1.2348245767042825,1.00142986
2021-09-16 00:00:00+00:00,1028195.0,3340822.0694802,-1853.077883130005,0.01945153,0.0076684933333333,123582025538.52936,1181.86209268,1835370.01306476,2.27608067,10111419718.771223,1.1564236585594232,1.00243753
2021-09-15 00:00:00+00:00,975679.0,3342675.14736333,-1480.5130511099997,0.01885857,-0.0017830183333333,129989982418.30498,1181.55357119,1836541.19778423,2.29776039,10576700673.517387,1.2117491072733906,1.00394835
2021-09-14 00:00:00+00:00,940201.0,3344155.66041444,-3989.8672783300062,0.01396195,0.0086744916666666,152875542703.21783,1181.18756673,1836136.36974309,2.25364526,9898059391.270864,1.3712718093616003,1.00098881
2021-09-13 00:00:00+00:00,915749.0,3348145.52769277,1112.050543999998,0.01525945,0.0035312066666666,143721318589.2527,1180.91390904,1835837.06385275,2.15221503,9234802643.0915,1.2645701000459733,0.99965778
2021-09-12 00:00:00+00:00,701498.0,3347033.47714877,-716.9151046099978,0.00923736,0.0073938066666666,134567094475.28757,1180.20055943,1835575.70412779,2.20313313,9216532900.914925,1.2002399625808484,1.00078556
2021-09-11 00:00:00+00:00,846299.0,3347750.39225338,-102.79903357000148,0.01157962,0.0078010516666666,135482516886.68408,1179.44399528,1834929.33625146,2.16337625,9132362632.694738,1.2064674437551235,1.00028456
2021-09-10 00:00:00+00:00,899440.0,3347853.19128695,-45669.60106573,0.01633273,0.0081135116666666,124497447949.92587,1178.67470602,1834668.92258565,2.14845566,9167261130.97698,1.1325512680535603,0.99996972
2021-09-09 00:00:00+00:00,933429.0,3393522.79235268,-2483.057788360006,0.01622344,0.0027233366666666,125412870361.3224,1178.36072382,1834504.098892,2.22269233,9209027153.362047,1.1525633460892013,1.00375499
2021-09-08 00:00:00+00:00,904573.0,3396005.85014104,-1280.7882651699983,0.01630138,-0.0004540933333333,129989982418.30498,1178.12948842,1834753.71438405,2.2101522,9094888711.25103,1.1957200292377412,1.00007132
2021-09-07 00:00:00+00:00,933129.0,3397286.63840621,-2579.0636454099877,0.01893499,0.0124933833333333,133974150413.36028,1177.48455563,1834720.3467643,2.24993652,9311092103.672825,1.4037033467905182,0.99856721
2021-09-06 00:00:00+00:00,963737.0,3399865.70205162,-4711.10584864,0.01575104,0.0229407933333333,150611463209.79065,1176.89717828,1835168.22421924,2.52687976,13160401030.526482,1.6286121467711951,1.00317641
2021-09-05 00:00:00+00:00,728706.0,3404576.80790026,-70.83292888000142,0.01012165,0.0147971233333333,143606278874.45154,1176.24962352,1834305.19977309,2.48781316,12866405512.8121,1.5050898196450926,1.00263411
2021-09-04 00:00:00+00:00,787632.0,3404647.64082914,2150.905582020001,0.0122298,0.0140931216666666,135725446497.19504,1175.47475651,1834830.79916928,2.40069747,11668147547.49323,1.422938441526538,1.00274856
2021-09-03 00:00:00+00:00,1013308.0,3402496.73524712,-5834.905883200001,0.01942933,0.0262733549999999,128720262161.85596,1174.75702661,1834516.57803197,2.40675922,11975108731.77337,1.360267289008006,1.00379233
2021-09-02 00:00:00+00:00,1019123.0,3408331.64113032,177.59804238000652,0.02099509,0.0303852033333333,130471558245.69072,1174.13048264,1834854.68281093,2.37530464,11942270576.124756,1.3786430154829277,1.0038609
2021-09-01 00:00:00+00:00,962164.0,3408154.04308794,-4870.284478350004,0.0202998,0.01848447,119963781742.68208,1173.49829085,1834473.60020822,2.35877444,11321435019.370964,1.2192971586615595,1.00248139
2021-08-31 00:00:00+00:00,925824.0,3413024.32756629,2463.175567099999,0.01503752,0.01493453,126093318036.1038,1172.89154607,1834451.61230771,2.27881686,11079666471.92542,1.2659943581050035,1.00224045
2021-08-30 00:00:00+00:00,908062.0,3410561.15199919,2673.485571559999,0.01464147,0.0084840516666666,118212485658.8473,1172.39868106,1834651.49515762,2.27585571,10881561177.025982,1.2093861883074335,1.00179613
2021-08-29 00:00:00+00:00,671284.0,3407887.66642763,-471.5717634100002,0.00888341,0.0066724516666666,136601094539.11244,1171.82789018,1835242.56329625,2.36510353,10961202978.178528,1.4116440822802092,1.00109253
2021-08-28 00:00:00+00:00,744768.0,3408359.23819104,1746.040864369999,0.0119988,0.0156660583333333,123466373910.35162,1171.05836345,1835094.57648606,2.37260319,11096701205.868216,1.2887952724318614,1.00187304
2021-08-27 00:00:00+00:00,852663.0,3406613.19732667,-909.3781402199966,0.01288999,0.006672155,127844614119.93855,1170.32701692,1835032.81328912,2.3822877,10945581426.278954,1.305366238567608,1.00209353
2021-08-26 00:00:00+00:00,833562.0,3407522.57546689,-1689.0385210500026,0.01252641,0.00730462,127844614119.93855,1169.59142958,1835726.89462252,2.27645794,10889464362.407856,1.2983283917319608,1.00204742
2021-08-25 00:00:00+00:00,859741.0,3409211.61398794,-19432.60756241,0.01269333,0.0049587466666666,140103686706.78198,1169.32947841,1834826.33988451,2.3832017,10950991466.373392,1.456410211695298,1.00835547
2021-08-24 00:00:00+00:00,947467.0,3428644.22155035,788.7113835799973,0.01534857,0.0119787533333333,119087832415.98032,1170.01869112,1835033.32667394,2.33020246,11217607527.825151,1.4277632960128672,1.00061999
2021-08-23 00:00:00+00:00,973854.0,3427855.51016677,-1783.329084099998,0.01151012,0.0181386766666666,152339629778.8839,1169.28607991,1835207.72353916,2.42086415,11069814104.30292,1.8600643073351049,1.00657415
2021-08-22 00:00:00+00:00,716084.0,3429638.83925087,165.15855795000243,0.01121541,0.0087540566666666,126820808546.88814,1168.95843948,1834907.06707443,2.41638922,10690990829.638094,1.5259628472147675,1.00404349
2021-08-21 00:00:00+00:00,797184.0,3429473.68069292,10110.22835592,0.01063427,0.0108395816666666,131460594225.43285,1168.25806175,1834831.04101419,2.39835229,10659998914.25165,1.58815625699022,1.0043902
2021-08-20 00:00:00+00:00,980841.0,3419363.452337,-11002.400349230003,0.01550267,0.0170737966666666,123727618094.525,1167.67325486,1834862.79074226,2.42573555,10641860285.957088,1.4663838501858562,1.00719007
2021-08-19 00:00:00+00:00,888604.0,3430365.85268623,-569.0766190900031,0.0132345,0.0069911233333333,119087832415.98032,1166.98422103,1834655.08955854,2.30361837,9713660563.67562,1.3398512684975474,1.00424097
2021-08-18 00:00:00+00:00,875674.0,3430934.92930532,-4141.472831790001,0.01793794,0.0061316783333333,104395177767.25548,1166.33193999,1834452.68845848,2.20581839,9320983675.9715,1.1796784317598652,1.00407313
2021-08-17 00:00:00+00:00,962796.0,3435076.40213711,2097.1744270800045,0.01435094,0.004705565,133007189451.6144,1165.85680975,1834168.85618971,2.2074956,9684974643.370396,1.528465873026722,1.00208828
2021-08-16 00:00:00+00:00,959290.0,3432979.22771003,-4846.652168200002,0.01597208,0.01090673,124500915707.6158,1165.22012839,1834551.38879786,2.26948601,9924177911.866611,1.4679785022861649,1.0042266
2021-08-15 00:00:00+00:00,758321.0,3437825.87987823,5859.247220429999,0.00848033,0.001911735,140740165582.52222,1164.53526319,1834464.56489937,2.32674788,9614864035.340042,1.6354134819385788,1.00204512
2021-08-14 00:00:00+00:00,719720.0,3431966.6326578,-5191.663220979997,0.01051818,0.0070716133333333,126820808546.88814,1163.72636903,1834334.76865332,2.33245597,9820720764.368353,1.5020120149212444,1.0106344
2021-08-13 00:00:00+00:00,931288.0,3437158.29587878,1757.3200416399995,0.02588109,0.0090757883333333,109808261058.89096,1163.56852549,1834059.30950043,2.37388395,9959388926.592896,1.3017792423293582,1.00904073
2021-08-12 00:00:00+00:00,841072.0,3435400.97583714,3119.463897859998,0.01342643,0.0035887,108813934542.0046,1162.88069592,1834400.4754487,2.20891481,9452358671.35519,1.330469568903995,1.00291006
2021-08-11 00:00:00+00:00,867556.0,3432281.51193928,4490.9125442,0.01423119,0.0096848,105931446209.76604,1162.17882691,1833865.50865044,2.26565712,9586605774.54582,1.3339113900889503,1.00517695
2021-08-10 00:00:00+00:00,887854.0,3427790.59939508,2089.4767151199994,0.01335391,0.01080698,118902643704.83946,1161.55401553,1834065.63196608,2.27221722,9606417196.853384,1.4837523312088343,1.00775937
2021-08-09 00:00:00+00:00,922233.0,3425701.12267996,4460.046383240013,0.01404836,0.01242068,109534556625.06422,1160.8378629,1834069.48048759,2.31050602,9602237885.84984,1.35217325564645,1.01088743
2021-08-08 00:00:00+00:00,722866.0,3421241.07629672,1384.3809606299983,0.00986348,0.00900316,113858289123.42204,1160.21166397,1831597.3532824,2.19302132,8860830805.458511,1.3833433440845653,1.00394694
2021-08-07 00:00:00+00:00,738955.0,3419856.69533609,2752.6821327600046,0.00985577,0.0068308333333333,120343887870.95872,1159.59813564,1832098.12511958,2.23431581,9255466364.921013,1.4427882509211445,1.00501175
2021-08-06 00:00:00+00:00,898793.0,3417104.01320333,10888.31097721999,0.01411701,0.00828903,114578911206.48166,1158.87455384,1832067.1629525,2.14963333,8694212732.161034,1.3115842808514429,1.00754724
2021-08-05 00:00:00+00:00,846781.0,3406215.70222611,4027.2642057400008,0.01467197,0.0076408933333333,115299533289.54128,1158.35528868,1832081.87147511,2.05397729,7835217080.850725,1.2635716636120384,1.00312439
2021-08-04 00:00:00+00:00,847189.0,3402188.43802037,-3877.394034210003,0.01742221,0.0076960283333333,98004603296.11008,1157.61205577,1831803.33584772,1.9972707,7968564538.705511,1.0619012841970124,1.00262099
2021-08-03 00:00:00+00:00,823257.0,3406065.83205458,-3465.0893376899985,0.01197006,0.00056814,121785132037.078,1156.84824202,1831733.90839195,1.92196725,7728259509.313212,1.305829133347655,0.99857641
2021-08-02 00:00:00+00:00,909840.0,3409530.92139227,1312.1813058799962,0.01486006,-0.0026104316666666,103048957877.52753,1156.12139265,1831239.90049157,1.96939372,7562241951.82996,1.1425123168385458,1.00096144
2021-08-01 00:00:00+00:00,680271.0,3408218.74008639,5030.269872410001,0.00988859,0.0045011566666666,110975800791.18349,1155.39842457,1831425.29760463,2.00556449,7629799663.286915,1.2856142763688054,1.00095669
2021-07-31 00:00:00+00:00,732373.0,3403188.47021398,-936.346235590001,0.01123915,0.010634095,113858289123.42204,1154.61062341,1831846.16448397,2.08798338,8427913664.341478,1.3286818038789832,1.00308657
2021-07-30 00:00:00+00:00,850139.0,3404124.81644957,1639.0070430699998,0.01385144,0.00222514,112824945741.12804,1153.87545143,1830196.3188799,2.12661243,8643630824.600203,1.3343648175037328,1.00462193
2021-07-29 00:00:00+00:00,883075.0,3402485.8094065,-4907.330667789996,0.01477353,0.0058092416666666,108746935654.09932,1153.22209916,1830855.41568573,2.01830667,8250729269.57466,1.2989822108904867,1.04325038
2021-07-28 00:00:00+00:00,858734.0,3407393.14007429,-45697.94418301998,0.01559882,0.0085811983333333,106707930610.58496,1160.18750254,1830898.2822151,2.04196065,8124952646.653512,1.2800718564078988,1.01100037
2021-07-27 00:00:00+00:00,913242.0,3453091.08425731,-21093.129513089996,0.01490284,-0.0060531016666666,115543619132.48051,1161.09493505,1830576.05911084,2.02359252,7904741932.935214,1.3130607918337975,1.00875644
2021-07-26 00:00:00+00:00,938943.0,3474184.2137704,25351.717613999994,0.01912615,0.0006793316666666,101950252175.71812,1161.38163133,1830987.25399538,1.92163653,7506380589.714154,1.1839528205719303,1.02140423
2021-07-25 00:00:00+00:00,648144.0,3448832.4961564,-8424.069685500002,0.01007629,-0.0211915633333333,103989257219.23248,1161.66084439,1830594.39406559,1.83665215,8545600610.672115,1.0775356471236694,1.00069209
2021-07-24 00:00:00+00:00,719171.0,3457256.5658419,3445.343630530002,0.01314131,-0.0144631416666666,104668925567.0706,1160.8859267,1830225.92360629,1.77832772,8028878041.533302,1.07350455029935,1.00171206
2021-07-23 00:00:00+00:00,796279.0,3453811.22221137,2984.006022469999,0.02238588,-0.00219483,91755226958.1463,1160.05495035,1830090.36398606,1.74597151,7719515820.696391,0.9115790783319722,0.98428074
2021-07-22 00:00:00+00:00,802126.0,3450827.2161889,5643.517826089999,0.01464303,-0.00442799,103989257219.23248,1159.42962072,1829766.89102672,1.67180393,7176206681.644192,1.016887380803234,1.00339326
2021-07-21 00:00:00+00:00,811204.0,3445183.69836281,3859.604324559994,0.01570716,-0.0112091116666666,98551910436.52753,1158.80049636,1829476.69883411,1.6646447,7179046459.408104,0.9372556381361288,1.00060106
2021-07-20 00:00:00+00:00,823996.0,3441324.09403825,3296.4175934399973,0.02284053,-0.0099796183333333,82919538436.25073,1158.16517623,1829167.14870148,1.54399265,7004447818.550786,0.7608845787137785,0.99607188
2021-07-19 00:00:00+00:00,843762.0,3438027.67644481,3861.400468399995,0.01756676,-0.0025633833333333,115543619132.48051,1157.72589173,1829428.74197127,1.5967635,7318570942.996337,1.1045249051741113,0.9963841
2021-07-18 00:00:00+00:00,639766.0,3434166.27597641,16163.913719710004,0.01322622,-0.0034151533333333,97872242088.6894,1157.10385757,1829117.99374845,1.64566891,6912431858.701489,0.9524861143000116,0.99559066
2021-07-17 00:00:00+00:00,641144.0,3418002.3622567,47775.14403675,0.01391465,-0.0119181083333333,97192573740.85127,1156.32347854,1829038.2886812,1.63144186,6911039106.72338,0.9409515022529604,1.02478338
2021-07-16 00:00:00+00:00,764281.0,3370227.21821995,-1815.8229535200007,0.01810801,0.0011061083333333,107098481840.2394,1159.61405958,1828974.59233945,1.63097043,6734098500.8958435,0.9995480486261296,0.99459171
2021-07-15 00:00:00+00:00,833330.0,3372043.04117347,-4663.7095810699975,0.02761654,-0.0039125366666666,91390704503.67096,1158.98494624,1828987.63169132,1.65402221,7046210377.671355,0.8713069923939666,0.99194731
2021-07-14 00:00:00+00:00,819554.0,3376706.75075454,2502.409371860005,0.0229107,-0.008995315,121378279418.938,1158.39273655,1828965.81953717,1.70048146,6737159205.126182,1.1704601636427632,0.99434506
2021-07-13 00:00:00+00:00,812757.0,3374204.34138268,199.4740367599952,0.03598832,-0.0062304816666666,97102623535.1504,1157.74159051,1828617.16197147,1.69460477,6859390477.407466,0.9603764732083242,0.99532895
2021-07-12 00:00:00+00:00,821413.0,3374004.86734592,54.95589875999576,0.03518787,0.005764895,89962724745.8011,1157.0083501,1828695.03996152,1.71180623,6931176694.684178,0.9128685778539783,1.00257183
2021-07-11 00:00:00+00:00,712215.0,3373949.91144716,626.2245585799974,0.02317751,-0.000291195,89248734866.86617,1156.75909512,1828496.53026662,1.7732673,7072662820.574183,0.8999296230915421,1.00043102
2021-07-10 00:00:00+00:00,699116.0,3373323.68688858,192.78061678000088,0.01871913,0.0051093583333333,114952370508.52362,1155.98062412,1828416.60184882,1.7348369,6803054799.824671,1.1522467357659305,0.99947459
2021-07-09 00:00:00+00:00,841440.0,3373130.9062718,586.6072927299974,0.03178357,-0.002219705,93532674140.47575,1155.15895356,1828074.58387143,1.74950319,6797650973.45795,0.937908261384939,1.00025826
2021-07-08 00:00:00+00:00,800772.0,3372544.29897907,-4020.375484379998,0.03260253,-0.0200921783333333,99244593171.95518,1154.53610723,1827555.35464311,1.70208389,6787281401.9374485,0.9886562527559348,0.99630765
2021-07-07 00:00:00+00:00,812879.0,3376564.67446345,-6535.25791878,0.04692315,0.001694045,87820755108.9963,1153.85080577,1827479.68086124,1.75181104,6735996246.5411825,0.9347609763534755,1.00133488
2021-07-06 00:00:00+00:00,838268.0,3383099.93238223,-3514.381297290005,0.05036993,-0.00855415,101386562808.75996,1153.25347698,1827403.72673603,1.7707569,6741162261.6355,1.0723429777123494,0.99872526
2021-07-05 00:00:00+00:00,920372.0,3386614.31367952,2412.2151350400018,0.05449068,-0.0111234883333333,94246664019.41068,1152.53032608,1826668.62059992,1.74263216,6672979819.165403,1.0018027620761916,0.99790571
2021-07-04 00:00:00+00:00,850495.0,3384202.09854448,2008.0880087299993,0.05698209,-0.0007263366666666,82108836077.51688,1151.84090603,1826717.2575965,1.82464343,6996618472.914934,0.9063961551155856,1.00201442
2021-07-03 00:00:00+00:00,1022355.0,3382194.01053575,956.433576620002,0.06940892,-0.01066749,90676714624.73602,1151.09734453,1826772.6260821,1.79379435,6876215234.789233,0.9901029234718364,1.00112324
2021-07-02 00:00:00+00:00,809808.0,3381237.57695913,-1008.4699774999972,0.09922617,-0.0116766816666666,89177797479.26637,1150.27134553,1826530.74826525,1.74852437,6716341869.276169,0.7029894118622182,0.98253866
2021-07-01 00:00:00+00:00,831221.0,3382246.04693663,-10691.23875659,0.10949675,-0.0038526483333333,95122983977.88412,1149.83618802,1827470.85180635,1.72898806,6587256155.169994,0.7702623617739488,0.99301054
2021-06-30 00:00:00+00:00,775122.0,3392937.28569322,-4338.335350509995,0.10000059,-0.0005253083333333,87196068646.39378,1149.1646904,1825676.67979171,1.80650679,6660502136.448981,0.723863361302576,0.99330723
2021-06-29 00:00:00+00:00,800655.0,3397275.62104373,6171.884007429995,0.08633281,0.0012634566666666,89177797479.26637,1148.47806508,1826069.56287521,1.84949034,7048775342.9244995,0.7429900444456629,1.00223734
2021-06-28 00:00:00+00:00,787774.0,3391103.7370363,-623.8679053400047,0.08888262,0.0040911916666666,87196068646.39378,1147.72184747,1826111.86885879,1.77742224,6404340096.276684,0.7073443076035282,1.00136756
2021-06-27 00:00:00+00:00,505311.0,3391727.60494164,6751.737867169999,0.06731292,-0.0305035283333333,57470136153.30499,1146.9592887,1826084.58107977,1.78898529,6540327578.318708,0.4372332834108647,1.00412445
2021-06-26 00:00:00+00:00,714973.0,3384975.86707447,-5973.661889390001,0.05022258,-0.0359328566666666,88186933062.83008,1146.26588065,1826226.69524245,1.6642442,6146832883.432375,0.6280640200110237,0.99094591
2021-06-25 00:00:00+00:00,864250.0,3390949.52896386,-9553.10417747,0.06033405,-0.0039835383333333,108995085807.99223,1145.41007213,1826371.27609005,1.62582923,6183902730.79708,0.8301295744423535,0.95818881
2021-06-24 00:00:00+00:00,859120.0,3400502.63314133,-1481.9477298100028,0.06817691,-0.0120777183333333,104040763725.81076,1145.57235344,1826365.09862016,1.76753443,6489679920.465937,0.8120620545293148,0.99906432
2021-06-23 00:00:00+00:00,853832.0,3401984.58087114,1291.542112480005,0.08154177,-0.0209966649999999,100077306060.0656,1145.12155712,1826320.06996922,1.71764774,6249371840.087531,0.79313346184646,0.99969592
2021-06-22 00:00:00+00:00,774373.0,3400693.03875866,-1967.2651648000028,0.07752244,-0.0185825633333333,90168661895.70268,1144.85654593,1826259.9933054,1.65837727,6161397912.26646,0.6756463836346434,0.9902929
2021-06-21 00:00:00+00:00,823425.0,3402660.30392346,-1251.2884212600038,0.05781237,-0.0126508749999999,104040763725.81076,1144.29392097,1825690.41397323,1.60983601,6083236472.165585,0.7904603715553465,0.98443142
2021-06-20 00:00:00+00:00,651968.0,3403911.59234472,4487.05839351,0.03346447,-0.0090105533333333,104040763725.81076,1143.75803752,1825537.35157489,1.80794468,6864627295.560325,0.8155194438107268,0.99669296
2021-06-19 00:00:00+00:00,693951.0,3399424.53395121,1643.4403982799995,0.03685519,-0.0236291566666666,102059034892.93816,1142.96989593,1825371.16228217,1.80135908,7068309006.738226,0.8199167288079954,0.99628146
2021-06-18 00:00:00+00:00,816938.0,3397781.09355293,68.967315529997,0.03854017,-0.0172249216666666,122867187638.10033,1142.1094291,1825264.4576412,1.81832602,7013671747.230275,1.0267025872397069,0.99535641
2021-06-17 00:00:00+00:00,864260.0,3397712.1262374,2323.209587340003,0.03717165,-0.0107857133333333,128812374136.71808,1141.43771998,1824974.30390751,1.9317015,7525881750.520547,1.1236052800229146,0.99351971
2021-06-16 00:00:00+00:00,951336.0,3395388.91665006,4289.6897880800025,0.04837375,-0.004336515,121876323221.66405,1140.74741134,1825217.53883384,1.9424252,7461350018.824375,1.0983555397073073,1.00100784
2021-06-15 00:00:00+00:00,982687.0,3391099.22686198,5872.6948799599995,0.04518108,0.0056583916666666,129803238553.15436,1140.05861161,1825137.69418136,2.03467049,7512226250.754755,1.194327778493884,1.00606222
2021-06-14 00:00:00+00:00,950563.0,3385226.53198202,4604.942667759999,0.04272839,0.0090510683333333,133766696218.89957,1139.49442334,1824861.58946424,2.05547738,7483075531.127392,1.213498756948788,1.01203258
2021-06-13 00:00:00+00:00,798375.0,3380621.58931426,4760.581358399999,0.02736577,0.0008973,130794102969.59068,1138.91025811,1824912.31379913,1.98297372,7246456564.083921,1.0807448901397676,1.00259602
2021-06-12 00:00:00+00:00,1009291.0,3375861.00795586,2694.258677990001,0.04124484,-0.0052704883333333,138110063763.98422,1138.19279847,1824547.76484376,1.80752466,6417888741.146486,1.0717661854932703,0.99396878
2021-06-11 00:00:00+00:00,887279.0,3373166.74927787,9101.11053372,0.0584074,0.0027199933333333,109860277994.07835,1137.367998,1824275.09307522,1.89680257,6794034028.895558,0.9009764101522576,1.00368715
2021-06-10 00:00:00+00:00,943006.0,3364065.63874415,12054.06857586,0.05915682,0.0032567283333333,123462026698.10712,1137.09326098,1825103.90408801,1.86524794,6556508033.949305,1.0145942146020823,1.00221411
2021-06-09 00:00:00+00:00,815586.0,3352011.57016829,-2833.0919563299976,0.04061559,-0.0175212883333333,131832333592.89404,1136.68558793,1824679.13462278,1.90176383,7122968173.976267,0.9927300329268042,1.01058339
2021-06-08 00:00:00+00:00,1002121.0,3354844.66212462,3806.3953079799976,0.03646903,-0.01298026,155896965915.40643,1136.15964495,1825187.09984019,1.70122284,6198576362.497066,1.1126208639451716,0.98401816
2021-06-07 00:00:00+00:00,907296.0,3351038.26681664,-4037.107472609998,0.03991224,0.0034202366666666,139156352125.83258,1135.84055524,1826460.87142368,1.70326052,6491497685.958958,1.0934586316410362,0.99540996
2021-06-06 00:00:00+00:00,715955.0,3355075.37428925,-2792.24987743,0.02351778,0.00198841,156943254277.2548,1135.33542936,1826334.7530051,1.81500172,6353633917.249316,1.2174647610503322,0.99713152
2021-06-05 00:00:00+00:00,772685.0,3357867.62416668,3086.242114809997,0.03493773,-0.0050386383333333,137063775402.13586,1134.64616008,1825958.72732621,1.80019933,6230876922.808555,1.0973067570289554,0.99155965
2021-06-04 00:00:00+00:00,916658.0,3354781.38205187,4158.258271110004,0.04917174,0.0031210166666666,137063775402.13586,1133.8724108,1826088.0067612,1.86598037,6377723089.798515,1.1285993379059074,0.98574307
2021-06-03 00:00:00+00:00,1016686.0,3350623.12378076,-4249.458384060003,0.05149601,-0.0007973066666666,153804389191.70972,1133.17607619,1828499.96713008,1.98424258,6662890100.213392,1.3232384611566848,1.00614182
2021-06-02 00:00:00+00:00,1082877.0,3354872.58216482,-5247.425586990001,0.04697,0.0066509166666666,173683868066.82864,1133.14335837,1831416.55767632,1.90134061,6197709329.766351,1.4447750300407944,0.99971692
2021-06-01 00:00:00+00:00,917355.0,3360120.00775181,-1411.3449123000028,0.05057482,0.0081298833333333,148572947382.46786,1132.66557049,1831835.84385638,1.85652865,5885478694.303017,1.2216462166275366,1.00443623
2021-05-31 00:00:00+00:00,977201.0,3361531.35266411,8557.320686,0.04908275,0.0063136849999999,147526659020.6195,1133.04125978,1831321.07441635,1.88739962,6127571836.039107,1.200218260332421,0.99761568
2021-05-30 00:00:00+00:00,992262.0,3352974.03197811,-2584.4812059100004,0.03909242,0.006898005,150665524106.1646,1132.30507434,1831227.58379259,1.80431908,5746129524.867704,1.192605941852367,1.00791438
2021-05-29 00:00:00+00:00,870421.0,3355558.51318402,5425.316370120003,0.061387,0.0060864716666666,144427847559.87256,1132.53303436,1830647.44905031,1.75351091,5712681328.960341,0.9768439235915836,0.99419498
2021-05-28 00:00:00+00:00,968623.0,3350133.1968139,10570.83153476,0.08549901,0.0013031033333333,148163050514.0072,1131.73152347,1830963.2722379,1.8058855,6051751325.231662,1.0753094922041055,0.99380578
2021-05-27 00:00:00+00:00,863228.0,3339562.36527914,7974.207373619996,0.08291659,-0.0012184633333333,145672915211.2508,1131.03425852,1831815.63285608,1.94868421,5737956174.002445,1.113594995724694,0.99608546
2021-05-26 00:00:00+00:00,940636.0,3331588.15790552,1597.8283863499964,0.09263647,0.0075695133333333,151898253468.14185,1130.3448332,1829827.14613492,1.98280305,5852606839.119334,1.1922118699189914,1.00317116
2021-05-25 00:00:00+00:00,972853.0,3329990.32951917,8126.135095100006,0.10042281,0.004370035,153143321119.52005,1129.95214356,1830316.99346225,1.93878158,5631018426.41368,1.178719595448429,0.99369703
2021-05-24 00:00:00+00:00,972316.0,3321864.19442407,2195.5369951299945,0.10946707,-0.005767955,156878524073.6547,1129.54143093,1829930.05247233,1.9596968,5691652260.691931,1.1913719403688765,1.00852334
2021-05-23 00:00:00+00:00,963625.0,3319668.65742894,-8519.343855569998,0.09865613,-0.0146488416666666,148163050514.0072,1130.07141757,1829488.49978416,1.75606023,5284990258.587378,1.0527955751710554,0.99193124
2021-05-22 00:00:00+00:00,917816.0,3328188.00128451,-637.7146022099914,0.12374145,-0.0039711366666666,144427847559.87256,1129.87065231,1829108.48020531,1.89432203,5574102723.692958,1.134109303254427,0.99211773
2021-05-21 00:00:00+00:00,947769.0,3328825.71588672,-12706.882927040002,0.16006039,-0.0163126716666666,136957441651.6033,1129.21790343,1828454.16514461,1.88109725,5900723737.432398,1.1649158491368787,0.99188942
2021-05-20 00:00:00+00:00,943409.0,3341532.59881376,2446.704825599998,0.15913528,-0.03627066,139447576954.3597,1129.02038958,1828427.66344621,2.04196996,6117380183.737494,1.2176626759529776,0.9875211
2021-05-19 00:00:00+00:00,1025227.0,3339085.89398816,36157.561312809994,0.13576119,-0.0519385616666666,155633456422.27646,1129.06353591,1828468.70043776,1.8407843,6015937620.10427,1.2943709242514316,0.9778186
2021-05-18 00:00:00+00:00,855449.0,3302928.33267535,-7281.496928530003,0.09703595,0.0077897883333333,124506765137.82118,1129.74088174,1829144.94624363,2.13334925,9115774830.935612,1.1275529993533766,0.99614335
2021-05-17 00:00:00+00:00,958102.0,3310209.82960388,36625.39140066999,0.0915251,0.008157685,150653185816.76364,1129.48145232,1828519.96193427,2.16503505,9113053716.861666,1.3618910977666552,0.99170349
2021-05-16 00:00:00+00:00,974661.0,3273584.43820321,6554.5796876899985,0.05939402,0.0201256816666666,164348929981.92395,1129.07022415,1828105.65663976,2.30462857,9491824366.790102,1.5488389668812297,0.99765133
2021-05-15 00:00:00+00:00,960854.0,3267029.85851552,4015.531645459996,0.07514089,0.0142765316666666,153143321119.52005,1128.62797246,1827338.05841498,2.32008855,9580067521.747078,1.5106036386553914,1.00036967
2021-05-14 00:00:00+00:00,1069162.0,3263014.32687006,7990.733102309998,0.08042506,0.0126608316666666,166839065284.6804,1128.07421808,1827325.1625538,2.47336378,9374898094.231133,1.7021482694121894,1.00082145
2021-05-13 00:00:00+00:00,1188830.0,3255023.59376775,12961.880656860012,0.06666383,0.0041676133333333,200455891871.8921,1127.71717747,1828024.44313567,2.464484,9657253586.609644,2.012600776566449,0.99732307
2021-05-12 00:00:00+00:00,1262008.0,3242061.71311089,25922.17853006,0.06682751,0.0171832916666666,176209059881.34256,1127.88609632,1828458.09005188,2.45406604,10603924294.224075,2.416100765329168,1.01917251
2021-05-11 00:00:00+00:00,1244515.0,3216139.53458083,-1037.8777737000055,0.07070687,0.0194384466666666,176209059881.34256,1128.02281555,1828348.25596953,2.82363685,10825717784.315989,2.444804844300561,1.00470635
2021-05-10 00:00:00+00:00,1312253.0,3217177.41235453,10366.394223299998,0.08239454,0.03642534,184404830108.38177,1127.61345151,1828711.92667092,2.7826122,10964320241.086876,2.6968006200947148,1.01025075
2021-05-09 00:00:00+00:00,1236401.0,3206811.01813123,3977.565065790004,0.05681719,0.038502295,190551657778.66113,1127.26654072,1829312.66900765,2.91103244,10768786939.85044,2.731383783649729,1.01267365
2021-05-08 00:00:00+00:00,1172111.0,3202833.45306544,6828.745078339998,0.07545288,0.0300750983333333,175184588602.96265,1126.88593445,1827451.08825076,2.94960676,10830780740.780504,2.6013322091970266,1.01050449
2021-05-07 00:00:00+00:00,1188301.0,3196004.7079871,-9821.717263040002,0.08849475,0.0192166366666666,176209059881.34256,1126.33507517,1827228.07946134,2.8773493,10590681642.729706,2.589086714149501,1.02391018
2021-05-06 00:00:00+00:00,1236919.0,3205826.42525014,-1795.1762492499984,0.0934459,0.04141698,174160117324.58276,1126.74217391,1826496.23886158,2.85081196,10746361762.44138,2.5884340174226974,1.01219139
2021-05-05 00:00:00+00:00,1210517.0,3207621.60149939,5557.944211929993,0.09241137,0.01558069,160841990705.64407,1126.36010483,1826846.8802174,2.9148007,10561714702.797577,2.3621834733476943,1.01018154
2021-05-04 00:00:00+00:00,1288588.0,3202063.65728746,7253.952984680007,0.08076782,0.015365915,185429301386.7617,1125.9567137,1826129.39442531,2.70642938,10623731259.96016,2.66593135658642,1.00476409
2021-05-03 00:00:00+00:00,1266265.0,3194809.70430278,-1847.9213133599987,0.09112714,0.0366732816666666,181331416273.24207,1125.67937922,1826279.2644878,2.91237725,11108338715.998371,2.780509060594067,1.00854866
2021-05-02 00:00:00+00:00,1243802.0,3196657.62561614,1767.1815679399988,0.06844962,0.0247502633333333,189527186500.28125,1125.40092367,1826238.96623814,2.89176032,10966807752.71552,2.798380451783967,1.00618355
2021-05-01 00:00:00+00:00,1048168.0,3194890.4440482,2206.574743079997,0.10518112,0.01801892,142401507694.8059,1124.84753783,1825557.96317329,2.95862402,10901126641.72826,2.2387638940483465,1.00703102
2021-04-30 00:00:00+00:00,1116459.0,3192683.86930512,6920.052193520009,0.13644907,0.010178425,169978665114.99063,1124.21848768,1825391.83357513,2.95915048,10932280387.931952,2.320998535045036,1.01317913
2021-04-29 00:00:00+00:00,993072.0,3185763.8171116,34513.475739149995,0.1596269,0.009709285,143016532027.78522,1124.37454483,1825219.45111392,2.75875948,10260906571.737753,1.9671253394516903,1.01102929
2021-04-28 00:00:00+00:00,1115073.0,3151250.34137245,3250.2429857400057,0.13282579,0.0086945316666666,166461865147.09427,1124.25763573,1825575.70821928,2.83596644,10063137205.041727,2.2630668038735724,1.00614015
2021-04-27 00:00:00+00:00,1092433.0,3148000.09838671,8335.381366799993,0.15460719,0.0039499133333333,166461865147.09427,1123.89019522,1825250.74191231,2.8502859,10247506453.669205,2.323391077583769,1.01307836
2021-04-26 00:00:00+00:00,944641.0,3139664.71701991,6982.848010859991,0.19057234,0.001368795,133638398780.0616,1124.30617745,1824667.72123137,2.81089127,10037431423.51936,1.9010257563539672,1.00966288
2021-04-25 00:00:00+00:00,1027850.0,3132681.86900905,-2747.2885266500016,0.11657443,0.00928703,165289598491.1288,1124.02939178,1824823.11130536,2.56253513,10400182220.591784,2.0241483222030565,1.00019016
2021-04-24 00:00:00+00:00,1123937.0,3135429.1575357,-45.78232778999518,0.15670288,0.002274825,169978665114.99063,1123.84196062,1824790.68619851,2.61320628,10406759482.26339,2.212020496743058,1.00809917
2021-04-23 00:00:00+00:00,1117128.0,3135474.93986349,13936.604176270004,0.24221111,0.0081070416666666,158255998555.3361,1124.07751707,1823943.36279578,2.67453994,10491331998.127424,2.294669310813207,0.99828371
2021-04-22 00:00:00+00:00,1120306.0,3121538.33568722,13077.472176219992,0.25098678,0.019928925,167634131803.05972,1124.05295418,1825236.73088669,2.70159312,10884686874.438864,2.665463246393968,1.00926371
2021-04-21 00:00:00+00:00,923291.0,3108460.863511,-3210.5832625099865,0.28834573,0.0078382866666666,118398932252.51073,1123.81104442,1822280.21913311,2.81980931,11208535436.108295,2.0525096436020287,1.0028821
2021-04-20 00:00:00+00:00,1123407.0,3111671.44677351,-1136.6789572199923,0.27393401,0.0083189033333333,150050131963.57794,1123.27739054,1822022.68255777,2.96301007,11406146886.12868,2.564296145656585,1.0063318
2021-04-19 00:00:00+00:00,886617.0,3112808.12573073,-18067.986019050004,0.26252937,0.0050801566666666,113709865628.6489,1123.08814945,1822302.16765156,2.92640588,11170628619.844332,1.9470381641957468,1.00327778
2021-04-18 00:00:00+00:00,1046281.0,3130876.11174978,-9447.896171230008,0.21695816,0.0003281549999999,145361065339.71613,1122.4040069,1822014.41647723,2.95825544,11503199220.528349,2.365233911387832,1.04361713
2021-04-17 00:00:00+00:00,839769.0,3140324.00792101,-1309.7689933100046,0.22336259,0.037713185,106676265692.8562,1123.2199849,1821951.8051552,3.19393379,14028548375.341694,1.9140461438774443,1.01340968
2021-04-16 00:00:00+00:00,935909.0,3141633.77691432,-5446.022662200005,0.17896436,0.0560789116666666,120743465564.44162,1122.77843855,1821717.35562587,3.2752204,13957030998.07349,2.062332195036074,1.00866217
2021-04-15 00:00:00+00:00,1362778.0,3147079.79957652,-2550.990271869996,0.12622102,0.0584061483333333,201629864826.05783,1122.19852493,1821953.82672328,3.3815707,14312167960.915842,3.316339053676553,1.01826357
2021-04-14 00:00:00+00:00,1152031.0,3149630.78984839,7141.309830229991,0.13897345,0.07537128,155272729188.54782,1122.62400878,1821468.72434438,3.38757335,14427498319.627434,2.6819458820057265,1.02576491
2021-04-13 00:00:00+00:00,1173976.0,3142489.48001816,1962.6323375700013,0.10292802,0.10872432,163323907739.06512,1123.50757004,1821911.06646736,3.45054325,14807103015.095917,2.6685999693830538,1.0207199
2021-04-12 00:00:00+00:00,1123916.0,3140526.84768059,7297.499103449991,0.09253398,0.1003955316666666,165624244467.78433,1123.36910141,1821613.99099454,3.27265117,13615807642.790792,2.60342376348529,1.01601076
2021-04-11 00:00:00+00:00,1049543.0,3133229.34857714,-3281.967605940001,0.06498571,0.0995047616666666,166774412832.14395,1123.43084644,1821862.26785094,3.29540179,13090234526.954325,2.5453115790989624,1.0154114
2021-04-10 00:00:00+00:00,1160199.0,3136511.31618308,11183.64841424,0.08400372,0.1251809683333333,180576433204.45932,1123.31166745,1821583.98378421,3.2972449,12815552208.253418,2.830514249685606,1.01209452
2021-04-09 00:00:00+00:00,1223064.0,3125327.66776884,-2449.9391733599987,0.1091416,0.0256282283333333,174825591382.66125,1122.94470497,1822047.83485128,3.21502724,12283532539.760618,2.7566536613096404,1.00853739
2021-04-08 00:00:00+00:00,1095111.0,3127777.6069422,-8468.194579150004,0.09857018,0.022112475,154122560824.1882,1122.53960431,1822778.554102,3.22121871,12341274934.111628,2.370691106386566,1.01033069
2021-04-07 00:00:00+00:00,1242652.0,3136245.80152135,-5781.4614603200025,0.09336633,0.034908595,180576433204.45932,1122.13828035,1822369.6872994,3.11091386,12334794479.172367,2.766654842488279,1.007285
2021-04-06 00:00:00+00:00,1191972.0,3142027.26298167,-23532.04526315999,0.10573583,0.106116305,165624244467.78433,1121.67066491,1822026.49754756,3.23269952,12693916434.948656,2.6555655362629476,1.04645134
2021-04-05 00:00:00+00:00,1222966.0,3165559.30824483,-3346.5808821300016,0.08832245,0.0525299316666666,179426264840.0997,1122.78072017,1822240.33638558,3.35067504,12630844031.44894,2.82119020937314,1.00817235
2021-04-04 00:00:00+00:00,1037273.0,3168905.88912696,-8259.04763497,0.06858891,0.030689075,167924581196.50357,1122.2670411,1821834.6279077,3.30753357,12513019320.706362,2.5805592963861415,1.00764874
2021-04-03 00:00:00+00:00,1024877.0,3177164.93676193,4971.2851220899975,0.0929876,0.0848657116666666,150672055731.10938,1121.61757262,1821633.01374523,3.24727831,12537438903.053217,2.4408835903746766,1.00495859
2021-04-02 00:00:00+00:00,1105975.0,3172193.65163984,2060.8652923000045,0.09270795,0.1069969766666666,161023571010.3459,1120.91776016,1821444.43977771,3.36013946,12644448356.07042,2.6399227697418106,1.01651511
2021-04-01 00:00:00+00:00,1137575.0,3170132.78634754,-1032.689554830009,0.09033644,0.0917736633333333,157606703969.9866,1121.12011403,1821509.8762005,3.35961101,12205074329.247784,2.723772833875701,1.02560046
2021-03-31 00:00:00+00:00,1245153.0,3171165.47590237,172.92264552999404,0.09454671,0.0820473483333333,170650017401.9855,1121.67025942,1819617.92343194,3.38433404,12235011355.61102,2.9732082628553855,1.01997388
2021-03-30 00:00:00+00:00,1150667.0,3170992.55325684,12909.367487630008,0.09573136,0.086040915,158693646755.9865,1121.5288071,1818766.77262551,3.40254786,12199965970.742346,2.769370709167535,1.01837342
2021-03-29 00:00:00+00:00,1116535.0,3158083.18576921,-5513.096386289995,0.07882127,0.0423518616666666,164128360685.98605,1121.17168036,1818564.90956053,3.35192269,11205166882.7401,2.7572644857015884,1.01529578
2021-03-28 00:00:00+00:00,1070155.0,3163596.2821555,1745.2785273299996,0.0551507,0.0146126166666666,172823902973.98532,1120.61347068,1819562.18445361,3.25811043,10403171647.295065,2.792860866093182,1.01227533
2021-03-27 00:00:00+00:00,1149821.0,3161851.00362817,3819.811320159999,0.06283713,0.0060434016666666,172823902973.98532,1120.09561784,1819056.24677403,3.2685445,10649527699.24574,2.7999050010627267,1.02252672
2021-03-26 00:00:00+00:00,1094374.0,3158031.19230801,-9466.378142,0.08723998,0.0083226283333333,147824218895.98743,1119.82946859,1818548.08010172,3.23685256,10454958900.633743,2.391690293407206,1.01350602
2021-03-25 00:00:00+00:00,1207004.0,3167497.57045001,5138.203254769993,0.08046612,0.0116434333333333,167389189043.98578,1119.4893131,1817822.25515396,3.02883668,10055245329.763962,2.639492718653695,1.01389962
2021-03-24 00:00:00+00:00,1157957.0,3162359.36719524,2695.484169589996,0.0798593,0.0285136716666666,165215303471.98596,1119.86007351,1817893.42386775,3.09966094,10339214251.2043,2.769162714036712,1.01506727
2021-03-23 00:00:00+00:00,1237248.0,3159663.88302565,-11705.26633083001,0.07478125,0.01080956,174997788545.98514,1119.49253795,1818999.36017,3.23425215,10614004002.54411,2.916455384137277,1.01845274
2021-03-22 00:00:00+00:00,1145951.0,3171369.14935648,-6069.279766379994,0.08264522,0.0313896083333333,164128360685.98605,1119.7042742,1819576.37373713,3.23842932,10793882576.269876,2.8840553454523272,1.01664122
2021-03-21 00:00:00+00:00,1101143.0,3177438.42912286,-3321.9288040600004,0.05879503,0.0206984283333333,169563074615.9856,1119.50174734,1819319.4617069,3.44776535,11119919611.284992,2.9451667394643484,1.01205593
2021-03-20 00:00:00+00:00,1134595.0,3180760.35792692,547.1632913100038,0.079923,0.0347210249999999,167389189043.98578,1118.95615745,1818767.57186481,3.50022193,11250018103.113297,3.073925635933375,1.01496872
2021-03-19 00:00:00+00:00,1162160.0,3180213.19463561,3582.9632305600026,0.11172097,0.0160990566666666,160867532327.98633,1118.72725634,1818290.78127752,3.50916223,10923752111.680006,3.06073155073402,1.01241057
2021-03-18 00:00:00+00:00,1210098.0,3176630.23140505,6118.568743920005,0.12621869,0.047038715,162062349930.207,1118.1226931,1817894.70415427,3.49538479,11195044518.367546,3.2252116150975825,1.01431396
2021-03-17 00:00:00+00:00,1122035.0,3170511.66266113,-3545.895571750006,0.11074024,0.012778195,145003155200.71152,1117.56684382,1818616.30490917,3.58469485,11035655892.233244,2.7462310399873844,1.0193716
2021-03-16 00:00:00+00:00,1161562.0,3174057.55823288,-380.7615412899904,0.10595584,0.0194252666666666,158863750918.4266,1117.35262077,1818572.25957874,3.48162276,10751050027.91833,2.9650080358940154,1.02338818
2021-03-15 00:00:00+00:00,1165698.0,3174438.31977417,-5512.820270890006,0.10885067,0.0501443283333333,157797551247.83313,1117.32456638,1818677.47187326,3.42495948,11081603955.583454,3.092253991549191,1.01451564
2021-03-14 00:00:00+00:00,1162447.0,3179951.14004506,32274.86562975,0.08266549,0.1026989316666666,167393348283.17435,1116.95740886,1819077.06558769,3.64402109,12238241881.424646,3.3775462834345165,1.02340454
2021-03-13 00:00:00+00:00,1110685.0,3147676.27441531,6090.804007309998,0.11566453,0.0889570583333333,152466552894.86578,1117.05453579,1819060.40025583,3.80317899,12655719092.211325,3.126376866275322,1.02669711
2021-03-12 00:00:00+00:00,1184501.0,3141585.470408,-3523.5605566899976,0.11113921,0.0652488066666666,159929950589.02005,1116.64312111,1818330.92613075,3.58095785,11184330400.289677,3.1789732457639275,1.03149577
2021-03-11 00:00:00+00:00,1082305.0,3145109.03096469,5324.00679929,0.11866337,0.086866435,140738356518.33765,1116.63281299,1818567.04226216,3.64813735,11742098122.401772,2.8134663269281113,1.03427078
2021-03-10 00:00:00+00:00,1178319.0,3139785.0241654,5039.6890530500095,0.10586958,0.0619712866666666,158863750918.4266,1117.76481094,1818217.83670137,3.56364073,10917093911.092964,3.092483187126135,1.02071326
2021-03-09 00:00:00+00:00,1087024.0,3134745.33511235,9170.98261115,0.10726778,0.0735802683333333,149267953883.0854,1117.35338841,1818084.2531015,3.52665154,10224428098.881577,2.857960135195607,1.0167414
2021-03-08 00:00:00+00:00,1170140.0,3125574.3525012,-8217.978569729996,0.08547861,0.0354834216666666,165260948941.9874,1116.92586497,1818112.88683691,3.38496071,9747828386.37665,2.9237451572931645,1.01587901
2021-03-07 00:00:00+00:00,1046348.0,3133792.33107093,3564.0561346100003,0.07240845,0.0293025616666666,155665151906.6462,1117.19332669,1818061.51181258,3.31204099,8727067576.0499,2.7039301149738995,1.00581073
2021-03-06 00:00:00+00:00,1128235.0,3130228.27493632,6779.212829240001,0.07578837,0.011541305,162062349930.207,1116.49806165,1817993.37408285,3.18260544,8152412625.797789,2.7295829032898995,1.00663404
2021-03-05 00:00:00+00:00,1164414.0,3123449.06210708,9715.616405990004,0.1093749,0.0119717016666666,160906977899.41776,1115.92877105,1817655.36734912,3.18094569,8072153175.964862,2.7483530326896375,1.00975467
2021-03-04 00:00:00+00:00,1042708.0,3113733.44570109,1283.534402960002,0.12372694,0.0127510649999999,138228813229.03,1115.88151571,1818465.99451967,3.16378574,8352749771.516292,2.498291745820666,1.0111978
2021-03-03 00:00:00+00:00,1182148.0,3112449.91129813,5331.5421820300035,0.12256221,0.0246476633333333,164146715709.47314,1115.48249788,1818328.94552911,3.30596017,8535449812.586721,3.034884774472846,1.01224853
2021-03-02 00:00:00+00:00,1130633.0,3107118.3691161,-6074.767232260005,0.12933512,0.0132400349999999,154427502279.30695,1114.96377185,1817557.84408589,3.19446007,8040374270.173623,2.7904602049956932,1.01547393
2021-03-01 00:00:00+00:00,1085604.0,3113193.13634836,-4966.278029399997,0.13039877,0.00863562,140388638435.7336,1114.99142786,1817332.78792568,3.28545732,8189175459.257399,2.510511444414948,1.0152883
2021-02-28 00:00:00+00:00,1029358.0,3118159.41437776,5777.680114100003,0.09203966,0.0152385433333333,141468551039.0854,1114.48314814,1817839.68567534,3.00988814,7566058433.330736,2.2811815719726387,1.00334037
2021-02-27 00:00:00+00:00,1200761.0,3112381.73426366,3049.0432843000017,0.09608829,0.0249468283333333,169546278726.23212,1114.10969916,1819017.46321965,3.07534776,7476662305.599015,2.9008164767795575,0.99700299
2021-02-26 00:00:00+00:00,1120916.0,3109332.69097936,-36299.02503565,0.1462994,0.0150011366666666,150107851865.89978,1113.71995321,1819418.42586869,3.08086186,7358405184.819186,2.706513246033563,1.02374021
2021-02-25 00:00:00+00:00,1215099.0,3145631.71601501,2760.2637428900052,0.13527595,0.0123922333333333,168466366122.8803,1113.86086833,1818342.76306338,3.15989613,7825706865.357997,3.227750792265576,1.01563653
2021-02-24 00:00:00+00:00,1236735.0,3142871.45227212,-15604.04850679,0.16017456,0.01836691,171706103932.9357,1113.89915007,1818429.12389022,3.35698968,7814128521.758102,3.4007650498385424,1.02202137
2021-02-23 00:00:00+00:00,1058649.0,3158475.50077891,7810.451557970009,0.18760736,0.02560452,137148900625.6782,1114.64847872,1818141.97880197,3.3299199,7649297038.719359,2.774579604625913,1.02505532
2021-02-22 00:00:00+00:00,1094544.0,3150665.04922094,5313.747367839998,0.13684662,0.08665373,143628376245.789,1115.48129499,1818159.10173488,3.72030698,8640997157.680798,3.0844222706793563,1.01868545
2021-02-21 00:00:00+00:00,1041994.0,3145351.3018531,36409.495300539995,0.11552342,0.08097588,152267677072.60336,1115.33903292,1818906.09109688,3.98120636,9852058258.615068,3.332627000507234,1.02307761
2021-02-20 00:00:00+00:00,1189479.0,3108941.80655256,12764.20948757,0.13941124,0.07152187,157667240089.36234,1115.18415519,1819235.44465928,3.90364643,9318354170.980612,3.5232265469974795,1.03081094
2021-02-19 00:00:00+00:00,1246505.0,3096177.59706499,11449.536544479995,0.14395499,0.096492535,165226628312.82492,1115.36094073,1820972.52582406,3.96373197,9608940881.114304,3.5277702769280954,1.04068381
2021-02-18 00:00:00+00:00,1138757.0,3084728.06052051,-1295.1179512300005,0.1471633,0.1462218766666666,145974815554.40518,1115.66451545,1820469.5518613,3.72590287,9360850532.354908,3.11971773154112,1.02775504
2021-02-17 00:00:00+00:00,1138584.0,3086023.17847174,9365.93066816,0.14104172,0.140136045,147040325156.9921,1115.83053231,1819962.66215621,3.81365283,9605960427.62328,3.0898989049746084,1.02688537
2021-02-16 00:00:00+00:00,991954.0,3076657.24780358,1218.0125768799917,0.13697151,0.1315853366666666,128926661913.0148,1115.76271254,1821200.93787071,3.6350514,8798694992.379509,2.591743801606441,1.01357718
2021-02-15 00:00:00+00:00,1142376.0,3075439.2352267,-4416.573751819997,0.11495335,0.073030585,161957459593.20868,1115.64166469,1821207.86369877,3.56778021,8461273012.903102,3.1228705536821613,1.02472257
2021-02-14 00:00:00+00:00,1114654.0,3079855.80897852,2726.4468542600007,0.10124531,0.1226415716666666,157695421182.86108,1115.42500783,1820672.75515988,3.66131059,8843788041.584784,3.0511198633846477,1.01069297
2021-02-13 00:00:00+00:00,1220392.0,3077129.36212426,599.9014461100014,0.12826178,0.0987588333333333,167285007606.1432,1115.07000895,1821154.8068402,3.56879926,8238256300.36529,3.265896658032663,1.01459213
2021-02-12 00:00:00+00:00,1149357.0,3076529.46067815,-7223.808785399997,0.18570476,0.1046912816666666,151302363567.3397,1114.53667079,1820669.01990329,3.59666081,8206991149.938179,3.2041048519451474,1.02304934
2021-02-11 00:00:00+00:00,1063768.0,3083753.26946355,2984.854278379993,0.18691944,0.0766812499999999,137450738733.71,1114.4096171,1820188.05602383,3.67907988,8423458268.415104,2.8570016452569575,1.02071816
2021-02-10 00:00:00+00:00,1185265.0,3080768.41518517,7435.983023779991,0.15835877,0.092608385,152367873169.92657,1114.16224783,1819107.00923298,3.46934766,7728157320.048107,3.038094002998175,1.02824187
2021-02-09 00:00:00+00:00,1179907.0,3073332.43216139,-1384.7535551000035,0.18015447,0.1540373066666666,152367873169.92657,1114.13800977,1818716.81119772,3.63820319,7825444914.230133,3.1924096524279433,1.03381275
2021-02-08 00:00:00+00:00,1243518.0,3074717.18571649,2754.474374740006,0.11701015,0.0850015533333333,172612555619.07767,1114.58214459,1816801.18860092,3.71521691,7883527982.154195,2.996149402589413,1.02869131
2021-02-07 00:00:00+00:00,1151235.0,3071962.71134175,-9576.294591590004,0.07992034,0.0849384999999999,166219498003.55627,1114.64366993,1816956.54465015,3.14474203,6689564858.575712,2.6030089677497315,1.01299632
2021-02-06 00:00:00+00:00,1159389.0,3081539.00593334,13675.19132418,0.10638251,0.0744364983333333,169416026811.317,1115.11588954,1817235.38384328,3.1905537,6723976691.440746,2.8187258619636637,1.01462542
2021-02-05 00:00:00+00:00,1256485.0,3067863.81460916,-7895.305062529995,0.11985845,0.0532182066666666,174939225831.10297,1114.70324533,1817224.82638609,3.13243518,6149651703.1055565,2.889123269995705,1.02616484
2021-02-04 00:00:00+00:00,1229557.0,3075759.11967169,7700.424429180013,0.14301842,0.0538535183333333,165622935698.08563,1114.84083972,1818732.28233627,3.0487853,5709707089.182437,2.8187364853583263,1.01850722
2021-02-03 00:00:00+00:00,1189221.0,3068058.69524251,3977.38892908,0.12525484,0.0578339366666666,155271502216.9553,1114.74706189,1818968.3336769,3.12608582,5729399346.201497,2.5297355604679894,1.01308944
2021-02-02 00:00:00+00:00,1211761.0,3064081.30631343,4352.160779309997,0.13450247,0.0551965116666666,158376932261.2944,1114.37755414,1818532.8261546,2.96259492,5467362864.914609,2.493352936362132,1.01480468
2021-02-01 00:00:00+00:00,981062.0,3059729.14553412,-4460.312118910006,0.14654901,0.0317976083333333,123182058425.4512,1113.84011419,1820247.6580761,2.81058655,5099563128.870916,1.9106568738180036,1.00669317
2021-01-31 00:00:00+00:00,1076392.0,3064189.45765303,-11595.317276100002,0.10048563,0.01981743,149060642128.27707,1113.33154509,1818824.26752715,2.78019337,5201665572.388888,2.1821029891938264,1.00976382
2021-01-30 00:00:00+00:00,1085214.0,3075784.77492913,5563.721521890002,0.14007946,0.024532085,140779495343.3728,1113.41653694,1818331.60304534,2.88842811,5221665516.646236,2.2033917017754896,1.00806492
2021-01-29 00:00:00+00:00,1213506.0,3070221.05340724,24436.28857757,0.14983162,0.0642933183333333,157341788913.18137,1113.01979359,1818404.33243576,2.89205941,5296887892.237244,2.5819658801692227,1.0238938
2021-01-28 00:00:00+00:00,1097518.0,3045784.76482967,-2838.854548760006,0.08657985,0.0055455066666666,150095785476.3901,1113.03676889,1818729.19402394,2.84827006,5153000846.211793,2.0799020742624528,1.01317006
2021-01-27 00:00:00+00:00,1102173.0,3048623.61937843,-7354.305707010004,0.08561365,-0.0019127033333333,146990355432.051,1112.83213281,1818260.19111694,2.60245752,4821426400.965962,1.9845335971017113,1.01987074
2021-01-26 00:00:00+00:00,1180058.0,3055977.92508544,-2475.9935361300013,0.07514843,0.0061994183333333,166658079046.19867,1113.96884746,1819798.85183213,2.79682644,4937337243.0248785,2.3062032509338284,1.00271924
2021-01-25 00:00:00+00:00,1118502.0,3058453.91862157,480.34585729001265,0.10319462,0.034876685,144920068735.82492,1113.4445279,1821483.85152359,2.77770231,4938683610.86829,2.1651526394597975,1.00634279
2021-01-24 00:00:00+00:00,999640.0,3057973.57276428,3590.308088050002,0.06213502,0.0148353333333333,143884925387.7119,1113.04997106,1823734.97990903,2.78832465,4829239898.439674,1.9886290097265464,1.0036223
2021-01-23 00:00:00+00:00,1135774.0,3054383.26467623,4322.075608790001,0.072985,0.0077528683333333,161482362305.63348,1112.39610925,1823684.02079976,2.77351,4724810419.270973,2.2715685241979178,1.00561806
2021-01-22 00:00:00+00:00,1098284.0,3050061.18906744,566.2228068900004,0.11509774,0.0043725583333333,144440445159.70203,1111.7440767,1822929.93331807,2.85491451,4876430765.859998,2.123790036506463,1.00229555
2021-01-21 00:00:00+00:00,1071968.0,3049494.96626055,2330.645623920005,0.12972737,0.0195216483333333,132147641316.32314,1111.45179153,1823433.12906828,2.67248367,5138241147.137119,2.032633225241005,1.00149074
2021-01-20 00:00:00+00:00,1092200.0,3047164.32063663,1077.5446020099916,0.09590401,0.0181804833333333,144440445159.70203,1111.05127424,1823964.17413214,3.0747949,5503088456.990473,2.3095335403023594,1.00548166
2021-01-19 00:00:00+00:00,1101158.0,3046086.77603462,2011.0661928200136,0.09481267,0.08658487,152635647721.95462,1110.67249965,1823983.25990463,3.11640072,5830639154.75456,2.564989377217448,1.01317268
2021-01-18 00:00:00+00:00,1082382.0,3044075.7098418,-1258.5979505899886,0.08544239,0.06170103,148538046440.82834,1110.46013529,1822908.10095111,3.19589237,5572804275.653217,2.428575022502861,1.01883472
2021-01-17 00:00:00+00:00,1008700.0,3045334.30779239,2052.9973694500004,0.07387898,0.0164072483333333,136245242597.44943,1110.24758542,1823412.35484911,3.14402931,5372295909.855066,2.1781106048554792,1.01018312
2021-01-16 00:00:00+00:00,1114572.0,3043281.31042294,3758.3528184199968,0.08785569,0.0273554533333333,150586847081.39148,1109.80558263,1824787.82871615,3.1663074,5643653040.80738,2.5370280854222003,1.01227654
2021-01-15 00:00:00+00:00,1204511.0,3039522.95760452,26102.13596407001,0.13188466,0.0763852866666666,158782049643.64407,1109.41971581,1824707.4041881,3.24266958,5786094235.066635,2.8598837858194956,1.01895403
2021-01-14 00:00:00+00:00,1166587.0,3013420.82164045,-6776.768153740006,0.13338784,0.06477331,150586847081.39148,1109.49530437,1823808.39198458,3.47217786,6137499255.74763,2.809784039200097,1.03084801
2021-01-13 00:00:00+00:00,1164134.0,3020197.58979419,2129.5224704400025,0.12569627,0.0427219766666666,155708848682.79935,1109.37762047,1823243.80503611,3.35357644,5751064810.476403,2.6069894740015607,1.01832829
2021-01-12 00:00:00+00:00,1209837.0,3018068.06732375,-4827.906643809998,0.1513149,0.04515491,151611247401.67307,1109.26386427,1822839.72499163,3.07432506,5210185146.064702,2.6365823253767218,1.01777415
2021-01-11 00:00:00+00:00,1206931.0,3022895.97396756,15998.567314759988,0.12254835,0.1165640633333333,157757649323.36252,1109.15503121,1822610.68574687,3.21918733,5600022318.352535,2.6276489509908347,1.01287332
2021-01-10 00:00:00+00:00,1179143.0,3006897.4066528,10997.952400460004,0.08469408,0.084456675,162879650924.7704,1109.57723051,1822825.1656263,3.48599534,6070271845.499189,3.018024992973261,1.0248305
2021-01-09 00:00:00+00:00,1099492.0,2995899.45425234,2949.5184797699985,0.11289695,0.03865812,142391644519.1389,1109.81255763,1823735.33526638,3.70570573,6269390912.946045,2.7865105325437423,1.04590689
2021-01-08 00:00:00+00:00,1235794.0,2992949.93577257,12577.626178819992,0.12774868,0.0955200333333333,136839436243.98816,1110.38648348,1824501.09073342,3.80222066,6070940353.345109,2.9956307992191062,1.05317458
2021-01-07 00:00:00+00:00,1291190.0,2980372.30959375,6180.736078969989,0.10403149,0.069423565,155331251952.63522,1111.19504426,1825378.35528686,3.79639489,6071265989.173087,3.1733719086125403,1.05609994
2021-01-06 00:00:00+00:00,1343930.0,2974191.57351478,-8377.10104590001,0.10408343,0.089656875,163652569021.5264,1112.34860585,1826952.32433369,3.64991436,5626082247.584465,3.0765412459299912,1.04491132
2021-01-05 00:00:00+00:00,1234251.0,2982568.67456068,743.9835012500116,0.10356233,0.0303942816666666,145160753312.87933,1112.77658206,1826897.28127576,3.42996475,5203500821.787388,2.5434126716062844,1.03855678
2021-01-04 00:00:00+00:00,1274847.0,2981824.69105943,14186.206381609998,0.09135222,0.0876734416666666,159954205879.797,1113.01938841,1825557.25353743,3.27353352,4929256852.626506,2.734710939050112,1.04589231
2021-01-03 00:00:00+00:00,1188464.0,2967638.48467782,18109.328081679996,0.08047154,0.08706087,146085344098.3117,1115.06366396,1824724.28946148,3.43222377,5442322587.392475,2.609117847982483,1.04415007
2021-01-02 00:00:00+00:00,1138638.0,2949529.15659614,-32917.2141404,0.07787302,0.034415345,139613208600.28522,1116.08310081,1826471.25956757,3.394538,5281929906.76987,2.296319731316388,1.04639026
2021-01-01 00:00:00+00:00,996196.0,2982446.37073654,-11157.623701830002,0.04993171,0.0110569916666666,137764027029.42053,1118.18331516,1826717.66935004,3.16093718,4941423846.122144,2.0955792328277107,1.04198131
2020-12-31 00:00:00+00:00,1203679.0,2993603.99443837,-10964.109655139997,0.09866569,0.0217029916666666,153482070381.7705,1118.53347501,1826575.43800778,3.14754419,4832767929.525109,2.4381785853110154,1.02456256
2020-12-30 00:00:00+00:00,1215763.0,3004568.10409351,12471.445322,0.08909414,0.0676646383333333,159029615094.36462,1118.62117372,1826407.77539416,3.1652248,4921785465.4326725,2.4436198666809843,1.03742144
2020-12-29 00:00:00+00:00,1150748.0,2992096.65877151,-19501.689465870004,0.10025346,0.0359879333333333,140537799385.7176,1118.50966813,1835672.67202561,3.03067458,4732749708.685783,2.0857126624953293,1.05289145
2020-12-28 00:00:00+00:00,1144976.0,3011598.34823738,4164.419465569998,0.09052882,0.05818081,147934525669.1764,1118.89603376,1835230.84345521,3.04052163,4737397778.038377,2.197321718576049,1.07535018
2020-12-27 00:00:00+00:00,1060073.0,3007433.92877181,17942.617457390006,0.09045615,0.0846899033333333,137358668734.16422,1121.25477965,1872419.12552341,3.02057593,4587547797.168109,2.05059402851369,1.02832204
2020-12-26 00:00:00+00:00,949571.0,2989491.31131442,975.1543075100052,0.07521734,0.04354282,127149578490.40875,1121.59876461,1874840.07206328,3.08026053,4667230708.412772,1.745047946472942,1.01894357
2020-12-25 00:00:00+00:00,1025889.0,2988516.15700691,7363.717681779999,0.09318524,0.0432846416666666,133646272281.88953,1121.4489873,1874308.79290974,2.89510114,4363116669.646623,1.7784655040171455,1.00822276
2020-12-24 00:00:00+00:00,972144.0,2981152.43932513,9141.386692579996,0.11905799,0.015443265,116940488246.65332,1120.87796592,1872594.71833737,2.78647459,4022602643.378542,1.5521893548868744,1.02901706
2020-12-23 00:00:00+00:00,1131843.0,2972011.05263255,-27015.488601239995,0.12938837,0.024597375,142927263412.5763,1120.87155927,1873663.9348693,2.75091224,3834510302.508022,1.9502642713324327,1.03408736
2020-12-22 00:00:00+00:00,1099362.0,2999026.54123379,-20369.473199130007,0.12955767,0.013009215,132718173168.82085,1121.52666938,1872259.95909239,2.84855594,4181022131.997794,1.782858585988799,1.03616663
2020-12-21 00:00:00+00:00,1125450.0,3019396.01443292,-5451.3929137800005,0.14016581,0.0300403383333333,126221479377.34007,1122.93813773,1871358.3978867,2.74793851,3987241751.4255743,1.7285682914433624,1.0181103
2020-12-20 00:00:00+00:00,1078253.0,3024847.4073467,-2107.408577260001,0.07226723,0.050453575,140142966073.37024,1122.89796302,1871766.53323616,2.85120478,4268828720.5846486,1.8098065125290996,1.02900063
2020-12-19 00:00:00+00:00,1165906.0,3026954.81592396,6449.813941059998,0.10832601,0.0342086983333333,146639659864.85098,1123.25190083,1872303.54624796,2.91423973,4341726571.58961,1.9571484466355595,1.01998345
2020-12-18 00:00:00+00:00,1193446.0,3020505.0019829,11518.33751061,0.16611524,0.04819337,145711560751.78232,1123.13612171,1871916.44748493,2.84222388,4102167143.245225,2.0399248219486226,1.0468047
2020-12-17 00:00:00+00:00,1068922.0,3008986.66447229,20452.082878910005,0.16816502,0.0556221583333333,119724785585.85934,1123.97554528,1870282.18116632,2.84802804,3849360893.87004,1.673345964751046,1.04405486
2020-12-16 00:00:00+00:00,1093062.0,2988534.58159338,17151.599068850002,0.08206656,0.01994576,132718173168.82085,1124.5531188,1870677.61254287,2.71138827,4038463848.7735825,1.4874740831865998,1.02285091
2020-12-15 00:00:00+00:00,1047013.0,2971382.98252453,-6975.35825469,0.07412475,0.0115395783333333,129933875829.6148,1125.03006265,1870725.2964404,2.49073185,3745283563.018139,1.395899072522011,1.01187041
2020-12-14 00:00:00+00:00,978888.0,2978358.34077922,5165.3271995199975,0.06135341,0.0209075633333333,134574371394.9582,1124.92825642,1870729.20769376,2.47792144,3691147714.402581,1.4129894379624104,1.00918616
2020-12-13 00:00:00+00:00,943861.0,2973193.0135797,5409.553678850003,0.03869053,0.014193175,144783461638.71362,1124.72162983,1872425.29129212,2.47172084,3574276234.824955,1.4842758437881884,1.03651856
2020-12-12 00:00:00+00:00,963463.0,2967783.45990085,9182.551429599996,0.05777642,0.005868805,125704567124.6474,1125.64448217,1872118.02652554,2.44443351,3489831871.3863487,1.2386328751332614,1.01476842
2020-12-11 00:00:00+00:00,1075108.0,2958600.90847125,19594.15502353,0.07555903,0.0060387433333333,131418411084.85864,1125.79456453,1872075.04089443,2.35021373,3410085473.4712543,1.2819732563500177,1.00869445
2020-12-10 00:00:00+00:00,993043.0,2939006.75344772,5271.68036079999,0.08226608,0.009808735,123799952471.24364,1126.64967353,1872023.01440461,2.38249591,3505139419.6736317,1.24106641599268,1.01455193
2020-12-09 00:00:00+00:00,1058492.0,2933735.07308692,-8159.371776500004,0.07698335,0.0068627983333333,132370718411.56052,1126.61844384,1870928.18020416,2.42874055,3508736866.827836,1.3197675433644942,1.00738142
2020-12-08 00:00:00+00:00,1060856.0,2941894.44486342,-943.0588031200024,0.07425549,0.0075219433333333,137132255045.06989,1126.44937208,1872080.68556484,2.40362933,3511824335.9840555,1.4145675922915613,1.01177473
2020-12-07 00:00:00+00:00,1014443.0,2942837.50366654,7308.055479319999,0.06805487,0.0184671483333333,142846099005.28113,1126.36762321,1871721.49114158,2.52333794,3570478702.411304,1.4858099907261602,1.01244239
2020-12-06 00:00:00+00:00,911087.0,2935529.44818722,-4421.916088410002,0.05388031,0.0120935216666666,129513796431.4549,1126.27881652,1871316.42894773,2.55655404,3547228021.3023663,1.324487381258956,1.00718338
2020-12-05 00:00:00+00:00,1074615.0,2939951.36427563,2883.43426604,0.07182778,0.0083400916666666,137132255045.06989,1125.75450915,1871253.77762653,2.53084098,3456726734.42911,1.4161772966356492,1.00561838
2020-12-04 00:00:00+00:00,1073953.0,2937067.93000959,-16924.931020400007,0.10782806,0.0084382283333333,137132255045.06989,1125.18244582,1871079.37966697,2.4669685,3389211447.7643533,1.4858546762903324,1.01230605
2020-12-03 00:00:00+00:00,1169707.0,2953992.86102999,1530.181901279997,0.12935598,0.01681869,149512250292.19424,1125.1311428,1871696.17292922,2.57914945,3495013772.0084677,1.6776447635945837,1.01953825
2020-12-02 00:00:00+00:00,1018310.0,2952462.67912871,-736.8895946400007,0.13834542,0.0128860716666666,124752259797.94553,1125.28024338,1870931.92786804,2.55995282,3349603211.9715595,1.3927253937641424,1.02161887
2020-12-01 00:00:00+00:00,1170494.0,2953199.56872335,11750.04703381,0.13266436,0.0460594966666666,144750713658.68488,1125.35155669,1870480.7039066,2.51550825,3272989847.0219517,1.631394253539309,1.01936643
2020-11-30 00:00:00+00:00,889644.0,2941449.52168954,4173.650906299998,0.09288571,0.0290257083333333,107610727917.31178,1125.73310785,1869790.68253618,2.65243189,3556079349.3178983,1.1379822537715345,1.02254339
2020-11-29 00:00:00+00:00,884136.0,2937275.87078324,-3362.5470180300035,0.04078917,0.0126387733333333,142846099005.28113,1126.16607948,1870583.24364107,2.46716457,3169481617.371529,1.3561364489909031,1.01067333
2020-11-28 00:00:00+00:00,1043286.0,2940638.41780127,-3073.5241813900066,0.0557433,0.008607005,134710225694.6982,1125.71489787,1870500.06414449,2.40912155,3050292656.3870945,1.3657169505926667,1.00781555
2020-11-27 00:00:00+00:00,1098305.0,2943711.94198266,9263.186909100012,0.08045643,0.0122830666666666,134710225694.6982,1125.10494082,1870007.86061984,2.3346153,2942717035.58961,1.3899848785860078,1.0092875
2020-11-26 00:00:00+00:00,1119870.0,2934448.75507356,12152.675363260016,0.09971212,0.020885325,131211258793.53722,1125.41269587,1868965.54213787,2.34299561,2914786686.7018657,1.4088642373511164,1.00907722
2020-11-25 00:00:00+00:00,1129786.0,2922296.0797103,3788.1995434299897,0.09239758,0.038248385,135584967419.98846,1126.7686963,1867824.56907935,2.55805629,3812425211.944794,1.5821291812142206,1.01136168
2020-11-24 00:00:00+00:00,1057101.0,2918507.88016687,8349.365448730008,0.09215385,0.055694915,118964874639.47375,1126.60150929,1866924.62012399,2.62852231,3883733293.375995,1.3756087036881195,1.02275278
2020-11-23 00:00:00+00:00,1002388.0,2910158.51471814,2811.9800477300014,0.05797815,0.06605133,128587033617.66647,1127.06862087,1867786.7082133,2.53777024,3969564342.330984,1.405420795064563,1.01079886
2020-11-22 00:00:00+00:00,866490.0,2907346.53467041,676.2277984800021,0.02860552,0.0589566666666666,152205060200.50317,1126.76242001,1867812.54397652,2.55048101,3848816342.905845,1.614940501102947,1.00741017
2020-11-21 00:00:00+00:00,1018157.0,2906670.30687193,8653.647917729999,0.04252002,0.0281626566666666,147831351574.05194,1126.37489712,1867661.5852531,2.59442633,3850986296.165168,1.612371752765592,1.01820161
2020-11-20 00:00:00+00:00,1182436.0,2898016.6589542,-3412.1618369500065,0.06778523,0.02409035,146956609848.7617,1126.49948922,1866716.79971919,2.60445269,3801017699.879092,1.6146063115488156,1.03018393
2020-11-19 00:00:00+00:00,1058696.0,2901428.82079115,-10458.487460090008,0.09941295,0.01838767,119839616364.764,1127.28971663,1866992.54032372,2.51184808,3495527217.769372,1.32810086680936,1.00995659
2020-11-18 00:00:00+00:00,1187950.0,2911887.30825124,19879.959784820006,0.08461708,0.01490962,147831351574.05194,1127.1354458,1867651.36604465,2.51333217,3344679388.0961924,1.6165732140033588,1.02610561
2020-11-17 00:00:00+00:00,1134744.0,2892007.34846642,5585.402254090004,0.08447661,0.01413172,137334450870.56895,1127.76010311,1865877.50141571,2.52487978,3375647905.01453,1.4368790616419385,1.0159327
2020-11-16 00:00:00+00:00,1036970.0,2886421.94621233,-10114.70284436,0.07702904,0.0152743483333333,139958676046.4397,1127.95615317,1865808.47894142,2.40436016,3315418854.161026,1.394077107676254,1.00635641
2020-11-15 00:00:00+00:00,859876.0,2896536.64905669,-3809.506723819999,0.04330229,0.007474795,125178757633.88266,1127.67808355,1865852.59413116,2.29744994,3048419546.84505,1.2312012216239048,1.00539376
2020-11-14 00:00:00+00:00,916250.0,2900346.15578051,7795.442327560002,0.06248902,0.0037180366666666,118502557226.74223,1127.11233577,1865565.2035358,2.31847359,3044571621.720805,1.1922597780743671,1.00714254
2020-11-13 00:00:00+00:00,1001908.0,2892550.71345295,-2918.0192872100015,0.10375002,0.0110440983333333,115998982074.0646,1126.77543681,1865651.72592695,2.36060064,3163793011.949382,1.2390287109577525,1.01688526
2020-11-12 00:00:00+00:00,1050344.0,2895468.73274016,-5399.215139460008,0.09325856,0.0134743866666666,133524008142.80817,1126.76432895,1865557.91192231,2.36521271,3194021177.7119665,1.3816111211719242,1.0159403
2020-11-11 00:00:00+00:00,1016056.0,2900867.94787962,-2853.856867790004,0.10474987,0.0154495633333333,122675182481.205,1126.85090028,1864993.29699708,2.28755166,3018971870.283782,1.2578924710000592,1.01099959
2020-11-10 00:00:00+00:00,1023184.0,2903721.80474741,-11078.28317466,0.14422425,0.0071926533333333,122675182481.205,1126.70522932,1864930.76052861,2.23374067,2756150491.151703,1.2921487329031245,1.00915041
2020-11-09 00:00:00+00:00,1201534.0,2914800.08792207,-768.8514151100098,0.10948673,0.0169320783333333,154387134415.12195,1126.32907971,1864804.26917338,2.24676546,2760900977.821399,1.567818418013844,1.01045342
2020-11-08 00:00:00+00:00,926627.0,2915568.93933718,-2353.5012971499964,0.09986595,0.019858145,115164457023.17204,1126.16402634,1865176.74632239,2.27482416,2793248326.8285065,1.1424824916054226,1.02222725
2020-11-07 00:00:00+00:00,1053464.0,2917922.44063433,1694.439862170002,0.12907314,0.0329058816666666,121840657430.31244,1126.08885145,1866060.36680366,2.18910838,2616293417.9744153,1.263123120717518,1.00742554
2020-11-06 00:00:00+00:00,1084929.0,2916228.00077216,2085.237050539989,0.20058308,0.039113245,127682332786.56032,1125.82365772,1866626.89564467,2.30443486,2892966730.150141,1.4637595927753342,1.01406863
2020-11-05 00:00:00+00:00,1069913.0,2914142.76372162,11971.24437120001,0.22086638,0.02038028,122675182481.205,1125.93298483,1867901.69735538,2.31659606,2875544704.591467,1.366654583178524,1.02062479
2020-11-04 00:00:00+00:00,1169317.0,2902171.51935042,-8572.614194349997,0.17103397,0.012499335,132689483091.91562,1126.6157553,1865246.84489794,2.1188562,2799175659.496742,1.3106050432501604,1.01295238
2020-11-03 00:00:00+00:00,1033213.0,2910744.13354477,-15531.847376250009,0.24848193,0.01263332,116833507124.95715,1126.39781305,1865244.42747452,2.10474436,2765736239.5497255,1.2466066779122846,1.04165205
2020-11-02 00:00:00+00:00,778653.0,2926275.98092102,-21397.258138610006,0.26078653,0.0078725483333333,94436931595.03032,1134.64976426,1864385.44803472,2.05909007,2692488055.9416394,0.8580732255306378,1.00940093
2020-11-01 00:00:00+00:00,891916.0,2947673.23905963,1803.62940677,0.18542819,0.0124283433333333,124259120519.77672,1134.91935794,1864113.91779968,2.09806433,2799826988.626862,1.037246546716755,1.00823216
2020-10-31 00:00:00+00:00,882394.0,2945869.60965286,8319.492947959996,0.27212333,0.0114680116666666,112330244949.87816,1134.54633843,1862111.56302319,2.10727868,2831588761.2199526,1.0479126629159587,1.0088729
2020-10-30 00:00:00+00:00,897889.0,2937550.1167049,-4975.077962280004,0.27439366,-0.0016215316666666,110342099021.56174,1134.01803448,1862710.75526013,2.07762044,2671475963.820237,1.0070421692573055,1.0052113
2020-10-29 00:00:00+00:00,890326.0,2942525.19466718,3657.479907910005,0.27748119,-0.0035907883333333,107359880129.0871,1133.4994122,1862965.5351281,2.06125042,2683697745.579041,0.9777011958787456,1.00821136
2020-10-28 00:00:00+00:00,818954.0,2938867.71475927,-811.73241538,0.26614092,0.001097415,99407296415.8214,1133.33931356,1863345.77168105,2.0396921,2529147990.420475,0.8961616649256382,1.00794174
2020-10-27 00:00:00+00:00,827578.0,2939679.44717465,-2818.4836016000045,0.2370391,0.0045722833333333,98413223451.66318,1133.17157718,1864141.0860897,2.1021955,2777045600.7776165,0.8512611316070882,1.01122502
2020-10-26 00:00:00+00:00,824534.0,2942497.93077625,35939.74972466999,0.13932413,0.0064086266666666,109348026057.40352,1132.96879761,1864531.12498759,2.01922565,2646337760.8691707,0.8166379626262494,1.00358652
2020-10-25 00:00:00+00:00,853445.0,2906558.18105158,-887.2165225999997,0.08193785,0.00504379,116306536806.51105,1132.34711934,1865383.83457381,2.01816267,2614564926.4376626,0.8124424195966264,1.00618973
2020-10-24 00:00:00+00:00,1097115.0,2907445.39757418,-296.78637965000235,0.08990077,0.0086469716666666,151099090552.04852,1131.78761605,1864995.46310749,2.03401868,2717019602.4804206,1.0606705127987996,1.00989645
2020-10-23 00:00:00+00:00,986600.0,2907742.18395383,-4792.328628760006,0.14958756,0.0108200633333333,130223558304.726,1131.60386891,1864881.87565711,2.00855431,2599546768.2274065,0.9713843251376326,1.0171468
2020-10-22 00:00:00+00:00,1048148.0,2912534.51258259,843.0214274900063,0.16318758,0.0076387516666666,136187996089.67532,1133.71024321,1864855.43018005,2.02526459,2557168595.612183,1.0314949854105264,1.01343387
2020-10-21 00:00:00+00:00,1010645.0,2911691.4911551,6133.443435189998,0.12553835,0.0076195483333333,129229485340.5678,1134.59972803,1865663.79377451,2.0112562,2462627086.3168674,0.9013878274370574,1.00884492
2020-10-20 00:00:00+00:00,1012552.0,2904821.12579696,1498.9875783699972,0.07856956,0.00351691,143146506838.7828,1134.26222765,1864210.3587944,1.87885327,2446772886.7894616,0.9000421956541982,1.00438191
2020-10-19 00:00:00+00:00,932636.0,2904059.06014154,-5744.5511995199995,0.06079286,0.0063684133333333,124259120519.77672,1133.82737936,1864177.72507724,1.85680595,2368983070.9645834,0.7499476866455277,1.00823747
2020-10-18 00:00:00+00:00,730447.0,2909803.61134106,-1528.811816309997,0.04634869,0.0025952416666666,119288755698.98569,1134.51666392,1864748.90224646,1.82349799,2186796742.9313073,0.6985585072099718,1.00153485
2020-10-17 00:00:00+00:00,847038.0,2911332.42315737,-9039.472953259996,0.03485296,-0.003565735,156069455372.83957,1133.75775312,1864775.86174745,1.80114791,2136079232.872821,0.8957164938153629,1.00099179
2020-10-16 00:00:00+00:00,988351.0,2920371.89611063,-17469.207720809994,0.06210179,-0.0047981116666666,148693533191.6083,1132.95936893,1864580.06440029,1.79517724,2148666396.0099874,0.9103779097297656,1.0016971
2020-10-15 00:00:00+00:00,1040537.0,2937841.10383144,-17057.999062870003,0.07659093,-0.00090523,144856280722.14746,1132.28580261,1866234.89685087,1.82551568,2188020214.1123304,0.904385555921256,1.00383358
2020-10-14 00:00:00+00:00,938247.0,2954899.10289431,-9242.498542210007,0.07273649,-0.0007716916666666,142937654487.41702,1131.85657151,1866114.76583183,1.81421709,2165364087.6305532,0.8870051883937891,1.00388499
2020-10-13 00:00:00+00:00,1058044.0,2964141.60143652,-1610.8542838199935,0.06663907,0.002329525,159245977482.62567,1131.61294754,1866020.43918481,1.81511017,2204685421.184209,0.9843900726516804,1.00356872
2020-10-12 00:00:00+00:00,940767.0,2965752.45572034,2144.748662030004,0.07439337,0.0032967883333333,142937654487.41702,1130.91662743,1865659.9903365,1.83565353,2231472108.4859676,0.8914894102895309,1.00527159
2020-10-11 00:00:00+00:00,794428.0,2963607.70705831,-2154.033065580006,0.05531023,0.0083366866666666,134303836431.1301,1130.58147843,1866127.53418634,1.80998761,2246910136.6638536,0.8133698642853459,1.00208651
2020-10-10 00:00:00+00:00,914134.0,2965761.74012389,4153.201179489995,0.07822804,0.0121134833333333,137181775783.22574,1129.97066188,1866890.00802861,1.79997646,2237244131.658562,0.8489839862808723,1.00402564
2020-10-09 00:00:00+00:00,1007260.0,2961608.5389444,4204.180140480006,0.11097437,0.00764966,136222462665.86052,1129.24423046,1866984.05712017,1.7623652,2260215994.1955266,0.8459901820438115,1.00456634
2020-10-08 00:00:00+00:00,1039059.0,2957404.35880392,4167.392938060002,0.09244888,0.0034815683333333,155408725013.16483,1128.83601282,1867016.36080028,1.74442659,2184116746.9990916,0.9211944707328896,1.00361444
2020-10-07 00:00:00+00:00,1065078.0,2953236.96586586,-13816.580261779993,0.1053852,-0.0029969016666666,144856280722.14746,1128.37153609,1867631.79651518,1.70427109,2099055290.8143084,0.862834473520096,1.00223855
2020-10-06 00:00:00+00:00,978442.0,2967053.54612764,5782.644006190007,0.12239145,0.0028450466666666,124710705257.47794,1128.11331055,1866765.23798756,1.69408881,2105457004.7109523,0.7627423848827802,1.00108715
2020-10-05 00:00:00+00:00,945311.0,2961270.90212145,-5642.248372300004,0.10098056,0.0009864049999999,134303836431.1301,1127.48535883,1866725.55080848,1.72623691,2129217097.7009048,0.8006229975566946,1.00231346
2020-10-04 00:00:00+00:00,917215.0,2966913.15049375,2803.8727350400004,0.05351301,-0.0028934766666666,151571472543.70395,1126.84219794,1866431.97362778,1.70798105,2040417393.7997143,0.8492510250298935,1.00096462
2020-10-03 00:00:00+00:00,1013419.0,2964109.27775871,-221.91887300999952,0.07079777,-0.0042791533333333,144980653425.34848,1126.11954344,1866257.11211813,1.68617419,2012087078.3527632,0.8213877589789128,1.00034343
2020-10-02 00:00:00+00:00,988351.0,2964331.19663172,-24494.414514269985,0.12597497,-0.001015685,130578601760.57878,1125.32819859,1865679.36189936,1.69267821,2006107548.6194727,0.7846084842222998,1.00038709
2020-10-01 00:00:00+00:00,931042.0,2988825.61114599,3082.685613109992,0.11633776,0.0033667533333333,119056960428.763,1124.90826667,1865092.5785112,1.69946758,2025544255.7669468,0.7205401805573506,1.00055697
2020-09-30 00:00:00+00:00,1118934.0,2985742.92553288,-114.48408429999836,0.08879863,0.005065025,149781337313.60507,1124.28389027,1865114.33345726,1.72640198,2091903510.4099643,0.8787315681566799,1.0011322
2020-09-29 00:00:00+00:00,1004386.0,2985857.40961718,-15564.268610890009,0.08605348,0.00460947,135379285648.83534,1124.02634712,1864874.68123367,1.7373585,2066867124.7992864,0.7903458508102561,1.00559925
2020-09-28 00:00:00+00:00,872095.0,3001433.03739716,6059.31314838001,0.0657365,0.0078046466666666,123857644317.01958,1124.13464476,1866515.00022102,1.71483806,2025073882.4783008,0.7164318152596488,1.00241194
2020-09-27 00:00:00+00:00,786826.0,2995362.36507969,848.0580153299998,0.03805764,0.0030596183333333,145940790202.99982,1123.49612532,1866926.78091879,1.72711704,2075720029.0359569,0.8068598711261162,1.00085914
2020-09-26 00:00:00+00:00,951447.0,2994514.30706436,-2668.5112028500007,0.04246096,0.0029346983333333,144020516647.69717,1122.90459004,1866726.09107139,1.72106922,2078664006.5275855,0.7989976911763046,1.00152351
2020-09-25 00:00:00+00:00,1148110.0,2997182.81826721,-4476.709809890002,0.06807784,0.0041854866666666,162263115423.07214,1122.31064256,1866799.03386866,1.71632402,2047152506.1921337,0.9202704417104588,1.0024898
2020-09-24 00:00:00+00:00,945654.0,3001659.5280771,-3644.584173660012,0.08788754,-9.86316666666e-05,131538738538.23009,1121.95142228,1866383.81364418,1.72393749,2023175263.2998948,0.7452047067495629,0.99891457
2020-09-23 00:00:00+00:00,1016914.0,3005304.11225076,-8192.886326029999,0.09771738,-0.0060641783333333,136339422426.48666,1121.79289515,1866398.72007784,1.64546041,2034831550.4873028,0.7780081210815336,0.999233
2020-09-22 00:00:00+00:00,970779.0,3013496.99857679,-782.1896728499996,0.08424649,-0.0032203,123857644317.01958,1121.20293497,1866316.67391243,1.69115119,2030168606.437531,0.6984751877153881,1.00312559
2020-09-21 00:00:00+00:00,945411.0,3014279.18824964,2942.9634532100026,0.06336385,0.0028285666666666,139219832759.4406,1120.78733013,1865903.01297974,1.67372916,2042572080.8757083,0.783650051933666,0.99905407
2020-09-20 00:00:00+00:00,806738.0,3011336.22479643,4503.906774449995,0.03586038,-0.0012758366666666,136339422426.48666,1120.20676688,1866242.34316003,1.75298339,2111956780.7362263,0.7586215338785344,1.00129439
2020-09-19 00:00:00+00:00,901626.0,3006832.31802198,-984.8763839500024,0.04858123,0.0013247733333333,128478859961.22716,1119.76648762,1866387.20266525,1.77926909,2183167146.447426,0.8121778803632465,1.00326353
2020-09-18 00:00:00+00:00,972241.0,3007817.19440593,-14583.5514653,0.06306251,0.0041409383333333,142275247608.07034,1119.39351783,1866484.78128969,1.76063436,2147418691.678724,0.9046639119788014,1.00210491
2020-09-17 00:00:00+00:00,1108605.0,3022400.74587123,-5422.516071179998,0.05995458,0.0068999,153484812571.13043,1119.06663929,1867045.96584449,1.76013688,2119708788.3606472,0.9679487487217978,1.0012985
2020-09-16 00:00:00+00:00,1068302.0,3027823.26194241,7725.280310959992,0.07422723,0.0007119483333333,133652505328.79337,1118.63796746,1868405.31815862,1.76570834,2159603521.123898,0.8541485526746149,1.00418661
2020-09-15 00:00:00+00:00,969283.0,3020097.98163145,326.4930464299978,0.07331167,-0.0018944483333333,134514779556.72104,1118.5208791,1867049.55345469,1.73828642,2024741634.0252817,0.8480724433752457,1.00309748
2020-09-14 00:00:00+00:00,1023205.0,3019771.48858502,-1282.629680189988,0.06420578,-0.0086035033333333,151760264115.27502,1117.9832842,1866373.06117991,1.72209138,2047806203.0903544,0.9223250754461252,1.00135879
2020-09-13 00:00:00+00:00,791795.0,3021054.11826521,-3323.8807094799995,0.04623421,-0.000920305,139688424924.28723,1117.39479642,1866009.83813916,1.66686724,1971757495.2530649,0.8233206860801789,1.00023236
2020-09-12 00:00:00+00:00,900122.0,3024377.99897469,-1492.4036437200048,0.05186056,0.00033077,146586618747.70883,1116.64464051,1866420.23345203,1.68653398,1936832152.635212,0.8652031015993225,0.99958486
2020-09-11 00:00:00+00:00,961917.0,3025870.40261841,-1079.799408949999,0.09937389,3.70516666666e-05,118993843454.02246,1116.02881623,1866142.08343619,1.67848676,1921684062.606872,0.7328278976954433,0.99936961
2020-09-10 00:00:00+00:00,1097739.0,3026950.20202736,-11364.507305969992,0.10054714,-0.00172338,136239328012.57645,1115.55050249,1866655.51376171,1.66770961,1924504245.092065,0.841401795151796,1.00031062
2020-09-09 00:00:00+00:00,965169.0,3038314.70933333,-5260.2932261800015,0.08740866,0.0013870133333333,128478859961.22716,1115.04955622,1866663.80119629,1.64990001,1886131217.2464173,0.7683987632109042,0.99937197
2020-09-08 00:00:00+00:00,980359.0,3043575.00255951,377.9027048200078,0.07984509,0.0017476933333333,133652505328.79337,1114.55353817,1866806.77578639,1.63529803,1908318613.379132,0.7875424992269178,0.99873512
2020-09-07 00:00:00+00:00,1088285.0,3043197.09985469,-6871.297148600002,0.08124361,0.0054951266666666,150897989887.34732,1113.9014418,1866487.99888237,1.67246422,1889898038.8643029,0.889704396797886,0.997756
2020-09-06 00:00:00+00:00,992020.0,3050068.39700329,-1874.6762164999964,0.07015926,0.003990595,130921885189.99884,1113.28368645,1866254.50148701,1.65330931,1858233934.8230753,0.7560033227970622,0.99932064
2020-09-05 00:00:00+00:00,980206.0,3051943.07321979,8257.378081140007,0.11975316,0.0067442733333333,123066572078.5989,1112.69058046,1866383.81889596,1.63887495,1820539377.8437035,0.7529431258344813,0.99758207
2020-09-04 00:00:00+00:00,1008089.0,3043685.69513865,9778.49140588002,0.15558583,-0.0045371616666666,117829696670.99896,1112.12911268,1865231.83983806,1.68789936,1866277935.3897512,0.7592739275825646,0.99768855
2020-09-03 00:00:00+00:00,980459.0,3033907.20373277,-335.4813796800008,0.14280317,0.0075915733333333,112592821263.399,1112.00087076,1865289.19787338,1.63534859,2043786734.492652,0.7562231777503858,0.99971615
2020-09-02 00:00:00+00:00,1027536.0,3034242.68511245,-9658.120830610002,0.12410852,0.0230161533333333,125685009782.39888,1111.8066585,1865512.18989227,1.83557105,2478505786.4913635,0.8666309596074583,1.00167
2020-09-01 00:00:00+00:00,1082543.0,3043900.80594306,987.8825885800034,0.11570322,0.0251509783333333,134413135461.73216,1111.46906604,1865362.61298155,1.9208133,2578123690.0981636,0.9396496393379812,1.00767315
2020-08-31 00:00:00+00:00,924454.0,3042912.92335448,-6403.8634630000015,0.08895478,0.015233655,130921885189.99884,1111.55835196,1865625.79556174,1.88329226,2483116021.281352,0.8722051558514506,1.00525424
2020-08-30 00:00:00+00:00,829980.0,3049316.78681748,6234.154900219997,0.07472747,0.0131881483333333,110847196127.53236,1111.24468879,1865987.31220432,1.89505253,2452127724.179145,0.7223748926835688,1.00368342
2020-08-29 00:00:00+00:00,974900.0,3043082.63191726,1129.5964946599995,0.06730956,0.0073564799999999,127430634918.26552,1110.57372103,1865614.25622846,1.85725988,2380734330.9893236,0.8124299711479426,1.00095563
2020-08-28 00:00:00+00:00,1080168.0,3041953.0354226,-1839.4499436299957,0.09209212,0.0077401216666666,142268448573.13208,1109.88200071,1865363.96308738,1.8677498,2392978738.396982,0.925033826233703,1.00478332
2020-08-27 00:00:00+00:00,954574.0,3043792.48536623,2294.872815249997,0.13227129,0.01139479,112592821263.399,1109.67633135,1867143.34343696,1.83676704,2422744772.367052,0.7613181857967282,1.00211763
2020-08-26 00:00:00+00:00,1032473.0,3041497.61255098,-781.269750099993,0.10891086,0.0064265699999999,123939384646.53224,1109.04773577,1867442.35047345,1.85822689,2382311060.817431,0.8173220066185002,1.0026116
2020-08-25 00:00:00+00:00,953519.0,3042278.88230108,-11954.274057989998,0.10113602,0.0130706783333333,111720008695.46568,1108.71191851,1867355.48711473,1.83601353,2531834223.84939,0.7370473130693873,1.00312402
2020-08-24 00:00:00+00:00,933412.0,3054233.15635907,-24.365330679996987,0.07770139,0.0105056516666666,130049072622.06552,1108.27100324,1867653.77273246,1.90710731,2458243367.023818,0.8498777762324943,1.00540855
2020-08-23 00:00:00+00:00,914516.0,3054257.52168975,-2126.1102888000023,0.05681344,0.0105126983333333,132269332313.07391,1107.67114248,1867631.52938226,1.89262913,2394310679.28782,0.8675672647871541,1.00211572
2020-08-22 00:00:00+00:00,955075.0,3056383.63197855,88.47168976000103,0.0991058,0.011062365,114577256016.42072,1106.93863592,1867322.98913163,1.8961113,2391137030.621226,0.7823040220533864,1.0017377
2020-08-21 00:00:00+00:00,1090646.0,3056295.16028879,-4655.14562137,0.12319089,0.010737535,130584372665.7736,1106.19405581,1867276.75755013,1.87377897,2480181595.8497615,0.927361090859004,1.00834636
2020-08-20 00:00:00+00:00,997645.0,3060950.30591016,-1319.123682400008,0.1252433,0.0108798133333333,123002054252.92224,1106.0623457,1867906.18028963,1.93227925,2453946124.403603,0.877709570177734,1.00487849
2020-08-19 00:00:00+00:00,979273.0,3062269.42959256,-10204.484107829994,0.14610911,0.015684145,116262215663.72102,1105.55578777,1868490.79522302,1.91694497,2464464702.6643353,0.851136785993307,1.00208589
2020-08-18 00:00:00+00:00,1017003.0,3072473.91370039,-286.9548229899956,0.1530568,0.0420733716666666,117947175311.02132,1105.01452618,1868285.94330437,1.94827888,2594575736.8800106,0.8964498210588331,1.00582082
2020-08-17 00:00:00+00:00,882281.0,3072760.86852338,-17049.39879418,0.0946841,0.0419749616666666,105309977956.26904,1104.40730624,1868447.20380978,2.00758726,2642186898.1730075,0.7378406303896006,1.01028273
2020-08-16 00:00:00+00:00,886146.0,3089810.26731756,-475.26025422000384,0.05983592,0.0271649616666666,128056933194.82317,1104.45509427,1868411.29276789,1.95135881,2499231783.312755,0.8494763574337854,1.00376302
2020-08-15 00:00:00+00:00,975743.0,3090285.52757178,-4996.12504934,0.06476118,0.02419608,131426852489.42377,1103.82442658,1868333.85734172,1.94269581,2467539844.808439,0.8773629901989073,1.00562616
2020-08-14 00:00:00+00:00,1089027.0,3095281.65262112,-3493.1690992700023,0.0926303,0.0256427583333333,140694130549.57544,1103.21993372,1868593.66793558,1.93078104,2403867696.8184805,0.9581686922423855,1.01162537
2020-08-13 00:00:00+00:00,946687.0,3098774.82172039,2150.9603891399893,0.10611252,0.0113189683333333,123844534076.5724,1102.83972951,1868279.13698921,1.93806124,2362480857.3499074,0.8409160546738071,1.01150268
2020-08-12 00:00:00+00:00,1057502.0,3096623.86133125,-4367.588988040006,0.11302067,0.0080753916666666,132269332313.07391,1102.26833697,1868797.28141055,1.90254405,2351409161.4284725,0.8942706469225262,1.01023086
2020-08-11 00:00:00+00:00,1086945.0,3100991.45031929,1563.2681233699986,0.13613913,0.016256775,129741892842.12346,1102.01450628,1868656.82405098,1.87485378,2436359523.1222095,0.9154966731633918,1.01651034
2020-08-10 00:00:00+00:00,972715.0,3099428.18219592,-350.1921069499949,0.13502774,0.0245121883333333,115419735840.07086,1102.00148775,1868578.35401676,1.96271992,2450994184.8943405,0.8260874451702985,1.01379036
2020-08-09 00:00:00+00:00,905680.0,3099778.37430287,-905.3354766300037,0.06039376,0.0129460533333333,130649505528.666,1101.39647949,1867730.02252554,1.92943722,2378943516.9755244,0.8516859182520736,1.01699234
2020-08-08 00:00:00+00:00,950898.0,3100683.7097795,2873.789411830003,0.08168629,0.0068793233333333,118924549904.29852,1100.88276309,1867525.86173496,1.94669032,2319486598.819687,0.7912625122430464,1.02350643
2020-08-07 00:00:00+00:00,1051827.0,3097809.92036767,-7806.770676200002,0.12620305,0.0096386216666666,127299518207.41814,1100.32313567,1868041.26521942,1.92283109,2361147769.627642,0.8897965016243365,1.0282739
2020-08-06 00:00:00+00:00,1126579.0,3105616.69104387,5724.410879129995,0.16753506,0.0130632033333333,130649505528.666,1100.22012544,1867821.91526716,1.95621408,2441019037.4526415,0.9599222780962278,1.03468075
2020-08-05 00:00:00+00:00,955270.0,3099892.28016474,-9272.326870920006,0.14449204,0.011972095,108037091110.24304,1100.0803585,1866985.97325893,1.96171773,2358437116.4183702,0.7521421621849743,1.02331988
2020-08-04 00:00:00+00:00,995799.0,3109164.60703566,-3086.6179796500073,0.10947085,0.0140080049999999,121437040395.2344,1099.84019807,1866610.32282062,1.87299374,2216009203.078281,0.795243587418902,1.00883901
2020-08-03 00:00:00+00:00,1080032.0,3112251.22501531,-5723.523989780006,0.11391214,0.0189618416666666,135674486510.53777,1099.38741974,1866733.67888734,1.88039532,2221483489.7289205,0.8914846721480665,1.03086188
2020-08-02 00:00:00+00:00,952145.0,3117974.74900509,4296.82856419,0.1079472,0.0265459883333333,118087053073.98656,1099.39435618,1867146.58096366,1.86029682,2200750623.098319,0.7734483600141362,1.01095116
2020-08-01 00:00:00+00:00,958510.0,3113677.9204409,4826.402592269995,0.13026531,0.041092965,114737065752.73872,1098.93120718,1867407.86330467,1.98655005,2654884254.10924,0.7875964660003305,1.0175517
2020-07-31 00:00:00+00:00,1061455.0,3108851.51784863,-6108.107176759993,0.15218367,0.0320329616666666,128137015037.7301,1098.36482628,1867822.11585772,1.91247848,2524595917.266585,0.8708429603467088,1.01757895
2020-07-30 00:00:00+00:00,968143.0,3114959.62502539,-3840.802230360001,0.17579089,0.0483209199999999,113062072092.1148,1098.22455516,1867330.92730354,1.87599313,2434131162.428855,0.7785076699938791,1.01489695
2020-07-29 00:00:00+00:00,1044217.0,3118800.42725575,2149.975379820011,0.15881587,0.046293215,123949530886.17027,1097.92381786,1867665.09640438,1.87860331,2416477124.97207,0.8377765776762692,1.01758151
2020-07-28 00:00:00+00:00,1055938.0,3116650.45187593,13575.568093519993,0.17148265,0.0651276683333333,121437040395.2344,1097.53916066,1867319.9005737,1.85163945,2313455712.0887227,0.8257632334319769,1.02902057
2020-07-27 00:00:00+00:00,1021510.0,3103074.88378241,16366.005524880004,0.11509571,0.048304885,124787027716.48224,1097.86142718,1867725.59518178,1.87843243,2366639187.087964,0.7512408893359827,1.02849535
2020-07-26 00:00:00+00:00,997871.0,3086708.87825753,8273.435491749995,0.07188812,0.0317162233333333,136238943678.65784,1097.74530055,1868088.91304947,1.69613999,2367750011.0380473,0.7151460962418797,1.0107006
2020-07-25 00:00:00+00:00,973436.0,3078435.44276578,2359.6654576799992,0.09118837,0.01073565,122442594951.70515,1097.12952044,1867859.96191894,1.65807585,2510510764.6923723,0.641302003073072,1.00666515
2020-07-24 00:00:00+00:00,1081597.0,3076075.7773081,1414.0448805699998,0.11000976,0.0082579666666666,138825759064.9615,1096.45468276,1867389.71503329,1.63234309,2386552950.3106966,0.7369069613711156,1.00553888
2020-07-23 00:00:00+00:00,983791.0,3074661.73242753,-944.1470795399946,0.13706194,0.0112426983333333,117268964179.0979,1095.84292059,1866519.64771049,1.64259907,2457367364.7027917,0.6399745960923996,1.00855083
2020-07-22 00:00:00+00:00,1019890.0,3075605.87950707,12745.336686809998,0.13733183,0.0077881866666666,124167138542.57423,1095.34959314,1865973.45086364,1.63219166,2449107932.7908597,0.6642282462937789,1.00667258
2020-07-21 00:00:00+00:00,923970.0,3062860.54282026,-5630.167767460007,0.11576641,0.0069887133333333,107783974429.31792,1095.01903553,1865903.19593488,1.60788325,2435766512.585166,0.5568723523601118,1.00391245
2020-07-20 00:00:00+00:00,939138.0,3068490.71058772,-272.91670635999617,0.08187686,0.0102438483333333,121580323156.2706,1094.5320392,1865623.59054721,1.56848314,2236903517.0867615,0.5967429751238812,1.00085221
2020-07-19 00:00:00+00:00,874309.0,3068763.62729408,1440.751168679999,0.05315956,0.0078088483333333,112957605201.9252,1093.7608643,1865874.33239302,1.57935472,2283986139.5236683,0.5351086838737721,1.00345923
2020-07-18 00:00:00+00:00,890801.0,3067322.8761254,798.5145818899982,0.08585908,0.0041247266666666,112095333406.49065,1093.04295031,1866125.78100969,1.57250675,2258205534.7181377,0.5488239157741971,1.00126563
2020-07-17 00:00:00+00:00,854373.0,3066524.36154351,-5728.876742829998,0.09487631,0.0072619683333333,101748071861.27612,1092.27640978,1865840.16342359,1.56855505,2293205738.790997,0.5017069240568099,1.00004346
2020-07-16 00:00:00+00:00,969565.0,3072253.23828634,-3339.143587850005,0.08420821,0.00933182,117268964179.0979,1091.61303797,1865675.22940641,1.56397178,2312760116.4068675,0.5707359360769778,0.99958897
2020-07-15 00:00:00+00:00,966108.0,3075592.38187419,-4703.368158689998,0.06939868,0.0092209366666666,118993507769.967,1090.88073243,1865276.07731566,1.57385118,2243362606.713392,0.5741533824064045,1.00637017
2020-07-14 00:00:00+00:00,1003319.0,3080295.75003288,8330.98640252,0.06537633,0.008562275,124167138542.57423,1090.75072978,1865333.11944564,1.58704382,2169198447.329641,0.5946541249678369,1.00723946
2020-07-13 00:00:00+00:00,907523.0,3071964.76363036,-5804.249128569994,0.04263794,0.0100029066666666,126753953928.87788,1090.5596098,1864998.38456372,1.58594339,2193121623.6891484,0.5950768341283369,1.00070858
2020-07-12 00:00:00+00:00,744446.0,3077769.01275893,-105.6455562500014,0.02522635,0.0075812883333333,119264931938.04468,1089.94642273,1865160.34413603,1.59622137,2103249736.4371288,0.6006871627764018,1.00153841
2020-07-11 00:00:00+00:00,879035.0,3077874.65831518,1906.408501810001,0.03244956,0.00702001,122403482778.51952,1089.20241685,1865071.39285554,1.58391569,2102498460.2171297,0.6191811992470869,1.00148295
2020-07-10 00:00:00+00:00,983997.0,3075968.24981337,-3111.6091919300015,0.04590839,0.0082309233333333,126326671329.1131,1088.4046247,1864799.17363641,1.59346326,2084130183.9299335,0.6443314576124117,0.99944967
2020-07-09 00:00:00+00:00,1041620.0,3079079.8590053,5150.391546039995,0.05099735,0.0090566516666666,128680584459.46924,1087.74903108,1865189.87419148,1.5836946,2114120679.395433,0.6672692795676772,1.00374073
2020-07-08 00:00:00+00:00,1016237.0,3073929.46745926,-176.9494779000088,0.04809798,0.007684,118480294227.92596,1087.1050042,1864829.36864789,1.62084281,2204016447.9356513,0.6122678657139224,1.01410252
2020-07-07 00:00:00+00:00,970602.0,3074106.41693716,1135.0959250500018,0.03890162,0.0075374716666666,126326671329.1131,1086.96418188,1865550.76960586,1.59085441,2068607701.1637597,0.6399814960326771,1.00285981
2020-07-06 00:00:00+00:00,993238.0,3072971.32101211,7312.363230270006,0.03693015,0.007478555,120834207358.2821,1086.47996561,1865333.29626287,1.60765059,2108859795.8618224,0.6057959360410552,1.00373501
2020-07-05 00:00:00+00:00,765090.0,3065658.95778184,1690.6983580900014,0.02405454,0.0061641216666666,127895946749.35054,1085.83398969,1865536.38461216,1.56079393,2004252166.4277513,0.6200557138575274,0.99957698
2020-07-04 00:00:00+00:00,805246.0,3063968.25942375,5683.51460264,0.03145774,0.0046013466666666,123188120488.63824,1084.99071219,1865034.30251908,1.57114785,1998643213.1116672,0.6018301994932298,1.00105642
2020-07-03 00:00:00+00:00,945298.0,3058284.74482111,-10807.191885039996,0.05014866,0.0049838716666666,127895946749.35054,1084.20086081,1865182.5856978,1.55840748,2042924625.5032763,0.6353906774920117,1.00067525
2020-07-02 00:00:00+00:00,959783.0,3069091.93670615,4448.805311029995,0.0518162,0.0051036616666666,128680584459.46924,1083.53350862,1865154.06184086,1.56283322,2025619796.7046363,0.6435621738653087,0.99986548
2020-07-01 00:00:00+00:00,1083565.0,3064643.13139512,12007.838020530004,0.05842482,0.005061025,127111309039.23184,1082.82978083,1864957.42325548,1.58837834,2041583129.1862392,0.6402766633118334,1.00239993
2020-06-30 00:00:00+00:00,930951.0,3052635.29337459,-1448.7882130500002,0.04468277,0.0061405916666666,115341743387.4511,1082.20606306,1865204.19233485,1.57271117,1945958262.68779,0.5691674946909905,1.00550934
2020-06-29 00:00:00+00:00,942483.0,3054084.08158764,3139.3548150200004,0.03553976,0.006745935,113776264841.70622,1081.91985769,1864844.96167329,1.58079269,1966566308.7422695,0.5527897498780475,1.00147028
2020-06-28 00:00:00+00:00,687107.0,3050944.72677262,2538.707711539999,0.02057991,0.002733055,117699584319.00644,1081.33199762,1864774.88369253,1.56859448,1976734545.2542157,0.5580728650688497,0.99887955
2020-06-27 00:00:00+00:00,773658.0,3048406.01906108,1283.5675205100015,0.02641837,0.00611337,108283617573.48592,1080.81727785,1865263.2608166,1.55029568,2010333479.183632,0.5175344128391565,1.00015868
2020-06-26 00:00:00+00:00,934311.0,3047122.45154057,5143.803386800006,0.03214439,0.00715306,128684878855.44704,1080.18340406,1865378.61475501,1.57570795,1975756151.7066357,0.6216403071172701,1.02890027
2020-06-25 00:00:00+00:00,890842.0,3041978.64815377,-577.7197097200115,0.0435058,0.0063931683333333,110637609259.86606,1080.07492719,1866516.34848999,1.59522862,1905870289.802257,0.5429405883470153,0.99783433
2020-06-24 00:00:00+00:00,927355.0,3042556.36786349,-239.61324295999657,0.04648996,0.0095796333333333,109068281468.94595,1079.3508047,1865125.94589021,1.60305749,1954293052.9693763,0.5466925683904142,0.99749578
2020-06-23 00:00:00+00:00,1035746.0,3042795.98110645,-9635.17476481,0.04433372,0.0123109216666666,123976895482.68678,1079.40765553,1864528.0486694,1.66308755,1961637895.265457,0.6316812165279123,1.00572662
2020-06-22 00:00:00+00:00,837555.0,3052431.15587126,-3242.316250579999,0.03888494,0.009089655,112206937050.78612,1078.99116576,1867846.36903386,1.67454504,1749194123.105908,0.5573332613686962,1.00728797
2020-06-21 00:00:00+00:00,713570.0,3055673.47212184,2804.612625310001,0.0266453,0.0087769516666666,114560928737.16628,1078.45459016,1868049.68368659,1.60685949,1657144345.4332712,0.5529885109117553,1.00607886
2020-06-20 00:00:00+00:00,769124.0,3052868.85949653,-605.2134833399978,0.03386142,0.005978845,107498953678.02588,1077.77021107,1867706.79884088,1.61687764,1669536031.167162,0.5190107095236955,1.00289588
2020-06-19 00:00:00+00:00,952295.0,3053474.07297987,-26209.15333519,0.05325572,0.00662903,112206937050.78612,1077.03715157,1868015.5442509,1.61116474,1693465141.5740385,0.5535650218795586,0.99998046
2020-06-18 00:00:00+00:00,848169.0,3079683.22631506,-11851.54640639,0.05423342,0.006852835,96513659141.58528,1076.32786502,1868107.97878552,1.6209636,1720437673.8287168,0.4800833476174343,1.03860967
2020-06-17 00:00:00+00:00,924734.0,3091534.77272145,-2960.102705049998,0.0525025,0.005141495,108283617573.48592,1076.15115795,1867732.35734656,1.63951989,1693628788.61976,0.5380398485651405,1.00190894
2020-06-16 00:00:00+00:00,984152.0,3094494.8754265,2415.9664817700104,0.05120692,0.0064826566666666,117699584319.00644,1075.42575398,1867527.88923443,1.65195169,1686914915.1352327,0.585947093535922,1.00570569
2020-06-15 00:00:00+00:00,866389.0,3092078.90894473,-5025.712025779998,0.03812178,-0.00050102,94204171765.8074,1074.81403473,1867831.6372847,1.63579453,1705113717.4339986,0.517329809179676,0.99587329
2020-06-14 00:00:00+00:00,688469.0,3097104.62097051,1427.1232358199995,0.01510654,0.0067102433333333,116048617392.66129,1074.20911144,1867586.33469942,1.61902979,1659916100.840194,0.6323921893918247,1.0035358
2020-06-13 00:00:00+00:00,809580.0,3095677.49773469,1018.6734995400002,0.02090392,0.0042468616666666,107856950282.59106,1073.47523886,1867365.0602393,1.64372759,1606749427.5838826,0.5920246577743574,1.00219694
2020-06-12 00:00:00+00:00,918566.0,3094658.82423515,-5746.806968310004,0.02853028,0.000214145,111270144911.787,1072.68600015,1867206.36631607,1.64171531,1610948005.9634938,0.614215619689318,1.00124754
2020-06-11 00:00:00+00:00,1040251.0,3100405.63120346,-2639.5497918099863,0.03229913,0.0105566533333333,126288201280.24904,1071.95089929,1866702.57621092,1.6084437,1644359771.1006553,0.712539323860785,1.00056751
2020-06-10 00:00:00+00:00,907703.0,3103045.18099527,6379.341597779996,0.03609747,0.0087120066666666,111952783837.62616,1071.31733717,1866511.45930166,1.71594583,1641407567.2391038,0.6455834110986816,1.00479157
2020-06-09 00:00:00+00:00,928293.0,3096665.83939749,-3017.426316320001,0.03397942,0.0075535116666666,109222228134.26944,1070.78147731,1867088.53687573,1.69778269,1623770800.3552563,0.6235057448401152,1.00671391
2020-06-08 00:00:00+00:00,967885.0,3099683.26571381,-10352.4602628,0.03957654,0.0075502816666666,110587505985.9478,1070.18798264,1867933.18071222,1.69997495,1642919817.5522292,0.634903442102689,1.01865076
2020-06-07 00:00:00+00:00,687135.0,3110035.72597661,506.7109149600001,0.02581081,0.0066283766666666,108539589208.43024,1070.05564377,1867941.82510021,1.69687773,1578002803.9543154,0.6080217328062955,1.00449729
2020-06-06 00:00:00+00:00,776336.0,3109529.01506165,-2954.917783249999,0.02540031,0.008047885,133797229464.48006,1069.40769401,1867855.36768009,1.68285601,1588749027.0835648,0.7499759905880112,1.0060969
2020-06-05 00:00:00+00:00,913740.0,3112483.9328449,-8801.183153200007,0.04766626,0.0088234833333333,122192367725.21391,1068.82990512,1867356.07408394,1.67440537,1596433758.084386,0.7076097541607279,1.00433913
2020-06-04 00:00:00+00:00,902332.0,3121285.1159981,-808.7310177900072,0.06199756,0.0100944866666666,103078477801.71678,1068.20188325,1869716.65786388,1.7049236,1593029771.9343708,0.6031470558012846,1.00618655
2020-06-03 00:00:00+00:00,954700.0,3122093.84701589,-4085.759346189996,0.08640582,0.007922795,104599753395.37029,1067.60631462,1870494.43375914,1.68540102,1546172842.0982666,0.5606879128810489,1.00410822
2020-06-02 00:00:00+00:00,896079.0,3126179.60636208,2759.196050889994,0.1083052,0.039833695,97074591280.59544,1066.96869358,1868421.12558868,1.66030444,1544696703.879871,0.550118658576626,1.01212594
2020-06-01 00:00:00+00:00,880916.0,3123420.41031119,739.2526131199993,0.08692541,0.0099553333333333,100837172337.98283,1066.58068387,1865341.11565108,1.78407542,1812656778.0451045,0.542932072921953,1.01240572
2020-05-31 00:00:00+00:00,793690.0,3122681.15769807,5674.074731119996,0.0611165,0.00833577,112877431721.6226,1066.84942471,1865384.90900244,1.65239074,1564899165.2746902,0.586582646736796,1.00470071
2020-05-30 00:00:00+00:00,904554.0,3117007.08296695,3568.672991180006,0.06558398,0.0097295366666666,117392528990.4875,1066.32148613,1865407.88115839,1.69739482,1598614426.8198798,0.6089053822986992,1.00517976
2020-05-29 00:00:00+00:00,851434.0,3113438.40997577,2280.458012910007,0.10599595,0.0092471733333333,95569558857.64047,1065.62380443,1865934.38609023,1.6498891,1606254421.8837495,0.5155422146625351,1.00389398
2020-05-28 00:00:00+00:00,866829.0,3111157.95196286,6231.900949890005,0.09739071,0.0053722333333333,98579623703.5504,1065.06315257,1865990.03282713,1.67786287,1604214332.21146,0.5185951659403868,1.00887288
2020-05-27 00:00:00+00:00,906221.0,3104926.05101297,92.3575237000041,0.08283617,0.0023837666666666,103847237183.8928,1064.52863559,1866191.92775054,1.61315346,1548242821.86247,0.5211133277300367,1.00583602
2020-05-26 00:00:00+00:00,869814.0,3104833.69348927,355.4119775200015,0.09406993,0.0012350616666666,93312010223.208,1063.88063952,1866547.03563506,1.54928182,1497598604.5716,0.4623141609093029,0.99835484
2020-05-25 00:00:00+00:00,823000.0,3104478.28151175,-11433.158983509988,0.10573892,-0.0100222183333333,94064526434.6855,1063.16468941,1866859.03542129,1.56010152,1492736728.39018,0.4690781007939607,0.98794736
2020-05-24 00:00:00+00:00,808253.0,3115911.44049526,-748.8234755700105,0.09197508,0.0046522166666666,87291880531.38814,1062.41648374,1864895.85860832,1.52631976,1458530949.4492805,0.4433446693627778,1.00312291
2020-05-23 00:00:00+00:00,849490.0,3116660.26397083,1098.3484891900007,0.12683141,0.0019207583333333,89549429165.8206,1061.64883698,1865252.0039059,1.60764855,1461284491.2921698,0.4762173770169279,1.00468392
2020-05-22 00:00:00+00:00,797311.0,3115561.91548164,-4390.414446239993,0.18611155,0.002916715,83529299474.00072,1060.89630683,1864874.37842865,1.60672055,1495027326.89559,0.4718028696791432,0.99909496
2020-05-21 00:00:00+00:00,922403.0,3119952.32992788,1978.76720776,0.19750045,0.0059928533333333,98579623703.5504,1060.22676568,1866711.77255216,1.58703802,1451403037.1759,0.5723989599240209,0.9961137
2020-05-20 00:00:00+00:00,876746.0,3117973.56272012,-1112.5701728700078,0.211063,0.0074000816666666,86539364319.91066,1059.73384754,1864497.93679488,1.66520592,1509202722.8939002,0.5324978955170119,1.00881586
2020-05-19 00:00:00+00:00,890228.0,3119086.13289299,-7247.892693410002,0.20236268,0.008519,92066047080.47844,1059.11727804,1859543.49538876,1.71431306,1476974804.4089,0.5266514526446667,1.01017395
2020-05-18 00:00:00+00:00,964207.0,3126334.0255864,3667.00045634,0.17004666,0.01066895,102473513272.18472,1058.39933912,1860384.60182094,1.70805411,1506813206.63244,0.5654582387635185,1.01865754
2020-05-17 00:00:00+00:00,769754.0,3122667.02513006,303.44766787999833,0.13635457,0.0101985366666666,81658580888.77219,1057.83124895,1863882.53020869,1.7018462,1488539627.29271,0.4283108896711959,1.01085147
2020-05-16 00:00:00+00:00,879033.0,3122363.57746218,3607.57002784,0.12091376,0.0084645616666666,100872364627.30682,1057.03891206,1863875.05168798,1.64948395,1418032646.3801198,0.5071246569151932,1.00571988
2020-05-15 00:00:00+00:00,896259.0,3118756.00743434,4159.520516539997,0.17155252,0.0089293316666666,100071790304.86787,1056.39202136,1864155.0952802,1.6385137,1438721126.64725,0.5390508706997734,1.00835391
2020-05-14 00:00:00+00:00,881299.0,3114596.4869178,4882.7268026999955,0.16967007,0.0090273016666666,91265472758.0395,1055.84642133,1863945.97214792,1.72513931,1468352447.24697,0.4953302181867768,1.0152948
2020-05-13 00:00:00+00:00,854780.0,3109713.7601151,-9764.198233159988,0.12768047,-0.000772555,95268344370.23422,1055.27728204,1863474.73383151,1.64510217,1414835003.94585,0.4616207784867884,1.01156406
2020-05-12 00:00:00+00:00,958684.0,3119477.95834826,-18886.35866935001,0.10741527,0.0008648133333333,116883851076.0857,1054.61258636,1864133.81721543,1.55749932,1161916244.27072,0.5360843806226177,0.99500927
2020-05-11 00:00:00+00:00,990656.0,3138364.31701761,-11037.90382079,0.04660682,-0.0010517533333333,125690168622.91406,1053.9363841,1863527.55042296,1.51236573,1123389901.45404,0.9909969036509284,0.99281849
2020-05-10 00:00:00+00:00,872997.0,3149402.2208384,-2715.127280009998,0.02891484,-0.014670865,136097634814.62032,1053.76748149,1864052.36961215,1.53920746,1145194774.45437,1.1361226423063426,0.9888571
2020-05-09 00:00:00+00:00,913700.0,3152117.34811841,2611.5456235900056,0.04871705,0.0144717083333333,108878107851.69626,1053.21728315,1863411.8391743,1.68136873,1526909743.2944,1.0393399687914084,1.00794611
2020-05-08 00:00:00+00:00,952938.0,3149505.80249482,10082.279506790015,0.05730578,0.006382975,109678682174.1352,1052.83451074,1861491.56653784,1.73104029,1467534245.36076,1.078147745097901,1.02573731
2020-05-07 00:00:00+00:00,1011692.0,3139423.52298803,11628.78630498999,0.04586011,-0.00284479,117684425398.52464,1052.85479266,1862862.91623001,1.77055158,1397807199.5103,1.09643475227681,1.04105096
2020-05-06 00:00:00+00:00,974468.0,3127794.73668304,-1413.1469645100003,0.03438032,-0.001773335,123288445655.59724,1053.38932413,1865699.62484889,1.62858389,1302284093.9076002,1.0954836497686302,1.02536856
2020-05-05 00:00:00+00:00,971846.0,3129207.88364755,2503.9070954100025,0.0351257,-0.0026929966666666,126490742945.353,1053.30482484,1867026.58797352,1.60986547,1190501269.78988,1.0975727498368992,1.00597778
2020-05-04 00:00:00+00:00,893446.0,3126703.97655214,-9201.139781400008,0.03283885,-0.0017393183333333,125342807808.3057,1052.71798381,1867171.17855463,1.58556598,1167121712.09728,1.0763826295464278,1.00874226
2020-05-03 00:00:00+00:00,906311.0,3135905.11633354,4697.892129439999,0.0265521,0.0098756633333333,133275896910.0972,1052.08018067,1867241.99073807,1.58952164,1183204267.0927498,1.1689093900681469,1.02463234
2020-05-02 00:00:00+00:00,989270.0,3131207.2242041,384.8217465900052,0.03557532,0.0072999433333333,117409718706.5142,1051.52125438,1867034.1385341,1.60654455,1138039101.12026,1.0265353073350032,1.01556495
2020-05-01 00:00:00+00:00,944673.0,3130822.40245751,7280.414942860007,0.05884384,0.0098176183333333,111856556335.26016,1050.79041771,1868041.0413437,1.5806663,1113769744.15239,0.9933046791539464,1.01551515
2020-04-30 00:00:00+00:00,949648.0,3123541.98751465,1619.3564407000083,0.05945675,0.01693663,107096702874.18526,1050.20553612,1867438.76490939,1.54596034,1044153105.5,0.9596399910441854,1.02355023
2020-04-29 00:00:00+00:00,910176.0,3121922.63107395,9283.69259659,0.02774695,0.0036078083333333,115029791975.97676,1049.95127652,1867224.12638189,1.58098186,1096359427.81864,0.9262136060232756,1.03622512
2020-04-28 00:00:00+00:00,932436.0,3112638.93847736,-10297.527679620003,0.01423391,0.0001963733333333,122169572167.5891,1050.29596017,1866527.71761498,1.40190046,1088577325.18328,0.9123721717268258,1.00382193
2020-04-27 00:00:00+00:00,874529.0,3122936.46615698,10262.43605044001,0.01568201,-0.0052402833333333,111856556335.26016,1049.63925524,1866508.87446328,1.409104,1054179145.08506,0.8355248532126442,1.02410558
2020-04-26 00:00:00+00:00,706086.0,3112674.03010654,-5779.474390940002,0.01197196,0.00035273,108683320694.54356,1049.16832141,1867046.43980541,1.39648983,1061692611.9217,0.7976647167124471,1.00466972
2020-04-25 00:00:00+00:00,826119.0,3118453.50449748,175.85518263000267,0.0160979,0.0013788433333333,107890011784.3644,1048.50544372,1866919.42638956,1.36817474,1044760686.71459,0.789814076956903,1.00471721
2020-04-24 00:00:00+00:00,895121.0,3118277.64931485,-8020.91717986,0.02017438,0.00806022,114236483065.7976,1047.82927119,1867679.98395447,1.36153057,1010656774.649,0.8383370230510376,1.00672772
2020-04-23 00:00:00+00:00,942805.0,3126298.56649471,12333.45973399999,0.02264353,0.0016632333333333,112649865245.4393,1047.23802432,1867885.74418641,1.35922917,1030713904.12932,0.8037566582538725,1.01187303
2020-04-22 00:00:00+00:00,748474.0,3113965.10676071,-5548.543305019994,0.01525871,-0.017087685,103923467233.46864,1046.81154455,1867955.17624191,1.29669719,1155533330.1824,0.7049670201440992,1.00190555
2020-04-21 00:00:00+00:00,816156.0,3119513.65006573,-1354.9590572899906,0.01239542,-0.0183499083333333,118203027616.69334,1046.22184809,1869425.79295823,1.24336531,1105971767.0316,0.7866062048070852,0.99199347
2020-04-20 00:00:00+00:00,851024.0,3120868.60912302,-5789.166271909999,0.01080214,-0.015537305,117771058636.68549,1045.59698309,1868827.6202827,1.24054495,1098347712.6595998,0.8719243144259904,0.99409738
2020-04-19 00:00:00+00:00,710286.0,3126657.77539493,6509.084506209998,0.00812795,-0.0110013316666666,111187583309.16888,1044.98996838,1865156.23401203,1.2946291,1064277208.9168,0.8352848291146039,0.9998952
2020-04-18 00:00:00+00:00,865593.0,3120148.69088872,2118.5166307800027,0.00965949,-0.0092589816666666,115576566860.8466,1044.43412788,1864762.07606204,1.31658696,1087910662.329,0.868816017333011,1.00411398
2020-04-17 00:00:00+00:00,849150.0,3118030.17425794,-15720.686841219998,0.01583393,-0.0101732066666666,92900151843.84506,1043.68516088,1864730.43056665,1.27905695,1044174475.71786,0.694981085298558,1.0015738
2020-04-16 00:00:00+00:00,869818.0,3133750.86109916,11981.82543283001,0.01466015,-0.0144877183333333,112650577826.3948,1043.10439092,1866805.75579902,1.2915655,1037079324.24064,0.8233403822182066,0.99856226
2020-04-15 00:00:00+00:00,934898.0,3121769.03566633,3422.709452980009,0.01240938,-0.0168790983333333,123623036705.5891,1042.63603355,1864546.51427026,1.20326432,1116098332.7485,0.8879476619793251,0.99489152
2020-04-14 00:00:00+00:00,826329.0,3118346.32621335,-4056.1473818700033,0.01058656,-0.0164700966666666,122891539446.97614,1042.03441118,1864168.71559281,1.24842026,1050859105.09407,0.8908332124652116,0.999467
2020-04-13 00:00:00+00:00,778333.0,3122402.47359522,-7468.436437230004,0.00777247,-0.0312268366666666,125086031222.815,1041.35277745,1863796.32134346,1.24207646,1029098572.35108,0.888037319914651,0.99012376
2020-04-12 00:00:00+00:00,606014.0,3129870.91003245,-2343.985356319994,0.00668157,-0.0131097016666666,111919080567.78185,1040.70263994,1863430.05387123,1.25429132,1013024637.13695,0.8168466775921702,1.00049653
2020-04-11 00:00:00+00:00,632960.0,3132214.89538877,-5934.57600968,0.00687196,-0.0058600549999999,116308064119.45956,1039.89995479,1863420.26650801,1.24889953,1046870051.65736,0.8410816995997684,0.99561534
2020-04-10 00:00:00+00:00,739564.0,3138149.47139845,-4236.342059399991,0.01009911,-0.0174718616666666,119234053153.91138,1039.14310611,1862775.09208035,1.24631924,1019491548.34216,0.8789303315210123,0.95273481
2020-04-09 00:00:00+00:00,724015.0,3142385.81345785,-9624.997095909988,0.01195709,-0.0044911566666666,112650577826.3948,1038.93101961,1862377.77290554,1.31774395,987913860.86186,0.8715469950275393,1.00306806
2020-04-08 00:00:00+00:00,776632.0,3152010.81055376,-4548.125242840004,0.01243389,0.0073858766666666,105335605240.26526,1038.46316987,1862310.96808505,1.33135549,946056041.9024,0.8165013558580922,1.0085199
2020-04-07 00:00:00+00:00,945739.0,3156558.9357966,1017.419781159988,0.01191541,-0.0011064766666666,116188014045.9037,1037.79055202,1864137.92688266,1.30256573,946195329.28816,0.9536871414490984,1.00254643
2020-04-06 00:00:00+00:00,771477.0,3155541.51601544,446.1944356300228,0.01295017,0.00278681,88524201177.83139,1037.43995316,1862358.34704658,1.32832477,976671888.1315,0.7063798186687241,1.01480754
2020-04-05 00:00:00+00:00,596653.0,3155095.32157981,-3625.515079120003,0.00620104,0.0047858633333333,121029181297.81636,1036.8303826,1862318.28039081,1.2282336,893236545.4025201,0.9189332706639356,1.00120288
2020-04-04 00:00:00+00:00,655946.0,3158720.83665893,-900.2006128899957,0.00842277,-0.00316905,108580465507.1838,1036.06851245,1861894.91246132,1.24285711,899626132.42551,0.8244888664957827,0.99704458
2020-04-03 00:00:00+00:00,754394.0,3159621.03727182,-5787.78005668,0.01541102,-0.00010738,91290582464.63864,1035.36960084,1861392.99101736,1.22221801,881569628.3155601,0.7031044467975877,1.00208601
2020-04-02 00:00:00+00:00,803864.0,3165408.8173285,5301.443883679996,0.01291056,0.0041646483333333,105814084220.3766,1034.64887758,1861138.93295099,1.23134169,861094064.16952,0.8023281840961749,1.00445893
2020-04-01 00:00:00+00:00,808470.0,3160107.37344482,-1259.1847297200002,0.01379057,-0.0237738083333333,105814084220.3766,1034.10542713,1861465.36613128,1.20793488,929947929.08464,0.7540498403670273,0.93914375
2020-03-31 00:00:00+00:00,821829.0,3161366.55817454,-6816.188633599988,0.01441125,-0.01125012,109963656150.58743,1033.63961821,1861409.66104938,1.15977206,892838276.2889601,0.8013849792220675,0.99478519
2020-03-30 00:00:00+00:00,777776.0,3168182.74680814,2351.047121269992,0.01408075,-0.0162546866666666,101664512290.16574,1033.01059736,1862046.92904531,1.15616911,840594984.04385,0.7202606915840504,0.99187992
2020-03-29 00:00:00+00:00,579531.0,3165831.69968687,6512.915850779995,0.01103549,-0.0140875083333333,104430893576.97296,1032.44178231,1862049.05377261,1.06045404,860274017.21,0.7201632926290561,0.97929231
2020-03-28 00:00:00+00:00,625438.0,3159318.78383609,-4891.42289378,0.01679174,-0.0490813366666666,93365368429.74403,1031.85306725,1862072.142799,1.12643279,798608783.4642,0.6595245475232068,0.98431517
2020-03-27 00:00:00+00:00,839424.0,3164210.20672987,-11251.50947828,0.02100904,-0.014884585,107197274863.7802,1031.14709785,1859671.55228919,1.14679768,735874950.9077699,0.8175744818851322,0.99888136
2020-03-26 00:00:00+00:00,882429.0,3175461.71620815,2151.3920864600004,0.0267905,-0.0116032416666666,110655251472.28925,1030.66227102,1859768.39158777,1.21678038,725496590.55759,0.8468189418170604,1.00254537
2020-03-25 00:00:00+00:00,591890.0,3173310.32412169,-9895.064894569994,0.03798035,-0.0244327166666666,75702228848.9085,1030.19878483,1859594.53167593,1.20436106,718874973.97226,0.4915138150845219,0.99195974
2020-03-24 00:00:00+00:00,732068.0,3183205.38901626,-15032.369521440009,0.02640139,-0.0146541433333333,108616241391.9122,1029.92357594,1859576.12723137,1.21817752,694656343.6017,0.697910867622845,1.01357413
2020-03-23 00:00:00+00:00,681613.0,3198237.7585377,-2373.971406420009,0.03543037,-0.01965428,92159235120.41034,1029.32303862,1860659.68359472,1.1699031,704339598.96525,0.5526034251011038,0.99385968
2020-03-22 00:00:00+00:00,553441.0,3200611.72994412,692.5961328699923,0.02057065,-0.0190643983333333,104501989824.03671,1028.84233254,1860172.69674621,1.04889684,766959416.8415,0.6174272033295548,1.0041676
2020-03-21 00:00:00+00:00,659069.0,3199919.13381125,-7837.292492989996,0.02947927,-0.0173788466666666,102033438883.31145,1028.17093259,1860090.33565082,1.11712014,703675061.62168,0.6128029654945906,0.99267776
2020-03-20 00:00:00+00:00,735362.0,3207756.42630424,2491.7989412499883,0.05545269,-0.0206690533333333,89690684179.68506,1027.44459799,1859579.59598121,1.11760794,682689878.2624301,0.5748948798746323,0.99357202
2020-03-19 00:00:00+00:00,713007.0,3205264.62736299,-15114.39973162998,0.04869068,-0.0365402066666666,88044983552.53488,1026.91615999,1861540.67959189,1.11307124,731265301.1141701,0.4964056467907146,0.99911745
2020-03-18 00:00:00+00:00,629269.0,3220379.02709462,-16849.678561360008,0.04490596,-0.0431077433333333,82285031357.50923,1026.47365332,1862008.8081926,0.97457978,694686876.84148,0.4302999525252262,0.98365492
2020-03-17 00:00:00+00:00,759835.0,3237228.70565598,-10536.76664464001,0.03891351,-0.0550696516666666,101210588569.73636,1025.82982302,1854481.35380994,0.96021822,678137186.2693,0.5266810306928917,0.96939004
2020-03-16 00:00:00+00:00,729762.0,3247765.47230062,-12658.166974309976,0.03974412,-0.1000745583333333,97919187315.436,1025.85207037,1853554.17102014,0.90467552,663263291.6074,0.481541552039487,0.94211934
2020-03-15 00:00:00+00:00,643416.0,3260423.63927493,2714.663769110004,0.02892549,-0.0277532,97919187315.436,1025.82772195,1854040.04435982,0.96013718,694297072.75845,0.5051025025789357,0.96743254
2020-03-14 00:00:00+00:00,765693.0,3257708.97550582,-2892.844637550006,0.03198474,-0.16253964,105324840137.61182,1025.28714193,1854314.77892831,0.92379471,709605378.51014,0.5560562559808727,0.96100791
2020-03-13 00:00:00+00:00,781826.0,3260601.82014337,38106.52450593002,0.05119774,-0.256967305,102856289196.88654,1025.19126389,1853899.42129471,0.99990742,729771436.87018,0.5384741379818301,0.90931284
2020-03-12 00:00:00+00:00,917475.0,3222495.29563744,41023.19646887999,0.03039465,-0.1084505616666666,124250397349.83894,1026.11590932,1853477.72371959,0.85156318,740023419.69582,0.8137196358364835,0.91370689
2020-03-11 00:00:00+00:00,717222.0,3181472.09916856,8900.493063720001,0.01948603,0.0057622383333333,97919187315.436,1027.29807811,1851855.33558355,1.37575535,1342754776.5575,0.7401406538957457,0.98039166
2020-03-10 00:00:00+00:00,815212.0,3172571.60610484,154.20553062998806,0.01665212,0.00251172,108616241391.9122,1028.45079231,1852784.10890215,1.36560486,1360122966.51015,0.8286834870699151,0.98623571
2020-03-09 00:00:00+00:00,812725.0,3172417.40057421,20800.41919863,0.01347569,0.00409851,123427547036.26384,1028.07287724,1853614.6890468,1.3724327,1356987375.08885,0.933859279333888,0.97725885
2020-03-08 00:00:00+00:00,643997.0,3151616.98137558,2555.5756416399963,0.0081071,0.0109929416666666,121637665569.9356,1028.12021532,1852836.90616023,1.38962372,1485532472.67878,1.0687289017247636,0.99264841
2020-03-07 00:00:00+00:00,680477.0,3149061.40573394,2912.4637632899976,0.00935799,0.0129212516666666,120867806927.08788,1027.43670955,1852168.18134903,1.53183815,1606036605.9796,1.1207279475129122,1.00059487
2020-03-06 00:00:00+00:00,806405.0,3146148.94197065,-13440.5231012,0.01355949,0.0114672633333333,119328089641.3925,1026.72344141,1852241.66510618,1.57796423,1577586335.53256,1.1177265796698903,1.0037691
2020-03-05 00:00:00+00:00,625612.0,3159589.46507185,-6291.295305079999,0.01125451,0.0088437533333333,104700775427.28632,1026.15940792,1852512.50610062,1.56420845,1565417268.352,0.968542585313426,1.00330145
2020-03-04 00:00:00+00:00,875557.0,3165880.76037693,-7374.446023519995,0.01148682,0.0086736033333333,128566393355.56483,1025.76548706,1853010.53839419,1.51310941,1504429553.82405,1.1622472076164687,0.98075013
2020-03-03 00:00:00+00:00,838610.0,3173255.20640045,-8286.301605499997,0.01275909,0.006341175,117788372355.69711,1025.29581612,1852676.49177381,1.50848688,1509321220.97478,1.0716205047989225,1.00551891
2020-03-02 00:00:00+00:00,822602.0,3181541.50800595,5951.941466019998,0.01216641,0.0112758966666666,114708937784.30634,1025.49469486,1852436.08691978,1.53799766,1528147935.247,1.0400617114024042,1.00504796
2020-03-01 00:00:00+00:00,671887.0,3175589.56653993,507.5129378999991,0.00648718,0.0130599516666666,136264979784.04176,1025.46992608,1852995.94758432,1.46853839,1544287140.55735,1.2039527812203168,0.99279129
2020-02-29 00:00:00+00:00,673535.0,3175082.05360203,-738.3155396199982,0.01053754,0.0235272816666666,107010351355.8294,1024.90975607,1852271.78375301,1.47199899,1515440983.208,0.9653031225551114,0.99627889
2020-02-28 00:00:00+00:00,797714.0,3175820.36914165,-5121.372446720008,0.01313287,0.0160608166666666,121637665569.93558,1024.32789738,1852583.83669958,1.49979088,1548127573.3561,1.1021547432554868,0.99643698
2020-02-27 00:00:00+00:00,774276.0,3180941.74158837,-4739.130290150002,0.01448428,0.0052511483333333,113169220498.61096,1023.87797952,1852219.71039194,1.52066209,1561604144.15928,1.0410601098033767,0.98790281
2020-02-26 00:00:00+00:00,773386.0,3185680.87187852,1087.12881948,0.01694277,0.0421554583333333,104700775427.28632,1023.27348444,1852554.65562252,1.51124686,1677402206.92058,0.9906008118116382,0.99011864
2020-02-25 00:00:00+00:00,736787.0,3184593.74305904,-3148.172246119997,0.01345258,0.0278564316666666,111287941036.95854,1022.76019296,1853037.06386546,1.60020647,1786619738.4021,1.1017000813498117,1.01711012
2020-02-24 00:00:00+00:00,759278.0,3187741.91530516,478.64578667000023,0.01283967,0.0253643499999999,108969442265.35524,1023.11414574,1852464.07133752,1.66318594,1786712554.32133,1.106388926548214,1.00340742
2020-02-23 00:00:00+00:00,608578.0,3187263.26951849,1608.0800377600026,0.00927693,0.0236020599999999,109742275189.223,1022.44322957,1852449.26457486,1.71761556,1698392298.67771,1.1289565537961976,1.00923104
2020-02-22 00:00:00+00:00,677122.0,3185655.18948073,1207.5930160399985,0.00980752,0.012162535,114379272732.4296,1021.7922867,1852717.68444938,1.66497501,1677643799.85468,1.1535384461353522,1.00292626
2020-02-21 00:00:00+00:00,770778.0,3184447.59646469,-12819.718240640002,0.01208312,0.0076063166666666,119016270275.63622,1021.05718161,1851865.39201677,1.67039608,1650526315.0888,1.2094406659310724,1.00405905
2020-02-20 00:00:00+00:00,766668.0,3197267.31470533,-3648.643394829997,0.0173426,0.0106755983333333,97376948407.33871,1020.54052002,1852222.85029214,1.656834,1654763860.42325,0.9865711926911778,0.99600529
2020-02-19 00:00:00+00:00,791503.0,3200915.95810016,-2222.650259649992,0.01751941,0.0393085266666666,108969442265.35524,1020.5112298,1851418.68488174,1.65400241,1654116241.048,1.1637374757081709,1.00832431
2020-02-18 00:00:00+00:00,784419.0,3203138.60835981,-1074.7041349799983,0.01581423,0.0250456716666666,115924938580.16516,1020.31893933,1850990.18412591,1.75796895,1838832561.41106,1.2093719141220465,1.01177309
2020-02-17 00:00:00+00:00,776167.0,3204213.31249479,4975.635945509988,0.0127265,0.0420505866666666,121334769047.23952,1019.86725933,1850505.6893695,1.67847919,1827473532.35344,1.247280764363489,0.99985502
2020-02-16 00:00:00+00:00,640007.0,3199237.67654928,1139.5773969300062,0.01202236,0.020743455,109742275189.223,1019.21482299,1850728.48152146,1.71542643,1791561346.4917,1.1511579691713825,1.00339104
2020-02-15 00:00:00+00:00,755098.0,3198098.09915235,377.2461253500005,0.01582892,0.0359832916666666,109742275189.223,1018.51884408,1850696.03231714,1.71165335,1800114905.75385,1.1853075744278847,1.00218507
2020-02-14 00:00:00+00:00,729019.0,3197720.853027,-1988.341986939995,0.01870855,0.0622669216666666,104332444722.14864,1017.95676248,1851413.25802955,1.78925448,1833673962.02676,1.1449763958041967,1.00881848
2020-02-13 00:00:00+00:00,829741.0,3199709.19501394,-4125.853916559994,0.01973249,0.0579088016666666,108969442265.35524,1017.40857913,1850611.91580533,1.76933628,1827501915.5801,1.2021692454555122,1.01125322
2020-02-12 00:00:00+00:00,813663.0,3203835.0489305,7040.095598240005,0.02063481,0.071702295,109742275189.223,1017.14835124,1850392.45424496,1.79066827,1781391708.61219,1.2216084043260522,1.01299615
2020-02-11 00:00:00+00:00,892364.0,3196794.95333226,9548.352327550005,0.01844917,0.0484763166666666,114379272732.4296,1016.62176893,1850893.71137551,1.7814319,1777006420.4965,1.2279237262272185,1.01569946
2020-02-10 00:00:00+00:00,708223.0,3187246.60100471,-4627.4915912,0.0177644,0.0593507233333333,93796521681.00385,1016.23544376,1850631.4369403,1.71196842,1729610258.23157,1.0094211758412983,1.02797916
2020-02-09 00:00:00+00:00,686025.0,3191874.09259591,5286.019894140001,0.01025802,0.0473194983333333,117630064075.35728,1016.95029003,1850785.73031399,1.77097976,1766095287.13814,1.2781768336228023,1.01862308
2020-02-08 00:00:00+00:00,723083.0,3186588.07270177,1041.0330463499995,0.01213126,0.0363917633333333,106866528800.48798,1016.47710201,1850611.06521389,1.72692506,1700034984.4261,1.13452945788151,1.01560458
2020-02-07 00:00:00+00:00,868595.0,3185547.03965542,-3814.3280686,0.01781644,0.0407999366666666,106866528800.48798,1016.1252954,1850914.78979254,1.71227468,1710096397.55105,1.1398683759985464,1.02521725
2020-02-06 00:00:00+00:00,749134.0,3189361.36772402,5395.7774825700035,0.01580908,0.0617949166666666,103791233007.66818,1018.33333493,1850655.87533602,1.71150191,1679636722.664,1.096894691952116,1.01868622
2020-02-05 00:00:00+00:00,837539.0,3183965.59024145,7340.96032264,0.01263892,0.0350190816666666,122243007764.58696,1018.72932016,1851386.76560613,1.69073166,1714074170.83575,1.2511322783957155,1.01047226
2020-02-04 00:00:00+00:00,768229.0,3176624.62991881,3997.385995210003,0.01418726,0.0212240583333333,101484761163.05331,1018.19265581,1851073.41552078,1.61396679,1625098174.31159,1.0228322893529649,1.00447895
2020-02-03 00:00:00+00:00,865001.0,3172627.2439236,-1729.577250639995,0.01150561,0.0275175066666666,113785944334.33252,1017.71319733,1851596.59920979,1.63445618,1622495868.27494,1.160567183557378,1.00447361
2020-02-02 00:00:00+00:00,727241.0,3174356.82117424,843.1037238999997,0.00939278,0.02651605,109941824593.30775,1020.10943107,1853263.22550236,1.64681747,1619526144.26,1.12736271047424,0.99981922
2020-02-01 00:00:00+00:00,720057.0,3173513.71745034,2289.3037548099965,0.00917678,0.0209831283333333,116092416178.94736,1019.80581886,1852946.5672551,1.65385624,1548872184.40962,1.1916663879285545,1.00540657
2020-01-31 00:00:00+00:00,772893.0,3171224.41369553,-4746.388241149994,0.01236267,0.03210138,110710648541.51273,1019.11596833,1853686.18954992,1.64723952,1542921376.4164,1.1386739413192482,1.01745778
2020-01-30 00:00:00+00:00,763787.0,3175970.80193668,316.71226522000507,0.00997429,0.0393692866666666,119936535919.97212,1018.93506346,1853375.50475111,1.6788746,1567940605.272,1.2353068080594043,1.01152415
2020-01-29 00:00:00+00:00,776162.0,3175654.08967146,7960.830053149999,0.01010934,0.0464794383333333,123011831712.79192,1018.40241827,1853053.12333594,1.64238003,1541417828.91768,1.265850321798557,1.02709968
2020-01-28 00:00:00+00:00,823225.0,3167693.25961831,8159.133008409997,0.01278506,0.0370757316666666,109173000645.10284,1018.56754293,1853130.48435942,1.66415672,1494917787.3155,1.093468254460241,1.00946588
2020-01-27 00:00:00+00:00,702919.0,3159534.1266099,35.51561465999839,0.01212278,0.0147538883333333,94755300650.58089,1017.97732049,1853753.75739932,1.57849653,1500179035.04434,0.9597880828437404,1.00473886
2020-01-26 00:00:00+00:00,573743.0,3159498.61099524,1209.0406213300012,0.00588018,0.0118692666666666,105038821651.41911,1017.36339372,1853408.21176746,1.52828873,1401809226.05311,1.0248305725292448,1.00382907
2020-01-25 00:00:00+00:00,650863.0,3158289.57037391,-1070.6697882300014,0.00552697,0.0068772316666666,120464103152.67648,1016.64989763,1853845.41822644,1.48017674,1310651758.39652,1.160504363178149,1.00198767
2020-01-24 00:00:00+00:00,733016.0,3159360.24016214,-792.3388770999954,0.00840291,0.0122784866666666,111649656580.52942,1015.98966222,1853811.67895915,1.49813277,1351161022.71792,1.087625232059457,1.00663302
2020-01-23 00:00:00+00:00,768894.0,3160152.57903924,5950.389068019998,0.01047406,0.0188737616666666,116791417080.94852,1015.87059637,1853556.74700397,1.48962505,1386453148.52888,1.1500886636662198,1.0012192
2020-01-22 00:00:00+00:00,783830.0,3154202.18997122,-3269.8303748000035,0.01099546,0.0162933033333333,114587805437.91176,1015.68757579,1853289.95549762,1.53982465,1335207125.97504,1.161637948052005,1.00208039
2020-01-21 00:00:00+00:00,757024.0,3157472.02034602,-536.875288520001,0.01061503,0.014852315,112384193794.875,1015.15651424,1853466.79652829,1.55321757,1339890046.02782,1.1391917972876904,1.00401407
2020-01-20 00:00:00+00:00,736441.0,3158008.89563454,-1380.132060820004,0.0092522,0.0113872983333333,111649656580.52942,1014.55981707,1853429.30245728,1.5351297,1312604258.248,1.1312869023820875,0.99886478
2020-01-19 00:00:00+00:00,636701.0,3159389.02769536,944.5112537499954,0.00873246,0.02060937,110180582151.83824,1013.89676062,1853223.99594429,1.5473566,1299685261.36,1.1408758594515962,1.00093898
2020-01-18 00:00:00+00:00,634565.0,3158444.51644161,1929.5300992999985,0.01065231,0.0188940033333333,96958912293.61765,1013.29650585,1852802.30859243,1.58546449,1415803617.46784,1.0152160342583227,1.00765806
2020-01-17 00:00:00+00:00,757453.0,3156514.98634231,-1114.3142029199953,0.01207541,0.0291688199999999,116791417080.94852,1012.57963251,1852969.69716821,1.58350005,1428763963.56926,1.2200648046032734,1.01059058
2020-01-16 00:00:00+00:00,741782.0,3157629.30054523,-6077.452799940002,0.01185892,0.0222253633333333,116791417080.94852,1011.91885353,1852881.23380065,1.55244662,1366891374.47648,1.1998030314850434,1.01110811
2020-01-15 00:00:00+00:00,769964.0,3163706.75334517,2189.432463639998,0.01634208,0.0367429516666666,110915119366.18382,1011.70932732,1852523.68907691,1.57046681,1379810907.42357,1.1543888236984323,1.01249225
2020-01-14 00:00:00+00:00,852445.0,3161517.32088153,16771.438612359998,0.01426077,0.024007945,106507896080.11028,1011.56957172,1852447.35607218,1.56961852,1335100481.14204,1.0868203828379144,1.02350308
2020-01-13 00:00:00+00:00,682404.0,3144745.88226917,1990.36596209,0.00976717,0.0098648733333333,98089600841.6344,1011.88062567,1852061.48414932,1.45144228,1225369008.3838,1.0111553835895184,1.00608202
2020-01-12 00:00:00+00:00,590374.0,3142755.51630708,335.11824680000063,0.00764006,0.008049675,103577130958.64893,1011.25974273,1853373.49667993,1.46508578,1217740703.574,1.067954598352927,1.00500104
2020-01-11 00:00:00+00:00,655710.0,3142420.39806028,-1324.6789612600005,0.00894191,0.0127628783333333,111808426134.17068,1010.54955571,1852879.17518259,1.43662909,1195109922.57084,1.15627268503208,1.00403928
2020-01-10 00:00:00+00:00,784614.0,3143745.07702154,5526.2832019599955,0.01718418,0.0085583516666666,102205248429.39528,1009.77976087,1852789.17792978,1.46868165,1199966112.4328,1.0396385510941897,1.00197186
2020-01-09 00:00:00+00:00,780274.0,3138218.79381958,692.1324194000044,0.01494829,0.0092928783333333,107692778546.4098,1009.23096576,1852529.95039028,1.40140522,1156363807.42271,1.09486684539969,1.00546872
2020-01-08 00:00:00+00:00,745784.0,3137526.66140018,11894.243568610009,0.01707292,0.0069876716666666,97403659577.00758,1008.82101376,1852075.56180549,1.44409818,1155616049.6904,1.0369812125081594,1.01140109
2020-01-07 00:00:00+00:00,771658.0,3125632.41783157,6266.445101059995,0.0114856,0.00750825,120725662574.31926,1008.26288531,1852368.04316755,1.46361691,1165390750.7605,1.2331662680446631,1.0090237
2020-01-06 00:00:00+00:00,724306.0,3119365.97273051,1188.7292305900046,0.01199836,0.0041680016666666,92602070724.61987,1007.73389673,1852147.41309646,1.39370793,1150154810.68566,0.9002462745961561,1.00327627
2020-01-05 00:00:00+00:00,596340.0,3118177.24349992,1464.6780478,0.00580033,0.0074054033333333,111808426134.17068,1007.09958789,1852340.06855526,1.32145661,1075979871.0009,1.0662007137473986,1.00136913
2020-01-04 00:00:00+00:00,615787.0,3116712.56545212,549.1639956300023,0.00582876,0.0071267016666666,115238132457.30476,1006.37492544,1852129.17727797,1.32011371,1067237139.7918,1.085979033016083,0.99605519
2020-01-03 00:00:00+00:00,712212.0,3116163.40145649,2555.7547203299982,0.00769875,0.0037850183333333,115924073721.93156,1005.77660914,1851921.51274399,1.31791896,1031552878.702,1.0795673190144357,1.00145375
2020-01-02 00:00:00+00:00,678392.0,3113607.64673616,288.0440256200018,0.00775826,0.0056853716666666,96717718312.38075,1005.11412383,1851617.96253373,1.25053513,1094250017.99127,0.8858754638572215,0.99696844
2020-01-01 00:00:00+00:00,522168.0,3113319.60271054,4186.5163948200025,0.00456345,0.0076569416666666,119353780045.06564,1004.62503188,1851831.67127263,1.29266855,1086420502.8402,1.109152735560229,0.99844725
2019-12-31 00:00:00+00:00,669836.0,3109133.08631572,-10919.261354119995,0.00812224,0.00885062,93333320190.55548,1003.84909334,1851196.07927859,1.28981756,1071826472.0,0.9295340237182568,0.99352126
2019-12-30 00:00:00+00:00,730522.0,3120052.29766984,1017.3678138899996,0.00760573,0.007710605,106850559666.42902,1003.24499101,1851532.47432271,1.29551848,1062287937.0,1.0790505380135325,0.98168789
2019-12-29 00:00:00+00:00,587289.0,3119034.97985595,1729.7067458300007,0.00646592,0.00580393,99770100893.3524,1002.95198565,1851306.97456179,1.32378279,1044814547.0,1.0136359263970862,1.0015636
2019-12-28 00:00:00+00:00,630088.0,3117305.27311012,3057.71406396,0.00735697,0.0027315416666666,95908032471.67424,1002.24685582,1851596.1170044,1.30887411,1029333116.0,0.9714388645301548,0.99917556
2019-12-27 00:00:00+00:00,706116.0,3114247.55904616,311.4771392699986,0.00935515,0.0091205783333333,93333320190.55548,1001.55359027,1850998.87898207,1.30561432,1028733766.0,0.934445332027568,0.99351653
2019-12-26 00:00:00+00:00,639350.0,3113936.08190689,3456.9648636700003,0.00897835,0.00821071,107494237736.70872,1000.94797423,1850974.24198918,1.29133425,1001194855.0,1.0800791453453462,0.99611523
2019-12-25 00:00:00+00:00,543220.0,3110479.11704322,1637.3947070699978,0.00814067,0.0076856566666666,82390792995.80069,1000.93237757,1859799.65815568,1.29005589,988665798.0,0.8273794983570455,0.95992873
2019-12-24 00:00:00+00:00,668281.0,3108841.72233615,-7903.479783379997,0.01114384,0.0093306883333333,80459758784.96161,1000.79542878,1859943.58818364,1.30112854,988158471.0,0.8198102945625524,1.00026136
2019-12-23 00:00:00+00:00,706461.0,3116745.20211953,8349.399190309996,0.01044695,0.0088579566666666,92045964049.99608,1000.25762703,1862921.49466791,1.31291923,1008440311.0,0.9657761396997354,1.00285854
2019-12-22 00:00:00+00:00,586703.0,3108395.80292922,1043.1397336699993,0.00602459,0.0041223083333333,108781593877.2681,999.6907928,1860065.06913119,1.34563941,1047001078.0,1.0938009591232989,0.99977464
2019-12-21 00:00:00+00:00,621622.0,3107352.66319555,-2448.2998356800017,0.00749314,0.0024895233333333,113287340369.22597,998.97262957,1860391.90920469,1.27700623,1008123087.0,1.1307399855947464,0.99783233
2019-12-20 00:00:00+00:00,711789.0,3109800.96303123,13149.994462229995,0.01289673,0.0025132683333333,100413778963.6321,998.28754687,1859290.1531204,1.28935049,1020007519.0,1.0103828983861585,1.00146164
2019-12-19 00:00:00+00:00,728848.0,3096650.968569,-2622.8825095999928,0.01442108,0.0021008316666666,101057457033.9118,998.6857534,1859971.04410967,1.28015894,994352955.0,1.019211662660425,1.0010513
2019-12-18 00:00:00+00:00,743777.0,3099273.8510786,9205.915105430002,0.01614298,-0.0127616333333333,85774913162.34146,998.21076271,1860201.63230237,1.3094569,971593524.0,0.8277159416208086,0.97811249
2019-12-17 00:00:00+00:00,891039.0,3090067.93597317,5521.3027620799985,0.01284128,-0.0005679666666666,90255692208.13542,998.12460659,1859619.69316082,1.18261947,1092227688.0,0.8710932732431934,0.99114813
2019-12-16 00:00:00+00:00,793630.0,3084546.63321109,477.0998984399994,0.01116726,0.0044339416666666,100497472884.23589,997.62223411,1859369.66146641,1.22925398,1100570877.0,1.0039600531814654,0.98824744
2019-12-15 00:00:00+00:00,645548.0,3084069.53331265,-463.0359311600005,0.01302037,-0.00070846,79373800239.77867,997.07533872,1859768.38558844,1.27524882,1093438385.0,0.8016499703624758,0.99837618
2019-12-14 00:00:00+00:00,630775.0,3084532.56924381,1557.6430036099991,0.00807417,-0.0005971633333333,96656805130.6982,996.38155828,1859433.3916236,1.26295729,1127042543.0,0.9834383057138352,0.99330329
2019-12-13 00:00:00+00:00,729491.0,3082974.9262402,-73.31757425999967,0.01168869,0.0015521133333333,97296916422.9545,995.69872126,1859219.62855542,1.29334958,1083712300.0,1.0026768148875778,0.99745458
2019-12-12 00:00:00+00:00,723511.0,3083048.24381446,-520.2604853899975,0.0133905,0.0031131333333333,85134801870.08517,995.04854866,1860456.9287391,1.28701015,1071170065.0,0.8737511806214528,0.99080151
2019-12-11 00:00:00+00:00,793441.0,3083568.50429985,-1235.7526752400008,0.01469258,0.0051769216666666,84494690577.8289,994.45391996,1860620.23108061,1.28637615,1116397493.0,0.8734483417302116,0.99291625
2019-12-10 00:00:00+00:00,803303.0,3084804.25697509,-1691.482886320002,0.01239692,0.00842529,94736471253.92937,993.94157942,1860407.92479221,1.288393,1073093244.0,0.990017248547684,0.99394395
2019-12-09 00:00:00+00:00,784036.0,3086495.73986141,3834.8340635700006,0.01165748,0.00420283,94736471253.92937,993.25224322,1860584.76626608,1.30717485,1024358443.0,1.0142247543697949,0.99753269
2019-12-08 00:00:00+00:00,587615.0,3082660.90579784,-271.90020302999983,0.00777874,0.0036038133333333,94736471253.92937,992.60794345,1860450.70295692,1.33954243,1024864464.0,1.0157318431474982,0.99863849
2019-12-07 00:00:00+00:00,658981.0,3082932.80600087,3577.94289441,0.00923348,0.00414873,99217250299.72331,991.83158697,1860672.50019166,1.34067101,1021643089.0,1.0724630423490005,1.0008559
2019-12-06 00:00:00+00:00,743973.0,3079354.86310646,-2598.194700100001,0.01362312,0.0052703266666666,92816137377.16054,991.0408382,1860042.73423242,1.34153242,997545430.0,0.9934024189869078,0.99508685
2019-12-05 00:00:00+00:00,730613.0,3081953.05780656,-1253.2312754399973,0.01266064,-0.0017230083333333,92816137377.16054,990.53601625,1860123.14638137,1.32078287,976120591.0,0.9846338420271188,0.99132482
2019-12-04 00:00:00+00:00,758379.0,3083206.289082,-417.1766617500107,0.01395602,0.0003740783333333,107698810682.30035,989.89985311,1860054.93260354,1.28028013,1010703840.0,1.1290085692680842,0.9988963
2019-12-03 00:00:00+00:00,753760.0,3083623.46574375,803.9265050600006,0.01273563,0.0014479466666666,101894683160.49973,989.57770003,1859250.93397441,1.29701566,1038578588.0,1.0732022482155512,0.98709597
2019-12-02 00:00:00+00:00,736979.0,3082819.53923869,5506.388665719998,0.01419081,0.0026981149999999,93510943406.78772,989.09358576,1859283.68941572,1.29737385,1017279542.0,0.9876592744854568,0.98746305
2019-12-01 00:00:00+00:00,607737.0,3077313.15057297,-6851.491302269998,0.01245234,0.0047778199999999,89641525058.92065,988.54136685,1859071.34376697,1.31831201,1000974286.0,0.9507508333864224,0.99084348
2019-11-30 00:00:00+00:00,677656.0,3084164.64187524,-12272.48428166,0.01699524,0.002363285,81257785305.20865,987.79925369,1858540.20091689,1.33852016,996873669.0,0.9043095701640484,0.99039942
2019-11-29 00:00:00+00:00,735146.0,3096437.1261569,-5888.8077823700005,0.01887596,-0.0004178783333333,87706815884.9871,987.32192219,1858322.4781745,1.37546704,1003175068.0,0.972054517330955,0.9967558
2019-11-28 00:00:00+00:00,703998.0,3102325.93393927,-5969.820600660001,0.01268224,0.00072255,105119198450.38896,986.64982553,1859259.83294859,1.3158816,963564857.0,1.1466254349687537,0.99861468
2019-11-27 00:00:00+00:00,827228.0,3108295.75453993,1211.0354317299934,0.01911543,-0.0035662633333333,89641525058.92065,985.9313432,1859011.26684908,1.33687225,961392509.0,0.9514553983319995,0.9832267
2019-11-26 00:00:00+00:00,785864.0,3107084.7191082,3989.9122064300022,0.0254775,-0.0044896466666666,78678173073.29726,985.66864589,1858893.10324167,1.26844039,970574629.0,0.8278097265762284,0.98503064
2019-11-25 00:00:00+00:00,665246.0,3103094.80690177,657.351017559995,0.02018263,-0.0077046533333333,80612882247.2308,985.23943614,1859200.89336013,1.26450421,971480374.0,0.8204207769232921,0.98386858
2019-11-24 00:00:00+00:00,559893.0,3102437.45588421,2888.3995332300037,0.01028381,-0.0017853366666666,84482300595.09789,985.04698786,1859437.08617818,1.2259617,1042502108.0,0.8782682749941332,1.00035432
2019-11-23 00:00:00+00:00,673391.0,3099549.05635098,-1529.2901656299946,0.0098661,-0.0116969733333333,111568229030.16742,985.45788106,1859970.12592297,1.29295109,1037306065.0,1.1749874973887526,0.98002915
2019-11-22 00:00:00+00:00,808622.0,3101078.34651661,-2310.822343849999,0.02368075,-0.0096417333333333,85127203653.07573,985.34837194,1859314.31177966,1.28749144,1028427559.0,0.917876403592172,0.97588021
2019-11-21 00:00:00+00:00,793358.0,3103389.16886046,3250.562410049999,0.02107025,0.011415815,88351718942.96495,985.79430107,1858738.73150328,1.347537,1165963572.0,1.0216508866624177,0.98903188
2019-11-20 00:00:00+00:00,701264.0,3100138.60645041,-2985.0358690499997,0.01518214,0.0069470866666666,89788714597.58537,985.36403462,1858855.38541187,1.42220355,1315294957.0,1.0901466384129817,0.99108209
2019-11-19 00:00:00+00:00,831643.0,3103123.64231946,-4440.6549772,0.01836048,0.0069839216666666,92950289055.24684,984.71218684,1858738.81570016,1.42579066,1308232715.0,1.1360147202461062,0.99332933
2019-11-18 00:00:00+00:00,687896.0,3107564.29729666,14064.602484090006,0.01565236,0.0115481583333333,88524084814.5208,984.12102083,1861726.99303985,1.43421606,1290040684.0,1.1186733425516937,0.99485875
2019-11-17 00:00:00+00:00,596022.0,3093499.69481257,719.8624789100013,0.01083266,0.0063809416666666,97376493295.97289,984.03473533,1861452.3599586,1.49129327,1292675089.0,1.242367726325842,0.99958733
2019-11-16 00:00:00+00:00,681650.0,3092779.83233366,561.1559396800003,0.01224463,0.0036076883333333,93582603946.77911,983.24829351,1861646.81899488,1.49144918,1289977285.0,1.1906277626775787,0.99662303
2019-11-15 00:00:00+00:00,764275.0,3092218.67639398,-66.37898694999603,0.01478992,0.0055487683333333,99905752862.10204,982.43137801,1861106.72439134,1.48747926,1281910243.0,1.2873263238612669,0.99807012
2019-11-14 00:00:00+00:00,748626.0,3092285.05538093,-16569.041567160006,0.013837,0.0085142966666666,106861216668.95724,981.95499006,1861057.64233889,1.51318758,1324732152.0,1.396775060888207,0.99724554
2019-11-13 00:00:00+00:00,761880.0,3108854.09694809,13596.01849247,0.01992964,0.0093844133333333,85362510356.85933,981.30055713,1860982.672092,1.54046218,1291954346.0,1.135863240140521,1.0184449
2019-11-12 00:00:00+00:00,678955.0,3095258.07845562,-1448.4186328900032,0.01669736,0.0074858216666666,85362510356.85933,982.44121978,1860789.4622986,1.5492682,1237540543.0,1.1313231468324183,0.99647843
2019-11-11 00:00:00+00:00,698264.0,3096706.49708851,383.12560088000464,0.01542067,0.0080457899999999,95479548621.376,981.81970267,1861049.08752786,1.53392405,1244562811.0,1.273071769614582,0.99894732
2019-11-10 00:00:00+00:00,585409.0,3096323.37148763,837.6923007700025,0.0113711,0.0042979366666666,104964271994.36037,981.24257785,1861272.88535548,1.58802553,1282564693.0,1.411698022823675,1.0017974
2019-11-09 00:00:00+00:00,728801.0,3095485.67918686,-252.87365128999951,0.01609376,0.0042114833333333,91053344380.64996,980.44065386,1860549.96765534,1.54915293,1274841360.0,1.219746239555336,0.99747447
2019-11-08 00:00:00+00:00,723610.0,3095738.55283815,-12597.66129325,0.02491869,0.0132381783333333,80936306116.1333,979.67347486,1860370.39977787,1.5396923,1285042890.0,1.1177566425967496,0.9951907
2019-11-07 00:00:00+00:00,786057.0,3108336.2141314,5160.887584389995,0.02300577,0.0174072066666666,85362510356.85933,979.05805625,1860124.14443023,1.61722453,1296785248.0,1.2102411298575912,1.00238717
2019-11-06 00:00:00+00:00,837371.0,3103175.32654701,22831.49408915,0.02289702,0.0173612483333333,89840145694.48947,978.73491838,1859310.38498917,1.63972124,1084785086.0,1.196524896557171,1.00062801
2019-11-05 00:00:00+00:00,792812.0,3080343.83245786,6386.693477529996,0.02371945,0.0179746116666666,98007431666.7158,978.97705809,1859126.3548348,1.63543799,1059128680.0,1.3080132676052445,0.9675212
2019-11-04 00:00:00+00:00,743530.0,3073957.13898033,1386.2708317900033,0.02843326,0.0112792533333333,89840145694.48947,979.86614395,1858851.06303616,1.65024725,1072878582.0,1.196792308106641,1.00430022
2019-11-03 00:00:00+00:00,626689.0,3072570.86814854,623.9250811800011,0.01488588,0.00698695,93923788680.60265,979.22341116,1859985.84315404,1.61320477,1032548671.0,1.2307989733147051,0.99946178
2019-11-02 00:00:00+00:00,630465.0,3071946.94306736,1483.1668805199988,0.01626265,0.0076225899999999,91201360023.19386,978.51276326,1859781.86653058,1.62872376,1039846515.0,1.2059158085445527,1.00398932
2019-11-01 00:00:00+00:00,795079.0,3070463.77618684,-2340.719430469995,0.02413406,0.0082203983333333,88478931365.7851,977.87646928,1859022.47984002,1.62387964,1015471776.0,1.163689063998372,1.01253277
2019-10-31 00:00:00+00:00,703141.0,3072804.49561731,2312.6815167000022,0.02104177,0.0075034483333333,89840145694.48947,978.9870932,1857197.56758394,1.60567677,990353540.0,1.1809447521904122,1.00220492
2019-10-30 00:00:00+00:00,725871.0,3070491.81410061,1503.2889670000004,0.01969472,0.00962394,91201360023.19386,978.82927159,1857628.16497381,1.60853063,1005308786.0,1.1988865075526804,1.00090475
2019-10-29 00:00:00+00:00,727817.0,3068988.52513361,-2655.980241160003,0.02088978,0.017831045,90520752858.84166,978.1939613,1856727.02028962,1.65519462,1037118808.0,1.2175577672706013,1.0090181
2019-10-28 00:00:00+00:00,752676.0,3071644.50537477,6042.833832730001,0.02217426,0.0272915016666666,91201360023.19386,977.86843872,1856641.69806849,1.62098725,957267976.0,1.2415938642622846,1.01387418
2019-10-27 00:00:00+00:00,591957.0,3065601.67154204,3708.0648480300006,0.02308609,0.0113579533333333,78269823900.5022,977.73494829,1857320.88372171,1.68284824,950037828.0,1.0636528422202094,1.01339329
2019-10-26 00:00:00+00:00,767837.0,3061893.60669401,15795.74519124,0.02661856,0.0197640433333333,95285003009.30702,977.08310322,1857202.41434282,1.6328453,888354562.0,1.2867101012671036,1.03465502
2019-10-25 00:00:00+00:00,789550.0,3046097.86150277,17831.19222548,0.02049115,-0.0036399166666666,93923788680.60265,976.61450706,1857803.42128051,1.5316084,934022012.0,1.0713545993961742,1.00778681
2019-10-24 00:00:00+00:00,713982.0,3028266.66927729,-4.7814435999971465,0.01712126,-0.0133867683333333,90520752858.84166,976.42229626,1857369.11508386,1.31649504,1036943415.0,0.9671010405716052,0.97180855
2019-10-23 00:00:00+00:00,744132.0,3028271.45072089,983.4027716099954,0.01457972,0.0002192933333333,114342003611.16844,976.0428067,1857323.70732529,1.31973318,1025044229.0,1.2670689388707737,0.98149833
2019-10-22 00:00:00+00:00,725915.0,3027288.04794928,2242.107818960001,0.01040697,0.0041522216666666,109281440758.32684,975.47632953,1856652.09121742,1.41598866,1076460058.0,1.3448768900565855,0.99815856
2019-10-21 00:00:00+00:00,736594.0,3025045.94013032,-417.2875844099981,0.0102745,0.0046546183333333,102815083317.00574,974.79872949,1857553.67584842,1.44969761,1023102967.0,1.2707849599387002,0.99418173
2019-10-20 00:00:00+00:00,568269.0,3025463.22771473,1159.5213664599978,0.00860662,0.004464195,94408818643.28828,975.83115715,1857191.64440887,1.45170197,1019212136.0,1.1413344775455798,1.00013498
2019-10-19 00:00:00+00:00,632139.0,3024303.70634827,-793.4643220899998,0.01020864,0.003567795,91822275666.75984,975.11818855,1856879.50724996,1.40285529,1025527968.0,1.101622739231802,0.9995917
2019-10-18 00:00:00+00:00,675694.0,3025097.17067036,10674.746778499995,0.0123181,0.00050941,103461719061.13783,974.35610738,1857604.4426201,1.40249732,1037283768.0,1.2451161298675903,0.99410234
2019-10-17 00:00:00+00:00,727637.0,3014422.42389186,-578.6673205500047,0.01336759,0.0023419833333333,96995361619.81673,974.02371932,1857187.26408474,1.42315774,1044080671.0,1.178829987775737,0.99712751
2019-10-16 00:00:00+00:00,737761.0,3015001.09121241,1085.8271935899977,0.01592576,0.00651556,92468911410.89195,973.57407348,1857382.07051532,1.40903393,1052711575.0,1.1389980654390663,0.99124513
2019-10-15 00:00:00+00:00,707906.0,3013915.26401882,4210.33050615,0.01335878,0.0076943266666666,98935268852.21306,973.00369091,1857229.15089804,1.43779645,1036612501.0,1.239831131970152,0.98742583
2019-10-14 00:00:00+00:00,693483.0,3009704.93351267,-116175.28217204002,0.01391926,0.006647195,87295825457.83505,972.94275566,1856915.45057251,1.47000631,1000020426.0,1.0998742058516,1.07153241
2019-10-13 00:00:00+00:00,541139.0,3125880.21568471,3863.9419183799982,0.00903362,0.002229785,91822275666.75984,976.36264522,1857052.4142227,1.46406416,984659232.0,1.1597184110869705,0.9963657
2019-10-12 00:00:00+00:00,590439.0,3122016.27376633,-910.2615272000004,0.01233463,0.001622285,86002553969.57083,975.53080055,1857106.62312541,1.46797288,1005751920.0,1.087508593199639,1.00097987
2019-10-11 00:00:00+00:00,726807.0,3122926.53529353,-8331.750317079997,0.01407105,0.006009285,100875176084.6094,974.80110893,1857096.85253182,1.46251665,1002079811.0,1.2892926694472528,0.99495773
2019-10-10 00:00:00+00:00,733534.0,3131258.28561061,3438.8851734799973,0.01625801,0.00803292,104754990549.40208,974.20405844,1857667.67188032,1.51397721,1009712595.0,1.3669945954895069,0.99971219
2019-10-09 00:00:00+00:00,700147.0,3127819.40043713,2791.57036487,0.01729904,0.00477318,87532580696.55867,973.52241767,1857992.56265784,1.51665981,984682960.0,1.1390405926632463,1.00008371
2019-10-08 00:00:00+00:00,719574.0,3125027.83007226,7886.381978199999,0.01347481,0.0006766116666666,102755638209.00365,972.79756684,1859206.69396306,1.44357754,956659469.0,1.312172611174394,1.00000584
2019-10-07 00:00:00+00:00,736371.0,3117141.44809406,-378.88906688000134,0.01259,-0.0003173449999999,98315579767.87389,972.55420351,1858270.52311087,1.45093504,955145723.0,1.2290949385473349,0.99593849
2019-10-06 00:00:00+00:00,563665.0,3117520.33716094,3577.9104755900007,0.00877651,-0.0032871983333333,94509815389.76262,972.05659224,1858698.52900629,1.38882683,986794939.0,1.1687636266757555,0.99087764
2019-10-05 00:00:00+00:00,633816.0,3113942.42668535,2248.517827339998,0.00960215,-0.0031949916666666,100218461956.92947,971.2783674,1858093.32479786,1.43670044,951973412.0,1.2621587573411863,0.9965169
2019-10-04 00:00:00+00:00,712820.0,3111693.90885801,-605.1403370699991,0.01490571,-0.0038277316666666,93241227263.72554,970.48038698,1858001.77922094,1.43843185,949648464.0,1.1880019008102094,0.99344576
2019-10-03 00:00:00+00:00,704751.0,3112299.04919508,-2755.44890933,0.02020066,-0.001164955,93241227263.72554,969.82568024,1857535.52774768,1.45504035,947888505.0,1.2085152674402886,0.99191307
2019-10-02 00:00:00+00:00,714454.0,3115054.49810441,-1527.954903470003,0.01971185,-0.0091787999999999,93875521326.74408,969.13639496,1857953.82794974,1.48104206,983460620.0,1.2186335969132829,0.99438942
2019-10-01 00:00:00+00:00,772742.0,3116582.45300788,-3066.5693348799978,0.02629148,-0.0046703783333333,90704051011.65137,968.42450267,1857772.02496922,1.46580461,986102722.0,1.2018662290500357,0.99257363
2019-09-30 00:00:00+00:00,740484.0,3119649.02234276,2721.954406720004,0.02461762,-0.0047691633333333,82458228192.41034,967.73289892,1858017.82308615,1.46528385,963467469.0,1.053724967287767,0.9940836
2019-09-29 00:00:00+00:00,560917.0,3116927.06793604,-1433.6013873800002,0.0122031,-0.0021502883333333,86263992570.52159,967.22786856,1857866.50531342,1.42011707,954056238.0,1.088071785860724,0.99279444
2019-09-28 00:00:00+00:00,629982.0,3118360.66932342,-1018.0957847300016,0.011521,-0.0050760183333333,100852756019.94804,966.4903566,1857876.80970927,1.44767109,928137194.0,1.2851113364716005,0.98641008
2019-09-27 00:00:00+00:00,701101.0,3119378.76510815,-3977.195273900005,0.02034318,-0.0004403933333333,83726816318.44742,965.87972784,1858020.189818,1.44010131,942101065.0,1.062833398833748,0.99331783
2019-09-26 00:00:00+00:00,747716.0,3123355.96038205,3624.58653832,0.01504129,0.00263045,108464284776.17052,965.37617184,1858733.85370048,1.41911338,931666501.0,1.4072487769556077,0.96175777
2019-09-25 00:00:00+00:00,799468.0,3119731.37384373,6329.456411669991,0.02148948,-0.0206219516666666,92209210307.51852,965.06904058,1858420.81894668,1.47925928,948900082.0,1.3213001639288515,0.97262187
2019-09-24 00:00:00+00:00,836549.0,3113401.91743206,27638.430346180015,0.01922151,0.0008398733333333,92800294988.97696,964.75354755,1858529.91280347,1.48933039,1048403634.0,1.4735934326761495,0.99694468
2019-09-23 00:00:00+00:00,724610.0,3085763.48708588,581.3045629499975,0.02209409,0.0083906183333333,67383653686.263535,965.70664426,1858645.85508979,1.6930511,1295471059.0,1.1330959678670556,0.99824495
2019-09-22 00:00:00+00:00,596346.0,3085182.18252293,674.0861140599991,0.00979576,0.007486175,98120057122.10304,965.10536374,1859156.99598352,1.75220859,1266723302.0,1.648273291889264,0.99998209
2019-09-21 00:00:00+00:00,644728.0,3084508.09640887,4418.835184719999,0.01115158,0.0058305883333333,98120057122.10304,964.31054378,1859078.47869045,1.74303252,1255312445.0,1.6626385550458458,1.00063167
2019-09-20 00:00:00+00:00,731508.0,3080089.26122415,588.0747498600031,0.0166905,0.01349708,89253786900.22626,963.60702051,1858497.03416447,1.77549044,1249188576.0,1.5444021531814875,1.00344628
2019-09-19 00:00:00+00:00,731760.0,3079501.18647429,-2056.13117968,0.0193714,0.003751905,87480532855.8509,963.04598173,1859061.37682317,1.79065364,1233362218.0,1.4929208019018296,0.99712381
2019-09-18 00:00:00+00:00,859200.0,3081557.31765397,228.9695361500053,0.01544769,0.0135306283333333,102848734573.77066,962.37753399,1859866.76351747,1.77392994,1338375696.0,1.7857958897102073,1.01427214
2019-09-17 00:00:00+00:00,783196.0,3081328.34811782,5744.365111499996,0.01838088,0.0121032749999999,87480532855.8509,962.31711277,1858755.69677636,1.78373243,1308286178.0,1.5302681106276563,1.00332818
2019-09-16 00:00:00+00:00,773306.0,3075583.98300632,3335.6536490100043,0.01415679,0.0143103066666666,96346803077.72768,961.79153321,1858375.11895319,1.79683322,1311306360.0,1.6872359769655525,1.00083119
2019-09-15 00:00:00+00:00,562238.0,3072248.32935731,1651.3322179399984,0.00983057,0.013593635,86889448174.39246,961.09251029,1858501.87968711,1.80311344,1330599449.0,1.5265393637203497,1.00360653
2019-09-14 00:00:00+00:00,659001.0,3070596.99713937,1927.3620932199992,0.01073498,0.0151164816666666,91618125626.06006,960.47968883,1858625.28323158,1.80948901,1321629769.0,1.6178292050833942,1.00519066
2019-09-13 00:00:00+00:00,761742.0,3068669.63504615,-1453.349790289998,0.01447561,0.0150037716666666,88662702218.7678,959.76452708,1859283.46379283,1.81161206,1302238121.0,1.5712931078628627,1.00800206
2019-09-12 00:00:00+00:00,749285.0,3070122.98483644,5366.700739979999,0.01472282,0.0106723666666666,84605659658.96172,959.11101216,1859248.91692378,1.82572435,1284305501.0,1.6439356530223457,1.00458786
2019-09-11 00:00:00+00:00,795971.0,3064756.28409646,3304.289315490001,0.01489553,0.0108305366666666,98528109982.58832,958.5814749,1859243.2937487,1.78102735,1249309580.0,1.8887310972259508,1.02401861
2019-09-10 00:00:00+00:00,807317.0,3061451.99478097,-3224.3864741,0.01615184,0.010117015,97457152265.38628,958.73907843,1859056.96756498,1.77485027,1246638624.0,1.9053290293655156,1.0003034
2019-09-09 00:00:00+00:00,765863.0,3064676.38125507,5224.428205429998,0.01760854,0.0141765483333333,78179913355.74944,958.06808931,1858986.15869126,1.81531609,1255251243.0,1.5469030728002886,1.0043655
2019-09-08 00:00:00+00:00,568191.0,3059451.95304964,2492.037405629999,0.0097336,0.0094145816666666,94779757972.38116,957.59262971,1859289.23669409,1.82911611,1267507347.0,1.889378378088264,1.00558089
2019-09-07 00:00:00+00:00,617442.0,3056959.91564401,1313.07534639,0.01404947,0.0059372116666666,80321828790.15352,956.88633681,1857541.19642398,1.84550246,1267351497.0,1.607388241154544,1.00478722
2019-09-06 00:00:00+00:00,789916.0,3055646.84029762,1342.3099349299955,0.01858301,0.0129928883333333,84605659658.96172,956.15833643,1857530.45594019,1.81542599,1244301566.0,1.74161481658461,1.07629064
2019-09-05 00:00:00+00:00,736089.0,3054304.53036269,11109.425118289995,0.01747954,0.0084391866666666,88354011669.16888,960.27553829,1857239.25348532,1.87665795,1250290638.0,1.804385000331403,1.00683442
2019-09-04 00:00:00+00:00,747327.0,3043195.1052444,3108.0577208499963,0.0214953,0.0114549816666666,72825124769.7392,959.91083338,1858416.00543112,1.87908497,1064722243.0,1.496603278975033,1.00673656
2019-09-03 00:00:00+00:00,799882.0,3040087.04752355,10390.273832450002,0.01865904,0.0138856866666666,87818532810.56786,959.42706566,1858604.08261282,1.88922709,1031853934.0,1.7943481766211686,1.01442159
2019-09-02 00:00:00+00:00,725197.0,3029696.7736911,2751.395998339998,0.01520744,-0.0049332283333333,79786349931.5525,958.89976872,1858939.43167691,1.84724182,1009123627.0,1.5413095586548662,1.00500885
2019-09-01 00:00:00+00:00,566105.0,3026945.37769276,258.2306670399994,0.01109907,0.0021772933333333,76573476779.94637,958.31517728,1859376.45187443,1.73392254,993867060.0,1.4255586102522102,1.00332645
2019-08-31 00:00:00+00:00,605843.0,3026687.14702572,-655.4761146399997,0.01145164,0.0001738199999999,84033176657.68329,957.60116246,1859151.24764986,1.71075522,996396405.0,1.6518547956345908,0.99789212
2019-08-30 00:00:00+00:00,729208.0,3027342.62314036,-9512.594459689994,0.01693841,-0.0066870366666666,80995832923.06822,956.82468552,1859112.54965536,1.71097054,997202632.0,1.5940778426618274,0.99814621
2019-08-29 00:00:00+00:00,735860.0,3036855.21760005,-5006.156584340002,0.01617876,-0.0072333,83526952701.91411,956.12622152,1859364.99949734,1.69347162,998570582.0,1.64277878321508,0.98836457
2019-08-28 00:00:00+00:00,713002.0,3041861.37418439,1504.4148346500006,0.01762821,0.0064445866666666,76439817321.14563,955.50182034,1859108.69216633,1.73200547,1028102683.0,1.588621032020893,1.0014948
2019-08-27 00:00:00+00:00,728435.0,3040356.95934974,-284.42421524000383,0.01974074,0.0063473,68340234028.83881,954.89369297,1859335.7986641,1.81531866,964632748.0,1.4452795949030135,1.00741779
2019-08-26 00:00:00+00:00,747739.0,3040641.38356498,6808.413110759997,0.01900147,0.0125383283333333,69352681940.37717,954.63358228,1859588.73089025,1.8489501,940750112.0,1.48981554923969,1.00794155
2019-08-25 00:00:00+00:00,521399.0,3033832.97045422,1143.5086916100008,0.01101489,0.0004926566666666,78464713144.22234,954.03910016,1860198.3981613,1.81049663,978844051.0,1.6338129800024137,1.00312425
2019-08-24 00:00:00+00:00,701311.0,3032689.46176261,-425.1697872100012,0.01482249,0.001368515,80995832923.06822,953.41728009,1859887.56410379,1.81174491,970374603.0,1.7065098673916927,1.00177645
2019-08-23 00:00:00+00:00,790328.0,3033114.63154982,-984.1490127299984,0.02122543,0.0007613516666666,77452265232.68399,952.68385333,1859740.51493171,1.85609161,1024704093.0,1.6622091202905422,1.05632858
2019-08-22 00:00:00+00:00,826533.0,3034098.78056255,5198.30898532,0.02972686,-0.0011630733333333,71377577763.45387,952.74321752,1859915.80283842,1.81138532,983730146.0,1.5158504914295026,0.99975284
2019-08-21 00:00:00+00:00,770011.0,3028900.47157723,-2238.2189404600067,0.02980545,0.0028421566666666,68846457984.60799,952.03646839,1861153.29934149,1.81866144,947646240.0,1.4873246131379476,0.99990614
2019-08-20 00:00:00+00:00,751190.0,3031138.69051769,885.207128869999,0.02383132,0.0066550383333333,77452265232.68399,951.46040198,1861786.24897472,1.92901079,980583714.0,1.755923024997251,1.00130407
2019-08-19 00:00:00+00:00,700842.0,3030253.48338882,1956.009527950002,0.02004141,0.003431075,82514504790.37575,950.92745668,1861658.10127807,1.95980837,955698313.0,1.8355652210136668,1.00501639
2019-08-18 00:00:00+00:00,534668.0,3028297.47386087,1852.120775270001,0.01818529,0.0008906383333333,63784218426.91623,950.42376982,1861416.27042555,1.85426483,907313612.0,1.3800961718458962,1.0021765
2019-08-17 00:00:00+00:00,572536.0,3026445.3530856,871.2225447799992,0.02163561,-0.0014655916666666,63535915753.76968,949.62723465,1861512.76536081,1.83553438,912340414.0,1.4083399962625998,0.99857847
2019-08-16 00:00:00+00:00,693285.0,3025574.13054082,-9238.641982919997,0.02717826,-0.005102065,72967028248.46986,948.87690986,1861702.39960044,1.85887661,902901144.0,1.6242851560335372,1.00369566
2019-08-15 00:00:00+00:00,713758.0,3034812.77252374,-3470.6130931000007,0.02670569,-0.00392304,77930771666.73312,948.21788566,1861516.43190631,1.85117222,906364921.0,1.6929342523217843,0.99510569
2019-08-14 00:00:00+00:00,761112.0,3038283.38561684,25.559051010000985,0.0299697,0.0095801583333333,75448899957.60149,947.5444525,1861439.10769078,1.80339637,986913992.0,1.7209035409144688,1.00563618
2019-08-13 00:00:00+00:00,874350.0,3038257.82656583,650.8184041999993,0.03685259,0.017897365,77930771666.73312,947.15518311,1862268.12707335,1.9502696,1099724363.0,1.917438070072698,1.01157634
2019-08-12 00:00:00+00:00,644677.0,3037607.00816163,4529.223604089999,0.02950514,0.0116997966666666,66017787462.901306,946.82095055,1861266.27990382,2.05119363,1081440691.0,1.650146302347114,1.00739731
2019-08-11 00:00:00+00:00,547312.0,3033077.78455754,952.3281796699994,0.01561921,0.0114073233333333,75945274299.42781,946.2049158,1861765.65784534,2.08020151,1073256819.0,1.872073838781244,1.01259763
2019-08-10 00:00:00+00:00,613419.0,3032125.45637787,2242.3225922800048,0.02059492,0.0204213383333333,74952525615.77516,945.68375501,1861495.54908429,2.03957593,1090338544.0,1.887954607053012,1.00211229
2019-08-09 00:00:00+00:00,749824.0,3029883.13378559,3151.33057708,0.03433512,0.03820642,72967028248.46986,945.04222664,1861041.29309808,2.14324115,1143616013.0,1.9129600389929533,1.00850736
2019-08-08 00:00:00+00:00,820883.0,3026730.64242112,3611.063790909997,0.03812793,0.038243485,70485156539.33824,944.3704756,1861420.82272425,2.17153515,1067088183.0,1.853543598039668,1.01716539
2019-08-07 00:00:00+00:00,809610.0,3023120.7394176,-14651.99067033,0.03571119,0.0350746933333333,75945274299.42781,944.07567296,1861741.46134859,2.17066684,1048521242.0,1.978774046125627,1.02452481
2019-08-06 00:00:00+00:00,858666.0,3037772.73008793,-31097.382786479997,0.02225386,0.0447142,79916269034.03842,943.75917386,1861432.40195799,2.08610827,1017445191.0,2.0712048205398657,1.02241151
2019-08-05 00:00:00+00:00,795985.0,3068870.11287441,9727.506566330005,0.02309495,0.0243153833333333,70981530881.16457,944.02459913,1861934.65202499,2.15915076,1023299550.0,1.83358904890647,1.02329361
2019-08-04 00:00:00+00:00,583096.0,3059142.60630808,1371.6195106999985,0.0093593,0.01428365,74828989170.53998,944.85451915,1862008.51474005,2.00910996,968117638.0,1.9600375782333932,1.01121999
2019-08-03 00:00:00+00:00,625762.0,3057770.98679738,1346.9530345099993,0.01254712,0.0076562016666666,77517455847.32585,944.39328244,1861968.49079429,1.98864494,948454942.0,2.032851803107611,1.01509809
2019-08-02 00:00:00+00:00,775877.0,3056424.03376287,8655.307153349997,0.02071604,0.00476571,75725144729.46861,943.62887658,1861181.02726219,1.9377825,913414153.0,1.948210180328581,1.0144159
2019-08-01 00:00:00+00:00,760278.0,3047768.72660952,6509.085321780003,0.02565276,0.0098703166666666,63627044683.9322,942.97230649,1863215.77478429,1.91507216,871701863.0,1.5838290520758502,1.00827422
2019-07-31 00:00:00+00:00,777284.0,3041259.64128774,-2750.6354516400024,0.02446964,0.0034670499999999,76621300288.39723,942.54547439,1865185.6339907,1.86053075,832980546.0,1.87436343120356,1.00427373
2019-07-30 00:00:00+00:00,744134.0,3044010.27673938,-2148.1742531499985,0.03281741,0.0035621683333333,63627044683.9322,941.90779517,1865681.02313626,1.76923398,805118270.0,1.517028553895494,1.00119134
2019-07-29 00:00:00+00:00,725281.0,3046158.45099253,3290.2148425600026,0.01857504,0.0056656516666666,75277066950.00429,941.3310842,1865107.62591462,1.75429254,783414656.0,1.770595714700765,1.07485354
2019-07-28 00:00:00+00:00,530868.0,3042868.23614997,330.82047964999947,0.01195398,-0.0025313866666666,78413611406.25447,955.15036542,1865630.27180963,1.79190079,780988015.0,1.821303084540985,0.99882909
2019-07-27 00:00:00+00:00,586285.0,3042537.41567032,-741.9651084100042,0.017093,0.0029191633333333,68107822478.57532,954.38168911,1864811.49470256,1.7821864,837372998.0,1.634098118818624,0.99916595
2019-07-26 00:00:00+00:00,754327.0,3043279.38077873,-8229.932717459997,0.02192721,-4.24e-06,74380911391.07567,953.72906715,1863977.332897,1.84791858,799302466.0,1.8020962102498437,1.00307861
2019-07-25 00:00:00+00:00,777045.0,3051509.31349619,-7603.055085690001,0.02908172,0.0020554166666666,67211666919.64669,953.21676255,1864421.3912067,1.85922369,807326568.0,1.681581567552802,1.00392477
2019-07-24 00:00:00+00:00,718478.0,3059112.36858188,1375.5985845499963,0.02792246,-0.001912325,62282811345.53927,952.85774579,1863926.50411569,1.83862302,776250364.0,1.508284659961454,1.01751788
2019-07-23 00:00:00+00:00,711421.0,3057736.76999733,-6607.24179855,0.02812454,0.0050802483333333,64075122463.396515,954.5902556,1863506.78031186,1.86067689,801325898.0,1.6090953681269382,0.99728696
2019-07-22 00:00:00+00:00,706006.0,3064344.01179588,-1776.577548070003,0.02655673,0.0023816316666666,71191928972.6693,953.89186508,1863299.66279494,1.94931305,802991274.0,1.8506045309303691,1.0003011
2019-07-21 00:00:00+00:00,542507.0,3066120.58934395,-1668.0308912300025,0.01976325,0.001680875,67136692512.20079,953.2722234,1863253.64701456,1.99978532,811011349.0,1.7513910311808802,1.00857565
2019-07-20 00:00:00+00:00,719972.0,3067788.62023518,-247.9020549200031,0.02212102,0.0014454083333333,79752983722.54726,952.7051515,1862837.96956617,2.03316667,805631281.0,2.1060423023611747,1.01039365
2019-07-19 00:00:00+00:00,741198.0,3068036.5222901,955.8266319999966,0.0459884,0.004425245,53168655815.0315,952.39467963,1862777.98744074,1.99300856,765712249.0,1.4160819741367832,1.01089331
2019-07-18 00:00:00+00:00,740081.0,3067080.6956581,8422.697234480009,0.0455037,-0.0011940766666666,54520401301.85433,952.44486692,1863227.87783452,2.01554575,796928027.0,1.3985220582773024,1.00517069
2019-07-17 00:00:00+00:00,740530.0,3058657.99842362,4826.5608274000115,0.03734905,-0.0082506816666666,59927383249.14568,952.20046719,1862855.65066136,1.84049716,772533573.0,1.4437327099984314,1.00580582
2019-07-16 00:00:00+00:00,786204.0,3053808.58142687,2597.7983850500023,0.03003234,-0.0044189749999999,72994256288.43307,952.51259877,1862625.93419174,1.7956293,836400641.0,1.8846981483066356,0.99930691
2019-07-15 00:00:00+00:00,757234.0,3051233.63921117,-3241.3544001700066,0.03383815,-0.009499595,65784947025.37796,952.13929401,1862107.85305286,2.06379892,906774190.0,1.7279816938198267,1.00126585
2019-07-14 00:00:00+00:00,592146.0,3054474.99361134,3102.460445039997,0.02197777,-0.0002324816666666,65334365196.43701,951.57885529,1861698.95004099,1.93816698,894664104.0,1.770368273759775,0.99675981
2019-07-13 00:00:00+00:00,656426.0,3051372.5331663,89.6953588000033,0.02456287,0.0041855866666666,63532037880.67323,950.9219627,1861626.98438052,2.16350869,952912976.0,1.815334999284881,1.00183033
2019-07-12 00:00:00+00:00,907403.0,3051282.8378075,-18345.9628072,0.03184369,-0.00083452,73895419946.31497,950.23003893,1861154.70599119,2.24318456,981386697.0,2.16480623220382,1.00865374
2019-07-11 00:00:00+00:00,777672.0,3069628.8006147,12324.12450790999,0.04691071,0.001466785,58125055933.3819,949.79396006,1860837.05034598,2.16614824,965474449.0,1.7354732995019984,1.00243824
2019-07-10 00:00:00+00:00,798533.0,3057304.67610679,13762.767656680007,0.05043331,0.0368690733333333,58125055933.3819,949.63641766,1860562.36716549,2.3115973,1048720149.0,1.9047534108363968,1.0279175
2019-07-09 00:00:00+00:00,819099.0,3043541.90845011,10419.240623040008,0.03570401,0.0299627816666666,69389601656.90552,949.62019785,1861011.850596,2.42218644,1113546277.0,2.2242165310218165,1.01259558
2019-07-08 00:00:00+00:00,830651.0,3033122.66782707,15430.084216450006,0.02942714,0.0230419233333333,70209738577.52908,949.26485759,1861424.01194334,2.37540479,1036258150.0,2.4134108412703785,1.00996538
2019-07-07 00:00:00+00:00,604469.0,3017692.58361062,-529.5540488900006,0.02329614,0.0068535066666666,60348820237.98848,948.88861757,1861786.23419306,2.22165421,907723899.0,1.9870104115129728,1.00835444
2019-07-06 00:00:00+00:00,679459.0,3018222.13765951,-1147.180691130001,0.0222434,0.01250307,70209738577.52908,948.20432511,1861242.55759012,2.1885346,875616477.0,2.333884770922649,1.01033606
2019-07-05 00:00:00+00:00,820571.0,3019369.31835064,-8976.09861393,0.03112571,0.0055112466666666,74548542646.92696,947.46087524,1860663.53715746,2.13940667,858222230.0,2.4471000187640155,1.00211786
2019-07-04 00:00:00+00:00,822481.0,3028345.41696457,7374.466886610004,0.03861302,0.0052281216666666,65870934508.13122,947.13931,1863202.60643212,2.17065987,881962928.0,2.310961539151726,1.02922869
2019-07-03 00:00:00+00:00,894230.0,3020970.95007796,-1961.7868743400031,0.04220855,0.005404465,67843118176.03934,947.22624328,1863236.54203994,2.33945614,900601876.0,2.3083964271366364,1.01680499
2019-07-02 00:00:00+00:00,896391.0,3022932.7369523,9207.753868779995,0.05632863,0.0181663766666666,62321003905.89661,946.96584702,1862559.46751732,2.13184223,809925108.0,1.9771998000355893,1.00537403
2019-07-01 00:00:00+00:00,834139.0,3013724.98308352,6204.747472120012,0.06630574,0.0223492883333333,56404452902.17224,946.6870491,1861665.66165506,2.08216028,845087965.0,1.87815191887554,1.00121967
2019-06-30 00:00:00+00:00,672872.0,3007520.2356114,22115.95415090999,0.05233061,0.0257981199999999,59954383504.40686,946.13362263,1862774.09043143,2.11674564,811299063.0,2.123431260063045,1.01693259
2019-06-29 00:00:00+00:00,853702.0,2985404.28146049,7597.61015601,0.04762571,0.0214515933333333,68631991643.20259,947.12051064,1862685.16294485,2.35071496,861078387.0,2.4902303891192235,1.01591969
2019-06-28 00:00:00+00:00,1008354.0,2977806.67130448,412.65931630000705,0.08210981,0.0429092366666666,64293187573.804726,946.74927817,1863487.63163906,2.45489019,909012833.0,2.4001990655702423,1.03888115
2019-06-27 00:00:00+00:00,891787.0,2977394.01198818,17553.46606521,0.1013119,0.0933591316666666,56010016168.590614,947.53808586,1862891.7646683,2.22241792,825840492.0,2.162618172573586,1.01901879
2019-06-26 00:00:00+00:00,1038146.0,2959840.54592297,19449.76545553001,0.08193176,0.0405044399999999,60773333686.86555,947.92111464,1864306.27220027,2.58861876,968498097.0,2.650782794355454,1.05968499
2019-06-25 00:00:00+00:00,914861.0,2940390.78046744,10188.379312090008,0.06223061,0.0393085866666666,53775192232.01436,948.73281362,1863937.30575172,2.39386044,1038839720.0,2.059994216567272,1.020167
2019-06-24 00:00:00+00:00,967261.0,2930202.40115535,2034.0096493699969,0.04411058,0.056014425,65193212500.455765,948.8570379,1864090.75821095,2.25910852,941114490.0,2.354856460373125,1.01869866
2019-06-23 00:00:00+00:00,894877.0,2928168.39150598,3701.6022144599992,0.03466062,0.0982052616666666,66666505438.319176,948.56563676,1863735.80290225,2.23099507,968535898.0,2.3722707246787884,1.02129152
2019-06-22 00:00:00+00:00,846364.0,2924466.78929152,13587.886816769998,0.06497639,0.0743976466666666,51933576059.685104,948.12634557,1864241.2280399,2.20698818,897951934.0,1.9028104065563256,1.02547217
2019-06-21 00:00:00+00:00,840332.0,2910878.90247475,129.1822527100012,0.0705709,0.029588765,48986990183.95829,948.00604114,1869011.4055789,2.11598264,943756732.0,1.6552573362641858,1.01618386
2019-06-20 00:00:00+00:00,827052.0,2910749.72022204,1099.18386533,0.05848682,0.0213077483333333,53038545763.08266,947.84356955,1868075.47180767,1.98508144,920307699.0,1.6906862658120667,1.00591792
2019-06-19 00:00:00+00:00,902831.0,2909650.53635671,955.1118060100052,0.04561834,0.034534205,65193212500.455765,947.28879117,1869009.38055034,1.93017877,866285848.0,2.004062458019878,1.01355622
2019-06-18 00:00:00+00:00,951760.0,2908695.4245507,7337.716770770006,0.05410222,0.038382955,60036687217.93384,947.40335678,1869540.52604345,1.89926381,833785227.0,1.8651544223263552,1.00504986
2019-06-17 00:00:00+00:00,797798.0,2901357.70777993,-2075.697815599997,0.06616852,0.0326833333333333,48986990183.95829,946.93496924,1869496.33171936,1.95556674,809935910.0,1.5577202664475829,1.01098026
2019-06-16 00:00:00+00:00,697143.0,2903433.40559553,11293.168136109998,0.04375772,0.0569249616666666,47882020480.56073,946.55275196,1869244.70323807,1.88304483,750102218.0,1.4663524135144388,1.01595625
2019-06-15 00:00:00+00:00,862368.0,2892140.23745942,4250.139886570003,0.04134134,0.02265845,53775192232.01436,946.10808635,1869832.57886435,1.8633605,773719843.0,1.574624261338619,1.01223511
2019-06-14 00:00:00+00:00,1033167.0,2887890.09757285,-5656.7601096,0.05288151,0.001170725,62246626624.72895,945.40523874,1869178.59285326,1.83330718,678258654.0,1.7736832159731384,1.01888569
2019-06-13 00:00:00+00:00,896255.0,2893546.85768245,2891.2955081699984,0.05481101,0.0089854166666666,55994233735.33521,946.03627371,1869245.43042853,1.73990239,664190856.0,1.5514174581858111,1.00789924
2019-06-12 00:00:00+00:00,796283.0,2890655.56217428,8630.144514479995,0.06234061,0.0072918883333333,48577778935.953064,945.35886808,1869983.19116817,1.72706589,638857762.0,1.3359931946898902,1.00988654
2019-06-11 00:00:00+00:00,839869.0,2882025.4176598,-580.9718718799995,0.05826244,-0.00093523,53027651815.58235,944.89169882,1869575.58939051,1.67171375,593989838.0,1.4266802953917113,1.00192795
2019-06-10 00:00:00+00:00,801678.0,2882606.38953168,1602.150467829997,0.04932836,-0.00072211,58219170175.14986,944.38279245,1869563.72554702,1.6979737,609180382.0,1.5387289170113128,1.01174451
2019-06-09 00:00:00+00:00,576544.0,2881004.23906385,112.4294354800004,0.03314441,-0.0078290983333333,54510942775.458786,944.16175001,1869317.75624672,1.62002745,633117920.0,1.4157971654940604,1.00366889
2019-06-08 00:00:00+00:00,632791.0,2880891.80962837,364.4241958799976,0.045193,-0.0071503316666666,45982019756.16931,943.63672326,1869466.476059,1.6766478,600470005.0,1.2296510222750263,1.00205279
2019-06-07 00:00:00+00:00,859432.0,2880527.38543249,-3492.585442360003,0.05116159,0.0062965316666666,58589992915.118965,942.90276676,1870049.32302387,1.69829652,576331965.0,1.5788447126531415,1.00767777
2019-06-06 00:00:00+00:00,818981.0,2884019.97087485,-4551.107533600007,0.058613,-0.0039019283333333,58219170175.14986,942.27808997,1870207.16759679,1.66138531,594959376.0,1.5440927194530103,0.9981956
2019-06-05 00:00:00+00:00,873789.0,2888571.07840845,-1466.762961090004,0.07382823,0.00031245,59331638395.057175,941.80387222,1869672.08722046,1.65293107,604277402.0,1.6063241552608043,0.99552554
2019-06-04 00:00:00+00:00,907744.0,2890037.84136954,-25831.9013159,0.10169007,0.0019992416666666,57106701955.24253,942.81991932,1870035.79799892,1.63108604,612980697.0,1.6095066608306678,0.97414198
2019-06-03 00:00:00+00:00,731833.0,2915869.74268544,29571.48275986,0.11799233,0.0192370583333333,44127906056.32378,943.58288631,1870528.88375695,1.7136675,673906081.0,1.3770718470939305,1.01639675
2019-06-02 00:00:00+00:00,692257.0,2886298.25992558,4359.60647626,0.06745399,0.02421137,48577778935.953064,943.9641433,1870688.03380823,1.85081864,728070220.0,1.456515535222804,1.00814302
2019-06-01 00:00:00+00:00,851570.0,2881938.65344932,1649.8117064300022,0.07788373,0.0193560883333333,55994233735.33521,943.27179333,1870447.95374659,1.81440429,697507528.0,1.672216558116329,1.00903598
2019-05-31 00:00:00+00:00,769533.0,2880288.84174289,-6571.8040911599965,0.12295812,0.0192508999999999,43386260576.38556,942.61806462,1870075.97499078,1.81981996,686960730.0,1.3340255887185306,1.00570008
2019-05-30 00:00:00+00:00,854106.0,2886860.64583405,3023.4509199400054,0.08600948,0.0415925666666666,59331638395.057175,942.12709519,1870283.17026843,1.76004257,697547233.0,1.8056021764923351,1.01024781
2019-05-29 00:00:00+00:00,894464.0,2883837.19491411,3121.080598419998,0.0792028,0.0441984583333333,57992303107.61509,941.53585629,1870672.52810349,1.84716996,783607318.0,1.9553718479665332,1.10456282
2019-05-28 00:00:00+00:00,952551.0,2880716.11431569,7144.10534971,0.08602523,0.062206015,54659412124.41882,942.80702995,1871982.25143026,1.88694754,796420083.0,1.8771489658912877,1.01904321
2019-05-27 00:00:00+00:00,880064.0,2873572.00896598,9651.827909069994,0.0831484,0.07798462,55659279419.3777,942.42669979,1871299.04885907,1.90427267,770381316.0,1.9165770073794013,1.02376433
2019-05-26 00:00:00+00:00,663737.0,2863920.18105691,5966.774606909996,0.04442492,0.0295110883333333,54992701222.73845,942.05309347,1871723.05456704,1.89374197,763432623.0,1.6846521707133697,1.01794712
2019-05-25 00:00:00+00:00,712805.0,2857953.40645,1241.7651863499996,0.06821656,0.0187723883333333,46660473764.74777,941.53442635,1871470.62202782,1.75296435,668368049.0,1.45017744101777,1.01437137
2019-05-24 00:00:00+00:00,860958.0,2856711.64126365,4853.004878099993,0.09118262,0.0200188166666666,50993232042.90292,941.05082334,1871475.69391124,1.74210284,629960543.0,1.615250038634851,1.01631562
2019-05-23 00:00:00+00:00,833107.0,2851858.63638555,10251.097465590006,0.07665533,0.0071161983333333,52659677534.50106,940.5128265,1871786.43056269,1.71675421,555482114.0,1.5853612271279056,1.00662782
2019-05-22 00:00:00+00:00,872877.0,2841607.53891996,-6404.93503452,0.07805641,0.01888451,55659279419.3777,939.98961633,1871746.1735078,1.66696807,565712085.0,1.7185210522321128,1.00791276
2019-05-21 00:00:00+00:00,885569.0,2848012.47395448,604.2108241899987,0.09573673,0.0198622916666666,50993232042.90292,939.92735813,1871647.0273106,1.73826612,579281670.0,1.6164699612913778,1.01576045
2019-05-20 00:00:00+00:00,833741.0,2847408.26313029,-449.9481091699999,0.08464474,0.034360145,53659544829.459946,939.68693605,1871327.62201617,1.75072797,572078202.0,1.6721697042064825,1.01151187
2019-05-19 00:00:00+00:00,748605.0,2847858.21123946,9062.57720572,0.05809412,0.0177649083333333,54326123026.0992,939.52130777,1871322.73415758,1.79790493,590809790.0,1.6508470358548115,1.02166705
2019-05-18 00:00:00+00:00,855044.0,2838795.63403374,-1237.8512439600015,0.06583703,-0.0051018816666666,50993232042.90292,939.04476139,1872643.14313903,1.59733963,532537763.0,1.4442469231378972,1.00584367
2019-05-17 00:00:00+00:00,907033.0,2840033.4852777,-408.6724008099991,0.10746652,0.027276175,50308167480.24173,938.42013428,1873251.21391774,1.62534807,499231622.0,1.4859491293340594,0.99504456
2019-05-16 00:00:00+00:00,882376.0,2840442.15767851,715.904160769991,0.11128027,0.0377197583333333,48642334119.96883,937.83086672,1872859.46260733,1.73073381,680070974.0,1.5809869013439024,1.04468464
2019-05-15 00:00:00+00:00,877510.0,2839726.25351774,16725.41653578001,0.09361181,0.0284831933333333,49641834136.13257,937.59635886,1872671.43529958,1.80823849,660841873.0,1.5921249961785404,1.02891212
2019-05-14 00:00:00+00:00,902407.0,2823000.83698196,-115.77525427000364,0.06527706,0.030357225,50641334152.29632,937.81288739,1873402.24267402,1.77058347,632956625.0,1.5602744265641513,1.0410482
2019-05-13 00:00:00+00:00,876062.0,2823116.61223623,-176.69950839001103,0.05100717,0.0157843766666666,55638834233.11503,939.34837781,1873850.82768196,1.74684854,643606449.0,1.569511975894282,1.03670211
2019-05-12 00:00:00+00:00,824701.0,2823293.31174462,8641.074145170001,0.05006067,0.0155123449999999,52640334184.6238,939.60755894,1873494.2842698,1.57387746,593760717.0,1.430006813464642,1.03699141
2019-05-11 00:00:00+00:00,775129.0,2814652.23759945,546.7304969899997,0.07149403,-0.0161036149999999,43311667367.095535,939.21426023,1873393.93844242,1.61730924,654328788.0,1.1488210184158254,1.03931754
2019-05-10 00:00:00+00:00,784390.0,2814105.50710246,1244.3789560000005,0.07338419,-0.0507118466666666,41645834006.822624,939.10399281,1876299.74758549,1.44616061,754672770.0,1.0276253267409294,1.0094788
2019-05-09 00:00:00+00:00,826117.0,2812861.12814646,1303.4822814500003,0.05396513,-0.0395421766666666,49975000808.18715,939.19469328,1873424.71625647,1.42043966,673308917.0,1.166386278082043,1.00907539
2019-05-08 00:00:00+00:00,839338.0,2811557.64586501,-6447.458896069998,0.05581038,-0.0304249583333333,50641334152.29632,939.01960978,1873895.5750039,1.37783165,651126101.0,1.1467586588033576,1.01017519
2019-05-07 00:00:00+00:00,759345.0,2818005.10476108,-12706.170586380002,0.05495789,-0.0057261099999999,42312167350.931786,938.54350434,1873844.24615758,1.34163786,634297258.0,0.963846681031094,1.01414527
2019-05-06 00:00:00+00:00,769267.0,2830711.27534746,-6246.580325179995,0.03885896,-0.0138400416666666,50308167480.24173,938.28890054,1872061.05894413,1.36132888,673460862.0,1.082823158031725,1.01621411
2019-05-05 00:00:00+00:00,617825.0,2836957.85567264,-6215.768419930006,0.03752736,-0.0105306316666666,42978500695.040955,937.88564997,1872416.29409714,1.37316165,651946957.0,0.9321911145749014,1.01242325
2019-05-04 00:00:00+00:00,660283.0,2843173.62409257,3282.9500788700025,0.03544261,-0.01399043,43978000711.2047,937.21935104,1872445.91696749,1.35789036,599317373.0,0.9471087902492742,1.00653492
2019-05-03 00:00:00+00:00,803538.0,2839890.6740137,1276.6983587699942,0.04102023,-0.0104454733333333,48003251062.18415,936.53892144,1873831.1742598,1.32188586,632574638.0,1.0808192286163152,1.01136236
2019-05-02 00:00:00+00:00,790965.0,2838613.97565493,-4114.679896020003,0.02736521,-0.0284924666666666,58109198654.22292,935.92861871,1873499.1427188,1.27121091,697291801.0,1.2295919679825844,1.00285818
2019-05-01 00:00:00+00:00,765613.0,2842728.65555095,5495.85952559,0.02978733,-0.0268506016666666,54003657444.95718,935.3725669,1873123.69443387,1.22545283,663152034.0,1.1294634618995705,0.96682584
2019-04-30 00:00:00+00:00,837464.0,2837232.79602536,5271.5976993799995,0.04657333,-0.0278184016666666,44213520715.16962,936.12276511,1872434.39575552,1.21117686,644632564.0,0.9227828575601,1.00439842
2019-04-29 00:00:00+00:00,793479.0,2831961.19832598,-15916.93908219,0.03365247,-0.02989401,51477170546.94748,935.42251306,1873075.42713354,1.22775205,636598725.0,1.0492980995913568,0.995787
2019-04-28 00:00:00+00:00,594401.0,2847878.13740817,-8159.403964769997,0.02299448,-0.030456045,51477170546.94748,935.15978675,1873259.6180649,1.2242049,636776189.0,1.0404431085712649,1.00183348
2019-04-27 00:00:00+00:00,614086.0,2856037.54137294,-2429.553770089995,0.03079987,-0.0257900216666666,43266088128.41598,934.45113598,1872887.37413449,1.23187766,610251971.0,0.8765766032672413,0.99977411
2019-04-26 00:00:00+00:00,769122.0,2858467.09514303,-12925.470859139998,0.04621015,-0.0163872683333333,47687440199.932945,933.82356126,1872632.96298545,1.20375072,597874981.0,0.9773457689615104,0.98901984
2019-04-25 00:00:00+00:00,754032.0,2871392.56600217,-133.5701835600048,0.05011204,-0.011232645,45160953301.92325,933.75793654,1872362.36997702,1.18276859,563496003.0,0.9580995442388376,1.00072484
2019-04-24 00:00:00+00:00,880292.0,2871526.13618573,1048.7550709299976,0.06026955,-0.0160465383333333,51477170546.94748,933.18748493,1872941.35344541,1.24381773,606469422.0,1.1142098739342547,0.99334541
2019-04-23 00:00:00+00:00,715618.0,2870477.3811148,3839.960965250008,0.06238757,-0.0147666016666666,36634060021.14054,933.64333045,1842203.05634573,1.2625935,593919694.0,0.800127545915016,1.00723206
2019-04-22 00:00:00+00:00,645237.0,2866637.42014955,6468.361543029998,0.04018443,-0.0028445966666666,42318655541.662346,933.08382785,1841882.85630166,1.22662803,558621657.0,0.8652717274706566,1.00319384
2019-04-21 00:00:00+00:00,683512.0,2860169.05860652,2395.091325879999,0.02424348,-0.0088273216666666,51161359684.696266,932.83001023,1842678.20232138,1.21466589,554360048.0,1.022410124722945,0.99886636
2019-04-20 00:00:00+00:00,689000.0,2857773.96728064,-1333.1717031000007,0.03426005,-0.00691146,41631660187.72454,932.18657996,1842740.98325977,1.21019908,548334772.0,0.8370536888954899,1.00225016
2019-04-19 00:00:00+00:00,791185.0,2859107.13898374,2231.8275010299985,0.03964401,0.0010742833333333,48305437775.0697,931.48350877,1841802.3427608,1.20870339,538317368.0,0.966232476794242,1.01695072
2019-04-18 00:00:00+00:00,744216.0,2856875.31148271,-939.631750799992,0.0374277,0.0027615816666666,47352040976.87753,931.38228248,1841483.40614915,1.20769405,520380226.0,0.9439970839984648,1.0029239
2019-04-17 00:00:00+00:00,748396.0,2857814.94323351,4482.164763309993,0.04280988,0.0054069,43856252716.83959,930.79796102,1841841.38053409,1.19387617,513148753.0,0.8700596022120526,1.00614
2019-04-16 00:00:00+00:00,772132.0,2853332.7784702,-6340.536558009997,0.04053251,-0.0044532366666666,46080845245.95465,930.47957848,1841782.39997515,1.19172484,508753668.0,0.8901996633557407,1.00254001
2019-04-15 00:00:00+00:00,775828.0,2859673.31502821,3266.7146183000004,0.04175046,0.0078161333333333,46080845245.95465,929.83150592,1841590.49117539,1.15597792,509404405.0,0.8931350413847478,0.99987803
2019-04-14 00:00:00+00:00,594261.0,2856406.60040991,-2637.055050019997,0.03628847,0.0026214299999999,38771469793.14805,929.16579615,1841787.17576331,1.18969606,523535272.0,0.7398393976797495,0.98419049
2019-04-13 00:00:00+00:00,595857.0,2859043.65545993,-2918.3634194499973,0.03776039,-0.0063111683333333,42902855918.64743,929.51890128,1842148.98353184,1.16892332,521294039.0,0.819288784947384,1.00326627
2019-04-12 00:00:00+00:00,772977.0,2861962.01887938,2394.490812019998,0.0505847,0.00399623,47987638842.338974,928.94048947,1841662.06201982,1.17094114,489387374.0,0.9198863822763622,1.00395444
2019-04-11 00:00:00+00:00,813445.0,2859567.52806736,-15468.514133189994,0.05548461,-0.0003504266666666,49894432438.723305,928.62880093,1841533.26205067,1.1581054,500251192.0,0.9753973344000676,1.00010389
2019-04-10 00:00:00+00:00,779775.0,2875036.04220055,-11323.47774761,0.05698146,0.0098776816666666,47034242044.14681,928.12369731,1840841.78758736,1.2195468,518491618.0,0.9460386314219772,1.00735724
2019-04-09 00:00:00+00:00,777623.0,2886359.51994816,3020.390112690002,0.06511638,0.0091050066666666,41949459120.45527,927.81440526,1841781.16524316,1.18220389,517430300.0,0.8407808309466083,1.00465209
2019-04-08 00:00:00+00:00,776683.0,2883339.12983547,10574.843169849992,0.06591341,0.0125943433333333,47034242044.14681,927.19007186,1841319.47418479,1.21744249,502035713.0,0.9471835487330902,1.00774295
2019-04-07 00:00:00+00:00,621932.0,2872764.28666562,3663.994819450003,0.04627472,0.02063987,44809649515.03176,926.80368609,1842441.12808644,1.20273914,480086863.0,0.8676747941906797,1.00470971
2019-04-06 00:00:00+00:00,677538.0,2869100.29184617,2574.636220319997,0.04446212,0.0188931233333333,44174051649.57032,926.11672405,1842114.57076462,1.16949754,469307276.0,0.8361317116415803,1.0050027
2019-04-05 00:00:00+00:00,883945.0,2866525.65562585,4737.222207800005,0.05494392,0.015398425,50104170889.322655,925.39337573,1841509.95935955,1.16267756,469548602.0,0.9493736177984178,1.00062454
2019-04-04 00:00:00+00:00,806481.0,2861788.42732385,-7876.312156090004,0.08110606,0.0145746383333333,44396100788.007416,925.22551464,1836300.76034733,1.13021058,479793646.0,0.8620457666284632,1.00919631
2019-04-03 00:00:00+00:00,856239.0,2869664.74557414,5065.69738071,0.07412382,0.0069647216666666,45030330799.26466,924.68994757,1835996.60342804,1.13902507,438061129.0,0.878778378118908,1.02241647
2019-04-02 00:00:00+00:00,887943.0,2864599.04819343,12752.624927670024,0.05512294,0.0171529183333333,49787055883.69403,924.64333105,1836735.6670742,1.13432196,464153950.0,0.8809614560578012,1.01507879
2019-04-01 00:00:00+00:00,690267.0,2851846.42326576,-4192.108859469998,0.03510336,-0.0226682716666666,43127640765.49292,924.9102503,1837504.13301457,0.97039982,650840580.0,0.6631655291283588,1.00088266
2019-03-31 00:00:00+00:00,625988.0,2856038.53212523,3992.2390611899978,0.02503445,-0.0096128183333333,44078985782.37879,924.27276604,1838219.85300049,0.96224849,618514013.0,0.6638908818735082,0.98128728
2019-03-30 00:00:00+00:00,684567.0,2852046.29306404,-1368.0932195300047,0.03050694,-0.0051774566666666,44078985782.37879,923.78266558,1837754.54291009,0.95603353,605258083.0,0.6666179282754868,0.99960943
