Datetime,Mean Coin Age
2025-06-10T00:00:00Z,1617.38831161
2025-06-09T00:00:00Z,1617.12022683
2025-06-08T00:00:00Z,1616.48545327
2025-06-07T00:00:00Z,1615.7645291
2025-06-06T00:00:00Z,1615.11094645
2025-06-05T00:00:00Z,1614.50135048
2025-06-04T00:00:00Z,1613.8707776
2025-06-03T00:00:00Z,1614.21223339
2025-06-02T00:00:00Z,1613.80787205
2025-06-01T00:00:00Z,1613.50204398
2025-05-31T00:00:00Z,1612.72526427
2025-05-30T00:00:00Z,1611.9253432
2025-05-29T00:00:00Z,1611.4646755
2025-05-28T00:00:00Z,1611.82372817
2025-05-27T00:00:00Z,1611.47606345
2025-05-26T00:00:00Z,1611.73298536
2025-05-25T00:00:00Z,1612.32034912
2025-05-24T00:00:00Z,1611.79179303
2025-05-23T00:00:00Z,1611.03187267
2025-05-22T00:00:00Z,1610.82361183
2025-05-21T00:00:00Z,1610.63134379
2025-05-20T00:00:00Z,1611.04640015
2025-05-19T00:00:00Z,1611.27105735
2025-05-18T00:00:00Z,1611.81715573
2025-05-17T00:00:00Z,1611.16126078
2025-05-16T00:00:00Z,1610.38446529
2025-05-15T00:00:00Z,1610.01748441
2025-05-14T00:00:00Z,1610.67416102
2025-05-13T00:00:00Z,1610.25165427
2025-05-12T00:00:00Z,1610.93889012
2025-05-11T00:00:00Z,1610.63405879
2025-05-10T00:00:00Z,1609.96647169
2025-05-09T00:00:00Z,1609.18784391
2025-05-08T00:00:00Z,1609.33313289
2025-05-07T00:00:00Z,1609.48559166
2025-05-06T00:00:00Z,1609.4974086
2025-05-05T00:00:00Z,1610.24864371
2025-05-04T00:00:00Z,1611.74059353
2025-05-03T00:00:00Z,1610.93568051
2025-05-02T00:00:00Z,1610.17753885
2025-05-01T00:00:00Z,1610.17245403
2025-04-30T00:00:00Z,1610.20537704
2025-04-29T00:00:00Z,1609.96684179
2025-04-28T00:00:00Z,1610.30239298
2025-04-27T00:00:00Z,1610.4355459
2025-04-26T00:00:00Z,1609.67610443
2025-04-25T00:00:00Z,1609.14847183
2025-04-24T00:00:00Z,1609.75518727
2025-04-23T00:00:00Z,1609.8894691
2025-04-22T00:00:00Z,1609.60237816
2025-04-21T00:00:00Z,1609.1765355
2025-04-20T00:00:00Z,1608.59450933
2025-04-19T00:00:00Z,1607.80394716
2025-04-18T00:00:00Z,1606.94293624
2025-04-17T00:00:00Z,1606.17529277
2025-04-16T00:00:00Z,1606.71028365
2025-04-15T00:00:00Z,1606.37478482
2025-04-14T00:00:00Z,1606.16181145
2025-04-13T00:00:00Z,1605.55062867
2025-04-12T00:00:00Z,1604.94856917
2025-04-11T00:00:00Z,1604.18064179
2025-04-10T00:00:00Z,1604.16618891
2025-04-09T00:00:00Z,1604.43486353
2025-04-08T00:00:00Z,1604.20630487
2025-04-07T00:00:00Z,1603.63641465
2025-04-06T00:00:00Z,1604.23745084
2025-04-05T00:00:00Z,1603.53850618
2025-04-04T00:00:00Z,1602.82456171
2025-04-03T00:00:00Z,1602.40640749
2025-04-02T00:00:00Z,1603.32766613
2025-04-01T00:00:00Z,1603.19973276
2025-03-31T00:00:00Z,1602.5356878
2025-03-30T00:00:00Z,1602.06964221
2025-03-29T00:00:00Z,1601.32767702
2025-03-28T00:00:00Z,1600.5134558
2025-03-27T00:00:00Z,1600.97407185
2025-03-26T00:00:00Z,1600.32414092
2025-03-25T00:00:00Z,1599.794709
2025-03-24T00:00:00Z,1599.23927986
2025-03-23T00:00:00Z,1598.56414973
2025-03-22T00:00:00Z,1597.75376413
2025-03-21T00:00:00Z,1597.28984958
2025-03-20T00:00:00Z,1596.54931464
2025-03-19T00:00:00Z,1596.38459711
2025-03-18T00:00:00Z,1595.8149095
2025-03-17T00:00:00Z,1595.16458497
2025-03-16T00:00:00Z,1594.57800568
2025-03-15T00:00:00Z,1593.81711785
2025-03-14T00:00:00Z,1592.94958714
2025-03-13T00:00:00Z,1592.60032517
2025-03-12T00:00:00Z,1592.16383784
2025-03-11T00:00:00Z,1592.01590543
2025-03-10T00:00:00Z,1591.91370588
2025-03-09T00:00:00Z,1592.25506073
2025-03-08T00:00:00Z,1591.5167068
2025-03-07T00:00:00Z,1590.6692757
2025-03-06T00:00:00Z,1590.32764274
2025-03-05T00:00:00Z,1590.20238128
2025-03-04T00:00:00Z,1589.59939009
2025-03-03T00:00:00Z,1589.1121045
2025-03-02T00:00:00Z,1589.02716305
2025-03-01T00:00:00Z,1588.4084009
2025-02-28T00:00:00Z,1587.64021314
2025-02-27T00:00:00Z,1587.45459616
2025-02-26T00:00:00Z,1587.27496071
2025-02-25T00:00:00Z,1587.62685615
2025-02-24T00:00:00Z,1588.0327136
2025-02-23T00:00:00Z,1587.46582167
2025-02-22T00:00:00Z,1586.68063525
2025-02-21T00:00:00Z,1585.99022926
2025-02-20T00:00:00Z,1585.404196
2025-02-19T00:00:00Z,1584.72719097
2025-02-18T00:00:00Z,1584.04305116
2025-02-17T00:00:00Z,1583.47998393
2025-02-16T00:00:00Z,1582.76178525
2025-02-15T00:00:00Z,1581.95362401
2025-02-14T00:00:00Z,1581.21157817
2025-02-13T00:00:00Z,1580.66790431
2025-02-12T00:00:00Z,1580.00690218
2025-02-11T00:00:00Z,1579.44553105
2025-02-10T00:00:00Z,1579.66385785
2025-02-09T00:00:00Z,1579.11243695
2025-02-08T00:00:00Z,1580.17689383
2025-02-07T00:00:00Z,1579.46531036
2025-02-06T00:00:00Z,1578.89440274
2025-02-05T00:00:00Z,1579.11941345
2025-02-04T00:00:00Z,1579.9415936
2025-02-03T00:00:00Z,1580.3283084
2025-02-02T00:00:00Z,1580.0242209
2025-02-01T00:00:00Z,1579.38524604
2025-01-31T00:00:00Z,1578.72940042
2025-01-30T00:00:00Z,1578.13633156
2025-01-29T00:00:00Z,1577.54482627
2025-01-28T00:00:00Z,1576.86779983
2025-01-27T00:00:00Z,1576.39953763
2025-01-26T00:00:00Z,1576.05891731
2025-01-25T00:00:00Z,1575.33019268
2025-01-24T00:00:00Z,1574.64687187
2025-01-23T00:00:00Z,1574.10321572
2025-01-22T00:00:00Z,1578.12456359
2025-01-21T00:00:00Z,1578.58248193
2025-01-20T00:00:00Z,1578.49717878
2025-01-19T00:00:00Z,1578.27306246
2025-01-18T00:00:00Z,1577.80740189
2025-01-17T00:00:00Z,1577.55224979
2025-01-16T00:00:00Z,1577.30612134
2025-01-15T00:00:00Z,1576.93984621
2025-01-14T00:00:00Z,1576.97893525
2025-01-13T00:00:00Z,1576.36396123
2025-01-12T00:00:00Z,1575.72649115
2025-01-11T00:00:00Z,1574.98484851
2025-01-10T00:00:00Z,1574.28875783
2025-01-09T00:00:00Z,1573.81718082
2025-01-08T00:00:00Z,1573.21077936
2025-01-07T00:00:00Z,1572.74290977
2025-01-06T00:00:00Z,1573.45108608
2025-01-05T00:00:00Z,1572.94403052
2025-01-04T00:00:00Z,1572.21149134
2025-01-03T00:00:00Z,1571.54511791
2025-01-02T00:00:00Z,1570.8900737
2025-01-01T00:00:00Z,1570.4962694
2024-12-31T00:00:00Z,1570.75298559
2024-12-30T00:00:00Z,1571.62156167
2024-12-29T00:00:00Z,1572.59364663
2024-12-28T00:00:00Z,1572.93307729
2024-12-27T00:00:00Z,1572.35358307
2024-12-26T00:00:00Z,1572.82563374
2024-12-25T00:00:00Z,1572.47650632
2024-12-24T00:00:00Z,1571.80089722
2024-12-23T00:00:00Z,1573.0563373
2024-12-22T00:00:00Z,1574.25809548
2024-12-21T00:00:00Z,1573.80742911
2024-12-20T00:00:00Z,1573.16425667
2024-12-19T00:00:00Z,1573.96045958
2024-12-18T00:00:00Z,1575.38786862
2024-12-17T00:00:00Z,1576.07991007
2024-12-16T00:00:00Z,1576.63934011
2024-12-15T00:00:00Z,1577.12724211
2024-12-14T00:00:00Z,1576.708399
2024-12-13T00:00:00Z,1576.22514637
2024-12-12T00:00:00Z,1576.2311967
2024-12-11T00:00:00Z,1575.83471134
2024-12-10T00:00:00Z,1576.55005251
2024-12-09T00:00:00Z,1576.32586908
2024-12-08T00:00:00Z,1577.68054261
2024-12-07T00:00:00Z,1577.14833098
2024-12-06T00:00:00Z,1576.62697736
2024-12-05T00:00:00Z,1578.04410367
2024-12-04T00:00:00Z,1580.1587541
2024-12-03T00:00:00Z,1580.04849109
2024-12-02T00:00:00Z,1581.18255231
2024-12-01T00:00:00Z,1581.79823328
2024-11-30T00:00:00Z,1581.19647022
2024-11-29T00:00:00Z,1580.57878419
2024-11-28T00:00:00Z,1580.29052416
2024-11-27T00:00:00Z,1580.68475436
2024-11-26T00:00:00Z,1581.2527876
2024-11-25T00:00:00Z,1582.3261301
2024-11-24T00:00:00Z,1582.72298176
2024-11-23T00:00:00Z,1582.33045252
2024-11-22T00:00:00Z,1582.30233743
2024-11-21T00:00:00Z,1583.25102809
2024-11-20T00:00:00Z,1584.92875103
2024-11-19T00:00:00Z,1585.63021599
2024-11-18T00:00:00Z,1586.53262251
2024-11-17T00:00:00Z,1586.40493062
2024-11-16T00:00:00Z,1585.90287726
2024-11-15T00:00:00Z,1585.46076228
2024-11-14T00:00:00Z,1586.87070843
2024-11-13T00:00:00Z,1588.70446517
2024-11-12T00:00:00Z,1589.47651201
2024-11-11T00:00:00Z,1590.34170484
2024-11-10T00:00:00Z,1590.79664518
2024-11-09T00:00:00Z,1590.49734576
2024-11-08T00:00:00Z,1589.77725392
2024-11-07T00:00:00Z,1589.8049786
2024-11-06T00:00:00Z,1589.52407627
2024-11-05T00:00:00Z,1591.58303295
2024-11-04T00:00:00Z,1591.31954953
2024-11-03T00:00:00Z,1590.88204805
2024-11-02T00:00:00Z,1590.16104112
2024-11-01T00:00:00Z,1589.5440327
2024-10-31T00:00:00Z,1589.27427787
2024-10-30T00:00:00Z,1588.83492721
2024-10-29T00:00:00Z,1588.4573209
2024-10-28T00:00:00Z,1588.36153095
2024-10-27T00:00:00Z,1587.84401921
2024-10-26T00:00:00Z,1587.11947502
2024-10-25T00:00:00Z,1586.38037865
2024-10-24T00:00:00Z,1585.92434536
2024-10-23T00:00:00Z,1585.24872439
2024-10-22T00:00:00Z,1584.70051207
2024-10-21T00:00:00Z,1584.13202918
2024-10-20T00:00:00Z,1584.500999
2024-10-19T00:00:00Z,1584.51523949
2024-10-18T00:00:00Z,1584.10677921
2024-10-17T00:00:00Z,1583.75274132
2024-10-16T00:00:00Z,1583.31323754
2024-10-15T00:00:00Z,1582.78088651
2024-10-14T00:00:00Z,1583.15901375
2024-10-13T00:00:00Z,1582.70363258
2024-10-12T00:00:00Z,1582.06111703
2024-10-11T00:00:00Z,1581.4634151
2024-10-10T00:00:00Z,1581.99451672
2024-10-09T00:00:00Z,1581.47133387
2024-10-08T00:00:00Z,1581.08264935
2024-10-07T00:00:00Z,1584.32398706
2024-10-06T00:00:00Z,1583.71832911
2024-10-05T00:00:00Z,1582.92198348
2024-10-04T00:00:00Z,1582.10651727
2024-10-03T00:00:00Z,1581.60648739
2024-10-02T00:00:00Z,1581.04389827
2024-10-01T00:00:00Z,1580.38622292
2024-09-30T00:00:00Z,1579.68991276
2024-09-29T00:00:00Z,1579.14933888
2024-09-28T00:00:00Z,1578.35859971
2024-09-27T00:00:00Z,1577.62969658
2024-09-26T00:00:00Z,1577.07936922
2024-09-25T00:00:00Z,1576.9446089
2024-09-24T00:00:00Z,1576.59539109
2024-09-23T00:00:00Z,1575.99210461
2024-09-22T00:00:00Z,1575.59188078
2024-09-21T00:00:00Z,1574.80583708
2024-09-20T00:00:00Z,1574.04151493
2024-09-19T00:00:00Z,1573.77511602
2024-09-18T00:00:00Z,1573.22866917
2024-09-17T00:00:00Z,1572.84469341
2024-09-16T00:00:00Z,1572.24998606
2024-09-15T00:00:00Z,1571.92257817
2024-09-14T00:00:00Z,1571.18189459
2024-09-13T00:00:00Z,1570.37606301
2024-09-12T00:00:00Z,1570.17897577
2024-09-11T00:00:00Z,1569.53896898
2024-09-10T00:00:00Z,1568.90102276
2024-09-09T00:00:00Z,1568.44392785
2024-09-08T00:00:00Z,1568.08672936
2024-09-07T00:00:00Z,1567.21978375
2024-09-06T00:00:00Z,1566.35561116
2024-09-05T00:00:00Z,1566.02088277
2024-09-04T00:00:00Z,1565.3780187
2024-09-03T00:00:00Z,1564.92725077
2024-09-02T00:00:00Z,1564.3865997
2024-09-01T00:00:00Z,1563.63645909
2024-08-31T00:00:00Z,1562.77533494
2024-08-30T00:00:00Z,1562.19497707
2024-08-29T00:00:00Z,1561.48487873
2024-08-28T00:00:00Z,1562.58542129
2024-08-27T00:00:00Z,1561.96998385
2024-08-26T00:00:00Z,1562.02937408
2024-08-25T00:00:00Z,1561.36589014
2024-08-24T00:00:00Z,1560.5070974
2024-08-23T00:00:00Z,1559.7500894
2024-08-22T00:00:00Z,1559.26578314
2024-08-21T00:00:00Z,1558.61777324
2024-08-20T00:00:00Z,1558.11920984
2024-08-19T00:00:00Z,1557.51338297
2024-08-18T00:00:00Z,1556.92768569
2024-08-17T00:00:00Z,1556.14165117
2024-08-16T00:00:00Z,1555.29688932
2024-08-15T00:00:00Z,1554.6304789
2024-08-14T00:00:00Z,1554.05468283
2024-08-13T00:00:00Z,1553.34627762
2024-08-12T00:00:00Z,1552.73977834
2024-08-11T00:00:00Z,1552.1452234
2024-08-10T00:00:00Z,1551.33065109
2024-08-09T00:00:00Z,1551.17782553
2024-08-08T00:00:00Z,1550.70982193
2024-08-07T00:00:00Z,1550.08644445
2024-08-06T00:00:00Z,1549.97181421
2024-08-05T00:00:00Z,1549.28859813
2024-08-04T00:00:00Z,1550.14810951
2024-08-03T00:00:00Z,1549.49024622
2024-08-02T00:00:00Z,1548.88027067
2024-08-01T00:00:00Z,1548.36237393
2024-07-31T00:00:00Z,1548.10659536
2024-07-30T00:00:00Z,1547.49673772
2024-07-29T00:00:00Z,1549.05547347
2024-07-28T00:00:00Z,1548.90324525
2024-07-27T00:00:00Z,1548.18174998
2024-07-26T00:00:00Z,1547.61938976
2024-07-25T00:00:00Z,1547.01257356
2024-07-24T00:00:00Z,1546.94930443
2024-07-23T00:00:00Z,1546.43830692
2024-07-22T00:00:00Z,1548.49853193
2024-07-21T00:00:00Z,1547.91049574
2024-07-20T00:00:00Z,1547.11665429
2024-07-19T00:00:00Z,1546.33265376
2024-07-18T00:00:00Z,1546.79602268
2024-07-17T00:00:00Z,1546.61982684
2024-07-16T00:00:00Z,1546.16295245
2024-07-15T00:00:00Z,1545.63736659
2024-07-14T00:00:00Z,1545.18765827
2024-07-13T00:00:00Z,1544.55565569
2024-07-12T00:00:00Z,1543.76981401
2024-07-11T00:00:00Z,1543.21966345
2024-07-10T00:00:00Z,1542.46950525
2024-07-09T00:00:00Z,1542.32860507
2024-07-08T00:00:00Z,1542.41508486
2024-07-07T00:00:00Z,1541.73763378
2024-07-06T00:00:00Z,1541.10201602
2024-07-05T00:00:00Z,1540.52600952
2024-07-04T00:00:00Z,1541.73145203
2024-07-03T00:00:00Z,1541.53584161
2024-07-02T00:00:00Z,1541.8667901
2024-07-01T00:00:00Z,1541.19289012
2024-06-30T00:00:00Z,1540.68637464
2024-06-29T00:00:00Z,1539.90679431
2024-06-28T00:00:00Z,1539.0610049
2024-06-27T00:00:00Z,1538.60063051
2024-06-26T00:00:00Z,1539.93306884
2024-06-25T00:00:00Z,1539.4891407
2024-06-24T00:00:00Z,1538.88570733
2024-06-23T00:00:00Z,1538.87793575
2024-06-22T00:00:00Z,1538.08249201
2024-06-21T00:00:00Z,1540.07700127
2024-06-20T00:00:00Z,1539.67915256
2024-06-19T00:00:00Z,1538.98643018
2024-06-18T00:00:00Z,1538.28471759
2024-06-17T00:00:00Z,1537.62057356
2024-06-16T00:00:00Z,1537.18576885
2024-06-15T00:00:00Z,1536.34177383
2024-06-14T00:00:00Z,1535.87078212
2024-06-13T00:00:00Z,1535.26040434
2024-06-12T00:00:00Z,1534.51745952
2024-06-11T00:00:00Z,1534.0955234
2024-06-10T00:00:00Z,1535.45268849
2024-06-09T00:00:00Z,1534.80675392
2024-06-08T00:00:00Z,1534.07752984
2024-06-07T00:00:00Z,1533.40809606
2024-06-06T00:00:00Z,1532.82746347
2024-06-05T00:00:00Z,1532.83298949
2024-06-04T00:00:00Z,1532.3905537
2024-06-03T00:00:00Z,1531.89613464
2024-06-02T00:00:00Z,1531.76871522
2024-06-01T00:00:00Z,1531.0404388
2024-05-31T00:00:00Z,1530.2780502
2024-05-30T00:00:00Z,1529.63577782
2024-05-29T00:00:00Z,1529.12126756
2024-05-28T00:00:00Z,1528.46666265
2024-05-27T00:00:00Z,1553.81257844
2024-05-26T00:00:00Z,1553.38630543
2024-05-25T00:00:00Z,1552.76744103
2024-05-24T00:00:00Z,1551.92588274
2024-05-23T00:00:00Z,1551.43292261
2024-05-22T00:00:00Z,1551.09475893
2024-05-21T00:00:00Z,1551.0255586
2024-05-20T00:00:00Z,1550.60659629
2024-05-19T00:00:00Z,1550.10397017
2024-05-18T00:00:00Z,1549.39980348
2024-05-17T00:00:00Z,1548.59977284
2024-05-16T00:00:00Z,1548.03906653
2024-05-15T00:00:00Z,1547.4628039
2024-05-14T00:00:00Z,1548.57837556
2024-05-13T00:00:00Z,1548.12525844
2024-05-12T00:00:00Z,1547.505748
2024-05-11T00:00:00Z,1546.98447774
2024-05-10T00:00:00Z,1546.25409031
2024-05-09T00:00:00Z,1545.5314617
2024-05-08T00:00:00Z,1544.83214952
2024-05-07T00:00:00Z,1544.22870268
2024-05-06T00:00:00Z,1543.51092754
2024-05-05T00:00:00Z,1543.03930607
2024-05-04T00:00:00Z,1542.17136243
2024-05-03T00:00:00Z,1541.3768847
2024-05-02T00:00:00Z,1540.88334152
2024-05-01T00:00:00Z,1540.33087345
2024-04-30T00:00:00Z,1539.85772563
2024-04-29T00:00:00Z,1539.65684725
2024-04-28T00:00:00Z,1539.13721
2024-04-27T00:00:00Z,1538.5424888
2024-04-26T00:00:00Z,1538.02092828
2024-04-25T00:00:00Z,1537.39406834
2024-04-24T00:00:00Z,1536.8171215
2024-04-23T00:00:00Z,1536.98874603
2024-04-22T00:00:00Z,1536.45365721
2024-04-21T00:00:00Z,1535.77134903
2024-04-20T00:00:00Z,1534.98097009
2024-04-19T00:00:00Z,1534.15371846
2024-04-18T00:00:00Z,1533.81396837
2024-04-17T00:00:00Z,1533.94726969
2024-04-16T00:00:00Z,1533.47923827
2024-04-15T00:00:00Z,1533.80326164
2024-04-14T00:00:00Z,1533.38732305
2024-04-13T00:00:00Z,1532.78388758
2024-04-12T00:00:00Z,1532.13088534
2024-04-11T00:00:00Z,1531.66601029
2024-04-10T00:00:00Z,1531.06894736
2024-04-09T00:00:00Z,1530.53808288
2024-04-08T00:00:00Z,1530.2142592
2024-04-07T00:00:00Z,1529.77029289
2024-04-06T00:00:00Z,1529.12535689
2024-04-05T00:00:00Z,1528.57772623
2024-04-04T00:00:00Z,1527.95780812
2024-04-03T00:00:00Z,1527.50526839
2024-04-02T00:00:00Z,1527.08244407
2024-04-01T00:00:00Z,1527.53281187
2024-03-31T00:00:00Z,1530.29384149
2024-03-30T00:00:00Z,1529.77329117
2024-03-29T00:00:00Z,1529.14567052
2024-03-28T00:00:00Z,1528.66609574
2024-03-27T00:00:00Z,1529.83180518
2024-03-26T00:00:00Z,1529.50098412
2024-03-25T00:00:00Z,1529.88639871
2024-03-24T00:00:00Z,1532.50463345
2024-03-23T00:00:00Z,1532.20340026
2024-03-22T00:00:00Z,1539.56636048
2024-03-21T00:00:00Z,1540.53600124
2024-03-20T00:00:00Z,1540.8924399
2024-03-19T00:00:00Z,1540.69350822
2024-03-18T00:00:00Z,1540.44224092
2024-03-17T00:00:00Z,1540.36545198
2024-03-16T00:00:00Z,1541.31506112
2024-03-15T00:00:00Z,1540.76069589
2024-03-14T00:00:00Z,1540.6821625
2024-03-13T00:00:00Z,1541.65042477
2024-03-12T00:00:00Z,1542.41083904
2024-03-11T00:00:00Z,1542.52864539
2024-03-10T00:00:00Z,1543.04326797
2024-03-09T00:00:00Z,1543.15071282
2024-03-08T00:00:00Z,1542.76330148
2024-03-07T00:00:00Z,1543.35843935
2024-03-06T00:00:00Z,1544.1584608
2024-03-05T00:00:00Z,1546.75411419
2024-03-04T00:00:00Z,1548.16242613
2024-03-03T00:00:00Z,1548.64390795
2024-03-02T00:00:00Z,1548.09132584
2024-03-01T00:00:00Z,1547.48950507
2024-02-29T00:00:00Z,1549.98503947
2024-02-28T00:00:00Z,1550.63903715
2024-02-27T00:00:00Z,1552.17024618
2024-02-26T00:00:00Z,1552.24500109
2024-02-25T00:00:00Z,1551.83115252
2024-02-24T00:00:00Z,1551.16512734
2024-02-23T00:00:00Z,1550.46362501
2024-02-22T00:00:00Z,1550.28812986
2024-02-21T00:00:00Z,1550.3843338
2024-02-20T00:00:00Z,1550.14032822
2024-02-19T00:00:00Z,1549.6816664
2024-02-18T00:00:00Z,1550.83439292
2024-02-17T00:00:00Z,1550.1507777
2024-02-16T00:00:00Z,1549.51029313
2024-02-15T00:00:00Z,1549.31128331
2024-02-14T00:00:00Z,1549.13328591
2024-02-13T00:00:00Z,1549.41345096
2024-02-12T00:00:00Z,1549.02900488
2024-02-11T00:00:00Z,1548.81110142
2024-02-10T00:00:00Z,1548.21538848
2024-02-09T00:00:00Z,1547.58855512
2024-02-08T00:00:00Z,1547.15488147
2024-02-07T00:00:00Z,1546.66438959
2024-02-06T00:00:00Z,1546.24082178
2024-02-05T00:00:00Z,1546.69402516
2024-02-04T00:00:00Z,1546.35777252
2024-02-03T00:00:00Z,1545.76819759
2024-02-02T00:00:00Z,1544.9530807
2024-02-01T00:00:00Z,1544.72782811
2024-01-31T00:00:00Z,1544.31505126
2024-01-30T00:00:00Z,1544.41616606
2024-01-29T00:00:00Z,1544.5805116
2024-01-28T00:00:00Z,1544.36364176
2024-01-27T00:00:00Z,1543.60127945
2024-01-26T00:00:00Z,1542.94397942
2024-01-25T00:00:00Z,1542.85869627
2024-01-24T00:00:00Z,1543.2970032
2024-01-23T00:00:00Z,1545.31001244
2024-01-22T00:00:00Z,1545.53131276
2024-01-21T00:00:00Z,1545.91505418
2024-01-20T00:00:00Z,1545.14497121
2024-01-19T00:00:00Z,1544.36107963
2024-01-18T00:00:00Z,1544.28287267
2024-01-17T00:00:00Z,1544.47246814
2024-01-16T00:00:00Z,1544.81009359
2024-01-15T00:00:00Z,1549.22884352
2024-01-14T00:00:00Z,1548.61307109
2024-01-13T00:00:00Z,1547.99230511
2024-01-12T00:00:00Z,1547.27516807
2024-01-11T00:00:00Z,1546.98901981
2024-01-10T00:00:00Z,1546.66176776
2024-01-09T00:00:00Z,1546.26954879
2024-01-08T00:00:00Z,1546.02968111
2024-01-07T00:00:00Z,1545.52213213
2024-01-06T00:00:00Z,1544.80060678
2024-01-05T00:00:00Z,1544.07251628
2024-01-04T00:00:00Z,1543.59332963
2024-01-03T00:00:00Z,1546.14468695
2024-01-02T00:00:00Z,1545.76556214
2024-01-01T00:00:00Z,1545.42728261
2023-12-31T00:00:00Z,1544.70200871
2023-12-30T00:00:00Z,1544.07237259
2023-12-29T00:00:00Z,1543.61752039
2023-12-28T00:00:00Z,1544.29678398
2023-12-27T00:00:00Z,1543.81455054
2023-12-26T00:00:00Z,1545.74201079
2023-12-25T00:00:00Z,1545.21019321
2023-12-24T00:00:00Z,1544.52391853
2023-12-23T00:00:00Z,1544.62941933
2023-12-22T00:00:00Z,1544.05320555
2023-12-21T00:00:00Z,1543.97008676
2023-12-20T00:00:00Z,1543.45375462
2023-12-19T00:00:00Z,1543.11541724
2023-12-18T00:00:00Z,1542.72529779
2023-12-17T00:00:00Z,1542.6818721
2023-12-16T00:00:00Z,1541.89728011
2023-12-15T00:00:00Z,1541.39614023
2023-12-14T00:00:00Z,1541.20331054
2023-12-13T00:00:00Z,1540.55174275
2023-12-12T00:00:00Z,1539.94414425
2023-12-11T00:00:00Z,1540.00356715
2023-12-10T00:00:00Z,1539.68760241
2023-12-09T00:00:00Z,1538.99836229
2023-12-08T00:00:00Z,1538.37812671
2023-12-07T00:00:00Z,1537.96691339
2023-12-06T00:00:00Z,1537.57961805
2023-12-05T00:00:00Z,1537.72017032
2023-12-04T00:00:00Z,1537.49350382
2023-12-03T00:00:00Z,1537.56135403
2023-12-02T00:00:00Z,1536.86915088
2023-12-01T00:00:00Z,1536.17581202
2023-11-30T00:00:00Z,1535.68953863
2023-11-29T00:00:00Z,1536.41934866
2023-11-28T00:00:00Z,1535.81293854
2023-11-27T00:00:00Z,1535.23058991
2023-11-26T00:00:00Z,1534.54072871
2023-11-25T00:00:00Z,1533.92881461
2023-11-24T00:00:00Z,1533.1673485
2023-11-23T00:00:00Z,1532.21159023
2023-11-22T00:00:00Z,1531.80686731
2023-11-21T00:00:00Z,1531.70197521
2023-11-20T00:00:00Z,1531.45107393
2023-11-19T00:00:00Z,1530.99209735
2023-11-18T00:00:00Z,1530.46593292
2023-11-17T00:00:00Z,1529.75038402
2023-11-16T00:00:00Z,1529.16333163
2023-11-15T00:00:00Z,1528.68289173
2023-11-14T00:00:00Z,1528.57242308
2023-11-13T00:00:00Z,1527.97356134
2023-11-12T00:00:00Z,1527.38885495
2023-11-11T00:00:00Z,1526.66836689
2023-11-10T00:00:00Z,1525.96004669
2023-11-09T00:00:00Z,1525.50683162
2023-11-08T00:00:00Z,1525.68552721
2023-11-07T00:00:00Z,1525.06878094
2023-11-06T00:00:00Z,1524.5186508
2023-11-05T00:00:00Z,1523.81965213
2023-11-04T00:00:00Z,1523.13272302
2023-11-03T00:00:00Z,1522.43697822
2023-11-02T00:00:00Z,1521.90675611
2023-11-01T00:00:00Z,1521.3106138
2023-10-31T00:00:00Z,1521.91851083
2023-10-30T00:00:00Z,1521.53730088
2023-10-29T00:00:00Z,1520.98949498
2023-10-28T00:00:00Z,1520.36594408
2023-10-27T00:00:00Z,1519.89042087
2023-10-26T00:00:00Z,1519.46087892
2023-10-25T00:00:00Z,1519.29762709
2023-10-24T00:00:00Z,1518.87244978
2023-10-23T00:00:00Z,1519.02186527
2023-10-22T00:00:00Z,1518.8224947
2023-10-21T00:00:00Z,1518.10813585
2023-10-20T00:00:00Z,1517.37769236
2023-10-19T00:00:00Z,1516.9126119
2023-10-18T00:00:00Z,1516.94141681
2023-10-17T00:00:00Z,1516.43405816
2023-10-16T00:00:00Z,1515.91838816
2023-10-15T00:00:00Z,1515.303478
2023-10-14T00:00:00Z,1514.51415955
2023-10-13T00:00:00Z,1514.77644958
2023-10-12T00:00:00Z,1514.1018258
2023-10-11T00:00:00Z,1513.51823213
2023-10-10T00:00:00Z,1513.28517178
2023-10-09T00:00:00Z,1512.71481655
2023-10-08T00:00:00Z,1512.57236396
2023-10-07T00:00:00Z,1511.78386015
2023-10-06T00:00:00Z,1511.39363465
2023-10-05T00:00:00Z,1510.94691952
2023-10-04T00:00:00Z,1510.41002872
2023-10-03T00:00:00Z,1510.05692719
2023-10-02T00:00:00Z,1509.53992488
2023-10-01T00:00:00Z,1509.51878591
2023-09-30T00:00:00Z,1508.76917641
2023-09-29T00:00:00Z,1508.02269856
2023-09-28T00:00:00Z,1507.52092012
2023-09-27T00:00:00Z,1506.93713731
2023-09-26T00:00:00Z,1506.23934544
2023-09-25T00:00:00Z,1505.59868055
2023-09-24T00:00:00Z,1504.94237112
2023-09-23T00:00:00Z,1504.17685787
2023-09-22T00:00:00Z,1503.38931016
2023-09-21T00:00:00Z,1502.58014376
2023-09-20T00:00:00Z,1501.82020938
2023-09-19T00:00:00Z,1501.34011405
2023-09-18T00:00:00Z,1501.83619416
2023-09-17T00:00:00Z,1501.55764939
2023-09-16T00:00:00Z,1500.74154473
2023-09-15T00:00:00Z,1499.9556247
2023-09-14T00:00:00Z,1499.33762174
2023-09-13T00:00:00Z,1498.7964686
2023-09-12T00:00:00Z,1498.04334189
2023-09-11T00:00:00Z,1497.38548999
2023-09-10T00:00:00Z,1496.74898946
2023-09-09T00:00:00Z,1495.91536288
2023-09-08T00:00:00Z,1495.14230309
2023-09-07T00:00:00Z,1494.41242478
2023-09-06T00:00:00Z,1493.68677522
2023-09-05T00:00:00Z,1493.09762312
2023-09-04T00:00:00Z,1492.47187533
2023-09-03T00:00:00Z,1491.80891949
2023-09-02T00:00:00Z,1491.06564723
2023-09-01T00:00:00Z,1490.24766947
2023-08-31T00:00:00Z,1489.64745544
2023-08-30T00:00:00Z,1489.04441997
2023-08-29T00:00:00Z,1488.37971439
2023-08-28T00:00:00Z,1488.17758831
2023-08-27T00:00:00Z,1487.53298379
2023-08-26T00:00:00Z,1486.94155262
2023-08-25T00:00:00Z,1486.11223899
2023-08-24T00:00:00Z,1485.42286602
2023-08-23T00:00:00Z,1484.74986913
2023-08-22T00:00:00Z,1484.07044144
2023-08-21T00:00:00Z,1483.52109513
2023-08-20T00:00:00Z,1482.93119429
2023-08-19T00:00:00Z,1482.15779308
2023-08-18T00:00:00Z,1481.33462916
2023-08-17T00:00:00Z,1481.00025562
2023-08-16T00:00:00Z,1480.59927351
2023-08-15T00:00:00Z,1480.0342652
2023-08-14T00:00:00Z,1479.48957789
2023-08-13T00:00:00Z,1479.16330022
2023-08-12T00:00:00Z,1478.42896388
2023-08-11T00:00:00Z,1477.76390865
2023-08-10T00:00:00Z,1477.04135205
2023-08-09T00:00:00Z,1476.40897067
2023-08-08T00:00:00Z,1475.77365947
2023-08-07T00:00:00Z,1475.27444498
2023-08-06T00:00:00Z,1474.55812172
2023-08-05T00:00:00Z,1473.78444177
2023-08-04T00:00:00Z,1472.94857988
2023-08-03T00:00:00Z,1472.31572832
2023-08-02T00:00:00Z,1471.55232077
2023-08-01T00:00:00Z,1471.17758152
2023-07-31T00:00:00Z,1470.4205623
2023-07-30T00:00:00Z,1469.89880591
2023-07-29T00:00:00Z,1469.09867046
2023-07-28T00:00:00Z,1468.33287715
2023-07-27T00:00:00Z,1470.5824442
2023-07-26T00:00:00Z,1470.8256078
2023-07-25T00:00:00Z,1470.09881183
2023-07-24T00:00:00Z,1469.37628252
2023-07-23T00:00:00Z,1468.84172206
2023-07-22T00:00:00Z,1468.07841433
2023-07-21T00:00:00Z,1467.52830891
2023-07-20T00:00:00Z,1467.05641117
2023-07-19T00:00:00Z,1466.49346514
2023-07-18T00:00:00Z,1466.0688597
2023-07-17T00:00:00Z,1465.73171158
2023-07-16T00:00:00Z,1465.31954465
2023-07-15T00:00:00Z,1464.53572211
2023-07-14T00:00:00Z,1463.7205973
2023-07-13T00:00:00Z,1463.22748358
2023-07-12T00:00:00Z,1462.83561528
2023-07-11T00:00:00Z,1462.24603851
2023-07-10T00:00:00Z,1461.96500679
2023-07-09T00:00:00Z,1461.40734286
2023-07-08T00:00:00Z,1460.67328126
2023-07-07T00:00:00Z,1459.87300822
2023-07-06T00:00:00Z,1459.17234274
2023-07-05T00:00:00Z,1459.36956331
2023-07-04T00:00:00Z,1458.67192436
2023-07-03T00:00:00Z,1458.00655986
2023-07-02T00:00:00Z,1457.43048163
2023-07-01T00:00:00Z,1456.72121199
2023-06-30T00:00:00Z,1457.43323576
2023-06-29T00:00:00Z,1456.86129149
2023-06-28T00:00:00Z,1456.86028803
2023-06-27T00:00:00Z,1456.29453069
2023-06-26T00:00:00Z,1455.88450772
2023-06-25T00:00:00Z,1455.22389851
2023-06-24T00:00:00Z,1454.60218675
2023-06-23T00:00:00Z,1453.95380027
2023-06-22T00:00:00Z,1454.03982402
2023-06-21T00:00:00Z,1453.4847316
2023-06-20T00:00:00Z,1453.64877693
2023-06-19T00:00:00Z,1453.61660079
2023-06-18T00:00:00Z,1453.23618475
2023-06-17T00:00:00Z,1452.95626939
2023-06-16T00:00:00Z,1452.18930387
2023-06-15T00:00:00Z,1451.56671535
2023-06-14T00:00:00Z,1451.14041306
2023-06-13T00:00:00Z,1450.67202645
2023-06-12T00:00:00Z,1450.20603689
2023-06-11T00:00:00Z,1449.70013396
2023-06-10T00:00:00Z,1448.96692788
2023-06-09T00:00:00Z,1448.3466293
2023-06-08T00:00:00Z,1447.68810446
2023-06-07T00:00:00Z,1447.26503487
2023-06-06T00:00:00Z,1446.57395298
2023-06-05T00:00:00Z,1445.96785259
2023-06-04T00:00:00Z,1445.49823083
2023-06-03T00:00:00Z,1444.69030659
2023-06-02T00:00:00Z,1443.92964277
2023-06-01T00:00:00Z,1443.30485987
2023-05-31T00:00:00Z,1442.96252717
2023-05-30T00:00:00Z,1442.56394441
2023-05-29T00:00:00Z,1442.18524986
2023-05-28T00:00:00Z,1441.61582853
2023-05-27T00:00:00Z,1440.9497785
2023-05-26T00:00:00Z,1440.14477184
2023-05-25T00:00:00Z,1439.66256311
2023-05-24T00:00:00Z,1440.59512031
2023-05-23T00:00:00Z,1439.98634673
2023-05-22T00:00:00Z,1439.37768114
2023-05-21T00:00:00Z,1439.42523474
2023-05-20T00:00:00Z,1438.67913315
2023-05-19T00:00:00Z,1437.88843945
2023-05-18T00:00:00Z,1437.19754915
2023-05-17T00:00:00Z,1436.51056514
2023-05-16T00:00:00Z,1435.80829152
2023-05-15T00:00:00Z,1435.36948695
2023-05-14T00:00:00Z,1436.11269901
2023-05-13T00:00:00Z,1435.59041286
2023-05-12T00:00:00Z,1434.79302295
2023-05-11T00:00:00Z,1434.28829277
2023-05-10T00:00:00Z,1433.78906053
2023-05-09T00:00:00Z,1433.2533389
2023-05-08T00:00:00Z,1432.51129547
2023-05-07T00:00:00Z,1432.02915488
2023-05-06T00:00:00Z,1432.44818697
2023-05-05T00:00:00Z,1431.61566265
2023-05-04T00:00:00Z,1430.92750737
2023-05-03T00:00:00Z,1430.26163099
2023-05-02T00:00:00Z,1430.08347224
2023-05-01T00:00:00Z,1429.41320373
2023-04-30T00:00:00Z,1428.73237909
2023-04-29T00:00:00Z,1427.8950447
2023-04-28T00:00:00Z,1427.4895463
2023-04-27T00:00:00Z,1426.85453761
2023-04-26T00:00:00Z,1426.19929148
2023-04-25T00:00:00Z,1425.56019396
2023-04-24T00:00:00Z,1424.86665833
2023-04-23T00:00:00Z,1424.22537744
2023-04-22T00:00:00Z,1423.44604051
2023-04-21T00:00:00Z,1422.64046146
2023-04-20T00:00:00Z,1422.06361559
2023-04-19T00:00:00Z,1421.39169696
2023-04-18T00:00:00Z,1421.84859255
2023-04-17T00:00:00Z,1421.21965445
2023-04-16T00:00:00Z,1420.64000012
2023-04-15T00:00:00Z,1419.88380443
2023-04-14T00:00:00Z,1419.14032989
2023-04-13T00:00:00Z,1418.85717921
2023-04-12T00:00:00Z,1418.35611682
2023-04-11T00:00:00Z,1418.408302
2023-04-10T00:00:00Z,1418.53917189
2023-04-09T00:00:00Z,1417.99797936
2023-04-08T00:00:00Z,1417.15002794
2023-04-07T00:00:00Z,1416.33121424
2023-04-06T00:00:00Z,1415.81060127
2023-04-05T00:00:00Z,1415.40670247
2023-04-04T00:00:00Z,1415.10578429
2023-04-03T00:00:00Z,1414.68982868
2023-04-02T00:00:00Z,1414.11855324
2023-04-01T00:00:00Z,1413.32302861
2023-03-31T00:00:00Z,1412.62067859
2023-03-30T00:00:00Z,1412.46062148
2023-03-29T00:00:00Z,1416.25573638
2023-03-28T00:00:00Z,1415.55879367
2023-03-27T00:00:00Z,1414.88089376
2023-03-26T00:00:00Z,1414.53308252
2023-03-25T00:00:00Z,1413.86495664
2023-03-24T00:00:00Z,1413.11494309
2023-03-23T00:00:00Z,1412.66576673
2023-03-22T00:00:00Z,1412.32956887
2023-03-21T00:00:00Z,1411.87599363
2023-03-20T00:00:00Z,1411.3284725
2023-03-19T00:00:00Z,1410.79914492
2023-03-18T00:00:00Z,1410.11157785
2023-03-17T00:00:00Z,1409.41164194
2023-03-16T00:00:00Z,1408.95508405
2023-03-15T00:00:00Z,1408.50877109
2023-03-14T00:00:00Z,1408.1875249
2023-03-13T00:00:00Z,1407.99549813
2023-03-12T00:00:00Z,1407.7018313
2023-03-11T00:00:00Z,1406.98556208
2023-03-10T00:00:00Z,1406.41430293
2023-03-09T00:00:00Z,1405.77052664
2023-03-08T00:00:00Z,1405.24983309
2023-03-07T00:00:00Z,1404.6072234
2023-03-06T00:00:00Z,1404.96977356
2023-03-05T00:00:00Z,1404.41430704
2023-03-04T00:00:00Z,1404.02242114
2023-03-03T00:00:00Z,1403.31214334
2023-03-02T00:00:00Z,1402.67838131
2023-03-01T00:00:00Z,1402.01243256
2023-02-28T00:00:00Z,1401.83891522
2023-02-27T00:00:00Z,1401.65732473
2023-02-26T00:00:00Z,1401.20399336
2023-02-25T00:00:00Z,1400.46442546
2023-02-24T00:00:00Z,1399.68597686
2023-02-23T00:00:00Z,1399.22907153
2023-02-22T00:00:00Z,1398.51978545
2023-02-21T00:00:00Z,1397.98062525
2023-02-20T00:00:00Z,1397.32176013
2023-02-19T00:00:00Z,1396.54356335
2023-02-18T00:00:00Z,1395.86258374
2023-02-17T00:00:00Z,1395.0550515
2023-02-16T00:00:00Z,1394.37942684
2023-02-15T00:00:00Z,1393.80343208
2023-02-14T00:00:00Z,1393.19553917
2023-02-13T00:00:00Z,1392.44330758
2023-02-12T00:00:00Z,1391.75125378
2023-02-11T00:00:00Z,1390.99982373
2023-02-10T00:00:00Z,1390.31443948
2023-02-09T00:00:00Z,1389.73861632
2023-02-08T00:00:00Z,1389.14975558
2023-02-07T00:00:00Z,1388.53761356
2023-02-06T00:00:00Z,1387.78188344
2023-02-05T00:00:00Z,1387.10151343
2023-02-04T00:00:00Z,1386.37760953
2023-02-03T00:00:00Z,1385.58897523
2023-02-02T00:00:00Z,1385.05637538
2023-02-01T00:00:00Z,1384.32784847
2023-01-31T00:00:00Z,1383.92981356
2023-01-30T00:00:00Z,1383.3162335
2023-01-29T00:00:00Z,1382.63808675
2023-01-28T00:00:00Z,1381.87222287
2023-01-27T00:00:00Z,1381.09864347
2023-01-26T00:00:00Z,1380.85364231
2023-01-25T00:00:00Z,1381.48800913
2023-01-24T00:00:00Z,1380.87613143
2023-01-23T00:00:00Z,1380.24816717
2023-01-22T00:00:00Z,1379.5860439
2023-01-21T00:00:00Z,1378.81204374
2023-01-20T00:00:00Z,1378.1286229
2023-01-19T00:00:00Z,1377.50638105
2023-01-18T00:00:00Z,1376.97584459
2023-01-17T00:00:00Z,1376.56614949
2023-01-16T00:00:00Z,1376.00718398
2023-01-15T00:00:00Z,1375.92564508
2023-01-14T00:00:00Z,1375.28372567
2023-01-13T00:00:00Z,1374.62308836
2023-01-12T00:00:00Z,1374.11741674
2023-01-11T00:00:00Z,1373.60442172
2023-01-10T00:00:00Z,1373.2255881
2023-01-09T00:00:00Z,1372.92987474
2023-01-08T00:00:00Z,1372.29337709
2023-01-07T00:00:00Z,1371.58743828
2023-01-06T00:00:00Z,1371.07756868
2023-01-05T00:00:00Z,1370.7260313
2023-01-04T00:00:00Z,1371.39344491
2023-01-03T00:00:00Z,1370.88804795
2023-01-02T00:00:00Z,1370.38921921
2023-01-01T00:00:00Z,1369.72062602
2022-12-31T00:00:00Z,1368.99927222
2022-12-30T00:00:00Z,1369.1095692
2022-12-29T00:00:00Z,1368.76513516
2022-12-28T00:00:00Z,1368.51323195
2022-12-27T00:00:00Z,1368.5105245
2022-12-26T00:00:00Z,1367.81878819
2022-12-25T00:00:00Z,1367.01945862
2022-12-24T00:00:00Z,1366.40185062
2022-12-23T00:00:00Z,1365.64363517
2022-12-22T00:00:00Z,1365.18402166
2022-12-21T00:00:00Z,1364.58792563
2022-12-20T00:00:00Z,1364.02332421
2022-12-19T00:00:00Z,1363.29983584
2022-12-18T00:00:00Z,1363.10136561
2022-12-17T00:00:00Z,1362.37200491
2022-12-16T00:00:00Z,1361.74779411
2022-12-15T00:00:00Z,1361.22890685
2022-12-14T00:00:00Z,1360.56438005
2022-12-13T00:00:00Z,1360.31184045
2022-12-12T00:00:00Z,1359.95991731
2022-12-11T00:00:00Z,1359.32854638
2022-12-10T00:00:00Z,1358.63789102
2022-12-09T00:00:00Z,1357.93301361
2022-12-08T00:00:00Z,1357.60966237
2022-12-07T00:00:00Z,1356.99630075
2022-12-06T00:00:00Z,1356.34816516
2022-12-05T00:00:00Z,1355.81035283
2022-12-04T00:00:00Z,1355.74670791
2022-12-03T00:00:00Z,1355.10649448
2022-12-02T00:00:00Z,1354.30630949
2022-12-01T00:00:00Z,1353.84640136
2022-11-30T00:00:00Z,1353.63438638
2022-11-29T00:00:00Z,1353.08173297
2022-11-28T00:00:00Z,1352.57322636
2022-11-27T00:00:00Z,1352.15085151
2022-11-26T00:00:00Z,1351.40657615
2022-11-25T00:00:00Z,1350.66703223
2022-11-24T00:00:00Z,1350.03666109
2022-11-23T00:00:00Z,1349.54885374
2022-11-22T00:00:00Z,1353.08862857
2022-11-21T00:00:00Z,1353.03397449
2022-11-20T00:00:00Z,1352.74970024
2022-11-19T00:00:00Z,1352.30453681
2022-11-18T00:00:00Z,1351.58875769
2022-11-17T00:00:00Z,1354.57734316
2022-11-16T00:00:00Z,1354.62908877
2022-11-15T00:00:00Z,1355.49988644
2022-11-14T00:00:00Z,1355.33625575
2022-11-13T00:00:00Z,1355.13015508
2022-11-12T00:00:00Z,1354.40991625
2022-11-11T00:00:00Z,1355.10570682
2022-11-10T00:00:00Z,1356.62655056
2022-11-09T00:00:00Z,1356.57304214
2022-11-08T00:00:00Z,1357.00978078
2022-11-07T00:00:00Z,1356.8123935
2022-11-06T00:00:00Z,1356.95790539
2022-11-05T00:00:00Z,1356.49314482
2022-11-04T00:00:00Z,1356.03503432
2022-11-03T00:00:00Z,1357.08662645
2022-11-02T00:00:00Z,1356.58049644
2022-11-01T00:00:00Z,1356.59353464
2022-10-31T00:00:00Z,1356.01320494
2022-10-30T00:00:00Z,1355.41881404
2022-10-29T00:00:00Z,1354.63670454
2022-10-28T00:00:00Z,1353.88107712
2022-10-27T00:00:00Z,1353.19087274
2022-10-26T00:00:00Z,1352.9004197
2022-10-25T00:00:00Z,1352.9642297
2022-10-24T00:00:00Z,1352.66775883
2022-10-23T00:00:00Z,1351.95862226
2022-10-22T00:00:00Z,1351.1754149
2022-10-21T00:00:00Z,1350.93079367
2022-10-20T00:00:00Z,1350.21730867
2022-10-19T00:00:00Z,1349.47409488
2022-10-18T00:00:00Z,1348.95747576
2022-10-17T00:00:00Z,1350.91210803
2022-10-16T00:00:00Z,1351.18704677
2022-10-15T00:00:00Z,1350.42491534
2022-10-14T00:00:00Z,1349.58507599
2022-10-13T00:00:00Z,1348.91097158
2022-10-12T00:00:00Z,1348.22913852
2022-10-11T00:00:00Z,1347.77985326
2022-10-10T00:00:00Z,1347.20304272
2022-10-09T00:00:00Z,1346.49750573
2022-10-08T00:00:00Z,1345.66632567
2022-10-07T00:00:00Z,1345.00033286
2022-10-06T00:00:00Z,1344.421557
2022-10-05T00:00:00Z,1343.75295064
2022-10-04T00:00:00Z,1343.22329067
2022-10-03T00:00:00Z,1342.57930907
2022-10-02T00:00:00Z,1341.87398153
2022-10-01T00:00:00Z,1341.05791634
2022-09-30T00:00:00Z,1340.25599575
2022-09-29T00:00:00Z,1339.7801304
2022-09-28T00:00:00Z,1339.15394066
2022-09-27T00:00:00Z,1338.52815035
2022-09-26T00:00:00Z,1338.18102384
2022-09-25T00:00:00Z,1337.49906565
2022-09-24T00:00:00Z,1336.6945371
2022-09-23T00:00:00Z,1335.84390998
2022-09-22T00:00:00Z,1335.14188754
2022-09-21T00:00:00Z,1334.44690144
2022-09-20T00:00:00Z,1333.87666856
2022-09-19T00:00:00Z,1333.25127677
2022-09-18T00:00:00Z,1332.9729017
2022-09-17T00:00:00Z,1332.12815581
2022-09-16T00:00:00Z,1331.32502137
2022-09-15T00:00:00Z,1330.54547566
2022-09-14T00:00:00Z,1329.96820348
2022-09-13T00:00:00Z,1329.39250758
2022-09-12T00:00:00Z,1329.27660318
2022-09-11T00:00:00Z,1328.58342451
2022-09-10T00:00:00Z,1327.82015694
2022-09-09T00:00:00Z,1327.03925406
2022-09-08T00:00:00Z,1326.34637228
2022-09-07T00:00:00Z,1325.63351522
2022-09-06T00:00:00Z,1325.06908715
2022-09-05T00:00:00Z,1324.73584205
2022-09-04T00:00:00Z,1323.97505209
2022-09-03T00:00:00Z,1323.97577763
2022-09-02T00:00:00Z,1323.21058312
2022-09-01T00:00:00Z,1322.58909121
2022-08-31T00:00:00Z,1321.95128586
2022-08-30T00:00:00Z,1321.22061653
2022-08-29T00:00:00Z,1320.87000617
2022-08-28T00:00:00Z,1320.9384134
2022-08-27T00:00:00Z,1320.92580104
2022-08-26T00:00:00Z,1320.18752957
2022-08-25T00:00:00Z,1319.57795128
2022-08-24T00:00:00Z,1318.84555316
2022-08-23T00:00:00Z,1318.1108704
2022-08-22T00:00:00Z,1317.45694974
2022-08-21T00:00:00Z,1316.80012865
2022-08-20T00:00:00Z,1315.95082656
2022-08-19T00:00:00Z,1315.17306894
2022-08-18T00:00:00Z,1314.66847251
2022-08-17T00:00:00Z,1314.0550122
2022-08-16T00:00:00Z,1313.39590506
2022-08-15T00:00:00Z,1312.6352242
2022-08-14T00:00:00Z,1311.89763904
2022-08-13T00:00:00Z,1311.05855419
2022-08-12T00:00:00Z,1310.23650098
2022-08-11T00:00:00Z,1309.5618144
2022-08-10T00:00:00Z,1308.86452662
2022-08-09T00:00:00Z,1308.77140949
2022-08-08T00:00:00Z,1308.36205287
2022-08-07T00:00:00Z,1307.63690863
2022-08-06T00:00:00Z,1306.93822883
2022-08-05T00:00:00Z,1306.18548804
2022-08-04T00:00:00Z,1305.41392374
2022-08-03T00:00:00Z,1305.01823964
2022-08-02T00:00:00Z,1304.30358137
2022-08-01T00:00:00Z,1303.67576781
2022-07-31T00:00:00Z,1302.90883325
2022-07-30T00:00:00Z,1302.23593498
2022-07-29T00:00:00Z,1301.41836095
2022-07-28T00:00:00Z,1300.71495384
2022-07-27T00:00:00Z,1299.98496494
2022-07-26T00:00:00Z,1299.28072195
2022-07-25T00:00:00Z,1298.65790528
2022-07-24T00:00:00Z,1298.08185836
2022-07-23T00:00:00Z,1297.30846279
2022-07-22T00:00:00Z,1296.64328509
2022-07-21T00:00:00Z,1296.20143395
2022-07-20T00:00:00Z,1297.11849357
2022-07-19T00:00:00Z,1296.65808646
2022-07-18T00:00:00Z,1297.86236801
2022-07-17T00:00:00Z,1297.29418598
2022-07-16T00:00:00Z,1296.43232368
2022-07-15T00:00:00Z,1295.61972224
2022-07-14T00:00:00Z,1295.40969861
2022-07-13T00:00:00Z,1294.87396522
2022-07-12T00:00:00Z,1294.06965694
2022-07-11T00:00:00Z,1293.44205443
2022-07-10T00:00:00Z,1293.50296632
2022-07-09T00:00:00Z,1292.68950901
2022-07-08T00:00:00Z,1291.96247121
2022-07-07T00:00:00Z,1291.38837047
2022-07-06T00:00:00Z,1290.68539422
2022-07-05T00:00:00Z,1290.22517696
2022-07-04T00:00:00Z,1289.50562042
2022-07-03T00:00:00Z,1288.73564197
2022-07-02T00:00:00Z,1288.19081948
2022-07-01T00:00:00Z,1287.45229265
2022-06-30T00:00:00Z,1286.93678452
2022-06-29T00:00:00Z,1286.80269012
2022-06-28T00:00:00Z,1286.59640848
2022-06-27T00:00:00Z,1286.16002342
2022-06-26T00:00:00Z,1285.5860771
2022-06-25T00:00:00Z,1284.73187933
2022-06-24T00:00:00Z,1284.67291278
2022-06-23T00:00:00Z,1284.23405257
2022-06-22T00:00:00Z,1283.55048344
2022-06-21T00:00:00Z,1283.08489242
2022-06-20T00:00:00Z,1282.70486348
2022-06-19T00:00:00Z,1282.11570338
2022-06-18T00:00:00Z,1281.4827113
2022-06-17T00:00:00Z,1281.46151837
2022-06-16T00:00:00Z,1284.40784327
2022-06-15T00:00:00Z,1284.02069615
2022-06-14T00:00:00Z,1284.35829336
2022-06-13T00:00:00Z,1284.66354952
2022-06-12T00:00:00Z,1285.27720853
2022-06-11T00:00:00Z,1284.74631555
2022-06-10T00:00:00Z,1284.22774828
2022-06-09T00:00:00Z,1283.87098356
2022-06-08T00:00:00Z,1283.33834149
2022-06-07T00:00:00Z,1282.84689702
2022-06-06T00:00:00Z,1282.62000056
2022-06-05T00:00:00Z,1281.98051227
2022-06-04T00:00:00Z,1281.16820931
2022-06-03T00:00:00Z,1280.6676849
2022-06-02T00:00:00Z,1280.29940666
2022-06-01T00:00:00Z,1280.43247049
2022-05-31T00:00:00Z,1280.19653975
2022-05-30T00:00:00Z,1279.95327663
2022-05-29T00:00:00Z,1279.32594398
2022-05-28T00:00:00Z,1278.61296501
2022-05-27T00:00:00Z,1277.79782414
2022-05-26T00:00:00Z,1277.45528469
2022-05-25T00:00:00Z,1276.81746408
2022-05-24T00:00:00Z,1276.22143037
2022-05-23T00:00:00Z,1275.64302467
2022-05-22T00:00:00Z,1275.03157691
2022-05-21T00:00:00Z,1274.17950717
2022-05-20T00:00:00Z,1273.4042247
2022-05-19T00:00:00Z,1272.91471741
2022-05-18T00:00:00Z,1272.75976635
2022-05-17T00:00:00Z,1272.11595464
2022-05-16T00:00:00Z,1271.73620631
2022-05-15T00:00:00Z,1271.24348355
2022-05-14T00:00:00Z,1270.46139562
2022-05-13T00:00:00Z,1272.05753203
2022-05-12T00:00:00Z,1272.69758944
2022-05-11T00:00:00Z,1272.79472853
2022-05-10T00:00:00Z,1273.24226066
2022-05-09T00:00:00Z,1272.93715064
2022-05-08T00:00:00Z,1273.00707793
2022-05-07T00:00:00Z,1272.42206051
2022-05-06T00:00:00Z,1271.61873063
2022-05-05T00:00:00Z,1271.18998882
2022-05-04T00:00:00Z,1270.70470313
2022-05-03T00:00:00Z,1270.31519457
2022-05-02T00:00:00Z,1270.06580837
2022-05-01T00:00:00Z,1269.91473525
2022-04-30T00:00:00Z,1269.24533513
2022-04-29T00:00:00Z,1268.53045562
2022-04-28T00:00:00Z,1268.0410255
2022-04-27T00:00:00Z,1267.48048592
2022-04-26T00:00:00Z,1266.77359299
2022-04-25T00:00:00Z,1266.20216517
2022-04-24T00:00:00Z,1265.54294647
2022-04-23T00:00:00Z,1264.70919843
2022-04-22T00:00:00Z,1263.99558857
2022-04-21T00:00:00Z,1263.48422116
2022-04-20T00:00:00Z,1264.60660418
2022-04-19T00:00:00Z,1264.01090216
2022-04-18T00:00:00Z,1263.41137396
2022-04-17T00:00:00Z,1262.66524801
2022-04-16T00:00:00Z,1261.82194183
2022-04-15T00:00:00Z,1260.97407705
2022-04-14T00:00:00Z,1260.19976293
2022-04-13T00:00:00Z,1261.21707057
2022-04-12T00:00:00Z,1260.65312637
2022-04-11T00:00:00Z,1260.82564959
2022-04-10T00:00:00Z,1260.21252127
2022-04-09T00:00:00Z,1259.41320979
2022-04-08T00:00:00Z,1258.62560249
2022-04-07T00:00:00Z,1257.98419245
2022-04-06T00:00:00Z,1257.29042742
2022-04-05T00:00:00Z,1256.69997291
2022-04-04T00:00:00Z,1256.1775683
2022-04-03T00:00:00Z,1255.88106861
2022-04-02T00:00:00Z,1255.19387467
2022-04-01T00:00:00Z,1254.43202153
2022-03-31T00:00:00Z,1253.88557322
2022-03-30T00:00:00Z,1253.38141892
2022-03-29T00:00:00Z,1252.69805794
2022-03-28T00:00:00Z,1253.71390606
2022-03-27T00:00:00Z,1253.30260591
2022-03-26T00:00:00Z,1252.51308509
2022-03-25T00:00:00Z,1251.8837525
2022-03-24T00:00:00Z,1253.98892623
2022-03-23T00:00:00Z,1253.34919791
2022-03-22T00:00:00Z,1252.70355942
2022-03-21T00:00:00Z,1252.03348207
2022-03-20T00:00:00Z,1251.41347115
2022-03-19T00:00:00Z,1250.62340573
2022-03-18T00:00:00Z,1249.96527865
2022-03-17T00:00:00Z,1249.20974731
2022-03-16T00:00:00Z,1249.4218484
2022-03-15T00:00:00Z,1249.24495348
2022-03-14T00:00:00Z,1248.63989426
2022-03-13T00:00:00Z,1248.02707437
2022-03-12T00:00:00Z,1247.2794235
2022-03-11T00:00:00Z,1246.62979718
2022-03-10T00:00:00Z,1247.78716152
2022-03-09T00:00:00Z,1247.27030878
2022-03-08T00:00:00Z,1246.9834098
2022-03-07T00:00:00Z,1246.56927396
2022-03-06T00:00:00Z,1246.37767371
2022-03-05T00:00:00Z,1245.62425418
2022-03-04T00:00:00Z,1244.82765656
2022-03-03T00:00:00Z,1244.29434656
2022-03-02T00:00:00Z,1243.97385485
2022-03-01T00:00:00Z,1243.61395337
2022-02-28T00:00:00Z,1243.16122156
2022-02-27T00:00:00Z,1245.03177685
2022-02-26T00:00:00Z,1244.44186533
2022-02-25T00:00:00Z,1243.74009454
2022-02-24T00:00:00Z,1243.25431761
2022-02-23T00:00:00Z,1242.59511775
2022-02-22T00:00:00Z,1242.34653012
2022-02-21T00:00:00Z,1241.6524651
2022-02-20T00:00:00Z,1241.5058556
2022-02-19T00:00:00Z,1240.91026593
2022-02-18T00:00:00Z,1240.11743779
2022-02-17T00:00:00Z,1239.42973051
2022-02-16T00:00:00Z,1238.96076703
2022-02-15T00:00:00Z,1238.25130793
2022-02-14T00:00:00Z,1237.67411358
2022-02-13T00:00:00Z,1236.96979611
2022-02-12T00:00:00Z,1236.21613798
2022-02-11T00:00:00Z,1235.46626286
2022-02-10T00:00:00Z,1234.9752329
2022-02-09T00:00:00Z,1234.66668169
2022-02-08T00:00:00Z,1234.05317338
2022-02-07T00:00:00Z,1233.47998136
2022-02-06T00:00:00Z,1232.97361057
2022-02-05T00:00:00Z,1232.29136799
2022-02-04T00:00:00Z,1231.53714167
2022-02-03T00:00:00Z,1230.79539307
2022-02-02T00:00:00Z,1230.1813047
2022-02-01T00:00:00Z,1229.45008926
2022-01-31T00:00:00Z,1239.00220444
2022-01-30T00:00:00Z,1238.30724851
2022-01-29T00:00:00Z,1237.63739771
2022-01-28T00:00:00Z,1237.09378619
2022-01-27T00:00:00Z,1236.45222846
2022-01-26T00:00:00Z,1236.04095298
2022-01-25T00:00:00Z,1235.34478385
2022-01-24T00:00:00Z,1235.07736663
2022-01-23T00:00:00Z,1234.65835862
2022-01-22T00:00:00Z,1234.23326117
2022-01-21T00:00:00Z,1233.77173509
2022-01-20T00:00:00Z,1233.36316816
2022-01-19T00:00:00Z,1232.93231861
2022-01-18T00:00:00Z,1232.52354587
2022-01-17T00:00:00Z,1231.87663966
2022-01-16T00:00:00Z,1231.30325656
2022-01-15T00:00:00Z,1230.53000741
2022-01-14T00:00:00Z,1229.72489182
2022-01-13T00:00:00Z,1229.02912378
2022-01-12T00:00:00Z,1228.30811118
2022-01-11T00:00:00Z,1227.84481312
2022-01-10T00:00:00Z,1227.1908171
2022-01-09T00:00:00Z,1226.64851057
2022-01-08T00:00:00Z,1225.8850613
2022-01-07T00:00:00Z,1225.12637481
2022-01-06T00:00:00Z,1224.57913518
2022-01-05T00:00:00Z,1224.30157045
2022-01-04T00:00:00Z,1223.83252755
2022-01-03T00:00:00Z,1223.28585846
2022-01-02T00:00:00Z,1222.7325458
2022-01-01T00:00:00Z,1221.8952783
2021-12-31T00:00:00Z,1221.28392659
2021-12-30T00:00:00Z,1221.35114019
2021-12-29T00:00:00Z,1221.24970509
2021-12-28T00:00:00Z,1220.78667221
2021-12-27T00:00:00Z,1220.15837201
2021-12-26T00:00:00Z,1219.52011447
2021-12-25T00:00:00Z,1218.92196146
2021-12-24T00:00:00Z,1218.27939236
2021-12-23T00:00:00Z,1217.52163486
2021-12-22T00:00:00Z,1217.16367812
2021-12-21T00:00:00Z,1216.71864214
2021-12-20T00:00:00Z,1216.12502401
2021-12-19T00:00:00Z,1215.56161426
2021-12-18T00:00:00Z,1214.79045627
2021-12-17T00:00:00Z,1214.1131236
2021-12-16T00:00:00Z,1213.50336603
2021-12-15T00:00:00Z,1213.12477646
2021-12-14T00:00:00Z,1212.61442446
2021-12-13T00:00:00Z,1212.74457379
2021-12-12T00:00:00Z,1212.3029656
2021-12-11T00:00:00Z,1211.50360108
2021-12-10T00:00:00Z,1210.9241784
2021-12-09T00:00:00Z,1210.39285589
2021-12-08T00:00:00Z,1210.20693616
2021-12-07T00:00:00Z,1209.67312239
2021-12-06T00:00:00Z,1209.84816597
2021-12-05T00:00:00Z,1209.45971757
2021-12-04T00:00:00Z,1208.87318433
2021-12-03T00:00:00Z,1208.36717662
2021-12-02T00:00:00Z,1207.89338831
2021-12-01T00:00:00Z,1207.33342557
2021-11-30T00:00:00Z,1207.06138422
2021-11-29T00:00:00Z,1206.62930698
2021-11-28T00:00:00Z,1206.2015875
2021-11-27T00:00:00Z,1205.58961676
2021-11-26T00:00:00Z,1204.80277523
2021-11-25T00:00:00Z,1204.45738239
2021-11-24T00:00:00Z,1205.69695019
2021-11-23T00:00:00Z,1205.15505407
2021-11-22T00:00:00Z,1204.73483827
2021-11-21T00:00:00Z,1204.36191369
2021-11-20T00:00:00Z,1203.67960878
2021-11-19T00:00:00Z,1203.07190328
2021-11-18T00:00:00Z,1202.51205419
2021-11-17T00:00:00Z,1201.94280723
2021-11-16T00:00:00Z,1201.90453108
2021-11-15T00:00:00Z,1202.16713722
2021-11-14T00:00:00Z,1201.78163196
2021-11-13T00:00:00Z,1201.07679278
2021-11-12T00:00:00Z,1200.54296604
2021-11-11T00:00:00Z,1201.56984115
2021-11-10T00:00:00Z,1201.20368353
2021-11-09T00:00:00Z,1201.48184921
2021-11-08T00:00:00Z,1201.19787559
2021-11-07T00:00:00Z,1201.14855564
2021-11-06T00:00:00Z,1200.37507623
2021-11-05T00:00:00Z,1199.73218995
2021-11-04T00:00:00Z,1199.70251918
2021-11-03T00:00:00Z,1199.05695197
2021-11-02T00:00:00Z,1199.03506098
2021-11-01T00:00:00Z,1199.13039123
2021-10-31T00:00:00Z,1199.87247158
2021-10-30T00:00:00Z,1199.95844563
2021-10-29T00:00:00Z,1199.26083597
2021-10-28T00:00:00Z,1198.77152777
2021-10-27T00:00:00Z,1198.22240416
2021-10-26T00:00:00Z,1197.59347194
2021-10-25T00:00:00Z,1197.14130094
2021-10-24T00:00:00Z,1196.96509736
2021-10-23T00:00:00Z,1196.92726769
2021-10-22T00:00:00Z,1196.26278921
2021-10-21T00:00:00Z,1196.07756564
2021-10-20T00:00:00Z,1195.81435452
2021-10-19T00:00:00Z,1195.70488384
2021-10-18T00:00:00Z,1196.28335023
2021-10-17T00:00:00Z,1196.04941444
2021-10-16T00:00:00Z,1195.31652694
2021-10-15T00:00:00Z,1194.93275499
2021-10-14T00:00:00Z,1194.49527812
2021-10-13T00:00:00Z,1193.96098416
2021-10-12T00:00:00Z,1193.38164973
2021-10-11T00:00:00Z,1193.44086431
2021-10-10T00:00:00Z,1192.90120554
2021-10-09T00:00:00Z,1192.58095646
2021-10-08T00:00:00Z,1191.89332675
2021-10-07T00:00:00Z,1191.27735229
2021-10-06T00:00:00Z,1190.86140226
2021-10-05T00:00:00Z,1190.49849927
2021-10-04T00:00:00Z,1190.02096928
2021-10-03T00:00:00Z,1189.44755199
2021-10-02T00:00:00Z,1188.70387884
2021-10-01T00:00:00Z,1188.03378145
2021-09-30T00:00:00Z,1187.44212066
2021-09-29T00:00:00Z,1187.05504331
2021-09-28T00:00:00Z,1186.44217337
2021-09-27T00:00:00Z,1185.81474912
2021-09-26T00:00:00Z,1185.35935035
2021-09-25T00:00:00Z,1188.1325158
2021-09-24T00:00:00Z,1187.28831033
2021-09-23T00:00:00Z,1186.5696792
2021-09-22T00:00:00Z,1185.91768701
2021-09-21T00:00:00Z,1185.36031982
2021-09-20T00:00:00Z,1184.59772285
2021-09-19T00:00:00Z,1183.99383026
2021-09-18T00:00:00Z,1183.26824663
2021-09-17T00:00:00Z,1182.53871813
2021-09-16T00:00:00Z,1181.86209268
2021-09-15T00:00:00Z,1181.55357119
2021-09-14T00:00:00Z,1181.18756673
2021-09-13T00:00:00Z,1180.91390904
2021-09-12T00:00:00Z,1180.20055943
2021-09-11T00:00:00Z,1179.44399528
2021-09-10T00:00:00Z,1178.67470602
2021-09-09T00:00:00Z,1178.36072382
2021-09-08T00:00:00Z,1178.12948842
2021-09-07T00:00:00Z,1177.48455563
2021-09-06T00:00:00Z,1176.89717828
2021-09-05T00:00:00Z,1176.24962352
2021-09-04T00:00:00Z,1175.47475651
2021-09-03T00:00:00Z,1174.75702661
2021-09-02T00:00:00Z,1174.13048264
2021-09-01T00:00:00Z,1173.49829085
2021-08-31T00:00:00Z,1172.89154607
2021-08-30T00:00:00Z,1172.39868106
2021-08-29T00:00:00Z,1171.82789018
2021-08-28T00:00:00Z,1171.05836345
2021-08-27T00:00:00Z,1170.32701692
2021-08-26T00:00:00Z,1169.59142958
2021-08-25T00:00:00Z,1169.32947841
2021-08-24T00:00:00Z,1170.01869112
2021-08-23T00:00:00Z,1169.28607991
2021-08-22T00:00:00Z,1168.95843948
2021-08-21T00:00:00Z,1168.25806175
2021-08-20T00:00:00Z,1167.67325486
2021-08-19T00:00:00Z,1166.98422103
2021-08-18T00:00:00Z,1166.33193999
2021-08-17T00:00:00Z,1165.85680975
2021-08-16T00:00:00Z,1165.22012839
2021-08-15T00:00:00Z,1164.53526319
2021-08-14T00:00:00Z,1163.72636903
2021-08-13T00:00:00Z,1163.56852549
2021-08-12T00:00:00Z,1162.88069592
2021-08-11T00:00:00Z,1162.17882691
2021-08-10T00:00:00Z,1161.55401553
2021-08-09T00:00:00Z,1160.8378629
2021-08-08T00:00:00Z,1160.21166397
2021-08-07T00:00:00Z,1159.59813564
2021-08-06T00:00:00Z,1158.87455384
2021-08-05T00:00:00Z,1158.35528868
2021-08-04T00:00:00Z,1157.61205577
2021-08-03T00:00:00Z,1156.84824202
2021-08-02T00:00:00Z,1156.12139265
2021-08-01T00:00:00Z,1155.39842457
2021-07-31T00:00:00Z,1154.61062341
2021-07-30T00:00:00Z,1153.87545143
2021-07-29T00:00:00Z,1153.22209916
2021-07-28T00:00:00Z,1160.18750254
2021-07-27T00:00:00Z,1161.09493505
2021-07-26T00:00:00Z,1161.38163133
2021-07-25T00:00:00Z,1161.66084439
2021-07-24T00:00:00Z,1160.8859267
2021-07-23T00:00:00Z,1160.05495035
2021-07-22T00:00:00Z,1159.42962072
2021-07-21T00:00:00Z,1158.80049636
2021-07-20T00:00:00Z,1158.16517623
2021-07-19T00:00:00Z,1157.72589173
2021-07-18T00:00:00Z,1157.10385757
2021-07-17T00:00:00Z,1156.32347854
2021-07-16T00:00:00Z,1159.61405958
2021-07-15T00:00:00Z,1158.98494624
2021-07-14T00:00:00Z,1158.39273655
2021-07-13T00:00:00Z,1157.74159051
2021-07-12T00:00:00Z,1157.0083501
2021-07-11T00:00:00Z,1156.75909512
2021-07-10T00:00:00Z,1155.98062412
2021-07-09T00:00:00Z,1155.15895356
2021-07-08T00:00:00Z,1154.53610723
2021-07-07T00:00:00Z,1153.85080577
2021-07-06T00:00:00Z,1153.25347698
2021-07-05T00:00:00Z,1152.53032608
2021-07-04T00:00:00Z,1151.84090603
2021-07-03T00:00:00Z,1151.09734453
2021-07-02T00:00:00Z,1150.27134553
2021-07-01T00:00:00Z,1149.83618802
2021-06-30T00:00:00Z,1149.1646904
2021-06-29T00:00:00Z,1148.47806508
2021-06-28T00:00:00Z,1147.72184747
2021-06-27T00:00:00Z,1146.9592887
2021-06-26T00:00:00Z,1146.26588065
2021-06-25T00:00:00Z,1145.41007213
2021-06-24T00:00:00Z,1145.57235344
2021-06-23T00:00:00Z,1145.12155712
2021-06-22T00:00:00Z,1144.85654593
2021-06-21T00:00:00Z,1144.29392097
2021-06-20T00:00:00Z,1143.75803752
2021-06-19T00:00:00Z,1142.96989593
2021-06-18T00:00:00Z,1142.1094291
2021-06-17T00:00:00Z,1141.43771998
2021-06-16T00:00:00Z,1140.74741134
2021-06-15T00:00:00Z,1140.05861161
2021-06-14T00:00:00Z,1139.49442334
2021-06-13T00:00:00Z,1138.91025811
2021-06-12T00:00:00Z,1138.19279847
2021-06-11T00:00:00Z,1137.367998
2021-06-10T00:00:00Z,1137.09326098
2021-06-09T00:00:00Z,1136.68558793
2021-06-08T00:00:00Z,1136.15964495
2021-06-07T00:00:00Z,1135.84055524
2021-06-06T00:00:00Z,1135.33542936
2021-06-05T00:00:00Z,1134.64616008
2021-06-04T00:00:00Z,1133.8724108
2021-06-03T00:00:00Z,1133.17607619
2021-06-02T00:00:00Z,1133.14335837
2021-06-01T00:00:00Z,1132.66557049
2021-05-31T00:00:00Z,1133.04125978
2021-05-30T00:00:00Z,1132.30507434
2021-05-29T00:00:00Z,1132.53303436
2021-05-28T00:00:00Z,1131.73152347
2021-05-27T00:00:00Z,1131.03425852
2021-05-26T00:00:00Z,1130.3448332
2021-05-25T00:00:00Z,1129.95214356
2021-05-24T00:00:00Z,1129.54143093
2021-05-23T00:00:00Z,1130.07141757
2021-05-22T00:00:00Z,1129.87065231
2021-05-21T00:00:00Z,1129.21790343
2021-05-20T00:00:00Z,1129.02038958
2021-05-19T00:00:00Z,1129.06353591
2021-05-18T00:00:00Z,1129.74088174
2021-05-17T00:00:00Z,1129.48145232
2021-05-16T00:00:00Z,1129.07022415
2021-05-15T00:00:00Z,1128.62797246
2021-05-14T00:00:00Z,1128.07421808
2021-05-13T00:00:00Z,1127.71717747
2021-05-12T00:00:00Z,1127.88609632
2021-05-11T00:00:00Z,1128.02281555
2021-05-10T00:00:00Z,1127.61345151
2021-05-09T00:00:00Z,1127.26654072
2021-05-08T00:00:00Z,1126.88593445
2021-05-07T00:00:00Z,1126.33507517
2021-05-06T00:00:00Z,1126.74217391
2021-05-05T00:00:00Z,1126.36010483
2021-05-04T00:00:00Z,1125.9567137
2021-05-03T00:00:00Z,1125.67937922
2021-05-02T00:00:00Z,1125.40092367
2021-05-01T00:00:00Z,1124.84753783
2021-04-30T00:00:00Z,1124.21848768
2021-04-29T00:00:00Z,1124.37454483
2021-04-28T00:00:00Z,1124.25763573
2021-04-27T00:00:00Z,1123.89019522
2021-04-26T00:00:00Z,1124.30617745
2021-04-25T00:00:00Z,1124.02939178
2021-04-24T00:00:00Z,1123.84196062
2021-04-23T00:00:00Z,1124.07751707
2021-04-22T00:00:00Z,1124.05295418
2021-04-21T00:00:00Z,1123.81104442
2021-04-20T00:00:00Z,1123.27739054
2021-04-19T00:00:00Z,1123.08814945
2021-04-18T00:00:00Z,1122.4040069
2021-04-17T00:00:00Z,1123.2199849
2021-04-16T00:00:00Z,1122.77843855
2021-04-15T00:00:00Z,1122.19852493
2021-04-14T00:00:00Z,1122.62400878
2021-04-13T00:00:00Z,1123.50757004
2021-04-12T00:00:00Z,1123.36910141
2021-04-11T00:00:00Z,1123.43084644
2021-04-10T00:00:00Z,1123.31166745
2021-04-09T00:00:00Z,1122.94470497
2021-04-08T00:00:00Z,1122.53960431
2021-04-07T00:00:00Z,1122.13828035
2021-04-06T00:00:00Z,1121.67066491
2021-04-05T00:00:00Z,1122.78072017
2021-04-04T00:00:00Z,1122.2670411
2021-04-03T00:00:00Z,1121.61757262
2021-04-02T00:00:00Z,1120.91776016
2021-04-01T00:00:00Z,1121.12011403
2021-03-31T00:00:00Z,1121.67025942
2021-03-30T00:00:00Z,1121.5288071
2021-03-29T00:00:00Z,1121.17168036
2021-03-28T00:00:00Z,1120.61347068
2021-03-27T00:00:00Z,1120.09561784
2021-03-26T00:00:00Z,1119.82946859
2021-03-25T00:00:00Z,1119.4893131
2021-03-24T00:00:00Z,1119.86007351
2021-03-23T00:00:00Z,1119.49253795
2021-03-22T00:00:00Z,1119.7042742
2021-03-21T00:00:00Z,1119.50174734
2021-03-20T00:00:00Z,1118.95615745
2021-03-19T00:00:00Z,1118.72725634
2021-03-18T00:00:00Z,1118.1226931
2021-03-17T00:00:00Z,1117.56684382
2021-03-16T00:00:00Z,1117.35262077
2021-03-15T00:00:00Z,1117.32456638
2021-03-14T00:00:00Z,1116.95740886
2021-03-13T00:00:00Z,1117.05453579
2021-03-12T00:00:00Z,1116.64312111
2021-03-11T00:00:00Z,1116.63281299
2021-03-10T00:00:00Z,1117.76481094
2021-03-09T00:00:00Z,1117.35338841
2021-03-08T00:00:00Z,1116.92586497
2021-03-07T00:00:00Z,1117.19332669
2021-03-06T00:00:00Z,1116.49806165
2021-03-05T00:00:00Z,1115.92877105
2021-03-04T00:00:00Z,1115.88151571
2021-03-03T00:00:00Z,1115.48249788
2021-03-02T00:00:00Z,1114.96377185
2021-03-01T00:00:00Z,1114.99142786
2021-02-28T00:00:00Z,1114.48314814
2021-02-27T00:00:00Z,1114.10969916
2021-02-26T00:00:00Z,1113.71995321
2021-02-25T00:00:00Z,1113.86086833
2021-02-24T00:00:00Z,1113.89915007
2021-02-23T00:00:00Z,1114.64847872
2021-02-22T00:00:00Z,1115.48129499
2021-02-21T00:00:00Z,1115.33903292
2021-02-20T00:00:00Z,1115.18415519
2021-02-19T00:00:00Z,1115.36094073
2021-02-18T00:00:00Z,1115.66451545
2021-02-17T00:00:00Z,1115.83053231
2021-02-16T00:00:00Z,1115.76271254
2021-02-15T00:00:00Z,1115.64166469
2021-02-14T00:00:00Z,1115.42500783
2021-02-13T00:00:00Z,1115.07000895
2021-02-12T00:00:00Z,1114.53667079
2021-02-11T00:00:00Z,1114.4096171
2021-02-10T00:00:00Z,1114.16224783
2021-02-09T00:00:00Z,1114.13800977
2021-02-08T00:00:00Z,1114.58214459
2021-02-07T00:00:00Z,1114.64366993
2021-02-06T00:00:00Z,1115.11588954
2021-02-05T00:00:00Z,1114.70324533
2021-02-04T00:00:00Z,1114.84083972
2021-02-03T00:00:00Z,1114.74706189
2021-02-02T00:00:00Z,1114.37755414
2021-02-01T00:00:00Z,1113.84011419
2021-01-31T00:00:00Z,1113.33154509
2021-01-30T00:00:00Z,1113.41653694
2021-01-29T00:00:00Z,1113.01979359
2021-01-28T00:00:00Z,1113.03676889
2021-01-27T00:00:00Z,1112.83213281
2021-01-26T00:00:00Z,1113.96884746
2021-01-25T00:00:00Z,1113.4445279
2021-01-24T00:00:00Z,1113.04997106
2021-01-23T00:00:00Z,1112.39610925
2021-01-22T00:00:00Z,1111.7440767
2021-01-21T00:00:00Z,1111.45179153
2021-01-20T00:00:00Z,1111.05127424
2021-01-19T00:00:00Z,1110.67249965
2021-01-18T00:00:00Z,1110.46013529
2021-01-17T00:00:00Z,1110.24758542
2021-01-16T00:00:00Z,1109.80558263
2021-01-15T00:00:00Z,1109.41971581
2021-01-14T00:00:00Z,1109.49530437
2021-01-13T00:00:00Z,1109.37762047
2021-01-12T00:00:00Z,1109.26386427
2021-01-11T00:00:00Z,1109.15503121
2021-01-10T00:00:00Z,1109.57723051
2021-01-09T00:00:00Z,1109.81255763
2021-01-08T00:00:00Z,1110.38648348
2021-01-07T00:00:00Z,1111.19504426
2021-01-06T00:00:00Z,1112.34860585
2021-01-05T00:00:00Z,1112.77658206
2021-01-04T00:00:00Z,1113.01938841
2021-01-03T00:00:00Z,1115.06366396
2021-01-02T00:00:00Z,1116.08310081
2021-01-01T00:00:00Z,1118.18331516
2020-12-31T00:00:00Z,1118.53347501
2020-12-30T00:00:00Z,1118.62117372
2020-12-29T00:00:00Z,1118.50966813
2020-12-28T00:00:00Z,1118.89603376
2020-12-27T00:00:00Z,1121.25477965
2020-12-26T00:00:00Z,1121.59876461
2020-12-25T00:00:00Z,1121.4489873
2020-12-24T00:00:00Z,1120.87796592
2020-12-23T00:00:00Z,1120.87155927
2020-12-22T00:00:00Z,1121.52666938
2020-12-21T00:00:00Z,1122.93813773
2020-12-20T00:00:00Z,1122.89796302
2020-12-19T00:00:00Z,1123.25190083
2020-12-18T00:00:00Z,1123.13612171
2020-12-17T00:00:00Z,1123.97554528
2020-12-16T00:00:00Z,1124.5531188
2020-12-15T00:00:00Z,1125.03006265
2020-12-14T00:00:00Z,1124.92825642
2020-12-13T00:00:00Z,1124.72162983
2020-12-12T00:00:00Z,1125.64448217
2020-12-11T00:00:00Z,1125.79456453
2020-12-10T00:00:00Z,1126.64967353
2020-12-09T00:00:00Z,1126.61844384
2020-12-08T00:00:00Z,1126.44937208
2020-12-07T00:00:00Z,1126.36762321
2020-12-06T00:00:00Z,1126.27881652
2020-12-05T00:00:00Z,1125.75450915
2020-12-04T00:00:00Z,1125.18244582
2020-12-03T00:00:00Z,1125.1311428
2020-12-02T00:00:00Z,1125.28024338
2020-12-01T00:00:00Z,1125.35155669
2020-11-30T00:00:00Z,1125.73310785
2020-11-29T00:00:00Z,1126.16607948
2020-11-28T00:00:00Z,1125.71489787
2020-11-27T00:00:00Z,1125.10494082
2020-11-26T00:00:00Z,1125.41269587
2020-11-25T00:00:00Z,1126.7686963
2020-11-24T00:00:00Z,1126.60150929
2020-11-23T00:00:00Z,1127.06862087
2020-11-22T00:00:00Z,1126.76242001
2020-11-21T00:00:00Z,1126.37489712
2020-11-20T00:00:00Z,1126.49948922
2020-11-19T00:00:00Z,1127.28971663
2020-11-18T00:00:00Z,1127.1354458
2020-11-17T00:00:00Z,1127.76010311
2020-11-16T00:00:00Z,1127.95615317
2020-11-15T00:00:00Z,1127.67808355
2020-11-14T00:00:00Z,1127.11233577
2020-11-13T00:00:00Z,1126.77543681
2020-11-12T00:00:00Z,1126.76432895
2020-11-11T00:00:00Z,1126.85090028
2020-11-10T00:00:00Z,1126.70522932
2020-11-09T00:00:00Z,1126.32907971
2020-11-08T00:00:00Z,1126.16402634
2020-11-07T00:00:00Z,1126.08885145
2020-11-06T00:00:00Z,1125.82365772
2020-11-05T00:00:00Z,1125.93298483
2020-11-04T00:00:00Z,1126.6157553
2020-11-03T00:00:00Z,1126.39781305
2020-11-02T00:00:00Z,1134.64976426
2020-11-01T00:00:00Z,1134.91935794
2020-10-31T00:00:00Z,1134.54633843
2020-10-30T00:00:00Z,1134.01803448
2020-10-29T00:00:00Z,1133.4994122
2020-10-28T00:00:00Z,1133.33931356
2020-10-27T00:00:00Z,1133.17157718
2020-10-26T00:00:00Z,1132.96879761
2020-10-25T00:00:00Z,1132.34711934
2020-10-24T00:00:00Z,1131.78761605
2020-10-23T00:00:00Z,1131.60386891
2020-10-22T00:00:00Z,1133.71024321
2020-10-21T00:00:00Z,1134.59972803
2020-10-20T00:00:00Z,1134.26222765
2020-10-19T00:00:00Z,1133.82737936
2020-10-18T00:00:00Z,1134.51666392
2020-10-17T00:00:00Z,1133.75775312
2020-10-16T00:00:00Z,1132.95936893
2020-10-15T00:00:00Z,1132.28580261
2020-10-14T00:00:00Z,1131.85657151
2020-10-13T00:00:00Z,1131.61294754
2020-10-12T00:00:00Z,1130.91662743
2020-10-11T00:00:00Z,1130.58147843
2020-10-10T00:00:00Z,1129.97066188
2020-10-09T00:00:00Z,1129.24423046
2020-10-08T00:00:00Z,1128.83601282
2020-10-07T00:00:00Z,1128.37153609
2020-10-06T00:00:00Z,1128.11331055
2020-10-05T00:00:00Z,1127.48535883
2020-10-04T00:00:00Z,1126.84219794
2020-10-03T00:00:00Z,1126.11954344
2020-10-02T00:00:00Z,1125.32819859
2020-10-01T00:00:00Z,1124.90826667
2020-09-30T00:00:00Z,1124.28389027
2020-09-29T00:00:00Z,1124.02634712
2020-09-28T00:00:00Z,1124.13464476
2020-09-27T00:00:00Z,1123.49612532
2020-09-26T00:00:00Z,1122.90459004
2020-09-25T00:00:00Z,1122.31064256
2020-09-24T00:00:00Z,1121.95142228
2020-09-23T00:00:00Z,1121.79289515
2020-09-22T00:00:00Z,1121.20293497
2020-09-21T00:00:00Z,1120.78733013
2020-09-20T00:00:00Z,1120.20676688
2020-09-19T00:00:00Z,1119.76648762
2020-09-18T00:00:00Z,1119.39351783
2020-09-17T00:00:00Z,1119.06663929
2020-09-16T00:00:00Z,1118.63796746
2020-09-15T00:00:00Z,1118.5208791
2020-09-14T00:00:00Z,1117.9832842
2020-09-13T00:00:00Z,1117.39479642
2020-09-12T00:00:00Z,1116.64464051
2020-09-11T00:00:00Z,1116.02881623
2020-09-10T00:00:00Z,1115.55050249
2020-09-09T00:00:00Z,1115.04955622
2020-09-08T00:00:00Z,1114.55353817
2020-09-07T00:00:00Z,1113.9014418
2020-09-06T00:00:00Z,1113.28368645
2020-09-05T00:00:00Z,1112.69058046
2020-09-04T00:00:00Z,1112.12911268
2020-09-03T00:00:00Z,1112.00087076
2020-09-02T00:00:00Z,1111.8066585
2020-09-01T00:00:00Z,1111.46906604
2020-08-31T00:00:00Z,1111.55835196
2020-08-30T00:00:00Z,1111.24468879
2020-08-29T00:00:00Z,1110.57372103
2020-08-28T00:00:00Z,1109.88200071
2020-08-27T00:00:00Z,1109.67633135
2020-08-26T00:00:00Z,1109.04773577
2020-08-25T00:00:00Z,1108.71191851
2020-08-24T00:00:00Z,1108.27100324
2020-08-23T00:00:00Z,1107.67114248
2020-08-22T00:00:00Z,1106.93863592
2020-08-21T00:00:00Z,1106.19405581
2020-08-20T00:00:00Z,1106.0623457
2020-08-19T00:00:00Z,1105.55578777
2020-08-18T00:00:00Z,1105.01452618
2020-08-17T00:00:00Z,1104.40730624
2020-08-16T00:00:00Z,1104.45509427
2020-08-15T00:00:00Z,1103.82442658
2020-08-14T00:00:00Z,1103.21993372
2020-08-13T00:00:00Z,1102.83972951
2020-08-12T00:00:00Z,1102.26833697
2020-08-11T00:00:00Z,1102.01450628
2020-08-10T00:00:00Z,1102.00148775
2020-08-09T00:00:00Z,1101.39647949
2020-08-08T00:00:00Z,1100.88276309
2020-08-07T00:00:00Z,1100.32313567
2020-08-06T00:00:00Z,1100.22012544
2020-08-05T00:00:00Z,1100.0803585
2020-08-04T00:00:00Z,1099.84019807
2020-08-03T00:00:00Z,1099.38741974
2020-08-02T00:00:00Z,1099.39435618
2020-08-01T00:00:00Z,1098.93120718
2020-07-31T00:00:00Z,1098.36482628
2020-07-30T00:00:00Z,1098.22455516
2020-07-29T00:00:00Z,1097.92381786
2020-07-28T00:00:00Z,1097.53916066
2020-07-27T00:00:00Z,1097.86142718
2020-07-26T00:00:00Z,1097.74530055
2020-07-25T00:00:00Z,1097.12952044
2020-07-24T00:00:00Z,1096.45468276
2020-07-23T00:00:00Z,1095.84292059
2020-07-22T00:00:00Z,1095.34959314
2020-07-21T00:00:00Z,1095.01903553
2020-07-20T00:00:00Z,1094.5320392
2020-07-19T00:00:00Z,1093.7608643
2020-07-18T00:00:00Z,1093.04295031
2020-07-17T00:00:00Z,1092.27640978
2020-07-16T00:00:00Z,1091.61303797
2020-07-15T00:00:00Z,1090.88073243
2020-07-14T00:00:00Z,1090.75072978
2020-07-13T00:00:00Z,1090.5596098
2020-07-12T00:00:00Z,1089.94642273
2020-07-11T00:00:00Z,1089.20241685
2020-07-10T00:00:00Z,1088.4046247
2020-07-09T00:00:00Z,1087.74903108
2020-07-08T00:00:00Z,1087.1050042
2020-07-07T00:00:00Z,1086.96418188
2020-07-06T00:00:00Z,1086.47996561
2020-07-05T00:00:00Z,1085.83398969
2020-07-04T00:00:00Z,1084.99071219
2020-07-03T00:00:00Z,1084.20086081
2020-07-02T00:00:00Z,1083.53350862
2020-07-01T00:00:00Z,1082.82978083
2020-06-30T00:00:00Z,1082.20606306
2020-06-29T00:00:00Z,1081.91985769
2020-06-28T00:00:00Z,1081.33199762
2020-06-27T00:00:00Z,1080.81727785
2020-06-26T00:00:00Z,1080.18340406
2020-06-25T00:00:00Z,1080.07492719
2020-06-24T00:00:00Z,1079.3508047
2020-06-23T00:00:00Z,1079.40765553
2020-06-22T00:00:00Z,1078.99116576
2020-06-21T00:00:00Z,1078.45459016
2020-06-20T00:00:00Z,1077.77021107
2020-06-19T00:00:00Z,1077.03715157
2020-06-18T00:00:00Z,1076.32786502
2020-06-17T00:00:00Z,1076.15115795
2020-06-16T00:00:00Z,1075.42575398
2020-06-15T00:00:00Z,1074.81403473
2020-06-14T00:00:00Z,1074.20911144
2020-06-13T00:00:00Z,1073.47523886
2020-06-12T00:00:00Z,1072.68600015
2020-06-11T00:00:00Z,1071.95089929
2020-06-10T00:00:00Z,1071.31733717
2020-06-09T00:00:00Z,1070.78147731
2020-06-08T00:00:00Z,1070.18798264
2020-06-07T00:00:00Z,1070.05564377
2020-06-06T00:00:00Z,1069.40769401
2020-06-05T00:00:00Z,1068.82990512
2020-06-04T00:00:00Z,1068.20188325
2020-06-03T00:00:00Z,1067.60631462
2020-06-02T00:00:00Z,1066.96869358
2020-06-01T00:00:00Z,1066.58068387
2020-05-31T00:00:00Z,1066.84942471
2020-05-30T00:00:00Z,1066.32148613
2020-05-29T00:00:00Z,1065.62380443
2020-05-28T00:00:00Z,1065.06315257
2020-05-27T00:00:00Z,1064.52863559
2020-05-26T00:00:00Z,1063.88063952
2020-05-25T00:00:00Z,1063.16468941
2020-05-24T00:00:00Z,1062.41648374
2020-05-23T00:00:00Z,1061.64883698
2020-05-22T00:00:00Z,1060.89630683
2020-05-21T00:00:00Z,1060.22676568
2020-05-20T00:00:00Z,1059.73384754
2020-05-19T00:00:00Z,1059.11727804
2020-05-18T00:00:00Z,1058.39933912
2020-05-17T00:00:00Z,1057.83124895
2020-05-16T00:00:00Z,1057.03891206
2020-05-15T00:00:00Z,1056.39202136
2020-05-14T00:00:00Z,1055.84642133
2020-05-13T00:00:00Z,1055.27728204
2020-05-12T00:00:00Z,1054.61258636
2020-05-11T00:00:00Z,1053.9363841
2020-05-10T00:00:00Z,1053.76748149
2020-05-09T00:00:00Z,1053.21728315
2020-05-08T00:00:00Z,1052.83451074
2020-05-07T00:00:00Z,1052.85479266
2020-05-06T00:00:00Z,1053.38932413
2020-05-05T00:00:00Z,1053.30482484
2020-05-04T00:00:00Z,1052.71798381
2020-05-03T00:00:00Z,1052.08018067
2020-05-02T00:00:00Z,1051.52125438
2020-05-01T00:00:00Z,1050.79041771
2020-04-30T00:00:00Z,1050.20553612
2020-04-29T00:00:00Z,1049.95127652
2020-04-28T00:00:00Z,1050.29596017
2020-04-27T00:00:00Z,1049.63925524
2020-04-26T00:00:00Z,1049.16832141
2020-04-25T00:00:00Z,1048.50544372
2020-04-24T00:00:00Z,1047.82927119
2020-04-23T00:00:00Z,1047.23802432
2020-04-22T00:00:00Z,1046.81154455
2020-04-21T00:00:00Z,1046.22184809
2020-04-20T00:00:00Z,1045.59698309
2020-04-19T00:00:00Z,1044.98996838
2020-04-18T00:00:00Z,1044.43412788
2020-04-17T00:00:00Z,1043.68516088
2020-04-16T00:00:00Z,1043.10439092
2020-04-15T00:00:00Z,1042.63603355
2020-04-14T00:00:00Z,1042.03441118
2020-04-13T00:00:00Z,1041.35277745
2020-04-12T00:00:00Z,1040.70263994
2020-04-11T00:00:00Z,1039.89995479
2020-04-10T00:00:00Z,1039.14310611
2020-04-09T00:00:00Z,1038.93101961
2020-04-08T00:00:00Z,1038.46316987
2020-04-07T00:00:00Z,1037.79055202
2020-04-06T00:00:00Z,1037.43995316
2020-04-05T00:00:00Z,1036.8303826
2020-04-04T00:00:00Z,1036.06851245
2020-04-03T00:00:00Z,1035.36960084
2020-04-02T00:00:00Z,1034.64887758
2020-04-01T00:00:00Z,1034.10542713
2020-03-31T00:00:00Z,1033.63961821
2020-03-30T00:00:00Z,1033.01059736
2020-03-29T00:00:00Z,1032.44178231
2020-03-28T00:00:00Z,1031.85306725
2020-03-27T00:00:00Z,1031.14709785
2020-03-26T00:00:00Z,1030.66227102
2020-03-25T00:00:00Z,1030.19878483
2020-03-24T00:00:00Z,1029.92357594
2020-03-23T00:00:00Z,1029.32303862
2020-03-22T00:00:00Z,1028.84233254
2020-03-21T00:00:00Z,1028.17093259
2020-03-20T00:00:00Z,1027.44459799
2020-03-19T00:00:00Z,1026.91615999
2020-03-18T00:00:00Z,1026.47365332
2020-03-17T00:00:00Z,1025.82982302
2020-03-16T00:00:00Z,1025.85207037
2020-03-15T00:00:00Z,1025.82772195
2020-03-14T00:00:00Z,1025.28714193
2020-03-13T00:00:00Z,1025.19126389
2020-03-12T00:00:00Z,1026.11590932
2020-03-11T00:00:00Z,1027.29807811
2020-03-10T00:00:00Z,1028.45079231
2020-03-09T00:00:00Z,1028.07287724
2020-03-08T00:00:00Z,1028.12021532
2020-03-07T00:00:00Z,1027.43670955
2020-03-06T00:00:00Z,1026.72344141
2020-03-05T00:00:00Z,1026.15940792
2020-03-04T00:00:00Z,1025.76548706
2020-03-03T00:00:00Z,1025.29581612
2020-03-02T00:00:00Z,1025.49469486
2020-03-01T00:00:00Z,1025.46992608
2020-02-29T00:00:00Z,1024.90975607
2020-02-28T00:00:00Z,1024.32789738
2020-02-27T00:00:00Z,1023.87797952
2020-02-26T00:00:00Z,1023.27348444
2020-02-25T00:00:00Z,1022.76019296
2020-02-24T00:00:00Z,1023.11414574
2020-02-23T00:00:00Z,1022.44322957
2020-02-22T00:00:00Z,1021.7922867
2020-02-21T00:00:00Z,1021.05718161
2020-02-20T00:00:00Z,1020.54052002
2020-02-19T00:00:00Z,1020.5112298
2020-02-18T00:00:00Z,1020.31893933
2020-02-17T00:00:00Z,1019.86725933
2020-02-16T00:00:00Z,1019.21482299
2020-02-15T00:00:00Z,1018.51884408
2020-02-14T00:00:00Z,1017.95676248
2020-02-13T00:00:00Z,1017.40857913
2020-02-12T00:00:00Z,1017.14835124
2020-02-11T00:00:00Z,1016.62176893
2020-02-10T00:00:00Z,1016.23544376
2020-02-09T00:00:00Z,1016.95029003
2020-02-08T00:00:00Z,1016.47710201
2020-02-07T00:00:00Z,1016.1252954
2020-02-06T00:00:00Z,1018.33333493
2020-02-05T00:00:00Z,1018.72932016
2020-02-04T00:00:00Z,1018.19265581
2020-02-03T00:00:00Z,1017.71319733
2020-02-02T00:00:00Z,1020.10943107
2020-02-01T00:00:00Z,1019.80581886
2020-01-31T00:00:00Z,1019.11596833
2020-01-30T00:00:00Z,1018.93506346
2020-01-29T00:00:00Z,1018.40241827
2020-01-28T00:00:00Z,1018.56754293
2020-01-27T00:00:00Z,1017.97732049
2020-01-26T00:00:00Z,1017.36339372
2020-01-25T00:00:00Z,1016.64989763
2020-01-24T00:00:00Z,1015.98966222
2020-01-23T00:00:00Z,1015.87059637
2020-01-22T00:00:00Z,1015.68757579
2020-01-21T00:00:00Z,1015.15651424
2020-01-20T00:00:00Z,1014.55981707
2020-01-19T00:00:00Z,1013.89676062
2020-01-18T00:00:00Z,1013.29650585
2020-01-17T00:00:00Z,1012.57963251
2020-01-16T00:00:00Z,1011.91885353
2020-01-15T00:00:00Z,1011.70932732
2020-01-14T00:00:00Z,1011.56957172
2020-01-13T00:00:00Z,1011.88062567
2020-01-12T00:00:00Z,1011.25974273
2020-01-11T00:00:00Z,1010.54955571
2020-01-10T00:00:00Z,1009.77976087
2020-01-09T00:00:00Z,1009.23096576
2020-01-08T00:00:00Z,1008.82101376
2020-01-07T00:00:00Z,1008.26288531
2020-01-06T00:00:00Z,1007.73389673
2020-01-05T00:00:00Z,1007.09958789
2020-01-04T00:00:00Z,1006.37492544
2020-01-03T00:00:00Z,1005.77660914
2020-01-02T00:00:00Z,1005.11412383
2020-01-01T00:00:00Z,1004.62503188
2019-12-31T00:00:00Z,1003.84909334
2019-12-30T00:00:00Z,1003.24499101
2019-12-29T00:00:00Z,1002.95198565
2019-12-28T00:00:00Z,1002.24685582
2019-12-27T00:00:00Z,1001.55359027
2019-12-26T00:00:00Z,1000.94797423
2019-12-25T00:00:00Z,1000.93237757
2019-12-24T00:00:00Z,1000.79542878
2019-12-23T00:00:00Z,1000.25762703
2019-12-22T00:00:00Z,999.6907928
2019-12-21T00:00:00Z,998.97262957
2019-12-20T00:00:00Z,998.28754687
2019-12-19T00:00:00Z,998.6857534
2019-12-18T00:00:00Z,998.21076271
2019-12-17T00:00:00Z,998.12460659
2019-12-16T00:00:00Z,997.62223411
2019-12-15T00:00:00Z,997.07533872
2019-12-14T00:00:00Z,996.38155828
2019-12-13T00:00:00Z,995.69872126
2019-12-12T00:00:00Z,995.04854866
2019-12-11T00:00:00Z,994.45391996
2019-12-10T00:00:00Z,993.94157942
2019-12-09T00:00:00Z,993.25224322
2019-12-08T00:00:00Z,992.60794345
2019-12-07T00:00:00Z,991.83158697
2019-12-06T00:00:00Z,991.0408382
2019-12-05T00:00:00Z,990.53601625
2019-12-04T00:00:00Z,989.89985311
2019-12-03T00:00:00Z,989.57770003
2019-12-02T00:00:00Z,989.09358576
2019-12-01T00:00:00Z,988.54136685
2019-11-30T00:00:00Z,987.79925369
2019-11-29T00:00:00Z,987.32192219
2019-11-28T00:00:00Z,986.64982553
2019-11-27T00:00:00Z,985.9313432
2019-11-26T00:00:00Z,985.66864589
2019-11-25T00:00:00Z,985.23943614
2019-11-24T00:00:00Z,985.04698786
2019-11-23T00:00:00Z,985.45788106
2019-11-22T00:00:00Z,985.34837194
2019-11-21T00:00:00Z,985.79430107
2019-11-20T00:00:00Z,985.36403462
2019-11-19T00:00:00Z,984.71218684
2019-11-18T00:00:00Z,984.12102083
2019-11-17T00:00:00Z,984.03473533
2019-11-16T00:00:00Z,983.24829351
2019-11-15T00:00:00Z,982.43137801
2019-11-14T00:00:00Z,981.95499006
2019-11-13T00:00:00Z,981.30055713
2019-11-12T00:00:00Z,982.44121978
2019-11-11T00:00:00Z,981.81970267
2019-11-10T00:00:00Z,981.24257785
2019-11-09T00:00:00Z,980.44065386
2019-11-08T00:00:00Z,979.67347486
2019-11-07T00:00:00Z,979.05805625
2019-11-06T00:00:00Z,978.73491838
2019-11-05T00:00:00Z,978.97705809
2019-11-04T00:00:00Z,979.86614395
2019-11-03T00:00:00Z,979.22341116
2019-11-02T00:00:00Z,978.51276326
2019-11-01T00:00:00Z,977.87646928
2019-10-31T00:00:00Z,978.9870932
2019-10-30T00:00:00Z,978.82927159
2019-10-29T00:00:00Z,978.1939613
2019-10-28T00:00:00Z,977.86843872
2019-10-27T00:00:00Z,977.73494829
2019-10-26T00:00:00Z,977.08310322
2019-10-25T00:00:00Z,976.61450706
2019-10-24T00:00:00Z,976.42229626
2019-10-23T00:00:00Z,976.0428067
2019-10-22T00:00:00Z,975.47632953
2019-10-21T00:00:00Z,974.79872949
2019-10-20T00:00:00Z,975.83115715
2019-10-19T00:00:00Z,975.11818855
2019-10-18T00:00:00Z,974.35610738
2019-10-17T00:00:00Z,974.02371932
2019-10-16T00:00:00Z,973.57407348
2019-10-15T00:00:00Z,973.00369091
2019-10-14T00:00:00Z,972.94275566
2019-10-13T00:00:00Z,976.36264522
2019-10-12T00:00:00Z,975.53080055
2019-10-11T00:00:00Z,974.80110893
2019-10-10T00:00:00Z,974.20405844
2019-10-09T00:00:00Z,973.52241767
2019-10-08T00:00:00Z,972.79756684
2019-10-07T00:00:00Z,972.55420351
2019-10-06T00:00:00Z,972.05659224
2019-10-05T00:00:00Z,971.2783674
2019-10-04T00:00:00Z,970.48038698
2019-10-03T00:00:00Z,969.82568024
2019-10-02T00:00:00Z,969.13639496
2019-10-01T00:00:00Z,968.42450267
2019-09-30T00:00:00Z,967.73289892
2019-09-29T00:00:00Z,967.22786856
2019-09-28T00:00:00Z,966.4903566
2019-09-27T00:00:00Z,965.87972784
2019-09-26T00:00:00Z,965.37617184
2019-09-25T00:00:00Z,965.06904058
2019-09-24T00:00:00Z,964.75354755
2019-09-23T00:00:00Z,965.70664426
2019-09-22T00:00:00Z,965.10536374
2019-09-21T00:00:00Z,964.31054378
2019-09-20T00:00:00Z,963.60702051
2019-09-19T00:00:00Z,963.04598173
2019-09-18T00:00:00Z,962.37753399
2019-09-17T00:00:00Z,962.31711277
2019-09-16T00:00:00Z,961.79153321
2019-09-15T00:00:00Z,961.09251029
2019-09-14T00:00:00Z,960.47968883
2019-09-13T00:00:00Z,959.76452708
2019-09-12T00:00:00Z,959.11101216
2019-09-11T00:00:00Z,958.5814749
2019-09-10T00:00:00Z,958.73907843
2019-09-09T00:00:00Z,958.06808931
2019-09-08T00:00:00Z,957.59262971
2019-09-07T00:00:00Z,956.88633681
2019-09-06T00:00:00Z,956.15833643
2019-09-05T00:00:00Z,960.27553829
2019-09-04T00:00:00Z,959.91083338
2019-09-03T00:00:00Z,959.42706566
2019-09-02T00:00:00Z,958.89976872
2019-09-01T00:00:00Z,958.31517728
2019-08-31T00:00:00Z,957.60116246
2019-08-30T00:00:00Z,956.82468552
2019-08-29T00:00:00Z,956.12622152
2019-08-28T00:00:00Z,955.50182034
2019-08-27T00:00:00Z,954.89369297
2019-08-26T00:00:00Z,954.63358228
2019-08-25T00:00:00Z,954.03910016
2019-08-24T00:00:00Z,953.41728009
2019-08-23T00:00:00Z,952.68385333
2019-08-22T00:00:00Z,952.74321752
2019-08-21T00:00:00Z,952.03646839
2019-08-20T00:00:00Z,951.46040198
2019-08-19T00:00:00Z,950.92745668
2019-08-18T00:00:00Z,950.42376982
2019-08-17T00:00:00Z,949.62723465
2019-08-16T00:00:00Z,948.87690986
2019-08-15T00:00:00Z,948.21788566
2019-08-14T00:00:00Z,947.5444525
2019-08-13T00:00:00Z,947.15518311
2019-08-12T00:00:00Z,946.82095055
2019-08-11T00:00:00Z,946.2049158
2019-08-10T00:00:00Z,945.68375501
2019-08-09T00:00:00Z,945.04222664
2019-08-08T00:00:00Z,944.3704756
2019-08-07T00:00:00Z,944.07567296
2019-08-06T00:00:00Z,943.75917386
2019-08-05T00:00:00Z,944.02459913
2019-08-04T00:00:00Z,944.85451915
2019-08-03T00:00:00Z,944.39328244
2019-08-02T00:00:00Z,943.62887658
2019-08-01T00:00:00Z,942.97230649
2019-07-31T00:00:00Z,942.54547439
2019-07-30T00:00:00Z,941.90779517
2019-07-29T00:00:00Z,941.3310842
2019-07-28T00:00:00Z,955.15036542
2019-07-27T00:00:00Z,954.38168911
2019-07-26T00:00:00Z,953.72906715
2019-07-25T00:00:00Z,953.21676255
2019-07-24T00:00:00Z,952.85774579
2019-07-23T00:00:00Z,954.5902556
2019-07-22T00:00:00Z,953.89186508
2019-07-21T00:00:00Z,953.2722234
2019-07-20T00:00:00Z,952.7051515
2019-07-19T00:00:00Z,952.39467963
2019-07-18T00:00:00Z,952.44486692
2019-07-17T00:00:00Z,952.20046719
2019-07-16T00:00:00Z,952.51259877
2019-07-15T00:00:00Z,952.13929401
2019-07-14T00:00:00Z,951.57885529
2019-07-13T00:00:00Z,950.9219627
2019-07-12T00:00:00Z,950.23003893
2019-07-11T00:00:00Z,949.79396006
2019-07-10T00:00:00Z,949.63641766
2019-07-09T00:00:00Z,949.62019785
2019-07-08T00:00:00Z,949.26485759
2019-07-07T00:00:00Z,948.88861757
2019-07-06T00:00:00Z,948.20432511
2019-07-05T00:00:00Z,947.46087524
2019-07-04T00:00:00Z,947.13931
2019-07-03T00:00:00Z,947.22624328
2019-07-02T00:00:00Z,946.96584702
2019-07-01T00:00:00Z,946.6870491
2019-06-30T00:00:00Z,946.13362263
2019-06-29T00:00:00Z,947.12051064
2019-06-28T00:00:00Z,946.74927817
2019-06-27T00:00:00Z,947.53808586
2019-06-26T00:00:00Z,947.92111464
2019-06-25T00:00:00Z,948.73281362
2019-06-24T00:00:00Z,948.8570379
2019-06-23T00:00:00Z,948.56563676
2019-06-22T00:00:00Z,948.12634557
2019-06-21T00:00:00Z,948.00604114
2019-06-20T00:00:00Z,947.84356955
2019-06-19T00:00:00Z,947.28879117
2019-06-18T00:00:00Z,947.40335678
2019-06-17T00:00:00Z,946.93496924
2019-06-16T00:00:00Z,946.55275196
2019-06-15T00:00:00Z,946.10808635
2019-06-14T00:00:00Z,945.40523874
2019-06-13T00:00:00Z,946.03627371
2019-06-12T00:00:00Z,945.35886808
2019-06-11T00:00:00Z,944.89169882
2019-06-10T00:00:00Z,944.38279245
2019-06-09T00:00:00Z,944.16175001
2019-06-08T00:00:00Z,943.63672326
2019-06-07T00:00:00Z,942.90276676
2019-06-06T00:00:00Z,942.27808997
2019-06-05T00:00:00Z,941.80387222
2019-06-04T00:00:00Z,942.81991932
2019-06-03T00:00:00Z,943.58288631
2019-06-02T00:00:00Z,943.9641433
2019-06-01T00:00:00Z,943.27179333
2019-05-31T00:00:00Z,942.61806462
2019-05-30T00:00:00Z,942.12709519
2019-05-29T00:00:00Z,941.53585629
2019-05-28T00:00:00Z,942.80702995
2019-05-27T00:00:00Z,942.42669979
2019-05-26T00:00:00Z,942.05309347
2019-05-25T00:00:00Z,941.53442635
2019-05-24T00:00:00Z,941.05082334
2019-05-23T00:00:00Z,940.5128265
2019-05-22T00:00:00Z,939.98961633
2019-05-21T00:00:00Z,939.92735813
2019-05-20T00:00:00Z,939.68693605
2019-05-19T00:00:00Z,939.52130777
2019-05-18T00:00:00Z,939.04476139
2019-05-17T00:00:00Z,938.42013428
2019-05-16T00:00:00Z,937.83086672
2019-05-15T00:00:00Z,937.59635886
2019-05-14T00:00:00Z,937.81288739
2019-05-13T00:00:00Z,939.34837781
2019-05-12T00:00:00Z,939.60755894
2019-05-11T00:00:00Z,939.21426023
2019-05-10T00:00:00Z,939.10399281
2019-05-09T00:00:00Z,939.19469328
2019-05-08T00:00:00Z,939.01960978
2019-05-07T00:00:00Z,938.54350434
2019-05-06T00:00:00Z,938.28890054
2019-05-05T00:00:00Z,937.88564997
2019-05-04T00:00:00Z,937.21935104
2019-05-03T00:00:00Z,936.53892144
2019-05-02T00:00:00Z,935.92861871
2019-05-01T00:00:00Z,935.3725669
2019-04-30T00:00:00Z,936.12276511
2019-04-29T00:00:00Z,935.42251306
2019-04-28T00:00:00Z,935.15978675
2019-04-27T00:00:00Z,934.45113598
2019-04-26T00:00:00Z,933.82356126
2019-04-25T00:00:00Z,933.75793654
2019-04-24T00:00:00Z,933.18748493
2019-04-23T00:00:00Z,933.64333045
2019-04-22T00:00:00Z,933.08382785
2019-04-21T00:00:00Z,932.83001023
2019-04-20T00:00:00Z,932.18657996
2019-04-19T00:00:00Z,931.48350877
2019-04-18T00:00:00Z,931.38228248
2019-04-17T00:00:00Z,930.79796102
2019-04-16T00:00:00Z,930.47957848
2019-04-15T00:00:00Z,929.83150592
2019-04-14T00:00:00Z,929.16579615
2019-04-13T00:00:00Z,929.51890128
2019-04-12T00:00:00Z,928.94048947
2019-04-11T00:00:00Z,928.62880093
2019-04-10T00:00:00Z,928.12369731
2019-04-09T00:00:00Z,927.81440526
2019-04-08T00:00:00Z,927.19007186
2019-04-07T00:00:00Z,926.80368609
2019-04-06T00:00:00Z,926.11672405
2019-04-05T00:00:00Z,925.39337573
2019-04-04T00:00:00Z,925.22551464
2019-04-03T00:00:00Z,924.68994757
2019-04-02T00:00:00Z,924.64333105
2019-04-01T00:00:00Z,924.9102503
2019-03-31T00:00:00Z,924.27276604
2019-03-30T00:00:00Z,923.78266558
2019-03-29T00:00:00Z,923.00036605
2019-03-28T00:00:00Z,923.06520291
2019-03-27T00:00:00Z,922.36607192
2019-03-26T00:00:00Z,921.73886386
2019-03-25T00:00:00Z,921.44049494
2019-03-24T00:00:00Z,920.80260729
2019-03-23T00:00:00Z,920.04296038
2019-03-22T00:00:00Z,919.29895377
2019-03-21T00:00:00Z,918.65931163
2019-03-20T00:00:00Z,918.41675879
2019-03-19T00:00:00Z,917.872098
2019-03-18T00:00:00Z,917.37222215
2019-03-17T00:00:00Z,916.82291953
2019-03-16T00:00:00Z,916.12976326
2019-03-15T00:00:00Z,915.72162918
2019-03-14T00:00:00Z,915.24376416
2019-03-13T00:00:00Z,914.62738504
2019-03-12T00:00:00Z,914.02491229
2019-03-11T00:00:00Z,913.60188782
2019-03-10T00:00:00Z,912.97455535
2019-03-09T00:00:00Z,912.48506843
2019-03-08T00:00:00Z,911.70731155
2019-03-07T00:00:00Z,911.21008724
2019-03-06T00:00:00Z,910.58972581
2019-03-05T00:00:00Z,909.90291928
2019-03-04T00:00:00Z,909.3757576
2019-03-03T00:00:00Z,908.89499029
2019-03-02T00:00:00Z,908.09024398
2019-03-01T00:00:00Z,907.88655706
2019-02-28T00:00:00Z,907.27211977
2019-02-27T00:00:00Z,909.51060533
2019-02-26T00:00:00Z,908.80097314
2019-02-25T00:00:00Z,908.26764663
2019-02-24T00:00:00Z,907.83354265
2019-02-23T00:00:00Z,907.18179371
2019-02-22T00:00:00Z,906.70277474
2019-02-21T00:00:00Z,906.15738631
2019-02-20T00:00:00Z,905.90286255
2019-02-19T00:00:00Z,906.30583892
2019-02-18T00:00:00Z,905.90483565
2019-02-17T00:00:00Z,905.37334301
2019-02-16T00:00:00Z,904.62423039
2019-02-15T00:00:00Z,904.02931487
2019-02-14T00:00:00Z,903.34498108
2019-02-13T00:00:00Z,902.72707567
2019-02-12T00:00:00Z,902.58668809
2019-02-11T00:00:00Z,902.0170807
2019-02-10T00:00:00Z,901.45088511
2019-02-09T00:00:00Z,900.68002513
2019-02-08T00:00:00Z,900.04393921
2019-02-07T00:00:00Z,899.41369993
2019-02-06T00:00:00Z,898.85044945
2019-02-05T00:00:00Z,898.61335335
2019-02-04T00:00:00Z,898.00030443
2019-02-03T00:00:00Z,897.37895361
2019-02-02T00:00:00Z,896.62355885
2019-02-01T00:00:00Z,895.86389527
2019-01-31T00:00:00Z,895.24691507
2019-01-30T00:00:00Z,894.66478975
2019-01-29T00:00:00Z,894.77397094
2019-01-28T00:00:00Z,894.22035479
2019-01-27T00:00:00Z,893.68210937
2019-01-26T00:00:00Z,892.92785389
2019-01-25T00:00:00Z,892.18926583
2019-01-24T00:00:00Z,891.44041953
2019-01-23T00:00:00Z,890.72509059
2019-01-22T00:00:00Z,890.01310503
2019-01-21T00:00:00Z,889.54015249
2019-01-20T00:00:00Z,889.35683288
2019-01-19T00:00:00Z,888.57583337
2019-01-18T00:00:00Z,887.86915455
2019-01-17T00:00:00Z,887.13730295
2019-01-16T00:00:00Z,886.54160499
2019-01-15T00:00:00Z,887.19163588
2019-01-14T00:00:00Z,894.79639909
2019-01-13T00:00:00Z,895.56615118
2019-01-12T00:00:00Z,894.94698332
2019-01-11T00:00:00Z,894.19504398
2019-01-10T00:00:00Z,896.52069739
2019-01-09T00:00:00Z,896.52260295
2019-01-08T00:00:00Z,895.91745786
2019-01-07T00:00:00Z,895.3736169
2019-01-06T00:00:00Z,895.07077982
2019-01-05T00:00:00Z,894.35034355
2019-01-04T00:00:00Z,893.61429111
2019-01-03T00:00:00Z,892.93228734
2019-01-02T00:00:00Z,892.33118868
2019-01-01T00:00:00Z,891.62618916
2018-12-31T00:00:00Z,890.92189148
2018-12-30T00:00:00Z,890.33744697
2018-12-29T00:00:00Z,889.69780554
2018-12-28T00:00:00Z,889.5438408
2018-12-27T00:00:00Z,889.11001427
2018-12-26T00:00:00Z,888.62269759
2018-12-25T00:00:00Z,887.89182851
2018-12-24T00:00:00Z,887.14154152
2018-12-23T00:00:00Z,886.64317839
2018-12-22T00:00:00Z,885.97144414
2018-12-21T00:00:00Z,885.22779862
2018-12-20T00:00:00Z,884.78966455
2018-12-19T00:00:00Z,884.25718463
2018-12-18T00:00:00Z,884.10732846
2018-12-17T00:00:00Z,884.06686754
2018-12-16T00:00:00Z,883.45042576
2018-12-15T00:00:00Z,882.74233046
2018-12-14T00:00:00Z,882.05246245
2018-12-13T00:00:00Z,881.57385163
2018-12-12T00:00:00Z,881.09806985
2018-12-11T00:00:00Z,880.51225892
2018-12-10T00:00:00Z,880.5376955
2018-12-09T00:00:00Z,880.12468605
2018-12-08T00:00:00Z,879.35808005
2018-12-07T00:00:00Z,878.71250818
2018-12-06T00:00:00Z,878.51516151
2018-12-05T00:00:00Z,880.54317557
2018-12-04T00:00:00Z,883.14844928
2018-12-03T00:00:00Z,905.06682691
2018-12-02T00:00:00Z,912.55248348
2018-12-01T00:00:00Z,911.77148931
2018-11-30T00:00:00Z,914.31356725
2018-11-29T00:00:00Z,919.43644321
2018-11-28T00:00:00Z,921.11745242
2018-11-27T00:00:00Z,921.11056905
2018-11-26T00:00:00Z,920.85392395
2018-11-25T00:00:00Z,920.43743039
2018-11-24T00:00:00Z,920.09250435
2018-11-23T00:00:00Z,919.70174594
2018-11-22T00:00:00Z,919.19278068
2018-11-21T00:00:00Z,918.72593242
2018-11-20T00:00:00Z,918.15554933
2018-11-19T00:00:00Z,918.3871581
2018-11-18T00:00:00Z,918.22635435
2018-11-17T00:00:00Z,917.49749126
2018-11-16T00:00:00Z,916.79968304
2018-11-15T00:00:00Z,916.35525705
2018-11-14T00:00:00Z,917.99244956
2018-11-13T00:00:00Z,917.95313558
2018-11-12T00:00:00Z,917.4929192
2018-11-11T00:00:00Z,916.95460106
2018-11-10T00:00:00Z,916.21698412
2018-11-09T00:00:00Z,915.51366321
2018-11-08T00:00:00Z,914.98105435
2018-11-07T00:00:00Z,914.31609434
2018-11-06T00:00:00Z,913.79745307
2018-11-05T00:00:00Z,913.16364046
2018-11-04T00:00:00Z,912.49716734
2018-11-03T00:00:00Z,911.84972022
2018-11-02T00:00:00Z,911.06913884
2018-11-01T00:00:00Z,910.59403947
2018-10-31T00:00:00Z,910.03248343
2018-10-30T00:00:00Z,909.58880917
2018-10-29T00:00:00Z,908.88730676
2018-10-28T00:00:00Z,908.22794056
2018-10-27T00:00:00Z,907.48350435
2018-10-26T00:00:00Z,906.70971134
2018-10-25T00:00:00Z,906.34583332
2018-10-24T00:00:00Z,905.71502875
2018-10-23T00:00:00Z,905.005511
2018-10-22T00:00:00Z,904.45992827
2018-10-21T00:00:00Z,903.94853937
2018-10-20T00:00:00Z,903.21941884
2018-10-19T00:00:00Z,903.25388624
2018-10-18T00:00:00Z,903.05672262
2018-10-17T00:00:00Z,902.42988159
2018-10-16T00:00:00Z,901.82828569
2018-10-15T00:00:00Z,901.50744318
2018-10-14T00:00:00Z,901.32117884
2018-10-13T00:00:00Z,900.63142856
2018-10-12T00:00:00Z,899.95401183
2018-10-11T00:00:00Z,899.3194263
2018-10-10T00:00:00Z,899.05506202
2018-10-09T00:00:00Z,898.65756402
2018-10-08T00:00:00Z,898.1496398
2018-10-07T00:00:00Z,897.6069873
2018-10-06T00:00:00Z,896.83155171
2018-10-05T00:00:00Z,896.15792318
2018-10-04T00:00:00Z,895.4281471
2018-10-03T00:00:00Z,894.79227146
2018-10-02T00:00:00Z,894.1746052
2018-10-01T00:00:00Z,893.73933691
2018-09-30T00:00:00Z,893.22146838
2018-09-29T00:00:00Z,892.62693623
2018-09-28T00:00:00Z,891.92480798
2018-09-27T00:00:00Z,891.69015486
2018-09-26T00:00:00Z,891.02577416
2018-09-25T00:00:00Z,890.32838055
2018-09-24T00:00:00Z,890.07504953
2018-09-23T00:00:00Z,889.39882889
2018-09-22T00:00:00Z,888.68298861
2018-09-21T00:00:00Z,887.95853268
2018-09-20T00:00:00Z,887.59524523
2018-09-19T00:00:00Z,887.027468
2018-09-18T00:00:00Z,886.36230153
2018-09-17T00:00:00Z,885.65160545
2018-09-16T00:00:00Z,884.98585751
2018-09-15T00:00:00Z,884.24228987
2018-09-14T00:00:00Z,883.482715
2018-09-13T00:00:00Z,882.75966366
2018-09-12T00:00:00Z,883.31784889
2018-09-11T00:00:00Z,882.77019876
2018-09-10T00:00:00Z,882.34584562
2018-09-09T00:00:00Z,881.88628682
2018-09-08T00:00:00Z,881.23899686
2018-09-07T00:00:00Z,880.48947278
2018-09-06T00:00:00Z,879.81513295
2018-09-05T00:00:00Z,879.29454997
2018-09-04T00:00:00Z,878.63814613
2018-09-03T00:00:00Z,877.98390288
2018-09-02T00:00:00Z,877.29388731
2018-09-01T00:00:00Z,876.56010878
2018-08-31T00:00:00Z,875.83159754
2018-08-30T00:00:00Z,875.19314616
2018-08-29T00:00:00Z,875.27949005
2018-08-28T00:00:00Z,875.60812193
2018-08-27T00:00:00Z,875.58375423
2018-08-26T00:00:00Z,875.9563021
2018-08-25T00:00:00Z,875.7734725
2018-08-24T00:00:00Z,876.11536053
2018-08-23T00:00:00Z,875.51959791
2018-08-22T00:00:00Z,875.68045272
2018-08-21T00:00:00Z,875.79125431
2018-08-20T00:00:00Z,875.77696253
2018-08-19T00:00:00Z,875.45415362
2018-08-18T00:00:00Z,875.18917354
2018-08-17T00:00:00Z,874.40327116
2018-08-16T00:00:00Z,874.45109883
2018-08-15T00:00:00Z,874.28337925
2018-08-14T00:00:00Z,873.89499972
2018-08-13T00:00:00Z,873.48675941
2018-08-12T00:00:00Z,873.51506027
2018-08-11T00:00:00Z,872.72216911
2018-08-10T00:00:00Z,872.11799705
2018-08-09T00:00:00Z,871.67966165
2018-08-08T00:00:00Z,871.31958425
2018-08-07T00:00:00Z,870.72414876
2018-08-06T00:00:00Z,870.00803476
2018-08-05T00:00:00Z,869.48557928
2018-08-04T00:00:00Z,868.74214452
2018-08-03T00:00:00Z,868.16036068
2018-08-02T00:00:00Z,867.49219924
2018-08-01T00:00:00Z,866.90924053
2018-07-31T00:00:00Z,866.19217012
2018-07-30T00:00:00Z,865.51626383
2018-07-29T00:00:00Z,864.84994958
2018-07-28T00:00:00Z,864.36201474
2018-07-27T00:00:00Z,863.64030973
2018-07-26T00:00:00Z,862.94815705
2018-07-25T00:00:00Z,862.27402053
2018-07-24T00:00:00Z,861.73402183
2018-07-23T00:00:00Z,861.2089329
2018-07-22T00:00:00Z,860.66649746
2018-07-21T00:00:00Z,860.0252203
2018-07-20T00:00:00Z,859.51732396
2018-07-19T00:00:00Z,858.88053697
2018-07-18T00:00:00Z,858.35576187
2018-07-17T00:00:00Z,857.80248971
2018-07-16T00:00:00Z,857.15015191
2018-07-15T00:00:00Z,856.57616699
2018-07-14T00:00:00Z,855.84240654
2018-07-13T00:00:00Z,855.03234905
2018-07-12T00:00:00Z,854.51774332
2018-07-11T00:00:00Z,853.86046709
2018-07-10T00:00:00Z,853.25089232
2018-07-09T00:00:00Z,852.64019052
2018-07-08T00:00:00Z,851.97776268
2018-07-07T00:00:00Z,851.42134943
2018-07-06T00:00:00Z,850.66045635
2018-07-05T00:00:00Z,850.0992955
2018-07-04T00:00:00Z,849.35291016
2018-07-03T00:00:00Z,848.78004457
2018-07-02T00:00:00Z,848.18552483
2018-07-01T00:00:00Z,847.62475306
2018-06-30T00:00:00Z,847.31941717
2018-06-29T00:00:00Z,846.59971971
2018-06-28T00:00:00Z,845.90264903
2018-06-27T00:00:00Z,845.40463838
2018-06-26T00:00:00Z,845.30426264
2018-06-25T00:00:00Z,844.69262939
2018-06-24T00:00:00Z,844.00079919
2018-06-23T00:00:00Z,843.49241433
2018-06-22T00:00:00Z,842.76644345
2018-06-21T00:00:00Z,842.08385095
2018-06-20T00:00:00Z,842.00621712
2018-06-19T00:00:00Z,841.33069909
2018-06-18T00:00:00Z,840.58655702
2018-06-17T00:00:00Z,839.91573593
2018-06-16T00:00:00Z,839.17117636
2018-06-15T00:00:00Z,838.36565611
2018-06-14T00:00:00Z,837.64418634
2018-06-13T00:00:00Z,836.93688842
2018-06-12T00:00:00Z,836.59148393
2018-06-11T00:00:00Z,835.88645599
2018-06-10T00:00:00Z,835.28701036
2018-06-09T00:00:00Z,834.64032851
2018-06-08T00:00:00Z,833.91398621
2018-06-07T00:00:00Z,833.32373937
2018-06-06T00:00:00Z,832.59800485
2018-06-05T00:00:00Z,832.04207009
2018-06-04T00:00:00Z,831.40403447
2018-06-03T00:00:00Z,830.84475881
2018-06-02T00:00:00Z,830.14305605
2018-06-01T00:00:00Z,829.3752324
2018-05-31T00:00:00Z,828.7186704
2018-05-30T00:00:00Z,828.00756727
2018-05-29T00:00:00Z,827.47762703
2018-05-28T00:00:00Z,826.75404001
2018-05-27T00:00:00Z,826.15914994
2018-05-26T00:00:00Z,825.41183432
2018-05-25T00:00:00Z,824.61218203
2018-05-24T00:00:00Z,823.92410679
2018-05-23T00:00:00Z,823.66082569
2018-05-22T00:00:00Z,823.24041497
2018-05-21T00:00:00Z,822.60209232
2018-05-20T00:00:00Z,821.98858074
2018-05-19T00:00:00Z,821.31831491
2018-05-18T00:00:00Z,820.63823691
2018-05-17T00:00:00Z,820.0049331
2018-05-16T00:00:00Z,822.14690824
2018-05-15T00:00:00Z,821.63002426
2018-05-14T00:00:00Z,821.07420622
2018-05-13T00:00:00Z,822.53738094
2018-05-12T00:00:00Z,821.82605239
2018-05-11T00:00:00Z,821.10859716
2018-05-10T00:00:00Z,820.56963362
2018-05-09T00:00:00Z,820.57022609
2018-05-08T00:00:00Z,820.03782692
2018-05-07T00:00:00Z,819.37168902
2018-05-06T00:00:00Z,818.68599503
2018-05-05T00:00:00Z,818.05079375
2018-05-04T00:00:00Z,817.41704308
2018-05-03T00:00:00Z,816.90072115
2018-05-02T00:00:00Z,816.29380904
2018-05-01T00:00:00Z,816.48017598
2018-04-30T00:00:00Z,815.75963859
2018-04-29T00:00:00Z,815.27652378
2018-04-28T00:00:00Z,814.6438904
2018-04-27T00:00:00Z,813.89157352
2018-04-26T00:00:00Z,813.21931963
2018-04-25T00:00:00Z,813.93531464
2018-04-24T00:00:00Z,813.58118821
2018-04-23T00:00:00Z,813.22996239
2018-04-22T00:00:00Z,813.02323234
2018-04-21T00:00:00Z,812.50269088
2018-04-20T00:00:00Z,812.29155174
2018-04-19T00:00:00Z,812.28955349
2018-04-18T00:00:00Z,814.45701367
2018-04-17T00:00:00Z,814.15664487
2018-04-16T00:00:00Z,813.66388257
2018-04-15T00:00:00Z,813.04093196
2018-04-14T00:00:00Z,812.37317999
2018-04-13T00:00:00Z,811.74566757
2018-04-12T00:00:00Z,811.37985446
2018-04-11T00:00:00Z,811.08794163
2018-04-10T00:00:00Z,810.92923757
2018-04-09T00:00:00Z,810.34356262
2018-04-08T00:00:00Z,809.68799612
2018-04-07T00:00:00Z,809.12015338
2018-04-06T00:00:00Z,808.53102228
2018-04-05T00:00:00Z,807.85640077
2018-04-04T00:00:00Z,807.2693704
2018-04-03T00:00:00Z,806.57871572
2018-04-02T00:00:00Z,806.00633919
2018-04-01T00:00:00Z,805.31007673
2018-03-31T00:00:00Z,804.71534521
2018-03-30T00:00:00Z,804.07085514
2018-03-29T00:00:00Z,803.55067872
2018-03-28T00:00:00Z,803.13754514
2018-03-27T00:00:00Z,802.48535183
2018-03-26T00:00:00Z,801.8269347
2018-03-25T00:00:00Z,801.24319176
2018-03-24T00:00:00Z,800.64435892
2018-03-23T00:00:00Z,800.02792551
2018-03-22T00:00:00Z,799.30106011
2018-03-21T00:00:00Z,798.71280922
2018-03-20T00:00:00Z,798.12986531
2018-03-19T00:00:00Z,797.42265944
2018-03-18T00:00:00Z,796.83681533
2018-03-17T00:00:00Z,796.26230328
2018-03-16T00:00:00Z,795.64405943
2018-03-15T00:00:00Z,795.1977101
2018-03-14T00:00:00Z,794.67739823
2018-03-13T00:00:00Z,794.04006631
2018-03-12T00:00:00Z,793.54389603
2018-03-11T00:00:00Z,792.94786546
2018-03-10T00:00:00Z,792.46921864
2018-03-09T00:00:00Z,791.80561355
2018-03-08T00:00:00Z,791.52230414
2018-03-07T00:00:00Z,790.85937561
2018-03-06T00:00:00Z,790.30306273
2018-03-05T00:00:00Z,789.73783505
2018-03-04T00:00:00Z,789.28635921
2018-03-03T00:00:00Z,788.64548792
2018-03-02T00:00:00Z,788.07324317
2018-03-01T00:00:00Z,787.47149466
2018-02-28T00:00:00Z,787.05422529
2018-02-27T00:00:00Z,787.09794663
2018-02-26T00:00:00Z,786.55117403
2018-02-25T00:00:00Z,785.91601387
2018-02-24T00:00:00Z,785.27994163
2018-02-23T00:00:00Z,784.7165806
2018-02-22T00:00:00Z,784.24563212
2018-02-21T00:00:00Z,787.7981222
2018-02-20T00:00:00Z,787.2789089
2018-02-19T00:00:00Z,786.99471769
2018-02-18T00:00:00Z,786.33675033
2018-02-17T00:00:00Z,785.84021531
2018-02-16T00:00:00Z,785.12376158
2018-02-15T00:00:00Z,784.67552931
2018-02-14T00:00:00Z,784.37439408
2018-02-13T00:00:00Z,783.81451142
2018-02-12T00:00:00Z,783.21714241
2018-02-11T00:00:00Z,782.81852144
2018-02-10T00:00:00Z,782.45426302
2018-02-09T00:00:00Z,781.87712818
2018-02-08T00:00:00Z,781.27851259
2018-02-07T00:00:00Z,782.06209628
2018-02-06T00:00:00Z,781.72366614
2018-02-05T00:00:00Z,782.94267263
2018-02-04T00:00:00Z,784.37851687
2018-02-03T00:00:00Z,789.05124373
2018-02-02T00:00:00Z,788.64879896
2018-02-01T00:00:00Z,788.64653297
2018-01-31T00:00:00Z,789.07353065
2018-01-30T00:00:00Z,789.02117441
2018-01-29T00:00:00Z,788.69497238
2018-01-28T00:00:00Z,788.26443636
2018-01-27T00:00:00Z,788.39036713
2018-01-26T00:00:00Z,787.92923106
2018-01-25T00:00:00Z,787.99420957
2018-01-24T00:00:00Z,787.64379297
2018-01-23T00:00:00Z,787.23961373
2018-01-22T00:00:00Z,786.98894542
2018-01-21T00:00:00Z,787.06020435
2018-01-20T00:00:00Z,786.65834618
2018-01-19T00:00:00Z,786.29606892
2018-01-18T00:00:00Z,786.05497625
2018-01-17T00:00:00Z,785.66502562
2018-01-16T00:00:00Z,786.3589224
2018-01-15T00:00:00Z,786.49960493
2018-01-14T00:00:00Z,786.0258878
2018-01-13T00:00:00Z,785.78051962
2018-01-12T00:00:00Z,785.47494208
2018-01-11T00:00:00Z,785.82161434
2018-01-10T00:00:00Z,786.10745313
2018-01-09T00:00:00Z,785.87370065
2018-01-08T00:00:00Z,785.71260355
2018-01-07T00:00:00Z,785.31925454
2018-01-06T00:00:00Z,789.74428215
2018-01-05T00:00:00Z,789.73661842
2018-01-04T00:00:00Z,790.34657047
2018-01-03T00:00:00Z,790.30606616
2018-01-02T00:00:00Z,790.11020395
2018-01-01T00:00:00Z,790.60527543
2017-12-31T00:00:00Z,790.2778519
2017-12-30T00:00:00Z,790.87963269
2017-12-29T00:00:00Z,791.57213863
2017-12-28T00:00:00Z,791.68568368
2017-12-27T00:00:00Z,791.41571443
2017-12-26T00:00:00Z,791.64427174
2017-12-25T00:00:00Z,791.70151743
2017-12-24T00:00:00Z,791.41518515
2017-12-23T00:00:00Z,791.31979812
2017-12-22T00:00:00Z,791.38631799
2017-12-21T00:00:00Z,792.26037448
2017-12-20T00:00:00Z,792.12742825
2017-12-19T00:00:00Z,794.0902657
2017-12-18T00:00:00Z,794.04626374
2017-12-17T00:00:00Z,794.11188218
2017-12-16T00:00:00Z,795.7386674
2017-12-15T00:00:00Z,795.50646021
2017-12-14T00:00:00Z,795.80964577
2017-12-13T00:00:00Z,795.9622407
2017-12-12T00:00:00Z,796.34309912
2017-12-11T00:00:00Z,797.98627153
2017-12-10T00:00:00Z,798.04109571
2017-12-09T00:00:00Z,798.29605106
2017-12-08T00:00:00Z,798.36528715
2017-12-07T00:00:00Z,799.50749907
2017-12-06T00:00:00Z,803.83223124
2017-12-05T00:00:00Z,804.252977
2017-12-04T00:00:00Z,804.28189827
2017-12-03T00:00:00Z,804.32131731
2017-12-02T00:00:00Z,804.23186228
2017-12-01T00:00:00Z,804.26042061
2017-11-30T00:00:00Z,804.4451775
2017-11-29T00:00:00Z,804.53164025
2017-11-28T00:00:00Z,805.14505055
2017-11-27T00:00:00Z,805.77271619
2017-11-26T00:00:00Z,806.02061254
2017-11-25T00:00:00Z,806.60242072
2017-11-24T00:00:00Z,806.77523865
2017-11-23T00:00:00Z,807.41487743
2017-11-22T00:00:00Z,807.24479883
2017-11-21T00:00:00Z,806.90497573
2017-11-20T00:00:00Z,807.12072271
2017-11-19T00:00:00Z,808.10525585
2017-11-18T00:00:00Z,807.88918147
2017-11-17T00:00:00Z,807.86614244
2017-11-16T00:00:00Z,808.48080905
2017-11-15T00:00:00Z,809.72113044
2017-11-14T00:00:00Z,809.96794745
2017-11-13T00:00:00Z,810.24773042
2017-11-12T00:00:00Z,811.31805811
2017-11-11T00:00:00Z,821.49835273
2017-11-10T00:00:00Z,822.94244179
2017-11-09T00:00:00Z,823.5181015
2017-11-08T00:00:00Z,823.5260588
2017-11-07T00:00:00Z,823.62534169
2017-11-06T00:00:00Z,823.74895988
2017-11-05T00:00:00Z,823.42137161
2017-11-04T00:00:00Z,824.80269559
2017-11-03T00:00:00Z,824.48704569
2017-11-02T00:00:00Z,824.7024106
2017-11-01T00:00:00Z,824.93455677
2017-10-31T00:00:00Z,826.21240882
2017-10-30T00:00:00Z,826.07916027
2017-10-29T00:00:00Z,825.9454862
2017-10-28T00:00:00Z,825.66762972
2017-10-27T00:00:00Z,825.07014605
2017-10-26T00:00:00Z,824.6694498
2017-10-25T00:00:00Z,824.28417165
2017-10-24T00:00:00Z,824.77921447
2017-10-23T00:00:00Z,825.05511667
2017-10-22T00:00:00Z,826.04211681
2017-10-21T00:00:00Z,826.66829958
2017-10-20T00:00:00Z,826.2387394
2017-10-19T00:00:00Z,825.96018546
2017-10-18T00:00:00Z,827.35739413
2017-10-17T00:00:00Z,827.1043468
2017-10-16T00:00:00Z,827.29790289
2017-10-15T00:00:00Z,828.53900345
2017-10-14T00:00:00Z,829.06114422
2017-10-13T00:00:00Z,828.76472091
2017-10-12T00:00:00Z,829.40679649
2017-10-11T00:00:00Z,829.28503452
2017-10-10T00:00:00Z,828.87419138
2017-10-09T00:00:00Z,828.87324707
2017-10-08T00:00:00Z,829.65170505
2017-10-07T00:00:00Z,830.06860137
2017-10-06T00:00:00Z,829.79446653
2017-10-05T00:00:00Z,829.54469499
2017-10-04T00:00:00Z,831.40780998
2017-10-03T00:00:00Z,830.98740155
2017-10-02T00:00:00Z,830.77935037
2017-10-01T00:00:00Z,830.97848698
2017-09-30T00:00:00Z,830.63051087
2017-09-29T00:00:00Z,830.63888355
2017-09-28T00:00:00Z,830.27991899
2017-09-27T00:00:00Z,830.03625953
2017-09-26T00:00:00Z,829.61353599
2017-09-25T00:00:00Z,829.9735349
2017-09-24T00:00:00Z,834.43269345
2017-09-23T00:00:00Z,833.75712051
2017-09-22T00:00:00Z,833.20938654
2017-09-21T00:00:00Z,833.44870145
2017-09-20T00:00:00Z,833.24292311
2017-09-19T00:00:00Z,832.86985194
2017-09-18T00:00:00Z,832.56799671
2017-09-17T00:00:00Z,832.08996255
2017-09-16T00:00:00Z,831.67331062
2017-09-15T00:00:00Z,831.48935848
2017-09-14T00:00:00Z,832.18510259
2017-09-13T00:00:00Z,832.19257875
2017-09-12T00:00:00Z,832.06047884
2017-09-11T00:00:00Z,831.67122458
2017-09-10T00:00:00Z,831.47804854
2017-09-09T00:00:00Z,831.19499604
2017-09-08T00:00:00Z,830.73763669
2017-09-07T00:00:00Z,830.27046107
2017-09-06T00:00:00Z,830.29068639
2017-09-05T00:00:00Z,830.22657735
2017-09-04T00:00:00Z,830.08625948
2017-09-03T00:00:00Z,830.32155971
2017-09-02T00:00:00Z,830.30411845
2017-09-01T00:00:00Z,830.24473418
2017-08-31T00:00:00Z,830.44245286
2017-08-30T00:00:00Z,830.80731589
2017-08-29T00:00:00Z,831.21223564
2017-08-28T00:00:00Z,831.97299523
2017-08-27T00:00:00Z,831.82377102
2017-08-26T00:00:00Z,831.75777729
2017-08-25T00:00:00Z,831.61580137
2017-08-24T00:00:00Z,831.57204693
2017-08-23T00:00:00Z,831.49006114
2017-08-22T00:00:00Z,832.45017134
2017-08-21T00:00:00Z,833.11884325
2017-08-20T00:00:00Z,833.13644693
2017-08-19T00:00:00Z,834.41532391
2017-08-18T00:00:00Z,835.30471836
2017-08-17T00:00:00Z,836.01269483
2017-08-16T00:00:00Z,836.36275489
2017-08-15T00:00:00Z,836.23511811
2017-08-14T00:00:00Z,836.31269564
2017-08-13T00:00:00Z,836.48574109
2017-08-12T00:00:00Z,836.94646509
2017-08-11T00:00:00Z,837.46816261
2017-08-10T00:00:00Z,837.50801412
2017-08-09T00:00:00Z,837.57480081
2017-08-08T00:00:00Z,838.42453957
2017-08-07T00:00:00Z,839.89680185
2017-08-06T00:00:00Z,840.93447669
2017-08-05T00:00:00Z,843.96425952
2017-08-04T00:00:00Z,846.574247
2017-08-03T00:00:00Z,851.75606217
2017-08-02T00:00:00Z,853.97974625
2017-08-01T00:00:00Z,855.37152483
2017-07-31T00:00:00Z,856.53664271
2017-07-30T00:00:00Z,867.80799873
2017-07-29T00:00:00Z,870.48558809
2017-07-28T00:00:00Z,876.58837686
2017-07-27T00:00:00Z,879.41184866
2017-07-26T00:00:00Z,879.99916131
2017-07-25T00:00:00Z,879.78147235
2017-07-24T00:00:00Z,884.36134293
2017-07-23T00:00:00Z,884.33536685
2017-07-22T00:00:00Z,883.82502212
2017-07-21T00:00:00Z,883.46711721
2017-07-20T00:00:00Z,883.22784095
2017-07-19T00:00:00Z,883.17069818
2017-07-18T00:00:00Z,882.8922705
2017-07-17T00:00:00Z,882.59299125
2017-07-16T00:00:00Z,883.48995014
2017-07-15T00:00:00Z,883.07310393
2017-07-14T00:00:00Z,882.69707064
2017-07-13T00:00:00Z,882.61549386
2017-07-12T00:00:00Z,882.37335663
2017-07-11T00:00:00Z,881.98775528
2017-07-10T00:00:00Z,881.82514334
2017-07-09T00:00:00Z,881.41568208
2017-07-08T00:00:00Z,881.08042727
2017-07-07T00:00:00Z,880.6561527
2017-07-06T00:00:00Z,880.60493866
2017-07-05T00:00:00Z,880.27901843
2017-07-04T00:00:00Z,880.62476921
2017-07-03T00:00:00Z,880.41127868
2017-07-02T00:00:00Z,880.56379911
2017-07-01T00:00:00Z,880.3618292
2017-06-30T00:00:00Z,879.96089108
2017-06-29T00:00:00Z,880.12865922
2017-06-28T00:00:00Z,879.81763671
2017-06-27T00:00:00Z,879.76303376
2017-06-26T00:00:00Z,879.41644744
2017-06-25T00:00:00Z,879.08863348
2017-06-24T00:00:00Z,878.56934487
2017-06-23T00:00:00Z,878.23816036
2017-06-22T00:00:00Z,877.88843801
2017-06-21T00:00:00Z,877.86993006
2017-06-20T00:00:00Z,877.61178849
2017-06-19T00:00:00Z,877.69554324
2017-06-18T00:00:00Z,877.72879408
2017-06-17T00:00:00Z,878.18032109
2017-06-16T00:00:00Z,877.70429806
2017-06-15T00:00:00Z,878.47047139
2017-06-14T00:00:00Z,878.53631159
2017-06-13T00:00:00Z,878.80584275
2017-06-12T00:00:00Z,882.62086314
2017-06-11T00:00:00Z,886.04255908
2017-06-10T00:00:00Z,885.85795728
2017-06-09T00:00:00Z,887.34446014
2017-06-08T00:00:00Z,887.49647204
2017-06-07T00:00:00Z,887.35517885
2017-06-06T00:00:00Z,887.07446417
2017-06-05T00:00:00Z,887.07886403
2017-06-04T00:00:00Z,886.99947344
2017-06-03T00:00:00Z,886.83403042
2017-06-02T00:00:00Z,886.4935895
2017-06-01T00:00:00Z,886.16360269
2017-05-31T00:00:00Z,886.36603081
2017-05-30T00:00:00Z,887.366213
2017-05-29T00:00:00Z,887.52206901
2017-05-28T00:00:00Z,887.2693223
2017-05-27T00:00:00Z,887.11011792
2017-05-26T00:00:00Z,887.07925624
2017-05-25T00:00:00Z,887.35108946
2017-05-24T00:00:00Z,890.00296062
2017-05-23T00:00:00Z,891.3924827
2017-05-22T00:00:00Z,892.07291213
2017-05-21T00:00:00Z,893.07682527
2017-05-20T00:00:00Z,892.88303827
2017-05-19T00:00:00Z,892.71796061
2017-05-18T00:00:00Z,892.92255125
2017-05-17T00:00:00Z,892.54856897
2017-05-16T00:00:00Z,892.80598195
2017-05-15T00:00:00Z,892.42104066
2017-05-14T00:00:00Z,892.32803891
2017-05-13T00:00:00Z,891.77150995
2017-05-12T00:00:00Z,891.39584939
2017-05-11T00:00:00Z,891.28148106
2017-05-10T00:00:00Z,892.5731302
2017-05-09T00:00:00Z,892.35774234
2017-05-08T00:00:00Z,892.94804535
2017-05-07T00:00:00Z,893.14344591
2017-05-06T00:00:00Z,892.72419497
2017-05-05T00:00:00Z,892.30527087
2017-05-04T00:00:00Z,893.29054634
2017-05-03T00:00:00Z,893.51321684
2017-05-02T00:00:00Z,893.27384904
2017-05-01T00:00:00Z,893.589946
2017-04-30T00:00:00Z,894.79761427
2017-04-29T00:00:00Z,894.7443412
2017-04-28T00:00:00Z,894.38648866
2017-04-27T00:00:00Z,895.10159618
2017-04-26T00:00:00Z,894.5884815
2017-04-25T00:00:00Z,894.19276381
2017-04-24T00:00:00Z,893.84181973
2017-04-23T00:00:00Z,893.59680098
2017-04-22T00:00:00Z,893.01852813
2017-04-21T00:00:00Z,892.33871876
2017-04-20T00:00:00Z,891.74693867
2017-04-19T00:00:00Z,891.24161387
2017-04-18T00:00:00Z,890.814798
2017-04-17T00:00:00Z,890.49979382
2017-04-16T00:00:00Z,890.25731124
2017-04-15T00:00:00Z,889.5783223
2017-04-14T00:00:00Z,888.9649775
2017-04-13T00:00:00Z,889.03304229
2017-04-12T00:00:00Z,888.41834233
2017-04-11T00:00:00Z,888.48897358
2017-04-10T00:00:00Z,888.00781657
2017-04-09T00:00:00Z,887.61523227
2017-04-08T00:00:00Z,887.00401056
2017-04-07T00:00:00Z,886.54078065
2017-04-06T00:00:00Z,886.91001417
2017-04-05T00:00:00Z,886.50331206
2017-04-04T00:00:00Z,886.18594137
2017-04-03T00:00:00Z,885.61506947
2017-04-02T00:00:00Z,885.33171193
2017-04-01T00:00:00Z,885.1159164
2017-03-31T00:00:00Z,884.88796523
2017-03-30T00:00:00Z,884.84119993
2017-03-29T00:00:00Z,884.66232655
2017-03-28T00:00:00Z,884.34790905
2017-03-27T00:00:00Z,884.24483589
2017-03-26T00:00:00Z,884.10866958
2017-03-25T00:00:00Z,884.56318493
2017-03-24T00:00:00Z,885.56018945
2017-03-23T00:00:00Z,890.34287842
2017-03-22T00:00:00Z,890.00234571
2017-03-21T00:00:00Z,890.25382636
2017-03-20T00:00:00Z,890.27899469
2017-03-19T00:00:00Z,890.04849842
2017-03-18T00:00:00Z,890.24742644
2017-03-17T00:00:00Z,891.28995626
2017-03-16T00:00:00Z,891.87269479
2017-03-15T00:00:00Z,892.10001751
2017-03-14T00:00:00Z,891.94248158
2017-03-13T00:00:00Z,891.49615397
2017-03-12T00:00:00Z,892.12080661
2017-03-11T00:00:00Z,891.5847687
2017-03-10T00:00:00Z,891.17647652
2017-03-09T00:00:00Z,891.2551177
2017-03-08T00:00:00Z,891.05641294
2017-03-07T00:00:00Z,890.97954983
2017-03-06T00:00:00Z,890.80701008
2017-03-05T00:00:00Z,890.56212392
2017-03-04T00:00:00Z,890.08888427
2017-03-03T00:00:00Z,889.59232187
2017-03-02T00:00:00Z,890.43339671
2017-03-01T00:00:00Z,890.23408904
2017-02-28T00:00:00Z,889.87416342
2017-02-27T00:00:00Z,889.36037152
2017-02-26T00:00:00Z,888.90638962
2017-02-25T00:00:00Z,888.2768687
2017-02-24T00:00:00Z,887.72570369
2017-02-23T00:00:00Z,888.91282304
2017-02-22T00:00:00Z,888.61455637
2017-02-21T00:00:00Z,888.6897104
2017-02-20T00:00:00Z,888.43825471
2017-02-19T00:00:00Z,887.86646364
2017-02-18T00:00:00Z,887.36958873
2017-02-17T00:00:00Z,886.83019154
2017-02-16T00:00:00Z,886.6877519
2017-02-15T00:00:00Z,886.05797226
2017-02-14T00:00:00Z,885.38496017
2017-02-13T00:00:00Z,884.91064803
2017-02-12T00:00:00Z,884.57660483
2017-02-11T00:00:00Z,884.01114706
2017-02-10T00:00:00Z,883.27948722
2017-02-09T00:00:00Z,883.18266844
2017-02-08T00:00:00Z,883.18048191
2017-02-07T00:00:00Z,882.66196053
2017-02-06T00:00:00Z,882.88651111
2017-02-05T00:00:00Z,882.74577058
2017-02-04T00:00:00Z,882.29594772
2017-02-03T00:00:00Z,881.78415962
2017-02-02T00:00:00Z,882.10410345
2017-02-01T00:00:00Z,881.6835224
2017-01-31T00:00:00Z,881.18412981
2017-01-30T00:00:00Z,880.75231213
2017-01-29T00:00:00Z,880.10097552
2017-01-28T00:00:00Z,881.15303178
2017-01-27T00:00:00Z,880.43700629
2017-01-26T00:00:00Z,879.92587227
2017-01-25T00:00:00Z,879.43537498
2017-01-24T00:00:00Z,879.10695321
2017-01-23T00:00:00Z,878.85974089
2017-01-22T00:00:00Z,878.29479309
2017-01-21T00:00:00Z,877.81112396
2017-01-20T00:00:00Z,877.23136968
2017-01-19T00:00:00Z,876.62867747
2017-01-18T00:00:00Z,875.99451052
2017-01-17T00:00:00Z,875.42569023
2017-01-16T00:00:00Z,875.04024381
2017-01-15T00:00:00Z,874.50375186
2017-01-14T00:00:00Z,873.96862271
2017-01-13T00:00:00Z,873.28848941
2017-01-12T00:00:00Z,872.97598826
2017-01-11T00:00:00Z,872.6308579
2017-01-10T00:00:00Z,872.87114292
2017-01-09T00:00:00Z,872.49032567
2017-01-08T00:00:00Z,872.19943767
2017-01-07T00:00:00Z,871.80556876
2017-01-06T00:00:00Z,871.42811028
2017-01-05T00:00:00Z,871.60529423
2017-01-04T00:00:00Z,873.6455659
2017-01-03T00:00:00Z,874.06018418
2017-01-02T00:00:00Z,873.91687611
2017-01-01T00:00:00Z,874.05478364
2016-12-31T00:00:00Z,873.63148672
2016-12-30T00:00:00Z,873.0483782
2016-12-29T00:00:00Z,872.91914364
2016-12-28T00:00:00Z,873.28656882
2016-12-27T00:00:00Z,873.962312
2016-12-26T00:00:00Z,873.72540501
2016-12-25T00:00:00Z,873.2029345
2016-12-24T00:00:00Z,872.7779703
2016-12-23T00:00:00Z,872.4793154
2016-12-22T00:00:00Z,872.80508029
2016-12-21T00:00:00Z,873.39949093
2016-12-20T00:00:00Z,874.37494437
2016-12-19T00:00:00Z,874.12080369
2016-12-18T00:00:00Z,873.54278471
2016-12-17T00:00:00Z,873.38329835
2016-12-16T00:00:00Z,872.92229752
2016-12-15T00:00:00Z,872.70625461
2016-12-14T00:00:00Z,872.2819568
2016-12-13T00:00:00Z,871.87734879
2016-12-12T00:00:00Z,871.71761888
2016-12-11T00:00:00Z,871.2097561
2016-12-10T00:00:00Z,870.64735632
2016-12-09T00:00:00Z,870.29695835
2016-12-08T00:00:00Z,869.67708466
2016-12-07T00:00:00Z,869.51922791
2016-12-06T00:00:00Z,869.02778737
2016-12-05T00:00:00Z,868.46496599
2016-12-04T00:00:00Z,868.15363574
2016-12-03T00:00:00Z,867.45012058
2016-12-02T00:00:00Z,869.18834765
2016-12-01T00:00:00Z,868.92550308
2016-11-30T00:00:00Z,868.58309771
2016-11-29T00:00:00Z,868.15149948
2016-11-28T00:00:00Z,867.6550787
2016-11-27T00:00:00Z,867.2356111
2016-11-26T00:00:00Z,866.66058021
2016-11-25T00:00:00Z,866.25441798
2016-11-24T00:00:00Z,865.67905511
2016-11-23T00:00:00Z,867.06770718
2016-11-22T00:00:00Z,866.61628563
2016-11-21T00:00:00Z,866.85556966
2016-11-20T00:00:00Z,866.40282995
2016-11-19T00:00:00Z,865.7979243
2016-11-18T00:00:00Z,865.18092302
2016-11-17T00:00:00Z,864.8143357
2016-11-16T00:00:00Z,864.79571298
2016-11-15T00:00:00Z,865.05361308
2016-11-14T00:00:00Z,864.61668
2016-11-13T00:00:00Z,864.24453574
2016-11-12T00:00:00Z,863.53169492
2016-11-11T00:00:00Z,862.86441208
2016-11-10T00:00:00Z,862.48133565
2016-11-09T00:00:00Z,862.24413445
2016-11-08T00:00:00Z,861.91541705
2016-11-07T00:00:00Z,861.83418194
2016-11-06T00:00:00Z,861.21079427
2016-11-05T00:00:00Z,860.54340624
2016-11-04T00:00:00Z,859.84180741
2016-11-03T00:00:00Z,859.25110986
2016-11-02T00:00:00Z,858.78832379
2016-11-01T00:00:00Z,858.23858949
2016-10-31T00:00:00Z,857.75287447
2016-10-30T00:00:00Z,857.29670257
2016-10-29T00:00:00Z,856.66675093
2016-10-28T00:00:00Z,856.19709599
2016-10-27T00:00:00Z,855.65432633
2016-10-26T00:00:00Z,855.45991116
2016-10-25T00:00:00Z,855.19831685
2016-10-24T00:00:00Z,854.79047403
2016-10-23T00:00:00Z,854.7555604
2016-10-22T00:00:00Z,854.13299075
2016-10-21T00:00:00Z,853.53266065
2016-10-20T00:00:00Z,853.49785734
2016-10-19T00:00:00Z,852.9602225
2016-10-18T00:00:00Z,852.43678033
2016-10-17T00:00:00Z,852.30058676
2016-10-16T00:00:00Z,852.47954845
2016-10-15T00:00:00Z,851.79012379
2016-10-14T00:00:00Z,851.08310507
2016-10-13T00:00:00Z,850.45126144
2016-10-12T00:00:00Z,849.91582598
2016-10-11T00:00:00Z,849.77200822
2016-10-10T00:00:00Z,849.42819416
2016-10-09T00:00:00Z,848.83583245
2016-10-08T00:00:00Z,848.10607232
2016-10-07T00:00:00Z,847.47209556
2016-10-06T00:00:00Z,846.81497997
2016-10-05T00:00:00Z,846.20328721
2016-10-04T00:00:00Z,845.60934139
2016-10-03T00:00:00Z,845.5077323
2016-10-02T00:00:00Z,845.07445242
2016-10-01T00:00:00Z,844.3605155
2016-09-30T00:00:00Z,843.62913472
2016-09-29T00:00:00Z,842.94125233
2016-09-28T00:00:00Z,842.26307679
2016-09-27T00:00:00Z,841.62839394
2016-09-26T00:00:00Z,841.13309792
2016-09-25T00:00:00Z,840.54308825
2016-09-24T00:00:00Z,840.3453716
2016-09-23T00:00:00Z,840.22543094
2016-09-22T00:00:00Z,839.56329798
2016-09-21T00:00:00Z,838.8534878
2016-09-20T00:00:00Z,838.33270795
2016-09-19T00:00:00Z,838.19717643
2016-09-18T00:00:00Z,837.59438735
2016-09-17T00:00:00Z,836.91885971
2016-09-16T00:00:00Z,836.26215308
2016-09-15T00:00:00Z,835.76230741
2016-09-14T00:00:00Z,835.11818132
2016-09-13T00:00:00Z,834.54691162
2016-09-12T00:00:00Z,834.58899614
2016-09-11T00:00:00Z,833.93744532
2016-09-10T00:00:00Z,833.4196353
2016-09-09T00:00:00Z,832.76537512
2016-09-08T00:00:00Z,832.1743133
2016-09-07T00:00:00Z,831.73596087
2016-09-06T00:00:00Z,831.05822633
2016-09-05T00:00:00Z,830.47230024
2016-09-04T00:00:00Z,829.78054443
2016-09-03T00:00:00Z,829.20186308
2016-09-02T00:00:00Z,828.49533252
2016-09-01T00:00:00Z,827.81008751
2016-08-31T00:00:00Z,827.20447021
2016-08-30T00:00:00Z,827.1144347
2016-08-29T00:00:00Z,826.90438018
2016-08-28T00:00:00Z,826.35788892
2016-08-27T00:00:00Z,825.6396408
2016-08-26T00:00:00Z,824.85743918
2016-08-25T00:00:00Z,824.28489398
2016-08-24T00:00:00Z,824.72738264
2016-08-23T00:00:00Z,824.10722413
2016-08-22T00:00:00Z,823.45747133
2016-08-21T00:00:00Z,822.78947346
2016-08-20T00:00:00Z,822.09577059
2016-08-19T00:00:00Z,822.67609597
2016-08-18T00:00:00Z,822.28329929
2016-08-17T00:00:00Z,821.66644921
2016-08-16T00:00:00Z,821.02450921
2016-08-15T00:00:00Z,820.63440769
2016-08-14T00:00:00Z,819.90001797
2016-08-13T00:00:00Z,819.25864775
2016-08-12T00:00:00Z,818.54476768
2016-08-11T00:00:00Z,817.8284447
2016-08-10T00:00:00Z,817.09992809
2016-08-09T00:00:00Z,816.55261749
2016-08-08T00:00:00Z,815.85065158
2016-08-07T00:00:00Z,815.2030378
2016-08-06T00:00:00Z,814.73765789
2016-08-05T00:00:00Z,814.09592017
2016-08-04T00:00:00Z,813.49238156
2016-08-03T00:00:00Z,813.75712027
2016-08-02T00:00:00Z,813.33281955
2016-08-01T00:00:00Z,813.3245521
2016-07-31T00:00:00Z,812.68841977
2016-07-30T00:00:00Z,812.07370685
2016-07-29T00:00:00Z,811.47752492
2016-07-28T00:00:00Z,810.92771637
2016-07-27T00:00:00Z,810.31361627
2016-07-26T00:00:00Z,809.75397146
2016-07-25T00:00:00Z,809.13312408
2016-07-24T00:00:00Z,808.57246259
2016-07-23T00:00:00Z,808.11951328
2016-07-22T00:00:00Z,807.42170687
2016-07-21T00:00:00Z,806.83394968
2016-07-20T00:00:00Z,806.11470902
2016-07-19T00:00:00Z,805.52462569
2016-07-18T00:00:00Z,805.24767808
2016-07-17T00:00:00Z,804.55394713
2016-07-16T00:00:00Z,804.04333773
2016-07-15T00:00:00Z,803.29362795
2016-07-14T00:00:00Z,802.57298834
2016-07-13T00:00:00Z,801.87355219
2016-07-12T00:00:00Z,801.18843226
2016-07-11T00:00:00Z,800.51928052
2016-07-10T00:00:00Z,800.50714022
2016-07-09T00:00:00Z,800.36150525
2016-07-08T00:00:00Z,800.3622913
2016-07-07T00:00:00Z,800.13375736
2016-07-06T00:00:00Z,799.7373009
2016-07-05T00:00:00Z,799.24563088
2016-07-04T00:00:00Z,798.99480358
2016-07-03T00:00:00Z,798.40097044
2016-07-02T00:00:00Z,797.80463379
2016-07-01T00:00:00Z,797.32699851
2016-06-30T00:00:00Z,796.81999097
2016-06-29T00:00:00Z,797.14556151
2016-06-28T00:00:00Z,796.567545
2016-06-27T00:00:00Z,795.9900506
2016-06-26T00:00:00Z,795.59223472
2016-06-25T00:00:00Z,795.01932656
2016-06-24T00:00:00Z,795.28407109
2016-06-23T00:00:00Z,794.8232598
2016-06-22T00:00:00Z,794.35413838
2016-06-21T00:00:00Z,794.03409303
2016-06-20T00:00:00Z,794.09507969
2016-06-19T00:00:00Z,794.109525
2016-06-18T00:00:00Z,793.67581078
2016-06-17T00:00:00Z,793.33823987
2016-06-16T00:00:00Z,793.12755707
2016-06-15T00:00:00Z,793.71910804
2016-06-14T00:00:00Z,794.11899927
2016-06-13T00:00:00Z,794.36924951
2016-06-12T00:00:00Z,794.64919289
2016-06-11T00:00:00Z,795.57586821
2016-06-10T00:00:00Z,795.18946473
2016-06-09T00:00:00Z,794.82087055
2016-06-08T00:00:00Z,794.41123419
2016-06-07T00:00:00Z,793.99571304
2016-06-06T00:00:00Z,793.91311683
2016-06-05T00:00:00Z,793.8431616
2016-06-04T00:00:00Z,793.46536006
2016-06-03T00:00:00Z,792.8694578
2016-06-02T00:00:00Z,792.37438372
2016-06-01T00:00:00Z,792.73368957
2016-05-31T00:00:00Z,792.51579561
2016-05-30T00:00:00Z,792.31167064
2016-05-29T00:00:00Z,791.98228822
2016-05-28T00:00:00Z,792.01358398
2016-05-27T00:00:00Z,791.84359203
2016-05-26T00:00:00Z,793.24765515
2016-05-25T00:00:00Z,792.81448525
2016-05-24T00:00:00Z,792.51659164
2016-05-23T00:00:00Z,792.02364479
2016-05-22T00:00:00Z,791.65816515
2016-05-21T00:00:00Z,791.20107369
2016-05-20T00:00:00Z,790.63552106
2016-05-19T00:00:00Z,790.58193851
2016-05-18T00:00:00Z,790.50234358
2016-05-17T00:00:00Z,790.26693149
2016-05-16T00:00:00Z,792.68864709
2016-05-15T00:00:00Z,792.38521506
2016-05-14T00:00:00Z,791.72363002
2016-05-13T00:00:00Z,791.48275296
2016-05-12T00:00:00Z,790.95011365
2016-05-11T00:00:00Z,790.49138583
2016-05-10T00:00:00Z,790.16944039
2016-05-09T00:00:00Z,789.94551916
2016-05-08T00:00:00Z,789.53196166
2016-05-07T00:00:00Z,788.95998171
2016-05-06T00:00:00Z,788.79992649
2016-05-05T00:00:00Z,788.41192805
2016-05-04T00:00:00Z,787.82947499
2016-05-03T00:00:00Z,787.45027318
2016-05-02T00:00:00Z,786.82269053
2016-05-01T00:00:00Z,786.23619674
2016-04-30T00:00:00Z,785.80246958
2016-04-29T00:00:00Z,785.22621384
2016-04-28T00:00:00Z,784.7957124
2016-04-27T00:00:00Z,784.42995027
2016-04-26T00:00:00Z,783.97719901
2016-04-25T00:00:00Z,783.61724132
2016-04-24T00:00:00Z,783.66742555
2016-04-23T00:00:00Z,783.26028134
2016-04-22T00:00:00Z,782.70952424
2016-04-21T00:00:00Z,782.32526083
2016-04-20T00:00:00Z,781.7933511
2016-04-19T00:00:00Z,781.41142625
2016-04-18T00:00:00Z,780.88185206
2016-04-17T00:00:00Z,780.33874774
2016-04-16T00:00:00Z,779.73866467
2016-04-15T00:00:00Z,779.281241
2016-04-14T00:00:00Z,778.73555708
2016-04-13T00:00:00Z,778.20256702
2016-04-12T00:00:00Z,777.68134139
2016-04-11T00:00:00Z,777.49575166
2016-04-10T00:00:00Z,777.1074196
2016-04-09T00:00:00Z,777.14260717
2016-04-08T00:00:00Z,776.53920118
2016-04-07T00:00:00Z,776.05509539
2016-04-06T00:00:00Z,776.71846295
2016-04-05T00:00:00Z,776.54015074
2016-04-04T00:00:00Z,776.14016324
2016-04-03T00:00:00Z,775.63467368
2016-04-02T00:00:00Z,775.20244311
2016-04-01T00:00:00Z,774.67398019
2016-03-31T00:00:00Z,774.31169653
2016-03-30T00:00:00Z,774.08323771
2016-03-29T00:00:00Z,773.7596605
2016-03-28T00:00:00Z,773.33774186
2016-03-27T00:00:00Z,773.03273638
2016-03-26T00:00:00Z,772.46936865
2016-03-25T00:00:00Z,772.14501715
2016-03-24T00:00:00Z,771.93955499
2016-03-23T00:00:00Z,771.49800897
2016-03-22T00:00:00Z,770.93026763
2016-03-21T00:00:00Z,770.72293019
2016-03-20T00:00:00Z,770.81153112
2016-03-19T00:00:00Z,770.25007659
2016-03-18T00:00:00Z,769.76295626
2016-03-17T00:00:00Z,769.39184227
2016-03-16T00:00:00Z,769.06190659
2016-03-15T00:00:00Z,768.79323386
2016-03-14T00:00:00Z,768.57155385
2016-03-13T00:00:00Z,768.48447687
2016-03-12T00:00:00Z,768.19744272
2016-03-11T00:00:00Z,767.81081022
2016-03-10T00:00:00Z,767.5073584
2016-03-09T00:00:00Z,767.5785524
2016-03-08T00:00:00Z,767.64339598
2016-03-07T00:00:00Z,767.49880272
2016-03-06T00:00:00Z,767.59264256
2016-03-05T00:00:00Z,767.37759023
2016-03-04T00:00:00Z,768.50236612
2016-03-03T00:00:00Z,768.3351881
2016-03-02T00:00:00Z,768.51392249
2016-03-01T00:00:00Z,768.37209199
2016-02-29T00:00:00Z,770.11362089
2016-02-28T00:00:00Z,770.17303879
2016-02-27T00:00:00Z,770.03938274
2016-02-26T00:00:00Z,769.48688672
2016-02-25T00:00:00Z,769.0394481
2016-02-24T00:00:00Z,768.89434669
2016-02-23T00:00:00Z,768.6812652
2016-02-22T00:00:00Z,768.18767316
2016-02-21T00:00:00Z,767.75484508
2016-02-20T00:00:00Z,767.2305573
2016-02-19T00:00:00Z,766.81305676
2016-02-18T00:00:00Z,766.64161684
2016-02-17T00:00:00Z,766.10230746
2016-02-16T00:00:00Z,765.86229894
2016-02-15T00:00:00Z,765.74697832
2016-02-14T00:00:00Z,765.81154097
2016-02-13T00:00:00Z,765.30053118
2016-02-12T00:00:00Z,764.8141709
2016-02-11T00:00:00Z,764.3806576
2016-02-10T00:00:00Z,764.39059946
2016-02-09T00:00:00Z,764.01873394
2016-02-08T00:00:00Z,763.73871582
2016-02-07T00:00:00Z,763.18118392
2016-02-06T00:00:00Z,762.70950685
2016-02-05T00:00:00Z,762.31066348
2016-02-04T00:00:00Z,761.94708309
2016-02-03T00:00:00Z,761.65205581
2016-02-02T00:00:00Z,761.13143529
2016-02-01T00:00:00Z,760.60863444
2016-01-31T00:00:00Z,760.73025335
2016-01-30T00:00:00Z,760.2837462
2016-01-29T00:00:00Z,760.12908071
2016-01-28T00:00:00Z,759.74099477
2016-01-27T00:00:00Z,759.57725191
2016-01-26T00:00:00Z,759.18334951
2016-01-25T00:00:00Z,759.06848072
2016-01-24T00:00:00Z,759.30118862
2016-01-23T00:00:00Z,758.88996199
2016-01-22T00:00:00Z,759.78961706
2016-01-21T00:00:00Z,761.72018783
2016-01-20T00:00:00Z,761.37194782
2016-01-19T00:00:00Z,760.96658859
2016-01-18T00:00:00Z,760.66344512
2016-01-17T00:00:00Z,760.15885183
2016-01-16T00:00:00Z,759.58938566
2016-01-15T00:00:00Z,759.30239377
2016-01-14T00:00:00Z,759.56044183
2016-01-13T00:00:00Z,758.89342592
2016-01-12T00:00:00Z,758.86712936
2016-01-11T00:00:00Z,758.36853164
2016-01-10T00:00:00Z,758.00410469
2016-01-09T00:00:00Z,757.96714653
2016-01-08T00:00:00Z,757.32607013
2016-01-07T00:00:00Z,757.40639879
2016-01-06T00:00:00Z,759.50078936
2016-01-05T00:00:00Z,758.94531893
2016-01-04T00:00:00Z,758.47159976
2016-01-03T00:00:00Z,757.93455172
2016-01-02T00:00:00Z,757.37430787
2016-01-01T00:00:00Z,756.68125489
2015-12-31T00:00:00Z,755.95347157
2015-12-30T00:00:00Z,755.3782041
2015-12-29T00:00:00Z,754.80775308
2015-12-28T00:00:00Z,754.19748127
2015-12-27T00:00:00Z,753.63474677
2015-12-26T00:00:00Z,753.10183121
2015-12-25T00:00:00Z,752.55990178
2015-12-24T00:00:00Z,752.61983771
2015-12-23T00:00:00Z,752.27456092
2015-12-22T00:00:00Z,751.88828241
2015-12-21T00:00:00Z,751.42181029
2015-12-20T00:00:00Z,751.02100505
2015-12-19T00:00:00Z,750.44651656
2015-12-18T00:00:00Z,750.60317072
2015-12-17T00:00:00Z,750.06147473
2015-12-16T00:00:00Z,749.54761385
2015-12-15T00:00:00Z,749.06454433
2015-12-14T00:00:00Z,748.76274375
2015-12-13T00:00:00Z,749.54748422
2015-12-12T00:00:00Z,749.13943318
2015-12-11T00:00:00Z,748.72993558
2015-12-10T00:00:00Z,748.5421243
2015-12-09T00:00:00Z,748.18582254
2015-12-08T00:00:00Z,748.66781788
2015-12-07T00:00:00Z,748.13744746
2015-12-06T00:00:00Z,747.68757713
2015-12-05T00:00:00Z,747.61122582
2015-12-04T00:00:00Z,747.27787022
2015-12-03T00:00:00Z,746.86144738
2015-12-02T00:00:00Z,746.39488039
2015-12-01T00:00:00Z,746.1585672
2015-11-30T00:00:00Z,745.73876097
2015-11-29T00:00:00Z,745.30349762
2015-11-28T00:00:00Z,744.63743455
2015-11-27T00:00:00Z,744.0135222
2015-11-26T00:00:00Z,743.81728987
2015-11-25T00:00:00Z,743.33269623
2015-11-24T00:00:00Z,742.71388095
2015-11-23T00:00:00Z,742.16540415
2015-11-22T00:00:00Z,741.56997306
2015-11-21T00:00:00Z,741.20113934
2015-11-20T00:00:00Z,740.63354128
2015-11-19T00:00:00Z,740.12271177
2015-11-18T00:00:00Z,739.66675
2015-11-17T00:00:00Z,739.06927353
2015-11-16T00:00:00Z,738.89113076
2015-11-15T00:00:00Z,738.38254357
2015-11-14T00:00:00Z,737.78951454
2015-11-13T00:00:00Z,737.33399257
2015-11-12T00:00:00Z,737.64379273
2015-11-11T00:00:00Z,737.15080067
2015-11-10T00:00:00Z,736.98376595
2015-11-09T00:00:00Z,737.04113487
2015-11-08T00:00:00Z,737.54592346
2015-11-07T00:00:00Z,737.15232432
2015-11-06T00:00:00Z,738.16219546
2015-11-05T00:00:00Z,737.71913506
2015-11-04T00:00:00Z,737.8121423
2015-11-03T00:00:00Z,738.7325386
2015-11-02T00:00:00Z,739.64533462
2015-11-01T00:00:00Z,739.26015225
2015-10-31T00:00:00Z,739.39120742
2015-10-30T00:00:00Z,739.61021647
2015-10-29T00:00:00Z,739.82948812
2015-10-28T00:00:00Z,739.62690586
2015-10-27T00:00:00Z,741.58433069
2015-10-26T00:00:00Z,741.15748751
2015-10-25T00:00:00Z,740.62202497
2015-10-24T00:00:00Z,740.13984504
2015-10-23T00:00:00Z,739.46751819
2015-10-22T00:00:00Z,738.90380792
2015-10-21T00:00:00Z,738.49178364
2015-10-20T00:00:00Z,738.03708304
2015-10-19T00:00:00Z,737.61844409
2015-10-18T00:00:00Z,737.18602381
2015-10-17T00:00:00Z,736.53736404
2015-10-16T00:00:00Z,735.99216588
2015-10-15T00:00:00Z,735.44678955
2015-10-14T00:00:00Z,735.01736
2015-10-13T00:00:00Z,734.8998145
2015-10-12T00:00:00Z,734.42614635
2015-10-11T00:00:00Z,734.28683136
2015-10-10T00:00:00Z,733.63148569
2015-10-09T00:00:00Z,733.03842298
2015-10-08T00:00:00Z,732.37472013
2015-10-07T00:00:00Z,731.8917083
2015-10-06T00:00:00Z,731.98123492
2015-10-05T00:00:00Z,731.42177686
2015-10-04T00:00:00Z,730.87524423
2015-10-03T00:00:00Z,730.25095716
2015-10-02T00:00:00Z,729.64869717
2015-10-01T00:00:00Z,728.97540029
2015-09-30T00:00:00Z,728.51289129
2015-09-29T00:00:00Z,728.00825271
2015-09-28T00:00:00Z,727.39483575
2015-09-27T00:00:00Z,726.95957974
2015-09-26T00:00:00Z,726.22696846
2015-09-25T00:00:00Z,725.59420237
2015-09-24T00:00:00Z,725.01349305
2015-09-23T00:00:00Z,724.33850608
2015-09-22T00:00:00Z,724.11580628
2015-09-21T00:00:00Z,723.58642566
2015-09-20T00:00:00Z,723.56355849
2015-09-19T00:00:00Z,722.88578412
2015-09-18T00:00:00Z,722.19125791
2015-09-17T00:00:00Z,721.53831797
2015-09-16T00:00:00Z,720.87887196
2015-09-15T00:00:00Z,720.31193746
2015-09-14T00:00:00Z,719.79873192
2015-09-13T00:00:00Z,719.14350396
2015-09-12T00:00:00Z,718.43570437
2015-09-11T00:00:00Z,717.70343725
2015-09-10T00:00:00Z,717.06339889
2015-09-09T00:00:00Z,717.2079941
2015-09-08T00:00:00Z,716.93230055
2015-09-07T00:00:00Z,716.35991255
2015-09-06T00:00:00Z,715.6911156
2015-09-05T00:00:00Z,715.1283308
2015-09-04T00:00:00Z,714.49009064
2015-09-03T00:00:00Z,713.86533496
2015-09-02T00:00:00Z,713.52201244
2015-09-01T00:00:00Z,713.11549077
2015-08-31T00:00:00Z,712.63774235
2015-08-30T00:00:00Z,712.09312046
2015-08-29T00:00:00Z,711.6191332
2015-08-28T00:00:00Z,711.0717767
2015-08-27T00:00:00Z,710.52491187
2015-08-26T00:00:00Z,710.15955558
2015-08-25T00:00:00Z,710.52681573
2015-08-24T00:00:00Z,711.65538101
2015-08-23T00:00:00Z,712.34944472
2015-08-22T00:00:00Z,712.20835139
2015-08-21T00:00:00Z,711.7486712
2015-08-20T00:00:00Z,711.24265633
2015-08-19T00:00:00Z,710.80969931
2015-08-18T00:00:00Z,710.63575809
2015-08-17T00:00:00Z,710.10875234
2015-08-16T00:00:00Z,709.63274795
2015-08-15T00:00:00Z,709.11976052
2015-08-14T00:00:00Z,708.53984455
2015-08-13T00:00:00Z,708.19652781
2015-08-12T00:00:00Z,707.6559064
2015-08-11T00:00:00Z,707.02786072
2015-08-10T00:00:00Z,706.53118573
2015-08-09T00:00:00Z,705.90984501
2015-08-08T00:00:00Z,708.24289285
2015-08-07T00:00:00Z,707.9645845
2015-08-06T00:00:00Z,707.34056212
2015-08-05T00:00:00Z,706.71511276
2015-08-04T00:00:00Z,706.10072106
2015-08-03T00:00:00Z,705.58187619
2015-08-02T00:00:00Z,704.99347071
2015-08-01T00:00:00Z,704.32566902
2015-07-31T00:00:00Z,703.6267231
2015-07-30T00:00:00Z,703.12247886
2015-07-29T00:00:00Z,702.54918234
2015-07-28T00:00:00Z,701.98215658
2015-07-27T00:00:00Z,701.41457803
2015-07-26T00:00:00Z,700.87160905
2015-07-25T00:00:00Z,700.24351409
2015-07-24T00:00:00Z,699.77607853
2015-07-23T00:00:00Z,699.17780841
2015-07-22T00:00:00Z,698.52567487
2015-07-21T00:00:00Z,697.87730063
2015-07-20T00:00:00Z,697.30614884
2015-07-19T00:00:00Z,696.99239833
2015-07-18T00:00:00Z,696.31256639
2015-07-17T00:00:00Z,695.66525996
2015-07-16T00:00:00Z,695.42405189
2015-07-15T00:00:00Z,694.86666101
2015-07-14T00:00:00Z,694.28332719
2015-07-13T00:00:00Z,693.68703375
2015-07-12T00:00:00Z,693.10212799
2015-07-11T00:00:00Z,692.9062517
2015-07-10T00:00:00Z,692.49786699
2015-07-09T00:00:00Z,692.2142753
2015-07-08T00:00:00Z,691.9008415
2015-07-07T00:00:00Z,692.00080827
2015-07-06T00:00:00Z,691.77276064
2015-07-05T00:00:00Z,691.66154462
2015-07-04T00:00:00Z,691.20667988
2015-07-03T00:00:00Z,690.49332551
2015-07-02T00:00:00Z,690.21959725
2015-07-01T00:00:00Z,689.71596803
2015-06-30T00:00:00Z,689.11412591
2015-06-29T00:00:00Z,688.6801777
2015-06-28T00:00:00Z,688.16552122
2015-06-27T00:00:00Z,687.46602991
2015-06-26T00:00:00Z,686.83545465
2015-06-25T00:00:00Z,686.24824776
2015-06-24T00:00:00Z,685.65694781
2015-06-23T00:00:00Z,685.12255426
2015-06-22T00:00:00Z,684.5968269
2015-06-21T00:00:00Z,683.98557941
2015-06-20T00:00:00Z,683.52132014
2015-06-19T00:00:00Z,683.46030881
2015-06-18T00:00:00Z,683.27663024
2015-06-17T00:00:00Z,682.67812854
2015-06-16T00:00:00Z,682.42424754
2015-06-15T00:00:00Z,682.08286947
2015-06-14T00:00:00Z,681.47952333
2015-06-13T00:00:00Z,680.91242103
2015-06-12T00:00:00Z,680.33934768
2015-06-11T00:00:00Z,680.08162012
2015-06-10T00:00:00Z,679.54187061
2015-06-09T00:00:00Z,679.09202003
2015-06-08T00:00:00Z,678.42870445
2015-06-07T00:00:00Z,677.8148356
2015-06-06T00:00:00Z,677.24253723
2015-06-05T00:00:00Z,676.53302356
2015-06-04T00:00:00Z,675.85447866
2015-06-03T00:00:00Z,675.26043936
2015-06-02T00:00:00Z,674.67421614
2015-06-01T00:00:00Z,674.16764533
2015-05-31T00:00:00Z,673.7908587
2015-05-30T00:00:00Z,673.191887
2015-05-29T00:00:00Z,673.34141276
2015-05-28T00:00:00Z,672.79999059
2015-05-27T00:00:00Z,672.29949218
2015-05-26T00:00:00Z,671.76736629
2015-05-25T00:00:00Z,671.1462186
2015-05-24T00:00:00Z,670.56071715
2015-05-23T00:00:00Z,669.82894059
2015-05-22T00:00:00Z,669.13538849
2015-05-21T00:00:00Z,668.89363424
2015-05-20T00:00:00Z,668.20106039
2015-05-19T00:00:00Z,667.57846857
2015-05-18T00:00:00Z,667.04053122
2015-05-17T00:00:00Z,666.41343706
2015-05-16T00:00:00Z,665.71578409
2015-05-15T00:00:00Z,664.9954775
2015-05-14T00:00:00Z,664.35710803
2015-05-13T00:00:00Z,663.78531936
2015-05-12T00:00:00Z,663.15503678
2015-05-11T00:00:00Z,662.59808141
2015-05-10T00:00:00Z,662.25096465
2015-05-09T00:00:00Z,661.52355007
2015-05-08T00:00:00Z,660.84271629
2015-05-07T00:00:00Z,660.21286381
2015-05-06T00:00:00Z,659.54029006
2015-05-05T00:00:00Z,658.91278623
2015-05-04T00:00:00Z,658.32145881
2015-05-03T00:00:00Z,657.66397459
2015-05-02T00:00:00Z,657.11089308
2015-05-01T00:00:00Z,656.36537633
2015-04-30T00:00:00Z,655.70238912
2015-04-29T00:00:00Z,655.00612942
2015-04-28T00:00:00Z,654.34315882
2015-04-27T00:00:00Z,653.76781376
2015-04-26T00:00:00Z,653.28717613
2015-04-25T00:00:00Z,652.60555267
2015-04-24T00:00:00Z,652.04579614
2015-04-23T00:00:00Z,651.35173052
2015-04-22T00:00:00Z,654.3167284
2015-04-21T00:00:00Z,653.67035662
2015-04-20T00:00:00Z,653.1779175
2015-04-19T00:00:00Z,652.55253252
2015-04-18T00:00:00Z,651.79782868
2015-04-17T00:00:00Z,651.0435037
2015-04-16T00:00:00Z,650.37348848
2015-04-15T00:00:00Z,649.69236318
2015-04-14T00:00:00Z,649.96385121
2015-04-13T00:00:00Z,649.35023774
2015-04-12T00:00:00Z,648.8513182
2015-04-11T00:00:00Z,648.24321616
2015-04-10T00:00:00Z,647.50366797
2015-04-09T00:00:00Z,647.4891211
2015-04-08T00:00:00Z,646.96646968
2015-04-07T00:00:00Z,646.39249573
2015-04-06T00:00:00Z,645.74633809
2015-04-05T00:00:00Z,645.05936865
2015-04-04T00:00:00Z,644.3551865
2015-04-03T00:00:00Z,643.66105395
2015-04-02T00:00:00Z,643.06460973
2015-04-01T00:00:00Z,643.23716645
2015-03-31T00:00:00Z,643.10264313
2015-03-30T00:00:00Z,642.434851
2015-03-29T00:00:00Z,641.79823061
2015-03-28T00:00:00Z,641.05738294
2015-03-27T00:00:00Z,640.38394497
2015-03-26T00:00:00Z,639.86134564
2015-03-25T00:00:00Z,639.24470385
2015-03-24T00:00:00Z,638.7855112
2015-03-23T00:00:00Z,638.19010624
2015-03-22T00:00:00Z,637.58595206
2015-03-21T00:00:00Z,636.87305942
2015-03-20T00:00:00Z,636.33563393
2015-03-19T00:00:00Z,635.67230269
2015-03-18T00:00:00Z,635.18071717
2015-03-17T00:00:00Z,634.79588801
2015-03-16T00:00:00Z,634.13982218
2015-03-15T00:00:00Z,633.70732021
2015-03-14T00:00:00Z,633.01222361
2015-03-13T00:00:00Z,632.27925515
2015-03-12T00:00:00Z,631.96962021
2015-03-11T00:00:00Z,631.89455715
2015-03-10T00:00:00Z,631.47143557
2015-03-09T00:00:00Z,632.41789465
2015-03-08T00:00:00Z,632.42290118
2015-03-07T00:00:00Z,632.26089818
2015-03-06T00:00:00Z,632.3774306
2015-03-05T00:00:00Z,632.13434381
2015-03-04T00:00:00Z,632.06398462
2015-03-03T00:00:00Z,631.89958302
2015-03-02T00:00:00Z,632.00431528
2015-03-01T00:00:00Z,631.44434794
2015-02-28T00:00:00Z,631.92277186
2015-02-27T00:00:00Z,631.56884217
2015-02-26T00:00:00Z,631.01494628
2015-02-25T00:00:00Z,630.32825999
2015-02-24T00:00:00Z,630.07641856
2015-02-23T00:00:00Z,629.42561095
2015-02-22T00:00:00Z,628.91584399
2015-02-21T00:00:00Z,628.206958
2015-02-20T00:00:00Z,627.46685042
2015-02-19T00:00:00Z,628.70022539
2015-02-18T00:00:00Z,628.61250623
2015-02-17T00:00:00Z,627.92992958
2015-02-16T00:00:00Z,627.27595861
2015-02-15T00:00:00Z,626.65198821
2015-02-14T00:00:00Z,626.0358553
2015-02-13T00:00:00Z,625.46346547
2015-02-12T00:00:00Z,624.93189291
2015-02-11T00:00:00Z,624.28490796
2015-02-10T00:00:00Z,623.71494832
2015-02-09T00:00:00Z,623.05148645
2015-02-08T00:00:00Z,622.54386195
2015-02-07T00:00:00Z,621.80873807
2015-02-06T00:00:00Z,621.13351499
2015-02-05T00:00:00Z,620.50475031
2015-02-04T00:00:00Z,619.88836058
2015-02-03T00:00:00Z,619.56569066
2015-02-02T00:00:00Z,619.02041052
2015-02-01T00:00:00Z,618.50390469
2015-01-31T00:00:00Z,617.81777859
2015-01-30T00:00:00Z,617.24258292
2015-01-29T00:00:00Z,616.57483757
2015-01-28T00:00:00Z,616.02367242
2015-01-27T00:00:00Z,615.4964163
2015-01-26T00:00:00Z,614.88848354
2015-01-25T00:00:00Z,615.38773737
2015-01-24T00:00:00Z,614.63077425
2015-01-23T00:00:00Z,614.04442298
2015-01-22T00:00:00Z,613.30702104
2015-01-21T00:00:00Z,612.63152352
2015-01-20T00:00:00Z,612.95226458
2015-01-19T00:00:00Z,612.27930226
2015-01-18T00:00:00Z,611.57445985
2015-01-17T00:00:00Z,611.02079939
2015-01-16T00:00:00Z,610.34008081
2015-01-15T00:00:00Z,609.83599308
2015-01-14T00:00:00Z,609.87038264
2015-01-13T00:00:00Z,610.10840742
2015-01-12T00:00:00Z,610.21256984
2015-01-11T00:00:00Z,609.66900845
2015-01-10T00:00:00Z,609.31019527
2015-01-09T00:00:00Z,608.76326637
2015-01-08T00:00:00Z,608.42059866
2015-01-07T00:00:00Z,608.44892042
2015-01-06T00:00:00Z,608.09116283
2015-01-05T00:00:00Z,608.62097977
2015-01-04T00:00:00Z,608.22028102
2015-01-03T00:00:00Z,607.89339686
2015-01-02T00:00:00Z,607.45550932
2015-01-01T00:00:00Z,606.81141896
2014-12-31T00:00:00Z,606.07202366
2014-12-30T00:00:00Z,605.87036396
2014-12-29T00:00:00Z,607.45278151
2014-12-28T00:00:00Z,606.98906163
2014-12-27T00:00:00Z,606.24798535
2014-12-26T00:00:00Z,605.51602007
2014-12-25T00:00:00Z,604.81465013
2014-12-24T00:00:00Z,604.09396565
2014-12-23T00:00:00Z,605.24798088
2014-12-22T00:00:00Z,604.71563872
2014-12-21T00:00:00Z,604.13534896
2014-12-20T00:00:00Z,603.70652104
2014-12-19T00:00:00Z,603.07845868
2014-12-18T00:00:00Z,602.52992414
2014-12-17T00:00:00Z,602.0294958
2014-12-16T00:00:00Z,601.42024607
2014-12-15T00:00:00Z,600.80716556
2014-12-14T00:00:00Z,600.2112511
2014-12-13T00:00:00Z,599.50847218
2014-12-12T00:00:00Z,598.82380832
2014-12-11T00:00:00Z,598.201574
2014-12-10T00:00:00Z,597.63817118
2014-12-09T00:00:00Z,597.17333255
2014-12-08T00:00:00Z,598.07559048
2014-12-07T00:00:00Z,599.4071653
2014-12-06T00:00:00Z,598.85122794
2014-12-05T00:00:00Z,598.13901325
2014-12-04T00:00:00Z,597.49892142
2014-12-03T00:00:00Z,598.00506001
2014-12-02T00:00:00Z,597.41036536
2014-12-01T00:00:00Z,597.06498351
2014-11-30T00:00:00Z,596.58441934
2014-11-29T00:00:00Z,595.94599992
2014-11-28T00:00:00Z,595.35018891
2014-11-27T00:00:00Z,598.44726337
2014-11-26T00:00:00Z,597.74043245
2014-11-25T00:00:00Z,597.20991121
2014-11-24T00:00:00Z,596.59999197
2014-11-23T00:00:00Z,595.96593965
2014-11-22T00:00:00Z,595.21139217
2014-11-21T00:00:00Z,594.49304735
2014-11-20T00:00:00Z,593.81369523
2014-11-19T00:00:00Z,593.34859705
2014-11-18T00:00:00Z,592.90119326
2014-11-17T00:00:00Z,592.30147479
2014-11-16T00:00:00Z,591.74915121
2014-11-15T00:00:00Z,591.05814788
2014-11-14T00:00:00Z,590.35350085
2014-11-13T00:00:00Z,589.86301172
2014-11-12T00:00:00Z,589.64529329
2014-11-11T00:00:00Z,589.21597003
2014-11-10T00:00:00Z,588.64784383
2014-11-09T00:00:00Z,588.07729115
2014-11-08T00:00:00Z,587.67181751
2014-11-07T00:00:00Z,587.26158726
2014-11-06T00:00:00Z,586.65488683
2014-11-05T00:00:00Z,587.05850172
2014-11-04T00:00:00Z,586.49734015
2014-11-03T00:00:00Z,586.07253335
2014-11-02T00:00:00Z,585.46863486
2014-11-01T00:00:00Z,584.79742725
2014-10-31T00:00:00Z,584.31344981
2014-10-30T00:00:00Z,583.8265722
2014-10-29T00:00:00Z,583.25161796
2014-10-28T00:00:00Z,582.69585003
2014-10-27T00:00:00Z,582.06409421
2014-10-26T00:00:00Z,581.49068146
2014-10-25T00:00:00Z,580.72448914
2014-10-24T00:00:00Z,580.04667236
2014-10-23T00:00:00Z,579.71313249
2014-10-22T00:00:00Z,579.24822328
2014-10-21T00:00:00Z,578.79345332
2014-10-20T00:00:00Z,578.08600362
2014-10-19T00:00:00Z,577.37754929
2014-10-18T00:00:00Z,576.70795814
2014-10-17T00:00:00Z,575.99685342
2014-10-16T00:00:00Z,575.48582224
2014-10-15T00:00:00Z,574.88749942
2014-10-14T00:00:00Z,574.64992686
2014-10-13T00:00:00Z,574.09935329
2014-10-12T00:00:00Z,573.71363256
2014-10-11T00:00:00Z,573.35030194
2014-10-10T00:00:00Z,572.61410167
2014-10-09T00:00:00Z,572.40108194
2014-10-08T00:00:00Z,571.85493144
2014-10-07T00:00:00Z,571.57375709
2014-10-06T00:00:00Z,571.12914275
2014-10-05T00:00:00Z,571.23177764
2014-10-04T00:00:00Z,572.15891965
2014-10-03T00:00:00Z,571.82113313
2014-10-02T00:00:00Z,571.62082416
2014-10-01T00:00:00Z,571.07854375
2014-09-30T00:00:00Z,570.54482363
2014-09-29T00:00:00Z,570.08916095
2014-09-28T00:00:00Z,569.8654982
2014-09-27T00:00:00Z,569.38231334
2014-09-26T00:00:00Z,568.65295764
2014-09-25T00:00:00Z,568.18731631
2014-09-24T00:00:00Z,567.57244268
2014-09-23T00:00:00Z,566.92085821
2014-09-22T00:00:00Z,566.40048052
2014-09-21T00:00:00Z,565.7222581
2014-09-20T00:00:00Z,565.22019354
2014-09-19T00:00:00Z,565.4577417
2014-09-18T00:00:00Z,565.05994552
2014-09-17T00:00:00Z,564.73927036
2014-09-16T00:00:00Z,564.25198502
2014-09-15T00:00:00Z,563.61762203
2014-09-14T00:00:00Z,563.20378144
2014-09-13T00:00:00Z,562.51234809
2014-09-12T00:00:00Z,561.8424899
2014-09-11T00:00:00Z,561.30183544
2014-09-10T00:00:00Z,560.7557824
2014-09-09T00:00:00Z,560.29285281
2014-09-08T00:00:00Z,560.21282955
2014-09-07T00:00:00Z,559.52722894
2014-09-06T00:00:00Z,558.99243042
2014-09-05T00:00:00Z,558.87847045
2014-09-04T00:00:00Z,558.47627535
2014-09-03T00:00:00Z,558.0228435
2014-09-02T00:00:00Z,557.46670156
2014-09-01T00:00:00Z,556.91958145
2014-08-31T00:00:00Z,556.51466962
2014-08-30T00:00:00Z,555.97895329
2014-08-29T00:00:00Z,555.36913088
2014-08-28T00:00:00Z,555.30459052
2014-08-27T00:00:00Z,555.38735472
2014-08-26T00:00:00Z,554.75770121
2014-08-25T00:00:00Z,554.21779852
2014-08-24T00:00:00Z,553.85744658
2014-08-23T00:00:00Z,553.15015936
2014-08-22T00:00:00Z,552.95863013
2014-08-21T00:00:00Z,552.47389194
2014-08-20T00:00:00Z,552.2617691
2014-08-19T00:00:00Z,551.65421957
2014-08-18T00:00:00Z,551.09743308
2014-08-17T00:00:00Z,550.77587105
2014-08-16T00:00:00Z,550.20260566
2014-08-15T00:00:00Z,549.58101716
2014-08-14T00:00:00Z,549.07549491
2014-08-13T00:00:00Z,548.54125428
2014-08-12T00:00:00Z,548.02483787
2014-08-11T00:00:00Z,547.45708622
2014-08-10T00:00:00Z,546.8362304
2014-08-09T00:00:00Z,546.18886212
2014-08-08T00:00:00Z,545.57699382
2014-08-07T00:00:00Z,544.90648615
2014-08-06T00:00:00Z,544.38660344
2014-08-05T00:00:00Z,543.84825391
2014-08-04T00:00:00Z,544.98303631
2014-08-03T00:00:00Z,544.65158689
2014-08-02T00:00:00Z,543.97358209
2014-08-01T00:00:00Z,543.36063047
2014-07-31T00:00:00Z,543.11693016
2014-07-30T00:00:00Z,542.52727275
2014-07-29T00:00:00Z,542.0306838
2014-07-28T00:00:00Z,541.48231096
2014-07-27T00:00:00Z,541.01494515
2014-07-26T00:00:00Z,540.3724562
2014-07-25T00:00:00Z,539.66954563
2014-07-24T00:00:00Z,539.05812734
2014-07-23T00:00:00Z,538.55125113
2014-07-22T00:00:00Z,538.25933631
2014-07-21T00:00:00Z,537.62832091
2014-07-20T00:00:00Z,537.22889981
2014-07-19T00:00:00Z,536.60027288
2014-07-18T00:00:00Z,536.08680677
2014-07-17T00:00:00Z,535.49458379
2014-07-16T00:00:00Z,534.92418239
2014-07-15T00:00:00Z,534.21391378
2014-07-14T00:00:00Z,533.54975547
2014-07-13T00:00:00Z,532.84660383
2014-07-12T00:00:00Z,532.11140208
2014-07-11T00:00:00Z,531.43713496
2014-07-10T00:00:00Z,530.70743664
2014-07-09T00:00:00Z,530.09737449
2014-07-08T00:00:00Z,529.76327862
2014-07-07T00:00:00Z,528.99975463
2014-07-06T00:00:00Z,528.34841763
2014-07-05T00:00:00Z,527.61655548
2014-07-04T00:00:00Z,526.92969361
2014-07-03T00:00:00Z,526.25080873
2014-07-02T00:00:00Z,525.81716197
2014-07-01T00:00:00Z,525.41106421
2014-06-30T00:00:00Z,524.9162588
2014-06-29T00:00:00Z,524.43845962
2014-06-28T00:00:00Z,524.69721977
2014-06-27T00:00:00Z,523.96643327
2014-06-26T00:00:00Z,523.34780115
2014-06-25T00:00:00Z,522.84379671
2014-06-24T00:00:00Z,522.17525521
2014-06-23T00:00:00Z,521.9594509
2014-06-22T00:00:00Z,521.47216914
2014-06-21T00:00:00Z,520.83113563
2014-06-20T00:00:00Z,520.14590549
2014-06-19T00:00:00Z,519.5060257
2014-06-18T00:00:00Z,518.88591
2014-06-17T00:00:00Z,518.2377275
2014-06-16T00:00:00Z,517.58660529
2014-06-15T00:00:00Z,517.04551708
2014-06-14T00:00:00Z,516.34442784
2014-06-13T00:00:00Z,515.64382856
2014-06-12T00:00:00Z,515.14514347
2014-06-11T00:00:00Z,518.249961
2014-06-10T00:00:00Z,518.40792732
2014-06-09T00:00:00Z,518.43404191
2014-06-08T00:00:00Z,518.05687381
2014-06-07T00:00:00Z,517.38335116
2014-06-06T00:00:00Z,516.70568962
2014-06-05T00:00:00Z,516.11191629
2014-06-04T00:00:00Z,515.50237359
2014-06-03T00:00:00Z,514.99142799
2014-06-02T00:00:00Z,514.45230866
2014-06-01T00:00:00Z,513.9856818
2014-05-31T00:00:00Z,513.51227714
2014-05-30T00:00:00Z,513.11383971
2014-05-29T00:00:00Z,512.70358314
2014-05-28T00:00:00Z,512.03041226
2014-05-27T00:00:00Z,511.44953308
2014-05-26T00:00:00Z,512.87223102
2014-05-25T00:00:00Z,512.35631431
2014-05-24T00:00:00Z,512.03789537
2014-05-23T00:00:00Z,512.09727236
2014-05-22T00:00:00Z,511.48162285
2014-05-21T00:00:00Z,510.89492356
2014-05-20T00:00:00Z,510.31418401
2014-05-19T00:00:00Z,509.74297648
2014-05-18T00:00:00Z,509.10540538
2014-05-17T00:00:00Z,508.43830098
2014-05-16T00:00:00Z,507.69942422
2014-05-15T00:00:00Z,507.00857319
2014-05-14T00:00:00Z,506.35372383
2014-05-13T00:00:00Z,506.0862318
2014-05-12T00:00:00Z,505.36167188
2014-05-11T00:00:00Z,504.62868184
2014-05-10T00:00:00Z,503.93829668
2014-05-09T00:00:00Z,503.23782078
2014-05-08T00:00:00Z,502.51672593
2014-05-07T00:00:00Z,501.8502685
2014-05-06T00:00:00Z,501.23426636
2014-05-05T00:00:00Z,500.5806974
2014-05-04T00:00:00Z,499.95918517
2014-05-03T00:00:00Z,499.20234738
2014-05-02T00:00:00Z,498.43367141
2014-05-01T00:00:00Z,497.76556206
2014-04-30T00:00:00Z,497.09745096
2014-04-29T00:00:00Z,496.38391182
2014-04-28T00:00:00Z,495.84221684
2014-04-27T00:00:00Z,495.21472573
2014-04-26T00:00:00Z,494.51914946
2014-04-25T00:00:00Z,493.78770789
2014-04-24T00:00:00Z,493.14985411
2014-04-23T00:00:00Z,492.52761922
2014-04-22T00:00:00Z,492.15148358
2014-04-21T00:00:00Z,491.52971547
2014-04-20T00:00:00Z,490.87034636
2014-04-19T00:00:00Z,490.2594832
2014-04-18T00:00:00Z,489.49317989
2014-04-17T00:00:00Z,488.85593482
2014-04-16T00:00:00Z,488.48046778
2014-04-15T00:00:00Z,489.03873992
2014-04-14T00:00:00Z,488.52067651
2014-04-13T00:00:00Z,487.94780116
2014-04-12T00:00:00Z,487.24659193
2014-04-11T00:00:00Z,486.49502243
2014-04-10T00:00:00Z,486.06782411
2014-04-09T00:00:00Z,485.86021092
2014-04-08T00:00:00Z,485.79454912
2014-04-07T00:00:00Z,485.04491518
2014-04-06T00:00:00Z,484.34176931
2014-04-05T00:00:00Z,484.11395572
2014-04-04T00:00:00Z,484.17677384
2014-04-03T00:00:00Z,483.49154533
2014-04-02T00:00:00Z,483.77181581
2014-04-01T00:00:00Z,483.16834832
2014-03-31T00:00:00Z,482.54124189
2014-03-30T00:00:00Z,482.01277194
2014-03-29T00:00:00Z,481.47997296
2014-03-28T00:00:00Z,480.85144316
2014-03-27T00:00:00Z,480.49667858
2014-03-26T00:00:00Z,480.14122246
2014-03-25T00:00:00Z,479.52777224
2014-03-24T00:00:00Z,479.021095
2014-03-23T00:00:00Z,478.49187977
2014-03-22T00:00:00Z,477.84406961
2014-03-21T00:00:00Z,477.4240141
2014-03-20T00:00:00Z,477.777736
2014-03-19T00:00:00Z,477.47486468
2014-03-18T00:00:00Z,477.13019148
2014-03-17T00:00:00Z,476.73790034
2014-03-16T00:00:00Z,476.12351152
2014-03-15T00:00:00Z,475.46401012
2014-03-14T00:00:00Z,474.77897086
2014-03-13T00:00:00Z,474.08840109
2014-03-12T00:00:00Z,473.55352943
2014-03-11T00:00:00Z,473.29780367
2014-03-10T00:00:00Z,472.93933029
2014-03-09T00:00:00Z,473.30749569
2014-03-08T00:00:00Z,480.69682249
2014-03-07T00:00:00Z,480.14956231
2014-03-06T00:00:00Z,493.161514
2014-03-05T00:00:00Z,492.64337095
2014-03-04T00:00:00Z,492.36233087
2014-03-03T00:00:00Z,491.91193097
2014-03-02T00:00:00Z,491.64964865
2014-03-01T00:00:00Z,491.20209694
2014-02-28T00:00:00Z,491.32045111
2014-02-27T00:00:00Z,491.39234405
2014-02-26T00:00:00Z,490.83442582
2014-02-25T00:00:00Z,490.23473447
2014-02-24T00:00:00Z,490.45817995
2014-02-23T00:00:00Z,490.18197442
2014-02-22T00:00:00Z,489.61733834
2014-02-21T00:00:00Z,488.89395037
2014-02-20T00:00:00Z,488.33522269
2014-02-19T00:00:00Z,488.00542153
2014-02-18T00:00:00Z,487.40363211
2014-02-17T00:00:00Z,487.25905495
2014-02-16T00:00:00Z,486.59149771
2014-02-15T00:00:00Z,486.12221154
2014-02-14T00:00:00Z,485.5049769
2014-02-13T00:00:00Z,485.02763954
2014-02-12T00:00:00Z,484.44470021
2014-02-11T00:00:00Z,484.07402734
2014-02-10T00:00:00Z,483.63614068
2014-02-09T00:00:00Z,483.23530568
2014-02-08T00:00:00Z,482.65606774
2014-02-07T00:00:00Z,482.07059928
2014-02-06T00:00:00Z,481.66726458
2014-02-05T00:00:00Z,481.54654674
2014-02-04T00:00:00Z,492.33000555
2014-02-03T00:00:00Z,491.84028857
2014-02-02T00:00:00Z,491.17890098
2014-02-01T00:00:00Z,490.56219539
2014-01-31T00:00:00Z,490.13389099
2014-01-30T00:00:00Z,489.46768762
2014-01-29T00:00:00Z,488.96263148
2014-01-28T00:00:00Z,488.4696717
2014-01-27T00:00:00Z,487.84921511
2014-01-26T00:00:00Z,487.43383047
2014-01-25T00:00:00Z,486.72976934
2014-01-24T00:00:00Z,486.1938842
2014-01-23T00:00:00Z,485.81516388
2014-01-22T00:00:00Z,485.1713855
2014-01-21T00:00:00Z,484.80713662
2014-01-20T00:00:00Z,484.25473945
2014-01-19T00:00:00Z,483.73032042
2014-01-18T00:00:00Z,483.34474223
2014-01-17T00:00:00Z,482.68362793
2014-01-16T00:00:00Z,482.05361468
2014-01-15T00:00:00Z,481.65267832
2014-01-14T00:00:00Z,481.23910763
2014-01-13T00:00:00Z,481.05720209
2014-01-12T00:00:00Z,480.49322853
2014-01-11T00:00:00Z,480.13635234
2014-01-10T00:00:00Z,480.50558714
2014-01-09T00:00:00Z,479.88751871
2014-01-08T00:00:00Z,479.31245632
2014-01-07T00:00:00Z,479.13482504
2014-01-06T00:00:00Z,478.6612393
2014-01-05T00:00:00Z,478.16319198
2014-01-04T00:00:00Z,477.98912097
2014-01-03T00:00:00Z,478.10410587
2014-01-02T00:00:00Z,477.60251393
2014-01-01T00:00:00Z,477.06321134
2013-12-31T00:00:00Z,476.42273371
2013-12-30T00:00:00Z,475.81008653
2013-12-29T00:00:00Z,475.16217766
2013-12-28T00:00:00Z,474.54866604
2013-12-27T00:00:00Z,473.77912481
2013-12-26T00:00:00Z,473.81100661
2013-12-25T00:00:00Z,473.21424976
2013-12-24T00:00:00Z,474.70731293
2013-12-23T00:00:00Z,474.37984002
2013-12-22T00:00:00Z,473.80078704
2013-12-21T00:00:00Z,473.26096892
2013-12-20T00:00:00Z,482.78945726
2013-12-19T00:00:00Z,482.95584716
2013-12-18T00:00:00Z,482.58102464
2013-12-17T00:00:00Z,483.41798407
2013-12-16T00:00:00Z,483.05628283
2013-12-15T00:00:00Z,483.42633412
2013-12-14T00:00:00Z,483.07754639
2013-12-13T00:00:00Z,482.70107809
2013-12-12T00:00:00Z,482.34094591
2013-12-11T00:00:00Z,481.77891395
2013-12-10T00:00:00Z,481.56651687
2013-12-09T00:00:00Z,481.14296821
2013-12-08T00:00:00Z,480.62630303
2013-12-07T00:00:00Z,480.09029806
2013-12-06T00:00:00Z,480.05924275
2013-12-05T00:00:00Z,479.92154351
2013-12-04T00:00:00Z,479.82512514
2013-12-03T00:00:00Z,479.56697354
2013-12-02T00:00:00Z,479.43137307
2013-12-01T00:00:00Z,479.52467113
2013-11-30T00:00:00Z,479.4842952
2013-11-29T00:00:00Z,479.37984423
2013-11-28T00:00:00Z,479.97548894
2013-11-27T00:00:00Z,481.0696108
2013-11-26T00:00:00Z,482.4174365
2013-11-25T00:00:00Z,485.39790976
2013-11-24T00:00:00Z,487.94052256
2013-11-23T00:00:00Z,487.89573371
2013-11-22T00:00:00Z,488.35819767
2013-11-21T00:00:00Z,488.83932076
2013-11-20T00:00:00Z,488.86590673
2013-11-19T00:00:00Z,490.10094233
2013-11-18T00:00:00Z,491.3517044
2013-11-17T00:00:00Z,492.36415792
2013-11-16T00:00:00Z,493.12757691
2013-11-15T00:00:00Z,493.37440434
2013-11-14T00:00:00Z,493.85352511
2013-11-13T00:00:00Z,494.96067645
2013-11-12T00:00:00Z,495.47815769
2013-11-11T00:00:00Z,495.82228146
2013-11-10T00:00:00Z,496.03883282
2013-11-09T00:00:00Z,496.21382134
2013-11-08T00:00:00Z,496.4067209
2013-11-07T00:00:00Z,496.72239124
2013-11-06T00:00:00Z,497.57596692
2013-11-05T00:00:00Z,497.44539418
2013-11-04T00:00:00Z,497.7337247
2013-11-03T00:00:00Z,498.32435231
2013-11-02T00:00:00Z,497.89728685
2013-11-01T00:00:00Z,497.34526925
2013-10-31T00:00:00Z,497.02330044
2013-10-30T00:00:00Z,496.82026525
2013-10-29T00:00:00Z,496.27684002
2013-10-28T00:00:00Z,496.10755562
2013-10-27T00:00:00Z,495.55172181
2013-10-26T00:00:00Z,495.19536982
2013-10-25T00:00:00Z,494.75376732
2013-10-24T00:00:00Z,498.72788826
2013-10-23T00:00:00Z,498.52610661
2013-10-22T00:00:00Z,499.38692838
2013-10-21T00:00:00Z,500.224955
2013-10-20T00:00:00Z,502.84891523
2013-10-19T00:00:00Z,502.5360193
2013-10-18T00:00:00Z,502.37178934
2013-10-17T00:00:00Z,501.94370017
2013-10-16T00:00:00Z,501.49492504
2013-10-15T00:00:00Z,501.89904009
2013-10-14T00:00:00Z,501.52078875
2013-10-13T00:00:00Z,501.09298067
2013-10-12T00:00:00Z,500.59134512
2013-10-11T00:00:00Z,499.9631727
2013-10-10T00:00:00Z,499.4103064
2013-10-09T00:00:00Z,498.90087329
2013-10-08T00:00:00Z,498.69357417
2013-10-07T00:00:00Z,498.04799659
2013-10-06T00:00:00Z,498.8352348
2013-10-05T00:00:00Z,498.24845509
2013-10-04T00:00:00Z,497.75134589
2013-10-03T00:00:00Z,497.0848307
2013-10-02T00:00:00Z,496.60810817
2013-10-01T00:00:00Z,496.65710279
2013-09-30T00:00:00Z,496.17141448
2013-09-29T00:00:00Z,495.68022689
2013-09-28T00:00:00Z,495.09625461
2013-09-27T00:00:00Z,494.43252277
2013-09-26T00:00:00Z,493.80139386
2013-09-25T00:00:00Z,493.15155087
2013-09-24T00:00:00Z,492.78761616
2013-09-23T00:00:00Z,492.33988012
2013-09-22T00:00:00Z,491.75733963
2013-09-21T00:00:00Z,491.29204469
2013-09-20T00:00:00Z,490.80453596
2013-09-19T00:00:00Z,490.16570759
2013-09-18T00:00:00Z,490.30266478
2013-09-17T00:00:00Z,490.05267991
2013-09-16T00:00:00Z,489.44491075
2013-09-15T00:00:00Z,488.88131546
2013-09-14T00:00:00Z,488.25980995
2013-09-13T00:00:00Z,488.01364525
2013-09-12T00:00:00Z,487.41321064
2013-09-11T00:00:00Z,487.22836222
2013-09-10T00:00:00Z,486.81179687
2013-09-09T00:00:00Z,486.21633431
2013-09-08T00:00:00Z,486.26489951
2013-09-07T00:00:00Z,485.54589552
2013-09-06T00:00:00Z,484.96481844
2013-09-05T00:00:00Z,484.37565131
2013-09-04T00:00:00Z,483.76770598
2013-09-03T00:00:00Z,483.23327913
2013-09-02T00:00:00Z,483.0282607
2013-09-01T00:00:00Z,482.63899846
2013-08-31T00:00:00Z,482.18021453
2013-08-30T00:00:00Z,481.83305239
2013-08-29T00:00:00Z,481.40295199
2013-08-28T00:00:00Z,481.51581846
2013-08-27T00:00:00Z,480.99377114
2013-08-26T00:00:00Z,480.41886524
2013-08-25T00:00:00Z,479.83939309
2013-08-24T00:00:00Z,479.14546455
2013-08-23T00:00:00Z,478.451466
2013-08-22T00:00:00Z,477.97951794
2013-08-21T00:00:00Z,477.4135956
2013-08-20T00:00:00Z,476.98416477
2013-08-19T00:00:00Z,476.64727565
2013-08-18T00:00:00Z,476.14994597
2013-08-17T00:00:00Z,475.51499859
2013-08-16T00:00:00Z,474.95561518
2013-08-15T00:00:00Z,474.57805204
2013-08-14T00:00:00Z,474.35448612
2013-08-13T00:00:00Z,473.9336342
2013-08-12T00:00:00Z,475.24465173
2013-08-11T00:00:00Z,474.82041971
2013-08-10T00:00:00Z,474.31837716
2013-08-09T00:00:00Z,473.81214465
2013-08-08T00:00:00Z,473.2291589
2013-08-07T00:00:00Z,472.78218803
2013-08-06T00:00:00Z,472.27495076
2013-08-05T00:00:00Z,471.66777292
2013-08-04T00:00:00Z,471.24878657
2013-08-03T00:00:00Z,470.59604127
2013-08-02T00:00:00Z,471.99413121
2013-08-01T00:00:00Z,472.17377447
2013-07-31T00:00:00Z,471.63026896
2013-07-30T00:00:00Z,471.33695202
2013-07-29T00:00:00Z,471.02500298
2013-07-28T00:00:00Z,470.66702644
2013-07-27T00:00:00Z,470.13841417
2013-07-26T00:00:00Z,469.45930619
2013-07-25T00:00:00Z,468.85379851
2013-07-24T00:00:00Z,468.32915308
2013-07-23T00:00:00Z,467.69231623
2013-07-22T00:00:00Z,467.07794242
2013-07-21T00:00:00Z,466.56083209
2013-07-20T00:00:00Z,465.99964679
2013-07-19T00:00:00Z,465.44005615
2013-07-18T00:00:00Z,464.82811638
2013-07-17T00:00:00Z,464.24743131
2013-07-16T00:00:00Z,463.79274801
2013-07-15T00:00:00Z,463.2112006
2013-07-14T00:00:00Z,462.58323456
2013-07-13T00:00:00Z,461.89187915
2013-07-12T00:00:00Z,461.49280456
2013-07-11T00:00:00Z,461.25355603
2013-07-10T00:00:00Z,460.71492064
2013-07-09T00:00:00Z,460.64773601
2013-07-08T00:00:00Z,460.04970892
2013-07-07T00:00:00Z,459.45133855
2013-07-06T00:00:00Z,458.87148362
2013-07-05T00:00:00Z,458.32398425
2013-07-04T00:00:00Z,458.22051588
2013-07-03T00:00:00Z,457.70533052
2013-07-02T00:00:00Z,457.75700926
2013-07-01T00:00:00Z,457.48623571
2013-06-30T00:00:00Z,457.99452627
2013-06-29T00:00:00Z,457.47212123
2013-06-28T00:00:00Z,457.24035844
2013-06-27T00:00:00Z,456.92210748
2013-06-26T00:00:00Z,456.43767113
2013-06-25T00:00:00Z,455.89661603
2013-06-24T00:00:00Z,455.5961514
2013-06-23T00:00:00Z,455.05471968
2013-06-22T00:00:00Z,454.39845192
2013-06-21T00:00:00Z,453.74498833
2013-06-20T00:00:00Z,453.06278208
2013-06-19T00:00:00Z,452.39781655
2013-06-18T00:00:00Z,451.79203469
2013-06-17T00:00:00Z,451.10043711
2013-06-16T00:00:00Z,450.36362839
2013-06-15T00:00:00Z,449.80939736
2013-06-14T00:00:00Z,449.20700585
2013-06-13T00:00:00Z,448.94212928
2013-06-12T00:00:00Z,448.31159045
2013-06-11T00:00:00Z,447.66151137
2013-06-10T00:00:00Z,447.37596674
2013-06-09T00:00:00Z,446.6923196
2013-06-08T00:00:00Z,446.64659938
2013-06-07T00:00:00Z,446.05129658
2013-06-06T00:00:00Z,445.71184824
2013-06-05T00:00:00Z,445.75402095
2013-06-04T00:00:00Z,445.83711037
2013-06-03T00:00:00Z,445.56349433
2013-06-02T00:00:00Z,445.05716348
2013-06-01T00:00:00Z,444.55902343
2013-05-31T00:00:00Z,443.98456942
2013-05-30T00:00:00Z,443.86351473
2013-05-29T00:00:00Z,443.44298899
2013-05-28T00:00:00Z,443.07191122
2013-05-27T00:00:00Z,442.48800328
2013-05-26T00:00:00Z,441.93152763
2013-05-25T00:00:00Z,441.17586424
2013-05-24T00:00:00Z,441.63637519
2013-05-23T00:00:00Z,441.07194882
2013-05-22T00:00:00Z,440.4559321
2013-05-21T00:00:00Z,439.84152523
2013-05-20T00:00:00Z,439.19546381
2013-05-19T00:00:00Z,438.5261646
2013-05-18T00:00:00Z,437.82092237
2013-05-17T00:00:00Z,437.55349117
2013-05-16T00:00:00Z,436.96052672
2013-05-15T00:00:00Z,436.34978704
2013-05-14T00:00:00Z,436.10594921
2013-05-13T00:00:00Z,435.62611626
2013-05-12T00:00:00Z,435.00160978
2013-05-11T00:00:00Z,434.35810989
2013-05-10T00:00:00Z,434.11777055
2013-05-09T00:00:00Z,433.80979312
2013-05-08T00:00:00Z,433.30823861
2013-05-07T00:00:00Z,432.69994798
2013-05-06T00:00:00Z,432.25899044
2013-05-05T00:00:00Z,431.66731654
2013-05-04T00:00:00Z,431.25035603
2013-05-03T00:00:00Z,430.61996136
2013-05-02T00:00:00Z,431.11220992
2013-05-01T00:00:00Z,430.73325994
2013-04-30T00:00:00Z,430.75976348
2013-04-29T00:00:00Z,430.22108352
2013-04-28T00:00:00Z,429.89538315
2013-04-27T00:00:00Z,429.36623909
2013-04-26T00:00:00Z,429.12480404
2013-04-25T00:00:00Z,428.56520408
2013-04-24T00:00:00Z,428.42394085
2013-04-23T00:00:00Z,428.67296885
2013-04-22T00:00:00Z,428.83968692
2013-04-21T00:00:00Z,428.50117055
2013-04-20T00:00:00Z,428.53989019
2013-04-19T00:00:00Z,428.16615095
2013-04-18T00:00:00Z,427.74465729
2013-04-17T00:00:00Z,427.2401128
2013-04-16T00:00:00Z,427.23653238
2013-04-15T00:00:00Z,428.62627997
2013-04-14T00:00:00Z,428.70425353
2013-04-13T00:00:00Z,428.70134835
2013-04-12T00:00:00Z,428.79069703
2013-04-11T00:00:00Z,429.12197741
2013-04-10T00:00:00Z,430.30426761
2013-04-09T00:00:00Z,432.76887392
2013-04-08T00:00:00Z,436.45730656
2013-04-07T00:00:00Z,437.30296628
2013-04-06T00:00:00Z,437.54114994
2013-04-05T00:00:00Z,437.76275568
2013-04-04T00:00:00Z,440.00973789
2013-04-03T00:00:00Z,440.17095223
2013-04-02T00:00:00Z,442.59403235
2013-04-01T00:00:00Z,442.87970708
2013-03-31T00:00:00Z,444.39027603
2013-03-30T00:00:00Z,443.84572455
2013-03-29T00:00:00Z,444.47354527
2013-03-28T00:00:00Z,444.41904255
2013-03-27T00:00:00Z,444.52038362
2013-03-26T00:00:00Z,444.59622766
2013-03-25T00:00:00Z,444.58596605
2013-03-24T00:00:00Z,444.8975786
2013-03-23T00:00:00Z,444.95961672
2013-03-22T00:00:00Z,445.01824003
2013-03-21T00:00:00Z,445.59318516
2013-03-20T00:00:00Z,446.1192844
2013-03-19T00:00:00Z,446.03249221
2013-03-18T00:00:00Z,446.03755654
2013-03-17T00:00:00Z,445.57596536
2013-03-16T00:00:00Z,445.28652247
2013-03-15T00:00:00Z,444.80598552
2013-03-14T00:00:00Z,444.63945147
2013-03-13T00:00:00Z,444.42745544
2013-03-12T00:00:00Z,444.28144314
2013-03-11T00:00:00Z,444.15444939
2013-03-10T00:00:00Z,443.92949581
2013-03-09T00:00:00Z,443.42414692
2013-03-08T00:00:00Z,443.51798036
2013-03-07T00:00:00Z,443.04204007
2013-03-06T00:00:00Z,443.41381497
2013-03-05T00:00:00Z,444.58838275
2013-03-04T00:00:00Z,444.82434018
2013-03-03T00:00:00Z,444.41055539
2013-03-02T00:00:00Z,443.90478769
2013-03-01T00:00:00Z,443.44522502
2013-02-28T00:00:00Z,443.18809872
2013-02-27T00:00:00Z,444.44633157
2013-02-26T00:00:00Z,443.87548985
2013-02-25T00:00:00Z,443.70070517
2013-02-24T00:00:00Z,445.93606873
2013-02-23T00:00:00Z,445.6300759
2013-02-22T00:00:00Z,445.26905455
2013-02-21T00:00:00Z,444.94612228
2013-02-20T00:00:00Z,444.48038934
2013-02-19T00:00:00Z,444.56938204
2013-02-18T00:00:00Z,444.3293225
2013-02-17T00:00:00Z,444.11384714
2013-02-16T00:00:00Z,443.85529283
2013-02-15T00:00:00Z,443.60756023
2013-02-14T00:00:00Z,444.882637
2013-02-13T00:00:00Z,444.70367323
2013-02-12T00:00:00Z,444.57212556
2013-02-11T00:00:00Z,444.21725999
2013-02-10T00:00:00Z,443.88900368
2013-02-09T00:00:00Z,443.34301162
2013-02-08T00:00:00Z,443.49171072
2013-02-07T00:00:00Z,443.43081243
2013-02-06T00:00:00Z,443.10579533
2013-02-05T00:00:00Z,442.6384966
2013-02-04T00:00:00Z,442.50828866
2013-02-03T00:00:00Z,442.5065693
2013-02-02T00:00:00Z,442.03890524
2013-02-01T00:00:00Z,442.21484013
2013-01-31T00:00:00Z,444.15567521
2013-01-30T00:00:00Z,444.27380546
2013-01-29T00:00:00Z,444.95419314
2013-01-28T00:00:00Z,445.44073073
2013-01-27T00:00:00Z,445.09751177
2013-01-26T00:00:00Z,445.41624181
2013-01-25T00:00:00Z,445.09028465
2013-01-24T00:00:00Z,444.77743333
2013-01-23T00:00:00Z,444.81729874
2013-01-22T00:00:00Z,444.32181715
2013-01-21T00:00:00Z,444.65458797
2013-01-20T00:00:00Z,444.39403038
2013-01-19T00:00:00Z,443.75010614
2013-01-18T00:00:00Z,443.17336604
2013-01-17T00:00:00Z,442.70350762
2013-01-16T00:00:00Z,442.31448865
2013-01-15T00:00:00Z,441.82246219
2013-01-14T00:00:00Z,441.31963999
2013-01-13T00:00:00Z,440.72193507
2013-01-12T00:00:00Z,440.26416961
2013-01-11T00:00:00Z,439.56670925
2013-01-10T00:00:00Z,438.99880858
2013-01-09T00:00:00Z,438.60756111
2013-01-08T00:00:00Z,438.14061682
2013-01-07T00:00:00Z,437.82564403
2013-01-06T00:00:00Z,437.19036885
2013-01-05T00:00:00Z,436.48429742
2013-01-04T00:00:00Z,435.81927603
2013-01-03T00:00:00Z,435.45374448
2013-01-02T00:00:00Z,434.88130648
2013-01-01T00:00:00Z,434.2713399
2012-12-31T00:00:00Z,433.6446547
2012-12-30T00:00:00Z,433.95263711
2012-12-29T00:00:00Z,433.3453656
2012-12-28T00:00:00Z,432.70303116
2012-12-27T00:00:00Z,432.09056795
2012-12-26T00:00:00Z,431.40061578
2012-12-25T00:00:00Z,430.7081223
2012-12-24T00:00:00Z,429.96152393
2012-12-23T00:00:00Z,429.25984245
2012-12-22T00:00:00Z,428.56348514
2012-12-21T00:00:00Z,427.87543775
2012-12-20T00:00:00Z,427.35605423
2012-12-19T00:00:00Z,427.02592957
2012-12-18T00:00:00Z,426.54349179
2012-12-17T00:00:00Z,426.02260441
2012-12-16T00:00:00Z,425.33880584
2012-12-15T00:00:00Z,424.72123167
2012-12-14T00:00:00Z,424.00916037
2012-12-13T00:00:00Z,423.45464953
2012-12-12T00:00:00Z,423.4560332
2012-12-11T00:00:00Z,423.15716125
2012-12-10T00:00:00Z,422.66863668
2012-12-09T00:00:00Z,422.28033873
2012-12-08T00:00:00Z,421.77270678
2012-12-07T00:00:00Z,421.04191917
2012-12-06T00:00:00Z,421.07977507
2012-12-05T00:00:00Z,420.42230447
2012-12-04T00:00:00Z,419.95282522
2012-12-03T00:00:00Z,421.11379403
2012-12-02T00:00:00Z,420.60206873
2012-12-01T00:00:00Z,419.88589242
2012-11-30T00:00:00Z,419.28568906
2012-11-29T00:00:00Z,418.87697571
2012-11-28T00:00:00Z,418.25421681
2012-11-27T00:00:00Z,417.84196067
2012-11-26T00:00:00Z,417.48178749
2012-11-25T00:00:00Z,417.29255636
2012-11-24T00:00:00Z,416.95886757
2012-11-23T00:00:00Z,416.40994706
2012-11-22T00:00:00Z,416.0842897
2012-11-21T00:00:00Z,415.59897425
2012-11-20T00:00:00Z,415.17134897
2012-11-19T00:00:00Z,414.69905824
2012-11-18T00:00:00Z,414.35522461
2012-11-17T00:00:00Z,413.84093868
2012-11-16T00:00:00Z,413.457091
2012-11-15T00:00:00Z,413.358013
2012-11-14T00:00:00Z,412.91206452
2012-11-13T00:00:00Z,412.49205275
2012-11-12T00:00:00Z,412.2007276
2012-11-11T00:00:00Z,411.87671769
2012-11-10T00:00:00Z,411.50139705
2012-11-09T00:00:00Z,410.93629205
2012-11-08T00:00:00Z,410.50493137
2012-11-07T00:00:00Z,409.98722693
2012-11-06T00:00:00Z,409.7909774
2012-11-05T00:00:00Z,409.237635
2012-11-04T00:00:00Z,408.83303164
2012-11-03T00:00:00Z,408.50169449
2012-11-02T00:00:00Z,407.9178759
2012-11-01T00:00:00Z,407.42127781
2012-10-31T00:00:00Z,407.10846729
2012-10-30T00:00:00Z,406.62980603
2012-10-29T00:00:00Z,406.38714145
2012-10-28T00:00:00Z,405.92997281
2012-10-27T00:00:00Z,405.37820691
2012-10-26T00:00:00Z,404.88915305
2012-10-25T00:00:00Z,404.9359866
2012-10-24T00:00:00Z,405.02568772
2012-10-23T00:00:00Z,404.62781972
2012-10-22T00:00:00Z,404.16395415
2012-10-21T00:00:00Z,403.63895127
2012-10-20T00:00:00Z,403.53305078
2012-10-19T00:00:00Z,403.03459182
2012-10-18T00:00:00Z,402.61006254
2012-10-17T00:00:00Z,402.26752175
2012-10-16T00:00:00Z,402.66910606
2012-10-15T00:00:00Z,402.30757462
2012-10-14T00:00:00Z,401.92420422
2012-10-13T00:00:00Z,401.94875819
2012-10-12T00:00:00Z,401.35658901
2012-10-11T00:00:00Z,400.95008974
2012-10-10T00:00:00Z,400.47201656
2012-10-09T00:00:00Z,400.13269046
2012-10-08T00:00:00Z,399.62411313
2012-10-07T00:00:00Z,400.0874132
2012-10-06T00:00:00Z,399.48978554
2012-10-05T00:00:00Z,398.9393974
2012-10-04T00:00:00Z,398.38384303
2012-10-03T00:00:00Z,398.07967541
2012-10-02T00:00:00Z,398.14140332
2012-10-01T00:00:00Z,397.73082013
2012-09-30T00:00:00Z,397.27166125
2012-09-29T00:00:00Z,396.79567612
2012-09-28T00:00:00Z,396.42139842
2012-09-27T00:00:00Z,396.83373741
2012-09-26T00:00:00Z,396.4642714
2012-09-25T00:00:00Z,396.00936013
2012-09-24T00:00:00Z,395.79743049
2012-09-23T00:00:00Z,395.73007843
2012-09-22T00:00:00Z,395.23907406
2012-09-21T00:00:00Z,394.97561951
2012-09-20T00:00:00Z,394.89915586
2012-09-19T00:00:00Z,394.88721501
2012-09-18T00:00:00Z,394.54429239
2012-09-17T00:00:00Z,394.89087602
2012-09-16T00:00:00Z,395.04740349
2012-09-15T00:00:00Z,394.57719563
2012-09-14T00:00:00Z,394.22350676
2012-09-13T00:00:00Z,393.69772542
2012-09-12T00:00:00Z,393.13899749
2012-09-11T00:00:00Z,392.71231904
2012-09-10T00:00:00Z,392.11405417
2012-09-09T00:00:00Z,393.58808815
2012-09-08T00:00:00Z,393.25875045
2012-09-07T00:00:00Z,392.71940742
2012-09-06T00:00:00Z,392.22439544
2012-09-05T00:00:00Z,391.89658836
2012-09-04T00:00:00Z,391.40711361
2012-09-03T00:00:00Z,390.96414952
2012-09-02T00:00:00Z,390.42896724
2012-09-01T00:00:00Z,389.97775552
2012-08-31T00:00:00Z,389.44216766
2012-08-30T00:00:00Z,390.87732748
2012-08-29T00:00:00Z,390.34766747
2012-08-28T00:00:00Z,389.87109545
2012-08-27T00:00:00Z,389.80702731
2012-08-26T00:00:00Z,390.61234841
2012-08-25T00:00:00Z,390.16740755
2012-08-24T00:00:00Z,389.6113753
2012-08-23T00:00:00Z,389.04517816
2012-08-22T00:00:00Z,388.83114069
2012-08-21T00:00:00Z,388.67865199
2012-08-20T00:00:00Z,388.35505125
2012-08-19T00:00:00Z,388.31745627
2012-08-18T00:00:00Z,389.7895247
2012-08-17T00:00:00Z,389.93625827
2012-08-16T00:00:00Z,390.80870051
2012-08-15T00:00:00Z,390.5582895
2012-08-14T00:00:00Z,390.30505098
2012-08-13T00:00:00Z,390.0056969
2012-08-12T00:00:00Z,389.61682772
2012-08-11T00:00:00Z,389.1151666
2012-08-10T00:00:00Z,388.62267603
2012-08-09T00:00:00Z,388.18894624
2012-08-08T00:00:00Z,387.78201244
2012-08-07T00:00:00Z,387.8465599
2012-08-06T00:00:00Z,387.55903868
2012-08-05T00:00:00Z,387.13364574
2012-08-04T00:00:00Z,386.71560671
2012-08-03T00:00:00Z,386.48044541
2012-08-02T00:00:00Z,386.18404554
2012-08-01T00:00:00Z,385.99945943
2012-07-31T00:00:00Z,385.57519239
2012-07-30T00:00:00Z,385.2204194
2012-07-29T00:00:00Z,384.80007767
2012-07-28T00:00:00Z,384.44325449
2012-07-27T00:00:00Z,384.00602009
2012-07-26T00:00:00Z,383.61511255
2012-07-25T00:00:00Z,383.3106252
2012-07-24T00:00:00Z,382.90226041
2012-07-23T00:00:00Z,382.4268913
2012-07-22T00:00:00Z,382.03402807
2012-07-21T00:00:00Z,381.56961369
2012-07-20T00:00:00Z,381.17457371
2012-07-19T00:00:00Z,380.8173053
2012-07-18T00:00:00Z,380.49204652
2012-07-17T00:00:00Z,380.25764471
2012-07-16T00:00:00Z,381.28749433
2012-07-15T00:00:00Z,381.06020709
2012-07-14T00:00:00Z,380.52695235
2012-07-13T00:00:00Z,381.51728643
2012-07-12T00:00:00Z,381.31741763
2012-07-11T00:00:00Z,380.76220907
2012-07-10T00:00:00Z,380.52292395
2012-07-09T00:00:00Z,382.02872084
2012-07-08T00:00:00Z,381.68840329
2012-07-07T00:00:00Z,381.27230953
2012-07-06T00:00:00Z,381.17580761
2012-07-05T00:00:00Z,380.80341339
2012-07-04T00:00:00Z,380.24879382
2012-07-03T00:00:00Z,379.90221386
2012-07-02T00:00:00Z,379.4598899
2012-07-01T00:00:00Z,378.99316576
2012-06-30T00:00:00Z,378.41942978
2012-06-29T00:00:00Z,377.88078081
2012-06-28T00:00:00Z,377.33592148
2012-06-27T00:00:00Z,376.80648848
2012-06-26T00:00:00Z,376.34104736
2012-06-25T00:00:00Z,375.98575501
2012-06-24T00:00:00Z,375.56717058
2012-06-23T00:00:00Z,375.54736457
2012-06-22T00:00:00Z,375.05037935
2012-06-21T00:00:00Z,374.63968601
2012-06-20T00:00:00Z,374.04740021
2012-06-19T00:00:00Z,374.09138868
2012-06-18T00:00:00Z,373.70587457
2012-06-17T00:00:00Z,373.28041383
2012-06-16T00:00:00Z,372.88904475
2012-06-15T00:00:00Z,372.43984831
2012-06-14T00:00:00Z,371.96756538
2012-06-13T00:00:00Z,371.52453878
2012-06-12T00:00:00Z,371.01162517
2012-06-11T00:00:00Z,370.75874257
2012-06-10T00:00:00Z,370.29299255
2012-06-09T00:00:00Z,369.73029902
2012-06-08T00:00:00Z,369.21498477
2012-06-07T00:00:00Z,368.71025399
2012-06-06T00:00:00Z,368.1899796
2012-06-05T00:00:00Z,367.83784592
2012-06-04T00:00:00Z,367.36322808
2012-06-03T00:00:00Z,367.23611855
2012-06-02T00:00:00Z,366.76201611
2012-06-01T00:00:00Z,366.26203604
2012-05-31T00:00:00Z,365.77510981
2012-05-30T00:00:00Z,366.66488659
2012-05-29T00:00:00Z,366.09919447
2012-05-28T00:00:00Z,365.57417428
2012-05-27T00:00:00Z,365.09848031
2012-05-26T00:00:00Z,364.66980462
2012-05-25T00:00:00Z,364.29636717
2012-05-24T00:00:00Z,363.70402403
2012-05-23T00:00:00Z,363.28938528
2012-05-22T00:00:00Z,362.83463665
2012-05-21T00:00:00Z,362.58778253
2012-05-20T00:00:00Z,362.24806077
2012-05-19T00:00:00Z,361.97124082
2012-05-18T00:00:00Z,361.66391069
2012-05-17T00:00:00Z,361.26352222
2012-05-16T00:00:00Z,361.09754721
2012-05-15T00:00:00Z,360.67429331
2012-05-14T00:00:00Z,360.29119891
2012-05-13T00:00:00Z,360.33828334
2012-05-12T00:00:00Z,359.94753228
2012-05-11T00:00:00Z,360.96957674
2012-05-10T00:00:00Z,360.50726509
2012-05-09T00:00:00Z,360.09766068
2012-05-08T00:00:00Z,359.7085702
2012-05-07T00:00:00Z,359.2951824
2012-05-06T00:00:00Z,358.833201
2012-05-05T00:00:00Z,358.94447722
2012-05-04T00:00:00Z,358.41542016
2012-05-03T00:00:00Z,358.02279345
2012-05-02T00:00:00Z,357.54370353
2012-05-01T00:00:00Z,357.01912988
2012-04-30T00:00:00Z,356.64342545
2012-04-29T00:00:00Z,356.50130985
2012-04-28T00:00:00Z,355.95358151
2012-04-27T00:00:00Z,355.41195208
2012-04-26T00:00:00Z,354.81246087
2012-04-25T00:00:00Z,354.40821754
2012-04-24T00:00:00Z,355.98245418
2012-04-23T00:00:00Z,355.53093855
2012-04-22T00:00:00Z,355.04349196
2012-04-21T00:00:00Z,354.65180101
2012-04-20T00:00:00Z,354.14423151
2012-04-19T00:00:00Z,353.77135844
2012-04-18T00:00:00Z,353.30188009
2012-04-17T00:00:00Z,352.85726931
2012-04-16T00:00:00Z,352.33013758
2012-04-15T00:00:00Z,352.00118289
2012-04-14T00:00:00Z,351.53401316
2012-04-13T00:00:00Z,350.95447452
2012-04-12T00:00:00Z,350.52014136
2012-04-11T00:00:00Z,350.38069861
2012-04-10T00:00:00Z,350.33502629
2012-04-09T00:00:00Z,349.79318375
2012-04-08T00:00:00Z,349.69481798
2012-04-07T00:00:00Z,349.07668074
2012-04-06T00:00:00Z,348.5466751
2012-04-05T00:00:00Z,348.18205627
2012-04-04T00:00:00Z,347.68088045
2012-04-03T00:00:00Z,347.3265357
2012-04-02T00:00:00Z,347.16522267
2012-04-01T00:00:00Z,346.566922
2012-03-31T00:00:00Z,345.97781242
2012-03-30T00:00:00Z,345.44621021
2012-03-29T00:00:00Z,346.55948488
2012-03-28T00:00:00Z,346.04024521
2012-03-27T00:00:00Z,345.52171787
2012-03-26T00:00:00Z,345.02028014
2012-03-25T00:00:00Z,344.50979892
2012-03-24T00:00:00Z,343.98877968
2012-03-23T00:00:00Z,343.5555472
2012-03-22T00:00:00Z,343.31575055
2012-03-21T00:00:00Z,342.81388365
2012-03-20T00:00:00Z,342.47648752
2012-03-19T00:00:00Z,342.02017437
2012-03-18T00:00:00Z,341.53069491
2012-03-17T00:00:00Z,341.35511688
2012-03-16T00:00:00Z,340.85650138
2012-03-15T00:00:00Z,340.67485105
2012-03-14T00:00:00Z,340.07602282
2012-03-13T00:00:00Z,339.66947841
2012-03-12T00:00:00Z,339.22277325
2012-03-11T00:00:00Z,338.69868353
2012-03-10T00:00:00Z,338.19859579
2012-03-09T00:00:00Z,337.74908473
2012-03-08T00:00:00Z,337.27571062
2012-03-07T00:00:00Z,336.80365373
2012-03-06T00:00:00Z,336.26363429
2012-03-05T00:00:00Z,335.67926798
2012-03-04T00:00:00Z,335.14170167
2012-03-03T00:00:00Z,334.6462731
2012-03-02T00:00:00Z,334.22580462
2012-03-01T00:00:00Z,333.76969055
2012-02-29T00:00:00Z,333.34016589
2012-02-28T00:00:00Z,333.43115203
2012-02-27T00:00:00Z,332.9307682
2012-02-26T00:00:00Z,332.40316462
2012-02-25T00:00:00Z,331.81065397
2012-02-24T00:00:00Z,331.32199115
2012-02-23T00:00:00Z,330.98765925
2012-02-22T00:00:00Z,330.51535966
2012-02-21T00:00:00Z,330.03957794
2012-02-20T00:00:00Z,329.4374468
2012-02-19T00:00:00Z,328.86486798
2012-02-18T00:00:00Z,328.28787596
2012-02-17T00:00:00Z,327.93844609
2012-02-16T00:00:00Z,327.36564932
2012-02-15T00:00:00Z,326.92758013
2012-02-14T00:00:00Z,326.42675286
2012-02-13T00:00:00Z,327.90168326
2012-02-12T00:00:00Z,328.68969251
2012-02-11T00:00:00Z,328.16943775
2012-02-10T00:00:00Z,329.0801211
2012-02-09T00:00:00Z,328.62558599
2012-02-08T00:00:00Z,327.9995334
2012-02-07T00:00:00Z,327.435586
2012-02-06T00:00:00Z,326.89546476
2012-02-05T00:00:00Z,326.41443895
2012-02-04T00:00:00Z,325.83480232
2012-02-03T00:00:00Z,325.37687912
2012-02-02T00:00:00Z,324.84748589
2012-02-01T00:00:00Z,324.36207287
2012-01-31T00:00:00Z,323.89835005
2012-01-30T00:00:00Z,323.4137056
2012-01-29T00:00:00Z,322.90492883
2012-01-28T00:00:00Z,322.41323534
2012-01-27T00:00:00Z,321.96077528
2012-01-26T00:00:00Z,321.44004508
2012-01-25T00:00:00Z,321.1055429
2012-01-24T00:00:00Z,320.64636729
2012-01-23T00:00:00Z,320.11238548
2012-01-22T00:00:00Z,319.59898553
2012-01-21T00:00:00Z,318.98359801
2012-01-20T00:00:00Z,318.44036833
2012-01-19T00:00:00Z,317.91474122
2012-01-18T00:00:00Z,317.5727258
2012-01-17T00:00:00Z,317.09321439
2012-01-16T00:00:00Z,316.83759389
2012-01-15T00:00:00Z,316.41978737
2012-01-14T00:00:00Z,315.96976384
2012-01-13T00:00:00Z,315.49222074
2012-01-12T00:00:00Z,315.07870049
2012-01-11T00:00:00Z,315.64050639
2012-01-10T00:00:00Z,315.11379976
2012-01-09T00:00:00Z,314.90286558
2012-01-08T00:00:00Z,314.59744456
2012-01-07T00:00:00Z,314.23645215
2012-01-06T00:00:00Z,313.86956003
2012-01-05T00:00:00Z,313.52641193
2012-01-04T00:00:00Z,313.32874357
2012-01-03T00:00:00Z,312.84060397
2012-01-02T00:00:00Z,312.40636782
2012-01-01T00:00:00Z,312.13244068
2011-12-31T00:00:00Z,312.32987862
2011-12-30T00:00:00Z,311.76141784
2011-12-29T00:00:00Z,311.19082554
2011-12-28T00:00:00Z,310.69271642
2011-12-27T00:00:00Z,310.32298868
2011-12-26T00:00:00Z,309.695152
2011-12-25T00:00:00Z,309.3196756
2011-12-24T00:00:00Z,308.86599724
2011-12-23T00:00:00Z,308.35291001
2011-12-22T00:00:00Z,307.73488329
2011-12-21T00:00:00Z,307.18479923
2011-12-20T00:00:00Z,306.62252471
2011-12-19T00:00:00Z,306.67260255
2011-12-18T00:00:00Z,306.84083172
2011-12-17T00:00:00Z,306.22276908
2011-12-16T00:00:00Z,305.56748011
2011-12-15T00:00:00Z,305.17192133
2011-12-14T00:00:00Z,304.57641156
2011-12-13T00:00:00Z,304.06982884
2011-12-12T00:00:00Z,303.43950576
2011-12-11T00:00:00Z,302.8177963
2011-12-10T00:00:00Z,302.90385354
2011-12-09T00:00:00Z,302.3001623
2011-12-08T00:00:00Z,301.69059933
2011-12-07T00:00:00Z,301.70143666
2011-12-06T00:00:00Z,301.45934526
2011-12-05T00:00:00Z,300.97129381
2011-12-04T00:00:00Z,300.65986067
2011-12-03T00:00:00Z,300.50374616
2011-12-02T00:00:00Z,299.93839437
2011-12-01T00:00:00Z,299.37362354
2011-11-30T00:00:00Z,299.13163619
2011-11-29T00:00:00Z,299.02331598
2011-11-28T00:00:00Z,299.06910156
2011-11-27T00:00:00Z,299.42665094
2011-11-26T00:00:00Z,298.7841717
2011-11-25T00:00:00Z,298.49487822
2011-11-24T00:00:00Z,297.99790712
2011-11-23T00:00:00Z,298.07877407
2011-11-22T00:00:00Z,297.51670093
2011-11-21T00:00:00Z,297.51840795
2011-11-20T00:00:00Z,297.2175326
2011-11-19T00:00:00Z,296.95150544
2011-11-18T00:00:00Z,296.34458902
2011-11-17T00:00:00Z,296.07930155
2011-11-16T00:00:00Z,296.21610582
2011-11-15T00:00:00Z,302.2970387
2011-11-14T00:00:00Z,302.18220746
2011-11-13T00:00:00Z,302.01520419
2011-11-12T00:00:00Z,301.40215049
2011-11-11T00:00:00Z,301.21434669
2011-11-10T00:00:00Z,300.57320824
2011-11-09T00:00:00Z,300.47286538
2011-11-08T00:00:00Z,301.94394526
2011-11-07T00:00:00Z,301.39339279
2011-11-06T00:00:00Z,300.75317797
2011-11-05T00:00:00Z,300.08122021
2011-11-04T00:00:00Z,299.41098164
2011-11-03T00:00:00Z,299.05412664
2011-11-02T00:00:00Z,298.78813495
2011-11-01T00:00:00Z,298.12445923
2011-10-31T00:00:00Z,297.7256674
2011-10-30T00:00:00Z,297.03945162
2011-10-29T00:00:00Z,296.50882801
2011-10-28T00:00:00Z,295.87299533
2011-10-27T00:00:00Z,295.14901358
2011-10-26T00:00:00Z,294.6566576
2011-10-25T00:00:00Z,294.10206566
2011-10-24T00:00:00Z,293.41525293
2011-10-23T00:00:00Z,292.71873216
2011-10-22T00:00:00Z,292.00015144
2011-10-21T00:00:00Z,291.61158071
2011-10-20T00:00:00Z,290.92751647
2011-10-19T00:00:00Z,290.22825454
2011-10-18T00:00:00Z,289.88044908
2011-10-17T00:00:00Z,289.5224411
2011-10-16T00:00:00Z,289.68575721
2011-10-15T00:00:00Z,289.20949991
2011-10-14T00:00:00Z,288.57864952
2011-10-13T00:00:00Z,288.02029235
2011-10-12T00:00:00Z,287.30236565
2011-10-11T00:00:00Z,286.73014554
2011-10-10T00:00:00Z,286.09926604
2011-10-09T00:00:00Z,285.49167622
2011-10-08T00:00:00Z,285.04657325
2011-10-07T00:00:00Z,284.34738461
2011-10-06T00:00:00Z,283.75704284
2011-10-05T00:00:00Z,284.14657573
2011-10-04T00:00:00Z,283.50568215
2011-10-03T00:00:00Z,282.82341741
2011-10-02T00:00:00Z,282.18464354
2011-10-01T00:00:00Z,281.52694922
2011-09-30T00:00:00Z,280.98144814
2011-09-29T00:00:00Z,280.42014787
2011-09-28T00:00:00Z,279.69259189
2011-09-27T00:00:00Z,279.06674454
2011-09-26T00:00:00Z,278.53358
2011-09-25T00:00:00Z,277.85912191
2011-09-24T00:00:00Z,277.49577428
2011-09-23T00:00:00Z,276.77217535
2011-09-22T00:00:00Z,276.23544759
2011-09-21T00:00:00Z,275.62046609
2011-09-20T00:00:00Z,274.97087324
2011-09-19T00:00:00Z,274.51580854
2011-09-18T00:00:00Z,273.86451103
2011-09-17T00:00:00Z,273.21864957
2011-09-16T00:00:00Z,272.66905527
2011-09-15T00:00:00Z,272.09678907
2011-09-14T00:00:00Z,271.42400088
2011-09-13T00:00:00Z,271.21985501
2011-09-12T00:00:00Z,271.38487055
2011-09-11T00:00:00Z,270.90789567
2011-09-10T00:00:00Z,271.64827138
2011-09-09T00:00:00Z,270.96491595
2011-09-08T00:00:00Z,271.21213284
2011-09-07T00:00:00Z,270.81432658
2011-09-06T00:00:00Z,270.48552518
2011-09-05T00:00:00Z,270.16835421
2011-09-04T00:00:00Z,269.84920526
2011-09-03T00:00:00Z,269.17778852
2011-09-02T00:00:00Z,268.51142762
2011-09-01T00:00:00Z,268.12470915
2011-08-31T00:00:00Z,267.43507478
2011-08-30T00:00:00Z,266.80372828
2011-08-29T00:00:00Z,266.13119015
2011-08-28T00:00:00Z,265.81814833
2011-08-27T00:00:00Z,265.2041319
2011-08-26T00:00:00Z,267.61185191
2011-08-25T00:00:00Z,267.75153089
2011-08-24T00:00:00Z,268.94192403
2011-08-23T00:00:00Z,268.30409887
2011-08-22T00:00:00Z,267.67677431
2011-08-21T00:00:00Z,267.13439638
2011-08-20T00:00:00Z,266.48878893
2011-08-19T00:00:00Z,265.89415757
2011-08-18T00:00:00Z,265.25897342
2011-08-17T00:00:00Z,264.71099443
2011-08-16T00:00:00Z,264.0984483
2011-08-15T00:00:00Z,263.47944133
2011-08-14T00:00:00Z,262.88967146
2011-08-13T00:00:00Z,262.23588475
2011-08-12T00:00:00Z,261.63046496
2011-08-11T00:00:00Z,260.92692516
2011-08-10T00:00:00Z,260.31554513
2011-08-09T00:00:00Z,259.71561959
2011-08-08T00:00:00Z,259.07568634
2011-08-07T00:00:00Z,258.75919878
2011-08-06T00:00:00Z,258.25837308
2011-08-05T00:00:00Z,257.88503447
2011-08-04T00:00:00Z,257.44417396
2011-08-03T00:00:00Z,257.06682833
2011-08-02T00:00:00Z,256.65676648
2011-08-01T00:00:00Z,256.15742567
2011-07-31T00:00:00Z,255.68376851
2011-07-30T00:00:00Z,255.25955757
2011-07-29T00:00:00Z,254.77590857
2011-07-28T00:00:00Z,254.22120757
2011-07-27T00:00:00Z,253.74045198
2011-07-26T00:00:00Z,253.16762131
2011-07-25T00:00:00Z,252.58367915
2011-07-24T00:00:00Z,252.02665326
2011-07-23T00:00:00Z,251.4474459
2011-07-22T00:00:00Z,250.77787319
2011-07-21T00:00:00Z,250.14398838
2011-07-20T00:00:00Z,249.47852968
2011-07-19T00:00:00Z,249.44089788
2011-07-18T00:00:00Z,248.94699085
2011-07-17T00:00:00Z,250.20571523
2011-07-16T00:00:00Z,249.68571019
2011-07-15T00:00:00Z,248.9995777
2011-07-14T00:00:00Z,248.43045439
2011-07-13T00:00:00Z,247.85265079
2011-07-12T00:00:00Z,247.30797761
2011-07-11T00:00:00Z,246.70924811
2011-07-10T00:00:00Z,246.31436891
2011-07-09T00:00:00Z,246.32289095
2011-07-08T00:00:00Z,245.6602278
2011-07-07T00:00:00Z,245.15262533
2011-07-06T00:00:00Z,244.56586117
2011-07-05T00:00:00Z,244.03483703
2011-07-04T00:00:00Z,244.14812611
2011-07-03T00:00:00Z,243.64589141
2011-07-02T00:00:00Z,243.13509915
2011-07-01T00:00:00Z,242.57134298
2011-06-30T00:00:00Z,242.11616992
2011-06-29T00:00:00Z,241.83498997
2011-06-28T00:00:00Z,241.56479946
2011-06-27T00:00:00Z,242.11197103
2011-06-26T00:00:00Z,243.35531646
2011-06-25T00:00:00Z,243.64599812
2011-06-24T00:00:00Z,243.07613322
2011-06-23T00:00:00Z,242.92943879
2011-06-22T00:00:00Z,242.75035397
2011-06-21T00:00:00Z,242.3348261
2011-06-20T00:00:00Z,242.14570205
2011-06-19T00:00:00Z,241.96274536
2011-06-18T00:00:00Z,244.17661869
2011-06-17T00:00:00Z,243.79534931
2011-06-16T00:00:00Z,244.30277908
2011-06-15T00:00:00Z,246.69634462
2011-06-14T00:00:00Z,249.54572568
2011-06-13T00:00:00Z,257.04031804
2011-06-12T00:00:00Z,258.9286528
2011-06-11T00:00:00Z,260.23647275
2011-06-10T00:00:00Z,262.60215017
2011-06-09T00:00:00Z,264.38389292
2011-06-08T00:00:00Z,265.479697
2011-06-07T00:00:00Z,268.29575197
2011-06-06T00:00:00Z,268.33308117
2011-06-05T00:00:00Z,269.4317165
2011-06-04T00:00:00Z,270.31037618
2011-06-03T00:00:00Z,270.19354851
2011-06-02T00:00:00Z,272.15638811
2011-06-01T00:00:00Z,273.54218013
2011-05-31T00:00:00Z,273.23330322
2011-05-30T00:00:00Z,272.85551883
2011-05-29T00:00:00Z,272.63771271
2011-05-28T00:00:00Z,272.16994514
2011-05-27T00:00:00Z,271.75025176
2011-05-26T00:00:00Z,271.54631521
2011-05-25T00:00:00Z,271.49471559
2011-05-24T00:00:00Z,271.54596766
2011-05-23T00:00:00Z,271.7729755
2011-05-22T00:00:00Z,271.64606804
2011-05-21T00:00:00Z,271.39355743
2011-05-20T00:00:00Z,271.50769693
2011-05-19T00:00:00Z,271.46378688
2011-05-18T00:00:00Z,271.68593904
2011-05-17T00:00:00Z,271.66899099
2011-05-16T00:00:00Z,271.52327727
2011-05-15T00:00:00Z,273.42152412
2011-05-14T00:00:00Z,273.39298591
2011-05-13T00:00:00Z,273.58615088
2011-05-12T00:00:00Z,274.29089027
2011-05-11T00:00:00Z,275.33565358
2011-05-10T00:00:00Z,275.70643715
2011-05-09T00:00:00Z,275.79928278
2011-05-08T00:00:00Z,275.64343076
2011-05-07T00:00:00Z,275.61267596
2011-05-06T00:00:00Z,275.367833
2011-05-05T00:00:00Z,275.52250249
2011-05-04T00:00:00Z,275.23703656
2011-05-03T00:00:00Z,276.17085875
2011-05-02T00:00:00Z,276.24964137
2011-05-01T00:00:00Z,276.13292624
2011-04-30T00:00:00Z,275.94644955
2011-04-29T00:00:00Z,275.96846867
2011-04-28T00:00:00Z,279.98546709
2011-04-27T00:00:00Z,279.96548571
2011-04-26T00:00:00Z,279.74665648
2011-04-25T00:00:00Z,279.46392868
2011-04-24T00:00:00Z,279.25673031
2011-04-23T00:00:00Z,278.94132699
2011-04-22T00:00:00Z,279.10374648
2011-04-21T00:00:00Z,278.99047456
2011-04-20T00:00:00Z,278.47011505
2011-04-19T00:00:00Z,278.04406395
2011-04-18T00:00:00Z,277.70353368
2011-04-17T00:00:00Z,277.55167497
2011-04-16T00:00:00Z,277.10666876
2011-04-15T00:00:00Z,276.96795399
2011-04-14T00:00:00Z,276.78503769
2011-04-13T00:00:00Z,276.34019052
2011-04-12T00:00:00Z,276.05215489
2011-04-11T00:00:00Z,275.71206425
2011-04-10T00:00:00Z,275.17409408
2011-04-09T00:00:00Z,274.61934655
2011-04-08T00:00:00Z,274.0116649
2011-04-07T00:00:00Z,273.58640337
2011-04-06T00:00:00Z,273.03791093
2011-04-05T00:00:00Z,272.52896559
2011-04-04T00:00:00Z,272.36231335
2011-04-03T00:00:00Z,272.31327423
2011-04-02T00:00:00Z,271.77072505
2011-04-01T00:00:00Z,271.22733132
2011-03-31T00:00:00Z,270.71262968
2011-03-30T00:00:00Z,270.28616837
2011-03-29T00:00:00Z,269.70845797
2011-03-28T00:00:00Z,269.15398862
2011-03-27T00:00:00Z,268.65149254
2011-03-26T00:00:00Z,268.26569027
2011-03-25T00:00:00Z,268.12432975
2011-03-24T00:00:00Z,267.60028272
2011-03-23T00:00:00Z,267.59294729
2011-03-22T00:00:00Z,267.21204363
2011-03-21T00:00:00Z,266.5956133
2011-03-20T00:00:00Z,266.16161923
2011-03-19T00:00:00Z,265.5095401
2011-03-18T00:00:00Z,264.84586845
2011-03-17T00:00:00Z,264.19567335
2011-03-16T00:00:00Z,263.74174967
2011-03-15T00:00:00Z,264.03110312
2011-03-14T00:00:00Z,263.53169019
2011-03-13T00:00:00Z,263.37435007
2011-03-12T00:00:00Z,262.81626015
2011-03-11T00:00:00Z,262.46485653
2011-03-10T00:00:00Z,261.88950531
2011-03-09T00:00:00Z,261.20752534
2011-03-08T00:00:00Z,260.60435229
2011-03-07T00:00:00Z,260.20169217
2011-03-06T00:00:00Z,259.74084596
2011-03-05T00:00:00Z,259.410847
2011-03-04T00:00:00Z,259.30320264
2011-03-03T00:00:00Z,258.98784954
2011-03-02T00:00:00Z,258.46968014
2011-03-01T00:00:00Z,258.00161952
2011-02-28T00:00:00Z,260.89914473
2011-02-27T00:00:00Z,260.54255873
2011-02-26T00:00:00Z,260.56640275
2011-02-25T00:00:00Z,260.99860744
2011-02-24T00:00:00Z,260.64984444
2011-02-23T00:00:00Z,260.39768006
2011-02-22T00:00:00Z,260.0339372
2011-02-21T00:00:00Z,259.72183048
2011-02-20T00:00:00Z,259.27887663
2011-02-19T00:00:00Z,258.91578785
2011-02-18T00:00:00Z,258.41137435
2011-02-17T00:00:00Z,258.1060958
2011-02-16T00:00:00Z,257.70469055
2011-02-15T00:00:00Z,257.33426761
2011-02-14T00:00:00Z,256.96489689
2011-02-13T00:00:00Z,257.8791312
2011-02-12T00:00:00Z,257.4499734
2011-02-11T00:00:00Z,257.0296829
2011-02-10T00:00:00Z,256.95392511
2011-02-09T00:00:00Z,256.58694034
2011-02-08T00:00:00Z,256.41645553
2011-02-07T00:00:00Z,255.89684812
2011-02-06T00:00:00Z,256.28521414
2011-02-05T00:00:00Z,256.06918739
2011-02-04T00:00:00Z,255.6206519
2011-02-03T00:00:00Z,255.27129787
2011-02-02T00:00:00Z,254.77363126
2011-02-01T00:00:00Z,254.5179276
2011-01-31T00:00:00Z,254.21443248
2011-01-30T00:00:00Z,254.03562823
2011-01-29T00:00:00Z,253.4939821
2011-01-28T00:00:00Z,253.41522927
2011-01-27T00:00:00Z,253.14672558
2011-01-26T00:00:00Z,258.19026932
2011-01-25T00:00:00Z,258.22809573
2011-01-24T00:00:00Z,257.69522291
2011-01-23T00:00:00Z,257.45792711
2011-01-22T00:00:00Z,257.30635199
2011-01-21T00:00:00Z,256.85011477
2011-01-20T00:00:00Z,256.39946466
2011-01-19T00:00:00Z,255.97312583
2011-01-18T00:00:00Z,256.10642373
2011-01-17T00:00:00Z,255.63629412
2011-01-16T00:00:00Z,255.22183751
2011-01-15T00:00:00Z,254.98313667
2011-01-14T00:00:00Z,254.43867957
2011-01-13T00:00:00Z,254.1591153
2011-01-12T00:00:00Z,254.05708161
2011-01-11T00:00:00Z,253.52958486
2011-01-10T00:00:00Z,254.70642556
2011-01-09T00:00:00Z,254.55300037
2011-01-08T00:00:00Z,254.03590606
2011-01-07T00:00:00Z,253.63479442
2011-01-06T00:00:00Z,253.16439197
2011-01-05T00:00:00Z,252.61566335
2011-01-04T00:00:00Z,252.07637115
2011-01-03T00:00:00Z,251.44675066
2011-01-02T00:00:00Z,250.9489845
2011-01-01T00:00:00Z,250.67788712
2010-12-31T00:00:00Z,250.14925792
2010-12-30T00:00:00Z,249.66915757
2010-12-29T00:00:00Z,249.18534167
2010-12-28T00:00:00Z,248.89671952
2010-12-27T00:00:00Z,248.39053121
2010-12-26T00:00:00Z,248.06460291
2010-12-25T00:00:00Z,247.49403157
2010-12-24T00:00:00Z,246.99953944
2010-12-23T00:00:00Z,246.41699417
2010-12-22T00:00:00Z,245.82100445
2010-12-21T00:00:00Z,245.24805172
2010-12-20T00:00:00Z,246.36211207
2010-12-19T00:00:00Z,246.39161501
2010-12-18T00:00:00Z,245.9996273
2010-12-17T00:00:00Z,245.52529213
2010-12-16T00:00:00Z,244.96469565
2010-12-15T00:00:00Z,244.431937
2010-12-14T00:00:00Z,244.09592767
2010-12-13T00:00:00Z,243.55180456
2010-12-12T00:00:00Z,243.24472828
2010-12-11T00:00:00Z,242.71355127
2010-12-10T00:00:00Z,242.31031704
2010-12-09T00:00:00Z,241.78577423
2010-12-08T00:00:00Z,241.44642649
2010-12-07T00:00:00Z,241.08343057
2010-12-06T00:00:00Z,241.11043809
2010-12-05T00:00:00Z,241.50529836
2010-12-04T00:00:00Z,241.20659611
2010-12-03T00:00:00Z,240.90318291
2010-12-02T00:00:00Z,240.43072879
2010-12-01T00:00:00Z,240.37365636
2010-11-30T00:00:00Z,239.94389575
2010-11-29T00:00:00Z,239.70197104
2010-11-28T00:00:00Z,239.28519389
2010-11-27T00:00:00Z,238.76394638
2010-11-26T00:00:00Z,238.34015431
2010-11-25T00:00:00Z,238.08200994
2010-11-24T00:00:00Z,237.8216415
2010-11-23T00:00:00Z,237.45587971
2010-11-22T00:00:00Z,236.98454639
2010-11-21T00:00:00Z,236.44479694
2010-11-20T00:00:00Z,235.84549953
2010-11-19T00:00:00Z,235.28409423
2010-11-18T00:00:00Z,234.89286056
2010-11-17T00:00:00Z,234.6011569
2010-11-16T00:00:00Z,234.27162161
2010-11-15T00:00:00Z,233.87826452
2010-11-14T00:00:00Z,235.38642985
2010-11-13T00:00:00Z,235.27145097
2010-11-12T00:00:00Z,234.96535462
2010-11-11T00:00:00Z,234.43294511
2010-11-10T00:00:00Z,234.02650499
2010-11-09T00:00:00Z,233.57467506
2010-11-08T00:00:00Z,233.31666103
2010-11-07T00:00:00Z,234.42841966
2010-11-06T00:00:00Z,234.15056313
2010-11-05T00:00:00Z,235.20196284
2010-11-04T00:00:00Z,235.06158655
2010-11-03T00:00:00Z,235.09035222
2010-11-02T00:00:00Z,234.66943478
2010-11-01T00:00:00Z,234.29724815
2010-10-31T00:00:00Z,233.88778855
2010-10-30T00:00:00Z,233.48822455
2010-10-29T00:00:00Z,233.28480384
2010-10-28T00:00:00Z,232.9771393
2010-10-27T00:00:00Z,233.22186577
2010-10-26T00:00:00Z,233.05960864
2010-10-25T00:00:00Z,232.82101967
2010-10-24T00:00:00Z,232.51366058
2010-10-23T00:00:00Z,232.34843725
2010-10-22T00:00:00Z,231.97132615
2010-10-21T00:00:00Z,231.42858065
2010-10-20T00:00:00Z,231.2587515
2010-10-19T00:00:00Z,231.04461945
2010-10-18T00:00:00Z,230.80737686
2010-10-17T00:00:00Z,230.51533601
2010-10-16T00:00:00Z,230.29440324
2010-10-15T00:00:00Z,230.94309857
2010-10-14T00:00:00Z,230.85080514
2010-10-13T00:00:00Z,230.618905
2010-10-12T00:00:00Z,231.01245176
2010-10-11T00:00:00Z,230.53522167
2010-10-10T00:00:00Z,230.09696584
2010-10-09T00:00:00Z,229.85650346
2010-10-08T00:00:00Z,229.60713283
2010-10-07T00:00:00Z,229.51611422
2010-10-06T00:00:00Z,229.14203282
2010-10-05T00:00:00Z,228.69850258
2010-10-04T00:00:00Z,229.6216516
2010-10-03T00:00:00Z,229.42500888
2010-10-02T00:00:00Z,228.83130371
2010-10-01T00:00:00Z,230.81582629
2010-09-30T00:00:00Z,232.13079832
2010-09-29T00:00:00Z,231.64497567
2010-09-28T00:00:00Z,231.30720081
2010-09-27T00:00:00Z,235.54175772
2010-09-26T00:00:00Z,235.98376433
2010-09-25T00:00:00Z,235.60822278
2010-09-24T00:00:00Z,235.28830987
2010-09-23T00:00:00Z,234.97338847
2010-09-22T00:00:00Z,234.87484193
2010-09-21T00:00:00Z,234.4611084
2010-09-20T00:00:00Z,233.9887827
2010-09-19T00:00:00Z,233.66685061
2010-09-18T00:00:00Z,233.32839666
2010-09-17T00:00:00Z,233.09839486
2010-09-16T00:00:00Z,235.22258145
2010-09-15T00:00:00Z,235.08593421
2010-09-14T00:00:00Z,234.78904725
2010-09-13T00:00:00Z,234.43345731
2010-09-12T00:00:00Z,234.06934714
2010-09-11T00:00:00Z,233.68526821
2010-09-10T00:00:00Z,233.18087169
2010-09-09T00:00:00Z,232.71223054
2010-09-08T00:00:00Z,232.35116806
2010-09-07T00:00:00Z,231.84768364
2010-09-06T00:00:00Z,231.40551047
2010-09-05T00:00:00Z,230.9780431
2010-09-04T00:00:00Z,231.04326485
2010-09-03T00:00:00Z,230.59992564
2010-09-02T00:00:00Z,230.20381619
2010-09-01T00:00:00Z,229.68948723
2010-08-31T00:00:00Z,229.24551625
2010-08-30T00:00:00Z,229.05207002
2010-08-29T00:00:00Z,228.51721005
2010-08-28T00:00:00Z,228.02397285
2010-08-27T00:00:00Z,227.54628306
2010-08-26T00:00:00Z,227.17626918
2010-08-25T00:00:00Z,226.80870662
2010-08-24T00:00:00Z,226.46641107
2010-08-23T00:00:00Z,226.13940636
2010-08-22T00:00:00Z,225.79110887
2010-08-21T00:00:00Z,225.55623933
2010-08-20T00:00:00Z,225.1964033
2010-08-19T00:00:00Z,224.80433677
2010-08-18T00:00:00Z,224.24280308
2010-08-17T00:00:00Z,223.76216092
2010-08-16T00:00:00Z,223.20747182
2010-08-15T00:00:00Z,222.76627207
2010-08-14T00:00:00Z,222.42475052
2010-08-13T00:00:00Z,222.27988784
2010-08-12T00:00:00Z,222.03327545
2010-08-11T00:00:00Z,221.70439693
2010-08-10T00:00:00Z,221.4843759
2010-08-09T00:00:00Z,221.20210667
2010-08-08T00:00:00Z,220.95820049
2010-08-07T00:00:00Z,220.70233424
2010-08-06T00:00:00Z,220.4483002
2010-08-05T00:00:00Z,219.9731499
2010-08-04T00:00:00Z,219.67712792
2010-08-03T00:00:00Z,219.64399228
2010-08-02T00:00:00Z,219.43757519
2010-08-01T00:00:00Z,219.19922335
2010-07-31T00:00:00Z,219.14598094
2010-07-30T00:00:00Z,218.90855723
2010-07-29T00:00:00Z,218.50346585
2010-07-28T00:00:00Z,218.03544754
2010-07-27T00:00:00Z,217.6438032
2010-07-26T00:00:00Z,217.58427895
2010-07-25T00:00:00Z,218.78899846
2010-07-24T00:00:00Z,218.70168063
2010-07-23T00:00:00Z,219.03546365
2010-07-22T00:00:00Z,218.73503788
2010-07-21T00:00:00Z,218.37339576
2010-07-20T00:00:00Z,218.28462658
2010-07-19T00:00:00Z,217.87171312
2010-07-18T00:00:00Z,217.53157326
2010-07-17T00:00:00Z,217.5811729
2010-07-16T00:00:00Z,217.30760139
2010-07-15T00:00:00Z,217.98975151
2010-07-14T00:00:00Z,219.94511611
2010-07-13T00:00:00Z,220.94507243
2010-07-12T00:00:00Z,222.32541137
2010-07-11T00:00:00Z,224.34816297
2010-07-10T00:00:00Z,224.04094643
2010-07-09T00:00:00Z,223.7651627
2010-07-08T00:00:00Z,223.45084274
2010-07-07T00:00:00Z,223.03583311
2010-07-06T00:00:00Z,222.76069854
2010-07-05T00:00:00Z,222.35737913
2010-07-04T00:00:00Z,222.11472076
2010-07-03T00:00:00Z,221.80830597
2010-07-02T00:00:00Z,221.56978874
2010-07-01T00:00:00Z,221.32942548
2010-06-30T00:00:00Z,221.11176021
2010-06-29T00:00:00Z,221.17078522
2010-06-28T00:00:00Z,220.95324463
2010-06-27T00:00:00Z,220.50996894
2010-06-26T00:00:00Z,220.12305962
2010-06-25T00:00:00Z,219.78003769
2010-06-24T00:00:00Z,219.41477724
2010-06-23T00:00:00Z,219.16245036
2010-06-22T00:00:00Z,218.90936495
2010-06-21T00:00:00Z,218.47009077
2010-06-20T00:00:00Z,218.02659402
2010-06-19T00:00:00Z,217.71876149
2010-06-18T00:00:00Z,217.73724172
2010-06-17T00:00:00Z,217.28930521
2010-06-16T00:00:00Z,217.02222062
2010-06-15T00:00:00Z,216.62148298
2010-06-14T00:00:00Z,216.31515597
2010-06-13T00:00:00Z,216.10915664
2010-06-12T00:00:00Z,215.74117407
2010-06-11T00:00:00Z,215.21289187
2010-06-10T00:00:00Z,214.88948455
2010-06-09T00:00:00Z,214.59184136
2010-06-08T00:00:00Z,214.6322138
2010-06-07T00:00:00Z,214.24905536
2010-06-06T00:00:00Z,214.04123419
2010-06-05T00:00:00Z,213.57521379
2010-06-04T00:00:00Z,213.1128551
2010-06-03T00:00:00Z,212.81657854
2010-06-02T00:00:00Z,212.39011123
2010-06-01T00:00:00Z,211.92527844
2010-05-31T00:00:00Z,211.48318161
2010-05-30T00:00:00Z,211.00371562
2010-05-29T00:00:00Z,210.55563031
2010-05-28T00:00:00Z,210.2982306
2010-05-27T00:00:00Z,211.12711282
2010-05-26T00:00:00Z,210.86780265
2010-05-25T00:00:00Z,210.74452532
2010-05-24T00:00:00Z,210.51854251
2010-05-23T00:00:00Z,210.21645219
2010-05-22T00:00:00Z,210.00242083
2010-05-21T00:00:00Z,209.86777523
2010-05-20T00:00:00Z,209.65380601
2010-05-19T00:00:00Z,209.40049468
2010-05-18T00:00:00Z,209.05389922
2010-05-17T00:00:00Z,208.7044039
2010-05-16T00:00:00Z,208.28652893
2010-05-15T00:00:00Z,207.75778645
2010-05-14T00:00:00Z,207.10795455
2010-05-13T00:00:00Z,206.62111254
2010-05-12T00:00:00Z,206.13967319
2010-05-11T00:00:00Z,205.66694536
2010-05-10T00:00:00Z,205.11503445
2010-05-09T00:00:00Z,204.64155491
2010-05-08T00:00:00Z,204.20290884
2010-05-07T00:00:00Z,203.88942329
2010-05-06T00:00:00Z,203.49141158
2010-05-05T00:00:00Z,203.18687963
2010-05-04T00:00:00Z,202.80162321
2010-05-03T00:00:00Z,202.36454525
2010-05-02T00:00:00Z,201.9847639
2010-05-01T00:00:00Z,201.55663954
2010-04-30T00:00:00Z,201.23986481
2010-04-29T00:00:00Z,201.2731654
2010-04-28T00:00:00Z,200.82769076
2010-04-27T00:00:00Z,200.52214674
2010-04-26T00:00:00Z,200.20819336
2010-04-25T00:00:00Z,199.89785024
2010-04-24T00:00:00Z,199.61922956
2010-04-23T00:00:00Z,199.29687219
2010-04-22T00:00:00Z,198.86714286
2010-04-21T00:00:00Z,198.51425759
2010-04-20T00:00:00Z,198.37315146
2010-04-19T00:00:00Z,198.28158142
2010-04-18T00:00:00Z,198.23367005
2010-04-17T00:00:00Z,198.19599756
2010-04-16T00:00:00Z,198.02736857
2010-04-15T00:00:00Z,198.0168923
2010-04-14T00:00:00Z,201.3822221
2010-04-13T00:00:00Z,201.10638762
2010-04-12T00:00:00Z,200.8649619
2010-04-11T00:00:00Z,200.73488195
2010-04-10T00:00:00Z,200.72302557
2010-04-09T00:00:00Z,201.08303443
2010-04-08T00:00:00Z,200.92300859
2010-04-07T00:00:00Z,200.67539954
2010-04-06T00:00:00Z,200.58301887
2010-04-05T00:00:00Z,200.31391689
2010-04-04T00:00:00Z,200.02588212
2010-04-03T00:00:00Z,199.73767215
2010-04-02T00:00:00Z,199.40014085
2010-04-01T00:00:00Z,199.04160441
2010-03-31T00:00:00Z,198.73132688
2010-03-30T00:00:00Z,198.6007172
2010-03-29T00:00:00Z,198.48766046
2010-03-28T00:00:00Z,198.30917999
2010-03-27T00:00:00Z,198.10290641
2010-03-26T00:00:00Z,197.86247965
2010-03-25T00:00:00Z,197.69374539
2010-03-24T00:00:00Z,197.56478054
2010-03-23T00:00:00Z,197.2901966
2010-03-22T00:00:00Z,197.22759279
2010-03-21T00:00:00Z,196.98412691
2010-03-20T00:00:00Z,196.76661415
2010-03-19T00:00:00Z,196.61474155
2010-03-18T00:00:00Z,196.2903803
2010-03-17T00:00:00Z,195.91141417
2010-03-16T00:00:00Z,195.52961949
2010-03-15T00:00:00Z,195.1049217
2010-03-14T00:00:00Z,194.69013206
2010-03-13T00:00:00Z,194.2305614
2010-03-12T00:00:00Z,193.90195477
2010-03-11T00:00:00Z,193.42629693
2010-03-10T00:00:00Z,193.02166057
2010-03-09T00:00:00Z,192.7326055
2010-03-08T00:00:00Z,192.37521723
2010-03-07T00:00:00Z,192.0898115
2010-03-06T00:00:00Z,191.88379916
2010-03-05T00:00:00Z,191.67482053
2010-03-04T00:00:00Z,191.43081554
2010-03-03T00:00:00Z,191.74719349
2010-03-02T00:00:00Z,191.43560452
2010-03-01T00:00:00Z,191.2676908
2010-02-28T00:00:00Z,191.12161828
2010-02-27T00:00:00Z,190.85176699
2010-02-26T00:00:00Z,190.62811417
2010-02-25T00:00:00Z,190.42118904
2010-02-24T00:00:00Z,190.13455465
2010-02-23T00:00:00Z,189.95860178
2010-02-22T00:00:00Z,190.08021341
2010-02-21T00:00:00Z,190.35966877
2010-02-20T00:00:00Z,190.38570705
2010-02-19T00:00:00Z,190.34426311
2010-02-18T00:00:00Z,190.22704441
2010-02-17T00:00:00Z,190.19832613
2010-02-16T00:00:00Z,190.40417945
2010-02-15T00:00:00Z,190.31694344
2010-02-14T00:00:00Z,190.15515964
2010-02-13T00:00:00Z,190.13652724
2010-02-12T00:00:00Z,190.25743698
2010-02-11T00:00:00Z,190.14882232
2010-02-10T00:00:00Z,189.96636861
2010-02-09T00:00:00Z,190.2109591
2010-02-08T00:00:00Z,190.86342786
2010-02-07T00:00:00Z,190.92811422
2010-02-06T00:00:00Z,191.00532048
2010-02-05T00:00:00Z,190.95535814
2010-02-04T00:00:00Z,191.17076412
2010-02-03T00:00:00Z,191.31873346
2010-02-02T00:00:00Z,191.67045679
2010-02-01T00:00:00Z,191.41142691
2010-01-31T00:00:00Z,191.35401827
2010-01-30T00:00:00Z,191.19732597
2010-01-29T00:00:00Z,191.28911614
2010-01-28T00:00:00Z,191.30761175
2010-01-27T00:00:00Z,191.22711501
2010-01-26T00:00:00Z,191.07884353
2010-01-25T00:00:00Z,191.10378774
2010-01-24T00:00:00Z,191.21816337
2010-01-23T00:00:00Z,191.03409645
2010-01-22T00:00:00Z,190.88824552
2010-01-21T00:00:00Z,190.59069244
2010-01-20T00:00:00Z,190.5312314
2010-01-19T00:00:00Z,190.37102666
2010-01-18T00:00:00Z,190.04329774
2010-01-17T00:00:00Z,189.72029726
2010-01-16T00:00:00Z,189.42953882
2010-01-15T00:00:00Z,189.10782178
2010-01-14T00:00:00Z,188.84909217
2010-01-13T00:00:00Z,188.65551674
2010-01-12T00:00:00Z,188.54977024
2010-01-11T00:00:00Z,188.7060181
2010-01-10T00:00:00Z,188.58008768
2010-01-09T00:00:00Z,188.63255499
2010-01-08T00:00:00Z,188.4774542
2010-01-07T00:00:00Z,188.33185865
2010-01-06T00:00:00Z,188.19674144
2010-01-05T00:00:00Z,188.11616383
2010-01-04T00:00:00Z,188.23736594
2010-01-03T00:00:00Z,188.53131535
2010-01-02T00:00:00Z,188.59794409
2010-01-01T00:00:00Z,188.31340608
2009-12-31T00:00:00Z,188.08195237
2009-12-30T00:00:00Z,187.89260347
2009-12-29T00:00:00Z,187.71290351
2009-12-28T00:00:00Z,187.70585664
2009-12-27T00:00:00Z,187.50129794
2009-12-26T00:00:00Z,187.49879273
2009-12-25T00:00:00Z,187.51826723
2009-12-24T00:00:00Z,187.41891586
2009-12-23T00:00:00Z,187.34242025
2009-12-22T00:00:00Z,187.2574595
2009-12-21T00:00:00Z,187.24165728
2009-12-20T00:00:00Z,187.2893047
2009-12-19T00:00:00Z,187.36881174
2009-12-18T00:00:00Z,187.59259483
2009-12-17T00:00:00Z,187.98800786
2009-12-16T00:00:00Z,188.06819254
2009-12-15T00:00:00Z,187.91167718
2009-12-14T00:00:00Z,187.62386896
2009-12-13T00:00:00Z,187.41056549
2009-12-12T00:00:00Z,187.12900826
2009-12-11T00:00:00Z,186.81910635
2009-12-10T00:00:00Z,186.55295736
2009-12-09T00:00:00Z,186.20762447
2009-12-08T00:00:00Z,185.8211419
2009-12-07T00:00:00Z,185.49842093
2009-12-06T00:00:00Z,185.20452039
2009-12-05T00:00:00Z,184.87394299
2009-12-04T00:00:00Z,184.30139883
2009-12-03T00:00:00Z,183.49703766
2009-12-02T00:00:00Z,183.09205234
2009-12-01T00:00:00Z,182.6924026
2009-11-30T00:00:00Z,182.94730956
2009-11-29T00:00:00Z,182.42910017
2009-11-28T00:00:00Z,181.81709316
2009-11-27T00:00:00Z,181.27266609
2009-11-26T00:00:00Z,180.73888892
2009-11-25T00:00:00Z,180.273679
2009-11-24T00:00:00Z,179.85350815
2009-11-23T00:00:00Z,179.458541
2009-11-22T00:00:00Z,179.07444593
2009-11-21T00:00:00Z,178.76133982
2009-11-20T00:00:00Z,178.22381843
2009-11-19T00:00:00Z,177.78113267
2009-11-18T00:00:00Z,177.36975193
2009-11-17T00:00:00Z,176.88007217
2009-11-16T00:00:00Z,176.46831285
2009-11-15T00:00:00Z,176.10045752
2009-11-14T00:00:00Z,175.7007829
2009-11-13T00:00:00Z,175.22560199
2009-11-12T00:00:00Z,174.74908534
2009-11-11T00:00:00Z,174.1844197
2009-11-10T00:00:00Z,173.67336433
2009-11-09T00:00:00Z,173.18462647
2009-11-08T00:00:00Z,172.60125071
2009-11-07T00:00:00Z,172.04256526
2009-11-06T00:00:00Z,171.50274711
2009-11-05T00:00:00Z,170.87641645
2009-11-04T00:00:00Z,170.27772755
2009-11-03T00:00:00Z,169.77375457
2009-11-02T00:00:00Z,169.17435796
2009-11-01T00:00:00Z,168.39840584
2009-10-31T00:00:00Z,167.55589154
2009-10-30T00:00:00Z,166.83280858
2009-10-29T00:00:00Z,166.23665908
2009-10-28T00:00:00Z,165.48209877
2009-10-27T00:00:00Z,164.94330565
2009-10-26T00:00:00Z,164.38100427
2009-10-25T00:00:00Z,163.82537862
2009-10-24T00:00:00Z,163.28789054
2009-10-23T00:00:00Z,162.72588844
2009-10-22T00:00:00Z,162.29471322
2009-10-21T00:00:00Z,161.90481831
2009-10-20T00:00:00Z,161.43295834
2009-10-19T00:00:00Z,161.08311861
2009-10-18T00:00:00Z,160.79131245
2009-10-17T00:00:00Z,160.26954323
2009-10-16T00:00:00Z,159.61315206
2009-10-15T00:00:00Z,159.05651598
2009-10-14T00:00:00Z,158.51210018
2009-10-13T00:00:00Z,157.94619112
2009-10-12T00:00:00Z,157.30381379
2009-10-11T00:00:00Z,156.93264661
2009-10-10T00:00:00Z,156.3972083
2009-10-09T00:00:00Z,155.87185538
2009-10-08T00:00:00Z,155.3897144
2009-10-07T00:00:00Z,154.8098898
2009-10-06T00:00:00Z,154.16868429
2009-10-05T00:00:00Z,153.47543786
2009-10-04T00:00:00Z,152.80638281
2009-10-03T00:00:00Z,152.15245335
2009-10-02T00:00:00Z,151.51413307
2009-10-01T00:00:00Z,150.97552568
2009-09-30T00:00:00Z,150.48103476
2009-09-29T00:00:00Z,150.01026997
2009-09-28T00:00:00Z,149.57676228
2009-09-27T00:00:00Z,149.10973777
2009-09-26T00:00:00Z,148.64244094
2009-09-25T00:00:00Z,148.27056185
2009-09-24T00:00:00Z,147.84141665
2009-09-23T00:00:00Z,147.46091845
2009-09-22T00:00:00Z,146.62650854
2009-09-21T00:00:00Z,145.85944796
2009-09-20T00:00:00Z,145.29470281
2009-09-19T00:00:00Z,144.78212123
2009-09-18T00:00:00Z,144.22814933
2009-09-17T00:00:00Z,143.70393748
2009-09-16T00:00:00Z,143.27670676
2009-09-15T00:00:00Z,142.6686432
2009-09-14T00:00:00Z,141.99754811
2009-09-13T00:00:00Z,141.47103229
2009-09-12T00:00:00Z,140.94467336
2009-09-11T00:00:00Z,140.37517709
2009-09-10T00:00:00Z,139.79031778
2009-09-09T00:00:00Z,139.19889343
2009-09-08T00:00:00Z,138.52753343
2009-09-07T00:00:00Z,137.96134209
2009-09-06T00:00:00Z,137.41597496
2009-09-05T00:00:00Z,136.85604602
2009-09-04T00:00:00Z,136.31749088
2009-09-03T00:00:00Z,135.71754307
2009-09-02T00:00:00Z,135.07974119
2009-09-01T00:00:00Z,134.43987318
2009-08-31T00:00:00Z,133.97096703
2009-08-30T00:00:00Z,133.50112817
2009-08-29T00:00:00Z,133.08950497
2009-08-28T00:00:00Z,132.56760052
2009-08-27T00:00:00Z,132.00974707
2009-08-26T00:00:00Z,131.19714255
2009-08-25T00:00:00Z,130.39603777
2009-08-24T00:00:00Z,129.83628235
2009-08-23T00:00:00Z,128.91512641
2009-08-22T00:00:00Z,128.0082822
2009-08-21T00:00:00Z,127.01963232
2009-08-20T00:00:00Z,126.08792722
2009-08-19T00:00:00Z,125.26508567
2009-08-18T00:00:00Z,124.36217191
2009-08-17T00:00:00Z,123.32637934
2009-08-16T00:00:00Z,122.29847187
2009-08-15T00:00:00Z,121.61374603
2009-08-14T00:00:00Z,120.76674874
2009-08-13T00:00:00Z,120.13983541
2009-08-12T00:00:00Z,119.61291194
2009-08-11T00:00:00Z,118.9780628
2009-08-10T00:00:00Z,118.36809091
2009-08-09T00:00:00Z,117.79579828
2009-08-08T00:00:00Z,117.34856035
2009-08-07T00:00:00Z,116.811819
2009-08-06T00:00:00Z,116.33009842
2009-08-05T00:00:00Z,115.83547533
2009-08-04T00:00:00Z,115.32348143
2009-08-03T00:00:00Z,114.74231074
2009-08-02T00:00:00Z,113.83310405
2009-08-01T00:00:00Z,112.93485478
2009-07-31T00:00:00Z,112.11201744
2009-07-30T00:00:00Z,111.22052953
2009-07-29T00:00:00Z,110.19534518
2009-07-28T00:00:00Z,109.383094
2009-07-27T00:00:00Z,108.62769839
2009-07-26T00:00:00Z,108.02251446
2009-07-25T00:00:00Z,106.76229471
2009-07-24T00:00:00Z,106.28296658
2009-07-23T00:00:00Z,105.68960411
2009-07-22T00:00:00Z,104.97549401
2009-07-21T00:00:00Z,104.40427427
2009-07-20T00:00:00Z,103.83081207
2009-07-19T00:00:00Z,103.29692659
2009-07-18T00:00:00Z,102.54014661
2009-07-17T00:00:00Z,101.37836164
2009-07-16T00:00:00Z,100.92184948
2009-07-15T00:00:00Z,100.28416761
2009-07-14T00:00:00Z,99.51911507
2009-07-13T00:00:00Z,98.86175072
2009-07-12T00:00:00Z,98.24556005
2009-07-11T00:00:00Z,97.65417513
2009-07-10T00:00:00Z,97.05471317
2009-07-09T00:00:00Z,96.47757037
2009-07-08T00:00:00Z,95.91207107
2009-07-07T00:00:00Z,95.28299254
2009-07-06T00:00:00Z,94.60445541
2009-07-05T00:00:00Z,94.03764263
2009-07-04T00:00:00Z,93.43118536
2009-07-03T00:00:00Z,92.86471335
2009-07-02T00:00:00Z,92.28094372
2009-07-01T00:00:00Z,91.6728294
2009-06-30T00:00:00Z,91.06343613
2009-06-29T00:00:00Z,90.48914936
2009-06-28T00:00:00Z,89.89758468
2009-06-27T00:00:00Z,89.12040381
2009-06-26T00:00:00Z,88.53352543
2009-06-25T00:00:00Z,87.9667391
2009-06-24T00:00:00Z,87.30791498
2009-06-23T00:00:00Z,86.75973028
2009-06-22T00:00:00Z,86.13169127
2009-06-21T00:00:00Z,85.54554532
2009-06-20T00:00:00Z,84.92763619
2009-06-19T00:00:00Z,84.32809306
2009-06-18T00:00:00Z,83.74242862
2009-06-17T00:00:00Z,83.12160319
2009-06-16T00:00:00Z,82.4855042
2009-06-15T00:00:00Z,81.84076971
2009-06-14T00:00:00Z,81.23660463
2009-06-13T00:00:00Z,80.56054763
2009-06-12T00:00:00Z,79.93960706
2009-06-11T00:00:00Z,79.33591066
2009-06-10T00:00:00Z,78.76282385
2009-06-09T00:00:00Z,78.14354911
2009-06-08T00:00:00Z,77.56550286
2009-06-07T00:00:00Z,76.9441381
2009-06-06T00:00:00Z,75.98809873
2009-06-05T00:00:00Z,74.4323238
2009-06-04T00:00:00Z,74.284501
2009-06-03T00:00:00Z,73.32579965
2009-06-02T00:00:00Z,72.89456006
2009-06-01T00:00:00Z,72.21109677
2009-05-31T00:00:00Z,71.5201303
2009-05-30T00:00:00Z,71.12709515
2009-05-29T00:00:00Z,70.59589305
2009-05-28T00:00:00Z,70.10855771
2009-05-27T00:00:00Z,69.51928024
2009-05-26T00:00:00Z,69.05607305
2009-05-25T00:00:00Z,68.59515768
2009-05-24T00:00:00Z,68.08737158
2009-05-23T00:00:00Z,67.52490733
2009-05-22T00:00:00Z,66.23480807
2009-05-21T00:00:00Z,65.91814433
2009-05-20T00:00:00Z,65.28182259
2009-05-19T00:00:00Z,64.80090115
2009-05-18T00:00:00Z,64.1677753
2009-05-17T00:00:00Z,63.67413139
2009-05-16T00:00:00Z,63.2132635
2009-05-15T00:00:00Z,62.72400492
2009-05-14T00:00:00Z,62.3214926
2009-05-13T00:00:00Z,61.91388428
2009-05-12T00:00:00Z,61.39949565
2009-05-11T00:00:00Z,60.94924826
2009-05-10T00:00:00Z,60.4732645
2009-05-09T00:00:00Z,59.81369238
2009-05-08T00:00:00Z,59.12571461
2009-05-07T00:00:00Z,58.64072529
2009-05-06T00:00:00Z,58.16305926
2009-05-05T00:00:00Z,57.73308707
2009-05-04T00:00:00Z,57.32528757
2009-05-03T00:00:00Z,56.8778765
2009-05-02T00:00:00Z,56.33188222
2009-05-01T00:00:00Z,55.89391052
2009-04-30T00:00:00Z,55.4125145
2009-04-29T00:00:00Z,54.97069065
2009-04-28T00:00:00Z,54.53768677
2009-04-27T00:00:00Z,54.05282354
2009-04-26T00:00:00Z,53.50395384
2009-04-25T00:00:00Z,52.99231154
2009-04-24T00:00:00Z,52.50439045
2009-04-23T00:00:00Z,52.00126298
2009-04-22T00:00:00Z,51.32435677
2009-04-21T00:00:00Z,50.8457488
2009-04-20T00:00:00Z,50.37762434
2009-04-19T00:00:00Z,50.06839166
2009-04-18T00:00:00Z,49.58265286
2009-04-17T00:00:00Z,49.13344823
2009-04-16T00:00:00Z,48.62501118
2009-04-15T00:00:00Z,48.15490949
2009-04-14T00:00:00Z,47.64505161
2009-04-13T00:00:00Z,47.17658817
2009-04-12T00:00:00Z,46.68257809
2009-04-11T00:00:00Z,46.19709934
2009-04-10T00:00:00Z,45.73435098
2009-04-09T00:00:00Z,45.19789193
2009-04-08T00:00:00Z,44.63347393
2009-04-07T00:00:00Z,44.08556379
2009-04-06T00:00:00Z,43.51568732
2009-04-05T00:00:00Z,42.98843177
2009-04-04T00:00:00Z,42.55416892
2009-04-03T00:00:00Z,42.04690497
2009-04-02T00:00:00Z,41.54915849
2009-04-01T00:00:00Z,41.04563683
2009-03-31T00:00:00Z,40.52634872
2009-03-30T00:00:00Z,40.01426224
2009-03-29T00:00:00Z,39.53534466
2009-03-28T00:00:00Z,39.03423986
2009-03-27T00:00:00Z,38.55556569
2009-03-26T00:00:00Z,38.02379515
2009-03-25T00:00:00Z,37.52976639
2009-03-24T00:00:00Z,37.04260016
2009-03-23T00:00:00Z,36.50039116
2009-03-22T00:00:00Z,36.05274885
2009-03-21T00:00:00Z,35.47427706
2009-03-20T00:00:00Z,34.7870499
2009-03-19T00:00:00Z,34.29811824
2009-03-18T00:00:00Z,33.82022179
2009-03-17T00:00:00Z,33.31261713
2009-03-16T00:00:00Z,32.79186984
2009-03-15T00:00:00Z,32.36346098
2009-03-14T00:00:00Z,31.88793281
2009-03-13T00:00:00Z,31.35883153
2009-03-12T00:00:00Z,30.84373004
2009-03-11T00:00:00Z,30.35372332
2009-03-10T00:00:00Z,29.82894072
2009-03-09T00:00:00Z,29.27740489
2009-03-08T00:00:00Z,28.75014795
2009-03-07T00:00:00Z,28.2457526
2009-03-06T00:00:00Z,27.70352409
2009-03-05T00:00:00Z,27.20493464
2009-03-04T00:00:00Z,26.67987463
2009-03-03T00:00:00Z,26.12610105
2009-03-02T00:00:00Z,25.57025456
2009-03-01T00:00:00Z,25.02042847
2009-02-28T00:00:00Z,24.46127189
2009-02-27T00:00:00Z,23.86820103
2009-02-26T00:00:00Z,23.37835271
2009-02-25T00:00:00Z,22.80515515
2009-02-24T00:00:00Z,22.23791905
2009-02-23T00:00:00Z,21.66258319
2009-02-22T00:00:00Z,21.09940083
2009-02-21T00:00:00Z,20.59020836
2009-02-20T00:00:00Z,20.04546628
2009-02-19T00:00:00Z,19.52566513
2009-02-18T00:00:00Z,19.02956775
2009-02-17T00:00:00Z,18.50110334
2009-02-16T00:00:00Z,17.96091355
2009-02-15T00:00:00Z,17.46843441
2009-02-14T00:00:00Z,16.9879111
2009-02-13T00:00:00Z,16.52614492
2009-02-12T00:00:00Z,16.00586022
2009-02-11T00:00:00Z,15.48084552
2009-02-10T00:00:00Z,15.0090054
2009-02-09T00:00:00Z,14.48520947
2009-02-08T00:00:00Z,14.08834185
2009-02-07T00:00:00Z,13.6566433
2009-02-06T00:00:00Z,13.24072192
2009-02-05T00:00:00Z,12.73304881
2009-02-04T00:00:00Z,12.23711496
2009-02-03T00:00:00Z,11.71857559
2009-02-02T00:00:00Z,11.28209744
2009-02-01T00:00:00Z,10.8056955
2009-01-31T00:00:00Z,10.2716414
2009-01-30T00:00:00Z,9.92841862
2009-01-29T00:00:00Z,9.41149726
2009-01-28T00:00:00Z,8.92896615
2009-01-27T00:00:00Z,8.38639061
2009-01-26T00:00:00Z,7.7778037
2009-01-25T00:00:00Z,7.18063666
2009-01-24T00:00:00Z,6.94690752
2009-01-23T00:00:00Z,6.8627898
2009-01-22T00:00:00Z,6.2868437
2009-01-21T00:00:00Z,5.60274074
2009-01-20T00:00:00Z,5.17359021
2009-01-19T00:00:00Z,4.68405745
2009-01-18T00:00:00Z,4.25413869
2009-01-17T00:00:00Z,3.7377327
2009-01-16T00:00:00Z,3.20779988
2009-01-15T00:00:00Z,2.66479865
2009-01-14T00:00:00Z,2.23100839
2009-01-13T00:00:00Z,1.82335686
2009-01-12T00:00:00Z,1.43750892
2009-01-11T00:00:00Z,1.00616117
2009-01-10T00:00:00Z,0.68042961
2009-01-09T00:00:00Z,0.39455478
2009-01-08T00:00:00Z,0
2009-01-07T00:00:00Z,0
2009-01-06T00:00:00Z,0
2009-01-05T00:00:00Z,0
2009-01-04T00:00:00Z,0
2009-01-03T00:00:00Z,0
