Datetime,Puell Multiple
2025-06-09T00:00:00Z,1.2430007294268701
2025-06-08T00:00:00Z,1.337594723893454
2025-06-07T00:00:00Z,1.2455407031089372
2025-06-06T00:00:00Z,1.1528751253097589
2025-06-05T00:00:00Z,1.1567974639873941
2025-06-04T00:00:00Z,1.103436000257631
2025-06-03T00:00:00Z,1.2670524078849474
2025-06-02T00:00:00Z,1.1607140711044608
2025-06-01T00:00:00Z,1.156453386952372
2025-05-31T00:00:00Z,1.3941134507451705
2025-05-30T00:00:00Z,1.3644122593851054
2025-05-29T00:00:00Z,1.4197129842087266
2025-05-28T00:00:00Z,1.494098605046065
2025-05-27T00:00:00Z,1.2972403770350884
2025-05-26T00:00:00Z,1.4094816608624525
2025-05-25T00:00:00Z,1.363880333020321
2025-05-24T00:00:00Z,1.2890853798506017
2025-05-23T00:00:00Z,1.4388393049801569
2025-05-22T00:00:00Z,1.41381999099293
2025-05-21T00:00:00Z,1.3165308574053904
2025-05-20T00:00:00Z,1.3302156739116393
2025-05-19T00:00:00Z,1.2507850268516862
2025-05-18T00:00:00Z,1.4327124436298893
2025-05-17T00:00:00Z,1.2602270660778083
2025-05-16T00:00:00Z,1.222781185192856
2025-05-15T00:00:00Z,1.2798063329705853
2025-05-14T00:00:00Z,1.278804081990926
2025-05-13T00:00:00Z,1.151330910253202
2025-05-12T00:00:00Z,1.3062281195527494
2025-05-11T00:00:00Z,1.3245572561417105
2025-05-10T00:00:00Z,1.3278938161147906
2025-05-09T00:00:00Z,1.2436096024109549
2025-05-08T00:00:00Z,1.3702292900511126
2025-05-07T00:00:00Z,1.2635877806755271
2025-05-06T00:00:00Z,1.126673522264344
2025-05-05T00:00:00Z,1.4253660474893797
2025-05-04T00:00:00Z,1.1454450750335916
2025-05-03T00:00:00Z,1.362244404217007
2025-05-02T00:00:00Z,1.3367625235754415
2025-05-01T00:00:00Z,1.125020194281943
2025-04-30T00:00:00Z,1.0889855501693717
2025-04-29T00:00:00Z,1.207722335257471
2025-04-28T00:00:00Z,1.1626203917209195
2025-04-27T00:00:00Z,1.1088138490272246
2025-04-26T00:00:00Z,1.0955131148173063
2025-04-25T00:00:00Z,1.1874021313300658
2025-04-24T00:00:00Z,1.1554087346124182
2025-04-23T00:00:00Z,0.9488041089518452
2025-04-22T00:00:00Z,1.2138318376125792
2025-04-21T00:00:00Z,0.9620718631118098
2025-04-20T00:00:00Z,0.9090327587317362
2025-04-19T00:00:00Z,1.0257846432492834
2025-04-18T00:00:00Z,0.9931912325728481
2025-04-17T00:00:00Z,1.115030873811794
2025-04-16T00:00:00Z,1.0701768098428608
2025-04-15T00:00:00Z,1.0525927268525652
2025-04-14T00:00:00Z,1.0816020224283207
2025-04-13T00:00:00Z,1.23565832156486
2025-04-12T00:00:00Z,1.0311237488797482
2025-04-11T00:00:00Z,1.0373255467216431
2025-04-10T00:00:00Z,0.9908049983418061
2025-04-09T00:00:00Z,0.8644666655132639
2025-04-08T00:00:00Z,1.0194242681840475
2025-04-07T00:00:00Z,0.9533321061398149
2025-04-06T00:00:00Z,0.9909410137764088
2025-04-05T00:00:00Z,1.1416263579356034
2025-04-04T00:00:00Z,1.2532001991669135
2025-04-03T00:00:00Z,1.0526053262843764
2025-04-02T00:00:00Z,1.2181369759343963
2025-04-01T00:00:00Z,0.9443258786658771
2025-03-31T00:00:00Z,1.0145392998859162
2025-03-30T00:00:00Z,0.9390590085237792
2025-03-29T00:00:00Z,0.9694892695762458
2025-03-28T00:00:00Z,1.0854776579097711
2025-03-27T00:00:00Z,1.0648360361060976
2025-03-26T00:00:00Z,1.096184772055328
2025-03-25T00:00:00Z,1.0888021907447818
2025-03-24T00:00:00Z,1.1058898682069886
2025-03-23T00:00:00Z,1.0846665136367395
2025-03-22T00:00:00Z,1.0435290156637078
2025-03-21T00:00:00Z,0.9971698681255171
2025-03-20T00:00:00Z,0.9906777487302878
2025-03-19T00:00:00Z,1.0417094638723867
2025-03-18T00:00:00Z,0.9536226192046787
2025-03-17T00:00:00Z,0.9505733645294251
2025-03-16T00:00:00Z,0.9818522670703075
2025-03-15T00:00:00Z,0.9018784140427487
2025-03-14T00:00:00Z,0.9553043628838473
2025-03-13T00:00:00Z,1.0568325545859385
2025-03-12T00:00:00Z,1.0168413774538811
2025-03-11T00:00:00Z,0.9028556318671387
2025-03-10T00:00:00Z,0.997099043275731
2025-03-09T00:00:00Z,1.0728488261289788
2025-03-08T00:00:00Z,0.9423239748049316
2025-03-07T00:00:00Z,0.9948348986450856
2025-03-06T00:00:00Z,1.2212174413323138
2025-03-05T00:00:00Z,0.9437609449497188
2025-03-04T00:00:00Z,0.9795015814871008
2025-03-03T00:00:00Z,1.0802179737970383
2025-03-02T00:00:00Z,0.8783437936235647
2025-03-01T00:00:00Z,0.9691261883682691
2025-02-28T00:00:00Z,1.0036805827655246
2025-02-27T00:00:00Z,1.0112718040492843
2025-02-26T00:00:00Z,1.08920771610651
2025-02-25T00:00:00Z,1.0382592975824978
2025-02-24T00:00:00Z,0.9922927778079234
2025-02-23T00:00:00Z,0.9878083758710219
2025-02-22T00:00:00Z,1.054796073473625
2025-02-21T00:00:00Z,0.9901764424157883
2025-02-20T00:00:00Z,0.9948241842643503
2025-02-19T00:00:00Z,0.9480412575323443
2025-02-18T00:00:00Z,1.0439521348060965
2025-02-17T00:00:00Z,1.032599870510509
2025-02-16T00:00:00Z,1.1456948089371124
2025-02-15T00:00:00Z,1.2161609553269768
2025-02-14T00:00:00Z,1.152843410894485
2025-02-13T00:00:00Z,1.1911051313659815
2025-02-12T00:00:00Z,1.0011762363710741
2025-02-11T00:00:00Z,0.9446151957253665
2025-02-10T00:00:00Z,1.053945978661375
2025-02-09T00:00:00Z,1.0737552637180605
2025-02-08T00:00:00Z,1.199427830175562
2025-02-07T00:00:00Z,1.3112135557228604
2025-02-06T00:00:00Z,1.1049213160331948
2025-02-05T00:00:00Z,1.0990126417192498
2025-02-04T00:00:00Z,1.0182172125152231
2025-02-03T00:00:00Z,1.1583466433006326
2025-02-02T00:00:00Z,1.319621830023778
2025-02-01T00:00:00Z,1.4605138485908427
2025-01-31T00:00:00Z,1.0179796331496846
2025-01-30T00:00:00Z,1.1890594740466478
2025-01-29T00:00:00Z,1.2400130061226513
2025-01-28T00:00:00Z,1.174941716408376
2025-01-27T00:00:00Z,1.2202299435280801
2025-01-26T00:00:00Z,1.1216945794915916
2025-01-25T00:00:00Z,1.0511137105145738
2025-01-24T00:00:00Z,1.1542865185589235
2025-01-23T00:00:00Z,1.1019207237935962
2025-01-22T00:00:00Z,1.236753096073219
2025-01-21T00:00:00Z,1.096235963973169
2025-01-20T00:00:00Z,1.2592025498387
2025-01-19T00:00:00Z,1.232055359439187
2025-01-18T00:00:00Z,1.0616806549358415
2025-01-17T00:00:00Z,1.2202230581301419
2025-01-16T00:00:00Z,1.0066091517205344
2025-01-15T00:00:00Z,1.077133509304703
2025-01-14T00:00:00Z,1.1618190740626928
2025-01-13T00:00:00Z,0.9444114092377344
2025-01-12T00:00:00Z,1.273988992841061
2025-01-11T00:00:00Z,1.0244501279589522
2025-01-10T00:00:00Z,1.0542413808311277
2025-01-09T00:00:00Z,1.1178681107540962
2025-01-08T00:00:00Z,0.9441967830421493
2025-01-07T00:00:00Z,1.0591633730551693
2025-01-06T00:00:00Z,1.0482826929073894
2025-01-05T00:00:00Z,1.2008730312495433
2025-01-04T00:00:00Z,1.1474462045443594
2025-01-03T00:00:00Z,1.0863990293464063
2025-01-02T00:00:00Z,1.26077124328893
2025-01-01T00:00:00Z,1.03123707945873
2024-12-31T00:00:00Z,0.9512833394974497
2024-12-30T00:00:00Z,1.1648901843786454
2024-12-29T00:00:00Z,1.1654335903346735
2024-12-28T00:00:00Z,1.0611406804193828
2024-12-27T00:00:00Z,1.1838300991118336
2024-12-26T00:00:00Z,0.9985877837014049
2024-12-25T00:00:00Z,1.161091981843339
2024-12-24T00:00:00Z,1.00231197284224
2024-12-23T00:00:00Z,1.0349800137783096
2024-12-22T00:00:00Z,1.172913589071282
2024-12-21T00:00:00Z,1.1203149338207874
2024-12-20T00:00:00Z,1.1598725715792115
2024-12-19T00:00:00Z,1.1758743488126409
2024-12-18T00:00:00Z,1.189312669850244
2024-12-17T00:00:00Z,1.1512834177186153
2024-12-16T00:00:00Z,1.2318911842113303
2024-12-15T00:00:00Z,1.1049140823710664
2024-12-14T00:00:00Z,1.2697872014448206
2024-12-13T00:00:00Z,1.3467793446983622
2024-12-12T00:00:00Z,1.1941542344272922
2024-12-11T00:00:00Z,1.1252152241499518
2024-12-10T00:00:00Z,1.1837562075191115
2024-12-09T00:00:00Z,1.3029476312209443
2024-12-08T00:00:00Z,1.1583397881679982
2024-12-07T00:00:00Z,1.1352721547090652
2024-12-06T00:00:00Z,1.0688510664808144
2024-12-05T00:00:00Z,1.2416259500232636
2024-12-04T00:00:00Z,1.1191139567350592
2024-12-03T00:00:00Z,1.1901304322630224
2024-12-02T00:00:00Z,0.9842534356325214
2024-12-01T00:00:00Z,1.2252947313269091
2024-11-30T00:00:00Z,1.2452024909734838
2024-11-29T00:00:00Z,0.9332173038104525
2024-11-28T00:00:00Z,1.0761603817528316
2024-11-27T00:00:00Z,0.989391376537075
2024-11-26T00:00:00Z,1.0371558654534139
2024-11-25T00:00:00Z,1.2883775633086243
2024-11-24T00:00:00Z,1.0292551300780144
2024-11-23T00:00:00Z,1.0805961565235054
2024-11-22T00:00:00Z,1.135199527419541
2024-11-21T00:00:00Z,1.1366068183265898
2024-11-20T00:00:00Z,1.1107228652146506
2024-11-19T00:00:00Z,1.3002990195766644
2024-11-18T00:00:00Z,1.1378776182520718
2024-11-17T00:00:00Z,1.0698422165009975
2024-11-16T00:00:00Z,1.1472384384846304
2024-11-15T00:00:00Z,1.1267343881025194
2024-11-14T00:00:00Z,0.9380644450652923
2024-11-13T00:00:00Z,1.0028391447301035
2024-11-12T00:00:00Z,1.0377637255390546
2024-11-11T00:00:00Z,0.911483170351373
2024-11-10T00:00:00Z,0.9276074699909781
2024-11-09T00:00:00Z,0.8471162923369326
2024-11-08T00:00:00Z,0.8522522451302742
2024-11-07T00:00:00Z,0.9217440555515991
2024-11-06T00:00:00Z,0.8921391373197185
2024-11-05T00:00:00Z,0.7527646600949236
2024-11-04T00:00:00Z,0.7725670517659158
2024-11-03T00:00:00Z,0.7086593526869199
2024-11-02T00:00:00Z,0.7693667205204973
2024-11-01T00:00:00Z,0.8319641000753305
2024-10-31T00:00:00Z,0.9894269587030772
2024-10-30T00:00:00Z,0.959630173116234
2024-10-29T00:00:00Z,0.8892508514038625
2024-10-28T00:00:00Z,0.9040392498569672
2024-10-27T00:00:00Z,0.8484903383439901
2024-10-26T00:00:00Z,0.7735348669536625
2024-10-25T00:00:00Z,0.8607520258801582
2024-10-24T00:00:00Z,0.8474117787340981
2024-10-23T00:00:00Z,0.8174125277817514
2024-10-22T00:00:00Z,0.7617733949524605
2024-10-21T00:00:00Z,0.932748596225337
2024-10-20T00:00:00Z,0.9402619688751785
2024-10-19T00:00:00Z,0.9418463122599953
2024-10-18T00:00:00Z,0.761430440249972
2024-10-17T00:00:00Z,0.9220431752741313
2024-10-16T00:00:00Z,0.8246627394103027
2024-10-15T00:00:00Z,0.8432976504482387
2024-10-14T00:00:00Z,0.7436259596317302
2024-10-13T00:00:00Z,0.7114215547174829
2024-10-12T00:00:00Z,0.7699950512761417
2024-10-11T00:00:00Z,0.7406055156607875
2024-10-10T00:00:00Z,0.7661907096998349
2024-10-09T00:00:00Z,0.634553670819029
2024-10-08T00:00:00Z,0.83698957462243
2024-10-07T00:00:00Z,0.7852369777877317
2024-10-06T00:00:00Z,0.7517052677216317
2024-10-05T00:00:00Z,0.7482871726720908
2024-10-04T00:00:00Z,0.821509831489239
2024-10-03T00:00:00Z,0.759522010247575
2024-10-02T00:00:00Z,0.7507773705743965
2024-10-01T00:00:00Z,0.7802853796155412
2024-09-30T00:00:00Z,0.6955670586591287
2024-09-29T00:00:00Z,0.8065636237242615
2024-09-28T00:00:00Z,0.6785999904427943
2024-09-27T00:00:00Z,0.7197506615554454
2024-09-26T00:00:00Z,0.6656437788394844
2024-09-25T00:00:00Z,0.7271467939199128
2024-09-24T00:00:00Z,0.7302788476891363
2024-09-23T00:00:00Z,0.7366776079419608
2024-09-22T00:00:00Z,0.6772625613591399
2024-09-21T00:00:00Z,0.6752003802270133
2024-09-20T00:00:00Z,0.7320712607757751
2024-09-19T00:00:00Z,0.6136098076994051
2024-09-18T00:00:00Z,0.6593283420418252
2024-09-17T00:00:00Z,0.7078422597949804
2024-09-16T00:00:00Z,0.579899838338926
2024-09-15T00:00:00Z,0.7178754153683999
2024-09-14T00:00:00Z,0.6628729778256991
2024-09-13T00:00:00Z,0.5754330351031722
2024-09-12T00:00:00Z,0.7009691947439121
2024-09-11T00:00:00Z,0.48915765415936063
2024-09-10T00:00:00Z,0.6211171348823781
2024-09-09T00:00:00Z,0.6404335956182704
2024-09-08T00:00:00Z,0.7182429080412062
2024-09-07T00:00:00Z,0.6789783302172802
2024-09-06T00:00:00Z,0.6371605388082189
2024-09-05T00:00:00Z,0.7043433007532448
2024-09-04T00:00:00Z,0.687193270212869
2024-09-03T00:00:00Z,0.6957097965097101
2024-09-02T00:00:00Z,0.7719728260903563
2024-09-01T00:00:00Z,0.6568508553822964
2024-08-31T00:00:00Z,0.6894155716768223
2024-08-30T00:00:00Z,0.668825310578367
2024-08-29T00:00:00Z,0.628795320685249
2024-08-28T00:00:00Z,0.7589662547661293
2024-08-27T00:00:00Z,0.7015810825828251
2024-08-26T00:00:00Z,0.6826612452774745
2024-08-25T00:00:00Z,0.6802870042199741
2024-08-24T00:00:00Z,0.7813460760755586
2024-08-23T00:00:00Z,0.8097839659362994
2024-08-22T00:00:00Z,0.9153895570156361
2024-08-21T00:00:00Z,0.7053998733394186
2024-08-20T00:00:00Z,0.7203259699367686
2024-08-19T00:00:00Z,0.6130725298186362
2024-08-18T00:00:00Z,0.738139029998983
2024-08-17T00:00:00Z,0.7057474506535506
2024-08-16T00:00:00Z,0.6669041233408642
2024-08-15T00:00:00Z,0.7491799109515729
2024-08-14T00:00:00Z,0.6373970882508854
2024-08-13T00:00:00Z,0.7123634568717407
2024-08-12T00:00:00Z,0.6479171093800942
2024-08-11T00:00:00Z,0.7749807379005742
2024-08-10T00:00:00Z,0.6264264070429761
2024-08-09T00:00:00Z,0.6283653447451653
2024-08-08T00:00:00Z,0.6044158356181701
2024-08-07T00:00:00Z,0.5495277889882745
2024-08-06T00:00:00Z,0.6262023483157598
2024-08-05T00:00:00Z,0.6618532424028682
2024-08-04T00:00:00Z,0.6848254193501837
2024-08-03T00:00:00Z,0.6617421096839894
2024-08-02T00:00:00Z,0.6368667949102317
2024-08-01T00:00:00Z,0.7197994098369347
2024-07-31T00:00:00Z,0.7486841756659145
2024-07-30T00:00:00Z,0.798192668928383
2024-07-29T00:00:00Z,0.977817976315589
2024-07-28T00:00:00Z,0.8031408964798299
2024-07-27T00:00:00Z,0.8444226392005941
2024-07-26T00:00:00Z,0.8641612119663387
2024-07-25T00:00:00Z,0.847183752417296
2024-07-24T00:00:00Z,0.7453399472674
2024-07-23T00:00:00Z,0.9058243514575278
2024-07-22T00:00:00Z,0.9764465198735737
2024-07-21T00:00:00Z,0.9121543147555049
2024-07-20T00:00:00Z,0.8869997627373882
2024-07-19T00:00:00Z,0.7777303294384981
2024-07-18T00:00:00Z,0.6718022158233309
2024-07-17T00:00:00Z,0.8405591106583863
2024-07-16T00:00:00Z,0.7653592590160729
2024-07-15T00:00:00Z,0.7821231054217405
2024-07-14T00:00:00Z,0.8136032466855223
2024-07-13T00:00:00Z,0.7410973144677753
2024-07-12T00:00:00Z,0.6995377246304739
2024-07-11T00:00:00Z,0.6601075713206491
2024-07-10T00:00:00Z,0.6439223637131324
2024-07-09T00:00:00Z,0.7187657281141089
2024-07-08T00:00:00Z,0.7280450830756431
2024-07-07T00:00:00Z,0.6577117181244249
2024-07-06T00:00:00Z,0.7676197809497378
2024-07-05T00:00:00Z,0.5491953846302159
2024-07-04T00:00:00Z,0.671261567437994
2024-07-03T00:00:00Z,0.7193251131955328
2024-07-02T00:00:00Z,0.7579038947119648
2024-07-01T00:00:00Z,0.732305331664669
2024-06-30T00:00:00Z,0.6082671507269957
2024-06-29T00:00:00Z,0.780045881454246
2024-06-28T00:00:00Z,0.6799252254470121
2024-06-27T00:00:00Z,0.657579833504291
2024-06-26T00:00:00Z,0.6200657314437931
2024-06-25T00:00:00Z,0.634686920137178
2024-06-24T00:00:00Z,0.7685487664520507
2024-06-23T00:00:00Z,0.5915059876898886
2024-06-22T00:00:00Z,0.8047949430263273
2024-06-21T00:00:00Z,0.7544377952846035
2024-06-20T00:00:00Z,0.7391131133304418
2024-06-19T00:00:00Z,0.7589319584224855
2024-06-18T00:00:00Z,0.8448453697511846
2024-06-17T00:00:00Z,0.7781479066232148
2024-06-16T00:00:00Z,0.9184324393632457
2024-06-15T00:00:00Z,0.7777404135031787
2024-06-14T00:00:00Z,0.7625391909364083
2024-06-13T00:00:00Z,0.8714460746794156
2024-06-12T00:00:00Z,0.8691483398740664
2024-06-11T00:00:00Z,0.7346898980656569
2024-06-10T00:00:00Z,0.884037626379977
2024-06-09T00:00:00Z,0.9742980638049452
2024-06-08T00:00:00Z,1.2231217258698501
2024-06-07T00:00:00Z,1.3599349844167004
2024-06-06T00:00:00Z,0.8722194672180029
2024-06-05T00:00:00Z,0.7995747764946854
2024-06-04T00:00:00Z,0.8068548377827485
2024-06-03T00:00:00Z,0.9408881965928962
2024-06-02T00:00:00Z,0.8194892245230857
2024-06-01T00:00:00Z,0.8394565388371559
2024-05-31T00:00:00Z,0.924391097612669
2024-05-30T00:00:00Z,0.7360331862975611
2024-05-29T00:00:00Z,0.8124039617879499
2024-05-28T00:00:00Z,0.7632446096114067
2024-05-27T00:00:00Z,0.7205005434109913
2024-05-26T00:00:00Z,0.9618944841720104
2024-05-25T00:00:00Z,0.9215465659116032
2024-05-24T00:00:00Z,0.9119055017059186
2024-05-23T00:00:00Z,0.9840058149787133
2024-05-22T00:00:00Z,0.8957012631132876
2024-05-21T00:00:00Z,0.833315082664301
2024-05-20T00:00:00Z,0.8786403718202807
2024-05-19T00:00:00Z,0.8559204626736203
2024-05-18T00:00:00Z,0.7202080718965025
2024-05-17T00:00:00Z,0.8633104976890109
2024-05-16T00:00:00Z,0.7901798425445724
2024-05-15T00:00:00Z,0.7606425634331996
2024-05-14T00:00:00Z,0.7128446060344259
2024-05-13T00:00:00Z,0.781019818287223
2024-05-12T00:00:00Z,0.6842790047754438
2024-05-11T00:00:00Z,0.8374739488468781
2024-05-10T00:00:00Z,0.775585483212114
2024-05-09T00:00:00Z,0.7703275670381659
2024-05-08T00:00:00Z,0.6839598397017097
2024-05-07T00:00:00Z,0.6815092003172383
2024-05-06T00:00:00Z,0.692838620314214
2024-05-05T00:00:00Z,0.9146666495595012
2024-05-04T00:00:00Z,0.7927642248445983
2024-05-03T00:00:00Z,0.6822988687832416
2024-05-02T00:00:00Z,0.7326319930658188
2024-05-01T00:00:00Z,0.6748174595733657
2024-04-30T00:00:00Z,0.7727262462710451
2024-04-29T00:00:00Z,0.7329226184710537
2024-04-28T00:00:00Z,0.8025918708586406
2024-04-27T00:00:00Z,0.8111406435738548
2024-04-26T00:00:00Z,0.838351403800852
2024-04-25T00:00:00Z,0.9132306045511182
2024-04-24T00:00:00Z,1.256441682490038
2024-04-23T00:00:00Z,1.642400016386658
2024-04-22T00:00:00Z,1.2451403139933588
2024-04-21T00:00:00Z,1.3149921091708388
2024-04-20T00:00:00Z,2.771049444816568
2024-04-19T00:00:00Z,1.7608990207539361
2024-04-18T00:00:00Z,1.6601772886770423
2024-04-17T00:00:00Z,1.6017640679559622
2024-04-16T00:00:00Z,1.8663706395834339
2024-04-15T00:00:00Z,1.7787085847748056
2024-04-14T00:00:00Z,1.7980677618371816
2024-04-13T00:00:00Z,1.9967914000528542
2024-04-12T00:00:00Z,1.8577705726173646
2024-04-11T00:00:00Z,1.7503509832868096
2024-04-10T00:00:00Z,1.8764828776787004
2024-04-09T00:00:00Z,1.8071598473948571
2024-04-08T00:00:00Z,1.95595472639089
2024-04-07T00:00:00Z,2.0341106723972655
2024-04-06T00:00:00Z,1.8218296812895374
2024-04-05T00:00:00Z,1.7366012150383423
2024-04-04T00:00:00Z,1.6051985734218328
2024-04-03T00:00:00Z,1.653468346815466
2024-04-02T00:00:00Z,1.7242037342027219
2024-04-01T00:00:00Z,1.8487511665395324
2024-03-31T00:00:00Z,1.7191083951801336
2024-03-30T00:00:00Z,1.9336238685160239
2024-03-29T00:00:00Z,1.8050716832273368
2024-03-28T00:00:00Z,1.9212440158880197
2024-03-27T00:00:00Z,1.713742498898206
2024-03-26T00:00:00Z,1.7107203611317552
2024-03-25T00:00:00Z,1.6403468252673916
2024-03-24T00:00:00Z,1.9888679844650987
2024-03-23T00:00:00Z,1.8254722013773041
2024-03-22T00:00:00Z,1.5998911110058243
2024-03-21T00:00:00Z,1.4909555936098242
2024-03-20T00:00:00Z,1.7499830326394523
2024-03-19T00:00:00Z,1.8817890934175021
2024-03-18T00:00:00Z,1.8245791234942355
2024-03-17T00:00:00Z,1.8034755990954763
2024-03-16T00:00:00Z,1.8403781232993028
2024-03-15T00:00:00Z,1.6448078684568528
2024-03-14T00:00:00Z,1.91055494126478
2024-03-13T00:00:00Z,2.1860346214482376
2024-03-12T00:00:00Z,1.920855616785325
2024-03-11T00:00:00Z,2.287718360058745
2024-03-10T00:00:00Z,1.8952355529462985
2024-03-09T00:00:00Z,2.1350691782100495
2024-03-08T00:00:00Z,2.025948777571031
2024-03-07T00:00:00Z,2.3379086424266764
2024-03-06T00:00:00Z,1.8537708008896199
2024-03-05T00:00:00Z,2.276468089649908
2024-03-04T00:00:00Z,1.7520305015515667
2024-03-03T00:00:00Z,1.9052417861402882
2024-03-02T00:00:00Z,1.5702579086224762
2024-03-01T00:00:00Z,1.9197041112341042
2024-02-29T00:00:00Z,1.714477002700435
2024-02-28T00:00:00Z,1.7938062645870974
2024-02-27T00:00:00Z,1.4796878710358172
2024-02-26T00:00:00Z,1.3909116618338822
2024-02-25T00:00:00Z,1.667762171529718
2024-02-24T00:00:00Z,1.3950128557606798
2024-02-23T00:00:00Z,1.6192852783548701
2024-02-22T00:00:00Z,1.3945754612787378
2024-02-21T00:00:00Z,1.430023534300897
2024-02-20T00:00:00Z,1.474705875640079
2024-02-19T00:00:00Z,1.4297106294018624
2024-02-18T00:00:00Z,1.2626962168426406
2024-02-17T00:00:00Z,1.5608152830514685
2024-02-16T00:00:00Z,1.4205492517162692
2024-02-15T00:00:00Z,1.6677085690034406
2024-02-14T00:00:00Z,1.478273761390903
2024-02-13T00:00:00Z,1.3950997921268677
2024-02-12T00:00:00Z,1.8257923667839302
2024-02-11T00:00:00Z,1.3507775292723094
2024-02-10T00:00:00Z,1.4913922499735472
2024-02-09T00:00:00Z,1.6255097162913101
2024-02-08T00:00:00Z,1.3115337743442084
2024-02-07T00:00:00Z,1.4841433296353799
2024-02-06T00:00:00Z,1.5350332705306446
2024-02-05T00:00:00Z,1.4287250994087128
2024-02-04T00:00:00Z,1.4723784617692046
2024-02-03T00:00:00Z,1.5581841587564098
2024-02-02T00:00:00Z,1.7274750550034337
2024-02-01T00:00:00Z,1.395790416040362
2024-01-31T00:00:00Z,1.2133502005932622
2024-01-30T00:00:00Z,1.3446119823859783
2024-01-29T00:00:00Z,1.4275060425567145
2024-01-28T00:00:00Z,1.4459368752102677
2024-01-27T00:00:00Z,1.5421695548711731
2024-01-26T00:00:00Z,1.3517989570989273
2024-01-25T00:00:00Z,1.56899287807707
2024-01-24T00:00:00Z,1.3118033317136333
2024-01-23T00:00:00Z,1.36763042811701
2024-01-22T00:00:00Z,1.4474185361818066
2024-01-21T00:00:00Z,1.3069054549667742
2024-01-20T00:00:00Z,1.3330051929216533
2024-01-19T00:00:00Z,1.2470213325659418
2024-01-18T00:00:00Z,1.4146626050569082
2024-01-17T00:00:00Z,1.2254914265948482
2024-01-16T00:00:00Z,1.296982228997917
2024-01-15T00:00:00Z,1.1825920582264318
2024-01-14T00:00:00Z,1.458734581626439
2024-01-13T00:00:00Z,1.6126457522905986
2024-01-12T00:00:00Z,1.751778156297376
2024-01-11T00:00:00Z,1.8605173098269014
2024-01-10T00:00:00Z,1.4206695182633622
2024-01-09T00:00:00Z,1.672776487451628
2024-01-08T00:00:00Z,1.3665662941389685
2024-01-07T00:00:00Z,1.2248653953190693
2024-01-06T00:00:00Z,1.4427546311346333
2024-01-05T00:00:00Z,1.4690553790627945
2024-01-04T00:00:00Z,1.7786421335378175
2024-01-03T00:00:00Z,1.717041133523214
2024-01-02T00:00:00Z,1.5045858029240253
2024-01-01T00:00:00Z,1.764525541497183
2023-12-31T00:00:00Z,1.962005674650021
2023-12-30T00:00:00Z,1.722326222591009
2023-12-29T00:00:00Z,1.7170318058816594
2023-12-28T00:00:00Z,1.4900002280485216
2023-12-27T00:00:00Z,1.6227446423864897
2023-12-26T00:00:00Z,1.5679708251953544
2023-12-25T00:00:00Z,1.5944086556960002
2023-12-24T00:00:00Z,1.9360179114510379
2023-12-23T00:00:00Z,1.8769127598814868
2023-12-22T00:00:00Z,2.158791599255341
2023-12-21T00:00:00Z,2.0753073261085015
2023-12-20T00:00:00Z,2.0840249886051074
2023-12-19T00:00:00Z,2.2437241687629665
2023-12-18T00:00:00Z,2.1780812592061984
2023-12-17T00:00:00Z,2.2848398792950744
2023-12-16T00:00:00Z,2.3516307457723262
2023-12-15T00:00:00Z,2.261687684306882
2023-12-14T00:00:00Z,1.9857599993818886
2023-12-13T00:00:00Z,1.7554777211075667
2023-12-12T00:00:00Z,1.575363616380755
2023-12-11T00:00:00Z,1.7682261518671134
2023-12-10T00:00:00Z,1.6335473836469843
2023-12-09T00:00:00Z,1.8641172283024705
2023-12-08T00:00:00Z,1.648286211838165
2023-12-07T00:00:00Z,1.478949927356446
2023-12-06T00:00:00Z,1.9102968019223783
2023-12-05T00:00:00Z,1.7745162254184617
2023-12-04T00:00:00Z,1.7752779570418573
2023-12-03T00:00:00Z,1.7850218669097186
2023-12-02T00:00:00Z,1.2766579270671772
2023-12-01T00:00:00Z,1.7156543315819148
2023-11-30T00:00:00Z,1.3298348118340337
2023-11-29T00:00:00Z,1.3476392147677727
2023-11-28T00:00:00Z,1.4540482698491792
2023-11-27T00:00:00Z,1.307743369739606
2023-11-26T00:00:00Z,1.4610421454366478
2023-11-25T00:00:00Z,1.6076342159750237
2023-11-24T00:00:00Z,1.700303198546505
2023-11-23T00:00:00Z,1.2145554698936767
2023-11-22T00:00:00Z,1.5045980194229425
2023-11-21T00:00:00Z,1.6504458551334082
2023-11-20T00:00:00Z,1.8018532044511564
2023-11-19T00:00:00Z,1.8449701820254754
2023-11-18T00:00:00Z,1.8233308527690149
2023-11-17T00:00:00Z,1.7290794247025691
2023-11-16T00:00:00Z,1.8495792125797803
2023-11-15T00:00:00Z,1.5526927157206147
2023-11-14T00:00:00Z,1.4149955106544767
2023-11-13T00:00:00Z,1.2938594133806838
2023-11-12T00:00:00Z,1.693418305729496
2023-11-11T00:00:00Z,1.685887245600846
2023-11-10T00:00:00Z,1.7030975895110665
2023-11-09T00:00:00Z,1.71620571825879
2023-11-08T00:00:00Z,1.527903212633816
2023-11-07T00:00:00Z,1.3264572016223515
2023-11-06T00:00:00Z,1.2544658902152341
2023-11-05T00:00:00Z,1.5794086774609235
2023-11-04T00:00:00Z,1.627380114431692
2023-11-03T00:00:00Z,1.266874535359794
2023-11-02T00:00:00Z,1.3484342861395877
2023-11-01T00:00:00Z,1.3712380281654044
2023-10-31T00:00:00Z,1.4175389443480293
2023-10-30T00:00:00Z,1.4295085382037525
2023-10-29T00:00:00Z,1.249121301061158
2023-10-28T00:00:00Z,1.4564517076324073
2023-10-27T00:00:00Z,1.4084894144139835
2023-10-26T00:00:00Z,1.39726001893379
2023-10-25T00:00:00Z,1.3592691227646925
2023-10-24T00:00:00Z,1.1871243466509782
2023-10-23T00:00:00Z,1.3040195252182254
2023-10-22T00:00:00Z,1.2262234443026774
2023-10-21T00:00:00Z,1.204328549973017
2023-10-20T00:00:00Z,1.0732820599414028
2023-10-19T00:00:00Z,1.0807074723488754
2023-10-18T00:00:00Z,1.116960925073695
2023-10-17T00:00:00Z,1.2464351980019452
2023-10-16T00:00:00Z,1.0730935715732721
2023-10-15T00:00:00Z,1.2119296798706694
2023-10-14T00:00:00Z,1.0629557220350403
2023-10-13T00:00:00Z,1.0131110953293716
2023-10-12T00:00:00Z,1.2083321512367988
2023-10-11T00:00:00Z,1.1831178008915202
2023-10-10T00:00:00Z,1.2142862856081227
2023-10-09T00:00:00Z,1.1801007830551664
2023-10-08T00:00:00Z,1.1275021316710003
2023-10-07T00:00:00Z,1.3322587899100493
2023-10-06T00:00:00Z,1.2422164780598801
2023-10-05T00:00:00Z,1.0802198222414947
2023-10-04T00:00:00Z,1.0012722691838598
2023-10-03T00:00:00Z,1.2479624221818642
2023-10-02T00:00:00Z,1.2199340225123043
2023-10-01T00:00:00Z,1.0563733619810403
2023-09-30T00:00:00Z,1.0297892799195854
2023-09-29T00:00:00Z,1.1043158895106422
2023-09-28T00:00:00Z,1.0843467717424455
2023-09-27T00:00:00Z,1.154577770937126
2023-09-26T00:00:00Z,0.9982257720766574
2023-09-25T00:00:00Z,1.0678638141121837
2023-09-24T00:00:00Z,1.0947238748923906
2023-09-23T00:00:00Z,1.1850090670603814
2023-09-22T00:00:00Z,0.9862774098991061
2023-09-21T00:00:00Z,1.0598520997203862
2023-09-20T00:00:00Z,1.1344653682072734
2023-09-19T00:00:00Z,1.079365294106038
2023-09-18T00:00:00Z,1.1959166374608794
2023-09-17T00:00:00Z,1.1126365097843947
2023-09-16T00:00:00Z,1.1559854255646536
2023-09-15T00:00:00Z,1.4014575684141852
2023-09-14T00:00:00Z,1.2098412001556453
2023-09-13T00:00:00Z,1.0880317466740521
2023-09-12T00:00:00Z,1.0364585780167743
2023-09-11T00:00:00Z,1.1490813458694413
2023-09-10T00:00:00Z,1.0956187430822115
2023-09-09T00:00:00Z,1.1107101830988138
2023-09-08T00:00:00Z,0.993369997020493
2023-09-07T00:00:00Z,1.0740010843856689
2023-09-06T00:00:00Z,0.9907622717521206
2023-09-05T00:00:00Z,0.9073465225842735
2023-09-04T00:00:00Z,1.089318707308361
2023-09-03T00:00:00Z,1.1518681692428008
2023-09-02T00:00:00Z,1.110073491623626
2023-09-01T00:00:00Z,1.1100742930624743
2023-08-31T00:00:00Z,1.1024402847204835
2023-08-30T00:00:00Z,0.9774815580040751
2023-08-29T00:00:00Z,1.1929571584284808
2023-08-28T00:00:00Z,0.870961751047511
2023-08-27T00:00:00Z,0.8536125497271438
2023-08-26T00:00:00Z,0.9997578701441039
2023-08-25T00:00:00Z,0.9951068287410868
2023-08-24T00:00:00Z,1.025998782200839
2023-08-23T00:00:00Z,1.0514993976051497
2023-08-22T00:00:00Z,1.0512727355602514
2023-08-21T00:00:00Z,1.2121561841673651
2023-08-20T00:00:00Z,1.192212545523528
2023-08-19T00:00:00Z,1.030993621531938
2023-08-18T00:00:00Z,1.0404202674537917
2023-08-17T00:00:00Z,1.2455405098784582
2023-08-16T00:00:00Z,1.3430677823092878
2023-08-15T00:00:00Z,1.4121270121054466
2023-08-14T00:00:00Z,1.4250624401928245
2023-08-13T00:00:00Z,1.124918212514642
2023-08-12T00:00:00Z,1.3972861224548934
2023-08-11T00:00:00Z,1.2719111411711586
2023-08-10T00:00:00Z,1.080598128674276
2023-08-09T00:00:00Z,1.383064561209046
2023-08-08T00:00:00Z,1.0696300752053547
2023-08-07T00:00:00Z,1.2192096717068803
2023-08-06T00:00:00Z,1.3576891786040928
2023-08-05T00:00:00Z,1.274290388887008
2023-08-04T00:00:00Z,1.0201176446349451
2023-08-03T00:00:00Z,1.267588120222966
2023-08-02T00:00:00Z,1.302857506924731
2023-08-01T00:00:00Z,1.1580093137315182
2023-07-31T00:00:00Z,1.1869294463854256
2023-07-30T00:00:00Z,1.409504619513673
2023-07-29T00:00:00Z,1.1139629092594299
2023-07-28T00:00:00Z,1.1827153490774114
2023-07-27T00:00:00Z,1.1718713021578337
2023-07-26T00:00:00Z,1.2154498492589367
2023-07-25T00:00:00Z,1.1614790343368218
2023-07-24T00:00:00Z,1.274993325586106
2023-07-23T00:00:00Z,1.2811802650645383
2023-07-22T00:00:00Z,1.1967941411367475
2023-07-21T00:00:00Z,0.9780577857670408
2023-07-20T00:00:00Z,1.116409559339951
2023-07-19T00:00:00Z,1.2764256643292065
2023-07-18T00:00:00Z,1.3975511759443835
2023-07-17T00:00:00Z,1.1845160518602849
2023-07-16T00:00:00Z,1.3453004633361283
2023-07-15T00:00:00Z,1.2098058344005977
2023-07-14T00:00:00Z,1.2490855540156858
2023-07-13T00:00:00Z,1.084218213893743
2023-07-12T00:00:00Z,1.2916448529720952
2023-07-11T00:00:00Z,1.2111986172018543
2023-07-10T00:00:00Z,1.3609340121866658
2023-07-09T00:00:00Z,1.492949183660141
2023-07-08T00:00:00Z,1.574848963662882
2023-07-07T00:00:00Z,1.5534436719508855
2023-07-06T00:00:00Z,1.2507154152079165
2023-07-05T00:00:00Z,1.414834253865858
2023-07-04T00:00:00Z,1.3028098635653587
2023-07-03T00:00:00Z,1.2664997731190777
2023-07-02T00:00:00Z,1.5547502044227481
2023-07-01T00:00:00Z,1.2227926880098134
2023-06-30T00:00:00Z,1.4589034565207346
2023-06-29T00:00:00Z,1.3515204410954804
2023-06-28T00:00:00Z,0.999711174723665
2023-06-27T00:00:00Z,1.2962965287089558
2023-06-26T00:00:00Z,1.3404740037963845
2023-06-25T00:00:00Z,1.4162853114372662
2023-06-24T00:00:00Z,1.3593267778140719
2023-06-23T00:00:00Z,1.1698088004538776
2023-06-22T00:00:00Z,1.2750081652744247
2023-06-21T00:00:00Z,1.094684213517865
2023-06-20T00:00:00Z,1.1377725345338208
2023-06-19T00:00:00Z,1.148828130380066
2023-06-18T00:00:00Z,1.2194433604393335
2023-06-17T00:00:00Z,1.1446482238728302
2023-06-16T00:00:00Z,1.219869725872158
2023-06-15T00:00:00Z,1.1485436917900929
2023-06-14T00:00:00Z,0.9731088863468975
2023-06-13T00:00:00Z,1.1762357263084333
2023-06-12T00:00:00Z,1.2545876263934341
2023-06-11T00:00:00Z,1.2901602274231525
2023-06-10T00:00:00Z,1.2395741281421966
2023-06-09T00:00:00Z,1.4196542966972374
2023-06-08T00:00:00Z,1.2947573214191863
2023-06-07T00:00:00Z,1.1891254277467402
2023-06-06T00:00:00Z,1.2642565723355768
2023-06-05T00:00:00Z,1.1515140163132007
2023-06-04T00:00:00Z,1.2381572323542867
2023-06-03T00:00:00Z,1.091840457885438
2023-06-02T00:00:00Z,1.4060529526140444
2023-06-01T00:00:00Z,1.139352872893898
2023-05-31T00:00:00Z,1.2212253779157314
2023-05-30T00:00:00Z,1.3691104808476815
2023-05-29T00:00:00Z,1.4269617687079952
2023-05-28T00:00:00Z,1.3724520418503456
2023-05-27T00:00:00Z,1.223716056350507
2023-05-26T00:00:00Z,1.3246335744933575
2023-05-25T00:00:00Z,1.2888586498755912
2023-05-24T00:00:00Z,1.1907588747366984
2023-05-23T00:00:00Z,1.3303545605417622
2023-05-22T00:00:00Z,1.2321226562480279
2023-05-21T00:00:00Z,1.2963464211124411
2023-05-20T00:00:00Z,1.153084580748646
2023-05-19T00:00:00Z,1.331718799454112
2023-05-18T00:00:00Z,1.2712093944001268
2023-05-17T00:00:00Z,1.39883668494214
2023-05-16T00:00:00Z,1.3714892220145822
2023-05-15T00:00:00Z,1.306262821847862
2023-05-14T00:00:00Z,1.4980168958296718
2023-05-13T00:00:00Z,1.2912285267082708
2023-05-12T00:00:00Z,1.32283349447878
2023-05-11T00:00:00Z,1.4720710510300443
2023-05-10T00:00:00Z,1.847391611129774
2023-05-09T00:00:00Z,1.8131508971743624
2023-05-08T00:00:00Z,1.978328677073719
2023-05-07T00:00:00Z,1.74801389955183
2023-05-06T00:00:00Z,1.5447081631959014
2023-05-05T00:00:00Z,1.2248509238152379
2023-05-04T00:00:00Z,1.4137278610376551
2023-05-03T00:00:00Z,1.362730164549822
2023-05-02T00:00:00Z,1.23671552774971
2023-05-01T00:00:00Z,1.6258765640297714
2023-04-30T00:00:00Z,1.350684232543058
2023-04-29T00:00:00Z,1.2447762050782387
2023-04-28T00:00:00Z,1.3359366526289138
2023-04-27T00:00:00Z,1.174151573392555
2023-04-26T00:00:00Z,1.1474241383318105
2023-04-25T00:00:00Z,1.0465353919084954
2023-04-24T00:00:00Z,1.1624274729785922
2023-04-23T00:00:00Z,1.203481341991052
2023-04-22T00:00:00Z,1.2131938969139615
2023-04-21T00:00:00Z,1.2127506484809212
2023-04-20T00:00:00Z,1.1390457857485392
2023-04-19T00:00:00Z,1.2226951850271706
2023-04-18T00:00:00Z,1.468930037253854
2023-04-17T00:00:00Z,1.364485306876327
2023-04-16T00:00:00Z,1.1109131859693542
2023-04-15T00:00:00Z,1.4177242023770151
2023-04-14T00:00:00Z,1.2760555024783689
2023-04-13T00:00:00Z,1.274808091313967
2023-04-12T00:00:00Z,1.4178000727296327
2023-04-11T00:00:00Z,1.378117142039932
2023-04-10T00:00:00Z,1.0391736245803032
2023-04-09T00:00:00Z,1.1953722575909507
2023-04-08T00:00:00Z,1.207586024662732
2023-04-07T00:00:00Z,1.1702378094306398
2023-04-06T00:00:00Z,1.3227199863204433
2023-04-05T00:00:00Z,1.1655962309539813
2023-04-04T00:00:00Z,1.3382308877583384
2023-04-03T00:00:00Z,1.0770045982724938
2023-04-02T00:00:00Z,1.225854945064147
2023-04-01T00:00:00Z,1.1675241787970427
2023-03-31T00:00:00Z,1.1646538178445525
2023-03-30T00:00:00Z,1.275054469052619
2023-03-29T00:00:00Z,1.1992666617159822
2023-03-28T00:00:00Z,1.0509177593117622
2023-03-27T00:00:00Z,1.1714723189234881
2023-03-26T00:00:00Z,1.1433577064314544
2023-03-25T00:00:00Z,1.1503586214112849
2023-03-24T00:00:00Z,1.315529501631036
2023-03-23T00:00:00Z,1.4634458025629058
2023-03-22T00:00:00Z,1.2823733772679617
2023-03-21T00:00:00Z,1.1601888360757349
2023-03-20T00:00:00Z,1.2249877065977062
2023-03-19T00:00:00Z,1.1586016655834275
2023-03-18T00:00:00Z,1.2652383136264327
2023-03-17T00:00:00Z,1.1172190990035302
2023-03-16T00:00:00Z,0.946192629194606
2023-03-15T00:00:00Z,1.029183242673934
2023-03-14T00:00:00Z,1.0362815019118492
2023-03-13T00:00:00Z,1.01210673280058
2023-03-12T00:00:00Z,0.9258912187076453
2023-03-11T00:00:00Z,0.9349053573630418
2023-03-10T00:00:00Z,0.7788442061926305
2023-03-09T00:00:00Z,0.8274871358287044
2023-03-08T00:00:00Z,0.8212378911844878
2023-03-07T00:00:00Z,1.0227791169138438
2023-03-06T00:00:00Z,0.8234839092793517
2023-03-05T00:00:00Z,0.9554567861073682
2023-03-04T00:00:00Z,0.9348692085903936
2023-03-03T00:00:00Z,1.0415860125369454
2023-03-02T00:00:00Z,0.9309406120242146
2023-03-01T00:00:00Z,1.1020748421862427
2023-02-28T00:00:00Z,0.8830836739348712
2023-02-27T00:00:00Z,0.8995351962168806
2023-02-26T00:00:00Z,1.0570853584844546
2023-02-25T00:00:00Z,0.6730164850442305
2023-02-24T00:00:00Z,0.8675948888571857
2023-02-23T00:00:00Z,1.1157635826300143
2023-02-22T00:00:00Z,0.9111176644274421
2023-02-21T00:00:00Z,1.1106002157092478
2023-02-20T00:00:00Z,0.9783189083932625
2023-02-19T00:00:00Z,1.0718351641412793
2023-02-18T00:00:00Z,1.1126299050732913
2023-02-17T00:00:00Z,1.0740747567364919
2023-02-16T00:00:00Z,1.1915992170000607
2023-02-15T00:00:00Z,1.0070553752908853
2023-02-14T00:00:00Z,0.9075927910418996
2023-02-13T00:00:00Z,0.9062405698846229
2023-02-12T00:00:00Z,0.9413538979604021
2023-02-11T00:00:00Z,0.8550518806013964
2023-02-10T00:00:00Z,0.8543280981669924
2023-02-09T00:00:00Z,0.9653270131968628
2023-02-08T00:00:00Z,0.8409619302519041
2023-02-07T00:00:00Z,0.8630462763940404
2023-02-06T00:00:00Z,0.8898028140821543
2023-02-05T00:00:00Z,0.919646275149176
2023-02-04T00:00:00Z,0.8354116167147382
2023-02-03T00:00:00Z,0.8229935395840281
2023-02-02T00:00:00Z,0.9044101739072508
2023-02-01T00:00:00Z,0.8318655302687274
2023-01-31T00:00:00Z,0.6909348356305295
2023-01-30T00:00:00Z,0.8276260131732271
2023-01-29T00:00:00Z,0.9672391912669054
2023-01-28T00:00:00Z,0.9918146189907917
2023-01-27T00:00:00Z,0.9098565276641265
2023-01-26T00:00:00Z,0.916221029326914
2023-01-25T00:00:00Z,1.0162434670228855
2023-01-24T00:00:00Z,0.7635668225019342
2023-01-23T00:00:00Z,0.9235254159305715
2023-01-22T00:00:00Z,0.8802715259557083
2023-01-21T00:00:00Z,0.8110089236932139
2023-01-20T00:00:00Z,0.7241954497360487
2023-01-19T00:00:00Z,0.7711490453477238
2023-01-18T00:00:00Z,0.7533195540634335
2023-01-17T00:00:00Z,0.8356117334604969
2023-01-16T00:00:00Z,0.7781729665349556
2023-01-15T00:00:00Z,0.8474136391903431
2023-01-14T00:00:00Z,0.8923322089285659
2023-01-13T00:00:00Z,0.7630530176920212
2023-01-12T00:00:00Z,0.694540048683582
2023-01-11T00:00:00Z,0.638482301737561
2023-01-10T00:00:00Z,0.7230893627036048
2023-01-09T00:00:00Z,0.6474383507570532
2023-01-08T00:00:00Z,0.6366237285053967
2023-01-07T00:00:00Z,0.6399595502196798
2023-01-06T00:00:00Z,0.743854478227491
2023-01-05T00:00:00Z,0.6491984809461613
2023-01-04T00:00:00Z,0.5907152183875807
2023-01-03T00:00:00Z,0.6271959748355476
2023-01-02T00:00:00Z,0.6310592758252357
2023-01-01T00:00:00Z,0.6186715805446135
2022-12-31T00:00:00Z,0.6240876994550212
2022-12-30T00:00:00Z,0.635475275992455
2022-12-29T00:00:00Z,0.5681909569678779
2022-12-28T00:00:00Z,0.6743652290245183
2022-12-27T00:00:00Z,0.4710273437638535
2022-12-26T00:00:00Z,0.5221914645688108
2022-12-25T00:00:00Z,0.5647033528678005
2022-12-24T00:00:00Z,0.36107178128683604
2022-12-23T00:00:00Z,0.5278050999110672
2022-12-22T00:00:00Z,0.5356326517550644
2022-12-21T00:00:00Z,0.5673907581488332
2022-12-20T00:00:00Z,0.5534773080929419
2022-12-19T00:00:00Z,0.533014397780356
2022-12-18T00:00:00Z,0.5638300247397319
2022-12-17T00:00:00Z,0.5381752290346051
2022-12-16T00:00:00Z,0.5186958373749201
2022-12-15T00:00:00Z,0.5688456623601734
2022-12-14T00:00:00Z,0.6100224511639467
2022-12-13T00:00:00Z,0.6629317515649638
2022-12-12T00:00:00Z,0.5570835526064858
2022-12-11T00:00:00Z,0.5731218899962672
2022-12-10T00:00:00Z,0.6011779213256578
2022-12-09T00:00:00Z,0.5936034121566186
2022-12-08T00:00:00Z,0.6403766504984666
2022-12-07T00:00:00Z,0.6569406428595199
2022-12-06T00:00:00Z,0.5225254987954953
2022-12-05T00:00:00Z,0.5661332382566459
2022-12-04T00:00:00Z,0.534791270529669
2022-12-03T00:00:00Z,0.501750031134071
2022-12-02T00:00:00Z,0.48036753124038994
2022-12-01T00:00:00Z,0.5858389979111169
2022-11-30T00:00:00Z,0.5220483185987165
2022-11-29T00:00:00Z,0.47805705727458514
2022-11-28T00:00:00Z,0.49830862394687314
2022-11-27T00:00:00Z,0.49340892479963555
2022-11-26T00:00:00Z,0.4000231024497407
2022-11-25T00:00:00Z,0.4483972430079634
2022-11-24T00:00:00Z,0.4713241895315577
2022-11-23T00:00:00Z,0.5082824147647836
2022-11-22T00:00:00Z,0.4387452713467767
2022-11-21T00:00:00Z,0.4489904354580858
2022-11-20T00:00:00Z,0.5295475335716459
2022-11-19T00:00:00Z,0.526737445106551
2022-11-18T00:00:00Z,0.5095132467014548
2022-11-17T00:00:00Z,0.4950382285287015
2022-11-16T00:00:00Z,0.5377176439448259
2022-11-15T00:00:00Z,0.5578406403473997
2022-11-14T00:00:00Z,0.4268381194167754
2022-11-13T00:00:00Z,0.44779182873713574
2022-11-12T00:00:00Z,0.5817671290567722
2022-11-11T00:00:00Z,0.47737936217874616
2022-11-10T00:00:00Z,0.5197351300874666
2022-11-09T00:00:00Z,0.5381984357076846
2022-11-08T00:00:00Z,0.6511733880808863
2022-11-07T00:00:00Z,0.6078700011361158
2022-11-06T00:00:00Z,0.5874961386207528
2022-11-05T00:00:00Z,0.6490292984522333
2022-11-04T00:00:00Z,0.5403991827253517
2022-11-03T00:00:00Z,0.6660106304245885
2022-11-02T00:00:00Z,0.4990148267478229
2022-11-01T00:00:00Z,0.5864745229196627
2022-10-31T00:00:00Z,0.6963457350640908
2022-10-30T00:00:00Z,0.5512730169536316
2022-10-29T00:00:00Z,0.5842965018342704
2022-10-28T00:00:00Z,0.6367090149778961
2022-10-27T00:00:00Z,0.5459171987677103
2022-10-26T00:00:00Z,0.6245602279913717
2022-10-25T00:00:00Z,0.4655600235689046
2022-10-24T00:00:00Z,0.5067570524630546
2022-10-23T00:00:00Z,0.5693281881835981
2022-10-22T00:00:00Z,0.497266354367634
2022-10-21T00:00:00Z,0.5654801961419922
2022-10-20T00:00:00Z,0.5268096816771589
2022-10-19T00:00:00Z,0.5508426628408255
2022-10-18T00:00:00Z,0.5238153263378523
2022-10-17T00:00:00Z,0.5469648922541156
2022-10-16T00:00:00Z,0.5142085192167519
2022-10-15T00:00:00Z,0.5409557159253974
2022-10-14T00:00:00Z,0.5681325695308984
2022-10-13T00:00:00Z,0.5079970969376129
2022-10-12T00:00:00Z,0.4833942205919945
2022-10-11T00:00:00Z,0.5501587599774611
2022-10-10T00:00:00Z,0.5938521124873142
2022-10-09T00:00:00Z,0.5595514705560418
2022-10-08T00:00:00Z,0.6198869932675639
2022-10-07T00:00:00Z,0.6150998020570208
2022-10-06T00:00:00Z,0.5824263420604123
2022-10-05T00:00:00Z,0.6379687296139694
2022-10-04T00:00:00Z,0.5878806019863997
2022-10-03T00:00:00Z,0.5386372594378788
2022-10-02T00:00:00Z,0.5436255474460783
2022-10-01T00:00:00Z,0.6289966668226799
2022-09-30T00:00:00Z,0.5955203577250262
2022-09-29T00:00:00Z,0.5000446956252794
2022-09-28T00:00:00Z,0.5156583661579928
2022-09-27T00:00:00Z,0.45867207396012794
2022-09-26T00:00:00Z,0.5113538978708947
2022-09-25T00:00:00Z,0.49708765172893105
2022-09-24T00:00:00Z,0.495630051766351
2022-09-23T00:00:00Z,0.46011997388183995
2022-09-22T00:00:00Z,0.43191261254875124
2022-09-21T00:00:00Z,0.476037824505325
2022-09-20T00:00:00Z,0.5173895702767737
2022-09-19T00:00:00Z,0.43688917772374414
2022-09-18T00:00:00Z,0.5382896595605905
2022-09-17T00:00:00Z,0.5977585822377671
2022-09-16T00:00:00Z,0.44778597243779883
2022-09-15T00:00:00Z,0.5171374508860259
2022-09-14T00:00:00Z,0.45236236561465815
2022-09-13T00:00:00Z,0.5189739983777404
2022-09-12T00:00:00Z,0.5899362413744542
2022-09-11T00:00:00Z,0.6842464950716601
2022-09-10T00:00:00Z,0.5826889657139587
2022-09-09T00:00:00Z,0.5319781195892789
2022-09-08T00:00:00Z,0.4256042315428666
2022-09-07T00:00:00Z,0.4783491979847679
2022-09-06T00:00:00Z,0.48142294993776924
2022-09-05T00:00:00Z,0.5211084696304119
2022-09-04T00:00:00Z,0.5683191535454044
2022-09-03T00:00:00Z,0.49947031007656423
2022-09-02T00:00:00Z,0.4463236748813845
2022-09-01T00:00:00Z,0.47098618510243484
2022-08-31T00:00:00Z,0.5021744822995357
2022-08-30T00:00:00Z,0.5527785875509165
2022-08-29T00:00:00Z,0.5305056042989742
2022-08-28T00:00:00Z,0.5410021315595799
2022-08-27T00:00:00Z,0.49033166358399327
2022-08-26T00:00:00Z,0.6263883991738723
2022-08-25T00:00:00Z,0.5768609787864261
2022-08-24T00:00:00Z,0.5246307628251573
2022-08-23T00:00:00Z,0.614918575279585
2022-08-22T00:00:00Z,0.5142853762690346
2022-08-21T00:00:00Z,0.5178408580303435
2022-08-20T00:00:00Z,0.5230772065175757
2022-08-19T00:00:00Z,0.6446955060484405
2022-08-18T00:00:00Z,0.5608085429020448
2022-08-17T00:00:00Z,0.5104657770345571
2022-08-16T00:00:00Z,0.5858363785956889
2022-08-15T00:00:00Z,0.5789516629253413
2022-08-14T00:00:00Z,0.5341269439380479
2022-08-13T00:00:00Z,0.559901828955879
2022-08-12T00:00:00Z,0.6083171974002681
2022-08-11T00:00:00Z,0.5638645042736569
2022-08-10T00:00:00Z,0.569610478685484
2022-08-09T00:00:00Z,0.5540697765243807
2022-08-08T00:00:00Z,0.5601106907024713
2022-08-07T00:00:00Z,0.5953220590692906
2022-08-06T00:00:00Z,0.6061507437522708
2022-08-05T00:00:00Z,0.5654941448110297
2022-08-04T00:00:00Z,0.49234405314019436
2022-08-03T00:00:00Z,0.5456103816067268
2022-08-02T00:00:00Z,0.5764345775261666
2022-08-01T00:00:00Z,0.5112189661586158
2022-07-31T00:00:00Z,0.5803561309203791
2022-07-30T00:00:00Z,0.49998737203738924
2022-07-29T00:00:00Z,0.5619799227142905
2022-07-28T00:00:00Z,0.5309325778124839
2022-07-27T00:00:00Z,0.5694152946507239
2022-07-26T00:00:00Z,0.5397266469777114
2022-07-25T00:00:00Z,0.49883163299278155
2022-07-24T00:00:00Z,0.5674156047832124
2022-07-23T00:00:00Z,0.5531214394964808
2022-07-22T00:00:00Z,0.49412065224134566
2022-07-21T00:00:00Z,0.516204066225961
2022-07-20T00:00:00Z,0.4815583793103974
2022-07-19T00:00:00Z,0.5033529300828798
2022-07-18T00:00:00Z,0.4605940423175589
2022-07-17T00:00:00Z,0.4217010371370336
2022-07-16T00:00:00Z,0.4933487610829241
2022-07-15T00:00:00Z,0.47593269896363494
2022-07-14T00:00:00Z,0.40866158414296394
2022-07-13T00:00:00Z,0.3485155280099818
2022-07-12T00:00:00Z,0.4751900174698228
2022-07-11T00:00:00Z,0.40154244421736124
2022-07-10T00:00:00Z,0.5121074530634913
2022-07-09T00:00:00Z,0.46061330662777067
2022-07-08T00:00:00Z,0.5147249682993131
2022-07-07T00:00:00Z,0.5200937195636125
2022-07-06T00:00:00Z,0.41165251004701137
2022-07-05T00:00:00Z,0.37676717666045056
2022-07-04T00:00:00Z,0.4402435993566384
2022-07-03T00:00:00Z,0.4657267281602182
2022-07-02T00:00:00Z,0.41817687276577
2022-07-01T00:00:00Z,0.4149362664470875
2022-06-30T00:00:00Z,0.5198780919638232
2022-06-29T00:00:00Z,0.47828637930274087
2022-06-28T00:00:00Z,0.47608790195552403
2022-06-27T00:00:00Z,0.450965865655742
2022-06-26T00:00:00Z,0.46406271574391
2022-06-25T00:00:00Z,0.5046195724575435
2022-06-24T00:00:00Z,0.4302355015395701
2022-06-23T00:00:00Z,0.49130323005814636
2022-06-22T00:00:00Z,0.4142280127488525
2022-06-21T00:00:00Z,0.495887012820063
2022-06-20T00:00:00Z,0.4236553211168873
2022-06-19T00:00:00Z,0.4021485251136684
2022-06-18T00:00:00Z,0.47345506581175173
2022-06-17T00:00:00Z,0.35644406162940917
2022-06-16T00:00:00Z,0.405081691355755
2022-06-15T00:00:00Z,0.5567159962978134
2022-06-14T00:00:00Z,0.5135467707248778
2022-06-13T00:00:00Z,0.5108727221626911
2022-06-12T00:00:00Z,0.5463033802730668
2022-06-11T00:00:00Z,0.691473066763514
2022-06-10T00:00:00Z,0.6807656207067239
2022-06-09T00:00:00Z,0.6866461068142238
2022-06-08T00:00:00Z,0.8417717318308877
2022-06-07T00:00:00Z,0.7558873000227229
2022-06-06T00:00:00Z,0.7305327869286224
2022-06-05T00:00:00Z,0.6761394676163148
2022-06-04T00:00:00Z,0.643968995820759
2022-06-03T00:00:00Z,0.6718785990069847
2022-06-02T00:00:00Z,0.5914076943568333
2022-06-01T00:00:00Z,0.6619744970625949
2022-05-31T00:00:00Z,0.7199221993016689
2022-05-30T00:00:00Z,0.7319498448285064
2022-05-29T00:00:00Z,0.6719225278041138
2022-05-28T00:00:00Z,0.6633626407535526
2022-05-27T00:00:00Z,0.6226991941757908
2022-05-26T00:00:00Z,0.6480451953011553
2022-05-25T00:00:00Z,0.6694002068530446
2022-05-24T00:00:00Z,0.5493562575382134
2022-05-23T00:00:00Z,0.7486341248060893
2022-05-22T00:00:00Z,0.5635778428066207
2022-05-21T00:00:00Z,0.6139490192846248
2022-05-20T00:00:00Z,0.5955365621716328
2022-05-19T00:00:00Z,0.563630902763359
2022-05-18T00:00:00Z,0.6164347380246593
2022-05-17T00:00:00Z,0.6932535455331217
2022-05-16T00:00:00Z,0.7638992211187897
2022-05-15T00:00:00Z,0.5709481965417198
2022-05-14T00:00:00Z,0.6481274999173493
2022-05-13T00:00:00Z,0.7203049719706807
2022-05-12T00:00:00Z,0.6020625534171975
2022-05-11T00:00:00Z,0.682815122619852
2022-05-10T00:00:00Z,0.7355238698040365
2022-05-09T00:00:00Z,0.7764826803181821
2022-05-08T00:00:00Z,0.814992436605357
2022-05-07T00:00:00Z,0.7808434161105114
2022-05-06T00:00:00Z,0.7819001720517776
2022-05-05T00:00:00Z,0.9201200501032303
2022-05-04T00:00:00Z,0.8552779493807043
2022-05-03T00:00:00Z,0.8611247745738559
2022-05-02T00:00:00Z,0.927911287778753
2022-05-01T00:00:00Z,0.9486939409421912
2022-04-30T00:00:00Z,0.8639669781842749
2022-04-29T00:00:00Z,0.8788437962966309
2022-04-28T00:00:00Z,0.7828283701092118
2022-04-27T00:00:00Z,0.982973642483545
2022-04-26T00:00:00Z,0.8292867194588441
2022-04-25T00:00:00Z,0.949030666561324
2022-04-24T00:00:00Z,1.0025599804514398
2022-04-23T00:00:00Z,0.9574490828250384
2022-04-22T00:00:00Z,0.8064352897169931
2022-04-21T00:00:00Z,1.0423991159696553
2022-04-20T00:00:00Z,0.979578739628907
2022-04-19T00:00:00Z,0.7540272015048286
2022-04-18T00:00:00Z,0.7845399352540512
2022-04-17T00:00:00Z,0.9752149169454122
2022-04-16T00:00:00Z,0.7952468995983462
2022-04-15T00:00:00Z,0.9347777290011682
2022-04-14T00:00:00Z,0.827602610639991
2022-04-13T00:00:00Z,0.8350342245623099
2022-04-12T00:00:00Z,0.8949755021572899
2022-04-11T00:00:00Z,0.8275634396394698
2022-04-10T00:00:00Z,0.8715210710647504
2022-04-09T00:00:00Z,0.9453741744337313
2022-04-08T00:00:00Z,0.8477647905021208
2022-04-07T00:00:00Z,0.8734319418757154
2022-04-06T00:00:00Z,0.9733216536778926
2022-04-05T00:00:00Z,0.9769105514732465
2022-04-04T00:00:00Z,1.0558491218566441
2022-04-03T00:00:00Z,0.9340250679102748
2022-04-02T00:00:00Z,0.9113672489359428
2022-04-01T00:00:00Z,0.9376116766558217
2022-03-31T00:00:00Z,0.9381846702659367
2022-03-30T00:00:00Z,0.921592149325415
2022-03-29T00:00:00Z,1.0344438468758765
2022-03-28T00:00:00Z,1.0835802722492835
2022-03-27T00:00:00Z,0.8446236446266994
2022-03-26T00:00:00Z,1.0244663240356606
2022-03-25T00:00:00Z,0.9941857246598853
2022-03-24T00:00:00Z,0.8910296556786832
2022-03-23T00:00:00Z,0.8800653617298609
2022-03-22T00:00:00Z,0.9059555262854571
2022-03-21T00:00:00Z,0.8986711303826381
2022-03-20T00:00:00Z,0.9119992917397128
2022-03-19T00:00:00Z,0.9236590280693908
2022-03-18T00:00:00Z,0.834059200449048
2022-03-17T00:00:00Z,0.924636531778121
2022-03-16T00:00:00Z,0.8855974038120389
2022-03-15T00:00:00Z,0.7704486376001974
2022-03-14T00:00:00Z,0.8390321217187209
2022-03-13T00:00:00Z,0.8280284628752391
2022-03-12T00:00:00Z,0.8597168978631641
2022-03-11T00:00:00Z,0.7600975190256568
2022-03-10T00:00:00Z,0.8132776624357314
2022-03-09T00:00:00Z,0.809517560332977
2022-03-08T00:00:00Z,0.8056914316756392
2022-03-07T00:00:00Z,0.7970253513542828
2022-03-06T00:00:00Z,0.7177047677157631
2022-03-05T00:00:00Z,0.6778041357720881
2022-03-04T00:00:00Z,0.8032570880097637
2022-03-03T00:00:00Z,0.9039594586652314
2022-03-02T00:00:00Z,0.8584480289199373
2022-03-01T00:00:00Z,0.9961043130309367
2022-02-28T00:00:00Z,0.8427307175066904
2022-02-27T00:00:00Z,0.7329037545793303
2022-02-26T00:00:00Z,0.6831038885101041
2022-02-25T00:00:00Z,0.7277062980144426
2022-02-24T00:00:00Z,0.6657522000465793
2022-02-23T00:00:00Z,0.7951043124349986
2022-02-22T00:00:00Z,0.7888786871369483
2022-02-21T00:00:00Z,0.6592566002034628
2022-02-20T00:00:00Z,0.7704160784509856
2022-02-19T00:00:00Z,0.8233121621898833
2022-02-18T00:00:00Z,0.7482111845234485
2022-02-17T00:00:00Z,0.9271766597856747
2022-02-16T00:00:00Z,0.9466633688762681
2022-02-15T00:00:00Z,1.060544785189843
2022-02-14T00:00:00Z,0.8914825280675934
2022-02-13T00:00:00Z,0.9210836261946745
2022-02-12T00:00:00Z,1.0908411385949848
2022-02-11T00:00:00Z,0.8509361816347886
2022-02-10T00:00:00Z,0.9061427121711003
2022-02-09T00:00:00Z,0.8528242542808503
2022-02-08T00:00:00Z,0.9324693089359605
2022-02-07T00:00:00Z,0.8117269965212538
2022-02-06T00:00:00Z,0.8920054929591843
2022-02-05T00:00:00Z,0.6850685096700027
2022-02-04T00:00:00Z,0.6930289587928483
2022-02-03T00:00:00Z,0.7426930719840297
2022-02-02T00:00:00Z,0.7995801450310264
2022-02-01T00:00:00Z,0.8183370764650513
2022-01-31T00:00:00Z,0.7361916314287428
2022-01-30T00:00:00Z,0.761310921806477
2022-01-29T00:00:00Z,0.7755485707596076
2022-01-28T00:00:00Z,0.784557929941992
2022-01-27T00:00:00Z,0.6564352706645918
2022-01-26T00:00:00Z,0.6704996624112693
2022-01-25T00:00:00Z,0.7617065091053171
2022-01-24T00:00:00Z,0.7240508974024029
2022-01-23T00:00:00Z,0.683670883303846
2022-01-22T00:00:00Z,0.6536771850588073
2022-01-21T00:00:00Z,0.7148909194359993
2022-01-20T00:00:00Z,0.976526803576159
2022-01-19T00:00:00Z,0.9939924894342401
2022-01-18T00:00:00Z,0.7846853280485959
2022-01-17T00:00:00Z,0.9400670125086273
2022-01-16T00:00:00Z,1.0321100047406773
2022-01-15T00:00:00Z,0.9812308468808972
2022-01-14T00:00:00Z,0.9345554663358652
2022-01-13T00:00:00Z,1.0680920698936578
2022-01-12T00:00:00Z,0.8304080603270978
2022-01-11T00:00:00Z,0.9214876627296555
2022-01-10T00:00:00Z,0.8167620327366911
2022-01-09T00:00:00Z,0.812093447460846
2022-01-08T00:00:00Z,0.8265774117324481
2022-01-07T00:00:00Z,0.8146315058752017
2022-01-06T00:00:00Z,0.8703410880852912
2022-01-05T00:00:00Z,0.9531682789812673
2022-01-04T00:00:00Z,0.9433134946948801
2022-01-03T00:00:00Z,0.9058865308282134
2022-01-02T00:00:00Z,1.0272597658784426
2022-01-01T00:00:00Z,1.1145365175186541
2021-12-31T00:00:00Z,0.9735645406993849
2021-12-30T00:00:00Z,0.7837432031172507
2021-12-29T00:00:00Z,0.9611256172679117
2021-12-28T00:00:00Z,0.9146060682645204
2021-12-27T00:00:00Z,1.0494220199655284
2021-12-26T00:00:00Z,0.9314415579384064
2021-12-25T00:00:00Z,1.0352131528895085
2021-12-24T00:00:00Z,1.0733039078358668
2021-12-23T00:00:00Z,1.0405847668664476
2021-12-22T00:00:00Z,0.7171687616359942
2021-12-21T00:00:00Z,1.0878279232971135
2021-12-20T00:00:00Z,0.935063870034629
2021-12-19T00:00:00Z,0.9801382710862728
2021-12-18T00:00:00Z,0.8352111652434646
2021-12-17T00:00:00Z,0.9857138206997221
2021-12-16T00:00:00Z,0.7876813648843263
2021-12-15T00:00:00Z,0.953785378913049
2021-12-14T00:00:00Z,0.983208968265652
2021-12-13T00:00:00Z,0.9538445493226027
2021-12-12T00:00:00Z,0.9757749413514774
2021-12-11T00:00:00Z,1.032406609403388
2021-12-10T00:00:00Z,1.0659952907956485
2021-12-09T00:00:00Z,1.133930265037162
2021-12-08T00:00:00Z,1.1968914226371734
2021-12-07T00:00:00Z,1.1204142535534631
2021-12-06T00:00:00Z,1.1921358048632062
2021-12-05T00:00:00Z,1.1784134223457339
2021-12-04T00:00:00Z,1.0766907762367306
2021-12-03T00:00:00Z,1.348489022876176
2021-12-02T00:00:00Z,1.2663367645121681
2021-12-01T00:00:00Z,1.1400579402842563
2021-11-30T00:00:00Z,1.1155206518140715
2021-11-29T00:00:00Z,1.1952555978591703
2021-11-28T00:00:00Z,1.0982506001330414
2021-11-27T00:00:00Z,1.1196106852203118
2021-11-26T00:00:00Z,1.0645425796785373
2021-11-25T00:00:00Z,1.103332809281649
2021-11-24T00:00:00Z,1.2893928004060016
2021-11-23T00:00:00Z,1.1051604458310424
2021-11-22T00:00:00Z,1.1912765994060766
2021-11-21T00:00:00Z,1.1317326047349536
2021-11-20T00:00:00Z,1.2500184947004074
2021-11-19T00:00:00Z,1.1612526269651335
2021-11-18T00:00:00Z,1.2593515552477548
2021-11-17T00:00:00Z,1.3266625119335527
2021-11-16T00:00:00Z,1.3599383760496884
2021-11-15T00:00:00Z,1.469345541351483
2021-11-14T00:00:00Z,1.50041532899522
2021-11-13T00:00:00Z,1.4688809303505261
2021-11-12T00:00:00Z,1.377990198405278
2021-11-11T00:00:00Z,1.5543896904474965
2021-11-10T00:00:00Z,1.5195807517170317
2021-11-09T00:00:00Z,1.578837039848939
2021-11-08T00:00:00Z,1.3614141968419566
2021-11-07T00:00:00Z,1.44027571068442
2021-11-06T00:00:00Z,1.438386763796017
2021-11-05T00:00:00Z,1.4729781486737163
2021-11-04T00:00:00Z,1.3616031961732298
2021-11-03T00:00:00Z,1.567631734729579
2021-11-02T00:00:00Z,1.5398996737399793
2021-11-01T00:00:00Z,1.406757451516458
2021-10-31T00:00:00Z,1.3227698954416238
2021-10-30T00:00:00Z,1.492500163995603
2021-10-29T00:00:00Z,1.657791094172961
2021-10-28T00:00:00Z,1.4426518694712345
2021-10-27T00:00:00Z,1.475221054238389
2021-10-26T00:00:00Z,1.477434145493602
2021-10-25T00:00:00Z,1.8131483290980719
2021-10-24T00:00:00Z,1.4796700215160143
2021-10-23T00:00:00Z,1.4192872720575225
2021-10-22T00:00:00Z,1.574972827067964
2021-10-21T00:00:00Z,1.5410329077244644
2021-10-20T00:00:00Z,1.567819239202141
2021-10-19T00:00:00Z,1.5760295801879325
2021-10-18T00:00:00Z,1.4983746756285783
2021-10-17T00:00:00Z,1.5922064234700177
2021-10-16T00:00:00Z,1.3467234051514716
2021-10-15T00:00:00Z,1.4034852490949479
2021-10-14T00:00:00Z,1.3031489788263306
2021-10-13T00:00:00Z,1.5781521724243885
2021-10-12T00:00:00Z,1.2761081404494603
2021-10-11T00:00:00Z,1.39323563055944
2021-10-10T00:00:00Z,1.4675452797985094
2021-10-09T00:00:00Z,1.3539810801323635
2021-10-08T00:00:00Z,1.1152932039173848
2021-10-07T00:00:00Z,1.3144555406328116
2021-10-06T00:00:00Z,1.1765940954175607
2021-10-05T00:00:00Z,1.396679825672722
2021-10-04T00:00:00Z,1.2803033465322795
2021-10-03T00:00:00Z,1.2245564406129323
2021-10-02T00:00:00Z,1.5319749896581119
2021-10-01T00:00:00Z,1.1109618189268389
2021-09-30T00:00:00Z,1.2724950493520975
2021-09-29T00:00:00Z,0.9399485260728732
2021-09-28T00:00:00Z,1.0953668233696299
2021-09-27T00:00:00Z,1.167090909026736
2021-09-26T00:00:00Z,1.0297198426163094
2021-09-25T00:00:00Z,1.0636960198989764
2021-09-24T00:00:00Z,1.1087725809197813
2021-09-23T00:00:00Z,1.2698533486042263
2021-09-22T00:00:00Z,1.0020805346845887
2021-09-21T00:00:00Z,0.9167545913531504
2021-09-20T00:00:00Z,1.2887944436057877
2021-09-19T00:00:00Z,1.3400826944917996
2021-09-18T00:00:00Z,1.3197888993755464
2021-09-17T00:00:00Z,1.2348245767042825
2021-09-16T00:00:00Z,1.1564236585594232
2021-09-15T00:00:00Z,1.2117491072733906
2021-09-14T00:00:00Z,1.3712718093616003
2021-09-13T00:00:00Z,1.2645701000459733
2021-09-12T00:00:00Z,1.2002399625808484
2021-09-11T00:00:00Z,1.2064674437551237
2021-09-10T00:00:00Z,1.1325512680535603
2021-09-09T00:00:00Z,1.1525633460892013
2021-09-08T00:00:00Z,1.1957200292377412
2021-09-07T00:00:00Z,1.4037033467905182
2021-09-06T00:00:00Z,1.6286121467711951
2021-09-05T00:00:00Z,1.5050898196450926
2021-09-04T00:00:00Z,1.422938441526538
2021-09-03T00:00:00Z,1.3602672890080059
2021-09-02T00:00:00Z,1.3786430154829277
2021-09-01T00:00:00Z,1.2192971586615595
2021-08-31T00:00:00Z,1.2659943581050035
2021-08-30T00:00:00Z,1.2093861883074337
2021-08-29T00:00:00Z,1.4116440822802092
2021-08-28T00:00:00Z,1.2887952724318614
2021-08-27T00:00:00Z,1.3053662385676081
2021-08-26T00:00:00Z,1.2983283917319608
2021-08-25T00:00:00Z,1.456410211695298
2021-08-24T00:00:00Z,1.4277632960128672
2021-08-23T00:00:00Z,1.8600643073351046
2021-08-22T00:00:00Z,1.5259628472147675
2021-08-21T00:00:00Z,1.5881562569902201
2021-08-20T00:00:00Z,1.4663838501858562
2021-08-19T00:00:00Z,1.3398512684975474
2021-08-18T00:00:00Z,1.1796784317598652
2021-08-17T00:00:00Z,1.528465873026722
2021-08-16T00:00:00Z,1.4679785022861649
2021-08-15T00:00:00Z,1.6354134819385788
2021-08-14T00:00:00Z,1.5020120149212444
2021-08-13T00:00:00Z,1.3017792423293582
2021-08-12T00:00:00Z,1.330469568903995
2021-08-11T00:00:00Z,1.3339113900889505
2021-08-10T00:00:00Z,1.4837523312088343
2021-08-09T00:00:00Z,1.35217325564645
2021-08-08T00:00:00Z,1.3833433440845653
2021-08-07T00:00:00Z,1.4427882509211445
2021-08-06T00:00:00Z,1.3115842808514429
2021-08-05T00:00:00Z,1.2635716636120384
2021-08-04T00:00:00Z,1.0619012841970124
2021-08-03T00:00:00Z,1.305829133347655
2021-08-02T00:00:00Z,1.1425123168385458
2021-08-01T00:00:00Z,1.2856142763688054
2021-07-31T00:00:00Z,1.3286818038789832
2021-07-30T00:00:00Z,1.3343648175037328
2021-07-29T00:00:00Z,1.2989822108904867
2021-07-28T00:00:00Z,1.2800718564078988
2021-07-27T00:00:00Z,1.3130607918337975
2021-07-26T00:00:00Z,1.1839528205719303
2021-07-25T00:00:00Z,1.0775356471236694
2021-07-24T00:00:00Z,1.07350455029935
2021-07-23T00:00:00Z,0.9115790783319722
2021-07-22T00:00:00Z,1.016887380803234
2021-07-21T00:00:00Z,0.9372556381361289
2021-07-20T00:00:00Z,0.7608845787137785
2021-07-19T00:00:00Z,1.1045249051741113
2021-07-18T00:00:00Z,0.9524861143000117
2021-07-17T00:00:00Z,0.9409515022529603
2021-07-16T00:00:00Z,0.9995480486261296
2021-07-15T00:00:00Z,0.8713069923939666
2021-07-14T00:00:00Z,1.1704601636427632
2021-07-13T00:00:00Z,0.9603764732083242
2021-07-12T00:00:00Z,0.9128685778539783
2021-07-11T00:00:00Z,0.8999296230915421
2021-07-10T00:00:00Z,1.1522467357659303
2021-07-09T00:00:00Z,0.937908261384939
2021-07-08T00:00:00Z,0.9886562527559347
2021-07-07T00:00:00Z,0.9347609763534755
2021-07-06T00:00:00Z,1.0723429777123494
2021-07-05T00:00:00Z,1.0018027620761916
2021-07-04T00:00:00Z,0.9063961551155857
2021-07-03T00:00:00Z,0.9901029234718363
2021-07-02T00:00:00Z,0.7029894118622182
2021-07-01T00:00:00Z,0.7702623617739488
2021-06-30T00:00:00Z,0.723863361302576
2021-06-29T00:00:00Z,0.7429900444456629
2021-06-28T00:00:00Z,0.7073443076035282
2021-06-27T00:00:00Z,0.4372332834108647
2021-06-26T00:00:00Z,0.6280640200110237
2021-06-25T00:00:00Z,0.8301295744423535
2021-06-24T00:00:00Z,0.8120620545293148
2021-06-23T00:00:00Z,0.79313346184646
2021-06-22T00:00:00Z,0.6756463836346434
2021-06-21T00:00:00Z,0.7904603715553465
2021-06-20T00:00:00Z,0.8155194438107268
2021-06-19T00:00:00Z,0.8199167288079954
2021-06-18T00:00:00Z,1.0267025872397069
2021-06-17T00:00:00Z,1.1236052800229146
2021-06-16T00:00:00Z,1.0983555397073073
2021-06-15T00:00:00Z,1.194327778493884
2021-06-14T00:00:00Z,1.213498756948788
2021-06-13T00:00:00Z,1.0807448901397676
2021-06-12T00:00:00Z,1.0717661854932703
2021-06-11T00:00:00Z,0.9009764101522577
2021-06-10T00:00:00Z,1.0145942146020823
2021-06-09T00:00:00Z,0.9927300329268042
2021-06-08T00:00:00Z,1.1126208639451716
2021-06-07T00:00:00Z,1.0934586316410362
2021-06-06T00:00:00Z,1.2174647610503322
2021-06-05T00:00:00Z,1.0973067570289554
2021-06-04T00:00:00Z,1.1285993379059074
2021-06-03T00:00:00Z,1.3232384611566848
2021-06-02T00:00:00Z,1.4447750300407944
2021-06-01T00:00:00Z,1.2216462166275366
2021-05-31T00:00:00Z,1.200218260332421
2021-05-30T00:00:00Z,1.192605941852367
2021-05-29T00:00:00Z,0.9768439235915836
2021-05-28T00:00:00Z,1.0753094922041055
2021-05-27T00:00:00Z,1.113594995724694
2021-05-26T00:00:00Z,1.1922118699189914
2021-05-25T00:00:00Z,1.178719595448429
2021-05-24T00:00:00Z,1.1913719403688765
2021-05-23T00:00:00Z,1.0527955751710554
2021-05-22T00:00:00Z,1.134109303254427
2021-05-21T00:00:00Z,1.1649158491368787
2021-05-20T00:00:00Z,1.2176626759529776
2021-05-19T00:00:00Z,1.2943709242514316
2021-05-18T00:00:00Z,1.1275529993533766
2021-05-17T00:00:00Z,1.3618910977666552
2021-05-16T00:00:00Z,1.5488389668812295
2021-05-15T00:00:00Z,1.5106036386553914
2021-05-14T00:00:00Z,1.7021482694121894
2021-05-13T00:00:00Z,2.012600776566449
2021-05-12T00:00:00Z,2.416100765329168
2021-05-11T00:00:00Z,2.4448048443005606
2021-05-10T00:00:00Z,2.6968006200947148
2021-05-09T00:00:00Z,2.731383783649729
2021-05-08T00:00:00Z,2.6013322091970266
2021-05-07T00:00:00Z,2.589086714149501
2021-05-06T00:00:00Z,2.5884340174226974
2021-05-05T00:00:00Z,2.3621834733476943
2021-05-04T00:00:00Z,2.66593135658642
2021-05-03T00:00:00Z,2.7805090605940674
2021-05-02T00:00:00Z,2.7983804517839674
2021-05-01T00:00:00Z,2.2387638940483465
2021-04-30T00:00:00Z,2.320998535045036
2021-04-29T00:00:00Z,1.9671253394516903
2021-04-28T00:00:00Z,2.2630668038735724
2021-04-27T00:00:00Z,2.323391077583769
2021-04-26T00:00:00Z,1.9010257563539674
2021-04-25T00:00:00Z,2.0241483222030565
2021-04-24T00:00:00Z,2.212020496743058
2021-04-23T00:00:00Z,2.294669310813207
2021-04-22T00:00:00Z,2.665463246393968
2021-04-21T00:00:00Z,2.0525096436020287
2021-04-20T00:00:00Z,2.564296145656585
2021-04-19T00:00:00Z,1.9470381641957468
2021-04-18T00:00:00Z,2.3652339113878322
2021-04-17T00:00:00Z,1.9140461438774443
2021-04-16T00:00:00Z,2.062332195036074
2021-04-15T00:00:00Z,3.316339053676553
2021-04-14T00:00:00Z,2.6819458820057265
2021-04-13T00:00:00Z,2.6685999693830538
2021-04-12T00:00:00Z,2.60342376348529
2021-04-11T00:00:00Z,2.5453115790989624
2021-04-10T00:00:00Z,2.830514249685606
2021-04-09T00:00:00Z,2.7566536613096404
2021-04-08T00:00:00Z,2.370691106386566
2021-04-07T00:00:00Z,2.766654842488279
2021-04-06T00:00:00Z,2.6555655362629476
2021-04-05T00:00:00Z,2.82119020937314
2021-04-04T00:00:00Z,2.5805592963861415
2021-04-03T00:00:00Z,2.4408835903746766
2021-04-02T00:00:00Z,2.6399227697418106
2021-04-01T00:00:00Z,2.723772833875701
2021-03-31T00:00:00Z,2.9732082628553855
2021-03-30T00:00:00Z,2.769370709167535
2021-03-29T00:00:00Z,2.7572644857015884
2021-03-28T00:00:00Z,2.792860866093182
2021-03-27T00:00:00Z,2.7999050010627267
2021-03-26T00:00:00Z,2.3916902934072066
2021-03-25T00:00:00Z,2.639492718653695
2021-03-24T00:00:00Z,2.769162714036712
2021-03-23T00:00:00Z,2.916455384137277
2021-03-22T00:00:00Z,2.8840553454523272
2021-03-21T00:00:00Z,2.9451667394643484
2021-03-20T00:00:00Z,3.073925635933375
2021-03-19T00:00:00Z,3.06073155073402
2021-03-18T00:00:00Z,3.2252116150975825
2021-03-17T00:00:00Z,2.7462310399873844
2021-03-16T00:00:00Z,2.9650080358940154
2021-03-15T00:00:00Z,3.092253991549191
2021-03-14T00:00:00Z,3.3775462834345165
2021-03-13T00:00:00Z,3.1263768662753226
2021-03-12T00:00:00Z,3.1789732457639275
2021-03-11T00:00:00Z,2.8134663269281113
2021-03-10T00:00:00Z,3.092483187126135
2021-03-09T00:00:00Z,2.8579601351956074
2021-03-08T00:00:00Z,2.9237451572931645
2021-03-07T00:00:00Z,2.7039301149738995
2021-03-06T00:00:00Z,2.7295829032898995
2021-03-05T00:00:00Z,2.7483530326896375
2021-03-04T00:00:00Z,2.498291745820666
2021-03-03T00:00:00Z,3.034884774472846
2021-03-02T00:00:00Z,2.7904602049956932
2021-03-01T00:00:00Z,2.510511444414948
2021-02-28T00:00:00Z,2.2811815719726387
2021-02-27T00:00:00Z,2.9008164767795575
2021-02-26T00:00:00Z,2.706513246033563
2021-02-25T00:00:00Z,3.227750792265576
2021-02-24T00:00:00Z,3.4007650498385424
2021-02-23T00:00:00Z,2.7745796046259126
2021-02-22T00:00:00Z,3.0844222706793563
2021-02-21T00:00:00Z,3.332627000507234
2021-02-20T00:00:00Z,3.5232265469974795
2021-02-19T00:00:00Z,3.5277702769280954
2021-02-18T00:00:00Z,3.11971773154112
2021-02-17T00:00:00Z,3.0898989049746084
2021-02-16T00:00:00Z,2.591743801606441
2021-02-15T00:00:00Z,3.1228705536821613
2021-02-14T00:00:00Z,3.0511198633846477
2021-02-13T00:00:00Z,3.265896658032663
2021-02-12T00:00:00Z,3.2041048519451474
2021-02-11T00:00:00Z,2.8570016452569575
2021-02-10T00:00:00Z,3.038094002998175
2021-02-09T00:00:00Z,3.1924096524279433
2021-02-08T00:00:00Z,2.996149402589413
2021-02-07T00:00:00Z,2.6030089677497315
2021-02-06T00:00:00Z,2.8187258619636637
2021-02-05T00:00:00Z,2.889123269995705
2021-02-04T00:00:00Z,2.8187364853583263
2021-02-03T00:00:00Z,2.5297355604679894
2021-02-02T00:00:00Z,2.493352936362132
2021-02-01T00:00:00Z,1.9106568738180036
2021-01-31T00:00:00Z,2.1821029891938264
2021-01-30T00:00:00Z,2.2033917017754896
2021-01-29T00:00:00Z,2.5819658801692227
2021-01-28T00:00:00Z,2.0799020742624528
2021-01-27T00:00:00Z,1.9845335971017113
2021-01-26T00:00:00Z,2.3062032509338284
2021-01-25T00:00:00Z,2.1651526394597975
2021-01-24T00:00:00Z,1.9886290097265464
2021-01-23T00:00:00Z,2.2715685241979178
2021-01-22T00:00:00Z,2.123790036506463
2021-01-21T00:00:00Z,2.032633225241005
2021-01-20T00:00:00Z,2.3095335403023594
2021-01-19T00:00:00Z,2.564989377217448
2021-01-18T00:00:00Z,2.428575022502861
2021-01-17T00:00:00Z,2.1781106048554792
2021-01-16T00:00:00Z,2.5370280854222003
2021-01-15T00:00:00Z,2.8598837858194956
2021-01-14T00:00:00Z,2.809784039200097
2021-01-13T00:00:00Z,2.6069894740015607
2021-01-12T00:00:00Z,2.6365823253767218
2021-01-11T00:00:00Z,2.6276489509908347
2021-01-10T00:00:00Z,3.018024992973261
2021-01-09T00:00:00Z,2.7865105325437423
2021-01-08T00:00:00Z,2.9956307992191062
2021-01-07T00:00:00Z,3.1733719086125403
2021-01-06T00:00:00Z,3.0765412459299912
2021-01-05T00:00:00Z,2.5434126716062844
2021-01-04T00:00:00Z,2.734710939050112
2021-01-03T00:00:00Z,2.609117847982483
2021-01-02T00:00:00Z,2.296319731316388
2021-01-01T00:00:00Z,2.0955792328277107
2020-12-31T00:00:00Z,2.4381785853110154
2020-12-30T00:00:00Z,2.4436198666809843
2020-12-29T00:00:00Z,2.0857126624953293
2020-12-28T00:00:00Z,2.197321718576049
2020-12-27T00:00:00Z,2.05059402851369
2020-12-26T00:00:00Z,1.745047946472942
2020-12-25T00:00:00Z,1.7784655040171455
2020-12-24T00:00:00Z,1.5521893548868744
2020-12-23T00:00:00Z,1.9502642713324327
2020-12-22T00:00:00Z,1.7828585859887993
2020-12-21T00:00:00Z,1.7285682914433624
2020-12-20T00:00:00Z,1.8098065125290996
2020-12-19T00:00:00Z,1.9571484466355595
2020-12-18T00:00:00Z,2.0399248219486226
2020-12-17T00:00:00Z,1.673345964751046
2020-12-16T00:00:00Z,1.4874740831865998
2020-12-15T00:00:00Z,1.395899072522011
2020-12-14T00:00:00Z,1.4129894379624104
2020-12-13T00:00:00Z,1.4842758437881884
2020-12-12T00:00:00Z,1.2386328751332614
2020-12-11T00:00:00Z,1.2819732563500177
2020-12-10T00:00:00Z,1.2410664159926799
2020-12-09T00:00:00Z,1.3197675433644942
2020-12-08T00:00:00Z,1.4145675922915613
2020-12-07T00:00:00Z,1.4858099907261602
2020-12-06T00:00:00Z,1.324487381258956
2020-12-05T00:00:00Z,1.4161772966356492
2020-12-04T00:00:00Z,1.4858546762903324
2020-12-03T00:00:00Z,1.6776447635945835
2020-12-02T00:00:00Z,1.3927253937641424
2020-12-01T00:00:00Z,1.631394253539309
2020-11-30T00:00:00Z,1.1379822537715343
2020-11-29T00:00:00Z,1.3561364489909031
2020-11-28T00:00:00Z,1.3657169505926667
2020-11-27T00:00:00Z,1.3899848785860078
2020-11-26T00:00:00Z,1.4088642373511164
2020-11-25T00:00:00Z,1.5821291812142206
2020-11-24T00:00:00Z,1.3756087036881195
2020-11-23T00:00:00Z,1.405420795064563
2020-11-22T00:00:00Z,1.614940501102947
2020-11-21T00:00:00Z,1.612371752765592
2020-11-20T00:00:00Z,1.6146063115488156
2020-11-19T00:00:00Z,1.3281008668093601
2020-11-18T00:00:00Z,1.6165732140033588
2020-11-17T00:00:00Z,1.4368790616419385
2020-11-16T00:00:00Z,1.394077107676254
2020-11-15T00:00:00Z,1.2312012216239048
2020-11-14T00:00:00Z,1.1922597780743673
2020-11-13T00:00:00Z,1.2390287109577525
2020-11-12T00:00:00Z,1.3816111211719242
2020-11-11T00:00:00Z,1.2578924710000592
2020-11-10T00:00:00Z,1.2921487329031243
2020-11-09T00:00:00Z,1.567818418013844
2020-11-08T00:00:00Z,1.1424824916054226
2020-11-07T00:00:00Z,1.263123120717518
2020-11-06T00:00:00Z,1.4637595927753342
2020-11-05T00:00:00Z,1.366654583178524
2020-11-04T00:00:00Z,1.3106050432501604
2020-11-03T00:00:00Z,1.2466066779122846
2020-11-02T00:00:00Z,0.8580732255306378
2020-11-01T00:00:00Z,1.0372465467167553
2020-10-31T00:00:00Z,1.0479126629159587
2020-10-30T00:00:00Z,1.0070421692573057
2020-10-29T00:00:00Z,0.9777011958787456
2020-10-28T00:00:00Z,0.8961616649256382
2020-10-27T00:00:00Z,0.8512611316070882
2020-10-26T00:00:00Z,0.8166379626262494
2020-10-25T00:00:00Z,0.8124424195966264
2020-10-24T00:00:00Z,1.0606705127987996
2020-10-23T00:00:00Z,0.9713843251376326
2020-10-22T00:00:00Z,1.0314949854105264
2020-10-21T00:00:00Z,0.9013878274370574
2020-10-20T00:00:00Z,0.9000421956541982
2020-10-19T00:00:00Z,0.7499476866455277
2020-10-18T00:00:00Z,0.6985585072099718
2020-10-17T00:00:00Z,0.8957164938153629
2020-10-16T00:00:00Z,0.9103779097297655
2020-10-15T00:00:00Z,0.9043855559212559
2020-10-14T00:00:00Z,0.8870051883937891
2020-10-13T00:00:00Z,0.9843900726516803
2020-10-12T00:00:00Z,0.8914894102895309
2020-10-11T00:00:00Z,0.8133698642853459
2020-10-10T00:00:00Z,0.8489839862808723
2020-10-09T00:00:00Z,0.8459901820438115
2020-10-08T00:00:00Z,0.9211944707328897
2020-10-07T00:00:00Z,0.862834473520096
2020-10-06T00:00:00Z,0.7627423848827802
2020-10-05T00:00:00Z,0.8006229975566946
2020-10-04T00:00:00Z,0.8492510250298935
2020-10-03T00:00:00Z,0.8213877589789128
2020-10-02T00:00:00Z,0.7846084842222998
2020-10-01T00:00:00Z,0.7205401805573506
2020-09-30T00:00:00Z,0.8787315681566799
2020-09-29T00:00:00Z,0.7903458508102561
2020-09-28T00:00:00Z,0.7164318152596488
2020-09-27T00:00:00Z,0.8068598711261162
2020-09-26T00:00:00Z,0.7989976911763046
2020-09-25T00:00:00Z,0.9202704417104589
2020-09-24T00:00:00Z,0.7452047067495629
2020-09-23T00:00:00Z,0.7780081210815336
2020-09-22T00:00:00Z,0.6984751877153881
2020-09-21T00:00:00Z,0.783650051933666
2020-09-20T00:00:00Z,0.7586215338785344
2020-09-19T00:00:00Z,0.8121778803632465
2020-09-18T00:00:00Z,0.9046639119788014
2020-09-17T00:00:00Z,0.9679487487217978
2020-09-16T00:00:00Z,0.8541485526746149
2020-09-15T00:00:00Z,0.8480724433752457
2020-09-14T00:00:00Z,0.9223250754461251
2020-09-13T00:00:00Z,0.8233206860801789
2020-09-12T00:00:00Z,0.8652031015993225
2020-09-11T00:00:00Z,0.7328278976954433
2020-09-10T00:00:00Z,0.841401795151796
2020-09-09T00:00:00Z,0.7683987632109042
2020-09-08T00:00:00Z,0.7875424992269178
2020-09-07T00:00:00Z,0.889704396797886
2020-09-06T00:00:00Z,0.7560033227970622
2020-09-05T00:00:00Z,0.7529431258344813
2020-09-04T00:00:00Z,0.7592739275825646
2020-09-03T00:00:00Z,0.7562231777503858
2020-09-02T00:00:00Z,0.8666309596074583
2020-09-01T00:00:00Z,0.9396496393379811
2020-08-31T00:00:00Z,0.8722051558514506
2020-08-30T00:00:00Z,0.7223748926835688
2020-08-29T00:00:00Z,0.8124299711479426
2020-08-28T00:00:00Z,0.925033826233703
2020-08-27T00:00:00Z,0.7613181857967282
2020-08-26T00:00:00Z,0.8173220066185002
2020-08-25T00:00:00Z,0.7370473130693873
2020-08-24T00:00:00Z,0.8498777762324943
2020-08-23T00:00:00Z,0.8675672647871541
2020-08-22T00:00:00Z,0.7823040220533864
2020-08-21T00:00:00Z,0.927361090859004
2020-08-20T00:00:00Z,0.877709570177734
2020-08-19T00:00:00Z,0.851136785993307
2020-08-18T00:00:00Z,0.8964498210588331
2020-08-17T00:00:00Z,0.7378406303896006
2020-08-16T00:00:00Z,0.8494763574337854
2020-08-15T00:00:00Z,0.8773629901989073
2020-08-14T00:00:00Z,0.9581686922423855
2020-08-13T00:00:00Z,0.8409160546738071
2020-08-12T00:00:00Z,0.8942706469225262
2020-08-11T00:00:00Z,0.9154966731633918
2020-08-10T00:00:00Z,0.8260874451702985
2020-08-09T00:00:00Z,0.8516859182520736
2020-08-08T00:00:00Z,0.7912625122430464
2020-08-07T00:00:00Z,0.8897965016243365
2020-08-06T00:00:00Z,0.9599222780962278
2020-08-05T00:00:00Z,0.7521421621849743
2020-08-04T00:00:00Z,0.795243587418902
2020-08-03T00:00:00Z,0.8914846721480665
2020-08-02T00:00:00Z,0.7734483600141362
2020-08-01T00:00:00Z,0.7875964660003305
2020-07-31T00:00:00Z,0.8708429603467088
2020-07-30T00:00:00Z,0.7785076699938791
2020-07-29T00:00:00Z,0.8377765776762692
2020-07-28T00:00:00Z,0.8257632334319769
2020-07-27T00:00:00Z,0.7512408893359827
2020-07-26T00:00:00Z,0.7151460962418797
2020-07-25T00:00:00Z,0.641302003073072
2020-07-24T00:00:00Z,0.7369069613711156
2020-07-23T00:00:00Z,0.6399745960923996
2020-07-22T00:00:00Z,0.6642282462937789
2020-07-21T00:00:00Z,0.5568723523601118
2020-07-20T00:00:00Z,0.5967429751238812
2020-07-19T00:00:00Z,0.5351086838737721
2020-07-18T00:00:00Z,0.5488239157741971
2020-07-17T00:00:00Z,0.5017069240568099
2020-07-16T00:00:00Z,0.5707359360769778
2020-07-15T00:00:00Z,0.5741533824064045
2020-07-14T00:00:00Z,0.5946541249678369
2020-07-13T00:00:00Z,0.5950768341283369
2020-07-12T00:00:00Z,0.6006871627764018
2020-07-11T00:00:00Z,0.6191811992470869
2020-07-10T00:00:00Z,0.6443314576124117
2020-07-09T00:00:00Z,0.6672692795676772
2020-07-08T00:00:00Z,0.6122678657139224
2020-07-07T00:00:00Z,0.6399814960326771
2020-07-06T00:00:00Z,0.6057959360410552
2020-07-05T00:00:00Z,0.6200557138575274
2020-07-04T00:00:00Z,0.6018301994932298
2020-07-03T00:00:00Z,0.6353906774920117
2020-07-02T00:00:00Z,0.6435621738653087
2020-07-01T00:00:00Z,0.6402766633118334
2020-06-30T00:00:00Z,0.5691674946909905
2020-06-29T00:00:00Z,0.5527897498780475
2020-06-28T00:00:00Z,0.5580728650688497
2020-06-27T00:00:00Z,0.5175344128391565
2020-06-26T00:00:00Z,0.6216403071172701
2020-06-25T00:00:00Z,0.5429405883470153
2020-06-24T00:00:00Z,0.5466925683904142
2020-06-23T00:00:00Z,0.6316812165279123
2020-06-22T00:00:00Z,0.5573332613686962
2020-06-21T00:00:00Z,0.5529885109117553
2020-06-20T00:00:00Z,0.5190107095236955
2020-06-19T00:00:00Z,0.5535650218795586
2020-06-18T00:00:00Z,0.4800833476174343
2020-06-17T00:00:00Z,0.5380398485651405
2020-06-16T00:00:00Z,0.585947093535922
2020-06-15T00:00:00Z,0.517329809179676
2020-06-14T00:00:00Z,0.6323921893918247
2020-06-13T00:00:00Z,0.5920246577743574
2020-06-12T00:00:00Z,0.614215619689318
2020-06-11T00:00:00Z,0.712539323860785
2020-06-10T00:00:00Z,0.6455834110986816
2020-06-09T00:00:00Z,0.6235057448401152
2020-06-08T00:00:00Z,0.634903442102689
2020-06-07T00:00:00Z,0.6080217328062955
2020-06-06T00:00:00Z,0.7499759905880112
2020-06-05T00:00:00Z,0.7076097541607279
2020-06-04T00:00:00Z,0.6031470558012846
2020-06-03T00:00:00Z,0.5606879128810489
2020-06-02T00:00:00Z,0.550118658576626
2020-06-01T00:00:00Z,0.542932072921953
2020-05-31T00:00:00Z,0.586582646736796
2020-05-30T00:00:00Z,0.6089053822986992
2020-05-29T00:00:00Z,0.5155422146625351
2020-05-28T00:00:00Z,0.5185951659403868
2020-05-27T00:00:00Z,0.5211133277300367
2020-05-26T00:00:00Z,0.4623141609093029
2020-05-25T00:00:00Z,0.4690781007939607
2020-05-24T00:00:00Z,0.44334466936277783
2020-05-23T00:00:00Z,0.47621737701692796
2020-05-22T00:00:00Z,0.47180286967914326
2020-05-21T00:00:00Z,0.5723989599240209
2020-05-20T00:00:00Z,0.5324978955170119
2020-05-19T00:00:00Z,0.5266514526446667
2020-05-18T00:00:00Z,0.5654582387635185
2020-05-17T00:00:00Z,0.4283108896711959
2020-05-16T00:00:00Z,0.5071246569151932
2020-05-15T00:00:00Z,0.5390508706997734
2020-05-14T00:00:00Z,0.4953302181867768
2020-05-13T00:00:00Z,0.46162077848678845
2020-05-12T00:00:00Z,0.5360843806226177
2020-05-11T00:00:00Z,0.9909969036509283
2020-05-10T00:00:00Z,1.1361226423063426
2020-05-09T00:00:00Z,1.0393399687914084
2020-05-08T00:00:00Z,1.0781477450979007
2020-05-07T00:00:00Z,1.0964347522768099
2020-05-06T00:00:00Z,1.0954836497686302
2020-05-05T00:00:00Z,1.0975727498368992
2020-05-04T00:00:00Z,1.0763826295464278
2020-05-03T00:00:00Z,1.1689093900681469
2020-05-02T00:00:00Z,1.0265353073350032
2020-05-01T00:00:00Z,0.9933046791539465
2020-04-30T00:00:00Z,0.9596399910441854
2020-04-29T00:00:00Z,0.9262136060232756
2020-04-28T00:00:00Z,0.9123721717268258
2020-04-27T00:00:00Z,0.8355248532126442
2020-04-26T00:00:00Z,0.7976647167124471
2020-04-25T00:00:00Z,0.789814076956903
2020-04-24T00:00:00Z,0.8383370230510376
2020-04-23T00:00:00Z,0.8037566582538725
2020-04-22T00:00:00Z,0.7049670201440992
2020-04-21T00:00:00Z,0.7866062048070852
2020-04-20T00:00:00Z,0.8719243144259904
2020-04-19T00:00:00Z,0.8352848291146039
2020-04-18T00:00:00Z,0.868816017333011
2020-04-17T00:00:00Z,0.694981085298558
2020-04-16T00:00:00Z,0.8233403822182066
2020-04-15T00:00:00Z,0.8879476619793251
2020-04-14T00:00:00Z,0.8908332124652116
2020-04-13T00:00:00Z,0.888037319914651
2020-04-12T00:00:00Z,0.8168466775921702
2020-04-11T00:00:00Z,0.8410816995997684
2020-04-10T00:00:00Z,0.8789303315210123
2020-04-09T00:00:00Z,0.8715469950275393
2020-04-08T00:00:00Z,0.8165013558580922
2020-04-07T00:00:00Z,0.9536871414490983
2020-04-06T00:00:00Z,0.7063798186687241
2020-04-05T00:00:00Z,0.9189332706639357
2020-04-04T00:00:00Z,0.8244888664957827
2020-04-03T00:00:00Z,0.7031044467975877
2020-04-02T00:00:00Z,0.8023281840961749
2020-04-01T00:00:00Z,0.7540498403670273
2020-03-31T00:00:00Z,0.8013849792220675
2020-03-30T00:00:00Z,0.7202606915840504
2020-03-29T00:00:00Z,0.7201632926290561
2020-03-28T00:00:00Z,0.6595245475232068
2020-03-27T00:00:00Z,0.8175744818851322
2020-03-26T00:00:00Z,0.8468189418170604
2020-03-25T00:00:00Z,0.49151381508452197
2020-03-24T00:00:00Z,0.697910867622845
2020-03-23T00:00:00Z,0.5526034251011038
2020-03-22T00:00:00Z,0.6174272033295548
2020-03-21T00:00:00Z,0.6128029654945906
2020-03-20T00:00:00Z,0.5748948798746323
2020-03-19T00:00:00Z,0.49640564679071464
2020-03-18T00:00:00Z,0.43029995252522624
2020-03-17T00:00:00Z,0.5266810306928917
2020-03-16T00:00:00Z,0.481541552039487
2020-03-15T00:00:00Z,0.5051025025789357
2020-03-14T00:00:00Z,0.5560562559808727
2020-03-13T00:00:00Z,0.5384741379818301
2020-03-12T00:00:00Z,0.8137196358364835
2020-03-11T00:00:00Z,0.7401406538957457
2020-03-10T00:00:00Z,0.8286834870699151
2020-03-09T00:00:00Z,0.9338592793338879
2020-03-08T00:00:00Z,1.0687289017247636
2020-03-07T00:00:00Z,1.1207279475129122
2020-03-06T00:00:00Z,1.1177265796698905
2020-03-05T00:00:00Z,0.968542585313426
2020-03-04T00:00:00Z,1.1622472076164687
2020-03-03T00:00:00Z,1.0716205047989225
2020-03-02T00:00:00Z,1.0400617114024042
2020-03-01T00:00:00Z,1.2039527812203168
2020-02-29T00:00:00Z,0.9653031225551114
2020-02-28T00:00:00Z,1.1021547432554868
2020-02-27T00:00:00Z,1.0410601098033767
2020-02-26T00:00:00Z,0.9906008118116382
2020-02-25T00:00:00Z,1.1017000813498117
2020-02-24T00:00:00Z,1.1063889265482139
2020-02-23T00:00:00Z,1.1289565537961976
2020-02-22T00:00:00Z,1.1535384461353522
2020-02-21T00:00:00Z,1.2094406659310724
2020-02-20T00:00:00Z,0.9865711926911778
2020-02-19T00:00:00Z,1.1637374757081707
2020-02-18T00:00:00Z,1.2093719141220463
2020-02-17T00:00:00Z,1.247280764363489
2020-02-16T00:00:00Z,1.1511579691713825
2020-02-15T00:00:00Z,1.1853075744278847
2020-02-14T00:00:00Z,1.1449763958041967
2020-02-13T00:00:00Z,1.2021692454555122
2020-02-12T00:00:00Z,1.2216084043260522
2020-02-11T00:00:00Z,1.2279237262272185
2020-02-10T00:00:00Z,1.0094211758412985
2020-02-09T00:00:00Z,1.2781768336228025
2020-02-08T00:00:00Z,1.13452945788151
2020-02-07T00:00:00Z,1.1398683759985464
2020-02-06T00:00:00Z,1.096894691952116
2020-02-05T00:00:00Z,1.2511322783957155
2020-02-04T00:00:00Z,1.0228322893529649
2020-02-03T00:00:00Z,1.160567183557378
2020-02-02T00:00:00Z,1.1273627104742399
2020-02-01T00:00:00Z,1.1916663879285543
2020-01-31T00:00:00Z,1.1386739413192482
2020-01-30T00:00:00Z,1.2353068080594045
2020-01-29T00:00:00Z,1.265850321798557
2020-01-28T00:00:00Z,1.093468254460241
2020-01-27T00:00:00Z,0.9597880828437404
2020-01-26T00:00:00Z,1.0248305725292448
2020-01-25T00:00:00Z,1.160504363178149
2020-01-24T00:00:00Z,1.087625232059457
2020-01-23T00:00:00Z,1.1500886636662198
2020-01-22T00:00:00Z,1.161637948052005
2020-01-21T00:00:00Z,1.1391917972876904
2020-01-20T00:00:00Z,1.1312869023820877
2020-01-19T00:00:00Z,1.1408758594515962
2020-01-18T00:00:00Z,1.0152160342583227
2020-01-17T00:00:00Z,1.2200648046032734
2020-01-16T00:00:00Z,1.1998030314850434
2020-01-15T00:00:00Z,1.1543888236984323
2020-01-14T00:00:00Z,1.0868203828379144
2020-01-13T00:00:00Z,1.0111553835895184
2020-01-12T00:00:00Z,1.067954598352927
2020-01-11T00:00:00Z,1.1562726850320801
2020-01-10T00:00:00Z,1.0396385510941895
2020-01-09T00:00:00Z,1.0948668453996901
2020-01-08T00:00:00Z,1.0369812125081594
2020-01-07T00:00:00Z,1.2331662680446633
2020-01-06T00:00:00Z,0.9002462745961561
2020-01-05T00:00:00Z,1.0662007137473986
2020-01-04T00:00:00Z,1.085979033016083
2020-01-03T00:00:00Z,1.0795673190144357
2020-01-02T00:00:00Z,0.8858754638572215
2020-01-01T00:00:00Z,1.109152735560229
2019-12-31T00:00:00Z,0.9295340237182567
2019-12-30T00:00:00Z,1.0790505380135325
2019-12-29T00:00:00Z,1.0136359263970862
2019-12-28T00:00:00Z,0.9714388645301547
2019-12-27T00:00:00Z,0.9344453320275681
2019-12-26T00:00:00Z,1.0800791453453462
2019-12-25T00:00:00Z,0.8273794983570455
2019-12-24T00:00:00Z,0.8198102945625524
2019-12-23T00:00:00Z,0.9657761396997354
2019-12-22T00:00:00Z,1.0938009591232989
2019-12-21T00:00:00Z,1.1307399855947464
2019-12-20T00:00:00Z,1.0103828983861585
2019-12-19T00:00:00Z,1.019211662660425
2019-12-18T00:00:00Z,0.8277159416208086
2019-12-17T00:00:00Z,0.8710932732431934
2019-12-16T00:00:00Z,1.0039600531814654
2019-12-15T00:00:00Z,0.8016499703624758
2019-12-14T00:00:00Z,0.9834383057138351
2019-12-13T00:00:00Z,1.0026768148875778
2019-12-12T00:00:00Z,0.8737511806214528
2019-12-11T00:00:00Z,0.8734483417302116
2019-12-10T00:00:00Z,0.990017248547684
2019-12-09T00:00:00Z,1.0142247543697949
2019-12-08T00:00:00Z,1.0157318431474982
2019-12-07T00:00:00Z,1.0724630423490003
2019-12-06T00:00:00Z,0.9934024189869078
2019-12-05T00:00:00Z,0.9846338420271188
2019-12-04T00:00:00Z,1.1290085692680842
2019-12-03T00:00:00Z,1.0732022482155512
2019-12-02T00:00:00Z,0.9876592744854567
2019-12-01T00:00:00Z,0.9507508333864223
2019-11-30T00:00:00Z,0.9043095701640484
2019-11-29T00:00:00Z,0.972054517330955
2019-11-28T00:00:00Z,1.1466254349687537
2019-11-27T00:00:00Z,0.9514553983319995
2019-11-26T00:00:00Z,0.8278097265762284
2019-11-25T00:00:00Z,0.8204207769232921
2019-11-24T00:00:00Z,0.8782682749941332
2019-11-23T00:00:00Z,1.1749874973887526
2019-11-22T00:00:00Z,0.9178764035921719
2019-11-21T00:00:00Z,1.0216508866624177
2019-11-20T00:00:00Z,1.0901466384129817
2019-11-19T00:00:00Z,1.1360147202461062
2019-11-18T00:00:00Z,1.1186733425516935
2019-11-17T00:00:00Z,1.2423677263258421
2019-11-16T00:00:00Z,1.1906277626775787
2019-11-15T00:00:00Z,1.2873263238612667
2019-11-14T00:00:00Z,1.396775060888207
2019-11-13T00:00:00Z,1.1358632401405213
2019-11-12T00:00:00Z,1.1313231468324185
2019-11-11T00:00:00Z,1.2730717696145821
2019-11-10T00:00:00Z,1.411698022823675
2019-11-09T00:00:00Z,1.219746239555336
2019-11-08T00:00:00Z,1.1177566425967496
2019-11-07T00:00:00Z,1.2102411298575912
2019-11-06T00:00:00Z,1.196524896557171
2019-11-05T00:00:00Z,1.3080132676052445
2019-11-04T00:00:00Z,1.196792308106641
2019-11-03T00:00:00Z,1.2307989733147053
2019-11-02T00:00:00Z,1.2059158085445527
2019-11-01T00:00:00Z,1.163689063998372
2019-10-31T00:00:00Z,1.1809447521904122
2019-10-30T00:00:00Z,1.1988865075526804
2019-10-29T00:00:00Z,1.2175577672706013
2019-10-28T00:00:00Z,1.2415938642622846
2019-10-27T00:00:00Z,1.0636528422202094
2019-10-26T00:00:00Z,1.2867101012671036
2019-10-25T00:00:00Z,1.0713545993961742
2019-10-24T00:00:00Z,0.9671010405716052
2019-10-23T00:00:00Z,1.2670689388707737
2019-10-22T00:00:00Z,1.3448768900565857
2019-10-21T00:00:00Z,1.2707849599387002
2019-10-20T00:00:00Z,1.1413344775455798
2019-10-19T00:00:00Z,1.101622739231802
2019-10-18T00:00:00Z,1.2451161298675903
2019-10-17T00:00:00Z,1.178829987775737
2019-10-16T00:00:00Z,1.1389980654390663
2019-10-15T00:00:00Z,1.239831131970152
2019-10-14T00:00:00Z,1.0998742058516
2019-10-13T00:00:00Z,1.1597184110869705
2019-10-12T00:00:00Z,1.087508593199639
2019-10-11T00:00:00Z,1.2892926694472528
2019-10-10T00:00:00Z,1.3669945954895069
2019-10-09T00:00:00Z,1.1390405926632463
2019-10-08T00:00:00Z,1.3121726111743939
2019-10-07T00:00:00Z,1.2290949385473349
2019-10-06T00:00:00Z,1.1687636266757555
2019-10-05T00:00:00Z,1.2621587573411865
2019-10-04T00:00:00Z,1.1880019008102094
2019-10-03T00:00:00Z,1.2085152674402886
2019-10-02T00:00:00Z,1.2186335969132829
2019-10-01T00:00:00Z,1.2018662290500357
2019-09-30T00:00:00Z,1.053724967287767
2019-09-29T00:00:00Z,1.088071785860724
2019-09-28T00:00:00Z,1.2851113364716003
2019-09-27T00:00:00Z,1.062833398833748
2019-09-26T00:00:00Z,1.4072487769556075
2019-09-25T00:00:00Z,1.3213001639288517
2019-09-24T00:00:00Z,1.4735934326761497
2019-09-23T00:00:00Z,1.1330959678670556
2019-09-22T00:00:00Z,1.648273291889264
2019-09-21T00:00:00Z,1.6626385550458458
2019-09-20T00:00:00Z,1.5444021531814875
2019-09-19T00:00:00Z,1.4929208019018296
2019-09-18T00:00:00Z,1.7857958897102073
2019-09-17T00:00:00Z,1.5302681106276563
2019-09-16T00:00:00Z,1.6872359769655523
2019-09-15T00:00:00Z,1.5265393637203497
2019-09-14T00:00:00Z,1.6178292050833942
2019-09-13T00:00:00Z,1.5712931078628627
2019-09-12T00:00:00Z,1.6439356530223457
2019-09-11T00:00:00Z,1.8887310972259508
2019-09-10T00:00:00Z,1.9053290293655156
2019-09-09T00:00:00Z,1.5469030728002886
2019-09-08T00:00:00Z,1.889378378088264
2019-09-07T00:00:00Z,1.607388241154544
2019-09-06T00:00:00Z,1.7416148165846101
2019-09-05T00:00:00Z,1.804385000331403
2019-09-04T00:00:00Z,1.496603278975033
2019-09-03T00:00:00Z,1.7943481766211686
2019-09-02T00:00:00Z,1.5413095586548662
2019-09-01T00:00:00Z,1.4255586102522102
2019-08-31T00:00:00Z,1.6518547956345908
2019-08-30T00:00:00Z,1.5940778426618274
2019-08-29T00:00:00Z,1.64277878321508
2019-08-28T00:00:00Z,1.588621032020893
2019-08-27T00:00:00Z,1.4452795949030135
2019-08-26T00:00:00Z,1.48981554923969
2019-08-25T00:00:00Z,1.6338129800024135
2019-08-24T00:00:00Z,1.7065098673916927
2019-08-23T00:00:00Z,1.6622091202905422
2019-08-22T00:00:00Z,1.5158504914295026
2019-08-21T00:00:00Z,1.4873246131379476
2019-08-20T00:00:00Z,1.755923024997251
2019-08-19T00:00:00Z,1.8355652210136668
2019-08-18T00:00:00Z,1.3800961718458962
2019-08-17T00:00:00Z,1.4083399962625998
2019-08-16T00:00:00Z,1.6242851560335372
2019-08-15T00:00:00Z,1.6929342523217845
2019-08-14T00:00:00Z,1.7209035409144688
2019-08-13T00:00:00Z,1.917438070072698
2019-08-12T00:00:00Z,1.650146302347114
2019-08-11T00:00:00Z,1.8720738387812441
2019-08-10T00:00:00Z,1.8879546070530118
2019-08-09T00:00:00Z,1.9129600389929533
2019-08-08T00:00:00Z,1.853543598039668
2019-08-07T00:00:00Z,1.978774046125627
2019-08-06T00:00:00Z,2.0712048205398657
2019-08-05T00:00:00Z,1.8335890489064701
2019-08-04T00:00:00Z,1.9600375782333932
2019-08-03T00:00:00Z,2.032851803107611
2019-08-02T00:00:00Z,1.948210180328581
2019-08-01T00:00:00Z,1.5838290520758502
2019-07-31T00:00:00Z,1.8743634312035602
2019-07-30T00:00:00Z,1.517028553895494
2019-07-29T00:00:00Z,1.770595714700765
2019-07-28T00:00:00Z,1.821303084540985
2019-07-27T00:00:00Z,1.6340981188186239
2019-07-26T00:00:00Z,1.8020962102498437
2019-07-25T00:00:00Z,1.6815815675528019
2019-07-24T00:00:00Z,1.5082846599614539
2019-07-23T00:00:00Z,1.6090953681269382
2019-07-22T00:00:00Z,1.8506045309303691
2019-07-21T00:00:00Z,1.7513910311808802
2019-07-20T00:00:00Z,2.1060423023611747
2019-07-19T00:00:00Z,1.4160819741367832
2019-07-18T00:00:00Z,1.3985220582773024
2019-07-17T00:00:00Z,1.4437327099984314
2019-07-16T00:00:00Z,1.8846981483066356
2019-07-15T00:00:00Z,1.7279816938198267
2019-07-14T00:00:00Z,1.770368273759775
2019-07-13T00:00:00Z,1.815334999284881
2019-07-12T00:00:00Z,2.16480623220382
2019-07-11T00:00:00Z,1.7354732995019984
2019-07-10T00:00:00Z,1.9047534108363968
2019-07-09T00:00:00Z,2.2242165310218165
2019-07-08T00:00:00Z,2.4134108412703785
2019-07-07T00:00:00Z,1.9870104115129728
2019-07-06T00:00:00Z,2.333884770922649
2019-07-05T00:00:00Z,2.4471000187640155
2019-07-04T00:00:00Z,2.3109615391517266
2019-07-03T00:00:00Z,2.3083964271366364
2019-07-02T00:00:00Z,1.9771998000355893
2019-07-01T00:00:00Z,1.8781519188755402
2019-06-30T00:00:00Z,2.123431260063045
2019-06-29T00:00:00Z,2.4902303891192235
2019-06-28T00:00:00Z,2.4001990655702423
2019-06-27T00:00:00Z,2.162618172573586
2019-06-26T00:00:00Z,2.650782794355454
2019-06-25T00:00:00Z,2.0599942165672718
2019-06-24T00:00:00Z,2.354856460373125
2019-06-23T00:00:00Z,2.3722707246787884
2019-06-22T00:00:00Z,1.9028104065563258
2019-06-21T00:00:00Z,1.6552573362641858
2019-06-20T00:00:00Z,1.6906862658120667
2019-06-19T00:00:00Z,2.004062458019878
2019-06-18T00:00:00Z,1.8651544223263554
2019-06-17T00:00:00Z,1.5577202664475829
2019-06-16T00:00:00Z,1.4663524135144388
2019-06-15T00:00:00Z,1.574624261338619
2019-06-14T00:00:00Z,1.7736832159731384
2019-06-13T00:00:00Z,1.5514174581858111
2019-06-12T00:00:00Z,1.3359931946898902
2019-06-11T00:00:00Z,1.4266802953917113
2019-06-10T00:00:00Z,1.5387289170113128
2019-06-09T00:00:00Z,1.4157971654940604
2019-06-08T00:00:00Z,1.2296510222750263
2019-06-07T00:00:00Z,1.5788447126531415
2019-06-06T00:00:00Z,1.5440927194530105
2019-06-05T00:00:00Z,1.6063241552608045
2019-06-04T00:00:00Z,1.6095066608306678
2019-06-03T00:00:00Z,1.3770718470939305
2019-06-02T00:00:00Z,1.4565155352228039
2019-06-01T00:00:00Z,1.672216558116329
2019-05-31T00:00:00Z,1.3340255887185306
2019-05-30T00:00:00Z,1.8056021764923353
2019-05-29T00:00:00Z,1.9553718479665332
2019-05-28T00:00:00Z,1.8771489658912877
2019-05-27T00:00:00Z,1.9165770073794013
2019-05-26T00:00:00Z,1.6846521707133697
2019-05-25T00:00:00Z,1.4501774410177701
2019-05-24T00:00:00Z,1.615250038634851
2019-05-23T00:00:00Z,1.5853612271279056
2019-05-22T00:00:00Z,1.7185210522321128
2019-05-21T00:00:00Z,1.6164699612913778
2019-05-20T00:00:00Z,1.6721697042064823
2019-05-19T00:00:00Z,1.6508470358548115
2019-05-18T00:00:00Z,1.4442469231378972
2019-05-17T00:00:00Z,1.4859491293340594
2019-05-16T00:00:00Z,1.5809869013439024
2019-05-15T00:00:00Z,1.5921249961785404
2019-05-14T00:00:00Z,1.5602744265641513
2019-05-13T00:00:00Z,1.569511975894282
2019-05-12T00:00:00Z,1.430006813464642
2019-05-11T00:00:00Z,1.1488210184158254
2019-05-10T00:00:00Z,1.0276253267409294
2019-05-09T00:00:00Z,1.166386278082043
2019-05-08T00:00:00Z,1.1467586588033576
2019-05-07T00:00:00Z,0.9638466810310939
2019-05-06T00:00:00Z,1.082823158031725
2019-05-05T00:00:00Z,0.9321911145749014
2019-05-04T00:00:00Z,0.9471087902492742
2019-05-03T00:00:00Z,1.0808192286163152
2019-05-02T00:00:00Z,1.2295919679825844
2019-05-01T00:00:00Z,1.1294634618995703
2019-04-30T00:00:00Z,0.9227828575600999
2019-04-29T00:00:00Z,1.0492980995913568
2019-04-28T00:00:00Z,1.0404431085712649
2019-04-27T00:00:00Z,0.8765766032672413
2019-04-26T00:00:00Z,0.9773457689615105
2019-04-25T00:00:00Z,0.9580995442388376
2019-04-24T00:00:00Z,1.1142098739342547
2019-04-23T00:00:00Z,0.800127545915016
2019-04-22T00:00:00Z,0.8652717274706566
2019-04-21T00:00:00Z,1.022410124722945
2019-04-20T00:00:00Z,0.8370536888954899
2019-04-19T00:00:00Z,0.966232476794242
2019-04-18T00:00:00Z,0.9439970839984648
2019-04-17T00:00:00Z,0.8700596022120526
2019-04-16T00:00:00Z,0.8901996633557407
2019-04-15T00:00:00Z,0.8931350413847478
2019-04-14T00:00:00Z,0.7398393976797495
2019-04-13T00:00:00Z,0.819288784947384
2019-04-12T00:00:00Z,0.9198863822763622
2019-04-11T00:00:00Z,0.9753973344000677
2019-04-10T00:00:00Z,0.9460386314219771
2019-04-09T00:00:00Z,0.8407808309466083
2019-04-08T00:00:00Z,0.9471835487330902
2019-04-07T00:00:00Z,0.8676747941906797
2019-04-06T00:00:00Z,0.8361317116415803
2019-04-05T00:00:00Z,0.9493736177984178
2019-04-04T00:00:00Z,0.8620457666284632
2019-04-03T00:00:00Z,0.878778378118908
2019-04-02T00:00:00Z,0.8809614560578012
2019-04-01T00:00:00Z,0.6631655291283588
2019-03-31T00:00:00Z,0.6638908818735082
2019-03-30T00:00:00Z,0.6666179282754868
2019-03-29T00:00:00Z,0.7011722241025635
2019-03-28T00:00:00Z,0.6815308285571103
2019-03-27T00:00:00Z,0.6909604708288413
2019-03-26T00:00:00Z,0.6051791501684743
2019-03-25T00:00:00Z,0.6695123472324691
2019-03-24T00:00:00Z,0.6761486976112029
2019-03-23T00:00:00Z,0.6551187940093529
2019-03-22T00:00:00Z,0.7279071334663706
2019-03-21T00:00:00Z,0.6531614817111965
2019-03-20T00:00:00Z,0.7298568807814475
2019-03-19T00:00:00Z,0.7815184081265392
2019-03-18T00:00:00Z,0.7209414416119471
2019-03-17T00:00:00Z,0.6507248078716266
2019-03-16T00:00:00Z,0.7293928769699988
2019-03-15T00:00:00Z,0.6696496713106165
2019-03-14T00:00:00Z,0.6737143729317355
2019-03-13T00:00:00Z,0.5871430239528467
2019-03-12T00:00:00Z,0.6177913115034532
2019-03-11T00:00:00Z,0.6136329182580844
2019-03-10T00:00:00Z,0.5868709303884956
2019-03-09T00:00:00Z,0.59577148189216
2019-03-08T00:00:00Z,0.6284817971258768
2019-03-07T00:00:00Z,0.6095622068060794
2019-03-06T00:00:00Z,0.5454977871330894
2019-03-05T00:00:00Z,0.6153961701884806
2019-03-04T00:00:00Z,0.5592071945052458
2019-03-03T00:00:00Z,0.6023145416467136
2019-03-02T00:00:00Z,0.5447055827709737
2019-03-01T00:00:00Z,0.667473657634808
2019-02-28T00:00:00Z,0.6161206743854942
2019-02-27T00:00:00Z,0.575779505440926
2019-02-26T00:00:00Z,0.6561521713021327
2019-02-25T00:00:00Z,0.5824415308065741
2019-02-24T00:00:00Z,0.5848625726242361
2019-02-23T00:00:00Z,0.6017729609868921
2019-02-22T00:00:00Z,0.6768875001389375
2019-02-21T00:00:00Z,0.49566293081036
2019-02-20T00:00:00Z,0.5393963724359504
2019-02-19T00:00:00Z,0.6402333165059172
2019-02-18T00:00:00Z,0.6088540884623738
2019-02-17T00:00:00Z,0.5920093835747977
2019-02-16T00:00:00Z,0.5588298263264599
2019-02-15T00:00:00Z,0.47127353210855133
2019-02-14T00:00:00Z,0.520703918721003
2019-02-13T00:00:00Z,0.5671826281355534
2019-02-12T00:00:00Z,0.474989256026197
2019-02-11T00:00:00Z,0.5337630233946006
2019-02-10T00:00:00Z,0.5133009794841362
2019-02-09T00:00:00Z,0.5507485550508134
2019-02-08T00:00:00Z,0.5712777262180507
2019-02-07T00:00:00Z,0.591758799936655
2019-02-06T00:00:00Z,0.5595298287038694
2019-02-05T00:00:00Z,0.5071971700306163
2019-02-04T00:00:00Z,0.5051089547683881
2019-02-03T00:00:00Z,0.4740908328478944
2019-02-02T00:00:00Z,0.49468678582401865
2019-02-01T00:00:00Z,0.5423806638614631
2019-01-31T00:00:00Z,0.5299673705020143
2019-01-30T00:00:00Z,0.462548371308264
2019-01-29T00:00:00Z,0.490288857104294
2019-01-28T00:00:00Z,0.4915001902545014
2019-01-27T00:00:00Z,0.4748596708233679
2019-01-26T00:00:00Z,0.5224097618085207
2019-01-25T00:00:00Z,0.4783623864455962
2019-01-24T00:00:00Z,0.5570864399721251
2019-01-23T00:00:00Z,0.5025903305522861
2019-01-22T00:00:00Z,0.44331171425867827
2019-01-21T00:00:00Z,0.505304003560299
2019-01-20T00:00:00Z,0.5368716154650953
2019-01-19T00:00:00Z,0.46192796184417606
2019-01-18T00:00:00Z,0.46922602194639124
2019-01-17T00:00:00Z,0.42907636685726697
2019-01-16T00:00:00Z,0.4473756063902034
2019-01-15T00:00:00Z,0.44549594622898714
2019-01-14T00:00:00Z,0.491387866111759
2019-01-13T00:00:00Z,0.44735478292415437
2019-01-12T00:00:00Z,0.4549025839914218
2019-01-11T00:00:00Z,0.4879332793480618
2019-01-10T00:00:00Z,0.5335407788435141
2019-01-09T00:00:00Z,0.5884849718654248
2019-01-08T00:00:00Z,0.6009373317976273
2019-01-07T00:00:00Z,0.5006380478698158
2019-01-06T00:00:00Z,0.4788610764380626
2019-01-05T00:00:00Z,0.5426555488377418
2019-01-04T00:00:00Z,0.48882844248740065
2019-01-03T00:00:00Z,0.5102906601074462
2019-01-02T00:00:00Z,0.4944097305076363
2019-01-01T00:00:00Z,0.4687728137405875
2018-12-31T00:00:00Z,0.4928841587001534
2018-12-30T00:00:00Z,0.5603530873210649
2018-12-29T00:00:00Z,0.44730359853014195
2018-12-28T00:00:00Z,0.5153928898523977
2018-12-27T00:00:00Z,0.5338918285134775
2018-12-26T00:00:00Z,0.4875081047177063
2018-12-25T00:00:00Z,0.49111221766341606
2018-12-24T00:00:00Z,0.5116188495467214
2018-12-23T00:00:00Z,0.5667264999077214
2018-12-22T00:00:00Z,0.5451705806965729
2018-12-21T00:00:00Z,0.44824478549660535
2018-12-20T00:00:00Z,0.4250379662440551
2018-12-19T00:00:00Z,0.44487732602469665
2018-12-18T00:00:00Z,0.35662553391701857
2018-12-17T00:00:00Z,0.41993208200532006
2018-12-16T00:00:00Z,0.287903829897163
2018-12-15T00:00:00Z,0.3651739526004967
2018-12-14T00:00:00Z,0.3629058441825605
2018-12-13T00:00:00Z,0.33530637216112313
2018-12-12T00:00:00Z,0.3088831850086338
2018-12-11T00:00:00Z,0.31750229504465727
2018-12-10T00:00:00Z,0.32178482074306797
2018-12-09T00:00:00Z,0.3306939344527239
2018-12-08T00:00:00Z,0.31685739404019475
2018-12-07T00:00:00Z,0.2833438967216349
2018-12-06T00:00:00Z,0.36664600549834736
2018-12-05T00:00:00Z,0.36153835899871917
2018-12-04T00:00:00Z,0.39253451486820845
2018-12-03T00:00:00Z,0.32772722370575974
2018-12-02T00:00:00Z,0.34030494958460306
2018-12-01T00:00:00Z,0.36560903918339516
2018-11-30T00:00:00Z,0.2997998039049696
2018-11-29T00:00:00Z,0.32365148443712866
2018-11-28T00:00:00Z,0.34511239744652716
2018-11-27T00:00:00Z,0.35147747264235607
2018-11-26T00:00:00Z,0.3089028245213794
2018-11-25T00:00:00Z,0.3451672042861376
2018-11-24T00:00:00Z,0.4316937513621971
2018-11-23T00:00:00Z,0.38141893512566455
2018-11-22T00:00:00Z,0.3910736680048696
2018-11-21T00:00:00Z,0.3401294447002606
2018-11-20T00:00:00Z,0.4364987832796212
2018-11-19T00:00:00Z,0.467159903211639
2018-11-18T00:00:00Z,0.477435662382608
2018-11-17T00:00:00Z,0.5574958650916961
2018-11-16T00:00:00Z,0.49328553102316386
2018-11-15T00:00:00Z,0.4978735078288001
2018-11-14T00:00:00Z,0.5736950224289923
2018-11-13T00:00:00Z,0.5281574662633747
2018-11-12T00:00:00Z,0.6169714230675842
2018-11-11T00:00:00Z,0.6392325294142368
2018-11-10T00:00:00Z,0.5771041132409428
2018-11-09T00:00:00Z,0.562297696364544
2018-11-08T00:00:00Z,0.5415872493316373
2018-11-07T00:00:00Z,0.5853103886425908
2018-11-06T00:00:00Z,0.5671195433796333
2018-11-05T00:00:00Z,0.6357066674759112
2018-11-04T00:00:00Z,0.5383107428685311
2018-11-03T00:00:00Z,0.6991780077610257
2018-11-02T00:00:00Z,0.6261824194606733
2018-11-01T00:00:00Z,0.6678728480929369
2018-10-31T00:00:00Z,0.7027003282502543
2018-10-30T00:00:00Z,0.6649860088165112
2018-10-29T00:00:00Z,0.6383984144229136
2018-10-28T00:00:00Z,0.6177012526072009
2018-10-27T00:00:00Z,0.601423404649503
2018-10-26T00:00:00Z,0.634493452461779
2018-10-25T00:00:00Z,0.6083068145228735
2018-10-24T00:00:00Z,0.5054516887956999
2018-10-23T00:00:00Z,0.6829754176401333
2018-10-22T00:00:00Z,0.6890435203998171
2018-10-21T00:00:00Z,0.6159714504080904
2018-10-20T00:00:00Z,0.6338928282709774
2018-10-19T00:00:00Z,0.6299024258467123
2018-10-18T00:00:00Z,0.6212959778748947
2018-10-17T00:00:00Z,0.6244765778492128
2018-10-16T00:00:00Z,0.6105146123900498
2018-10-15T00:00:00Z,0.7291436716278692
2018-10-14T00:00:00Z,0.49048052557485416
2018-10-13T00:00:00Z,0.6017180966310525
2018-10-12T00:00:00Z,0.5649839548831093
2018-10-11T00:00:00Z,0.6799505367362914
2018-10-10T00:00:00Z,0.6448847221161068
2018-10-09T00:00:00Z,0.5878771779619171
2018-10-08T00:00:00Z,0.6096507039475512
2018-10-07T00:00:00Z,0.6343979847033355
2018-10-06T00:00:00Z,0.5628223885940502
2018-10-05T00:00:00Z,0.5854978815679547
2018-10-04T00:00:00Z,0.6736828100664335
2018-10-03T00:00:00Z,0.6432359515770679
2018-10-02T00:00:00Z,0.6181749477334658
2018-10-01T00:00:00Z,0.7137958674784998
2018-09-30T00:00:00Z,0.7344930166019868
2018-09-29T00:00:00Z,0.6828915669024829
2018-09-28T00:00:00Z,0.7080617828403017
2018-09-27T00:00:00Z,0.6428705691848474
2018-09-26T00:00:00Z,0.6176149455879586
2018-09-25T00:00:00Z,0.7449631887763116
2018-09-24T00:00:00Z,0.6745866451285069
2018-09-23T00:00:00Z,0.691101214372124
2018-09-22T00:00:00Z,0.7161198549621475
2018-09-21T00:00:00Z,0.665582870832607
2018-09-20T00:00:00Z,0.6804936108303048
2018-09-19T00:00:00Z,0.6816638669207764
2018-09-18T00:00:00Z,0.6179045742033188
2018-09-17T00:00:00Z,0.5955945498351495
2018-09-16T00:00:00Z,0.6214231337711497
2018-09-15T00:00:00Z,0.6305693082840019
2018-09-14T00:00:00Z,0.5960907188506002
2018-09-13T00:00:00Z,0.6609946289294887
2018-09-12T00:00:00Z,0.7311507540299248
2018-09-11T00:00:00Z,0.6177271165843566
2018-09-10T00:00:00Z,0.5897059230190147
2018-09-09T00:00:00Z,0.7107164039744509
2018-09-08T00:00:00Z,0.6622378417028366
2018-09-07T00:00:00Z,0.6829154271074417
2018-09-06T00:00:00Z,0.6736336617062854
2018-09-05T00:00:00Z,0.6584957949596735
2018-09-04T00:00:00Z,0.6437629514530895
2018-09-03T00:00:00Z,0.7266845428928694
2018-09-02T00:00:00Z,0.7234165384226997
2018-09-01T00:00:00Z,0.7456814588215669
2018-08-31T00:00:00Z,0.7551190067107211
2018-08-30T00:00:00Z,0.7446708415998615
2018-08-29T00:00:00Z,0.684119099198611
2018-08-28T00:00:00Z,0.7541275062838512
2018-08-27T00:00:00Z,0.8685820254116653
2018-08-26T00:00:00Z,0.8068572997382819
2018-08-25T00:00:00Z,0.633737729491713
2018-08-24T00:00:00Z,0.6681164925551111
2018-08-23T00:00:00Z,0.6697347222940949
2018-08-22T00:00:00Z,0.7368292244588214
2018-08-21T00:00:00Z,0.6644415167394885
2018-08-20T00:00:00Z,0.679661341326688
2018-08-19T00:00:00Z,0.6491873611051537
2018-08-18T00:00:00Z,0.7220719656114917
2018-08-17T00:00:00Z,0.6916556681893192
2018-08-16T00:00:00Z,0.7039906539564793
2018-08-15T00:00:00Z,0.7197828149530547
2018-08-14T00:00:00Z,0.5818715449809841
2018-08-13T00:00:00Z,0.6683583303655819
2018-08-12T00:00:00Z,0.6838839502112879
2018-08-11T00:00:00Z,0.7361839792919662
2018-08-10T00:00:00Z,0.7914889077525311
2018-08-09T00:00:00Z,0.672680708477802
2018-08-08T00:00:00Z,0.7136767150910098
2018-08-07T00:00:00Z,0.7443852370914963
2018-08-06T00:00:00Z,0.6475408733161258
2018-08-05T00:00:00Z,0.7894478232938421
2018-08-04T00:00:00Z,0.901943858997851
2018-08-03T00:00:00Z,0.8716699538697296
2018-08-02T00:00:00Z,0.8270909892858598
2018-08-01T00:00:00Z,0.8094057007911802
2018-07-31T00:00:00Z,0.8308609162463306
2018-07-30T00:00:00Z,0.7813316839663584
2018-07-29T00:00:00Z,0.9939134852883226
2018-07-28T00:00:00Z,0.8478065547786645
2018-07-27T00:00:00Z,0.9628285068571362
2018-07-26T00:00:00Z,0.9712298514187103
2018-07-25T00:00:00Z,1.0530484662083903
2018-07-24T00:00:00Z,0.927976134042519
2018-07-23T00:00:00Z,0.923202728388857
2018-07-22T00:00:00Z,0.976425325883171
2018-07-21T00:00:00Z,0.7279226437425169
2018-07-20T00:00:00Z,0.8307609787781441
2018-07-19T00:00:00Z,0.9205993815945593
2018-07-18T00:00:00Z,0.9420419363351609
2018-07-17T00:00:00Z,0.7980444417103143
2018-07-16T00:00:00Z,0.573450334494206
2018-07-15T00:00:00Z,0.6135511106933899
2018-07-14T00:00:00Z,0.6056001573698242
2018-07-13T00:00:00Z,0.6532492209162912
2018-07-12T00:00:00Z,0.6424966140279229
2018-07-11T00:00:00Z,0.6298553017361047
2018-07-10T00:00:00Z,0.7096172316180241
2018-07-09T00:00:00Z,0.6708053612468373
2018-07-08T00:00:00Z,0.7809207555921669
2018-07-07T00:00:00Z,0.7534963469421037
2018-07-06T00:00:00Z,0.77216915922964
2018-07-05T00:00:00Z,0.6665817602894158
2018-07-04T00:00:00Z,0.652740555459448
2018-07-03T00:00:00Z,0.5707866041869538
2018-07-02T00:00:00Z,0.6747297886195415
2018-07-01T00:00:00Z,0.6907423350918734
2018-06-30T00:00:00Z,0.666983622327824
2018-06-29T00:00:00Z,0.6646811140068054
2018-06-28T00:00:00Z,0.7125635673593685
2018-06-27T00:00:00Z,0.55399429403975
2018-06-26T00:00:00Z,0.6783137419248652
2018-06-25T00:00:00Z,0.7301286657047578
2018-06-24T00:00:00Z,0.765850197257053
2018-06-23T00:00:00Z,0.7359067640926226
2018-06-22T00:00:00Z,0.7358799255587778
2018-06-21T00:00:00Z,0.8769774279579171
2018-06-20T00:00:00Z,0.847954442168585
2018-06-19T00:00:00Z,0.8066472792764532
2018-06-18T00:00:00Z,0.8019779209554536
2018-06-17T00:00:00Z,0.7694152932108476
2018-06-16T00:00:00Z,0.80591066052969
2018-06-15T00:00:00Z,0.7565017133282921
2018-06-14T00:00:00Z,0.7530764822603274
2018-06-13T00:00:00Z,0.7038960794751902
2018-06-12T00:00:00Z,0.7421953284084779
2018-06-11T00:00:00Z,0.7187406946314316
2018-06-10T00:00:00Z,0.6867459631892927
2018-06-09T00:00:00Z,0.8273937428280018
2018-06-08T00:00:00Z,0.836341838832611
2018-06-07T00:00:00Z,0.8374946981515199
2018-06-06T00:00:00Z,0.8516110010064921
2018-06-05T00:00:00Z,0.9957034513763269
2018-06-04T00:00:00Z,1.055358826706789
2018-06-03T00:00:00Z,0.9564919107091499
2018-06-02T00:00:00Z,0.8823609691789384
2018-06-01T00:00:00Z,0.951123988326792
2018-05-31T00:00:00Z,0.9805200198645203
2018-05-30T00:00:00Z,0.9951629778786476
2018-05-29T00:00:00Z,0.7840316094916403
2018-05-28T00:00:00Z,0.8761449018648484
2018-05-27T00:00:00Z,0.9261648328065079
2018-05-26T00:00:00Z,0.9390285356016091
2018-05-25T00:00:00Z,1.0251139324858256
2018-05-24T00:00:00Z,0.8415355341823813
2018-05-23T00:00:00Z,0.9813185092709668
2018-05-22T00:00:00Z,0.9732932389750503
2018-05-21T00:00:00Z,1.0405961428400519
2018-05-20T00:00:00Z,0.9451637624333873
2018-05-19T00:00:00Z,1.001173165590338
2018-05-18T00:00:00Z,0.9683593793702939
2018-05-17T00:00:00Z,0.8798943111511912
2018-05-16T00:00:00Z,1.172752491680171
2018-05-15T00:00:00Z,1.0069103020843437
2018-05-14T00:00:00Z,0.9096987266692939
2018-05-13T00:00:00Z,1.0046711279173623
2018-05-12T00:00:00Z,1.1078680995124934
2018-05-11T00:00:00Z,0.8904461879287043
2018-05-10T00:00:00Z,1.1454305382270549
2018-05-09T00:00:00Z,1.1829512376010707
2018-05-08T00:00:00Z,1.0418811059431692
2018-05-07T00:00:00Z,1.1378069484523154
2018-05-06T00:00:00Z,1.0760753233117923
2018-05-05T00:00:00Z,1.2879264604989078
2018-05-04T00:00:00Z,1.0947836851727424
2018-05-03T00:00:00Z,1.1614817809775966
2018-05-02T00:00:00Z,1.0518683229970707
2018-05-01T00:00:00Z,1.165951440139114
2018-04-30T00:00:00Z,1.1878720828683182
2018-04-29T00:00:00Z,1.2231849756524165
2018-04-28T00:00:00Z,0.9911826748737884
2018-04-27T00:00:00Z,1.100847962897051
2018-04-26T00:00:00Z,1.0636102367488207
2018-04-25T00:00:00Z,0.9863028287406753
2018-04-24T00:00:00Z,1.257411424378733
2018-04-23T00:00:00Z,1.1395958439767384
2018-04-22T00:00:00Z,1.188844655919329
2018-04-21T00:00:00Z,1.1759466565910104
2018-04-20T00:00:00Z,0.9766569475861888
2018-04-19T00:00:00Z,1.233284335524952
2018-04-18T00:00:00Z,1.0906861302315611
2018-04-17T00:00:00Z,1.1054818872903756
2018-04-16T00:00:00Z,0.9701298631041854
2018-04-15T00:00:00Z,1.1403994581313432
2018-04-14T00:00:00Z,0.9382858683834215
2018-04-13T00:00:00Z,1.132534473784661
2018-04-12T00:00:00Z,0.9742521483738698
2018-04-11T00:00:00Z,0.9515618447524468
2018-04-10T00:00:00Z,0.9577868869520253
2018-04-09T00:00:00Z,0.8784853894030422
2018-04-08T00:00:00Z,0.9721525050704382
2018-04-07T00:00:00Z,1.074300547821943
2018-04-06T00:00:00Z,0.8033260238801337
2018-04-05T00:00:00Z,0.9184725168381673
2018-04-04T00:00:00Z,0.9051864495256876
2018-04-03T00:00:00Z,1.0452306213104012
2018-04-02T00:00:00Z,0.9543246048884402
2018-04-01T00:00:00Z,0.9661550736556925
2018-03-31T00:00:00Z,0.7899025213280925
2018-03-30T00:00:00Z,0.9858556854286511
2018-03-29T00:00:00Z,1.0120849920690824
2018-03-28T00:00:00Z,0.9476768098494072
2018-03-27T00:00:00Z,1.0757998432823195
2018-03-26T00:00:00Z,1.100648513071926
2018-03-25T00:00:00Z,1.0272181728082894
2018-03-24T00:00:00Z,1.234273067116911
2018-03-23T00:00:00Z,1.0232878031002401
2018-03-22T00:00:00Z,1.1335066969352636
2018-03-21T00:00:00Z,1.2366220734001683
2018-03-20T00:00:00Z,1.0003118422488269
2018-03-19T00:00:00Z,1.1769512486697093
2018-03-18T00:00:00Z,1.0544067054912367
2018-03-17T00:00:00Z,1.0973670814712313
2018-03-16T00:00:00Z,1.1889349359008428
2018-03-15T00:00:00Z,1.0761341466213041
2018-03-14T00:00:00Z,1.1700563663288863
2018-03-13T00:00:00Z,1.3574751423673501
2018-03-12T00:00:00Z,1.410758220087202
2018-03-11T00:00:00Z,1.3020527820581076
2018-03-10T00:00:00Z,1.2135869270287605
2018-03-09T00:00:00Z,1.224871270390274
2018-03-08T00:00:00Z,1.4764807965213733
2018-03-07T00:00:00Z,1.5472116509931442
2018-03-06T00:00:00Z,1.631986904971892
2018-03-05T00:00:00Z,1.6435204163043546
2018-03-04T00:00:00Z,1.5902958831997103
2018-03-03T00:00:00Z,1.9567788890963231
2018-03-02T00:00:00Z,1.6569463951568877
2018-03-01T00:00:00Z,1.715216711854749
2018-02-28T00:00:00Z,1.613950721067264
2018-02-27T00:00:00Z,1.6582065575412035
2018-02-26T00:00:00Z,1.3809177364125902
2018-02-25T00:00:00Z,1.6116904884517658
2018-02-24T00:00:00Z,1.4696246945577929
2018-02-23T00:00:00Z,1.4943354197081016
2018-02-22T00:00:00Z,1.526116325726186
2018-02-21T00:00:00Z,1.8202630612178985
2018-02-20T00:00:00Z,1.6471681616130556
2018-02-19T00:00:00Z,1.7820976081391153
2018-02-18T00:00:00Z,1.7593556456252084
2018-02-17T00:00:00Z,1.6248889578351378
2018-02-16T00:00:00Z,1.6213865752783065
2018-02-15T00:00:00Z,1.3453045192604052
2018-02-14T00:00:00Z,1.6770897596292835
2018-02-13T00:00:00Z,1.477464226438754
2018-02-12T00:00:00Z,1.5060387946904852
2018-02-11T00:00:00Z,1.302114745362039
2018-02-10T00:00:00Z,1.3194195325373972
2018-02-09T00:00:00Z,1.2063762861474678
2018-02-08T00:00:00Z,1.1647983775289905
2018-02-07T00:00:00Z,1.23490968806059
2018-02-06T00:00:00Z,1.2932824818313915
2018-02-05T00:00:00Z,1.5775749464571287
2018-02-04T00:00:00Z,1.6933663766258797
2018-02-03T00:00:00Z,1.5839335438444584
2018-02-02T00:00:00Z,1.7196465146348772
2018-02-01T00:00:00Z,1.7846895633185733
2018-01-31T00:00:00Z,1.3867201765447443
2018-01-30T00:00:00Z,2.0451578383273525
2018-01-29T00:00:00Z,1.9295706459112425
2018-01-28T00:00:00Z,2.1356179088325726
2018-01-27T00:00:00Z,2.0666299138084834
2018-01-26T00:00:00Z,2.050177459409232
2018-01-25T00:00:00Z,2.1688972581524286
2018-01-24T00:00:00Z,2.393365218374157
2018-01-23T00:00:00Z,2.351457512802722
2018-01-22T00:00:00Z,2.371359775429297
2018-01-21T00:00:00Z,2.838267586723011
2018-01-20T00:00:00Z,2.9774083482196154
2018-01-19T00:00:00Z,2.6498681987261627
2018-01-18T00:00:00Z,2.931865929828297
2018-01-17T00:00:00Z,2.690598251326828
2018-01-16T00:00:00Z,2.877932582448796
2018-01-15T00:00:00Z,3.070639042724684
2018-01-14T00:00:00Z,3.120524310203559
2018-01-13T00:00:00Z,3.2253509207781987
2018-01-12T00:00:00Z,3.7006543382753536
2018-01-11T00:00:00Z,4.10051115035023
2018-01-10T00:00:00Z,3.8567658448447304
2018-01-09T00:00:00Z,4.107590934675387
2018-01-08T00:00:00Z,4.208056664936685
2018-01-07T00:00:00Z,4.514152522482979
2018-01-06T00:00:00Z,4.7498763463322655
2018-01-05T00:00:00Z,4.068714178448698
2018-01-04T00:00:00Z,4.450522238200613
2018-01-03T00:00:00Z,4.285010111587455
2018-01-02T00:00:00Z,4.138373659192359
2018-01-01T00:00:00Z,3.506868988326222
2017-12-31T00:00:00Z,3.7440916053046305
2017-12-30T00:00:00Z,3.773434856163941
2017-12-29T00:00:00Z,4.593047005087405
2017-12-28T00:00:00Z,4.232068062184584
2017-12-27T00:00:00Z,4.8637818878458745
2017-12-26T00:00:00Z,4.388321012014034
2017-12-25T00:00:00Z,3.8188638895204643
2017-12-24T00:00:00Z,4.381863182609105
2017-12-23T00:00:00Z,4.845543134597733
2017-12-22T00:00:00Z,5.628385175220156
2017-12-21T00:00:00Z,5.480857457639611
2017-12-20T00:00:00Z,5.4141820591774374
2017-12-19T00:00:00Z,5.497370041322544
2017-12-18T00:00:00Z,6.85899185632919
2017-12-17T00:00:00Z,7.171621006345758
2017-12-16T00:00:00Z,6.515112586089687
2017-12-15T00:00:00Z,6.396667423240142
2017-12-14T00:00:00Z,6.7099936126952535
2017-12-13T00:00:00Z,6.878515438815562
2017-12-12T00:00:00Z,6.0096197446873605
2017-12-11T00:00:00Z,6.288532701651192
2017-12-10T00:00:00Z,5.366414632496709
2017-12-09T00:00:00Z,6.200670169934893
2017-12-08T00:00:00Z,6.165294845129571
2017-12-07T00:00:00Z,5.2768209038735145
2017-12-06T00:00:00Z,5.147941074195148
2017-12-05T00:00:00Z,4.536671360673472
2017-12-04T00:00:00Z,4.542197634110873
2017-12-03T00:00:00Z,4.388337201731408
2017-12-02T00:00:00Z,3.955221585608581
2017-12-01T00:00:00Z,4.295509946950537
2017-11-30T00:00:00Z,3.933125528533761
2017-11-29T00:00:00Z,4.333170996671477
2017-11-28T00:00:00Z,3.7020054203285047
2017-11-27T00:00:00Z,3.91963521911
2017-11-26T00:00:00Z,3.3275885205833475
2017-11-25T00:00:00Z,3.1994104907976935
2017-11-24T00:00:00Z,3.0414694028178717
2017-11-23T00:00:00Z,3.263194811291258
2017-11-22T00:00:00Z,3.1230375394224836
2017-11-21T00:00:00Z,3.690918498051755
2017-11-20T00:00:00Z,3.762054090341009
2017-11-19T00:00:00Z,3.2683803393969795
2017-11-18T00:00:00Z,2.8670585373600224
2017-11-17T00:00:00Z,3.6714447941969244
2017-11-16T00:00:00Z,3.411688910640549
2017-11-15T00:00:00Z,3.3780066124486314
2017-11-14T00:00:00Z,2.8140969744804103
2017-11-13T00:00:00Z,3.1207540049475107
2017-11-12T00:00:00Z,1.8690842587674341
2017-11-11T00:00:00Z,1.6964271467788583
2017-11-10T00:00:00Z,2.5033900845206647
2017-11-09T00:00:00Z,3.2709343084988816
2017-11-08T00:00:00Z,3.0480603221905143
2017-11-07T00:00:00Z,3.222933978994473
2017-11-06T00:00:00Z,2.8094967912607944
2017-11-05T00:00:00Z,3.0102056297972304
2017-11-04T00:00:00Z,2.8592472289599056
2017-11-03T00:00:00Z,2.650473174125608
2017-11-02T00:00:00Z,3.1504370133600035
2017-11-01T00:00:00Z,3.1047349103578235
2017-10-31T00:00:00Z,2.602077886321155
2017-10-30T00:00:00Z,2.7624423125550552
2017-10-29T00:00:00Z,2.793470091697507
2017-10-28T00:00:00Z,1.5498094376011933
2017-10-27T00:00:00Z,1.86193051391896
2017-10-26T00:00:00Z,3.009082115976087
2017-10-25T00:00:00Z,3.005229569352764
2017-10-24T00:00:00Z,2.8797703848957554
2017-10-23T00:00:00Z,3.0619356171426704
2017-10-22T00:00:00Z,3.251816210273792
2017-10-21T00:00:00Z,2.882394372397213
2017-10-20T00:00:00Z,3.176489240701281
2017-10-19T00:00:00Z,3.1546751098863393
2017-10-18T00:00:00Z,2.620588501127743
2017-10-17T00:00:00Z,2.982443714888537
2017-10-16T00:00:00Z,3.1832526204753906
2017-10-15T00:00:00Z,3.491619583314054
2017-10-14T00:00:00Z,2.71739846158126
2017-10-13T00:00:00Z,2.696278406947724
2017-10-12T00:00:00Z,2.5985645332851304
2017-10-11T00:00:00Z,2.2202363084466095
2017-10-10T00:00:00Z,2.5766065834839202
2017-10-09T00:00:00Z,2.498610577731286
2017-10-08T00:00:00Z,2.685635445356784
2017-10-07T00:00:00Z,2.2784073629966595
2017-10-06T00:00:00Z,2.354508969086587
2017-10-05T00:00:00Z,1.862331437305516
2017-10-04T00:00:00Z,1.96588037346616
2017-10-03T00:00:00Z,2.6963718352410617
2017-10-02T00:00:00Z,2.340929455177765
2017-10-01T00:00:00Z,1.9539935185694726
2017-09-30T00:00:00Z,2.03509503114624
2017-09-29T00:00:00Z,2.416328041210624
2017-09-28T00:00:00Z,2.5906631814157373
2017-09-27T00:00:00Z,2.1190123832604963
2017-09-26T00:00:00Z,1.954656451454069
2017-09-25T00:00:00Z,1.7530916732895734
2017-09-24T00:00:00Z,1.8801535724105591
2017-09-23T00:00:00Z,2.183954584303089
2017-09-22T00:00:00Z,1.8246200375452044
2017-09-21T00:00:00Z,2.405034218569852
2017-09-20T00:00:00Z,1.7390972443221828
2017-09-19T00:00:00Z,2.3078728216501387
2017-09-18T00:00:00Z,1.912867420760051
2017-09-17T00:00:00Z,2.330800309060634
2017-09-16T00:00:00Z,2.330582145824465
2017-09-15T00:00:00Z,2.2981606362727205
2017-09-14T00:00:00Z,2.379201122015516
2017-09-13T00:00:00Z,2.7954915425390583
2017-09-12T00:00:00Z,3.0343558520710787
2017-09-11T00:00:00Z,2.83663118597083
2017-09-10T00:00:00Z,2.2732350941693373
2017-09-09T00:00:00Z,2.829956335690364
2017-09-08T00:00:00Z,3.1583713473382704
2017-09-07T00:00:00Z,3.336614659351279
2017-09-06T00:00:00Z,3.117093881653786
2017-09-05T00:00:00Z,3.535393402352389
2017-09-04T00:00:00Z,3.3292833184604538
2017-09-03T00:00:00Z,3.019032120701557
2017-09-02T00:00:00Z,3.361085051586884
2017-09-01T00:00:00Z,3.8019664862590674
2017-08-31T00:00:00Z,3.583404848114363
2017-08-30T00:00:00Z,3.593325033115938
2017-08-29T00:00:00Z,3.312528102947255
2017-08-28T00:00:00Z,2.7530962701876778
2017-08-27T00:00:00Z,3.2222542287011944
2017-08-26T00:00:00Z,2.4392950169038006
2017-08-25T00:00:00Z,2.409538353603174
2017-08-24T00:00:00Z,2.281384854930105
2017-08-23T00:00:00Z,3.4819557120761004
2017-08-22T00:00:00Z,1.9041381067282426
2017-08-21T00:00:00Z,2.3503283759129103
2017-08-20T00:00:00Z,2.5458717220902543
2017-08-19T00:00:00Z,2.984158497869388
2017-08-18T00:00:00Z,3.1728777083655597
2017-08-17T00:00:00Z,3.8977070944394376
2017-08-16T00:00:00Z,2.8757386024199385
2017-08-15T00:00:00Z,3.2922825863036125
2017-08-14T00:00:00Z,2.7698324269612646
2017-08-13T00:00:00Z,2.927431794004213
2017-08-12T00:00:00Z,2.575672293832944
2017-08-11T00:00:00Z,2.576330945347578
2017-08-10T00:00:00Z,2.2999068778853053
2017-08-09T00:00:00Z,2.2977464050309435
2017-08-08T00:00:00Z,2.770561157115165
2017-08-07T00:00:00Z,2.484293444163788
2017-08-06T00:00:00Z,2.2029376244177588
2017-08-05T00:00:00Z,2.7334157548179934
2017-08-04T00:00:00Z,2.491926634049281
2017-08-03T00:00:00Z,1.9109859480770501
2017-08-02T00:00:00Z,2.0845137940529046
2017-08-01T00:00:00Z,2.052987613178902
2017-07-31T00:00:00Z,2.125462394506948
2017-07-30T00:00:00Z,2.043708582184713
2017-07-29T00:00:00Z,2.22503398498231
2017-07-28T00:00:00Z,2.194385062256716
2017-07-27T00:00:00Z,2.092599994324919
2017-07-26T00:00:00Z,1.955667821714113
2017-07-25T00:00:00Z,2.0750209148132375
2017-07-24T00:00:00Z,2.6033239527855936
2017-07-23T00:00:00Z,2.503754967842961
2017-07-22T00:00:00Z,2.4088108664673733
2017-07-21T00:00:00Z,2.372618798463889
2017-07-20T00:00:00Z,2.243626279487599
2017-07-19T00:00:00Z,1.9281981758470317
2017-07-18T00:00:00Z,2.109749188328618
2017-07-17T00:00:00Z,1.7193769135241594
2017-07-16T00:00:00Z,1.7517776705122605
2017-07-15T00:00:00Z,1.6766157380781095
2017-07-14T00:00:00Z,1.830610806378336
2017-07-13T00:00:00Z,2.121013939691308
2017-07-12T00:00:00Z,2.3590649528482004
2017-07-11T00:00:00Z,2.3060218361073748
2017-07-10T00:00:00Z,2.739639763427999
2017-07-09T00:00:00Z,2.017412802118886
2017-07-08T00:00:00Z,2.3948238270923077
2017-07-07T00:00:00Z,2.257526817472555
2017-07-06T00:00:00Z,2.231276960647112
2017-07-05T00:00:00Z,2.29657316105569
2017-07-04T00:00:00Z,2.454353260090273
2017-07-03T00:00:00Z,2.6034537099362645
2017-07-02T00:00:00Z,2.6701112714551667
2017-07-01T00:00:00Z,2.4322226041203474
2017-06-30T00:00:00Z,2.4830744986561823
2017-06-29T00:00:00Z,2.0423812148937217
2017-06-28T00:00:00Z,2.5898489020111373
2017-06-27T00:00:00Z,2.1044807495058753
2017-06-26T00:00:00Z,2.3078615137058476
2017-06-25T00:00:00Z,2.0087878158045975
2017-06-24T00:00:00Z,2.4947636928018246
2017-06-23T00:00:00Z,2.8200546919918934
2017-06-22T00:00:00Z,2.611131912388011
2017-06-21T00:00:00Z,2.6772781292898165
2017-06-20T00:00:00Z,2.5315461594964397
2017-06-19T00:00:00Z,2.637763846908404
2017-06-18T00:00:00Z,2.4291784173541937
2017-06-17T00:00:00Z,2.4632450594827446
2017-06-16T00:00:00Z,2.4735840272420146
2017-06-15T00:00:00Z,2.5195528228466397
2017-06-14T00:00:00Z,2.6723945640042794
2017-06-13T00:00:00Z,2.7919932660743165
2017-06-12T00:00:00Z,2.9080116171541075
2017-06-11T00:00:00Z,2.9568790021399054
2017-06-10T00:00:00Z,2.881890331498143
2017-06-09T00:00:00Z,3.1206493761060212
2017-06-08T00:00:00Z,3.321770250521477
2017-06-07T00:00:00Z,3.661970816227059
2017-06-06T00:00:00Z,3.255482250745763
2017-06-05T00:00:00Z,3.152705158831458
2017-06-04T00:00:00Z,2.9861794852835777
2017-06-03T00:00:00Z,3.577090901363982
2017-06-02T00:00:00Z,2.6949708353749244
2017-06-01T00:00:00Z,3.1445191251739355
2017-05-31T00:00:00Z,2.882173354441589
2017-05-30T00:00:00Z,3.171171470505387
2017-05-29T00:00:00Z,2.643927213039641
2017-05-28T00:00:00Z,2.7003284900476507
2017-05-27T00:00:00Z,2.7348686153147685
2017-05-26T00:00:00Z,2.901291361077178
2017-05-25T00:00:00Z,3.326250525768713
2017-05-24T00:00:00Z,2.9330983473305428
2017-05-23T00:00:00Z,2.9349800730499105
2017-05-22T00:00:00Z,2.5077915542672997
2017-05-21T00:00:00Z,2.365990704133139
2017-05-20T00:00:00Z,2.5929917681379187
2017-05-19T00:00:00Z,2.5773387726761743
2017-05-18T00:00:00Z,2.155676226735309
2017-05-17T00:00:00Z,2.381606769951241
2017-05-16T00:00:00Z,1.8805644087508762
2017-05-15T00:00:00Z,2.331079728296323
2017-05-14T00:00:00Z,2.295547649805727
2017-05-13T00:00:00Z,2.138095591657957
2017-05-12T00:00:00Z,2.196708179518064
2017-05-11T00:00:00Z,1.9790064301841892
2017-05-10T00:00:00Z,2.0856923076553953
2017-05-09T00:00:00Z,2.144129655174099
2017-05-08T00:00:00Z,2.3294448541944304
2017-05-07T00:00:00Z,2.080254586279456
2017-05-06T00:00:00Z,2.0995754367253943
2017-05-05T00:00:00Z,1.6637451551095246
2017-05-04T00:00:00Z,2.141223493419769
2017-05-03T00:00:00Z,1.6183235099003084
2017-05-02T00:00:00Z,1.8927950055064438
2017-05-01T00:00:00Z,1.7126140419205258
2017-04-30T00:00:00Z,1.6247245962547747
2017-04-29T00:00:00Z,1.8888305425341891
2017-04-28T00:00:00Z,1.5086447817966462
2017-04-27T00:00:00Z,1.624101968948661
2017-04-26T00:00:00Z,1.6421522966763107
2017-04-25T00:00:00Z,1.5819927574214154
2017-04-24T00:00:00Z,1.2800216255284118
2017-04-23T00:00:00Z,1.5323349239800819
2017-04-22T00:00:00Z,1.4564716141484282
2017-04-21T00:00:00Z,1.7070338485175338
2017-04-20T00:00:00Z,1.4021071694031702
2017-04-19T00:00:00Z,1.4089640070122085
2017-04-18T00:00:00Z,1.4426472794703513
2017-04-17T00:00:00Z,1.314990946805814
2017-04-16T00:00:00Z,1.3641456806137784
2017-04-15T00:00:00Z,1.4304117047116842
2017-04-14T00:00:00Z,1.360034038504677
2017-04-13T00:00:00Z,1.2480877621425766
2017-04-12T00:00:00Z,1.4089693074025311
2017-04-11T00:00:00Z,1.635154186977019
2017-04-10T00:00:00Z,1.4358323253091327
2017-04-09T00:00:00Z,1.500378011681878
2017-04-08T00:00:00Z,1.3060762177220537
2017-04-07T00:00:00Z,1.5651607753008274
2017-04-06T00:00:00Z,1.4076968200444009
2017-04-05T00:00:00Z,1.4961794963046808
2017-04-04T00:00:00Z,1.183256381530921
2017-04-03T00:00:00Z,1.615515597715753
2017-04-02T00:00:00Z,1.386698683107968
2017-04-01T00:00:00Z,1.1778860658966177
2017-03-31T00:00:00Z,1.1889395304550732
2017-03-30T00:00:00Z,1.3785025861335223
2017-03-29T00:00:00Z,1.1845846271548288
2017-03-28T00:00:00Z,1.33862341136179
2017-03-27T00:00:00Z,1.0917901434505155
2017-03-26T00:00:00Z,1.2824651512643939
2017-03-25T00:00:00Z,1.0165754568995466
2017-03-24T00:00:00Z,1.4249285709664812
2017-03-23T00:00:00Z,1.2805473877881082
2017-03-22T00:00:00Z,1.4009368215044822
2017-03-21T00:00:00Z,1.304530378652279
2017-03-20T00:00:00Z,1.194192394799548
2017-03-19T00:00:00Z,1.366590334107752
2017-03-18T00:00:00Z,1.3473117292826562
2017-03-17T00:00:00Z,1.4600913723709348
2017-03-16T00:00:00Z,1.5833048302779806
2017-03-15T00:00:00Z,1.507045800742139
2017-03-14T00:00:00Z,1.6456396089693035
2017-03-13T00:00:00Z,1.504551827357033
2017-03-12T00:00:00Z,1.532456089033292
2017-03-11T00:00:00Z,1.4710870873971935
2017-03-10T00:00:00Z,1.602576695650505
2017-03-09T00:00:00Z,1.483591028513878
2017-03-08T00:00:00Z,1.4587206830655348
2017-03-07T00:00:00Z,1.660616784132269
2017-03-06T00:00:00Z,1.565587297077128
2017-03-05T00:00:00Z,1.5835381128469344
2017-03-04T00:00:00Z,1.4573739815824587
2017-03-03T00:00:00Z,1.6741014324152084
2017-03-02T00:00:00Z,1.6810738783134984
2017-03-01T00:00:00Z,1.502902865037957
2017-02-28T00:00:00Z,1.567729826953307
2017-02-27T00:00:00Z,1.4577846810737374
2017-02-26T00:00:00Z,1.7149599993060574
2017-02-25T00:00:00Z,1.6461460526085059
2017-02-24T00:00:00Z,1.6620115311659518
2017-02-23T00:00:00Z,1.4865281492137072
2017-02-22T00:00:00Z,1.3294970328733207
2017-02-21T00:00:00Z,1.2991308083587403
2017-02-20T00:00:00Z,1.3268507221371875
2017-02-19T00:00:00Z,1.1889551005667465
2017-02-18T00:00:00Z,1.3537362251323746
2017-02-17T00:00:00Z,1.3435891832853712
2017-02-16T00:00:00Z,1.320153654947149
2017-02-15T00:00:00Z,1.1827161454084543
2017-02-14T00:00:00Z,1.4183297904592806
2017-02-13T00:00:00Z,1.3593626984287592
2017-02-12T00:00:00Z,1.1669944494306943
2017-02-11T00:00:00Z,1.1714783296239433
2017-02-10T00:00:00Z,1.2144428118072816
2017-02-09T00:00:00Z,1.47064898173989
2017-02-08T00:00:00Z,1.3104268180827197
2017-02-07T00:00:00Z,1.3487652770716931
2017-02-06T00:00:00Z,1.1030690853450242
2017-02-05T00:00:00Z,1.366029989254109
2017-02-04T00:00:00Z,1.2425557299498364
2017-02-03T00:00:00Z,1.2918588570798264
2017-02-02T00:00:00Z,1.3154220043320004
2017-02-01T00:00:00Z,1.5681510071099865
2017-01-31T00:00:00Z,1.1660186791384037
2017-01-30T00:00:00Z,1.1246388608439506
2017-01-29T00:00:00Z,1.2850287796622604
2017-01-28T00:00:00Z,1.1792510770481461
2017-01-27T00:00:00Z,1.3000783598714405
2017-01-26T00:00:00Z,1.1850429579451616
2017-01-25T00:00:00Z,1.132385869974774
2017-01-24T00:00:00Z,1.152860611312902
2017-01-23T00:00:00Z,1.0720643195576658
2017-01-22T00:00:00Z,1.327190381400147
2017-01-21T00:00:00Z,1.374939208312388
2017-01-20T00:00:00Z,1.4050225848080455
2017-01-19T00:00:00Z,1.3023188919102526
2017-01-18T00:00:00Z,1.118926003573755
2017-01-17T00:00:00Z,1.1672652325388273
2017-01-16T00:00:00Z,1.1729429633922668
2017-01-15T00:00:00Z,1.1340924567742898
2017-01-14T00:00:00Z,1.1845159228684912
2017-01-13T00:00:00Z,1.0173249367311685
2017-01-12T00:00:00Z,1.1346986969930835
2017-01-11T00:00:00Z,1.0994635802296553
2017-01-10T00:00:00Z,1.2284338702780497
2017-01-09T00:00:00Z,1.0340631101115991
2017-01-08T00:00:00Z,1.2816248112951334
2017-01-07T00:00:00Z,1.0261367971103614
2017-01-06T00:00:00Z,1.2767096609029494
2017-01-05T00:00:00Z,1.259760406482392
2017-01-04T00:00:00Z,1.4652398539448335
2017-01-03T00:00:00Z,1.4157175011249652
2017-01-02T00:00:00Z,1.3657189502648877
2017-01-01T00:00:00Z,1.263250410643352
2016-12-31T00:00:00Z,1.1879581022599741
2016-12-30T00:00:00Z,1.2636945513305267
2016-12-29T00:00:00Z,1.2368166864734265
2016-12-28T00:00:00Z,1.3226830307355621
2016-12-27T00:00:00Z,1.2114178964652058
2016-12-26T00:00:00Z,1.0804265498411805
2016-12-25T00:00:00Z,1.1962206491882321
2016-12-24T00:00:00Z,1.0395763414769486
2016-12-23T00:00:00Z,1.1545797789573105
2016-12-22T00:00:00Z,1.150534847933411
2016-12-21T00:00:00Z,1.0997569660878088
2016-12-20T00:00:00Z,0.9291837324250333
2016-12-19T00:00:00Z,1.0130000911443535
2016-12-18T00:00:00Z,0.9350048920359241
2016-12-17T00:00:00Z,0.9527117235506344
2016-12-16T00:00:00Z,0.880443827580594
2016-12-15T00:00:00Z,0.8414576440049966
2016-12-14T00:00:00Z,0.9129404593325736
2016-12-13T00:00:00Z,1.1576011106628434
2016-12-12T00:00:00Z,1.012809469660051
2016-12-11T00:00:00Z,1.1855627841154859
2016-12-10T00:00:00Z,0.8591787592971222
2016-12-09T00:00:00Z,0.8769006312887564
2016-12-08T00:00:00Z,1.0076237737513958
2016-12-07T00:00:00Z,1.1082009242206416
2016-12-06T00:00:00Z,0.961721097058177
2016-12-05T00:00:00Z,0.966054872645036
2016-12-04T00:00:00Z,0.948026569200138
2016-12-03T00:00:00Z,1.097758516360256
2016-12-02T00:00:00Z,0.9350389942272187
2016-12-01T00:00:00Z,0.9200042157956159
2016-11-30T00:00:00Z,0.8819585412579065
2016-11-29T00:00:00Z,0.915720484863258
2016-11-28T00:00:00Z,1.0062995181420449
2016-11-27T00:00:00Z,0.8785192140176322
2016-11-26T00:00:00Z,0.9429329904574012
2016-11-25T00:00:00Z,0.9547173192522597
2016-11-24T00:00:00Z,1.0167624314533381
2016-11-23T00:00:00Z,0.922057430140548
2016-11-22T00:00:00Z,0.8404742021636884
2016-11-21T00:00:00Z,0.8598832195467233
2016-11-20T00:00:00Z,0.7918838717445312
2016-11-19T00:00:00Z,0.8832521010930772
2016-11-18T00:00:00Z,0.9183059117171111
2016-11-17T00:00:00Z,0.9882571823197268
2016-11-16T00:00:00Z,1.025274417533507
2016-11-15T00:00:00Z,0.9240710030937026
2016-11-14T00:00:00Z,1.0023890371111657
2016-11-13T00:00:00Z,0.8192425708642933
2016-11-12T00:00:00Z,0.9825947551022922
2016-11-11T00:00:00Z,0.9657015253103969
2016-11-10T00:00:00Z,0.9991993932799912
2016-11-09T00:00:00Z,0.8949067079420521
2016-11-08T00:00:00Z,0.9994343896653811
2016-11-07T00:00:00Z,0.8686240738451867
2016-11-06T00:00:00Z,0.9055686612752293
2016-11-05T00:00:00Z,0.8641549664401079
2016-11-04T00:00:00Z,0.6898857447036947
2016-11-03T00:00:00Z,0.9391140386510586
2016-11-02T00:00:00Z,0.8104390413277017
2016-11-01T00:00:00Z,0.8694127941829699
2016-10-31T00:00:00Z,0.8575385930173469
2016-10-30T00:00:00Z,0.9791200473155025
2016-10-29T00:00:00Z,0.8785809497611613
2016-10-28T00:00:00Z,0.8725569195261358
2016-10-27T00:00:00Z,0.9346864155817954
2016-10-26T00:00:00Z,0.7872767023525178
2016-10-25T00:00:00Z,0.7707728392506359
2016-10-24T00:00:00Z,0.7796081035052632
2016-10-23T00:00:00Z,0.7832501395817408
2016-10-22T00:00:00Z,0.7940469149336676
2016-10-21T00:00:00Z,0.8602908965890602
2016-10-20T00:00:00Z,0.7119392001352769
2016-10-19T00:00:00Z,0.6613994240873982
2016-10-18T00:00:00Z,0.8250697440569722
2016-10-17T00:00:00Z,0.6720366043118119
2016-10-16T00:00:00Z,0.6937889990120639
2016-10-15T00:00:00Z,0.7566789541964518
2016-10-14T00:00:00Z,0.7249029243111753
2016-10-13T00:00:00Z,0.6828808478249296
2016-10-12T00:00:00Z,0.7681674566102684
2016-10-11T00:00:00Z,0.7399154646572564
2016-10-10T00:00:00Z,0.6433830557449612
2016-10-09T00:00:00Z,0.8189322165481834
2016-10-08T00:00:00Z,0.8691132451179125
2016-10-07T00:00:00Z,0.7382034275536399
2016-10-06T00:00:00Z,0.8260973927507771
2016-10-05T00:00:00Z,0.853090218490926
2016-10-04T00:00:00Z,0.8070548937723453
2016-10-03T00:00:00Z,0.777498866262523
2016-10-02T00:00:00Z,0.7193933423630856
2016-10-01T00:00:00Z,0.8027001541830067
2016-09-30T00:00:00Z,0.7235764829109077
2016-09-29T00:00:00Z,0.7278166374240704
2016-09-28T00:00:00Z,0.750067235027553
2016-09-27T00:00:00Z,0.8436970280650637
2016-09-26T00:00:00Z,0.7740788894843252
2016-09-25T00:00:00Z,0.9230584314054607
2016-09-24T00:00:00Z,0.8369275238851688
2016-09-23T00:00:00Z,0.6857106496351455
2016-09-22T00:00:00Z,0.7086049855826628
2016-09-21T00:00:00Z,0.8319092191336909
2016-09-20T00:00:00Z,0.7753182619720647
2016-09-19T00:00:00Z,0.6872294922115648
2016-09-18T00:00:00Z,0.7414392091977977
2016-09-17T00:00:00Z,0.8304418344247074
2016-09-16T00:00:00Z,0.7150889441810341
2016-09-15T00:00:00Z,0.7894623502776783
2016-09-14T00:00:00Z,0.8035701340658092
2016-09-13T00:00:00Z,0.849027947573903
2016-09-12T00:00:00Z,0.8333136053735162
2016-09-11T00:00:00Z,0.854750325484785
2016-09-10T00:00:00Z,0.813740946340231
2016-09-09T00:00:00Z,0.751640218398068
2016-09-08T00:00:00Z,0.7611474537763055
2016-09-07T00:00:00Z,0.7909688114488962
2016-09-06T00:00:00Z,0.705101301821142
2016-09-05T00:00:00Z,0.7245517298118637
2016-09-04T00:00:00Z,0.9122867543962233
2016-09-03T00:00:00Z,0.623181023467212
2016-09-02T00:00:00Z,0.7431217461619285
2016-09-01T00:00:00Z,0.6828173555174866
2016-08-31T00:00:00Z,0.6554944990710116
2016-08-30T00:00:00Z,0.8024961786973078
2016-08-29T00:00:00Z,0.7291883210696846
2016-08-28T00:00:00Z,0.7350049645528045
2016-08-27T00:00:00Z,0.7013653444220309
2016-08-26T00:00:00Z,0.6521392984368956
2016-08-25T00:00:00Z,0.6413171679181724
2016-08-24T00:00:00Z,0.7522034979104633
2016-08-23T00:00:00Z,0.7344037916571875
2016-08-22T00:00:00Z,0.7860554323727836
2016-08-21T00:00:00Z,0.8034159171199768
2016-08-20T00:00:00Z,0.7642499962639349
2016-08-19T00:00:00Z,0.7622583001343155
2016-08-18T00:00:00Z,0.760951714342125
2016-08-17T00:00:00Z,0.6136527424194547
2016-08-16T00:00:00Z,0.6703945971178672
2016-08-15T00:00:00Z,0.7147885777743984
2016-08-14T00:00:00Z,0.8027756863784314
2016-08-13T00:00:00Z,0.8177015438038715
2016-08-12T00:00:00Z,0.753699937164213
2016-08-11T00:00:00Z,0.7692491317467172
2016-08-10T00:00:00Z,0.7716910253803707
2016-08-09T00:00:00Z,0.6353874852173503
2016-08-08T00:00:00Z,0.7624284103557767
2016-08-07T00:00:00Z,0.7563044101941702
2016-08-06T00:00:00Z,0.8245775922526707
2016-08-05T00:00:00Z,0.8396001750292311
2016-08-04T00:00:00Z,0.7644584383004338
2016-08-03T00:00:00Z,0.7942137764171143
2016-08-02T00:00:00Z,0.7917000136380501
2016-08-01T00:00:00Z,0.8191841521006263
2016-07-31T00:00:00Z,0.8464769674627378
2016-07-30T00:00:00Z,0.679126375504604
2016-07-29T00:00:00Z,0.8348946749139519
2016-07-28T00:00:00Z,0.7748155834474927
2016-07-27T00:00:00Z,0.729868319584882
2016-07-26T00:00:00Z,0.7328278610847198
2016-07-25T00:00:00Z,0.7471620898600716
2016-07-24T00:00:00Z,0.7018002924470287
2016-07-23T00:00:00Z,0.7422061267286073
2016-07-22T00:00:00Z,0.7393120976013396
2016-07-21T00:00:00Z,0.7629947815296331
2016-07-20T00:00:00Z,0.8662933964816049
2016-07-19T00:00:00Z,0.7453167596283715
2016-07-18T00:00:00Z,0.8639539569464939
2016-07-17T00:00:00Z,0.8576734128645148
2016-07-16T00:00:00Z,0.8946327597613385
2016-07-15T00:00:00Z,0.7740965666572936
2016-07-14T00:00:00Z,0.8008066332934809
2016-07-13T00:00:00Z,0.7385324979835124
2016-07-12T00:00:00Z,0.8087850372587224
2016-07-11T00:00:00Z,0.8016073528681246
2016-07-10T00:00:00Z,0.8613476665727088
2016-07-09T00:00:00Z,1.3850167519926735
2016-07-08T00:00:00Z,1.5998369623117878
2016-07-07T00:00:00Z,1.5049781793900086
2016-07-06T00:00:00Z,1.6120244099813645
2016-07-05T00:00:00Z,1.6704172965252697
2016-07-04T00:00:00Z,1.7412530018647474
2016-07-03T00:00:00Z,1.7905752924718628
2016-07-02T00:00:00Z,1.7699545117608457
2016-07-01T00:00:00Z,1.8199145728067727
2016-06-30T00:00:00Z,1.710398883799206
2016-06-29T00:00:00Z,1.6248314445278866
2016-06-28T00:00:00Z,1.6844977124661982
2016-06-27T00:00:00Z,1.6644469879111212
2016-06-26T00:00:00Z,1.6575291700446748
2016-06-25T00:00:00Z,1.9350180589493282
2016-06-24T00:00:00Z,1.5201059587018482
2016-06-23T00:00:00Z,1.4877883279521051
2016-06-22T00:00:00Z,1.5182176048038676
2016-06-21T00:00:00Z,1.8223166208367618
2016-06-20T00:00:00Z,2.211881739853452
2016-06-19T00:00:00Z,2.4076067243371853
2016-06-18T00:00:00Z,2.162266908280234
2016-06-17T00:00:00Z,2.048535811061187
2016-06-16T00:00:00Z,2.026148772314365
2016-06-15T00:00:00Z,1.915128806258514
2016-06-14T00:00:00Z,1.6716386048574343
2016-06-13T00:00:00Z,2.0481087608026516
2016-06-12T00:00:00Z,1.728522380883285
2016-06-11T00:00:00Z,1.686700957052045
2016-06-10T00:00:00Z,1.5439810315743705
2016-06-09T00:00:00Z,1.772281496392044
2016-06-08T00:00:00Z,1.5523864203511066
2016-06-07T00:00:00Z,1.5224976858008084
2016-06-06T00:00:00Z,1.8533012875307968
2016-06-05T00:00:00Z,1.838223381978868
2016-06-04T00:00:00Z,1.292134472924966
2016-06-03T00:00:00Z,1.4902347292961846
2016-06-02T00:00:00Z,1.4054211110369363
2016-06-01T00:00:00Z,1.452876555753923
2016-05-31T00:00:00Z,1.2937936243311914
2016-05-30T00:00:00Z,1.462096887116565
2016-05-29T00:00:00Z,1.4632215522870042
2016-05-28T00:00:00Z,1.2637853684916853
2016-05-27T00:00:00Z,1.2624868120755217
2016-05-26T00:00:00Z,1.1759608224206248
2016-05-25T00:00:00Z,1.1986392747533898
2016-05-24T00:00:00Z,1.2675752341319553
2016-05-23T00:00:00Z,1.5385604646915978
2016-05-22T00:00:00Z,1.5759469619775845
2016-05-21T00:00:00Z,1.2219601153969482
2016-05-20T00:00:00Z,1.2815587411011409
2016-05-19T00:00:00Z,1.055484358637011
2016-05-18T00:00:00Z,1.3621048466664003
2016-05-17T00:00:00Z,1.2578769973290427
2016-05-16T00:00:00Z,1.26911615966012
2016-05-15T00:00:00Z,1.2524040702293966
2016-05-14T00:00:00Z,1.2932620751450263
2016-05-13T00:00:00Z,1.361126855866363
2016-05-12T00:00:00Z,1.238231535925272
2016-05-11T00:00:00Z,1.1946906362237806
2016-05-10T00:00:00Z,1.4246496312330765
2016-05-09T00:00:00Z,1.5555261323345109
2016-05-08T00:00:00Z,1.5280576517432964
2016-05-07T00:00:00Z,1.3709405357500877
2016-05-06T00:00:00Z,1.4617750325068373
2016-05-05T00:00:00Z,1.3873766779804941
2016-05-04T00:00:00Z,1.4980710563650685
2016-05-03T00:00:00Z,1.3547361058844902
2016-05-02T00:00:00Z,1.4130546319620612
2016-05-01T00:00:00Z,1.4126127374396107
2016-04-30T00:00:00Z,1.3387294045002485
2016-04-29T00:00:00Z,1.4432850075063313
2016-04-28T00:00:00Z,1.221046762814425
2016-04-27T00:00:00Z,1.2120027105952265
2016-04-26T00:00:00Z,1.54344398929592
2016-04-25T00:00:00Z,1.2001193529589214
2016-04-24T00:00:00Z,1.2319744610830408
2016-04-23T00:00:00Z,1.3173777593518912
2016-04-22T00:00:00Z,1.3092253313320075
2016-04-21T00:00:00Z,1.3759021316257012
2016-04-20T00:00:00Z,1.483474792931009
2016-04-19T00:00:00Z,1.3277047019127484
2016-04-18T00:00:00Z,1.1897780786034429
2016-04-17T00:00:00Z,1.404218776906528
2016-04-16T00:00:00Z,1.2294551184013713
2016-04-15T00:00:00Z,1.2335994589450487
2016-04-14T00:00:00Z,1.445027510655696
2016-04-13T00:00:00Z,1.4521385380494487
2016-04-12T00:00:00Z,1.3166626625625888
2016-04-11T00:00:00Z,1.3491906028590896
2016-04-10T00:00:00Z,1.5175268386614273
2016-04-09T00:00:00Z,1.4151764064485879
2016-04-08T00:00:00Z,1.274890378976852
2016-04-07T00:00:00Z,1.2320697178831699
2016-04-06T00:00:00Z,1.3982094874696087
2016-04-05T00:00:00Z,1.3772570135946771
2016-04-04T00:00:00Z,1.468555734337076
2016-04-03T00:00:00Z,1.2611824164065892
2016-04-02T00:00:00Z,1.2379954912222568
2016-04-01T00:00:00Z,1.3534588320264898
2016-03-31T00:00:00Z,1.0971980263967462
2016-03-30T00:00:00Z,1.2920952951073712
2016-03-29T00:00:00Z,1.4023140150272853
2016-03-28T00:00:00Z,1.5341695719581483
2016-03-27T00:00:00Z,1.2617180018657093
2016-03-26T00:00:00Z,1.3600847423462181
2016-03-25T00:00:00Z,1.2947926183691167
2016-03-24T00:00:00Z,1.3100457150626943
2016-03-23T00:00:00Z,1.3333694256824042
2016-03-22T00:00:00Z,1.322820254190111
2016-03-21T00:00:00Z,1.2263122461731422
2016-03-20T00:00:00Z,1.2905637354798558
2016-03-19T00:00:00Z,1.1956820244155748
2016-03-18T00:00:00Z,1.2148198628579447
2016-03-17T00:00:00Z,1.2779576142875606
2016-03-16T00:00:00Z,1.3679812006018768
2016-03-15T00:00:00Z,1.4497220686410894
2016-03-14T00:00:00Z,1.3654283700944134
2016-03-13T00:00:00Z,1.1936081468372985
2016-03-12T00:00:00Z,1.2937736113358738
2016-03-11T00:00:00Z,1.4598998086257762
2016-03-10T00:00:00Z,1.3984999661737156
2016-03-09T00:00:00Z,1.5121095701796232
2016-03-08T00:00:00Z,1.3886939334651083
2016-03-07T00:00:00Z,1.1882117987413168
2016-03-06T00:00:00Z,1.303355987552174
2016-03-05T00:00:00Z,1.3262311662823418
2016-03-04T00:00:00Z,1.42770870768563
2016-03-03T00:00:00Z,1.253850248170012
2016-03-02T00:00:00Z,1.5095844763231525
2016-03-01T00:00:00Z,1.3603655505984924
2016-02-29T00:00:00Z,1.2930487176881815
2016-02-28T00:00:00Z,1.2774118738901934
2016-02-27T00:00:00Z,1.4088087948467716
2016-02-26T00:00:00Z,1.3184373641763476
2016-02-25T00:00:00Z,1.460281552197162
2016-02-24T00:00:00Z,1.1125001595805268
2016-02-23T00:00:00Z,1.300086716079118
2016-02-22T00:00:00Z,1.244193501133181
2016-02-21T00:00:00Z,1.2596659899290743
2016-02-20T00:00:00Z,1.4473901253325447
2016-02-19T00:00:00Z,1.36581376062726
2016-02-18T00:00:00Z,1.5908996715432502
2016-02-17T00:00:00Z,1.445097999759941
2016-02-16T00:00:00Z,1.2549664098398907
2016-02-15T00:00:00Z,1.3809001783399772
2016-02-14T00:00:00Z,1.4944563677025235
2016-02-13T00:00:00Z,1.36871019913908
2016-02-12T00:00:00Z,1.4707218726028621
2016-02-11T00:00:00Z,1.6417329825403404
2016-02-10T00:00:00Z,1.4076397665236668
2016-02-09T00:00:00Z,1.4928742104398942
2016-02-08T00:00:00Z,1.2715870521844648
2016-02-07T00:00:00Z,1.5098705964199137
2016-02-06T00:00:00Z,1.716157234812325
2016-02-05T00:00:00Z,1.669111150413436
2016-02-04T00:00:00Z,1.457510478464368
2016-02-03T00:00:00Z,1.5310749901418468
2016-02-02T00:00:00Z,1.5562139089763232
2016-02-01T00:00:00Z,1.39550765572325
2016-01-31T00:00:00Z,1.5849294023305278
2016-01-30T00:00:00Z,1.642533353090302
2016-01-29T00:00:00Z,1.4820865237954453
2016-01-28T00:00:00Z,1.3126871454413895
2016-01-27T00:00:00Z,1.432365949566731
2016-01-26T00:00:00Z,1.4744897858278183
2016-01-25T00:00:00Z,1.5069446336894277
2016-01-24T00:00:00Z,1.5973311251947233
2016-01-23T00:00:00Z,1.6376680597408577
2016-01-22T00:00:00Z,1.6340282041636378
2016-01-21T00:00:00Z,1.3492892124790237
2016-01-20T00:00:00Z,1.4133019682741341
2016-01-19T00:00:00Z,1.2121169660904858
2016-01-18T00:00:00Z,1.5694389903900072
2016-01-17T00:00:00Z,1.385858104913531
2016-01-16T00:00:00Z,1.2611861719050232
2016-01-15T00:00:00Z,1.1750698013778895
2016-01-14T00:00:00Z,1.3743651980567924
2016-01-13T00:00:00Z,1.5262267092573092
2016-01-12T00:00:00Z,1.8258752359828843
2016-01-11T00:00:00Z,1.8369788449130562
2016-01-10T00:00:00Z,1.880873672188864
2016-01-09T00:00:00Z,1.649753428512157
2016-01-08T00:00:00Z,1.911041931953563
2016-01-07T00:00:00Z,1.6079663770876538
2016-01-06T00:00:00Z,1.4797657536315938
2016-01-05T00:00:00Z,1.6552869671044776
2016-01-04T00:00:00Z,1.9085058833125692
2016-01-03T00:00:00Z,1.524925021044594
2016-01-02T00:00:00Z,1.5428459933864973
2016-01-01T00:00:00Z,1.4287006292123616
2015-12-31T00:00:00Z,1.4811333031395308
2015-12-30T00:00:00Z,1.7354396518766215
2015-12-29T00:00:00Z,1.6599514296790894
2015-12-28T00:00:00Z,1.578129723274073
2015-12-27T00:00:00Z,2.115874635978131
2015-12-26T00:00:00Z,1.8196631544443598
2015-12-25T00:00:00Z,1.822959774945994
2015-12-24T00:00:00Z,1.5563043686928244
2015-12-23T00:00:00Z,1.7122578172046428
2015-12-22T00:00:00Z,1.6324800313516534
2015-12-21T00:00:00Z,1.618417549815088
2015-12-20T00:00:00Z,1.8601674920799882
2015-12-19T00:00:00Z,1.811284549308016
2015-12-18T00:00:00Z,1.94084199916226
2015-12-17T00:00:00Z,1.765165947663196
2015-12-16T00:00:00Z,1.8688723476110893
2015-12-15T00:00:00Z,2.104578868859849
2015-12-14T00:00:00Z,2.1679123320618934
2015-12-13T00:00:00Z,1.5669951930209263
2015-12-12T00:00:00Z,1.7688666849980168
2015-12-11T00:00:00Z,1.764912696267014
2015-12-10T00:00:00Z,2.2726511645385647
2015-12-09T00:00:00Z,1.782727793448136
2015-12-08T00:00:00Z,1.7614236444314035
2015-12-07T00:00:00Z,1.4760622035517543
2015-12-06T00:00:00Z,1.5976428469119683
2015-12-05T00:00:00Z,1.6744013581968458
2015-12-04T00:00:00Z,1.4067793206050019
2015-12-03T00:00:00Z,1.3142215800459478
2015-12-02T00:00:00Z,1.461667065918853
2015-12-01T00:00:00Z,1.5710721801182133
2015-11-30T00:00:00Z,1.5609283499062583
2015-11-29T00:00:00Z,1.3712988862131354
2015-11-28T00:00:00Z,1.3976759866187274
2015-11-27T00:00:00Z,1.2116769668176457
2015-11-26T00:00:00Z,1.5437747407238624
2015-11-25T00:00:00Z,1.2217169155756247
2015-11-24T00:00:00Z,1.2791664455938858
2015-11-23T00:00:00Z,1.3447951585175417
2015-11-22T00:00:00Z,1.4231955191669305
2015-11-21T00:00:00Z,1.4402307087804773
2015-11-20T00:00:00Z,1.3658303859040524
2015-11-19T00:00:00Z,1.1527285896419375
2015-11-18T00:00:00Z,1.3064137204188644
2015-11-17T00:00:00Z,1.2769478572385924
2015-11-16T00:00:00Z,1.4260304122534198
2015-11-15T00:00:00Z,1.3450069820120207
2015-11-14T00:00:00Z,1.2115565077348918
2015-11-13T00:00:00Z,1.3620320260549796
2015-11-12T00:00:00Z,1.3446544804594762
2015-11-11T00:00:00Z,1.3606493033575677
2015-11-10T00:00:00Z,1.365959315145945
2015-11-09T00:00:00Z,1.4303494742326206
2015-11-08T00:00:00Z,1.3576074117779948
2015-11-07T00:00:00Z,1.4882214134517733
2015-11-06T00:00:00Z,1.3802645504009596
2015-11-05T00:00:00Z,1.4910058640774067
2015-11-04T00:00:00Z,1.7868447187200454
2015-11-03T00:00:00Z,1.5273396166603115
2015-11-02T00:00:00Z,1.332984098768341
2015-11-01T00:00:00Z,1.2520929306477189
2015-10-31T00:00:00Z,1.216209815734798
2015-10-30T00:00:00Z,1.4259090353375687
2015-10-29T00:00:00Z,1.1998459691975605
2015-10-28T00:00:00Z,1.0710219086413015
2015-10-27T00:00:00Z,1.0983602171451907
2015-10-26T00:00:00Z,1.1908892997315919
2015-10-25T00:00:00Z,1.1458784742070878
2015-10-24T00:00:00Z,1.0376355968103235
2015-10-23T00:00:00Z,1.0539747675152213
2015-10-22T00:00:00Z,1.0264856095509307
2015-10-21T00:00:00Z,0.9833298047667799
2015-10-20T00:00:00Z,0.8723486948530829
2015-10-19T00:00:00Z,1.106954744552488
2015-10-18T00:00:00Z,0.9824868470050174
2015-10-17T00:00:00Z,0.9270051573032236
2015-10-16T00:00:00Z,0.9465414317899682
2015-10-15T00:00:00Z,1.0664804057026964
2015-10-14T00:00:00Z,0.9647934264031379
2015-10-13T00:00:00Z,0.8566143598266732
2015-10-12T00:00:00Z,0.882220124502997
2015-10-11T00:00:00Z,0.900950035477999
2015-10-10T00:00:00Z,0.9809908452918353
2015-10-09T00:00:00Z,0.7691950700846987
2015-10-08T00:00:00Z,0.8543692891869646
2015-10-07T00:00:00Z,0.8156394734493017
2015-10-06T00:00:00Z,0.8640926308740492
2015-10-05T00:00:00Z,0.9118817318258479
2015-10-04T00:00:00Z,0.9103972501894257
2015-10-03T00:00:00Z,0.8613006777354186
2015-10-02T00:00:00Z,0.8166256153889654
2015-10-01T00:00:00Z,0.8787871667657337
2015-09-30T00:00:00Z,0.8698326269642839
2015-09-29T00:00:00Z,1.025721457494855
2015-09-28T00:00:00Z,0.8415204120974504
2015-09-27T00:00:00Z,0.8586760888285094
2015-09-26T00:00:00Z,0.8504112723625614
2015-09-25T00:00:00Z,0.9508022603329513
2015-09-24T00:00:00Z,0.7998976032749154
2015-09-23T00:00:00Z,0.8933472590536018
2015-09-22T00:00:00Z,0.8811300866793765
2015-09-21T00:00:00Z,0.7384016153257883
2015-09-20T00:00:00Z,0.7236344469509604
2015-09-19T00:00:00Z,0.7063697804658844
2015-09-18T00:00:00Z,0.831743619839189
2015-09-17T00:00:00Z,0.8035612958331482
2015-09-16T00:00:00Z,0.7844536533287066
2015-09-15T00:00:00Z,0.8873154270458983
2015-09-14T00:00:00Z,0.8404011997807403
2015-09-13T00:00:00Z,0.8402878231093864
2015-09-12T00:00:00Z,0.7684093403105964
2015-09-11T00:00:00Z,0.9035649505698284
2015-09-10T00:00:00Z,0.9665854234773008
2015-09-09T00:00:00Z,0.847239944751635
2015-09-08T00:00:00Z,0.7809230012428273
2015-09-07T00:00:00Z,0.8613030322681055
2015-09-06T00:00:00Z,0.8105370300358395
2015-09-05T00:00:00Z,0.8006721640798733
2015-09-04T00:00:00Z,0.8350944201932315
2015-09-03T00:00:00Z,0.7741671145945559
2015-09-02T00:00:00Z,0.8533689052765586
2015-09-01T00:00:00Z,0.8142380220989267
2015-08-31T00:00:00Z,0.8309075316031886
2015-08-30T00:00:00Z,0.789661369789134
2015-08-29T00:00:00Z,0.8448430055118238
2015-08-28T00:00:00Z,0.8103886023065056
2015-08-27T00:00:00Z,0.7067698447990506
2015-08-26T00:00:00Z,0.8265785539876961
2015-08-25T00:00:00Z,0.658636536683763
2015-08-24T00:00:00Z,0.7708843237897073
2015-08-23T00:00:00Z,0.6927972507369982
2015-08-22T00:00:00Z,0.8141227492781825
2015-08-21T00:00:00Z,0.8633787840045622
2015-08-20T00:00:00Z,0.7808862490838182
2015-08-19T00:00:00Z,0.8061064434159777
2015-08-18T00:00:00Z,0.7957150191594624
2015-08-17T00:00:00Z,0.8400281400985128
2015-08-16T00:00:00Z,0.790138093141634
2015-08-15T00:00:00Z,0.8006292095895198
2015-08-14T00:00:00Z,0.8268079574874195
2015-08-13T00:00:00Z,0.8510680574439514
2015-08-12T00:00:00Z,0.739686007866393
2015-08-11T00:00:00Z,0.9370065233783861
2015-08-10T00:00:00Z,0.9587323888191294
2015-08-09T00:00:00Z,0.8087599422829901
2015-08-08T00:00:00Z,0.9462542918657426
2015-08-07T00:00:00Z,0.8194094520752526
2015-08-06T00:00:00Z,0.8575876605672687
2015-08-05T00:00:00Z,0.8043480804047842
2015-08-04T00:00:00Z,0.8231245002427778
2015-08-03T00:00:00Z,0.9420451886112023
2015-08-02T00:00:00Z,0.8911821169378953
2015-08-01T00:00:00Z,0.9181951883733402
2015-07-31T00:00:00Z,0.906934536637758
2015-07-30T00:00:00Z,0.8117356657495043
2015-07-29T00:00:00Z,0.927775701145778
2015-07-28T00:00:00Z,0.8390160763589746
2015-07-27T00:00:00Z,0.9037130716168144
2015-07-26T00:00:00Z,0.8678992520821777
2015-07-25T00:00:00Z,0.9186009338614224
2015-07-24T00:00:00Z,0.9848704273504088
2015-07-23T00:00:00Z,0.799249817523387
2015-07-22T00:00:00Z,0.8740905545851427
2015-07-21T00:00:00Z,0.7270993691304002
2015-07-20T00:00:00Z,0.8847142597718882
2015-07-19T00:00:00Z,0.8527191678742281
2015-07-18T00:00:00Z,0.8445231055485419
2015-07-17T00:00:00Z,0.8227595812940416
2015-07-16T00:00:00Z,0.761660369530944
2015-07-15T00:00:00Z,0.8925411211506908
2015-07-14T00:00:00Z,0.8381896593060933
2015-07-13T00:00:00Z,0.8650810200558353
2015-07-12T00:00:00Z,0.8234215421433014
2015-07-11T00:00:00Z,0.8574411331469106
2015-07-10T00:00:00Z,0.8590668589609246
2015-07-09T00:00:00Z,0.7102870463170402
2015-07-08T00:00:00Z,0.8525683915606732
2015-07-07T00:00:00Z,0.705212493768898
2015-07-06T00:00:00Z,0.96122545513
2015-07-05T00:00:00Z,0.7294098643322364
2015-07-04T00:00:00Z,0.756267885062395
2015-07-03T00:00:00Z,0.792372713568927
2015-07-02T00:00:00Z,0.7614206210645528
2015-07-01T00:00:00Z,0.6733443175034128
2015-06-30T00:00:00Z,0.7306654786767347
2015-06-29T00:00:00Z,0.6767255268062086
2015-06-28T00:00:00Z,0.6704768157381843
2015-06-27T00:00:00Z,0.6024082845407184
2015-06-26T00:00:00Z,0.7034925248910439
2015-06-25T00:00:00Z,0.6916947138436904
2015-06-24T00:00:00Z,0.7087736576446848
2015-06-23T00:00:00Z,0.6415254380224863
2015-06-22T00:00:00Z,0.7026304173604999
2015-06-21T00:00:00Z,0.5606390612711261
2015-06-20T00:00:00Z,0.6029451789482924
2015-06-19T00:00:00Z,0.6747477428829816
2015-06-18T00:00:00Z,0.7154169883152787
2015-06-17T00:00:00Z,0.7273403921458902
2015-06-16T00:00:00Z,0.521502113211446
2015-06-15T00:00:00Z,0.6163721256880484
2015-06-14T00:00:00Z,0.6255269432015667
2015-06-13T00:00:00Z,0.6606328033956035
2015-06-12T00:00:00Z,0.5880094144932405
2015-06-11T00:00:00Z,0.5559926548778962
2015-06-10T00:00:00Z,0.6908554097931373
2015-06-09T00:00:00Z,0.6175278359672739
2015-06-08T00:00:00Z,0.6304080654387806
2015-06-07T00:00:00Z,0.59203557454207
2015-06-06T00:00:00Z,0.704178897629633
2015-06-05T00:00:00Z,0.5440057439228353
2015-06-04T00:00:00Z,0.555605289765824
2015-06-03T00:00:00Z,0.5584894534195782
2015-06-02T00:00:00Z,0.5831297764248896
2015-06-01T00:00:00Z,0.518032592454565
2015-05-31T00:00:00Z,0.5946560582515418
2015-05-30T00:00:00Z,0.5512633149555357
2015-05-29T00:00:00Z,0.622813081959344
2015-05-28T00:00:00Z,0.5317655988336872
2015-05-27T00:00:00Z,0.5558402747866271
2015-05-26T00:00:00Z,0.5806562707417694
2015-05-25T00:00:00Z,0.569642887590508
2015-05-24T00:00:00Z,0.588663556925612
2015-05-23T00:00:00Z,0.4510095303648638
2015-05-22T00:00:00Z,0.542699994411652
2015-05-21T00:00:00Z,0.6038017363578917
2015-05-20T00:00:00Z,0.5637695469059497
2015-05-19T00:00:00Z,0.50619925052419
2015-05-18T00:00:00Z,0.5685555533602731
2015-05-17T00:00:00Z,0.6750824854646353
2015-05-16T00:00:00Z,0.5242730855437189
2015-05-15T00:00:00Z,0.5779442817411056
2015-05-14T00:00:00Z,0.60363158972233
2015-05-13T00:00:00Z,0.6520325128199995
2015-05-12T00:00:00Z,0.5997871250864971
2015-05-11T00:00:00Z,0.6245495864534634
2015-05-10T00:00:00Z,0.5133062412123005
2015-05-09T00:00:00Z,0.5138664815343748
2015-05-08T00:00:00Z,0.5917517027956557
2015-05-07T00:00:00Z,0.544051333943174
2015-05-06T00:00:00Z,0.6123996578884361
2015-05-05T00:00:00Z,0.5970009525882645
2015-05-04T00:00:00Z,0.5007711101641057
2015-05-03T00:00:00Z,0.5427023681617579
2015-05-02T00:00:00Z,0.5558886501565125
2015-05-01T00:00:00Z,0.5629731733450937
2015-04-30T00:00:00Z,0.5035215540662191
2015-04-29T00:00:00Z,0.4622852971991896
2015-04-28T00:00:00Z,0.5554107891577174
2015-04-27T00:00:00Z,0.4887098599801592
2015-04-26T00:00:00Z,0.5069308414483564
2015-04-25T00:00:00Z,0.6102698426989459
2015-04-24T00:00:00Z,0.46063605621297576
2015-04-23T00:00:00Z,0.4879495063694675
2015-04-22T00:00:00Z,0.5711762976825706
2015-04-21T00:00:00Z,0.5511998761555931
2015-04-20T00:00:00Z,0.5485320643081317
2015-04-19T00:00:00Z,0.5149514481831393
2015-04-18T00:00:00Z,0.5137763537340431
2015-04-17T00:00:00Z,0.44541633383340884
2015-04-16T00:00:00Z,0.4941185149269231
2015-04-15T00:00:00Z,0.424746797237095
2015-04-14T00:00:00Z,0.5183666488725955
2015-04-13T00:00:00Z,0.5682864639668834
2015-04-12T00:00:00Z,0.47326875512577904
2015-04-11T00:00:00Z,0.5160908307426072
2015-04-10T00:00:00Z,0.5637970992168582
2015-04-09T00:00:00Z,0.5050603302492367
2015-04-08T00:00:00Z,0.48324663417385555
2015-04-07T00:00:00Z,0.5999428998830109
2015-04-06T00:00:00Z,0.5035702459295252
2015-04-05T00:00:00Z,0.5833488242939314
2015-04-04T00:00:00Z,0.5964556031353576
2015-04-03T00:00:00Z,0.5704120886134255
2015-04-02T00:00:00Z,0.6338239704424518
2015-04-01T00:00:00Z,0.4933857429416499
2015-03-31T00:00:00Z,0.563716706197543
2015-03-30T00:00:00Z,0.5329299495857823
2015-03-29T00:00:00Z,0.5729208578563443
2015-03-28T00:00:00Z,0.5663877230460777
2015-03-27T00:00:00Z,0.6427874686107241
2015-03-26T00:00:00Z,0.5591183784829248
2015-03-25T00:00:00Z,0.6008804736160941
2015-03-24T00:00:00Z,0.6707231383200991
2015-03-23T00:00:00Z,0.5851450176871429
2015-03-22T00:00:00Z,0.559653827520949
2015-03-21T00:00:00Z,0.5871244831764594
2015-03-20T00:00:00Z,0.5322657616440505
2015-03-19T00:00:00Z,0.5271112086740689
2015-03-18T00:00:00Z,0.6236377627795101
2015-03-17T00:00:00Z,0.5492981037214766
2015-03-16T00:00:00Z,0.5990048965799535
2015-03-15T00:00:00Z,0.6000660476465842
2015-03-14T00:00:00Z,0.5466769272350174
2015-03-13T00:00:00Z,0.6227043806637862
2015-03-12T00:00:00Z,0.565268889813425
2015-03-11T00:00:00Z,0.6614007528443776
2015-03-10T00:00:00Z,0.6520740879729219
2015-03-09T00:00:00Z,0.5928203654183758
2015-03-08T00:00:00Z,0.6218580793895435
2015-03-07T00:00:00Z,0.5539487008681477
2015-03-06T00:00:00Z,0.5848839995761095
2015-03-05T00:00:00Z,0.5152529433764563
2015-03-04T00:00:00Z,0.5634109114860368
2015-03-03T00:00:00Z,0.6262291472606678
2015-03-02T00:00:00Z,0.595718145766658
2015-03-01T00:00:00Z,0.504856762185764
2015-02-28T00:00:00Z,0.5131739296404456
2015-02-27T00:00:00Z,0.5423015224888835
2015-02-26T00:00:00Z,0.5024409164030857
2015-02-25T00:00:00Z,0.53397546240405
2015-02-24T00:00:00Z,0.4343496136524521
2015-02-23T00:00:00Z,0.472201458958197
2015-02-22T00:00:00Z,0.5108443768092669
2015-02-21T00:00:00Z,0.48598730434002074
2015-02-20T00:00:00Z,0.5364645544614309
2015-02-19T00:00:00Z,0.5488155195694802
2015-02-18T00:00:00Z,0.5539035706757457
2015-02-17T00:00:00Z,0.4921356824778523
2015-02-16T00:00:00Z,0.5084924491134565
2015-02-15T00:00:00Z,0.4787920353296608
2015-02-14T00:00:00Z,0.5390641124068872
2015-02-13T00:00:00Z,0.46367633956933585
2015-02-12T00:00:00Z,0.35640766705000204
2015-02-11T00:00:00Z,0.4744198195673288
2015-02-10T00:00:00Z,0.4257106456318974
2015-02-09T00:00:00Z,0.48109786832365187
2015-02-08T00:00:00Z,0.40075619631556825
2015-02-07T00:00:00Z,0.4831611154623019
2015-02-06T00:00:00Z,0.5209079145577515
2015-02-05T00:00:00Z,0.47099995178064713
2015-02-04T00:00:00Z,0.47661873780962544
2015-02-03T00:00:00Z,0.39920272521428724
2015-02-02T00:00:00Z,0.47656022260435077
2015-02-01T00:00:00Z,0.4424086631610614
2015-01-31T00:00:00Z,0.4934306581013215
2015-01-30T00:00:00Z,0.41651830743893675
2015-01-29T00:00:00Z,0.4929153075809854
2015-01-28T00:00:00Z,0.5369744705630511
2015-01-27T00:00:00Z,0.5036493776035933
2015-01-26T00:00:00Z,0.4614314647020934
2015-01-25T00:00:00Z,0.39898997770213657
2015-01-24T00:00:00Z,0.3832586723704432
2015-01-23T00:00:00Z,0.363248137812061
2015-01-22T00:00:00Z,0.3979522095625772
2015-01-21T00:00:00Z,0.40485786072386803
2015-01-20T00:00:00Z,0.3137778642645476
2015-01-19T00:00:00Z,0.3818985589864977
2015-01-18T00:00:00Z,0.3949200924805337
2015-01-17T00:00:00Z,0.3440309297336333
2015-01-16T00:00:00Z,0.3643675734623898
2015-01-15T00:00:00Z,0.38771960668678485
2015-01-14T00:00:00Z,0.35447362066360943
2015-01-13T00:00:00Z,0.37332351487820303
2015-01-12T00:00:00Z,0.4701457298180968
2015-01-11T00:00:00Z,0.5160686338141779
2015-01-10T00:00:00Z,0.5002319899620075
2015-01-09T00:00:00Z,0.48086613473442286
2015-01-08T00:00:00Z,0.5109571743753267
2015-01-07T00:00:00Z,0.4825290064708758
2015-01-06T00:00:00Z,0.5207213264159901
2015-01-05T00:00:00Z,0.5010238400833769
2015-01-04T00:00:00Z,0.5554804984587575
2015-01-03T00:00:00Z,0.5779479266135872
2015-01-02T00:00:00Z,0.6087253515363374
2015-01-01T00:00:00Z,0.610058830640556
2014-12-31T00:00:00Z,0.5550642720633274
2014-12-30T00:00:00Z,0.5621294285302518
2014-12-29T00:00:00Z,0.6003276182198087
2014-12-28T00:00:00Z,0.6168652723020297
2014-12-27T00:00:00Z,0.5610986638154858
2014-12-26T00:00:00Z,0.5679009499523284
2014-12-25T00:00:00Z,0.5794910710055333
2014-12-24T00:00:00Z,0.5774221683168834
2014-12-23T00:00:00Z,0.5730497058798438
2014-12-22T00:00:00Z,0.61747810515854
2014-12-21T00:00:00Z,0.4882703903428572
2014-12-20T00:00:00Z,0.4953868579024235
2014-12-19T00:00:00Z,0.48730381315101323
2014-12-18T00:00:00Z,0.4580173491432041
2014-12-17T00:00:00Z,0.46851449740110196
2014-12-16T00:00:00Z,0.540538584929267
2014-12-15T00:00:00Z,0.5538803131891342
2014-12-14T00:00:00Z,0.5511740149235229
2014-12-13T00:00:00Z,0.5657582092953681
2014-12-12T00:00:00Z,0.5505046150619098
2014-12-11T00:00:00Z,0.5798740577301595
2014-12-10T00:00:00Z,0.5526413451924996
2014-12-09T00:00:00Z,0.5509937991469972
2014-12-08T00:00:00Z,0.6625190076031365
2014-12-07T00:00:00Z,0.5204094969272052
2014-12-06T00:00:00Z,0.5631411780293664
2014-12-05T00:00:00Z,0.6340389106995303
2014-12-04T00:00:00Z,0.5935733252756669
2014-12-03T00:00:00Z,0.47673156865759414
2014-12-02T00:00:00Z,0.6178970230295554
2014-12-01T00:00:00Z,0.5314234799389956
2014-11-30T00:00:00Z,0.6474360073756519
2014-11-29T00:00:00Z,0.6324690497200294
2014-11-28T00:00:00Z,0.5792594891338719
2014-11-27T00:00:00Z,0.5516790348558012
2014-11-26T00:00:00Z,0.5361254181866786
2014-11-25T00:00:00Z,0.5322832073130016
2014-11-24T00:00:00Z,0.578214115677923
2014-11-23T00:00:00Z,0.5320045345735602
2014-11-22T00:00:00Z,0.5702996586118616
2014-11-21T00:00:00Z,0.46362393324212164
2014-11-20T00:00:00Z,0.5212592779778189
2014-11-19T00:00:00Z,0.5505078195007892
2014-11-18T00:00:00Z,0.606269524951931
2014-11-17T00:00:00Z,0.5928965004669092
2014-11-16T00:00:00Z,0.596547341674062
2014-11-15T00:00:00Z,0.5585668639517396
2014-11-14T00:00:00Z,0.6308247998866763
2014-11-13T00:00:00Z,0.641758497816849
2014-11-12T00:00:00Z,0.599399308746404
2014-11-11T00:00:00Z,0.48764716199835095
2014-11-10T00:00:00Z,0.5532399398792546
2014-11-09T00:00:00Z,0.5431063844633558
2014-11-08T00:00:00Z,0.5416104635938038
2014-11-07T00:00:00Z,0.5344585885569094
2014-11-06T00:00:00Z,0.5436015715522069
2014-11-05T00:00:00Z,0.4789942063997022
2014-11-04T00:00:00Z,0.5441442588632434
2014-11-03T00:00:00Z,0.5708434690248555
2014-11-02T00:00:00Z,0.5168776197586881
2014-11-01T00:00:00Z,0.5384780432089565
2014-10-31T00:00:00Z,0.6617341878901126
2014-10-30T00:00:00Z,0.5922065633513766
2014-10-29T00:00:00Z,0.5503891875688722
2014-10-28T00:00:00Z,0.5027177055776747
2014-10-27T00:00:00Z,0.5798728996021602
2014-10-26T00:00:00Z,0.4530067804289134
2014-10-25T00:00:00Z,0.557649114365511
2014-10-24T00:00:00Z,0.587482322731923
2014-10-23T00:00:00Z,0.573552240442688
2014-10-22T00:00:00Z,0.6311640074119004
2014-10-21T00:00:00Z,0.6109355288068195
2014-10-20T00:00:00Z,0.5435352490767489
2014-10-19T00:00:00Z,0.5380911156820889
2014-10-18T00:00:00Z,0.6560989026662163
2014-10-17T00:00:00Z,0.5607001983124347
2014-10-16T00:00:00Z,0.5957361762534836
2014-10-15T00:00:00Z,0.6195940674932012
2014-10-14T00:00:00Z,0.5544005408760413
2014-10-13T00:00:00Z,0.6128547148921897
2014-10-12T00:00:00Z,0.5589977934890021
2014-10-11T00:00:00Z,0.5398314355094731
2014-10-10T00:00:00Z,0.5857894961432795
2014-10-09T00:00:00Z,0.5650567666416142
2014-10-08T00:00:00Z,0.5090382819090948
2014-10-07T00:00:00Z,0.4625290606864627
2014-10-06T00:00:00Z,0.5497069595602119
2014-10-05T00:00:00Z,0.5638897899412455
2014-10-04T00:00:00Z,0.5608565308875892
2014-10-03T00:00:00Z,0.5646444690947929
2014-10-02T00:00:00Z,0.5486581288507264
2014-10-01T00:00:00Z,0.628098539982789
2014-09-30T00:00:00Z,0.6118564871791076
2014-09-29T00:00:00Z,0.5464278175521565
2014-09-28T00:00:00Z,0.5382313315431729
2014-09-27T00:00:00Z,0.5697746299030948
2014-09-26T00:00:00Z,0.5810899933509343
2014-09-25T00:00:00Z,0.7525144110934092
2014-09-24T00:00:00Z,0.7098594114966466
2014-09-23T00:00:00Z,0.6557530653581253
2014-09-22T00:00:00Z,0.7177128233149027
2014-09-21T00:00:00Z,0.7034135440393633
2014-09-20T00:00:00Z,0.768533496228094
2014-09-19T00:00:00Z,0.7400010003126597
2014-09-18T00:00:00Z,0.8441665300351657
2014-09-17T00:00:00Z,0.9160297316850483
2014-09-16T00:00:00Z,0.8633394451388949
2014-09-15T00:00:00Z,0.8099480681528728
2014-09-14T00:00:00Z,0.8128571595452283
2014-09-13T00:00:00Z,0.930694689763694
2014-09-12T00:00:00Z,0.7873008801131978
2014-09-11T00:00:00Z,0.8747466008686069
2014-09-10T00:00:00Z,0.8157838508569261
2014-09-09T00:00:00Z,0.7426173479603635
2014-09-08T00:00:00Z,0.737755989563173
2014-09-07T00:00:00Z,0.8168195925093985
2014-09-06T00:00:00Z,0.9408856237213583
2014-09-05T00:00:00Z,0.7693991126526656
2014-09-04T00:00:00Z,0.8312197457499552
2014-09-03T00:00:00Z,0.8794823696708794
2014-09-02T00:00:00Z,0.7682633899319568
2014-09-01T00:00:00Z,0.7145104239914128
2014-08-31T00:00:00Z,1.0046580078470115
2014-08-30T00:00:00Z,1.0038162670743676
2014-08-29T00:00:00Z,0.9482635943553989
2014-08-28T00:00:00Z,0.9730409007395117
2014-08-27T00:00:00Z,0.9615146905051477
2014-08-26T00:00:00Z,0.9714970118892261
2014-08-25T00:00:00Z,0.7687087887247358
2014-08-24T00:00:00Z,0.821617750012697
2014-08-23T00:00:00Z,0.9086670665190962
2014-08-22T00:00:00Z,0.9003981581975908
2014-08-21T00:00:00Z,0.9625882986380587
2014-08-20T00:00:00Z,0.9313708836551885
2014-08-19T00:00:00Z,0.9941321681807443
2014-08-18T00:00:00Z,1.0591440382748951
2014-08-17T00:00:00Z,0.9737862960365975
2014-08-16T00:00:00Z,0.8936932197553221
2014-08-15T00:00:00Z,0.9435278317139013
2014-08-14T00:00:00Z,1.0566589418934034
2014-08-13T00:00:00Z,0.9099498079812178
2014-08-12T00:00:00Z,1.128290170047752
2014-08-11T00:00:00Z,1.211592165108314
2014-08-10T00:00:00Z,1.19286543981484
2014-08-09T00:00:00Z,1.2277515315279486
2014-08-08T00:00:00Z,1.0774985754522561
2014-08-07T00:00:00Z,1.078784196236477
2014-08-06T00:00:00Z,1.1033038693039703
2014-08-05T00:00:00Z,0.9143205133123775
2014-08-04T00:00:00Z,0.8741299133501458
2014-08-03T00:00:00Z,1.0465266188981885
2014-08-02T00:00:00Z,1.1219945141082366
2014-08-01T00:00:00Z,1.0857086545070749
2014-07-31T00:00:00Z,1.0404786476663184
2014-07-30T00:00:00Z,1.164639558325674
2014-07-29T00:00:00Z,1.0242582559166629
2014-07-28T00:00:00Z,1.032098097093779
2014-07-27T00:00:00Z,1.0759869435957923
2014-07-26T00:00:00Z,0.9447954060663115
2014-07-25T00:00:00Z,1.1647073920008657
2014-07-24T00:00:00Z,1.0412642047178444
2014-07-23T00:00:00Z,1.0818827621207563
2014-07-22T00:00:00Z,1.0580793675704712
2014-07-21T00:00:00Z,1.1542870507555474
2014-07-20T00:00:00Z,1.164931874067469
2014-07-19T00:00:00Z,1.3424813064522556
2014-07-18T00:00:00Z,1.3001043386067475
2014-07-17T00:00:00Z,1.2954625744680173
2014-07-16T00:00:00Z,1.086140165897416
2014-07-15T00:00:00Z,1.2094419744579434
2014-07-14T00:00:00Z,1.0320837869565394
2014-07-13T00:00:00Z,1.2408497765588382
2014-07-12T00:00:00Z,1.2265395859165684
2014-07-11T00:00:00Z,1.2004683294293823
2014-07-10T00:00:00Z,1.1424899236044441
2014-07-09T00:00:00Z,1.2890330754675983
2014-07-08T00:00:00Z,1.1659299925716875
2014-07-07T00:00:00Z,1.1826016669975985
2014-07-06T00:00:00Z,1.131796719885853
2014-07-05T00:00:00Z,1.2071292487058427
2014-07-04T00:00:00Z,1.3371482257454856
2014-07-03T00:00:00Z,1.136694056905599
2014-07-02T00:00:00Z,1.12851489816694
2014-07-01T00:00:00Z,1.1041492041344136
2014-06-30T00:00:00Z,1.0473337500888975
2014-06-29T00:00:00Z,1.1973386972847493
2014-06-28T00:00:00Z,1.394305016059936
2014-06-27T00:00:00Z,1.481386345616871
2014-06-26T00:00:00Z,1.2637875148602786
2014-06-25T00:00:00Z,1.3819592080549121
2014-06-24T00:00:00Z,1.4376130615684166
2014-06-23T00:00:00Z,1.355486262948143
2014-06-22T00:00:00Z,1.417541039003319
2014-06-21T00:00:00Z,1.4443918676118095
2014-06-20T00:00:00Z,1.4490040135687299
2014-06-19T00:00:00Z,1.3357212350873926
2014-06-18T00:00:00Z,1.2753347179465775
2014-06-17T00:00:00Z,1.4670083286037754
2014-06-16T00:00:00Z,1.4962762502861695
2014-06-15T00:00:00Z,1.4370591822797547
2014-06-14T00:00:00Z,1.3844985895622792
2014-06-13T00:00:00Z,1.328843334105958
2014-06-12T00:00:00Z,1.4584038688036836
2014-06-11T00:00:00Z,1.283221716896382
2014-06-10T00:00:00Z,1.488490728917604
2014-06-09T00:00:00Z,1.3836702287659917
2014-06-08T00:00:00Z,1.220504156304573
2014-06-07T00:00:00Z,1.3863097262493635
2014-06-06T00:00:00Z,1.255117489448699
2014-06-05T00:00:00Z,1.3703390213179032
2014-06-04T00:00:00Z,1.6062152999853392
2014-06-03T00:00:00Z,1.6435477505914522
2014-06-02T00:00:00Z,1.7116498574541494
2014-06-01T00:00:00Z,1.5793039014230752
2014-05-31T00:00:00Z,1.282507297469724
2014-05-30T00:00:00Z,1.4020164883086934
2014-05-29T00:00:00Z,1.1351664610234908
2014-05-28T00:00:00Z,1.3734260646667318
2014-05-27T00:00:00Z,1.113118088133124
2014-05-26T00:00:00Z,1.3076007238899718
2014-05-25T00:00:00Z,1.2907771805967074
2014-05-24T00:00:00Z,1.1498903383634622
2014-05-23T00:00:00Z,1.2520745210292843
2014-05-22T00:00:00Z,1.2629046009633174
2014-05-21T00:00:00Z,1.2448710975220745
2014-05-20T00:00:00Z,1.1902400233541273
2014-05-19T00:00:00Z,1.085415852878085
2014-05-18T00:00:00Z,1.1137496725227598
2014-05-17T00:00:00Z,1.1268848217452943
2014-05-16T00:00:00Z,1.180548763552112
2014-05-15T00:00:00Z,1.1178832356596364
2014-05-14T00:00:00Z,0.973884869671678
2014-05-13T00:00:00Z,1.0403719743486606
2014-05-12T00:00:00Z,1.057833544256547
2014-05-11T00:00:00Z,0.9955293253838701
2014-05-10T00:00:00Z,1.1964327138191138
2014-05-09T00:00:00Z,1.1265444845490675
2014-05-08T00:00:00Z,1.1009470649734656
2014-05-07T00:00:00Z,1.0377547999340364
2014-05-06T00:00:00Z,1.2412727359337243
2014-05-05T00:00:00Z,0.8076107143320183
2014-05-04T00:00:00Z,0.9832442417823871
2014-05-03T00:00:00Z,0.9382725815422414
2014-05-02T00:00:00Z,1.0890736279330713
2014-05-01T00:00:00Z,1.2064994856040905
2014-04-30T00:00:00Z,0.9229123800746822
2014-04-29T00:00:00Z,1.14852086534512
2014-04-28T00:00:00Z,1.0055148162463996
2014-04-27T00:00:00Z,1.2159153591059262
2014-04-26T00:00:00Z,1.133331253510597
2014-04-25T00:00:00Z,1.2956953554970558
2014-04-24T00:00:00Z,1.1313306813859374
2014-04-23T00:00:00Z,1.2390804366564903
2014-04-22T00:00:00Z,1.1750087469092634
2014-04-21T00:00:00Z,1.321050711726054
2014-04-20T00:00:00Z,1.3889339238617944
2014-04-19T00:00:00Z,1.217417261748447
2014-04-18T00:00:00Z,1.2099287175866864
2014-04-17T00:00:00Z,1.3337372362557358
2014-04-16T00:00:00Z,1.289083503604212
2014-04-15T00:00:00Z,1.3916985960895571
2014-04-14T00:00:00Z,1.3514472039861642
2014-04-13T00:00:00Z,1.230660639170542
2014-04-12T00:00:00Z,1.0795157031182463
2014-04-11T00:00:00Z,1.0875935680874391
2014-04-10T00:00:00Z,1.0085186135996833
2014-04-09T00:00:00Z,1.1483845457801864
2014-04-08T00:00:00Z,0.964442780952156
2014-04-07T00:00:00Z,1.0915788444761412
2014-04-06T00:00:00Z,1.1022291719070563
2014-04-05T00:00:00Z,1.2324562920843347
2014-04-04T00:00:00Z,1.389660069135496
2014-04-03T00:00:00Z,1.4254401702888733
2014-04-02T00:00:00Z,1.4744271444872987
2014-04-01T00:00:00Z,1.3094474478085314
2014-03-31T00:00:00Z,1.3258669762580406
2014-03-30T00:00:00Z,1.0624212270018023
2014-03-29T00:00:00Z,1.418914688617287
2014-03-28T00:00:00Z,1.4310815075079948
2014-03-27T00:00:00Z,1.5217469016110348
2014-03-26T00:00:00Z,1.5183665201346916
2014-03-25T00:00:00Z,1.4987111028272544
2014-03-24T00:00:00Z,1.754745140974361
2014-03-23T00:00:00Z,2.001513056518932
2014-03-22T00:00:00Z,1.599434688269382
2014-03-21T00:00:00Z,1.8221435078305288
2014-03-20T00:00:00Z,1.782245414475059
2014-03-19T00:00:00Z,1.6645954606466185
2014-03-18T00:00:00Z,1.522515641418207
2014-03-17T00:00:00Z,1.7207940634630539
2014-03-16T00:00:00Z,1.8549975852917973
2014-03-15T00:00:00Z,1.7965251280480112
2014-03-14T00:00:00Z,1.4605228816270288
2014-03-13T00:00:00Z,1.8067687609504333
2014-03-12T00:00:00Z,2.0295322850571877
2014-03-11T00:00:00Z,1.8474483239945334
2014-03-10T00:00:00Z,1.6581344878309812
2014-03-09T00:00:00Z,1.9933995651683554
2014-03-08T00:00:00Z,1.8563129656909172
2014-03-07T00:00:00Z,1.9094055327204327
2014-03-06T00:00:00Z,2.065736361688274
2014-03-05T00:00:00Z,1.8736594828935311
2014-03-04T00:00:00Z,1.8370945712661506
2014-03-03T00:00:00Z,1.6398278918756453
2014-03-02T00:00:00Z,1.4466650974099509
2014-03-01T00:00:00Z,1.489620629948218
2014-02-28T00:00:00Z,1.9077258618797786
2014-02-27T00:00:00Z,2.0313385704312243
2014-02-26T00:00:00Z,1.96277356131632
2014-02-25T00:00:00Z,1.4985043565589304
2014-02-24T00:00:00Z,2.0550478717578406
2014-02-23T00:00:00Z,1.9686823655307202
2014-02-22T00:00:00Z,1.9959187110211642
2014-02-21T00:00:00Z,1.6488210360502515
2014-02-20T00:00:00Z,2.031085727259447
2014-02-19T00:00:00Z,2.4129536199910913
2014-02-18T00:00:00Z,1.995740295056279
2014-02-17T00:00:00Z,1.9148855745421305
2014-02-16T00:00:00Z,2.4395171330742587
2014-02-15T00:00:00Z,2.4042618480420406
2014-02-14T00:00:00Z,2.392082732031724
2014-02-13T00:00:00Z,2.285266761899686
2014-02-12T00:00:00Z,2.369842963501369
2014-02-11T00:00:00Z,2.29790506346881
2014-02-10T00:00:00Z,2.1372755144537594
2014-02-09T00:00:00Z,1.9588233898248308
2014-02-08T00:00:00Z,2.6402912039808886
2014-02-07T00:00:00Z,2.316922405844008
2014-02-06T00:00:00Z,2.9625839679102755
2014-02-05T00:00:00Z,2.829800751522776
2014-02-04T00:00:00Z,2.9326558942158676
2014-02-03T00:00:00Z,3.1243510100996166
2014-02-02T00:00:00Z,3.272370053611654
2014-02-01T00:00:00Z,3.3250602719060356
2014-01-31T00:00:00Z,3.233383965360842
2014-01-30T00:00:00Z,3.0806959648590158
2014-01-29T00:00:00Z,2.6896905834559623
2014-01-28T00:00:00Z,2.6896827888144434
2014-01-27T00:00:00Z,3.1462979909199693
2014-01-26T00:00:00Z,2.821764348371557
2014-01-25T00:00:00Z,3.0159844119353845
2014-01-24T00:00:00Z,3.453810757974229
2014-01-23T00:00:00Z,3.3732201698554416
2014-01-22T00:00:00Z,3.7001442305997085
2014-01-21T00:00:00Z,3.254022596102409
2014-01-20T00:00:00Z,3.901130539334578
2014-01-19T00:00:00Z,3.3424174889517766
2014-01-18T00:00:00Z,3.446298203121852
2014-01-17T00:00:00Z,3.0162226656114175
2014-01-16T00:00:00Z,3.8501527339398343
2014-01-15T00:00:00Z,3.874567855169093
2014-01-14T00:00:00Z,3.398436839638547
2014-01-13T00:00:00Z,3.5576446363389014
2014-01-12T00:00:00Z,4.645457137634614
2014-01-11T00:00:00Z,4.837889037639449
2014-01-10T00:00:00Z,4.104949781686614
2014-01-09T00:00:00Z,4.581199250063085
2014-01-08T00:00:00Z,4.2730417603030295
2014-01-07T00:00:00Z,4.355651952172631
2014-01-06T00:00:00Z,4.878279966936395
2014-01-05T00:00:00Z,4.715465108603552
2014-01-04T00:00:00Z,3.27696540793127
2014-01-03T00:00:00Z,3.708663760839048
2014-01-02T00:00:00Z,2.9732240693537975
2014-01-01T00:00:00Z,4.4935565081477
2013-12-31T00:00:00Z,3.9913470754840374
2013-12-30T00:00:00Z,3.8187816794552014
2013-12-29T00:00:00Z,3.6618840158317987
2013-12-28T00:00:00Z,3.328568471255714
2013-12-27T00:00:00Z,4.15125964343511
2013-12-26T00:00:00Z,4.049026598918631
2013-12-25T00:00:00Z,3.375025650793721
2013-12-24T00:00:00Z,3.5196191739559093
2013-12-23T00:00:00Z,3.5138370578387943
2013-12-22T00:00:00Z,3.4557890605538075
2013-12-21T00:00:00Z,3.228195430094069
2013-12-20T00:00:00Z,3.997869714228698
2013-12-19T00:00:00Z,4.609618478135531
2013-12-18T00:00:00Z,3.8185060058461793
2013-12-17T00:00:00Z,4.797762535981004
2013-12-16T00:00:00Z,5.514085822538777
2013-12-15T00:00:00Z,5.264188439135985
2013-12-14T00:00:00Z,6.117420410341405
2013-12-13T00:00:00Z,5.593836853730629
2013-12-12T00:00:00Z,5.2220828779814505
2013-12-11T00:00:00Z,5.6314346623167175
2013-12-10T00:00:00Z,6.849941302208785
2013-12-09T00:00:00Z,5.897763699345575
2013-12-08T00:00:00Z,5.618205842565076
2013-12-07T00:00:00Z,5.728105410285211
2013-12-06T00:00:00Z,8.042142952217013
2013-12-05T00:00:00Z,7.395963891286952
2013-12-04T00:00:00Z,7.9229158564949245
2013-12-03T00:00:00Z,9.097075609293508
2013-12-02T00:00:00Z,7.198710229961648
2013-12-01T00:00:00Z,9.036597435733674
2013-11-30T00:00:00Z,9.32194396316027
2013-11-29T00:00:00Z,8.754587169602946
2013-11-28T00:00:00Z,8.822114453601223
2013-11-27T00:00:00Z,8.133570177122722
2013-11-26T00:00:00Z,6.9034453074275755
2013-11-25T00:00:00Z,7.3648596677661065
2013-11-24T00:00:00Z,7.359376294194976
2013-11-23T00:00:00Z,7.7944011119151755
2013-11-22T00:00:00Z,7.159538278591114
2013-11-21T00:00:00Z,5.6322790547649095
2013-11-20T00:00:00Z,5.156427227521815
2013-11-19T00:00:00Z,6.043300909433565
2013-11-18T00:00:00Z,5.241664146240882
2013-11-17T00:00:00Z,5.16477701207469
2013-11-16T00:00:00Z,5.0599208958808
2013-11-15T00:00:00Z,4.306932407686874
2013-11-14T00:00:00Z,4.705414550711255
2013-11-13T00:00:00Z,4.023517115321618
2013-11-12T00:00:00Z,4.533626948565606
2013-11-11T00:00:00Z,4.045212501753932
2013-11-10T00:00:00Z,3.4078029601803483
2013-11-09T00:00:00Z,3.3807372253596815
2013-11-08T00:00:00Z,2.8752471041501657
2013-11-07T00:00:00Z,2.8075050811445084
2013-11-06T00:00:00Z,2.901695139565813
2013-11-05T00:00:00Z,2.8083376270607046
2013-11-04T00:00:00Z,2.9214285024231414
2013-11-03T00:00:00Z,2.7393047307082434
2013-11-02T00:00:00Z,2.8582124112819596
2013-11-01T00:00:00Z,2.9579916439538185
2013-10-31T00:00:00Z,2.9786595333686074
2013-10-30T00:00:00Z,2.8053579854001782
2013-10-29T00:00:00Z,2.2830071964995353
2013-10-28T00:00:00Z,2.46680963378929
2013-10-27T00:00:00Z,2.4198025310878104
2013-10-26T00:00:00Z,2.419814214092852
2013-10-25T00:00:00Z,3.1391118548659747
2013-10-24T00:00:00Z,3.0823254392650736
2013-10-23T00:00:00Z,3.249724105504907
2013-10-22T00:00:00Z,3.4890945957875785
2013-10-21T00:00:00Z,2.7910855227455675
2013-10-20T00:00:00Z,2.5112676141543804
2013-10-19T00:00:00Z,2.7660675740557803
2013-10-18T00:00:00Z,2.1993159932072635
2013-10-17T00:00:00Z,1.8433586830882833
2013-10-16T00:00:00Z,2.36140816841123
2013-10-15T00:00:00Z,2.7956615437626064
2013-10-14T00:00:00Z,2.666288623981197
2013-10-13T00:00:00Z,2.266806964715317
2013-10-12T00:00:00Z,2.178637990961336
2013-10-11T00:00:00Z,1.8814381779566631
2013-10-10T00:00:00Z,1.9518841052586429
2013-10-09T00:00:00Z,1.8170046489290483
2013-10-08T00:00:00Z,1.6198428030073997
2013-10-07T00:00:00Z,1.5747893293446302
2013-10-06T00:00:00Z,1.8447394890167528
2013-10-05T00:00:00Z,2.1909484194093496
2013-10-04T00:00:00Z,1.7991930376473326
2013-10-03T00:00:00Z,1.8456347295739548
2013-10-02T00:00:00Z,1.9289120289927608
2013-10-01T00:00:00Z,1.9961502216368907
2013-09-30T00:00:00Z,1.7334089725532382
2013-09-29T00:00:00Z,1.8321926858312032
2013-09-28T00:00:00Z,1.899361339615873
2013-09-27T00:00:00Z,1.929191916785864
2013-09-26T00:00:00Z,1.7255257752745952
2013-09-25T00:00:00Z,2.2014375791068432
2013-09-24T00:00:00Z,2.250827308960436
2013-09-23T00:00:00Z,2.2511235932940603
2013-09-22T00:00:00Z,2.1808109063532815
2013-09-21T00:00:00Z,2.046194225678496
2013-09-20T00:00:00Z,2.1869321120869225
2013-09-19T00:00:00Z,2.1523777742356995
2013-09-18T00:00:00Z,1.9101849350904252
2013-09-17T00:00:00Z,2.1521425268824395
2013-09-16T00:00:00Z,1.7493343884479242
2013-09-15T00:00:00Z,2.037122823145763
2013-09-14T00:00:00Z,2.490331720620965
2013-09-13T00:00:00Z,2.369926314468601
2013-09-12T00:00:00Z,2.4757372645450775
2013-09-11T00:00:00Z,2.265764421149763
2013-09-10T00:00:00Z,2.169903383906947
2013-09-09T00:00:00Z,2.2536911728006706
2013-09-08T00:00:00Z,1.7521965183168084
2013-09-07T00:00:00Z,1.6230083170177967
2013-09-06T00:00:00Z,2.122702074262449
2013-09-05T00:00:00Z,2.0735113803301353
2013-09-04T00:00:00Z,1.987542253064124
2013-09-03T00:00:00Z,2.4143855298045778
2013-09-02T00:00:00Z,2.716097246171566
2013-09-01T00:00:00Z,2.7875594092038045
2013-08-31T00:00:00Z,2.7944284721514467
2013-08-30T00:00:00Z,2.4405337236837292
2013-08-29T00:00:00Z,2.217085254375906
2013-08-28T00:00:00Z,2.205899438152558
2013-08-27T00:00:00Z,1.983120546879078
2013-08-26T00:00:00Z,1.8773518117271828
2013-08-25T00:00:00Z,1.696738497782522
2013-08-24T00:00:00Z,2.001817845722444
2013-08-23T00:00:00Z,2.1594750681669006
2013-08-22T00:00:00Z,2.46039310361008
2013-08-21T00:00:00Z,2.1684354605148366
2013-08-20T00:00:00Z,2.038806160001295
2013-08-19T00:00:00Z,1.8821217888771509
2013-08-18T00:00:00Z,2.010640221640862
2013-08-17T00:00:00Z,1.9595248898982962
2013-08-16T00:00:00Z,1.741088212294862
2013-08-15T00:00:00Z,1.7884739669034702
2013-08-14T00:00:00Z,1.767880134183031
2013-08-13T00:00:00Z,1.8673692401809436
2013-08-12T00:00:00Z,2.167935669263501
2013-08-11T00:00:00Z,2.1744242247687944
2013-08-10T00:00:00Z,2.106305738127696
2013-08-09T00:00:00Z,1.98227270450409
2013-08-08T00:00:00Z,2.1357986717705137
2013-08-07T00:00:00Z,1.9876068359689907
2013-08-06T00:00:00Z,2.0507288567660487
2013-08-05T00:00:00Z,2.0297630861224554
2013-08-04T00:00:00Z,1.910898440710224
2013-08-03T00:00:00Z,1.8215455157753746
2013-08-02T00:00:00Z,2.0820140809821894
2013-08-01T00:00:00Z,1.9414878749363593
2013-07-31T00:00:00Z,2.1240426470869807
2013-07-30T00:00:00Z,2.10561513828453
2013-07-29T00:00:00Z,1.8821074415881685
2013-07-28T00:00:00Z,1.7196636577121251
2013-07-27T00:00:00Z,1.8489035351084742
2013-07-26T00:00:00Z,1.7043108544117025
2013-07-25T00:00:00Z,1.5114592150424728
2013-07-24T00:00:00Z,1.626340892982577
2013-07-23T00:00:00Z,1.4243068011134576
2013-07-22T00:00:00Z,1.6644465981352972
2013-07-21T00:00:00Z,1.9886307467222784
2013-07-20T00:00:00Z,1.8900568319192133
2013-07-19T00:00:00Z,1.7116614372915158
2013-07-18T00:00:00Z,1.617414694994236
2013-07-17T00:00:00Z,2.007560563596703
2013-07-16T00:00:00Z,1.8270270879930384
2013-07-15T00:00:00Z,1.8163095446438677
2013-07-14T00:00:00Z,1.9052662268663787
2013-07-13T00:00:00Z,1.7083629031415197
2013-07-12T00:00:00Z,1.7287466689893056
2013-07-11T00:00:00Z,1.8344479914780065
2013-07-10T00:00:00Z,1.8682438831928672
2013-07-09T00:00:00Z,1.6830236909151837
2013-07-08T00:00:00Z,1.7640604709188283
2013-07-07T00:00:00Z,1.5490396680469598
2013-07-06T00:00:00Z,1.5609592890273933
2013-07-05T00:00:00Z,1.7051338220535992
2013-07-04T00:00:00Z,1.615516623817062
2013-07-03T00:00:00Z,1.9707165762539014
2013-07-02T00:00:00Z,1.6744125972637989
2013-07-01T00:00:00Z,1.75383538762759
2013-06-30T00:00:00Z,1.7465265704965625
2013-06-29T00:00:00Z,1.9496396865047478
2013-06-28T00:00:00Z,2.011846121583028
2013-06-27T00:00:00Z,2.123117051186787
2013-06-26T00:00:00Z,2.2442575231314486
2013-06-25T00:00:00Z,2.047828117581291
2013-06-24T00:00:00Z,1.9690471492241994
2013-06-23T00:00:00Z,2.1932915078094983
2013-06-22T00:00:00Z,2.3666945264739883
2013-06-21T00:00:00Z,2.299811433010185
2013-06-20T00:00:00Z,2.2213268284804943
2013-06-19T00:00:00Z,1.9459110929828007
2013-06-18T00:00:00Z,1.9779515486609882
2013-06-17T00:00:00Z,1.9867454710020063
2013-06-16T00:00:00Z,2.536915432108848
2013-06-15T00:00:00Z,2.3831982683843465
2013-06-14T00:00:00Z,2.506782707216545
2013-06-13T00:00:00Z,2.785058790728837
2013-06-12T00:00:00Z,3.0870114862193443
2013-06-11T00:00:00Z,2.7186592372070573
2013-06-10T00:00:00Z,2.551410386808611
2013-06-09T00:00:00Z,2.294754692138608
2013-06-08T00:00:00Z,2.876700437330461
2013-06-07T00:00:00Z,2.6805438077370893
2013-06-06T00:00:00Z,3.19801968778829
2013-06-05T00:00:00Z,3.2998008045013014
2013-06-04T00:00:00Z,3.8663377992543166
2013-06-03T00:00:00Z,3.871914071815001
2013-06-02T00:00:00Z,3.7686613129030593
2013-06-01T00:00:00Z,4.199248194480253
2013-05-31T00:00:00Z,3.4802165734231343
2013-05-30T00:00:00Z,3.629071575465358
2013-05-29T00:00:00Z,3.407005705936206
2013-05-28T00:00:00Z,3.1978965600591285
2013-05-27T00:00:00Z,3.6775121958315418
2013-05-26T00:00:00Z,3.4277699175979546
2013-05-25T00:00:00Z,3.489242444674421
2013-05-24T00:00:00Z,3.525049666348618
2013-05-23T00:00:00Z,3.5158156628027037
2013-05-22T00:00:00Z,3.121165148649377
2013-05-21T00:00:00Z,3.0338719819909694
2013-05-20T00:00:00Z,2.621462264638166
2013-05-19T00:00:00Z,3.1876747655197266
2013-05-18T00:00:00Z,3.0493063495558728
2013-05-17T00:00:00Z,3.2798317440319935
2013-05-16T00:00:00Z,2.9741324245199907
2013-05-15T00:00:00Z,2.7992985956195473
2013-05-14T00:00:00Z,3.263471163518832
2013-05-13T00:00:00Z,3.6861629163559084
2013-05-12T00:00:00Z,3.5507744816098756
2013-05-11T00:00:00Z,3.9097066721516853
2013-05-10T00:00:00Z,3.7380979740190514
2013-05-09T00:00:00Z,3.4662296956058065
2013-05-08T00:00:00Z,3.5458775185109324
2013-05-07T00:00:00Z,3.470623464345986
2013-05-06T00:00:00Z,3.8120805571188163
2013-05-05T00:00:00Z,3.6687327706122552
2013-05-04T00:00:00Z,3.2652818750476627
2013-05-03T00:00:00Z,2.54025565889208
2013-05-02T00:00:00Z,2.996631468397953
2013-05-01T00:00:00Z,3.886364404584392
2013-04-30T00:00:00Z,4.3146698234565735
2013-04-29T00:00:00Z,4.997405448585607
2013-04-28T00:00:00Z,4.875089388605321
2013-04-27T00:00:00Z,4.147738712348014
2013-04-26T00:00:00Z,4.886439366089173
2013-04-25T00:00:00Z,5.651533198248266
2013-04-24T00:00:00Z,5.386253175139846
2013-04-23T00:00:00Z,4.935404484120818
2013-04-22T00:00:00Z,4.236586321359163
2013-04-21T00:00:00Z,4.9084509800733
2013-04-20T00:00:00Z,4.311733573693885
2013-04-19T00:00:00Z,3.82455555283312
2013-04-18T00:00:00Z,3.245290682789671
2013-04-17T00:00:00Z,3.3629674841365875
2013-04-16T00:00:00Z,2.806385341954645
2013-04-15T00:00:00Z,3.721217410812173
2013-04-14T00:00:00Z,3.7215542995723756
2013-04-13T00:00:00Z,4.454687694360413
2013-04-12T00:00:00Z,3.843547589593246
2013-04-11T00:00:00Z,5.619793247179605
2013-04-10T00:00:00Z,10.684160106874556
2013-04-09T00:00:00Z,9.544281693044995
2013-04-08T00:00:00Z,7.540834435773422
2013-04-07T00:00:00Z,6.845386839496997
2013-04-06T00:00:00Z,6.456316385286036
2013-04-05T00:00:00Z,6.208849150341904
2013-04-04T00:00:00Z,5.914603946504924
2013-04-03T00:00:00Z,6.673664350377072
2013-04-02T00:00:00Z,5.784217252428628
2013-04-01T00:00:00Z,5.805259764428262
2013-03-31T00:00:00Z,4.814210805570756
2013-03-30T00:00:00Z,4.961367295244818
2013-03-29T00:00:00Z,4.955555899441987
2013-03-28T00:00:00Z,5.022600853419223
2013-03-27T00:00:00Z,3.7751642209080813
2013-03-26T00:00:00Z,3.852550653733174
2013-03-25T00:00:00Z,3.4781423864480674
2013-03-24T00:00:00Z,4.455280387014264
2013-03-23T00:00:00Z,4.658468218492247
2013-03-22T00:00:00Z,5.412013505124742
2013-03-21T00:00:00Z,5.282640751662085
2013-03-20T00:00:00Z,4.704996036257281
2013-03-19T00:00:00Z,3.5344379885182913
2013-03-18T00:00:00Z,3.461449222191324
2013-03-17T00:00:00Z,3.5187484153170785
2013-03-16T00:00:00Z,2.9480811284480106
2013-03-15T00:00:00Z,2.9362782601722657
2013-03-14T00:00:00Z,3.080771539400631
2013-03-13T00:00:00Z,2.7112088019519804
2013-03-12T00:00:00Z,2.227143777005185
2013-03-11T00:00:00Z,2.94788004322337
2013-03-10T00:00:00Z,3.15135405231582
2013-03-09T00:00:00Z,2.9818599408784707
2013-03-08T00:00:00Z,2.6784650690049503
2013-03-07T00:00:00Z,2.5699358325085324
2013-03-06T00:00:00Z,2.505518281849004
2013-03-05T00:00:00Z,2.1661131417165147
2013-03-04T00:00:00Z,2.5055455161345854
2013-03-03T00:00:00Z,2.1599579456719122
2013-03-02T00:00:00Z,1.946204089346472
2013-03-01T00:00:00Z,2.0709918474607147
2013-02-28T00:00:00Z,2.2162642615689543
2013-02-27T00:00:00Z,2.359616557229326
2013-02-26T00:00:00Z,2.0573063913104748
2013-02-25T00:00:00Z,2.479656805387882
2013-02-24T00:00:00Z,1.871324513328619
2013-02-23T00:00:00Z,1.968487144282904
2013-02-22T00:00:00Z,2.080413950670764
2013-02-21T00:00:00Z,2.124902111236039
2013-02-20T00:00:00Z,2.328949194341805
2013-02-19T00:00:00Z,1.91634852389729
2013-02-18T00:00:00Z,1.7838008914460486
2013-02-17T00:00:00Z,2.076879059673537
2013-02-16T00:00:00Z,2.12949828843335
2013-02-15T00:00:00Z,2.021082529323301
2013-02-14T00:00:00Z,1.717551068654284
2013-02-13T00:00:00Z,1.7378719976083576
2013-02-12T00:00:00Z,1.4754142604026361
2013-02-11T00:00:00Z,1.654086195777921
2013-02-10T00:00:00Z,1.6311388334933656
2013-02-09T00:00:00Z,1.4350730117271397
2013-02-08T00:00:00Z,1.4555227855670791
2013-02-07T00:00:00Z,1.4533715218428438
2013-02-06T00:00:00Z,1.3153873598521861
2013-02-05T00:00:00Z,1.4679322464868465
2013-02-04T00:00:00Z,1.4340421898648315
2013-02-03T00:00:00Z,1.642788986181448
2013-02-02T00:00:00Z,1.3017357843055215
2013-02-01T00:00:00Z,1.301314371831185
2013-01-31T00:00:00Z,1.6960693548253853
2013-01-30T00:00:00Z,1.3002093189805333
2013-01-29T00:00:00Z,1.3375186142782673
2013-01-28T00:00:00Z,1.1938893810551947
2013-01-27T00:00:00Z,1.1695662881788829
2013-01-26T00:00:00Z,1.2136141559815585
2013-01-25T00:00:00Z,1.0386162763413453
2013-01-24T00:00:00Z,1.1487551794669646
2013-01-23T00:00:00Z,0.9647790377499224
2013-01-22T00:00:00Z,1.0829564044571642
2013-01-21T00:00:00Z,0.9663344492235895
2013-01-20T00:00:00Z,0.8909686336811103
2013-01-19T00:00:00Z,1.056386301404464
2013-01-18T00:00:00Z,0.8320041394900779
2013-01-17T00:00:00Z,0.7541943848522681
2013-01-16T00:00:00Z,0.8452083053193387
2013-01-15T00:00:00Z,0.7543131813011826
2013-01-14T00:00:00Z,0.9793185498114912
2013-01-13T00:00:00Z,0.8215951201178195
2013-01-12T00:00:00Z,0.7601668430554664
2013-01-11T00:00:00Z,0.7256612172411627
2013-01-10T00:00:00Z,0.935879129480917
2013-01-09T00:00:00Z,0.7815515941496184
2013-01-08T00:00:00Z,0.7977473802042102
2013-01-07T00:00:00Z,0.9948557569710879
2013-01-06T00:00:00Z,0.851088879149557
2013-01-05T00:00:00Z,0.8256331350109039
2013-01-04T00:00:00Z,0.900539805050252
2013-01-03T00:00:00Z,0.9456282879048458
2013-01-02T00:00:00Z,0.8849838234000815
2013-01-01T00:00:00Z,0.937329959913894
2012-12-31T00:00:00Z,0.9289007270672796
2012-12-30T00:00:00Z,0.9743997846694259
2012-12-29T00:00:00Z,0.8428242877304595
2012-12-28T00:00:00Z,0.9921230476617869
2012-12-27T00:00:00Z,0.9176469750428733
2012-12-26T00:00:00Z,0.9081872467646163
2012-12-25T00:00:00Z,0.725600157339169
2012-12-24T00:00:00Z,0.7751254214512183
2012-12-23T00:00:00Z,0.7143100487255745
2012-12-22T00:00:00Z,0.9006835148916014
2012-12-21T00:00:00Z,0.7504893419485424
2012-12-20T00:00:00Z,0.6329699003847794
2012-12-19T00:00:00Z,0.8512920488573305
2012-12-18T00:00:00Z,0.7357674424465784
2012-12-17T00:00:00Z,0.7841265590577574
2012-12-16T00:00:00Z,0.6527411861428485
2012-12-15T00:00:00Z,0.6912148761216008
2012-12-14T00:00:00Z,0.6397574313392546
2012-12-13T00:00:00Z,0.7984815876866083
2012-12-12T00:00:00Z,0.7892433183051373
2012-12-11T00:00:00Z,0.8661096711671823
2012-12-10T00:00:00Z,0.8533163328893028
2012-12-09T00:00:00Z,0.7495055399917357
2012-12-08T00:00:00Z,0.8234686136180255
2012-12-07T00:00:00Z,0.7753272250341644
2012-12-06T00:00:00Z,0.8131682027667708
2012-12-05T00:00:00Z,0.7293190409769529
2012-12-04T00:00:00Z,0.6722893693422566
2012-12-03T00:00:00Z,0.8306958486323285
2012-12-02T00:00:00Z,0.7971842052644912
2012-12-01T00:00:00Z,0.9386088392213903
2012-11-30T00:00:00Z,0.7043601456987677
2012-11-29T00:00:00Z,0.9273009550670408
2012-11-28T00:00:00Z,1.5795132683723117
2012-11-27T00:00:00Z,1.6344092689555787
2012-11-26T00:00:00Z,1.7333784553573877
2012-11-25T00:00:00Z,1.650863997439101
2012-11-24T00:00:00Z,1.7022350351859492
2012-11-23T00:00:00Z,1.8353775806683723
2012-11-22T00:00:00Z,1.6382898867369655
2012-11-21T00:00:00Z,1.6463031990543007
2012-11-20T00:00:00Z,1.5926432393134078
2012-11-19T00:00:00Z,1.5967331642420743
2012-11-18T00:00:00Z,1.5821546050775235
2012-11-17T00:00:00Z,1.5405398863495725
2012-11-16T00:00:00Z,1.5969582858802918
2012-11-15T00:00:00Z,1.433045194853313
2012-11-14T00:00:00Z,1.4758528100256
2012-11-13T00:00:00Z,1.4490638625150136
2012-11-12T00:00:00Z,1.3773730117163068
2012-11-11T00:00:00Z,1.5180103293739973
2012-11-10T00:00:00Z,1.4954015129868918
2012-11-09T00:00:00Z,1.5718602262076098
2012-11-08T00:00:00Z,1.6151684246771627
2012-11-07T00:00:00Z,1.6518662777536233
2012-11-06T00:00:00Z,1.422519086437915
2012-11-05T00:00:00Z,1.666371778555461
2012-11-04T00:00:00Z,1.6475138366170616
2012-11-03T00:00:00Z,1.5149432519979713
2012-11-02T00:00:00Z,1.4656623686165953
2012-11-01T00:00:00Z,1.420773842233649
2012-10-31T00:00:00Z,1.5869369143169698
2012-10-30T00:00:00Z,1.536731374261222
2012-10-29T00:00:00Z,1.656323376153897
2012-10-28T00:00:00Z,1.7616965645977012
2012-10-27T00:00:00Z,1.7874207319528441
2012-10-26T00:00:00Z,1.6785023426658576
2012-10-25T00:00:00Z,1.5595915539252132
2012-10-24T00:00:00Z,1.9020552329105893
2012-10-23T00:00:00Z,1.5337391479205098
2012-10-22T00:00:00Z,1.8679888389893504
2012-10-21T00:00:00Z,1.9103563219791497
2012-10-20T00:00:00Z,1.89908542222164
2012-10-19T00:00:00Z,1.6298267909736106
2012-10-18T00:00:00Z,1.9345090896006423
2012-10-17T00:00:00Z,1.7509474786808144
2012-10-16T00:00:00Z,1.9135728061571837
2012-10-15T00:00:00Z,2.0921344977207865
2012-10-14T00:00:00Z,1.5663007036602001
2012-10-13T00:00:00Z,1.8497581615027316
2012-10-12T00:00:00Z,1.89045528442996
2012-10-11T00:00:00Z,1.7633135496063759
2012-10-10T00:00:00Z,1.9243963267555928
2012-10-09T00:00:00Z,1.8084094728105842
2012-10-08T00:00:00Z,2.2511705976623326
2012-10-07T00:00:00Z,1.593053555193199
2012-10-06T00:00:00Z,2.0968022344910455
2012-10-05T00:00:00Z,1.876397312281043
2012-10-04T00:00:00Z,1.8658707913007802
2012-10-03T00:00:00Z,1.8736958387209532
2012-10-02T00:00:00Z,2.0588876548339257
2012-10-01T00:00:00Z,1.7873145286938774
2012-09-30T00:00:00Z,2.173639301868285
2012-09-29T00:00:00Z,2.2991348562037324
2012-09-28T00:00:00Z,2.1893792796530374
2012-09-27T00:00:00Z,2.2132839864216636
2012-09-26T00:00:00Z,1.9275852740166022
2012-09-25T00:00:00Z,1.9073032186494674
2012-09-24T00:00:00Z,2.0928131642338976
2012-09-23T00:00:00Z,2.1824522177091454
2012-09-22T00:00:00Z,2.184054065338717
2012-09-21T00:00:00Z,2.3884369784036434
2012-09-20T00:00:00Z,2.1396271185184665
2012-09-19T00:00:00Z,2.039729165127777
2012-09-18T00:00:00Z,2.3598729732861856
2012-09-17T00:00:00Z,2.3119634412104904
2012-09-16T00:00:00Z,2.2203954791203127
2012-09-15T00:00:00Z,1.9742811470697714
2012-09-14T00:00:00Z,2.214858560496179
2012-09-13T00:00:00Z,1.743363815335407
2012-09-12T00:00:00Z,2.076054791451974
2012-09-11T00:00:00Z,1.945286715376032
2012-09-10T00:00:00Z,1.9871499570290276
2012-09-09T00:00:00Z,2.083589023464159
2012-09-08T00:00:00Z,1.9105772646906125
2012-09-07T00:00:00Z,2.2106751915681424
2012-09-06T00:00:00Z,2.2961518337874254
2012-09-05T00:00:00Z,2.3849765693888685
2012-09-04T00:00:00Z,1.9217291242024896
2012-09-03T00:00:00Z,2.0030995943126513
2012-09-02T00:00:00Z,2.030257172392445
2012-09-01T00:00:00Z,1.9506921525422691
2012-08-31T00:00:00Z,1.7308190583692764
2012-08-30T00:00:00Z,2.0208323597748183
2012-08-29T00:00:00Z,2.2340812810076667
2012-08-28T00:00:00Z,2.0168827525803623
2012-08-27T00:00:00Z,1.9424801829319933
2012-08-26T00:00:00Z,2.3238216224894725
2012-08-25T00:00:00Z,1.784178361210599
2012-08-24T00:00:00Z,1.927286618314035
2012-08-23T00:00:00Z,2.0489941967532515
2012-08-22T00:00:00Z,1.8831138730115418
2012-08-21T00:00:00Z,2.110029563504499
2012-08-20T00:00:00Z,2.1616344688173332
2012-08-19T00:00:00Z,1.7892334922632296
2012-08-18T00:00:00Z,2.152338486702066
2012-08-17T00:00:00Z,1.9681191288958002
2012-08-16T00:00:00Z,2.5580334481508116
2012-08-15T00:00:00Z,2.7291199834484225
2012-08-14T00:00:00Z,2.361902864854065
2012-08-13T00:00:00Z,2.38209105619326
2012-08-12T00:00:00Z,2.287444558993602
2012-08-11T00:00:00Z,2.397861133011886
2012-08-10T00:00:00Z,2.215409491223495
2012-08-09T00:00:00Z,2.340604667424031
2012-08-08T00:00:00Z,2.296965678208043
2012-08-07T00:00:00Z,2.2723407567986422
2012-08-06T00:00:00Z,1.9043619207207976
2012-08-05T00:00:00Z,1.8970027065490738
2012-08-04T00:00:00Z,2.153186919208457
2012-08-03T00:00:00Z,2.237944591921048
2012-08-02T00:00:00Z,2.189495247254035
2012-08-01T00:00:00Z,1.6152360751864712
2012-07-31T00:00:00Z,1.5315166079191898
2012-07-30T00:00:00Z,2.009074343460514
2012-07-29T00:00:00Z,1.809533896464024
2012-07-28T00:00:00Z,1.6991196149077705
2012-07-27T00:00:00Z,1.972169175793555
2012-07-26T00:00:00Z,1.8696459195814057
2012-07-25T00:00:00Z,1.744272305350927
2012-07-24T00:00:00Z,1.7094600628862904
2012-07-23T00:00:00Z,1.4672161021491374
2012-07-22T00:00:00Z,1.5987455515464486
2012-07-21T00:00:00Z,1.5269521064837452
2012-07-20T00:00:00Z,1.5429619933245535
2012-07-19T00:00:00Z,1.458315902225936
2012-07-18T00:00:00Z,1.7155357846752493
2012-07-17T00:00:00Z,1.833638111545877
2012-07-16T00:00:00Z,1.5413070689829311
2012-07-15T00:00:00Z,1.285353308340914
2012-07-14T00:00:00Z,1.4567427370059123
2012-07-13T00:00:00Z,1.4936656627551426
2012-07-12T00:00:00Z,1.388910335484039
2012-07-11T00:00:00Z,1.138212785856105
2012-07-10T00:00:00Z,1.2792223150440736
2012-07-09T00:00:00Z,1.3489246962239296
2012-07-08T00:00:00Z,1.2219585005005678
2012-07-07T00:00:00Z,1.31872735179922
2012-07-06T00:00:00Z,1.2021528060156805
2012-07-05T00:00:00Z,1.1168858142474023
2012-07-04T00:00:00Z,1.1306425978102976
2012-07-03T00:00:00Z,1.1915059211446482
2012-07-02T00:00:00Z,1.182422283588893
2012-07-01T00:00:00Z,1.07692694163498
2012-06-30T00:00:00Z,1.005818767154345
2012-06-29T00:00:00Z,1.0991967803476923
2012-06-28T00:00:00Z,1.0186398920559891
2012-06-27T00:00:00Z,1.2119690774726606
2012-06-26T00:00:00Z,1.0648770808278625
2012-06-25T00:00:00Z,1.0744139019611911
2012-06-24T00:00:00Z,0.9165097053761609
2012-06-23T00:00:00Z,1.1556404098162432
2012-06-22T00:00:00Z,0.9832569822138466
2012-06-21T00:00:00Z,0.9805624889024838
2012-06-20T00:00:00Z,1.0311124121249569
2012-06-19T00:00:00Z,1.0087611517810022
2012-06-18T00:00:00Z,1.1552574397735031
2012-06-17T00:00:00Z,1.0492014595628059
2012-06-16T00:00:00Z,1.0297979421634817
2012-06-15T00:00:00Z,1.0609769425281308
2012-06-14T00:00:00Z,0.9488356070795361
2012-06-13T00:00:00Z,0.8972882202028142
2012-06-12T00:00:00Z,0.8844707159373147
2012-06-11T00:00:00Z,0.7696089584478192
2012-06-10T00:00:00Z,0.8870160519156174
2012-06-09T00:00:00Z,0.9218167385134395
2012-06-08T00:00:00Z,0.7609529108072086
2012-06-07T00:00:00Z,0.7342546108108514
2012-06-06T00:00:00Z,0.7785204037091007
2012-06-05T00:00:00Z,0.7410756740877821
2012-06-04T00:00:00Z,0.7494269278992708
2012-06-03T00:00:00Z,0.7254940994372954
2012-06-02T00:00:00Z,0.7573451311977435
2012-06-01T00:00:00Z,0.7202836728506188
2012-05-31T00:00:00Z,0.6400697972733536
2012-05-30T00:00:00Z,0.6013502263457831
2012-05-29T00:00:00Z,0.5790710575350414
2012-05-28T00:00:00Z,0.6497199394392286
2012-05-27T00:00:00Z,0.726168015559243
2012-05-26T00:00:00Z,0.6432768089866611
2012-05-25T00:00:00Z,0.5522931006706234
2012-05-24T00:00:00Z,0.5648627008301689
2012-05-23T00:00:00Z,0.5869822986878009
2012-05-22T00:00:00Z,0.5128402953909892
2012-05-21T00:00:00Z,0.5605448355634228
2012-05-20T00:00:00Z,0.6111103069436585
2012-05-19T00:00:00Z,0.6609451192284503
2012-05-18T00:00:00Z,0.6435907376430491
2012-05-17T00:00:00Z,0.512353068588682
2012-05-16T00:00:00Z,0.5315919062531012
2012-05-15T00:00:00Z,0.564021069085877
2012-05-14T00:00:00Z,0.5982314599808182
2012-05-13T00:00:00Z,0.5908563257213951
2012-05-12T00:00:00Z,0.5406691249991056
2012-05-11T00:00:00Z,0.6042190734650913
2012-05-10T00:00:00Z,0.5323500981073579
2012-05-09T00:00:00Z,0.7119318532820165
2012-05-08T00:00:00Z,0.7551381126428977
2012-05-07T00:00:00Z,0.7309464159565332
2012-05-06T00:00:00Z,0.7032783495699876
2012-05-05T00:00:00Z,0.7200995424329089
2012-05-04T00:00:00Z,0.6932617484207506
2012-05-03T00:00:00Z,0.6852609481162255
2012-05-02T00:00:00Z,0.6468385416347961
2012-05-01T00:00:00Z,0.7224998534019557
2012-04-30T00:00:00Z,0.7532267649662002
2012-04-29T00:00:00Z,0.7469319296637873
2012-04-28T00:00:00Z,0.6445782904332187
2012-04-27T00:00:00Z,0.5877581784878365
2012-04-26T00:00:00Z,0.6741743276219817
2012-04-25T00:00:00Z,0.5562639602125062
2012-04-24T00:00:00Z,0.6009586910524324
2012-04-23T00:00:00Z,0.5723154235544996
2012-04-22T00:00:00Z,0.6232828657199417
2012-04-21T00:00:00Z,0.6937346565720047
2012-04-20T00:00:00Z,0.7067356850618542
2012-04-19T00:00:00Z,0.692825512603024
2012-04-18T00:00:00Z,0.5724449843146465
2012-04-17T00:00:00Z,0.5786550606437867
2012-04-16T00:00:00Z,0.6379087872545013
2012-04-15T00:00:00Z,0.4589836563277801
2012-04-14T00:00:00Z,0.5957464798895603
2012-04-13T00:00:00Z,0.5256577045528952
2012-04-12T00:00:00Z,0.5412676311248766
2012-04-11T00:00:00Z,0.6024302134360957
2012-04-10T00:00:00Z,0.6173805108747754
2012-04-09T00:00:00Z,0.6182464635496805
2012-04-08T00:00:00Z,0.6256989110075972
2012-04-07T00:00:00Z,0.5270600735624132
2012-04-06T00:00:00Z,0.5875621903284677
2012-04-05T00:00:00Z,0.503059470902311
2012-04-04T00:00:00Z,0.5885744418298567
2012-04-03T00:00:00Z,0.5770329877345062
2012-04-02T00:00:00Z,0.506145023969939
2012-04-01T00:00:00Z,0.6018067680266329
2012-03-31T00:00:00Z,0.7336283503240925
2012-03-30T00:00:00Z,0.6591180380059425
2012-03-29T00:00:00Z,0.5979580261854308
2012-03-28T00:00:00Z,0.6342957729268852
2012-03-27T00:00:00Z,0.6637431410748027
2012-03-26T00:00:00Z,0.6176808113209119
2012-03-25T00:00:00Z,0.6337740256776155
2012-03-24T00:00:00Z,0.7650081860845052
2012-03-23T00:00:00Z,0.5253882992469907
2012-03-22T00:00:00Z,0.6619784372852792
2012-03-21T00:00:00Z,0.678547880410744
2012-03-20T00:00:00Z,0.6916658606943716
2012-03-19T00:00:00Z,0.6007424900592491
2012-03-18T00:00:00Z,0.7569222924597311
2012-03-17T00:00:00Z,0.7960433687421582
2012-03-16T00:00:00Z,0.735984620079822
2012-03-15T00:00:00Z,0.5808493318620308
2012-03-14T00:00:00Z,0.6652257145493231
2012-03-13T00:00:00Z,0.7627284022953391
2012-03-12T00:00:00Z,0.7349271100234998
2012-03-11T00:00:00Z,0.5967097189123463
2012-03-10T00:00:00Z,0.7242777081939407
2012-03-09T00:00:00Z,0.7429480524591127
2012-03-08T00:00:00Z,0.7009467528462107
2012-03-07T00:00:00Z,0.6940863821083172
2012-03-06T00:00:00Z,0.6250870910183786
2012-03-05T00:00:00Z,0.6616496792413991
2012-03-04T00:00:00Z,0.6052582934946993
2012-03-03T00:00:00Z,0.47828864910988034
2012-03-02T00:00:00Z,0.578921810508582
2012-03-01T00:00:00Z,0.6832911175143189
2012-02-29T00:00:00Z,0.8006797364473922
2012-02-28T00:00:00Z,0.7182963784556016
2012-02-27T00:00:00Z,0.7051951513211243
2012-02-26T00:00:00Z,0.6829227764839698
2012-02-25T00:00:00Z,0.7292967914608969
2012-02-24T00:00:00Z,0.695045144811295
2012-02-23T00:00:00Z,0.7732962386208395
2012-02-22T00:00:00Z,0.6544179826340414
2012-02-21T00:00:00Z,0.5133475498316841
2012-02-20T00:00:00Z,0.569385999299351
2012-02-19T00:00:00Z,0.6468779963110828
2012-02-18T00:00:00Z,0.6747895126193727
2012-02-17T00:00:00Z,0.627425599780147
2012-02-16T00:00:00Z,0.5531995502558037
2012-02-15T00:00:00Z,0.5437982144231149
2012-02-14T00:00:00Z,0.5791565067208596
2012-02-13T00:00:00Z,0.6773609514251492
2012-02-12T00:00:00Z,0.81986678279915
2012-02-11T00:00:00Z,0.7918277429619854
2012-02-10T00:00:00Z,0.7704316011104063
2012-02-09T00:00:00Z,0.7998472830589081
2012-02-08T00:00:00Z,0.7693146731685451
2012-02-07T00:00:00Z,0.7400124720814905
2012-02-06T00:00:00Z,0.7567319336849636
2012-02-05T00:00:00Z,0.7690489734214655
2012-02-04T00:00:00Z,0.8797984339278758
2012-02-03T00:00:00Z,0.8999229426587022
2012-02-02T00:00:00Z,0.929563777635283
2012-02-01T00:00:00Z,0.8222308892515204
2012-01-31T00:00:00Z,0.7912961905492331
2012-01-30T00:00:00Z,0.912401361438485
2012-01-29T00:00:00Z,0.8900786126419737
2012-01-28T00:00:00Z,0.789954264811712
2012-01-27T00:00:00Z,0.7254404659568611
2012-01-26T00:00:00Z,0.7164103079066132
2012-01-25T00:00:00Z,0.8286198913763532
2012-01-24T00:00:00Z,0.8532789794475053
2012-01-23T00:00:00Z,1.0560962797666982
2012-01-22T00:00:00Z,0.8408629236482602
2012-01-21T00:00:00Z,0.9953466472251258
2012-01-20T00:00:00Z,0.9291151304403522
2012-01-19T00:00:00Z,0.944394955853661
2012-01-18T00:00:00Z,0.7505222312788399
2012-01-17T00:00:00Z,0.8718643024187002
2012-01-16T00:00:00Z,1.1663125610990779
2012-01-15T00:00:00Z,0.9711240565610108
2012-01-14T00:00:00Z,1.0125913666350588
2012-01-13T00:00:00Z,0.899522492347764
2012-01-12T00:00:00Z,1.0630728354919452
2012-01-11T00:00:00Z,1.062885589303448
2012-01-10T00:00:00Z,0.905313958675675
2012-01-09T00:00:00Z,1.0498469789772273
2012-01-08T00:00:00Z,1.176245477469829
2012-01-07T00:00:00Z,1.2750743796365367
2012-01-06T00:00:00Z,1.1695440649690563
2012-01-05T00:00:00Z,1.0462767376570352
2012-01-04T00:00:00Z,0.8541124555744259
2012-01-03T00:00:00Z,0.7989039797636668
2012-01-02T00:00:00Z,0.8126585486945266
2012-01-01T00:00:00Z,0.8329591704968566
2011-12-31T00:00:00Z,0.738532840512033
2011-12-30T00:00:00Z,0.6259430395276744
2011-12-29T00:00:00Z,0.5975863278379636
2011-12-28T00:00:00Z,0.6752248940054489
2011-12-27T00:00:00Z,0.6152828935232159
2011-12-26T00:00:00Z,0.7426038389940472
2011-12-25T00:00:00Z,0.7690823790238626
2011-12-24T00:00:00Z,0.5988434935371675
2011-12-23T00:00:00Z,0.5884036814770626
2011-12-22T00:00:00Z,0.6054277631359479
2011-12-21T00:00:00Z,0.610510140857486
2011-12-20T00:00:00Z,0.5585494294792339
2011-12-19T00:00:00Z,0.5912624301143736
2011-12-18T00:00:00Z,0.48639119505356104
2011-12-17T00:00:00Z,0.5084305602290411
2011-12-16T00:00:00Z,0.4004547463867726
2011-12-15T00:00:00Z,0.38081984235854693
2011-12-14T00:00:00Z,0.5121066164132606
2011-12-13T00:00:00Z,0.45646362057504675
2011-12-12T00:00:00Z,0.4357130900765174
2011-12-11T00:00:00Z,0.541935191598748
2011-12-10T00:00:00Z,0.4689214552712611
2011-12-09T00:00:00Z,0.46669586143774006
2011-12-08T00:00:00Z,0.5229832908520572
2011-12-07T00:00:00Z,0.44220959187845027
2011-12-06T00:00:00Z,0.5558311885474136
2011-12-05T00:00:00Z,0.4887331973249727
2011-12-04T00:00:00Z,0.41364226275726657
2011-12-03T00:00:00Z,0.4572770394448986
2011-12-02T00:00:00Z,0.49025872896264877
2011-12-01T00:00:00Z,0.6009746972808291
2011-11-30T00:00:00Z,0.519986493655671
2011-11-29T00:00:00Z,0.4107641192279009
2011-11-28T00:00:00Z,0.3507956520341749
2011-11-27T00:00:00Z,0.3064749435897049
2011-11-26T00:00:00Z,0.3215493063819355
2011-11-25T00:00:00Z,0.36735152776538726
2011-11-24T00:00:00Z,0.2986823071661247
2011-11-23T00:00:00Z,0.33979017125569055
2011-11-22T00:00:00Z,0.3547714693713321
2011-11-21T00:00:00Z,0.2947998579202421
2011-11-20T00:00:00Z,0.34288320957227786
2011-11-19T00:00:00Z,0.29460687514252387
2011-11-18T00:00:00Z,0.29759992802569235
2011-11-17T00:00:00Z,0.34154689145345746
2011-11-16T00:00:00Z,0.3778186957452864
2011-11-15T00:00:00Z,0.42033754948565344
2011-11-14T00:00:00Z,0.34760598256569447
2011-11-13T00:00:00Z,0.4728812222348734
2011-11-12T00:00:00Z,0.47545021440448926
2011-11-11T00:00:00Z,0.40252511474921654
2011-11-10T00:00:00Z,0.44023943115648867
2011-11-09T00:00:00Z,0.5226890062797992
2011-11-08T00:00:00Z,0.4983895283664126
2011-11-07T00:00:00Z,0.43791359008673447
2011-11-06T00:00:00Z,0.4705825346648508
2011-11-05T00:00:00Z,0.4793748258184609
2011-11-04T00:00:00Z,0.505786782235867
2011-11-03T00:00:00Z,0.436599239844193
2011-11-02T00:00:00Z,0.5559286236445732
2011-11-01T00:00:00Z,0.5249991425123319
2011-10-31T00:00:00Z,0.4733124127127908
2011-10-30T00:00:00Z,0.4042944599520857
2011-10-29T00:00:00Z,0.45118069780219433
2011-10-28T00:00:00Z,0.3738490772987785
2011-10-27T00:00:00Z,0.33960086371367354
2011-10-26T00:00:00Z,0.3627269181890503
2011-10-25T00:00:00Z,0.3998060406712785
2011-10-24T00:00:00Z,0.36204759518379687
2011-10-23T00:00:00Z,0.3838567209915318
2011-10-22T00:00:00Z,0.3474282040325967
2011-10-21T00:00:00Z,0.3492775151157299
2011-10-20T00:00:00Z,0.3037391619488443
2011-10-19T00:00:00Z,0.3396770864196021
2011-10-18T00:00:00Z,0.32687059753037484
2011-10-17T00:00:00Z,0.3405152027405925
2011-10-16T00:00:00Z,0.4774593738143596
2011-10-15T00:00:00Z,0.5814339700529604
2011-10-14T00:00:00Z,0.6269661849567557
2011-10-13T00:00:00Z,0.4448110300872126
2011-10-12T00:00:00Z,0.5650129731417927
2011-10-11T00:00:00Z,0.415527591190338
2011-10-10T00:00:00Z,0.5735172986057184
2011-10-09T00:00:00Z,0.5934368095800452
2011-10-08T00:00:00Z,0.5440429854478382
2011-10-07T00:00:00Z,0.6736883309908965
2011-10-06T00:00:00Z,0.6940826805666536
2011-10-05T00:00:00Z,0.8097133410314349
2011-10-04T00:00:00Z,0.6384625232737194
2011-10-03T00:00:00Z,0.8391858323215718
2011-10-02T00:00:00Z,0.7017964192721395
2011-10-01T00:00:00Z,0.8318565097826683
2011-09-30T00:00:00Z,0.7265747406017654
2011-09-29T00:00:00Z,0.693523555801548
2011-09-28T00:00:00Z,0.8159753223405303
2011-09-27T00:00:00Z,0.7621583011571584
2011-09-26T00:00:00Z,0.7620725125023535
2011-09-25T00:00:00Z,0.8545763115102113
2011-09-24T00:00:00Z,0.8279095514836099
2011-09-23T00:00:00Z,0.8671542837632746
2011-09-22T00:00:00Z,0.9466229873316194
2011-09-21T00:00:00Z,0.9680842917730649
2011-09-20T00:00:00Z,1.013985788985423
2011-09-19T00:00:00Z,0.8239715316624489
2011-09-18T00:00:00Z,0.9782025314400388
2011-09-17T00:00:00Z,0.7630888358705324
2011-09-16T00:00:00Z,0.6862236818685533
2011-09-15T00:00:00Z,0.9050749223242176
2011-09-14T00:00:00Z,0.985444816030029
2011-09-13T00:00:00Z,0.9919676259479469
2011-09-12T00:00:00Z,0.9764650607806181
2011-09-11T00:00:00Z,0.8878205539256576
2011-09-10T00:00:00Z,0.7708314039504351
2011-09-09T00:00:00Z,0.9425574122016253
2011-09-08T00:00:00Z,1.0273410664406097
2011-09-07T00:00:00Z,1.1958495777078189
2011-09-06T00:00:00Z,1.2716603846172339
2011-09-05T00:00:00Z,1.4621272853972473
2011-09-04T00:00:00Z,1.3556193825845817
2011-09-03T00:00:00Z,1.5252463038104886
2011-09-02T00:00:00Z,1.67945906588614
2011-09-01T00:00:00Z,1.325712435597573
2011-08-31T00:00:00Z,1.5964497766525458
2011-08-30T00:00:00Z,1.6202551453230623
2011-08-29T00:00:00Z,1.5684440604501164
2011-08-28T00:00:00Z,1.3389732977220026
2011-08-27T00:00:00Z,1.3386409093139473
2011-08-26T00:00:00Z,1.5411223790047854
2011-08-25T00:00:00Z,1.6784233435020377
2011-08-24T00:00:00Z,1.8812256709767954
2011-08-23T00:00:00Z,2.2043531737515805
2011-08-22T00:00:00Z,2.407979708043117
2011-08-21T00:00:00Z,2.3820062036781935
2011-08-20T00:00:00Z,2.3062233831376133
2011-08-19T00:00:00Z,2.0355122343050938
2011-08-18T00:00:00Z,2.0908572834327566
2011-08-17T00:00:00Z,2.007536338891863
2011-08-16T00:00:00Z,2.186319557982642
2011-08-15T00:00:00Z,1.9631022584565225
2011-08-14T00:00:00Z,1.9554830682816577
2011-08-13T00:00:00Z,1.8159716743082874
2011-08-12T00:00:00Z,1.7170593143747364
2011-08-11T00:00:00Z,1.8046596350564963
2011-08-10T00:00:00Z,2.122919695057621
2011-08-09T00:00:00Z,2.053382576538672
2011-08-08T00:00:00Z,1.5011350974377244
2011-08-07T00:00:00Z,1.4141701376917495
2011-08-06T00:00:00Z,1.1429762717327934
2011-08-05T00:00:00Z,1.9625268023412707
2011-08-04T00:00:00Z,1.994851926574944
2011-08-03T00:00:00Z,2.1023701234245236
2011-08-02T00:00:00Z,2.6987159518044836
2011-08-01T00:00:00Z,3.1652599454177897
2011-07-31T00:00:00Z,3.4517705099399416
2011-07-30T00:00:00Z,3.067369078626606
2011-07-29T00:00:00Z,3.3299087222388586
2011-07-28T00:00:00Z,3.1743819854480058
2011-07-27T00:00:00Z,3.7145231402057224
2011-07-26T00:00:00Z,3.7795993109587194
2011-07-25T00:00:00Z,3.625055476791713
2011-07-24T00:00:00Z,3.6647775840163246
2011-07-23T00:00:00Z,3.185361885431789
2011-07-22T00:00:00Z,3.3294730811302475
2011-07-21T00:00:00Z,3.35910355169764
2011-07-20T00:00:00Z,3.343324566203076
2011-07-19T00:00:00Z,3.2554704091973328
2011-07-18T00:00:00Z,3.8249266403530857
2011-07-17T00:00:00Z,3.7730585243200654
2011-07-16T00:00:00Z,3.670340892073293
2011-07-15T00:00:00Z,3.8533169577381363
2011-07-14T00:00:00Z,3.5062975782626844
2011-07-13T00:00:00Z,4.681339814404435
2011-07-12T00:00:00Z,3.5162875789915797
2011-07-11T00:00:00Z,4.010047575169109
2011-07-10T00:00:00Z,3.709861391009017
2011-07-09T00:00:00Z,3.933647885990212
2011-07-08T00:00:00Z,4.382689319872098
2011-07-07T00:00:00Z,3.6375210655197994
2011-07-06T00:00:00Z,4.4056695335190454
2011-07-05T00:00:00Z,3.4488978479463217
2011-07-04T00:00:00Z,4.569003972942436
2011-07-03T00:00:00Z,5.001613545048873
2011-07-02T00:00:00Z,5.181065297748494
2011-07-01T00:00:00Z,5.381234214873423
2011-06-30T00:00:00Z,6.30381619274884
2011-06-29T00:00:00Z,6.046259173152076
2011-06-28T00:00:00Z,5.755648901889587
2011-06-27T00:00:00Z,6.108013289066055
2011-06-26T00:00:00Z,5.380058359774921
2011-06-25T00:00:00Z,5.5777098431664545
2011-06-24T00:00:00Z,8.540833130824176
2011-06-23T00:00:00Z,9.714211413656578
2011-06-22T00:00:00Z,10.81308669314601
2011-06-21T00:00:00Z,10.843746237383007
2011-06-20T00:00:00Z,10.339757472995892
2011-06-19T00:00:00Z,10.146930015912421
2011-06-18T00:00:00Z,8.898637157771857
2011-06-17T00:00:00Z,7.998848194964229
2011-06-16T00:00:00Z,8.581819840892043
2011-06-15T00:00:00Z,15.606894412660075
2011-06-14T00:00:00Z,14.279361109322023
2011-06-13T00:00:00Z,14.058134367723113
2011-06-12T00:00:00Z,14.037356279220466
2011-06-11T00:00:00Z,12.460643221385858
2011-06-10T00:00:00Z,18.673932373027586
2011-06-09T00:00:00Z,23.6686187189798
2011-06-08T00:00:00Z,21.60744642879605
2011-06-07T00:00:00Z,17.03400218370392
2011-06-06T00:00:00Z,18.9716923506889
2011-06-05T00:00:00Z,16.07925320805995
2011-06-04T00:00:00Z,20.501691863187528
2011-06-03T00:00:00Z,14.814272474245003
2011-06-02T00:00:00Z,10.772171318907953
2011-06-01T00:00:00Z,9.916392679775033
2011-05-31T00:00:00Z,7.429165022314873
2011-05-30T00:00:00Z,7.836468213855168
2011-05-29T00:00:00Z,8.95878516188301
2011-05-28T00:00:00Z,7.788907145597012
2011-05-27T00:00:00Z,8.780352772236263
2011-05-26T00:00:00Z,16.501319335914395
2011-05-25T00:00:00Z,17.112090970038484
2011-05-24T00:00:00Z,15.447271786224151
2011-05-23T00:00:00Z,14.864576008623581
2011-05-22T00:00:00Z,12.778496091128341
2011-05-21T00:00:00Z,10.579362181052838
2011-05-20T00:00:00Z,9.949462416940579
2011-05-19T00:00:00Z,9.680446921608112
2011-05-18T00:00:00Z,16.923628099000197
2011-05-17T00:00:00Z,16.544940696375583
2011-05-16T00:00:00Z,18.613133476249757
2011-05-15T00:00:00Z,15.195492196690484
2011-05-14T00:00:00Z,17.964225879046403
2011-05-13T00:00:00Z,18.405998425660634
2011-05-12T00:00:00Z,12.158490576153353
2011-05-11T00:00:00Z,12.409063507125
2011-05-10T00:00:00Z,13.00213265595026
2011-05-09T00:00:00Z,11.516716009906542
2011-05-08T00:00:00Z,11.083152848744765
2011-05-07T00:00:00Z,10.51885208171833
2011-05-06T00:00:00Z,10.455379830018671
2011-05-05T00:00:00Z,10.448112717236963
2011-05-04T00:00:00Z,9.8854476384488
2011-05-03T00:00:00Z,10.119055253209174
2011-05-02T00:00:00Z,9.81640795769771
2011-05-01T00:00:00Z,8.694663388434186
2011-04-30T00:00:00Z,10.850126097994897
2011-04-29T00:00:00Z,9.733710053255738
2011-04-28T00:00:00Z,6.294677545147191
2011-04-27T00:00:00Z,6.144187095798245
2011-04-26T00:00:00Z,6.287755929986432
2011-04-25T00:00:00Z,5.473666129759396
2011-04-24T00:00:00Z,4.902132627916605
2011-04-23T00:00:00Z,5.500919048273044
2011-04-22T00:00:00Z,4.7363806383998615
2011-04-21T00:00:00Z,3.4413646758054797
2011-04-20T00:00:00Z,3.2139309699293266
2011-04-19T00:00:00Z,3.6361069535671664
2011-04-18T00:00:00Z,3.422765780388028
2011-04-17T00:00:00Z,4.021677708141592
2011-04-16T00:00:00Z,3.689726656876134
2011-04-15T00:00:00Z,2.762610535242473
2011-04-14T00:00:00Z,3.312924335988006
2011-04-13T00:00:00Z,3.734459151210498
2011-04-12T00:00:00Z,2.9558130515265284
2011-04-11T00:00:00Z,2.6679601897000085
2011-04-10T00:00:00Z,2.7300384645162983
2011-04-09T00:00:00Z,2.4569027329085333
2011-04-08T00:00:00Z,2.7040515580588314
2011-04-07T00:00:00Z,2.4244429031891936
2011-04-06T00:00:00Z,2.4128643093335786
2011-04-05T00:00:00Z,3.0544007559907236
2011-04-04T00:00:00Z,2.7069644215713993
2011-04-03T00:00:00Z,3.0710904008828925
2011-04-02T00:00:00Z,3.1972650060357943
2011-04-01T00:00:00Z,3.1222939379077745
2011-03-31T00:00:00Z,3.645336763430321
2011-03-30T00:00:00Z,2.876670416047526
2011-03-29T00:00:00Z,3.040006777004167
2011-03-28T00:00:00Z,3.185715146623117
2011-03-27T00:00:00Z,2.808476352480897
2011-03-26T00:00:00Z,2.8478681997822943
2011-03-25T00:00:00Z,3.718187515549192
2011-03-24T00:00:00Z,3.2389448096743596
2011-03-23T00:00:00Z,3.312571098844472
2011-03-22T00:00:00Z,2.4111258408464793
2011-03-21T00:00:00Z,2.8302211542779374
2011-03-20T00:00:00Z,2.5759987266335336
2011-03-19T00:00:00Z,2.2476324720240166
2011-03-18T00:00:00Z,2.518708482846145
2011-03-17T00:00:00Z,3.0125700504135815
2011-03-16T00:00:00Z,3.052859081013107
2011-03-15T00:00:00Z,2.564943978749994
2011-03-14T00:00:00Z,2.6569818022212113
2011-03-13T00:00:00Z,2.7883541865511585
2011-03-12T00:00:00Z,3.4579765128272624
2011-03-11T00:00:00Z,3.1099415032091713
2011-03-10T00:00:00Z,2.8119230140293765
2011-03-09T00:00:00Z,3.819538174285733
2011-03-08T00:00:00Z,4.540023792620379
2011-03-07T00:00:00Z,5.277570865728041
2011-03-06T00:00:00Z,7.06941032651272
2011-03-05T00:00:00Z,7.370599403007078
2011-03-04T00:00:00Z,5.939690630389414
2011-03-03T00:00:00Z,5.300162115139769
2011-03-02T00:00:00Z,4.8584636284171205
2011-03-01T00:00:00Z,3.7304470479161873
2011-02-28T00:00:00Z,4.064230427217818
2011-02-27T00:00:00Z,6.9188767993473945
2011-02-26T00:00:00Z,8.586500796559916
2011-02-25T00:00:00Z,6.817454465942672
2011-02-24T00:00:00Z,6.996834653501003
2011-02-23T00:00:00Z,7.556227769852247
2011-02-22T00:00:00Z,6.4780896652422175
2011-02-21T00:00:00Z,5.814815691708305
2011-02-20T00:00:00Z,6.14256711741504
2011-02-19T00:00:00Z,5.671963253771451
2011-02-18T00:00:00Z,7.185977774427654
2011-02-17T00:00:00Z,9.24050161267919
2011-02-16T00:00:00Z,9.567539196255247
2011-02-15T00:00:00Z,9.573795027129918
2011-02-14T00:00:00Z,8.729740371806333
2011-02-13T00:00:00Z,8.863613372892816
2011-02-12T00:00:00Z,9.248815755274267
2011-02-11T00:00:00Z,8.922308328994557
2011-02-10T00:00:00Z,8.379377221942535
2011-02-09T00:00:00Z,9.842489283285857
2011-02-08T00:00:00Z,7.45415988939474
2011-02-07T00:00:00Z,8.914352749351693
2011-02-06T00:00:00Z,8.05353529643163
2011-02-05T00:00:00Z,8.516264125078477
2011-02-04T00:00:00Z,8.33051318368785
2011-02-03T00:00:00Z,5.981886189024134
2011-02-02T00:00:00Z,6.231557313412575
2011-02-01T00:00:00Z,6.4339725675967605
2011-01-31T00:00:00Z,5.043239833538738
2011-01-30T00:00:00Z,4.331885256110979
2011-01-29T00:00:00Z,4.137456098183361
2011-01-28T00:00:00Z,4.172107541731442
2011-01-27T00:00:00Z,4.036308267817183
2011-01-26T00:00:00Z,4.545468788153859
2011-01-25T00:00:00Z,3.9220453354885985
2011-01-24T00:00:00Z,4.893189472463419
2011-01-23T00:00:00Z,4.72512529149239
2011-01-22T00:00:00Z,4.666229423890968
2011-01-21T00:00:00Z,4.710529047044077
2011-01-20T00:00:00Z,4.737794929273084
2011-01-19T00:00:00Z,3.5000817679730183
2011-01-18T00:00:00Z,2.9484103795108534
2011-01-17T00:00:00Z,4.260735620896928
2011-01-16T00:00:00Z,4.586399264275725
2011-01-15T00:00:00Z,4.182347845686113
2011-01-14T00:00:00Z,5.054355050788409
2011-01-13T00:00:00Z,4.226791732782849
2011-01-12T00:00:00Z,3.813026301994327
2011-01-11T00:00:00Z,4.065409341114161
2011-01-10T00:00:00Z,3.8721026091143864
2011-01-09T00:00:00Z,3.894418958334191
2011-01-08T00:00:00Z,4.104043621957872
2011-01-07T00:00:00Z,3.968183280826247
2011-01-06T00:00:00Z,3.211980383392314
2011-01-05T00:00:00Z,3.5510556425704163
2011-01-04T00:00:00Z,3.2825598618363823
2011-01-03T00:00:00Z,3.6165250596054563
2011-01-02T00:00:00Z,4.16616533939999
2011-01-01T00:00:00Z,4.3591052238487125
2010-12-31T00:00:00Z,3.9485668358618344
2010-12-30T00:00:00Z,4.164177007408275
2010-12-29T00:00:00Z,4.11247314178649
2010-12-28T00:00:00Z,3.9902419683113877
2010-12-27T00:00:00Z,3.737007920417085
2010-12-26T00:00:00Z,3.2979513063552544
2010-12-25T00:00:00Z,3.636086414783862
2010-12-24T00:00:00Z,3.210786463018149
2010-12-23T00:00:00Z,3.1991311486472225
2010-12-22T00:00:00Z,3.5167396246783973
2010-12-21T00:00:00Z,4.207051384408153
2010-12-20T00:00:00Z,3.8606644613888466
2010-12-19T00:00:00Z,4.060425280748557
2010-12-18T00:00:00Z,3.6061779332292487
2010-12-17T00:00:00Z,3.7396322033167557
2010-12-16T00:00:00Z,4.1009073901167765
2010-12-15T00:00:00Z,4.474142585863527
2010-12-14T00:00:00Z,4.095947005562231
2010-12-13T00:00:00Z,3.18328290511988
2010-12-12T00:00:00Z,3.726663992664091
2010-12-11T00:00:00Z,3.993201157463521
2010-12-10T00:00:00Z,3.0343287064663382
2010-12-09T00:00:00Z,4.550554426850271
2010-12-08T00:00:00Z,5.871933628485649
2010-12-07T00:00:00Z,5.847356017824261
2010-12-06T00:00:00Z,5.246324518006412
2010-12-05T00:00:00Z,4.916282220219539
2010-12-04T00:00:00Z,5.151777520158168
2010-12-03T00:00:00Z,5.281530335288937
2010-12-02T00:00:00Z,5.414509265251508
2010-12-01T00:00:00Z,4.903203357008434
2010-11-30T00:00:00Z,4.886937182137293
2010-11-29T00:00:00Z,5.65895273421532
2010-11-28T00:00:00Z,5.555468975022354
2010-11-27T00:00:00Z,6.187863075160443
2010-11-26T00:00:00Z,6.817812536499988
2010-11-25T00:00:00Z,6.381332350746573
2010-11-24T00:00:00Z,6.41912825530199
2010-11-23T00:00:00Z,5.167521053139251
2010-11-22T00:00:00Z,6.209422849390346
2010-11-21T00:00:00Z,5.215622675730937
2010-11-20T00:00:00Z,4.483307951112785
2010-11-19T00:00:00Z,5.805907321231045
2010-11-18T00:00:00Z,9.667429208704013
2010-11-17T00:00:00Z,8.193058954428684
2010-11-16T00:00:00Z,6.483683141308299
2010-11-15T00:00:00Z,8.05978812769407
2010-11-14T00:00:00Z,10.974787997279028
2010-11-13T00:00:00Z,9.748620839530494
2010-11-12T00:00:00Z,7.375828493431934
2010-11-11T00:00:00Z,8.11442083338766
2010-11-10T00:00:00Z,8.275003370968228
2010-11-09T00:00:00Z,7.919163675750045
2010-11-08T00:00:00Z,11.870656662726432
2010-11-07T00:00:00Z,15.043347175100568
2010-11-06T00:00:00Z,16.27901461905695
2010-11-05T00:00:00Z,11.410908986128607
2010-11-04T00:00:00Z,9.563180509015377
2010-11-03T00:00:00Z,7.793346510309522
2010-11-02T00:00:00Z,7.402995596597598
2010-11-01T00:00:00Z,7.665652795105412
2010-10-31T00:00:00Z,7.7969145963079765
2010-10-30T00:00:00Z,11.58874010796732
2010-10-29T00:00:00Z,10.116969508071207
2010-10-28T00:00:00Z,9.309444786707349
2010-10-27T00:00:00Z,10.074455546843506
2010-10-26T00:00:00Z,9.386083472578852
2010-10-25T00:00:00Z,7.126298756131385
2010-10-24T00:00:00Z,6.39462391243719
2010-10-23T00:00:00Z,5.096460625698384
2010-10-22T00:00:00Z,4.418651480270352
2010-10-21T00:00:00Z,5.638905809008914
2010-10-20T00:00:00Z,7.520825693427051
2010-10-19T00:00:00Z,7.295234475742568
2010-10-18T00:00:00Z,7.642682926207374
2010-10-17T00:00:00Z,8.4307639498119
2010-10-16T00:00:00Z,8.165197343706987
2010-10-15T00:00:00Z,5.956420442601399
2010-10-14T00:00:00Z,6.81224577500276
2010-10-13T00:00:00Z,6.134888810769279
2010-10-12T00:00:00Z,4.966165012847688
2010-10-11T00:00:00Z,5.169725486821069
2010-10-10T00:00:00Z,5.962851283666106
2010-10-09T00:00:00Z,5.2297850719697205
2010-10-08T00:00:00Z,4.787863083714132
2010-10-07T00:00:00Z,3.8881922502553374
2010-10-06T00:00:00Z,3.93732743598771
2010-10-05T00:00:00Z,2.866876908684274
2010-10-04T00:00:00Z,3.502901927055229
2010-10-03T00:00:00Z,2.8114915937689866
2010-10-02T00:00:00Z,2.333411669790201
2010-10-01T00:00:00Z,3.650408257418841
2010-09-30T00:00:00Z,3.491535307734591
2010-09-29T00:00:00Z,3.9605178878696607
2010-09-28T00:00:00Z,5.175722680544922
2010-09-27T00:00:00Z,5.697896054775879
2010-09-26T00:00:00Z,5.1649551106389735
2010-09-25T00:00:00Z,5.291910797481894
2010-09-24T00:00:00Z,5.931687996134211
2010-09-23T00:00:00Z,6.199297247371395
2010-09-22T00:00:00Z,4.681101569144564
2010-09-21T00:00:00Z,4.721323697859104
2010-09-20T00:00:00Z,5.595722884549963
2010-09-19T00:00:00Z,5.9073405908641785
2010-09-18T00:00:00Z,6.624441955389055
2010-09-17T00:00:00Z,5.727094510780086
2010-09-16T00:00:00Z,6.427205197589153
2010-09-15T00:00:00Z,4.926364854157866
2010-09-14T00:00:00Z,6.156339426734918
2010-09-13T00:00:00Z,5.291864612739849
2010-09-12T00:00:00Z,5.4965528065320335
2010-09-11T00:00:00Z,5.221689985954319
2010-09-10T00:00:00Z,5.689106915127561
2010-09-09T00:00:00Z,4.358709894331606
2010-09-08T00:00:00Z,5.470132989614134
2010-09-07T00:00:00Z,5.298219653491401
2010-09-06T00:00:00Z,5.361276647532528
2010-09-05T00:00:00Z,5.6822719983882255
2010-09-04T00:00:00Z,6.412021954084581
2010-09-03T00:00:00Z,5.768629214338741
2010-09-02T00:00:00Z,5.808990411479928
2010-09-01T00:00:00Z,5.8939837439443865
2010-08-31T00:00:00Z,6.697348646557824
2010-08-30T00:00:00Z,5.982564045541581
2010-08-29T00:00:00Z,6.514061876507684
2010-08-28T00:00:00Z,6.970633514028759
2010-08-27T00:00:00Z,7.248513973824211
2010-08-26T00:00:00Z,8.942319860520982
2010-08-25T00:00:00Z,9.546676254230304
2010-08-24T00:00:00Z,9.788538603273505
2010-08-23T00:00:00Z,9.950177531759117
2010-08-22T00:00:00Z,10.351969363899892
2010-08-21T00:00:00Z,8.746870082551448
2010-08-20T00:00:00Z,9.862142611425384
2010-08-19T00:00:00Z,7.21984985532664
2010-08-18T00:00:00Z,7.399589158767275
2010-08-17T00:00:00Z,7.539243874090263
2010-08-16T00:00:00Z,8.209236320313954
2010-08-15T00:00:00Z,11.78693291043543
2010-08-14T00:00:00Z,16.967623647942236
2010-08-13T00:00:00Z,13.107241224990076
2010-08-12T00:00:00Z,14.89201366162173
2010-08-11T00:00:00Z,15.955749987453006
2010-08-10T00:00:00Z,14.289935963721302
2010-08-09T00:00:00Z,15.012496033242698
2010-08-08T00:00:00Z,14.058992724812736
2010-08-07T00:00:00Z,11.037118913310602
2010-08-06T00:00:00Z,11.394180835753414
2010-08-05T00:00:00Z,17.078019930339455
2010-08-04T00:00:00Z,18.661361024984913
2010-08-03T00:00:00Z,19.3388752408876
2010-08-02T00:00:00Z,21.770609274888432
2010-08-01T00:00:00Z,23.283871944599717
2010-07-31T00:00:00Z,23.457997655016015
2010-07-30T00:00:00Z,20.76986747733194
2010-07-29T00:00:00Z,24.283851185584734
2010-07-28T00:00:00Z,19.363990389600705
2010-07-27T00:00:00Z,21.746699827753016
2010-07-26T00:00:00Z,31.59551071237437
2010-07-25T00:00:00Z,29.655886955218744
2010-07-24T00:00:00Z,28.515280308202538
2010-07-23T00:00:00Z,36.45385533017392
2010-07-22T00:00:00Z,29.629802717240832
2010-07-21T00:00:00Z,59.489931762270565
2010-07-20T00:00:00Z,58.63975101993074
2010-07-19T00:00:00Z,72.60825536955416
2010-07-18T00:00:00Z,95.1938136983118
2010-07-17T00:00:00Z,74.70181585503268
2010-07-16T00:00:00Z,3.977330501876311
2010-07-15T00:00:00Z,4.968757787916913
2010-07-14T00:00:00Z,4.665892345218129
2010-07-13T00:00:00Z,5.658486863651622
2010-07-12T00:00:00Z,5.473499772461917
2010-07-11T00:00:00Z,1.509366400338276
2010-07-10T00:00:00Z,1.6765112702727623
2010-07-09T00:00:00Z,1.6927536236442973
2010-07-08T00:00:00Z,1.290435872195285
2010-07-07T00:00:00Z,1.3378955874107918
2010-07-06T00:00:00Z,1.4547191117879466
2010-07-05T00:00:00Z,1.5469626345335332
2010-07-04T00:00:00Z,1.4407195279235872
2010-07-03T00:00:00Z,1.8472464681401284
2010-07-02T00:00:00Z,1.462544126565112
2010-07-01T00:00:00Z,1.855319303220958
2010-06-30T00:00:00Z,1.6087410766957495
2010-06-29T00:00:00Z,1.5002183656729486
2010-06-28T00:00:00Z,1.3548776267495735
2010-06-27T00:00:00Z,1.5925445251952384
2010-06-26T00:00:00Z,1.4287878125415383
2010-06-25T00:00:00Z,1.35321015447084
2010-06-24T00:00:00Z,1.5302902103437885
2010-06-23T00:00:00Z,1.7004087931611287
2010-06-22T00:00:00Z,1.425162181314041
2010-06-21T00:00:00Z,1.4124056854549567
2010-06-20T00:00:00Z,1.7033122606330464
2010-06-19T00:00:00Z,1.387539097455282
2010-06-18T00:00:00Z,1.3928339235516929
2010-06-17T00:00:00Z,1.3608847993288105
2010-06-16T00:00:00Z,1.328553732441916
2010-06-15T00:00:00Z,1.7277952003675843
2010-06-14T00:00:00Z,1.5190113221620076
2010-06-13T00:00:00Z,1.629576471849106
2010-06-12T00:00:00Z,1.2847639931904429
2010-06-11T00:00:00Z,1.6044649721716175
2010-06-10T00:00:00Z,1.5348085812934056
2010-06-09T00:00:00Z,1.6183541166204336
2010-06-08T00:00:00Z,1.548153912293376
2010-06-07T00:00:00Z,1.5255968723736226
2010-06-06T00:00:00Z,1.44417853282115
2010-06-05T00:00:00Z,1.4205251695469783
2010-06-04T00:00:00Z,1.2293752070310735
2010-06-03T00:00:00Z,1.499972385618582
2010-06-02T00:00:00Z,1.4566171765072848
2010-06-01T00:00:00Z,1.3430694822426026
2010-05-31T00:00:00Z,1.4179275885618419
2010-05-30T00:00:00Z,1.4936277727112375
2010-05-29T00:00:00Z,1.8520588011056087
2010-05-28T00:00:00Z,2.2560623044161785
2010-05-27T00:00:00Z,1.9545201682136508
2010-05-26T00:00:00Z,2.2823151920344755
2010-05-25T00:00:00Z,2.162789171540452
2010-05-24T00:00:00Z,1.9477525683690098
2010-05-23T00:00:00Z,2.197769421855531
2010-05-22T00:00:00Z,2.043625410746326
2010-05-21T00:00:00Z,1.8547000823070772
2010-05-20T00:00:00Z,2.1501536623483846
2010-05-19T00:00:00Z,1.7473633778356779
2010-05-18T00:00:00Z,1.7985923926389265
2010-05-17T00:00:00Z,1.5385260335734774
2010-05-16T00:00:00Z,1.2209046178912635
2010-05-15T00:00:00Z,0.9870785719487337
2010-05-14T00:00:00Z,1.3384839767406531
2010-05-13T00:00:00Z,1.3964968880443684
2010-05-12T00:00:00Z,1.3909083978851557
2010-05-11T00:00:00Z,1.2203261503707732
2010-05-10T00:00:00Z,1.4119435829070037
2010-05-09T00:00:00Z,1.583531356974981
2010-05-08T00:00:00Z,1.7127722244391927
2010-05-07T00:00:00Z,1.4750120112512444
2010-05-06T00:00:00Z,1.671731361112761
2010-05-05T00:00:00Z,1.5441676990765616
2010-05-04T00:00:00Z,1.5394090203176447
2010-05-03T00:00:00Z,1.8073729536893792
2010-05-02T00:00:00Z,1.7706723016490806
2010-05-01T00:00:00Z,2.1007266398977262
2010-04-30T00:00:00Z,1.6625997509045194
2010-04-29T00:00:00Z,1.705003652971804
2010-04-28T00:00:00Z,2.0975577769084697
2010-04-27T00:00:00Z,2.109681554859692
2010-04-26T00:00:00Z,1.9333288485835842
2010-04-25T00:00:00Z,1.8725156299641827
2010-04-24T00:00:00Z,2.0012962872331013
2010-04-23T00:00:00Z,1.7967231242562949
2010-04-22T00:00:00Z,1.9139479763355232
2010-04-21T00:00:00Z,2.6500887477508908
2010-04-20T00:00:00Z,2.4988194027307564
2010-04-19T00:00:00Z,2.847425909265247
2010-04-18T00:00:00Z,3.0306223378763844
2010-04-17T00:00:00Z,2.7566335827400685
2010-04-16T00:00:00Z,2.5388121126979986
2010-04-15T00:00:00Z,2.733784635909883
2010-04-14T00:00:00Z,2.295345590682651
2010-04-13T00:00:00Z,2.4253650647570186
2010-04-12T00:00:00Z,2.6224474690302175
2010-04-11T00:00:00Z,2.901664521032231
2010-04-10T00:00:00Z,3.4102170433092853
2010-04-09T00:00:00Z,2.5023450268065504
2010-04-08T00:00:00Z,2.4396309773333487
2010-04-07T00:00:00Z,2.590257218781865
2010-04-06T00:00:00Z,2.1491944383397157
2010-04-05T00:00:00Z,2.0803422408014374
2010-04-04T00:00:00Z,2.338487460068813
2010-04-03T00:00:00Z,2.2158634824632846
2010-04-02T00:00:00Z,2.160161884267578
2010-04-01T00:00:00Z,2.34017794524843
2010-03-31T00:00:00Z,2.9300788444673778
2010-03-30T00:00:00Z,3.0385885542889124
2010-03-29T00:00:00Z,2.7790645891011003
2010-03-28T00:00:00Z,2.6711377803382317
2010-03-27T00:00:00Z,2.575095158435531
2010-03-26T00:00:00Z,2.8702143873792814
2010-03-25T00:00:00Z,2.7461125592185343
2010-03-24T00:00:00Z,2.530187162977356
2010-03-23T00:00:00Z,3.084238143997918
2010-03-22T00:00:00Z,2.6897750225642327
2010-03-21T00:00:00Z,2.770296726817115
2010-03-20T00:00:00Z,2.9287697631730287
2010-03-19T00:00:00Z,2.3527418687152046
2010-03-18T00:00:00Z,2.166802620828697
2010-03-17T00:00:00Z,2.117464185331048
2010-03-16T00:00:00Z,1.9732154483696311
2010-03-15T00:00:00Z,2.1256508255339917
2010-03-14T00:00:00Z,1.979724532352496
2010-03-13T00:00:00Z,2.4363976114954617
2010-03-12T00:00:00Z,1.9397723554832114
2010-03-11T00:00:00Z,2.1435381887838125
2010-03-10T00:00:00Z,2.6263499999011137
2010-03-09T00:00:00Z,2.3841122379371114
2010-03-08T00:00:00Z,2.0546123308425353
2010-03-07T00:00:00Z,2.9588605051063306
2010-03-06T00:00:00Z,2.949712357484901
2010-03-05T00:00:00Z,2.872939491973927
2010-03-04T00:00:00Z,3.1328094658910643
2010-03-03T00:00:00Z,2.5962678635667658
2010-03-02T00:00:00Z,3.234178323202575
2010-03-01T00:00:00Z,3.384589903911005
2010-02-28T00:00:00Z,2.7330147564214724
2010-02-27T00:00:00Z,3.0360570822276496
2010-02-26T00:00:00Z,3.0615227198606183
2010-02-25T00:00:00Z,2.7643171629313525
2010-02-24T00:00:00Z,3.0928929950456308
2010-02-23T00:00:00Z,4.560416895447492
2010-02-22T00:00:00Z,4.802841681818609
2010-02-21T00:00:00Z,4.174287605292958
2010-02-20T00:00:00Z,3.9385487642159487
2010-02-19T00:00:00Z,3.6752413299991313
2010-02-18T00:00:00Z,4.022009676981707
2010-02-17T00:00:00Z,4.672935847694446
2010-02-16T00:00:00Z,3.862091070909557
2010-02-15T00:00:00Z,3.523062537791001
2010-02-14T00:00:00Z,4.204199244652801
2010-02-13T00:00:00Z,4.743941556146751
2010-02-12T00:00:00Z,3.791263818205028
2010-02-11T00:00:00Z,3.537970765282505
2010-02-10T00:00:00Z,3.551460585175447
2010-02-09T00:00:00Z,4.419090703924792
2010-02-08T00:00:00Z,4.321795752023101
2010-02-07T00:00:00Z,4.745335710716289
2010-02-06T00:00:00Z,4.253943222673319
2010-02-05T00:00:00Z,4.999039809660175
2010-02-04T00:00:00Z,5.204828450670752
2010-02-03T00:00:00Z,6.225471300308382
2010-02-02T00:00:00Z,3.401321899268523
2010-02-01T00:00:00Z,4.35675949493566
2010-01-31T00:00:00Z,3.954073840864728
2010-01-30T00:00:00Z,5.087571681673495
2010-01-29T00:00:00Z,4.840090625589882
2010-01-28T00:00:00Z,4.407152003906076
2010-01-27T00:00:00Z,4.133370800820129
2010-01-26T00:00:00Z,4.970971486214441
2010-01-25T00:00:00Z,5.453112554686274
2010-01-24T00:00:00Z,4.040359957601479
2010-01-23T00:00:00Z,4.244763905665729
2010-01-22T00:00:00Z,3.569977009056139
2010-01-21T00:00:00Z,4.743735503189973
2010-01-20T00:00:00Z,4.339311499370401
2010-01-19T00:00:00Z,3.446509520511909
2010-01-18T00:00:00Z,3.507422762936948
2010-01-17T00:00:00Z,3.711443719074749
2010-01-16T00:00:00Z,3.577834565001587
2010-01-15T00:00:00Z,4.075749049119632
2010-01-14T00:00:00Z,4.180239467810711
2010-01-13T00:00:00Z,4.849662571510473
2010-01-12T00:00:00Z,4.765275790118948
2010-01-11T00:00:00Z,4.8281541559022045
2010-01-10T00:00:00Z,5.846833242955665
2010-01-09T00:00:00Z,4.7223396298287135
2010-01-08T00:00:00Z,4.847605085845748
2010-01-07T00:00:00Z,4.944963380956594
2010-01-06T00:00:00Z,5.305837409555759
2010-01-05T00:00:00Z,6.540199528471754
2010-01-04T00:00:00Z,6.0877497053192
2010-01-03T00:00:00Z,6.36203040510325
2010-01-02T00:00:00Z,4.386215230181746
