Datetime,SOPR
2025-06-10T00:00:00Z,1.0195991
2025-06-09T00:00:00Z,1.01366931
2025-06-08T00:00:00Z,1.01170988
2025-06-07T00:00:00Z,1.01358299
2025-06-06T00:00:00Z,1.00688936
2025-06-05T00:00:00Z,1.00277151
2025-06-04T00:00:00Z,1.02181763
2025-06-03T00:00:00Z,1.02712695
2025-06-02T00:00:00Z,1.03012236
2025-06-01T00:00:00Z,1.00426103
2025-05-31T00:00:00Z,1.00107119
2025-05-30T00:00:00Z,1.01140192
2025-05-29T00:00:00Z,1.02597704
2025-05-28T00:00:00Z,1.01693541
2025-05-27T00:00:00Z,1.04113863
2025-05-26T00:00:00Z,1.04085498
2025-05-25T00:00:00Z,1.01000509
2025-05-24T00:00:00Z,1.00748457
2025-05-23T00:00:00Z,1.02069214
2025-05-22T00:00:00Z,1.02302467
2025-05-21T00:00:00Z,1.02729682
2025-05-20T00:00:00Z,1.02615476
2025-05-19T00:00:00Z,1.03051975
2025-05-18T00:00:00Z,1.01335119
2025-05-17T00:00:00Z,1.0092862
2025-05-16T00:00:00Z,1.01854735
2025-05-15T00:00:00Z,1.02652145
2025-05-14T00:00:00Z,1.01512711
2025-05-13T00:00:00Z,1.03201484
2025-05-12T00:00:00Z,1.01936548
2025-05-11T00:00:00Z,1.01157024
2025-05-10T00:00:00Z,1.00939371
2025-05-09T00:00:00Z,1.02689794
2025-05-08T00:00:00Z,1.02365799
2025-05-07T00:00:00Z,1.01728218
2025-05-06T00:00:00Z,1.01950883
2025-05-05T00:00:00Z,1.02300094
2025-05-04T00:00:00Z,1.00219278
2025-05-03T00:00:00Z,1.00984838
2025-05-02T00:00:00Z,1.01795015
2025-05-01T00:00:00Z,1.01639263
2025-04-30T00:00:00Z,1.01283925
2025-04-29T00:00:00Z,1.02178906
2025-04-28T00:00:00Z,1.01785057
2025-04-27T00:00:00Z,1.00802551
2025-04-26T00:00:00Z,1.01254025
2025-04-25T00:00:00Z,1.04195558
2025-04-24T00:00:00Z,1.01831324
2025-04-23T00:00:00Z,1.03399313
2025-04-22T00:00:00Z,1.01697588
2025-04-21T00:00:00Z,1.01162534
2025-04-20T00:00:00Z,1.00365039
2025-04-19T00:00:00Z,1.0008888
2025-04-18T00:00:00Z,1.004208
2025-04-17T00:00:00Z,0.97024261
2025-04-16T00:00:00Z,1.00529083
2025-04-15T00:00:00Z,0.99080487
2025-04-14T00:00:00Z,1.00973183
2025-04-13T00:00:00Z,1.01087002
2025-04-12T00:00:00Z,1.00791516
2025-04-11T00:00:00Z,1.00258575
2025-04-10T00:00:00Z,1.01125244
2025-04-09T00:00:00Z,1.00198256
2025-04-08T00:00:00Z,0.99841325
2025-04-07T00:00:00Z,0.99856688
2025-04-06T00:00:00Z,0.99874522
2025-04-05T00:00:00Z,1.00303405
2025-04-04T00:00:00Z,1.00392366
2025-04-03T00:00:00Z,1.01984037
2025-04-02T00:00:00Z,1.01388032
2025-04-01T00:00:00Z,0.99893117
2025-03-31T00:00:00Z,0.99684538
2025-03-30T00:00:00Z,0.9949548
2025-03-29T00:00:00Z,0.99631557
2025-03-28T00:00:00Z,1.01575039
2025-03-27T00:00:00Z,1.00388902
2025-03-26T00:00:00Z,1.00513627
2025-03-25T00:00:00Z,1.0044639
2025-03-24T00:00:00Z,1.01127939
2025-03-23T00:00:00Z,1.00378434
2025-03-22T00:00:00Z,1.01061458
2025-03-21T00:00:00Z,0.99741486
2025-03-20T00:00:00Z,1.0103861
2025-03-19T00:00:00Z,1.00874751
2025-03-18T00:00:00Z,1.0001117
2025-03-17T00:00:00Z,0.99860676
2025-03-16T00:00:00Z,1.00215378
2025-03-15T00:00:00Z,1.0036581
2025-03-14T00:00:00Z,1.00798866
2025-03-13T00:00:00Z,1.000318
2025-03-12T00:00:00Z,1.00582454
2025-03-11T00:00:00Z,0.9997344
2025-03-10T00:00:00Z,0.99768761
2025-03-09T00:00:00Z,0.99796519
2025-03-08T00:00:00Z,0.99990939
2025-03-07T00:00:00Z,1.00086985
2025-03-06T00:00:00Z,1.01912285
2025-03-05T00:00:00Z,1.00725366
2025-03-04T00:00:00Z,0.99134632
2025-03-03T00:00:00Z,1.0088348
2025-03-02T00:00:00Z,1.01059656
2025-03-01T00:00:00Z,1.00054085
2025-02-28T00:00:00Z,0.99083827
2025-02-27T00:00:00Z,1.00118068
2025-02-26T00:00:00Z,0.99490442
2025-02-25T00:00:00Z,0.99812471
2025-02-24T00:00:00Z,1.00444054
2025-02-23T00:00:00Z,1.00327934
2025-02-22T00:00:00Z,1.00725581
2025-02-21T00:00:00Z,1.00677411
2025-02-20T00:00:00Z,1.00750007
2025-02-19T00:00:00Z,1.00402251
2025-02-18T00:00:00Z,1.00478673
2025-02-17T00:00:00Z,1.00278449
2025-02-16T00:00:00Z,1.00224059
2025-02-15T00:00:00Z,1.00747466
2025-02-14T00:00:00Z,1.00742465
2025-02-13T00:00:00Z,1.00410837
2025-02-12T00:00:00Z,1.00486363
2025-02-11T00:00:00Z,1.01424322
2025-02-10T00:00:00Z,1.00722903
2025-02-09T00:00:00Z,1.04002401
2025-02-08T00:00:00Z,1.00611661
2025-02-07T00:00:00Z,1.00740981
2025-02-06T00:00:00Z,1.01866569
2025-02-05T00:00:00Z,1.02370777
2025-02-04T00:00:00Z,1.03124962
2025-02-03T00:00:00Z,1.00592968
2025-02-02T00:00:00Z,1.0005932
2025-02-01T00:00:00Z,1.00497885
2025-01-31T00:00:00Z,1.01136592
2025-01-30T00:00:00Z,1.01859376
2025-01-29T00:00:00Z,1.00772962
2025-01-28T00:00:00Z,1.01821348
2025-01-27T00:00:00Z,1.01147489
2025-01-26T00:00:00Z,1.00917103
2025-01-25T00:00:00Z,1.01041097
2025-01-24T00:00:00Z,1.01527203
2025-01-23T00:00:00Z,1.05545863
2025-01-22T00:00:00Z,1.02719718
2025-01-21T00:00:00Z,1.02172444
2025-01-20T00:00:00Z,1.0196594
2025-01-19T00:00:00Z,1.0133445
2025-01-18T00:00:00Z,1.01478983
2025-01-17T00:00:00Z,1.02393959
2025-01-16T00:00:00Z,1.02363964
2025-01-15T00:00:00Z,1.01985367
2025-01-14T00:00:00Z,1.01200734
2025-01-13T00:00:00Z,1.00335615
2025-01-12T00:00:00Z,1.00605551
2025-01-11T00:00:00Z,1.00687698
2025-01-10T00:00:00Z,1.00527309
2025-01-09T00:00:00Z,0.99908374
2025-01-08T00:00:00Z,1.0027753
2025-01-07T00:00:00Z,1.02632508
2025-01-06T00:00:00Z,1.01898024
2025-01-05T00:00:00Z,1.00778512
2025-01-04T00:00:00Z,1.01059963
2025-01-03T00:00:00Z,1.01123383
2025-01-02T00:00:00Z,1.01918332
2025-01-01T00:00:00Z,1.0242717
2024-12-31T00:00:00Z,1.02367508
2024-12-30T00:00:00Z,1.03177708
2024-12-29T00:00:00Z,1.01929742
2024-12-28T00:00:00Z,1.00997531
2024-12-27T00:00:00Z,1.02232255
2024-12-26T00:00:00Z,1.01519031
2024-12-25T00:00:00Z,1.01201052
2024-12-24T00:00:00Z,1.04162366
2024-12-23T00:00:00Z,1.07607612
2024-12-22T00:00:00Z,1.01372136
2024-12-21T00:00:00Z,1.01060295
2024-12-20T00:00:00Z,1.02159401
2024-12-19T00:00:00Z,1.05607279
2024-12-18T00:00:00Z,1.0291056
2024-12-17T00:00:00Z,1.05074041
2024-12-16T00:00:00Z,1.04068527
2024-12-15T00:00:00Z,1.03105922
2024-12-14T00:00:00Z,1.01957462
2024-12-13T00:00:00Z,1.02506656
2024-12-12T00:00:00Z,1.02274926
2024-12-11T00:00:00Z,1.03555543
2024-12-10T00:00:00Z,1.03586865
2024-12-09T00:00:00Z,1.0655446
2024-12-08T00:00:00Z,1.01697854
2024-12-07T00:00:00Z,1.01857604
2024-12-06T00:00:00Z,1.05501416
2024-12-05T00:00:00Z,1.06438015
2024-12-04T00:00:00Z,1.03568709
2024-12-03T00:00:00Z,1.02981056
2024-12-02T00:00:00Z,1.02773452
2024-12-01T00:00:00Z,1.01862193
2024-11-30T00:00:00Z,1.01470008
2024-11-29T00:00:00Z,1.03206676
2024-11-28T00:00:00Z,1.03206473
2024-11-27T00:00:00Z,1.03202228
2024-11-26T00:00:00Z,1.0199578
2024-11-25T00:00:00Z,1.02838329
2024-11-24T00:00:00Z,1.02685814
2024-11-23T00:00:00Z,1.04420868
2024-11-22T00:00:00Z,1.05270357
2024-11-21T00:00:00Z,1.08115931
2024-11-20T00:00:00Z,1.0440552
2024-11-19T00:00:00Z,1.05736856
2024-11-18T00:00:00Z,1.03073239
2024-11-17T00:00:00Z,1.01738213
2024-11-16T00:00:00Z,1.0252241
2024-11-15T00:00:00Z,1.03996903
2024-11-14T00:00:00Z,1.05332132
2024-11-13T00:00:00Z,1.04547514
2024-11-12T00:00:00Z,1.04401035
2024-11-11T00:00:00Z,1.04290153
2024-11-10T00:00:00Z,1.02761887
2024-11-09T00:00:00Z,1.0115453
2024-11-08T00:00:00Z,1.02256975
2024-11-07T00:00:00Z,1.02396071
2024-11-06T00:00:00Z,1.03935533
2024-11-05T00:00:00Z,1.00998728
2024-11-04T00:00:00Z,1.01172814
2024-11-03T00:00:00Z,1.00576674
2024-11-02T00:00:00Z,1.01182677
2024-11-01T00:00:00Z,1.00989987
2024-10-31T00:00:00Z,1.0102041
2024-10-30T00:00:00Z,1.01430231
2024-10-29T00:00:00Z,1.02835654
2024-10-28T00:00:00Z,1.01641118
2024-10-27T00:00:00Z,1.00938913
2024-10-26T00:00:00Z,1.00784241
2024-10-25T00:00:00Z,1.01183133
2024-10-24T00:00:00Z,1.01205708
2024-10-23T00:00:00Z,1.00734792
2024-10-22T00:00:00Z,1.00999888
2024-10-21T00:00:00Z,1.04102905
2024-10-20T00:00:00Z,1.0623487
2024-10-19T00:00:00Z,1.01694067
2024-10-18T00:00:00Z,1.01714302
2024-10-17T00:00:00Z,1.01590344
2024-10-16T00:00:00Z,1.01941485
2024-10-15T00:00:00Z,1.02824333
2024-10-14T00:00:00Z,1.01843981
2024-10-13T00:00:00Z,1.00825651
2024-10-12T00:00:00Z,1.02124102
2024-10-11T00:00:00Z,1.04331165
2024-10-10T00:00:00Z,0.99200544
2024-10-09T00:00:00Z,1.00391596
2024-10-08T00:00:00Z,1.08580272
2024-10-07T00:00:00Z,1.00624427
2024-10-06T00:00:00Z,1.00384292
2024-10-05T00:00:00Z,1.00453397
2024-10-04T00:00:00Z,1.00741021
2024-10-03T00:00:00Z,0.997456
2024-10-02T00:00:00Z,0.99601153
2024-10-01T00:00:00Z,0.99990805
2024-09-30T00:00:00Z,1.00148293
2024-09-29T00:00:00Z,1.00503719
2024-09-28T00:00:00Z,1.01733807
2024-09-27T00:00:00Z,1.01274241
2024-09-26T00:00:00Z,1.01347822
2024-09-25T00:00:00Z,1.0162102
2024-09-24T00:00:00Z,1.00738332
2024-09-23T00:00:00Z,1.01706268
2024-09-22T00:00:00Z,1.00576566
2024-09-21T00:00:00Z,1.01087844
2024-09-20T00:00:00Z,1.0164896
2024-09-19T00:00:00Z,1.0158423
2024-09-18T00:00:00Z,1.00827551
2024-09-17T00:00:00Z,1.00808507
2024-09-16T00:00:00Z,1.00138142
2024-09-15T00:00:00Z,1.00318616
2024-09-14T00:00:00Z,1.00414479
2024-09-13T00:00:00Z,1.01035171
2024-09-12T00:00:00Z,1.00423856
2024-09-11T00:00:00Z,0.99861551
2024-09-10T00:00:00Z,0.99925971
2024-09-09T00:00:00Z,1.00781844
2024-09-08T00:00:00Z,0.99767988
2024-09-07T00:00:00Z,0.99516568
2024-09-06T00:00:00Z,0.9940992
2024-09-05T00:00:00Z,0.99549859
2024-09-04T00:00:00Z,0.99970848
2024-09-03T00:00:00Z,0.99753559
2024-09-02T00:00:00Z,0.99802557
2024-09-01T00:00:00Z,0.99697848
2024-08-31T00:00:00Z,1.00556169
2024-08-30T00:00:00Z,0.99990406
2024-08-29T00:00:00Z,1.01916227
2024-08-28T00:00:00Z,0.99411978
2024-08-27T00:00:00Z,0.99720617
2024-08-26T00:00:00Z,1.00608928
2024-08-25T00:00:00Z,1.00430636
2024-08-24T00:00:00Z,1.01488971
2024-08-23T00:00:00Z,1.01120117
2024-08-22T00:00:00Z,1.00595894
2024-08-21T00:00:00Z,1.00363318
2024-08-20T00:00:00Z,1.00114822
2024-08-19T00:00:00Z,0.9985817
2024-08-18T00:00:00Z,1.00357512
2024-08-17T00:00:00Z,1.00058487
2024-08-16T00:00:00Z,0.99975207
2024-08-15T00:00:00Z,0.9963674
2024-08-14T00:00:00Z,0.99897986
2024-08-13T00:00:00Z,0.99665086
2024-08-12T00:00:00Z,1.00217953
2024-08-11T00:00:00Z,0.99953898
2024-08-10T00:00:00Z,1.02521134
2024-08-09T00:00:00Z,1.01082893
2024-08-08T00:00:00Z,1.01011157
2024-08-07T00:00:00Z,1.00249541
2024-08-06T00:00:00Z,0.99432278
2024-08-05T00:00:00Z,0.97374852
2024-08-04T00:00:00Z,0.99646019
2024-08-03T00:00:00Z,1.00021143
2024-08-02T00:00:00Z,0.99980995
2024-08-01T00:00:00Z,1.00412217
2024-07-31T00:00:00Z,1.00185264
2024-07-30T00:00:00Z,1.00348761
2024-07-29T00:00:00Z,1.0160118
2024-07-28T00:00:00Z,1.00637033
2024-07-27T00:00:00Z,1.01423783
2024-07-26T00:00:00Z,1.02151574
2024-07-25T00:00:00Z,1.00131776
2024-07-24T00:00:00Z,1.00724999
2024-07-23T00:00:00Z,1.03115511
2024-07-22T00:00:00Z,1.01221997
2024-07-21T00:00:00Z,1.00984987
2024-07-20T00:00:00Z,1.01126885
2024-07-19T00:00:00Z,1.02727843
2024-07-18T00:00:00Z,1.01698601
2024-07-17T00:00:00Z,1.01261712
2024-07-16T00:00:00Z,1.00913503
2024-07-15T00:00:00Z,1.01835671
2024-07-14T00:00:00Z,1.00940813
2024-07-13T00:00:00Z,1.00616606
2024-07-12T00:00:00Z,1.00281089
2024-07-11T00:00:00Z,0.99949351
2024-07-10T00:00:00Z,1.00601447
2024-07-09T00:00:00Z,1.00894688
2024-07-08T00:00:00Z,0.98983867
2024-07-07T00:00:00Z,1.00289673
2024-07-06T00:00:00Z,1.00119273
2024-07-05T00:00:00Z,0.99733669
2024-07-04T00:00:00Z,1.00285968
2024-07-03T00:00:00Z,1.01087834
2024-07-02T00:00:00Z,1.00020499
2024-07-01T00:00:00Z,1.0124781
2024-06-30T00:00:00Z,1.00580283
2024-06-29T00:00:00Z,1.00203267
2024-06-28T00:00:00Z,1.00207664
2024-06-27T00:00:00Z,1.01416527
2024-06-26T00:00:00Z,1.00085788
2024-06-25T00:00:00Z,0.99773801
2024-06-24T00:00:00Z,0.99326957
2024-06-23T00:00:00Z,1.00112953
2024-06-22T00:00:00Z,1.08127569
2024-06-21T00:00:00Z,1.00853356
2024-06-20T00:00:00Z,1.00309704
2024-06-19T00:00:00Z,1.00776535
2024-06-18T00:00:00Z,0.99918707
2024-06-17T00:00:00Z,1.00419511
2024-06-16T00:00:00Z,1.00384849
2024-06-15T00:00:00Z,1.00822919
2024-06-14T00:00:00Z,1.00338791
2024-06-13T00:00:00Z,1.00352238
2024-06-12T00:00:00Z,1.01300877
2024-06-11T00:00:00Z,1.02256828
2024-06-10T00:00:00Z,1.00737379
2024-06-09T00:00:00Z,1.00759579
2024-06-08T00:00:00Z,1.00636937
2024-06-07T00:00:00Z,1.01597575
2024-06-06T00:00:00Z,1.03080335
2024-06-05T00:00:00Z,1.01417146
2024-06-04T00:00:00Z,1.01353804
2024-06-03T00:00:00Z,1.01822814
2024-06-02T00:00:00Z,1.00607547
2024-06-01T00:00:00Z,1.00598338
2024-05-31T00:00:00Z,1.00578009
2024-05-30T00:00:00Z,1.00886589
2024-05-29T00:00:00Z,1.00599374
2024-05-28T00:00:00Z,1.16605317
2024-05-27T00:00:00Z,1.01930766
2024-05-26T00:00:00Z,1.0118809
2024-05-25T00:00:00Z,1.0101811
2024-05-24T00:00:00Z,1.00993651
2024-05-23T00:00:00Z,1.0147717
2024-05-22T00:00:00Z,1.0155128
2024-05-21T00:00:00Z,1.02333913
2024-05-20T00:00:00Z,1.01704394
2024-05-19T00:00:00Z,1.00914816
2024-05-18T00:00:00Z,1.00635732
2024-05-17T00:00:00Z,1.01200192
2024-05-16T00:00:00Z,1.01336923
2024-05-15T00:00:00Z,1.03218356
2024-05-14T00:00:00Z,1.00715102
2024-05-13T00:00:00Z,1.00823057
2024-05-12T00:00:00Z,1.00791614
2024-05-11T00:00:00Z,1.0055037
2024-05-10T00:00:00Z,1.00086267
2024-05-09T00:00:00Z,1.0044476
2024-05-08T00:00:00Z,1.0100287
2024-05-07T00:00:00Z,1.0053576
2024-05-06T00:00:00Z,1.01193069
2024-05-05T00:00:00Z,1.00608989
2024-05-04T00:00:00Z,1.01120248
2024-05-03T00:00:00Z,1.00711348
2024-05-02T00:00:00Z,0.99729225
2024-05-01T00:00:00Z,0.98657169
2024-04-30T00:00:00Z,1.00426043
2024-04-29T00:00:00Z,1.00570308
2024-04-28T00:00:00Z,1.01564947
2024-04-27T00:00:00Z,1.00713729
2024-04-26T00:00:00Z,1.00237801
2024-04-25T00:00:00Z,1.00495612
2024-04-24T00:00:00Z,1.05646613
2024-04-23T00:00:00Z,1.00675886
2024-04-22T00:00:00Z,1.01258194
2024-04-21T00:00:00Z,1.00736173
2024-04-20T00:00:00Z,1.0053097
2024-04-19T00:00:00Z,1.01344343
2024-04-18T00:00:00Z,1.00928146
2024-04-17T00:00:00Z,0.99872388
2024-04-16T00:00:00Z,1.0067485
2024-04-15T00:00:00Z,1.00483754
2024-04-14T00:00:00Z,0.99988866
2024-04-13T00:00:00Z,0.99677456
2024-04-12T00:00:00Z,1.01069441
2024-04-11T00:00:00Z,1.01077588
2024-04-10T00:00:00Z,1.00736954
2024-04-09T00:00:00Z,1.01064457
2024-04-08T00:00:00Z,1.01800665
2024-04-07T00:00:00Z,1.00992803
2024-04-06T00:00:00Z,1.01374801
2024-04-05T00:00:00Z,1.0052344
2024-04-04T00:00:00Z,1.00933464
2024-04-03T00:00:00Z,1.0128083
2024-04-02T00:00:00Z,1.02238426
2024-04-01T00:00:00Z,1.03299329
2024-03-31T00:00:00Z,1.0129104
2024-03-30T00:00:00Z,1.01103041
2024-03-29T00:00:00Z,1.00849243
2024-03-28T00:00:00Z,1.03461634
2024-03-27T00:00:00Z,1.01201677
2024-03-26T00:00:00Z,1.01179687
2024-03-25T00:00:00Z,1.06655228
2024-03-24T00:00:00Z,1.01458664
2024-03-23T00:00:00Z,1.13243021
2024-03-22T00:00:00Z,1.02256494
2024-03-21T00:00:00Z,1.02429282
2024-03-20T00:00:00Z,1.0068059
2024-03-19T00:00:00Z,0.99644323
2024-03-18T00:00:00Z,1.01562476
2024-03-17T00:00:00Z,1.03006275
2024-03-16T00:00:00Z,1.00998901
2024-03-15T00:00:00Z,1.0109388
2024-03-14T00:00:00Z,1.02503548
2024-03-13T00:00:00Z,1.08662577
2024-03-12T00:00:00Z,1.02755138
2024-03-11T00:00:00Z,1.04857771
2024-03-10T00:00:00Z,1.02352003
2024-03-09T00:00:00Z,1.02231025
2024-03-08T00:00:00Z,1.03916948
2024-03-07T00:00:00Z,1.04605412
2024-03-06T00:00:00Z,1.08778683
2024-03-05T00:00:00Z,1.03878962
2024-03-04T00:00:00Z,1.04344659
2024-03-03T00:00:00Z,1.01610934
2024-03-02T00:00:00Z,1.01240894
2024-03-01T00:00:00Z,1.04534897
2024-02-29T00:00:00Z,1.03298639
2024-02-28T00:00:00Z,1.07580632
2024-02-27T00:00:00Z,1.03591634
2024-02-26T00:00:00Z,1.0209095
2024-02-25T00:00:00Z,1.00904725
2024-02-24T00:00:00Z,1.00937513
2024-02-23T00:00:00Z,1.02122626
2024-02-22T00:00:00Z,1.01909895
2024-02-21T00:00:00Z,1.01154629
2024-02-20T00:00:00Z,1.00885463
2024-02-19T00:00:00Z,1.03581714
2024-02-18T00:00:00Z,1.01320976
2024-02-17T00:00:00Z,1.01054207
2024-02-16T00:00:00Z,1.01510503
2024-02-15T00:00:00Z,1.01990084
2024-02-14T00:00:00Z,1.03885194
2024-02-13T00:00:00Z,1.0140407
2024-02-12T00:00:00Z,1.02302093
2024-02-11T00:00:00Z,1.01327654
2024-02-10T00:00:00Z,1.01205002
2024-02-09T00:00:00Z,1.01729852
2024-02-08T00:00:00Z,1.01440204
2024-02-07T00:00:00Z,1.0087759
2024-02-06T00:00:00Z,1.01422027
2024-02-05T00:00:00Z,1.00680822
2024-02-04T00:00:00Z,1.004114
2024-02-03T00:00:00Z,1.00260678
2024-02-02T00:00:00Z,1.00704582
2024-02-01T00:00:00Z,1.00234006
2024-01-31T00:00:00Z,1.01162695
2024-01-30T00:00:00Z,1.02344555
2024-01-29T00:00:00Z,1.00877546
2024-01-28T00:00:00Z,1.00732892
2024-01-27T00:00:00Z,1.00658163
2024-01-26T00:00:00Z,1.00673724
2024-01-25T00:00:00Z,1.00828334
2024-01-24T00:00:00Z,1.01908673
2024-01-23T00:00:00Z,1.00162694
2024-01-22T00:00:00Z,1.00009704
2024-01-21T00:00:00Z,1.00183942
2024-01-20T00:00:00Z,1.00208582
2024-01-19T00:00:00Z,1.00521704
2024-01-18T00:00:00Z,1.01911818
2024-01-17T00:00:00Z,1.00366353
2024-01-16T00:00:00Z,1.05499141
2024-01-15T00:00:00Z,1.00337447
2024-01-14T00:00:00Z,1.0022667
2024-01-13T00:00:00Z,1.00034534
2024-01-12T00:00:00Z,1.00076999
2024-01-11T00:00:00Z,1.01603564
2024-01-10T00:00:00Z,1.00947085
2024-01-09T00:00:00Z,1.01935606
2024-01-08T00:00:00Z,1.01630673
2024-01-07T00:00:00Z,1.00752441
2024-01-06T00:00:00Z,1.00769396
2024-01-05T00:00:00Z,1.01627231
2024-01-04T00:00:00Z,1.07690441
2024-01-03T00:00:00Z,1.01304428
2024-01-02T00:00:00Z,1.02406615
2024-01-01T00:00:00Z,1.00782216
2023-12-31T00:00:00Z,1.00999837
2023-12-30T00:00:00Z,1.00849441
2023-12-29T00:00:00Z,1.01660749
2023-12-28T00:00:00Z,1.01094672
2023-12-27T00:00:00Z,1.04048978
2023-12-26T00:00:00Z,1.01768045
2023-12-25T00:00:00Z,1.00729341
2023-12-24T00:00:00Z,1.02166034
2023-12-23T00:00:00Z,1.01326207
2023-12-22T00:00:00Z,1.01363235
2023-12-21T00:00:00Z,1.01320092
2023-12-20T00:00:00Z,1.01899738
2023-12-19T00:00:00Z,1.01757352
2023-12-18T00:00:00Z,1.01452137
2023-12-17T00:00:00Z,1.00420403
2023-12-16T00:00:00Z,1.0120706
2023-12-15T00:00:00Z,1.01986876
2023-12-14T00:00:00Z,1.01231036
2023-12-13T00:00:00Z,1.00884447
2023-12-12T00:00:00Z,1.02195954
2023-12-11T00:00:00Z,1.00802763
2023-12-10T00:00:00Z,1.00851034
2023-12-09T00:00:00Z,1.01473748
2023-12-08T00:00:00Z,1.01336734
2023-12-07T00:00:00Z,1.01927654
2023-12-06T00:00:00Z,1.0329328
2023-12-05T00:00:00Z,1.02265038
2023-12-04T00:00:00Z,1.0280911
2023-12-03T00:00:00Z,1.00954613
2023-12-02T00:00:00Z,1.0087314
2023-12-01T00:00:00Z,1.01465224
2023-11-30T00:00:00Z,1.00720596
2023-11-29T00:00:00Z,1.01027452
2023-11-28T00:00:00Z,1.00972481
2023-11-27T00:00:00Z,1.00292486
2023-11-26T00:00:00Z,1.00533569
2023-11-25T00:00:00Z,1.00483249
2023-11-24T00:00:00Z,1.00820342
2023-11-23T00:00:00Z,1.00761348
2023-11-22T00:00:00Z,1.00774439
2023-11-21T00:00:00Z,1.01524593
2023-11-20T00:00:00Z,1.01158582
2023-11-19T00:00:00Z,1.00661066
2023-11-18T00:00:00Z,1.00596556
2023-11-17T00:00:00Z,1.00731991
2023-11-16T00:00:00Z,1.01141973
2023-11-15T00:00:00Z,1.01184284
2023-11-14T00:00:00Z,1.00456934
2023-11-13T00:00:00Z,1.00817677
2023-11-12T00:00:00Z,1.0057211
2023-11-11T00:00:00Z,1.00732333
2023-11-10T00:00:00Z,1.01730028
2023-11-09T00:00:00Z,1.02694437
2023-11-08T00:00:00Z,1.01156837
2023-11-07T00:00:00Z,1.01166588
2023-11-06T00:00:00Z,1.00963026
2023-11-05T00:00:00Z,1.00658789
2023-11-04T00:00:00Z,1.00735481
2023-11-03T00:00:00Z,1.01078459
2023-11-02T00:00:00Z,1.01388962
2023-11-01T00:00:00Z,1.02446878
2023-10-31T00:00:00Z,1.01105008
2023-10-30T00:00:00Z,1.01017518
2023-10-29T00:00:00Z,1.00811611
2023-10-28T00:00:00Z,1.01020397
2023-10-27T00:00:00Z,1.00940381
2023-10-26T00:00:00Z,1.02245349
2023-10-25T00:00:00Z,1.01631616
2023-10-24T00:00:00Z,1.02942229
2023-10-23T00:00:00Z,1.01652151
2023-10-22T00:00:00Z,1.00436846
2023-10-21T00:00:00Z,1.00530698
2023-10-20T00:00:00Z,1.00943162
2023-10-19T00:00:00Z,0.99356233
2023-10-18T00:00:00Z,1.00573983
2023-10-17T00:00:00Z,1.00426117
2023-10-16T00:00:00Z,1.00636672
2023-10-15T00:00:00Z,1.00110772
2023-10-14T00:00:00Z,1.0094899
2023-10-13T00:00:00Z,0.99864931
2023-10-12T00:00:00Z,0.99619678
2023-10-11T00:00:00Z,0.998346
2023-10-10T00:00:00Z,0.99988607
2023-10-09T00:00:00Z,1.00526246
2023-10-08T00:00:00Z,1.00125859
2023-10-07T00:00:00Z,1.00485815
2023-10-06T00:00:00Z,1.00396616
2023-10-05T00:00:00Z,0.99901594
2023-10-04T00:00:00Z,1.00398248
2023-10-03T00:00:00Z,1.00100621
2023-10-02T00:00:00Z,1.00419828
2023-10-01T00:00:00Z,1.00194736
2023-09-30T00:00:00Z,1.00286592
2023-09-29T00:00:00Z,1.00299749
2023-09-28T00:00:00Z,1.001012
2023-09-27T00:00:00Z,0.99798245
2023-09-26T00:00:00Z,0.99868063
2023-09-25T00:00:00Z,0.99809404
2023-09-24T00:00:00Z,0.9998566
2023-09-23T00:00:00Z,0.99943181
2023-09-22T00:00:00Z,0.99899342
2023-09-21T00:00:00Z,0.99801482
2023-09-20T00:00:00Z,0.99921968
2023-09-19T00:00:00Z,1.01221393
2023-09-18T00:00:00Z,1.00658796
2023-09-17T00:00:00Z,1.00052556
2023-09-16T00:00:00Z,1.00041528
2023-09-15T00:00:00Z,1.00169415
2023-09-14T00:00:00Z,1.00624582
2023-09-13T00:00:00Z,0.99935822
2023-09-12T00:00:00Z,0.99798498
2023-09-11T00:00:00Z,0.99270197
2023-09-10T00:00:00Z,0.99895845
2023-09-09T00:00:00Z,0.99629864
2023-09-08T00:00:00Z,0.99875612
2023-09-07T00:00:00Z,0.99659334
2023-09-06T00:00:00Z,0.99533493
2023-09-05T00:00:00Z,0.99395097
2023-09-04T00:00:00Z,0.99727881
2023-09-03T00:00:00Z,0.99679302
2023-09-02T00:00:00Z,0.99773936
2023-09-01T00:00:00Z,0.99305716
2023-08-31T00:00:00Z,0.99686316
2023-08-30T00:00:00Z,1.00132534
2023-08-29T00:00:00Z,0.99179621
2023-08-28T00:00:00Z,0.99663865
2023-08-27T00:00:00Z,1.00166483
2023-08-26T00:00:00Z,0.99718123
2023-08-25T00:00:00Z,0.99227817
2023-08-24T00:00:00Z,0.99239597
2023-08-23T00:00:00Z,0.99700641
2023-08-22T00:00:00Z,0.99444478
2023-08-21T00:00:00Z,0.99291926
2023-08-20T00:00:00Z,0.99838914
2023-08-19T00:00:00Z,0.99591903
2023-08-18T00:00:00Z,0.98639065
2023-08-17T00:00:00Z,0.99522567
2023-08-16T00:00:00Z,0.99967191
2023-08-15T00:00:00Z,1.00100502
2023-08-14T00:00:00Z,1.0017893
2023-08-13T00:00:00Z,1.00260037
2023-08-12T00:00:00Z,1.00254386
2023-08-11T00:00:00Z,1.00267663
2023-08-10T00:00:00Z,1.00028697
2023-08-09T00:00:00Z,1.00391728
2023-08-08T00:00:00Z,1.0011693
2023-08-07T00:00:00Z,0.99957027
2023-08-06T00:00:00Z,1.0018328
2023-08-05T00:00:00Z,0.99966225
2023-08-04T00:00:00Z,1.0015647
2023-08-03T00:00:00Z,1.00022306
2023-08-02T00:00:00Z,0.99579947
2023-08-01T00:00:00Z,0.99901885
2023-07-31T00:00:00Z,0.99827969
2023-07-30T00:00:00Z,0.9999395
2023-07-29T00:00:00Z,1.00106717
2023-07-28T00:00:00Z,0.94908014
2023-07-27T00:00:00Z,0.98514396
2023-07-26T00:00:00Z,0.99996756
2023-07-25T00:00:00Z,0.99894714
2023-07-24T00:00:00Z,0.99789036
2023-07-23T00:00:00Z,1.00331271
2023-07-22T00:00:00Z,1.003364
2023-07-21T00:00:00Z,0.99278867
2023-07-20T00:00:00Z,1.0029903
2023-07-19T00:00:00Z,1.00623611
2023-07-18T00:00:00Z,1.00566383
2023-07-17T00:00:00Z,0.9946853
2023-07-16T00:00:00Z,1.00127267
2023-07-15T00:00:00Z,0.99855817
2023-07-14T00:00:00Z,1.00327747
2023-07-13T00:00:00Z,1.00242119
2023-07-12T00:00:00Z,1.00519374
2023-07-11T00:00:00Z,1.00929678
2023-07-10T00:00:00Z,1.00309932
2023-07-09T00:00:00Z,1.00329895
2023-07-08T00:00:00Z,1.00162889
2023-07-07T00:00:00Z,1.00236748
2023-07-06T00:00:00Z,0.98532517
2023-07-05T00:00:00Z,1.00275782
2023-07-04T00:00:00Z,1.00551767
2023-07-03T00:00:00Z,1.00642818
2023-07-02T00:00:00Z,1.00472104
2023-07-01T00:00:00Z,1.0246541
2023-06-30T00:00:00Z,1.01014117
2023-06-29T00:00:00Z,1.00051903
2023-06-28T00:00:00Z,1.01322606
2023-06-27T00:00:00Z,1.01434107
2023-06-26T00:00:00Z,1.00745014
2023-06-25T00:00:00Z,1.00608487
2023-06-24T00:00:00Z,1.01079721
2023-06-23T00:00:00Z,1.01208712
2023-06-22T00:00:00Z,1.01159869
2023-06-21T00:00:00Z,1.01520852
2023-06-20T00:00:00Z,0.99984306
2023-06-19T00:00:00Z,0.99038417
2023-06-18T00:00:00Z,1.00653862
2023-06-17T00:00:00Z,1.00118757
2023-06-16T00:00:00Z,1.00059994
2023-06-15T00:00:00Z,0.99290149
2023-06-14T00:00:00Z,1.00050052
2023-06-13T00:00:00Z,0.99891971
2023-06-12T00:00:00Z,0.99759658
2023-06-11T00:00:00Z,0.99926724
2023-06-10T00:00:00Z,0.99491075
2023-06-09T00:00:00Z,1.00017849
2023-06-08T00:00:00Z,1.00020213
2023-06-07T00:00:00Z,1.00112815
2023-06-06T00:00:00Z,1.00000313
2023-06-05T00:00:00Z,0.99722922
2023-06-04T00:00:00Z,1.00016561
2023-06-03T00:00:00Z,0.99964716
2023-06-02T00:00:00Z,1.00178831
2023-06-01T00:00:00Z,1.00196684
2023-05-31T00:00:00Z,0.99986269
2023-05-30T00:00:00Z,1.00575144
2023-05-29T00:00:00Z,1.00526198
2023-05-28T00:00:00Z,1.00642947
2023-05-27T00:00:00Z,0.99999277
2023-05-26T00:00:00Z,1.000869
2023-05-25T00:00:00Z,1.00904988
2023-05-24T00:00:00Z,0.99723289
2023-05-23T00:00:00Z,1.00326529
2023-05-22T00:00:00Z,1.02345485
2023-05-21T00:00:00Z,1.00082353
2023-05-20T00:00:00Z,1.00146172
2023-05-19T00:00:00Z,0.99604674
2023-05-18T00:00:00Z,0.99854517
2023-05-17T00:00:00Z,1.00047479
2023-05-16T00:00:00Z,1.00481927
2023-05-15T00:00:00Z,1.02277223
2023-05-14T00:00:00Z,1.00258947
2023-05-13T00:00:00Z,0.99977533
2023-05-12T00:00:00Z,0.99810435
2023-05-11T00:00:00Z,0.99600421
2023-05-10T00:00:00Z,0.99985041
2023-05-09T00:00:00Z,0.99540354
2023-05-08T00:00:00Z,1.00541783
2023-05-07T00:00:00Z,1.07263888
2023-05-06T00:00:00Z,1.0008586
2023-05-05T00:00:00Z,1.00524334
2023-05-04T00:00:00Z,1.00253834
2023-05-03T00:00:00Z,1.02214662
2023-05-02T00:00:00Z,1.0036349
2023-05-01T00:00:00Z,0.99683921
2023-04-30T00:00:00Z,1.00186356
2023-04-29T00:00:00Z,1.00853146
2023-04-28T00:00:00Z,1.00767726
2023-04-27T00:00:00Z,1.00560155
2023-04-26T00:00:00Z,1.01115276
2023-04-25T00:00:00Z,0.9990785
2023-04-24T00:00:00Z,0.99811914
2023-04-23T00:00:00Z,1.00567616
2023-04-22T00:00:00Z,0.99829941
2023-04-21T00:00:00Z,1.00207628
2023-04-20T00:00:00Z,0.99858237
2023-04-19T00:00:00Z,1.01130123
2023-04-18T00:00:00Z,1.01143689
2023-04-17T00:00:00Z,1.00039927
2023-04-16T00:00:00Z,1.00411425
2023-04-15T00:00:00Z,1.002524
2023-04-14T00:00:00Z,1.01351398
2023-04-13T00:00:00Z,1.01378245
2023-04-12T00:00:00Z,1.00333045
2023-04-11T00:00:00Z,1.02473751
2023-04-10T00:00:00Z,1.00859705
2023-04-09T00:00:00Z,1.00212659
2023-04-08T00:00:00Z,1.0021959
2023-04-07T00:00:00Z,0.99608041
2023-04-06T00:00:00Z,1.00072349
2023-04-05T00:00:00Z,1.01088841
2023-04-04T00:00:00Z,1.00348583
2023-04-03T00:00:00Z,1.00402135
2023-04-02T00:00:00Z,1.00233171
2023-04-01T00:00:00Z,1.00762218
2023-03-31T00:00:00Z,1.01125403
2023-03-30T00:00:00Z,0.8808549
2023-03-29T00:00:00Z,1.01034079
2023-03-28T00:00:00Z,1.00294765
2023-03-27T00:00:00Z,1.01816836
2023-03-26T00:00:00Z,1.00738159
2023-03-25T00:00:00Z,1.00152541
2023-03-24T00:00:00Z,1.00586755
2023-03-23T00:00:00Z,1.01796433
2023-03-22T00:00:00Z,1.0093216
2023-03-21T00:00:00Z,1.01171539
2023-03-20T00:00:00Z,1.01103317
2023-03-19T00:00:00Z,1.01002729
2023-03-18T00:00:00Z,1.0116809
2023-03-17T00:00:00Z,1.02969998
2023-03-16T00:00:00Z,1.00916346
2023-03-15T00:00:00Z,1.00950131
2023-03-14T00:00:00Z,1.02116325
2023-03-13T00:00:00Z,1.01935469
2023-03-12T00:00:00Z,0.9983221
2023-03-11T00:00:00Z,0.99500972
2023-03-10T00:00:00Z,0.98023183
2023-03-09T00:00:00Z,0.98777473
2023-03-08T00:00:00Z,0.9947004
2023-03-07T00:00:00Z,0.94159088
2023-03-06T00:00:00Z,0.99471872
2023-03-05T00:00:00Z,0.98268979
2023-03-04T00:00:00Z,0.99702579
2023-03-03T00:00:00Z,0.99293777
2023-03-02T00:00:00Z,0.99730743
2023-03-01T00:00:00Z,0.9915044
2023-02-28T00:00:00Z,0.98331147
2023-02-27T00:00:00Z,1.00388833
2023-02-26T00:00:00Z,1.00161142
2023-02-25T00:00:00Z,0.99375456
2023-02-24T00:00:00Z,0.99759472
2023-02-23T00:00:00Z,1.00470592
2023-02-22T00:00:00Z,0.9949489
2023-02-21T00:00:00Z,1.00319978
2023-02-20T00:00:00Z,1.00551843
2023-02-19T00:00:00Z,1.00523609
2023-02-18T00:00:00Z,1.00517955
2023-02-17T00:00:00Z,1.00389487
2023-02-16T00:00:00Z,1.01511546
2023-02-15T00:00:00Z,1.00868887
2023-02-14T00:00:00Z,0.99963129
2023-02-13T00:00:00Z,0.99602745
2023-02-12T00:00:00Z,0.9984696
2023-02-11T00:00:00Z,0.99858912
2023-02-10T00:00:00Z,0.9946092
2023-02-09T00:00:00Z,0.99910936
2023-02-08T00:00:00Z,1.00454631
2023-02-07T00:00:00Z,1.00227756
2023-02-06T00:00:00Z,1.00234772
2023-02-05T00:00:00Z,1.00026246
2023-02-04T00:00:00Z,1.01204775
2023-02-03T00:00:00Z,1.00531318
2023-02-02T00:00:00Z,1.0091633
2023-02-01T00:00:00Z,1.0176772
2023-01-31T00:00:00Z,1.00558006
2023-01-30T00:00:00Z,1.00368423
2023-01-29T00:00:00Z,1.00865741
2023-01-28T00:00:00Z,1.00514803
2023-01-27T00:00:00Z,0.98770529
2023-01-26T00:00:00Z,0.99055562
2023-01-25T00:00:00Z,1.00558151
2023-01-24T00:00:00Z,1.00676318
2023-01-23T00:00:00Z,1.004906
2023-01-22T00:00:00Z,1.0092116
2023-01-21T00:00:00Z,1.01342532
2023-01-20T00:00:00Z,1.01001094
2023-01-19T00:00:00Z,0.99303957
2023-01-18T00:00:00Z,1.00028368
2023-01-17T00:00:00Z,1.01163239
2023-01-16T00:00:00Z,1.01010367
2023-01-15T00:00:00Z,1.00400305
2023-01-14T00:00:00Z,1.01415358
2023-01-13T00:00:00Z,1.00968005
2023-01-12T00:00:00Z,1.0081339
2023-01-11T00:00:00Z,0.97939532
2023-01-10T00:00:00Z,0.9879261
2023-01-09T00:00:00Z,0.99886372
2023-01-08T00:00:00Z,0.99665512
2023-01-07T00:00:00Z,0.99301588
2023-01-06T00:00:00Z,0.98681817
2023-01-05T00:00:00Z,0.99093018
2023-01-04T00:00:00Z,0.9853674
2023-01-03T00:00:00Z,0.98778098
2023-01-02T00:00:00Z,0.99732368
2023-01-01T00:00:00Z,0.99309829
2022-12-31T00:00:00Z,0.9283215
2022-12-30T00:00:00Z,0.98993521
2022-12-29T00:00:00Z,0.97397684
2022-12-28T00:00:00Z,0.96491304
2022-12-27T00:00:00Z,0.98477761
2022-12-26T00:00:00Z,0.99546554
2022-12-25T00:00:00Z,0.97896094
2022-12-24T00:00:00Z,0.99218046
2022-12-23T00:00:00Z,0.98941716
2022-12-22T00:00:00Z,0.98978257
2022-12-21T00:00:00Z,0.98108041
2022-12-20T00:00:00Z,0.99393434
2022-12-19T00:00:00Z,0.97042156
2022-12-18T00:00:00Z,0.99407512
2022-12-17T00:00:00Z,0.98801186
2022-12-16T00:00:00Z,0.99036309
2022-12-15T00:00:00Z,0.99346537
2022-12-14T00:00:00Z,0.98825163
2022-12-13T00:00:00Z,0.99062868
2022-12-12T00:00:00Z,0.99310734
2022-12-11T00:00:00Z,0.98872107
2022-12-10T00:00:00Z,0.99938884
2022-12-09T00:00:00Z,0.97907101
2022-12-08T00:00:00Z,0.98828896
2022-12-07T00:00:00Z,0.99458138
2022-12-06T00:00:00Z,0.97516253
2022-12-05T00:00:00Z,0.93730444
2022-12-04T00:00:00Z,0.97914404
2022-12-03T00:00:00Z,0.99192499
2022-12-02T00:00:00Z,0.98156386
2022-12-01T00:00:00Z,0.98974246
2022-11-30T00:00:00Z,0.98592681
2022-11-29T00:00:00Z,0.98941663
2022-11-28T00:00:00Z,0.96779618
2022-11-27T00:00:00Z,0.99216544
2022-11-26T00:00:00Z,0.98224293
2022-11-25T00:00:00Z,0.99020993
2022-11-24T00:00:00Z,0.98512854
2022-11-23T00:00:00Z,1.00901168
2022-11-22T00:00:00Z,0.97782554
2022-11-21T00:00:00Z,0.97585341
2022-11-20T00:00:00Z,0.99027396
2022-11-19T00:00:00Z,0.98877075
2022-11-18T00:00:00Z,0.87496685
2022-11-17T00:00:00Z,0.94193137
2022-11-16T00:00:00Z,0.9759823
2022-11-15T00:00:00Z,0.98445938
2022-11-14T00:00:00Z,0.98723719
2022-11-13T00:00:00Z,0.9953368
2022-11-12T00:00:00Z,0.97737418
2022-11-11T00:00:00Z,0.99051425
2022-11-10T00:00:00Z,0.98867157
2022-11-09T00:00:00Z,0.97029215
2022-11-08T00:00:00Z,0.98442781
2022-11-07T00:00:00Z,0.98721355
2022-11-06T00:00:00Z,0.9980458
2022-11-05T00:00:00Z,1.00065362
2022-11-04T00:00:00Z,1.00641856
2022-11-03T00:00:00Z,0.99905664
2022-11-02T00:00:00Z,0.99805841
2022-11-01T00:00:00Z,0.99744293
2022-10-31T00:00:00Z,0.99747134
2022-10-30T00:00:00Z,0.99661514
2022-10-29T00:00:00Z,1.00048242
2022-10-28T00:00:00Z,0.99816751
2022-10-27T00:00:00Z,1.00045436
2022-10-26T00:00:00Z,1.00336587
2022-10-25T00:00:00Z,1.0026048
2022-10-24T00:00:00Z,0.9980838
2022-10-23T00:00:00Z,0.99872935
2022-10-22T00:00:00Z,0.98934666
2022-10-21T00:00:00Z,0.99695379
2022-10-20T00:00:00Z,0.99614056
2022-10-19T00:00:00Z,0.9953304
2022-10-18T00:00:00Z,1.00570106
2022-10-17T00:00:00Z,0.98794965
2022-10-16T00:00:00Z,0.99603917
2022-10-15T00:00:00Z,0.99634637
2022-10-14T00:00:00Z,0.99774875
2022-10-13T00:00:00Z,0.99729872
2022-10-12T00:00:00Z,0.99020251
2022-10-11T00:00:00Z,0.9968051
2022-10-10T00:00:00Z,0.99603466
2022-10-09T00:00:00Z,0.99875872
2022-10-08T00:00:00Z,0.99074435
2022-10-07T00:00:00Z,0.99724681
2022-10-06T00:00:00Z,0.99712796
2022-10-05T00:00:00Z,0.99743883
2022-10-04T00:00:00Z,0.99878305
2022-10-03T00:00:00Z,0.99812019
2022-10-02T00:00:00Z,0.99672177
2022-10-01T00:00:00Z,0.99741783
2022-09-30T00:00:00Z,0.99505953
2022-09-29T00:00:00Z,0.9968567
2022-09-28T00:00:00Z,0.99450469
2022-09-27T00:00:00Z,0.99676496
2022-09-26T00:00:00Z,0.99858327
2022-09-25T00:00:00Z,0.99710945
2022-09-24T00:00:00Z,0.998307
2022-09-23T00:00:00Z,0.9973101
2022-09-22T00:00:00Z,0.99813458
2022-09-21T00:00:00Z,0.99704174
2022-09-20T00:00:00Z,0.99621712
2022-09-19T00:00:00Z,0.99563608
2022-09-18T00:00:00Z,0.99704811
2022-09-17T00:00:00Z,0.99819607
2022-09-16T00:00:00Z,0.99730514
2022-09-15T00:00:00Z,0.99377523
2022-09-14T00:00:00Z,0.9948173
2022-09-13T00:00:00Z,0.98305202
2022-09-12T00:00:00Z,1.00119111
2022-09-11T00:00:00Z,0.99752546
2022-09-10T00:00:00Z,1.00044957
2022-09-09T00:00:00Z,1.00246259
2022-09-08T00:00:00Z,0.99767948
2022-09-07T00:00:00Z,0.99749372
2022-09-06T00:00:00Z,0.99601522
2022-09-05T00:00:00Z,0.99861194
2022-09-04T00:00:00Z,1.00065329
2022-09-03T00:00:00Z,0.99814209
2022-09-02T00:00:00Z,0.9963596
2022-09-01T00:00:00Z,0.99636467
2022-08-31T00:00:00Z,0.99802841
2022-08-30T00:00:00Z,0.99267687
2022-08-29T00:00:00Z,0.99925616
2022-08-28T00:00:00Z,0.99960844
2022-08-27T00:00:00Z,0.99478603
2022-08-26T00:00:00Z,0.99596338
2022-08-25T00:00:00Z,0.99748883
2022-08-24T00:00:00Z,0.99809924
2022-08-23T00:00:00Z,0.99878066
2022-08-22T00:00:00Z,0.99742408
2022-08-21T00:00:00Z,0.99902074
2022-08-20T00:00:00Z,0.99867617
2022-08-19T00:00:00Z,0.99215704
2022-08-18T00:00:00Z,0.9991397
2022-08-17T00:00:00Z,0.99733623
2022-08-16T00:00:00Z,0.99942114
2022-08-15T00:00:00Z,0.99851919
2022-08-14T00:00:00Z,0.99885091
2022-08-13T00:00:00Z,1.0003566
2022-08-12T00:00:00Z,1.00090631
2022-08-11T00:00:00Z,0.999921
2022-08-10T00:00:00Z,1.00225529
2022-08-09T00:00:00Z,0.99422831
2022-08-08T00:00:00Z,1.00056446
2022-08-07T00:00:00Z,0.99960411
2022-08-06T00:00:00Z,1.00015412
2022-08-05T00:00:00Z,0.99987544
2022-08-04T00:00:00Z,0.9957037
2022-08-03T00:00:00Z,0.99945358
2022-08-02T00:00:00Z,0.9980818
2022-08-01T00:00:00Z,0.99955881
2022-07-31T00:00:00Z,0.99689751
2022-07-30T00:00:00Z,1.00050933
2022-07-29T00:00:00Z,1.00023024
2022-07-28T00:00:00Z,1.0032376
2022-07-27T00:00:00Z,1.00140895
2022-07-26T00:00:00Z,0.995958
2022-07-25T00:00:00Z,0.99411006
2022-07-24T00:00:00Z,0.99773767
2022-07-23T00:00:00Z,0.99514294
2022-07-22T00:00:00Z,0.99164999
2022-07-21T00:00:00Z,0.99070266
2022-07-20T00:00:00Z,1.00402887
2022-07-19T00:00:00Z,0.99258796
2022-07-18T00:00:00Z,1.0003442
2022-07-17T00:00:00Z,0.99862211
2022-07-16T00:00:00Z,0.99985847
2022-07-15T00:00:00Z,0.97969305
2022-07-14T00:00:00Z,0.99397923
2022-07-13T00:00:00Z,0.99863135
2022-07-12T00:00:00Z,0.99640407
2022-07-11T00:00:00Z,0.98583715
2022-07-10T00:00:00Z,0.99662753
2022-07-09T00:00:00Z,0.98829891
2022-07-08T00:00:00Z,0.9982972
2022-07-07T00:00:00Z,0.99855476
2022-07-06T00:00:00Z,0.98772734
2022-07-05T00:00:00Z,0.99727177
2022-07-04T00:00:00Z,0.9992334
2022-07-03T00:00:00Z,0.99573286
2022-07-02T00:00:00Z,0.99585458
2022-07-01T00:00:00Z,0.99412551
2022-06-30T00:00:00Z,0.98257016
2022-06-29T00:00:00Z,0.99479436
2022-06-28T00:00:00Z,0.99516683
2022-06-27T00:00:00Z,0.99145089
2022-06-26T00:00:00Z,0.99755457
2022-06-25T00:00:00Z,1.00251613
2022-06-24T00:00:00Z,0.99461452
2022-06-23T00:00:00Z,0.99635888
2022-06-22T00:00:00Z,0.98687686
2022-06-21T00:00:00Z,0.9924632
2022-06-20T00:00:00Z,0.99525751
2022-06-19T00:00:00Z,0.99818507
2022-06-18T00:00:00Z,0.98973262
2022-06-17T00:00:00Z,0.99414137
2022-06-16T00:00:00Z,0.99443223
2022-06-15T00:00:00Z,0.99340667
2022-06-14T00:00:00Z,0.98911066
2022-06-13T00:00:00Z,0.97804109
2022-06-12T00:00:00Z,0.99369174
2022-06-11T00:00:00Z,0.99213733
2022-06-10T00:00:00Z,0.99426018
2022-06-09T00:00:00Z,0.98828053
2022-06-08T00:00:00Z,0.99652542
2022-06-07T00:00:00Z,0.99026711
2022-06-06T00:00:00Z,0.99776174
2022-06-05T00:00:00Z,0.99716236
2022-06-04T00:00:00Z,0.98932608
2022-06-03T00:00:00Z,0.99326908
2022-06-02T00:00:00Z,0.98454789
2022-06-01T00:00:00Z,0.99439162
2022-05-31T00:00:00Z,1.00237276
2022-05-30T00:00:00Z,1.00220775
2022-05-29T00:00:00Z,0.99965126
2022-05-28T00:00:00Z,0.99901609
2022-05-27T00:00:00Z,0.98949777
2022-05-26T00:00:00Z,0.99350985
2022-05-25T00:00:00Z,0.99778126
2022-05-24T00:00:00Z,0.99663739
2022-05-23T00:00:00Z,0.99357267
2022-05-22T00:00:00Z,0.99980406
2022-05-21T00:00:00Z,0.99758423
2022-05-20T00:00:00Z,0.99178894
2022-05-19T00:00:00Z,0.99345308
2022-05-18T00:00:00Z,0.99314651
2022-05-17T00:00:00Z,0.9970337
2022-05-16T00:00:00Z,0.99672838
2022-05-15T00:00:00Z,0.99945816
2022-05-14T00:00:00Z,1.00402854
2022-05-13T00:00:00Z,0.99667215
2022-05-12T00:00:00Z,0.99460928
2022-05-11T00:00:00Z,0.98869971
2022-05-10T00:00:00Z,0.99560509
2022-05-09T00:00:00Z,0.99027653
2022-05-08T00:00:00Z,0.99717202
2022-05-07T00:00:00Z,0.99853595
2022-05-06T00:00:00Z,0.99835044
2022-05-05T00:00:00Z,0.99816857
2022-05-04T00:00:00Z,1.00131409
2022-05-03T00:00:00Z,0.99814841
2022-05-02T00:00:00Z,0.99746574
2022-05-01T00:00:00Z,0.99839033
2022-04-30T00:00:00Z,0.99889378
2022-04-29T00:00:00Z,0.99820302
2022-04-28T00:00:00Z,0.99994364
2022-04-27T00:00:00Z,0.99973757
2022-04-26T00:00:00Z,0.99819137
2022-04-25T00:00:00Z,0.99918212
2022-04-24T00:00:00Z,0.99961824
2022-04-23T00:00:00Z,0.99962716
2022-04-22T00:00:00Z,0.99790191
2022-04-21T00:00:00Z,1.00434652
2022-04-20T00:00:00Z,1.00072723
2022-04-19T00:00:00Z,1.00081959
2022-04-18T00:00:00Z,0.99943877
2022-04-17T00:00:00Z,0.99973408
2022-04-16T00:00:00Z,0.99957574
2022-04-15T00:00:00Z,1.0001191
2022-04-14T00:00:00Z,1.00159396
2022-04-13T00:00:00Z,1.00044298
2022-04-12T00:00:00Z,1.00204847
2022-04-11T00:00:00Z,0.99693583
2022-04-10T00:00:00Z,0.99997523
2022-04-09T00:00:00Z,0.99948177
2022-04-08T00:00:00Z,0.99926386
2022-04-07T00:00:00Z,0.99901716
2022-04-06T00:00:00Z,0.99808171
2022-04-05T00:00:00Z,1.00044384
2022-04-04T00:00:00Z,1.0011046
2022-04-03T00:00:00Z,1.00095627
2022-04-02T00:00:00Z,1.00035465
2022-04-01T00:00:00Z,1.00240288
2022-03-31T00:00:00Z,0.99956773
2022-03-30T00:00:00Z,1.0017804
2022-03-29T00:00:00Z,1.00433067
2022-03-28T00:00:00Z,1.00705715
2022-03-27T00:00:00Z,1.00254402
2022-03-26T00:00:00Z,1.0006114
2022-03-25T00:00:00Z,1.01246889
2022-03-24T00:00:00Z,1.00331858
2022-03-23T00:00:00Z,1.00091772
2022-03-22T00:00:00Z,1.00328641
2022-03-21T00:00:00Z,1.0000121
2022-03-20T00:00:00Z,1.00009026
2022-03-19T00:00:00Z,1.00112904
2022-03-18T00:00:00Z,1.00140086
2022-03-17T00:00:00Z,0.99877636
2022-03-16T00:00:00Z,1.00261323
2022-03-15T00:00:00Z,0.99897705
2022-03-14T00:00:00Z,1.00000517
2022-03-13T00:00:00Z,0.99946552
2022-03-12T00:00:00Z,1.00036846
2022-03-11T00:00:00Z,1.0023829
2022-03-10T00:00:00Z,0.99679256
2022-03-09T00:00:00Z,1.00108516
2022-03-08T00:00:00Z,1.00011803
2022-03-07T00:00:00Z,0.9987547
2022-03-06T00:00:00Z,0.99940537
2022-03-05T00:00:00Z,0.99886875
2022-03-04T00:00:00Z,0.99657726
2022-03-03T00:00:00Z,1.00206799
2022-03-02T00:00:00Z,1.00173175
2022-03-01T00:00:00Z,1.00271974
2022-02-28T00:00:00Z,1.00628788
2022-02-27T00:00:00Z,0.99990573
2022-02-26T00:00:00Z,0.99935653
2022-02-25T00:00:00Z,0.99964677
2022-02-24T00:00:00Z,0.99539739
2022-02-23T00:00:00Z,1.00132677
2022-02-22T00:00:00Z,0.99826431
2022-02-21T00:00:00Z,0.99836669
2022-02-20T00:00:00Z,0.99754305
2022-02-19T00:00:00Z,0.99938557
2022-02-18T00:00:00Z,0.99754172
2022-02-17T00:00:00Z,0.9978455
2022-02-16T00:00:00Z,1.00105647
2022-02-15T00:00:00Z,1.00345022
2022-02-14T00:00:00Z,0.99965064
2022-02-13T00:00:00Z,1.00021356
2022-02-12T00:00:00Z,1.00110636
2022-02-11T00:00:00Z,1.00072639
2022-02-10T00:00:00Z,1.00188905
2022-02-09T00:00:00Z,1.00110053
2022-02-08T00:00:00Z,1.00070294
2022-02-07T00:00:00Z,1.00379392
2022-02-06T00:00:00Z,1.00028238
2022-02-05T00:00:00Z,1.00235677
2022-02-04T00:00:00Z,1.00354753
2022-02-03T00:00:00Z,0.99740235
2022-02-02T00:00:00Z,0.99762796
2022-02-01T00:00:00Z,1.01662279
2022-01-31T00:00:00Z,0.99871343
2022-01-30T00:00:00Z,0.99723555
2022-01-29T00:00:00Z,0.99469865
2022-01-28T00:00:00Z,0.99641229
2022-01-27T00:00:00Z,0.99656907
2022-01-26T00:00:00Z,0.99893855
2022-01-25T00:00:00Z,0.99975934
2022-01-24T00:00:00Z,0.99612013
2022-01-23T00:00:00Z,0.9991359
2022-01-22T00:00:00Z,0.99569142
2022-01-21T00:00:00Z,0.98753281
2022-01-20T00:00:00Z,0.99851755
2022-01-19T00:00:00Z,0.99623491
2022-01-18T00:00:00Z,0.99858595
2022-01-17T00:00:00Z,0.99708076
2022-01-16T00:00:00Z,1.00004395
2022-01-15T00:00:00Z,1.00037493
2022-01-14T00:00:00Z,0.99936901
2022-01-13T00:00:00Z,0.99884871
2022-01-12T00:00:00Z,1.00150862
2022-01-11T00:00:00Z,0.99942628
2022-01-10T00:00:00Z,0.99791667
2022-01-09T00:00:00Z,0.99911823
2022-01-08T00:00:00Z,0.99811535
2022-01-07T00:00:00Z,0.99413102
2022-01-06T00:00:00Z,0.99463775
2022-01-05T00:00:00Z,0.9990385
2022-01-04T00:00:00Z,0.99813697
2022-01-03T00:00:00Z,0.99855473
2022-01-02T00:00:00Z,0.99971225
2022-01-01T00:00:00Z,1.00070973
2021-12-31T00:00:00Z,1.00030306
2021-12-30T00:00:00Z,1.0002057
2021-12-29T00:00:00Z,0.99794379
2021-12-28T00:00:00Z,0.99732125
2021-12-27T00:00:00Z,1.00243748
2021-12-26T00:00:00Z,1.00026009
2021-12-25T00:00:00Z,0.99962511
2021-12-24T00:00:00Z,1.00287641
2021-12-23T00:00:00Z,1.00233172
2021-12-22T00:00:00Z,1.00142254
2021-12-21T00:00:00Z,1.00304556
2021-12-20T00:00:00Z,0.99718624
2021-12-19T00:00:00Z,1.00017989
2021-12-18T00:00:00Z,0.99960957
2021-12-17T00:00:00Z,0.99682323
2021-12-16T00:00:00Z,1.00048218
2021-12-15T00:00:00Z,1.00001677
2021-12-14T00:00:00Z,1.00043958
2021-12-13T00:00:00Z,0.99747639
2021-12-12T00:00:00Z,1.00064753
2021-12-11T00:00:00Z,1.00135288
2021-12-10T00:00:00Z,0.99830847
2021-12-09T00:00:00Z,0.99616258
2021-12-08T00:00:00Z,0.99894032
2021-12-07T00:00:00Z,1.0049546
2021-12-06T00:00:00Z,0.99768381
2021-12-05T00:00:00Z,0.99834289
2021-12-04T00:00:00Z,0.98953409
2021-12-03T00:00:00Z,0.99837693
2021-12-02T00:00:00Z,0.99984233
2021-12-01T00:00:00Z,1.00368608
2021-11-30T00:00:00Z,1.00151738
2021-11-29T00:00:00Z,1.00377363
2021-11-28T00:00:00Z,1.00119747
2021-11-27T00:00:00Z,0.99937035
2021-11-26T00:00:00Z,0.99692817
2021-11-25T00:00:00Z,1.01116117
2021-11-24T00:00:00Z,1.00078792
2021-11-23T00:00:00Z,1.00031899
2021-11-22T00:00:00Z,0.9986094
2021-11-21T00:00:00Z,1.00065333
2021-11-20T00:00:00Z,1.00150364
2021-11-19T00:00:00Z,0.99998538
2021-11-18T00:00:00Z,0.99844834
2021-11-17T00:00:00Z,1.00159214
2021-11-16T00:00:00Z,1.00084814
2021-11-15T00:00:00Z,1.00436092
2021-11-14T00:00:00Z,1.00145997
2021-11-13T00:00:00Z,1.00179632
2021-11-12T00:00:00Z,1.02320494
2021-11-11T00:00:00Z,1.00339797
2021-11-10T00:00:00Z,1.00458705
2021-11-09T00:00:00Z,1.00539278
2021-11-08T00:00:00Z,1.0067335
2021-11-07T00:00:00Z,1.00179094
2021-11-06T00:00:00Z,1.00181034
2021-11-05T00:00:00Z,1.00415948
2021-11-04T00:00:00Z,1.0008846
2021-11-03T00:00:00Z,1.00803908
2021-11-02T00:00:00Z,1.0119144
2021-11-01T00:00:00Z,1.01043842
2021-10-31T00:00:00Z,1.00509808
2021-10-30T00:00:00Z,1.00191614
2021-10-29T00:00:00Z,1.0053822
2021-10-28T00:00:00Z,1.00546426
2021-10-27T00:00:00Z,0.9986975
2021-10-26T00:00:00Z,1.00438854
2021-10-25T00:00:00Z,1.00867418
2021-10-24T00:00:00Z,1.00514135
2021-10-23T00:00:00Z,1.00218105
2021-10-22T00:00:00Z,1.00117611
2021-10-21T00:00:00Z,1.00660917
2021-10-20T00:00:00Z,1.00889609
2021-10-19T00:00:00Z,1.00444522
2021-10-18T00:00:00Z,1.00646642
2021-10-17T00:00:00Z,1.00229228
2021-10-16T00:00:00Z,1.00528853
2021-10-15T00:00:00Z,1.0088692
2021-10-14T00:00:00Z,1.00805282
2021-10-13T00:00:00Z,1.00512408
2021-10-12T00:00:00Z,1.00552901
2021-10-11T00:00:00Z,1.00442471
2021-10-10T00:00:00Z,1.00421755
2021-10-09T00:00:00Z,1.00282322
2021-10-08T00:00:00Z,1.0034877
2021-10-07T00:00:00Z,1.00714413
2021-10-06T00:00:00Z,1.01082656
2021-10-05T00:00:00Z,1.00428075
2021-10-04T00:00:00Z,1.00297531
2021-10-03T00:00:00Z,1.00163358
2021-10-02T00:00:00Z,1.00421644
2021-10-01T00:00:00Z,1.00517713
2021-09-30T00:00:00Z,1.00272188
2021-09-29T00:00:00Z,1.00019241
2021-09-28T00:00:00Z,0.99762657
2021-09-27T00:00:00Z,1.00101666
2021-09-26T00:00:00Z,1.02094888
2021-09-25T00:00:00Z,0.99995973
2021-09-24T00:00:00Z,0.99777487
2021-09-23T00:00:00Z,1.00085756
2021-09-22T00:00:00Z,1.00123121
2021-09-21T00:00:00Z,0.99863953
2021-09-20T00:00:00Z,0.99737647
2021-09-19T00:00:00Z,1.0009954
2021-09-18T00:00:00Z,1.00194119
2021-09-17T00:00:00Z,1.00142986
2021-09-16T00:00:00Z,1.00243753
2021-09-15T00:00:00Z,1.00394835
2021-09-14T00:00:00Z,1.00098881
2021-09-13T00:00:00Z,0.99965778
2021-09-12T00:00:00Z,1.00078556
2021-09-11T00:00:00Z,1.00028456
2021-09-10T00:00:00Z,0.99996972
2021-09-09T00:00:00Z,1.00375499
2021-09-08T00:00:00Z,1.00007132
2021-09-07T00:00:00Z,0.99856721
2021-09-06T00:00:00Z,1.00317641
2021-09-05T00:00:00Z,1.00263411
2021-09-04T00:00:00Z,1.00274856
2021-09-03T00:00:00Z,1.00379233
2021-09-02T00:00:00Z,1.0038609
2021-09-01T00:00:00Z,1.00248139
2021-08-31T00:00:00Z,1.00224045
2021-08-30T00:00:00Z,1.00179613
2021-08-29T00:00:00Z,1.00109253
2021-08-28T00:00:00Z,1.00187304
2021-08-27T00:00:00Z,1.00209353
2021-08-26T00:00:00Z,1.00204742
2021-08-25T00:00:00Z,1.00835547
2021-08-24T00:00:00Z,1.00061999
2021-08-23T00:00:00Z,1.00657415
2021-08-22T00:00:00Z,1.00404349
2021-08-21T00:00:00Z,1.0043902
2021-08-20T00:00:00Z,1.00719007
2021-08-19T00:00:00Z,1.00424097
2021-08-18T00:00:00Z,1.00407313
2021-08-17T00:00:00Z,1.00208828
2021-08-16T00:00:00Z,1.0042266
2021-08-15T00:00:00Z,1.00204512
2021-08-14T00:00:00Z,1.0106344
2021-08-13T00:00:00Z,1.00904073
2021-08-12T00:00:00Z,1.00291006
2021-08-11T00:00:00Z,1.00517695
2021-08-10T00:00:00Z,1.00775937
2021-08-09T00:00:00Z,1.01088743
2021-08-08T00:00:00Z,1.00394694
2021-08-07T00:00:00Z,1.00501175
2021-08-06T00:00:00Z,1.00754724
2021-08-05T00:00:00Z,1.00312439
2021-08-04T00:00:00Z,1.00262099
2021-08-03T00:00:00Z,0.99857641
2021-08-02T00:00:00Z,1.00096144
2021-08-01T00:00:00Z,1.00095669
2021-07-31T00:00:00Z,1.00308657
2021-07-30T00:00:00Z,1.00462193
2021-07-29T00:00:00Z,1.04325038
2021-07-28T00:00:00Z,1.01100037
2021-07-27T00:00:00Z,1.00875644
2021-07-26T00:00:00Z,1.02140423
2021-07-25T00:00:00Z,1.00069209
2021-07-24T00:00:00Z,1.00171206
2021-07-23T00:00:00Z,0.98428074
2021-07-22T00:00:00Z,1.00339326
2021-07-21T00:00:00Z,1.00060106
2021-07-20T00:00:00Z,0.99607188
2021-07-19T00:00:00Z,0.9963841
2021-07-18T00:00:00Z,0.99559066
2021-07-17T00:00:00Z,1.02478338
2021-07-16T00:00:00Z,0.99459171
2021-07-15T00:00:00Z,0.99194731
2021-07-14T00:00:00Z,0.99434506
2021-07-13T00:00:00Z,0.99532895
2021-07-12T00:00:00Z,1.00257183
2021-07-11T00:00:00Z,1.00043102
2021-07-10T00:00:00Z,0.99947459
2021-07-09T00:00:00Z,1.00025826
2021-07-08T00:00:00Z,0.99630765
2021-07-07T00:00:00Z,1.00133488
2021-07-06T00:00:00Z,0.99872526
2021-07-05T00:00:00Z,0.99790571
2021-07-04T00:00:00Z,1.00201442
2021-07-03T00:00:00Z,1.00112324
2021-07-02T00:00:00Z,0.98253866
2021-07-01T00:00:00Z,0.99301054
2021-06-30T00:00:00Z,0.99330723
2021-06-29T00:00:00Z,1.00223734
2021-06-28T00:00:00Z,1.00136756
2021-06-27T00:00:00Z,1.00412445
2021-06-26T00:00:00Z,0.99094591
2021-06-25T00:00:00Z,0.95818881
2021-06-24T00:00:00Z,0.99906432
2021-06-23T00:00:00Z,0.99969592
2021-06-22T00:00:00Z,0.9902929
2021-06-21T00:00:00Z,0.98443142
2021-06-20T00:00:00Z,0.99669296
2021-06-19T00:00:00Z,0.99628146
2021-06-18T00:00:00Z,0.99535641
2021-06-17T00:00:00Z,0.99351971
2021-06-16T00:00:00Z,1.00100784
2021-06-15T00:00:00Z,1.00606222
2021-06-14T00:00:00Z,1.01203258
2021-06-13T00:00:00Z,1.00259602
2021-06-12T00:00:00Z,0.99396878
2021-06-11T00:00:00Z,1.00368715
2021-06-10T00:00:00Z,1.00221411
2021-06-09T00:00:00Z,1.01058339
2021-06-08T00:00:00Z,0.98401816
2021-06-07T00:00:00Z,0.99540996
2021-06-06T00:00:00Z,0.99713152
2021-06-05T00:00:00Z,0.99155965
2021-06-04T00:00:00Z,0.98574307
2021-06-03T00:00:00Z,1.00614182
2021-06-02T00:00:00Z,0.99971692
2021-06-01T00:00:00Z,1.00443623
2021-05-31T00:00:00Z,0.99761568
2021-05-30T00:00:00Z,1.00791438
2021-05-29T00:00:00Z,0.99419498
2021-05-28T00:00:00Z,0.99380578
2021-05-27T00:00:00Z,0.99608546
2021-05-26T00:00:00Z,1.00317116
2021-05-25T00:00:00Z,0.99369703
2021-05-24T00:00:00Z,1.00852334
2021-05-23T00:00:00Z,0.99193124
2021-05-22T00:00:00Z,0.99211773
2021-05-21T00:00:00Z,0.99188942
2021-05-20T00:00:00Z,0.9875211
2021-05-19T00:00:00Z,0.9778186
2021-05-18T00:00:00Z,0.99614335
2021-05-17T00:00:00Z,0.99170349
2021-05-16T00:00:00Z,0.99765133
2021-05-15T00:00:00Z,1.00036967
2021-05-14T00:00:00Z,1.00082145
2021-05-13T00:00:00Z,0.99732307
2021-05-12T00:00:00Z,1.01917251
2021-05-11T00:00:00Z,1.00470635
2021-05-10T00:00:00Z,1.01025075
2021-05-09T00:00:00Z,1.01267365
2021-05-08T00:00:00Z,1.01050449
2021-05-07T00:00:00Z,1.02391018
2021-05-06T00:00:00Z,1.01219139
2021-05-05T00:00:00Z,1.01018154
2021-05-04T00:00:00Z,1.00476409
2021-05-03T00:00:00Z,1.00854866
2021-05-02T00:00:00Z,1.00618355
2021-05-01T00:00:00Z,1.00703102
2021-04-30T00:00:00Z,1.01317913
2021-04-29T00:00:00Z,1.01102929
2021-04-28T00:00:00Z,1.00614015
2021-04-27T00:00:00Z,1.01307836
2021-04-26T00:00:00Z,1.00966288
2021-04-25T00:00:00Z,1.00019016
2021-04-24T00:00:00Z,1.00809917
2021-04-23T00:00:00Z,0.99828371
2021-04-22T00:00:00Z,1.00926371
2021-04-21T00:00:00Z,1.0028821
2021-04-20T00:00:00Z,1.0063318
2021-04-19T00:00:00Z,1.00327778
2021-04-18T00:00:00Z,1.04361713
2021-04-17T00:00:00Z,1.01340968
2021-04-16T00:00:00Z,1.00866217
2021-04-15T00:00:00Z,1.01826357
2021-04-14T00:00:00Z,1.02576491
2021-04-13T00:00:00Z,1.0207199
2021-04-12T00:00:00Z,1.01601076
2021-04-11T00:00:00Z,1.0154114
2021-04-10T00:00:00Z,1.01209452
2021-04-09T00:00:00Z,1.00853739
2021-04-08T00:00:00Z,1.01033069
2021-04-07T00:00:00Z,1.007285
2021-04-06T00:00:00Z,1.04645134
2021-04-05T00:00:00Z,1.00817235
2021-04-04T00:00:00Z,1.00764874
2021-04-03T00:00:00Z,1.00495859
2021-04-02T00:00:00Z,1.01651511
2021-04-01T00:00:00Z,1.02560046
2021-03-31T00:00:00Z,1.01997388
2021-03-30T00:00:00Z,1.01837342
2021-03-29T00:00:00Z,1.01529578
2021-03-28T00:00:00Z,1.01227533
2021-03-27T00:00:00Z,1.02252672
2021-03-26T00:00:00Z,1.01350602
2021-03-25T00:00:00Z,1.01389962
2021-03-24T00:00:00Z,1.01506727
2021-03-23T00:00:00Z,1.01845274
2021-03-22T00:00:00Z,1.01664122
2021-03-21T00:00:00Z,1.01205593
2021-03-20T00:00:00Z,1.01496872
2021-03-19T00:00:00Z,1.01241057
2021-03-18T00:00:00Z,1.01431396
2021-03-17T00:00:00Z,1.0193716
2021-03-16T00:00:00Z,1.02338818
2021-03-15T00:00:00Z,1.01451564
2021-03-14T00:00:00Z,1.02340454
2021-03-13T00:00:00Z,1.02669711
2021-03-12T00:00:00Z,1.03149577
2021-03-11T00:00:00Z,1.03427078
2021-03-10T00:00:00Z,1.02071326
2021-03-09T00:00:00Z,1.0167414
2021-03-08T00:00:00Z,1.01587901
2021-03-07T00:00:00Z,1.00581073
2021-03-06T00:00:00Z,1.00663404
2021-03-05T00:00:00Z,1.00975467
2021-03-04T00:00:00Z,1.0111978
2021-03-03T00:00:00Z,1.01224853
2021-03-02T00:00:00Z,1.01547393
2021-03-01T00:00:00Z,1.0152883
2021-02-28T00:00:00Z,1.00334037
2021-02-27T00:00:00Z,0.99700299
2021-02-26T00:00:00Z,1.02374021
2021-02-25T00:00:00Z,1.01563653
2021-02-24T00:00:00Z,1.02202137
2021-02-23T00:00:00Z,1.02505532
2021-02-22T00:00:00Z,1.01868545
2021-02-21T00:00:00Z,1.02307761
2021-02-20T00:00:00Z,1.03081094
2021-02-19T00:00:00Z,1.04068381
2021-02-18T00:00:00Z,1.02775504
2021-02-17T00:00:00Z,1.02688537
2021-02-16T00:00:00Z,1.01357718
2021-02-15T00:00:00Z,1.02472257
2021-02-14T00:00:00Z,1.01069297
2021-02-13T00:00:00Z,1.01459213
2021-02-12T00:00:00Z,1.02304934
2021-02-11T00:00:00Z,1.02071816
2021-02-10T00:00:00Z,1.02824187
2021-02-09T00:00:00Z,1.03381275
2021-02-08T00:00:00Z,1.02869131
2021-02-07T00:00:00Z,1.01299632
2021-02-06T00:00:00Z,1.01462542
2021-02-05T00:00:00Z,1.02616484
2021-02-04T00:00:00Z,1.01850722
2021-02-03T00:00:00Z,1.01308944
2021-02-02T00:00:00Z,1.01480468
2021-02-01T00:00:00Z,1.00669317
2021-01-31T00:00:00Z,1.00976382
2021-01-30T00:00:00Z,1.00806492
2021-01-29T00:00:00Z,1.0238938
2021-01-28T00:00:00Z,1.01317006
2021-01-27T00:00:00Z,1.01987074
2021-01-26T00:00:00Z,1.00271924
2021-01-25T00:00:00Z,1.00634279
2021-01-24T00:00:00Z,1.0036223
2021-01-23T00:00:00Z,1.00561806
2021-01-22T00:00:00Z,1.00229555
2021-01-21T00:00:00Z,1.00149074
2021-01-20T00:00:00Z,1.00548166
2021-01-19T00:00:00Z,1.01317268
2021-01-18T00:00:00Z,1.01883472
2021-01-17T00:00:00Z,1.01018312
2021-01-16T00:00:00Z,1.01227654
2021-01-15T00:00:00Z,1.01895403
2021-01-14T00:00:00Z,1.03084801
2021-01-13T00:00:00Z,1.01832829
2021-01-12T00:00:00Z,1.01777415
2021-01-11T00:00:00Z,1.01287332
2021-01-10T00:00:00Z,1.0248305
2021-01-09T00:00:00Z,1.04590689
2021-01-08T00:00:00Z,1.05317458
2021-01-07T00:00:00Z,1.05609994
2021-01-06T00:00:00Z,1.04491132
2021-01-05T00:00:00Z,1.03855678
2021-01-04T00:00:00Z,1.04589231
2021-01-03T00:00:00Z,1.04415007
2021-01-02T00:00:00Z,1.04639026
2021-01-01T00:00:00Z,1.04198131
2020-12-31T00:00:00Z,1.02456256
2020-12-30T00:00:00Z,1.03742144
2020-12-29T00:00:00Z,1.05289145
2020-12-28T00:00:00Z,1.07535018
2020-12-27T00:00:00Z,1.02832204
2020-12-26T00:00:00Z,1.01894357
2020-12-25T00:00:00Z,1.00822276
2020-12-24T00:00:00Z,1.02901706
2020-12-23T00:00:00Z,1.03408736
2020-12-22T00:00:00Z,1.03616663
2020-12-21T00:00:00Z,1.0181103
2020-12-20T00:00:00Z,1.02900063
2020-12-19T00:00:00Z,1.01998345
2020-12-18T00:00:00Z,1.0468047
2020-12-17T00:00:00Z,1.04405486
2020-12-16T00:00:00Z,1.02285091
2020-12-15T00:00:00Z,1.01187041
2020-12-14T00:00:00Z,1.00918616
2020-12-13T00:00:00Z,1.03651856
2020-12-12T00:00:00Z,1.01476842
2020-12-11T00:00:00Z,1.00869445
2020-12-10T00:00:00Z,1.01455193
2020-12-09T00:00:00Z,1.00738142
2020-12-08T00:00:00Z,1.01177473
2020-12-07T00:00:00Z,1.01244239
2020-12-06T00:00:00Z,1.00718338
2020-12-05T00:00:00Z,1.00561838
2020-12-04T00:00:00Z,1.01230605
2020-12-03T00:00:00Z,1.01953825
2020-12-02T00:00:00Z,1.02161887
2020-12-01T00:00:00Z,1.01936643
2020-11-30T00:00:00Z,1.02254339
2020-11-29T00:00:00Z,1.01067333
2020-11-28T00:00:00Z,1.00781555
2020-11-27T00:00:00Z,1.0092875
2020-11-26T00:00:00Z,1.00907722
2020-11-25T00:00:00Z,1.01136168
2020-11-24T00:00:00Z,1.02275278
2020-11-23T00:00:00Z,1.01079886
2020-11-22T00:00:00Z,1.00741017
2020-11-21T00:00:00Z,1.01820161
2020-11-20T00:00:00Z,1.03018393
2020-11-19T00:00:00Z,1.00995659
2020-11-18T00:00:00Z,1.02610561
2020-11-17T00:00:00Z,1.0159327
2020-11-16T00:00:00Z,1.00635641
2020-11-15T00:00:00Z,1.00539376
2020-11-14T00:00:00Z,1.00714254
2020-11-13T00:00:00Z,1.01688526
2020-11-12T00:00:00Z,1.0159403
2020-11-11T00:00:00Z,1.01099959
2020-11-10T00:00:00Z,1.00915041
2020-11-09T00:00:00Z,1.01045342
2020-11-08T00:00:00Z,1.02222725
2020-11-07T00:00:00Z,1.00742554
2020-11-06T00:00:00Z,1.01406863
2020-11-05T00:00:00Z,1.02062479
2020-11-04T00:00:00Z,1.01295238
2020-11-03T00:00:00Z,1.04165205
2020-11-02T00:00:00Z,1.00940093
2020-11-01T00:00:00Z,1.00823216
2020-10-31T00:00:00Z,1.0088729
2020-10-30T00:00:00Z,1.0052113
2020-10-29T00:00:00Z,1.00821136
2020-10-28T00:00:00Z,1.00794174
2020-10-27T00:00:00Z,1.01122502
2020-10-26T00:00:00Z,1.00358652
2020-10-25T00:00:00Z,1.00618973
2020-10-24T00:00:00Z,1.00989645
2020-10-23T00:00:00Z,1.0171468
2020-10-22T00:00:00Z,1.01343387
2020-10-21T00:00:00Z,1.00884492
2020-10-20T00:00:00Z,1.00438191
2020-10-19T00:00:00Z,1.00823747
2020-10-18T00:00:00Z,1.00153485
2020-10-17T00:00:00Z,1.00099179
2020-10-16T00:00:00Z,1.0016971
2020-10-15T00:00:00Z,1.00383358
2020-10-14T00:00:00Z,1.00388499
2020-10-13T00:00:00Z,1.00356872
2020-10-12T00:00:00Z,1.00527159
2020-10-11T00:00:00Z,1.00208651
2020-10-10T00:00:00Z,1.00402564
2020-10-09T00:00:00Z,1.00456634
2020-10-08T00:00:00Z,1.00361444
2020-10-07T00:00:00Z,1.00223855
2020-10-06T00:00:00Z,1.00108715
2020-10-05T00:00:00Z,1.00231346
2020-10-04T00:00:00Z,1.00096462
2020-10-03T00:00:00Z,1.00034343
2020-10-02T00:00:00Z,1.00038709
2020-10-01T00:00:00Z,1.00055697
2020-09-30T00:00:00Z,1.0011322
2020-09-29T00:00:00Z,1.00559925
2020-09-28T00:00:00Z,1.00241194
2020-09-27T00:00:00Z,1.00085914
2020-09-26T00:00:00Z,1.00152351
2020-09-25T00:00:00Z,1.0024898
2020-09-24T00:00:00Z,0.99891457
2020-09-23T00:00:00Z,0.999233
2020-09-22T00:00:00Z,1.00312559
2020-09-21T00:00:00Z,0.99905407
2020-09-20T00:00:00Z,1.00129439
2020-09-19T00:00:00Z,1.00326353
2020-09-18T00:00:00Z,1.00210491
2020-09-17T00:00:00Z,1.0012985
2020-09-16T00:00:00Z,1.00418661
2020-09-15T00:00:00Z,1.00309748
2020-09-14T00:00:00Z,1.00135879
2020-09-13T00:00:00Z,1.00023236
2020-09-12T00:00:00Z,0.99958486
2020-09-11T00:00:00Z,0.99936961
2020-09-10T00:00:00Z,1.00031062
2020-09-09T00:00:00Z,0.99937197
2020-09-08T00:00:00Z,0.99873512
2020-09-07T00:00:00Z,0.997756
2020-09-06T00:00:00Z,0.99932064
2020-09-05T00:00:00Z,0.99758207
2020-09-04T00:00:00Z,0.99768855
2020-09-03T00:00:00Z,0.99971615
2020-09-02T00:00:00Z,1.00167
2020-09-01T00:00:00Z,1.00767315
2020-08-31T00:00:00Z,1.00525424
2020-08-30T00:00:00Z,1.00368342
2020-08-29T00:00:00Z,1.00095563
2020-08-28T00:00:00Z,1.00478332
2020-08-27T00:00:00Z,1.00211763
2020-08-26T00:00:00Z,1.0026116
2020-08-25T00:00:00Z,1.00312402
2020-08-24T00:00:00Z,1.00540855
2020-08-23T00:00:00Z,1.00211572
2020-08-22T00:00:00Z,1.0017377
2020-08-21T00:00:00Z,1.00834636
2020-08-20T00:00:00Z,1.00487849
2020-08-19T00:00:00Z,1.00208589
2020-08-18T00:00:00Z,1.00582082
2020-08-17T00:00:00Z,1.01028273
2020-08-16T00:00:00Z,1.00376302
2020-08-15T00:00:00Z,1.00562616
2020-08-14T00:00:00Z,1.01162537
2020-08-13T00:00:00Z,1.01150268
2020-08-12T00:00:00Z,1.01023086
2020-08-11T00:00:00Z,1.01651034
2020-08-10T00:00:00Z,1.01379036
2020-08-09T00:00:00Z,1.01699234
2020-08-08T00:00:00Z,1.02350643
2020-08-07T00:00:00Z,1.0282739
2020-08-06T00:00:00Z,1.03468075
2020-08-05T00:00:00Z,1.02331988
2020-08-04T00:00:00Z,1.00883901
2020-08-03T00:00:00Z,1.03086188
2020-08-02T00:00:00Z,1.01095116
2020-08-01T00:00:00Z,1.0175517
2020-07-31T00:00:00Z,1.01757895
2020-07-30T00:00:00Z,1.01489695
2020-07-29T00:00:00Z,1.01758151
2020-07-28T00:00:00Z,1.02902057
2020-07-27T00:00:00Z,1.02849535
2020-07-26T00:00:00Z,1.0107006
2020-07-25T00:00:00Z,1.00666515
2020-07-24T00:00:00Z,1.00553888
2020-07-23T00:00:00Z,1.00855083
2020-07-22T00:00:00Z,1.00667258
2020-07-21T00:00:00Z,1.00391245
2020-07-20T00:00:00Z,1.00085221
2020-07-19T00:00:00Z,1.00345923
2020-07-18T00:00:00Z,1.00126563
2020-07-17T00:00:00Z,1.00004346
2020-07-16T00:00:00Z,0.99958897
2020-07-15T00:00:00Z,1.00637017
2020-07-14T00:00:00Z,1.00723946
2020-07-13T00:00:00Z,1.00070858
2020-07-12T00:00:00Z,1.00153841
2020-07-11T00:00:00Z,1.00148295
2020-07-10T00:00:00Z,0.99944967
2020-07-09T00:00:00Z,1.00374073
2020-07-08T00:00:00Z,1.01410252
2020-07-07T00:00:00Z,1.00285981
2020-07-06T00:00:00Z,1.00373501
2020-07-05T00:00:00Z,0.99957698
2020-07-04T00:00:00Z,1.00105642
2020-07-03T00:00:00Z,1.00067525
2020-07-02T00:00:00Z,0.99986548
2020-07-01T00:00:00Z,1.00239993
2020-06-30T00:00:00Z,1.00550934
2020-06-29T00:00:00Z,1.00147028
2020-06-28T00:00:00Z,0.99887955
2020-06-27T00:00:00Z,1.00015868
2020-06-26T00:00:00Z,1.02890027
2020-06-25T00:00:00Z,0.99783433
2020-06-24T00:00:00Z,0.99749578
2020-06-23T00:00:00Z,1.00572662
2020-06-22T00:00:00Z,1.00728797
2020-06-21T00:00:00Z,1.00607886
2020-06-20T00:00:00Z,1.00289588
2020-06-19T00:00:00Z,0.99998046
2020-06-18T00:00:00Z,1.03860967
2020-06-17T00:00:00Z,1.00190894
2020-06-16T00:00:00Z,1.00570569
2020-06-15T00:00:00Z,0.99587329
2020-06-14T00:00:00Z,1.0035358
2020-06-13T00:00:00Z,1.00219694
2020-06-12T00:00:00Z,1.00124754
2020-06-11T00:00:00Z,1.00056751
2020-06-10T00:00:00Z,1.00479157
2020-06-09T00:00:00Z,1.00671391
2020-06-08T00:00:00Z,1.01865076
2020-06-07T00:00:00Z,1.00449729
2020-06-06T00:00:00Z,1.0060969
2020-06-05T00:00:00Z,1.00433913
2020-06-04T00:00:00Z,1.00618655
2020-06-03T00:00:00Z,1.00410822
2020-06-02T00:00:00Z,1.01212594
2020-06-01T00:00:00Z,1.01240572
2020-05-31T00:00:00Z,1.00470071
2020-05-30T00:00:00Z,1.00517976
2020-05-29T00:00:00Z,1.00389398
2020-05-28T00:00:00Z,1.00887288
2020-05-27T00:00:00Z,1.00583602
2020-05-26T00:00:00Z,0.99835484
2020-05-25T00:00:00Z,0.98794736
2020-05-24T00:00:00Z,1.00312291
2020-05-23T00:00:00Z,1.00468392
2020-05-22T00:00:00Z,0.99909496
2020-05-21T00:00:00Z,0.9961137
2020-05-20T00:00:00Z,1.00881586
2020-05-19T00:00:00Z,1.01017395
2020-05-18T00:00:00Z,1.01865754
2020-05-17T00:00:00Z,1.01085147
2020-05-16T00:00:00Z,1.00571988
2020-05-15T00:00:00Z,1.00835391
2020-05-14T00:00:00Z,1.0152948
2020-05-13T00:00:00Z,1.01156406
2020-05-12T00:00:00Z,0.99500927
2020-05-11T00:00:00Z,0.99281849
2020-05-10T00:00:00Z,0.9888571
2020-05-09T00:00:00Z,1.00794611
2020-05-08T00:00:00Z,1.02573731
2020-05-07T00:00:00Z,1.04105096
2020-05-06T00:00:00Z,1.02536856
2020-05-05T00:00:00Z,1.00597778
2020-05-04T00:00:00Z,1.00874226
2020-05-03T00:00:00Z,1.02463234
2020-05-02T00:00:00Z,1.01556495
2020-05-01T00:00:00Z,1.01551515
2020-04-30T00:00:00Z,1.02355023
2020-04-29T00:00:00Z,1.03622512
2020-04-28T00:00:00Z,1.00382193
2020-04-27T00:00:00Z,1.02410558
2020-04-26T00:00:00Z,1.00466972
2020-04-25T00:00:00Z,1.00471721
2020-04-24T00:00:00Z,1.00672772
2020-04-23T00:00:00Z,1.01187303
2020-04-22T00:00:00Z,1.00190555
2020-04-21T00:00:00Z,0.99199347
2020-04-20T00:00:00Z,0.99409738
2020-04-19T00:00:00Z,0.9998952
2020-04-18T00:00:00Z,1.00411398
2020-04-17T00:00:00Z,1.0015738
2020-04-16T00:00:00Z,0.99856226
2020-04-15T00:00:00Z,0.99489152
2020-04-14T00:00:00Z,0.999467
2020-04-13T00:00:00Z,0.99012376
2020-04-12T00:00:00Z,1.00049653
2020-04-11T00:00:00Z,0.99561534
2020-04-10T00:00:00Z,0.95273481
2020-04-09T00:00:00Z,1.00306806
2020-04-08T00:00:00Z,1.0085199
2020-04-07T00:00:00Z,1.00254643
2020-04-06T00:00:00Z,1.01480754
2020-04-05T00:00:00Z,1.00120288
2020-04-04T00:00:00Z,0.99704458
2020-04-03T00:00:00Z,1.00208601
2020-04-02T00:00:00Z,1.00445893
2020-04-01T00:00:00Z,0.93914375
2020-03-31T00:00:00Z,0.99478519
2020-03-30T00:00:00Z,0.99187992
2020-03-29T00:00:00Z,0.97929231
2020-03-28T00:00:00Z,0.98431517
2020-03-27T00:00:00Z,0.99888136
2020-03-26T00:00:00Z,1.00254537
2020-03-25T00:00:00Z,0.99195974
2020-03-24T00:00:00Z,1.01357413
2020-03-23T00:00:00Z,0.99385968
2020-03-22T00:00:00Z,1.0041676
2020-03-21T00:00:00Z,0.99267776
2020-03-20T00:00:00Z,0.99357202
2020-03-19T00:00:00Z,0.99911745
2020-03-18T00:00:00Z,0.98365492
2020-03-17T00:00:00Z,0.96939004
2020-03-16T00:00:00Z,0.94211934
2020-03-15T00:00:00Z,0.96743254
2020-03-14T00:00:00Z,0.96100791
2020-03-13T00:00:00Z,0.90931284
2020-03-12T00:00:00Z,0.91370689
2020-03-11T00:00:00Z,0.98039166
2020-03-10T00:00:00Z,0.98623571
2020-03-09T00:00:00Z,0.97725885
2020-03-08T00:00:00Z,0.99264841
2020-03-07T00:00:00Z,1.00059487
2020-03-06T00:00:00Z,1.0037691
2020-03-05T00:00:00Z,1.00330145
2020-03-04T00:00:00Z,0.98075013
2020-03-03T00:00:00Z,1.00551891
2020-03-02T00:00:00Z,1.00504796
2020-03-01T00:00:00Z,0.99279129
2020-02-29T00:00:00Z,0.99627889
2020-02-28T00:00:00Z,0.99643698
2020-02-27T00:00:00Z,0.98790281
2020-02-26T00:00:00Z,0.99011864
2020-02-25T00:00:00Z,1.01711012
2020-02-24T00:00:00Z,1.00340742
2020-02-23T00:00:00Z,1.00923104
2020-02-22T00:00:00Z,1.00292626
2020-02-21T00:00:00Z,1.00405905
2020-02-20T00:00:00Z,0.99600529
2020-02-19T00:00:00Z,1.00832431
2020-02-18T00:00:00Z,1.01177309
2020-02-17T00:00:00Z,0.99985502
2020-02-16T00:00:00Z,1.00339104
2020-02-15T00:00:00Z,1.00218507
2020-02-14T00:00:00Z,1.00881848
2020-02-13T00:00:00Z,1.01125322
2020-02-12T00:00:00Z,1.01299615
2020-02-11T00:00:00Z,1.01569946
2020-02-10T00:00:00Z,1.02797916
2020-02-09T00:00:00Z,1.01862308
2020-02-08T00:00:00Z,1.01560458
2020-02-07T00:00:00Z,1.02521725
2020-02-06T00:00:00Z,1.01868622
2020-02-05T00:00:00Z,1.01047226
2020-02-04T00:00:00Z,1.00447895
2020-02-03T00:00:00Z,1.00447361
2020-02-02T00:00:00Z,0.99981922
2020-02-01T00:00:00Z,1.00540657
2020-01-31T00:00:00Z,1.01745778
2020-01-30T00:00:00Z,1.01152415
2020-01-29T00:00:00Z,1.02709968
2020-01-28T00:00:00Z,1.00946588
2020-01-27T00:00:00Z,1.00473886
2020-01-26T00:00:00Z,1.00382907
2020-01-25T00:00:00Z,1.00198767
2020-01-24T00:00:00Z,1.00663302
2020-01-23T00:00:00Z,1.0012192
2020-01-22T00:00:00Z,1.00208039
2020-01-21T00:00:00Z,1.00401407
2020-01-20T00:00:00Z,0.99886478
2020-01-19T00:00:00Z,1.00093898
2020-01-18T00:00:00Z,1.00765806
2020-01-17T00:00:00Z,1.01059058
2020-01-16T00:00:00Z,1.01110811
2020-01-15T00:00:00Z,1.01249225
2020-01-14T00:00:00Z,1.02350308
2020-01-13T00:00:00Z,1.00608202
2020-01-12T00:00:00Z,1.00500104
2020-01-11T00:00:00Z,1.00403928
2020-01-10T00:00:00Z,1.00197186
2020-01-09T00:00:00Z,1.00546872
2020-01-08T00:00:00Z,1.01140109
2020-01-07T00:00:00Z,1.0090237
2020-01-06T00:00:00Z,1.00327627
2020-01-05T00:00:00Z,1.00136913
2020-01-04T00:00:00Z,0.99605519
2020-01-03T00:00:00Z,1.00145375
2020-01-02T00:00:00Z,0.99696844
2020-01-01T00:00:00Z,0.99844725
2019-12-31T00:00:00Z,0.99352126
2019-12-30T00:00:00Z,0.98168789
2019-12-29T00:00:00Z,1.0015636
2019-12-28T00:00:00Z,0.99917556
2019-12-27T00:00:00Z,0.99351653
2019-12-26T00:00:00Z,0.99611523
2019-12-25T00:00:00Z,0.95992873
2019-12-24T00:00:00Z,1.00026136
2019-12-23T00:00:00Z,1.00285854
2019-12-22T00:00:00Z,0.99977464
2019-12-21T00:00:00Z,0.99783233
2019-12-20T00:00:00Z,1.00146164
2019-12-19T00:00:00Z,1.0010513
2019-12-18T00:00:00Z,0.97811249
2019-12-17T00:00:00Z,0.99114813
2019-12-16T00:00:00Z,0.98824744
2019-12-15T00:00:00Z,0.99837618
2019-12-14T00:00:00Z,0.99330329
2019-12-13T00:00:00Z,0.99745458
2019-12-12T00:00:00Z,0.99080151
2019-12-11T00:00:00Z,0.99291625
2019-12-10T00:00:00Z,0.99394395
2019-12-09T00:00:00Z,0.99753269
2019-12-08T00:00:00Z,0.99863849
2019-12-07T00:00:00Z,1.0008559
2019-12-06T00:00:00Z,0.99508685
2019-12-05T00:00:00Z,0.99132482
2019-12-04T00:00:00Z,0.9988963
2019-12-03T00:00:00Z,0.98709597
2019-12-02T00:00:00Z,0.98746305
2019-12-01T00:00:00Z,0.99084348
2019-11-30T00:00:00Z,0.99039942
2019-11-29T00:00:00Z,0.9967558
2019-11-28T00:00:00Z,0.99861468
2019-11-27T00:00:00Z,0.9832267
2019-11-26T00:00:00Z,0.98503064
2019-11-25T00:00:00Z,0.98386858
2019-11-24T00:00:00Z,1.00035432
2019-11-23T00:00:00Z,0.98002915
2019-11-22T00:00:00Z,0.97588021
2019-11-21T00:00:00Z,0.98903188
2019-11-20T00:00:00Z,0.99108209
2019-11-19T00:00:00Z,0.99332933
2019-11-18T00:00:00Z,0.99485875
2019-11-17T00:00:00Z,0.99958733
2019-11-16T00:00:00Z,0.99662303
2019-11-15T00:00:00Z,0.99807012
2019-11-14T00:00:00Z,0.99724554
2019-11-13T00:00:00Z,1.0184449
2019-11-12T00:00:00Z,0.99647843
2019-11-11T00:00:00Z,0.99894732
2019-11-10T00:00:00Z,1.0017974
2019-11-09T00:00:00Z,0.99747447
2019-11-08T00:00:00Z,0.9951907
2019-11-07T00:00:00Z,1.00238717
2019-11-06T00:00:00Z,1.00062801
2019-11-05T00:00:00Z,0.9675212
2019-11-04T00:00:00Z,1.00430022
2019-11-03T00:00:00Z,0.99946178
2019-11-02T00:00:00Z,1.00398932
2019-11-01T00:00:00Z,1.01253277
2019-10-31T00:00:00Z,1.00220492
2019-10-30T00:00:00Z,1.00090475
2019-10-29T00:00:00Z,1.0090181
2019-10-28T00:00:00Z,1.01387418
2019-10-27T00:00:00Z,1.01339329
2019-10-26T00:00:00Z,1.03465502
2019-10-25T00:00:00Z,1.00778681
2019-10-24T00:00:00Z,0.97180855
2019-10-23T00:00:00Z,0.98149833
2019-10-22T00:00:00Z,0.99815856
2019-10-21T00:00:00Z,0.99418173
2019-10-20T00:00:00Z,1.00013498
2019-10-19T00:00:00Z,0.9995917
2019-10-18T00:00:00Z,0.99410234
2019-10-17T00:00:00Z,0.99712751
2019-10-16T00:00:00Z,0.99124513
2019-10-15T00:00:00Z,0.98742583
2019-10-14T00:00:00Z,1.07153241
2019-10-13T00:00:00Z,0.9963657
2019-10-12T00:00:00Z,1.00097987
2019-10-11T00:00:00Z,0.99495773
2019-10-10T00:00:00Z,0.99971219
2019-10-09T00:00:00Z,1.00008371
2019-10-08T00:00:00Z,1.00000584
2019-10-07T00:00:00Z,0.99593849
2019-10-06T00:00:00Z,0.99087764
2019-10-05T00:00:00Z,0.9965169
2019-10-04T00:00:00Z,0.99344576
2019-10-03T00:00:00Z,0.99191307
2019-10-02T00:00:00Z,0.99438942
2019-10-01T00:00:00Z,0.99257363
2019-09-30T00:00:00Z,0.9940836
2019-09-29T00:00:00Z,0.99279444
2019-09-28T00:00:00Z,0.98641008
2019-09-27T00:00:00Z,0.99331783
2019-09-26T00:00:00Z,0.96175777
2019-09-25T00:00:00Z,0.97262187
2019-09-24T00:00:00Z,0.99694468
2019-09-23T00:00:00Z,0.99824495
2019-09-22T00:00:00Z,0.99998209
2019-09-21T00:00:00Z,1.00063167
2019-09-20T00:00:00Z,1.00344628
2019-09-19T00:00:00Z,0.99712381
2019-09-18T00:00:00Z,1.01427214
2019-09-17T00:00:00Z,1.00332818
2019-09-16T00:00:00Z,1.00083119
2019-09-15T00:00:00Z,1.00360653
2019-09-14T00:00:00Z,1.00519066
2019-09-13T00:00:00Z,1.00800206
2019-09-12T00:00:00Z,1.00458786
2019-09-11T00:00:00Z,1.02401861
2019-09-10T00:00:00Z,1.0003034
2019-09-09T00:00:00Z,1.0043655
2019-09-08T00:00:00Z,1.00558089
2019-09-07T00:00:00Z,1.00478722
2019-09-06T00:00:00Z,1.07629064
2019-09-05T00:00:00Z,1.00683442
2019-09-04T00:00:00Z,1.00673656
2019-09-03T00:00:00Z,1.01442159
2019-09-02T00:00:00Z,1.00500885
2019-09-01T00:00:00Z,1.00332645
2019-08-31T00:00:00Z,0.99789212
2019-08-30T00:00:00Z,0.99814621
2019-08-29T00:00:00Z,0.98836457
2019-08-28T00:00:00Z,1.0014948
2019-08-27T00:00:00Z,1.00741779
2019-08-26T00:00:00Z,1.00794155
2019-08-25T00:00:00Z,1.00312425
2019-08-24T00:00:00Z,1.00177645
2019-08-23T00:00:00Z,1.05632858
2019-08-22T00:00:00Z,0.99975284
2019-08-21T00:00:00Z,0.99990614
2019-08-20T00:00:00Z,1.00130407
2019-08-19T00:00:00Z,1.00501639
2019-08-18T00:00:00Z,1.0021765
2019-08-17T00:00:00Z,0.99857847
2019-08-16T00:00:00Z,1.00369566
2019-08-15T00:00:00Z,0.99510569
2019-08-14T00:00:00Z,1.00563618
2019-08-13T00:00:00Z,1.01157634
2019-08-12T00:00:00Z,1.00739731
2019-08-11T00:00:00Z,1.01259763
2019-08-10T00:00:00Z,1.00211229
2019-08-09T00:00:00Z,1.00850736
2019-08-08T00:00:00Z,1.01716539
2019-08-07T00:00:00Z,1.02452481
2019-08-06T00:00:00Z,1.02241151
2019-08-05T00:00:00Z,1.02329361
2019-08-04T00:00:00Z,1.01121999
2019-08-03T00:00:00Z,1.01509809
2019-08-02T00:00:00Z,1.0144159
2019-08-01T00:00:00Z,1.00827422
2019-07-31T00:00:00Z,1.00427373
2019-07-30T00:00:00Z,1.00119134
2019-07-29T00:00:00Z,1.07485354
2019-07-28T00:00:00Z,0.99882909
2019-07-27T00:00:00Z,0.99916595
2019-07-26T00:00:00Z,1.00307861
2019-07-25T00:00:00Z,1.00392477
2019-07-24T00:00:00Z,1.01751788
2019-07-23T00:00:00Z,0.99728696
2019-07-22T00:00:00Z,1.0003011
2019-07-21T00:00:00Z,1.00857565
2019-07-20T00:00:00Z,1.01039365
2019-07-19T00:00:00Z,1.01089331
2019-07-18T00:00:00Z,1.00517069
2019-07-17T00:00:00Z,1.00580582
2019-07-16T00:00:00Z,0.99930691
2019-07-15T00:00:00Z,1.00126585
2019-07-14T00:00:00Z,0.99675981
2019-07-13T00:00:00Z,1.00183033
2019-07-12T00:00:00Z,1.00865374
2019-07-11T00:00:00Z,1.00243824
2019-07-10T00:00:00Z,1.0279175
2019-07-09T00:00:00Z,1.01259558
2019-07-08T00:00:00Z,1.00996538
2019-07-07T00:00:00Z,1.00835444
2019-07-06T00:00:00Z,1.01033606
2019-07-05T00:00:00Z,1.00211786
2019-07-04T00:00:00Z,1.02922869
2019-07-03T00:00:00Z,1.01680499
2019-07-02T00:00:00Z,1.00537403
2019-07-01T00:00:00Z,1.00121967
2019-06-30T00:00:00Z,1.01693259
2019-06-29T00:00:00Z,1.01591969
2019-06-28T00:00:00Z,1.03888115
2019-06-27T00:00:00Z,1.01901879
2019-06-26T00:00:00Z,1.05968499
2019-06-25T00:00:00Z,1.020167
2019-06-24T00:00:00Z,1.01869866
2019-06-23T00:00:00Z,1.02129152
2019-06-22T00:00:00Z,1.02547217
2019-06-21T00:00:00Z,1.01618386
2019-06-20T00:00:00Z,1.00591792
2019-06-19T00:00:00Z,1.01355622
2019-06-18T00:00:00Z,1.00504986
2019-06-17T00:00:00Z,1.01098026
2019-06-16T00:00:00Z,1.01595625
2019-06-15T00:00:00Z,1.01223511
2019-06-14T00:00:00Z,1.01888569
2019-06-13T00:00:00Z,1.00789924
2019-06-12T00:00:00Z,1.00988654
2019-06-11T00:00:00Z,1.00192795
2019-06-10T00:00:00Z,1.01174451
2019-06-09T00:00:00Z,1.00366889
2019-06-08T00:00:00Z,1.00205279
2019-06-07T00:00:00Z,1.00767777
2019-06-06T00:00:00Z,0.9981956
2019-06-05T00:00:00Z,0.99552554
2019-06-04T00:00:00Z,0.97414198
2019-06-03T00:00:00Z,1.01639675
2019-06-02T00:00:00Z,1.00814302
2019-06-01T00:00:00Z,1.00903598
2019-05-31T00:00:00Z,1.00570008
2019-05-30T00:00:00Z,1.01024781
2019-05-29T00:00:00Z,1.10456282
2019-05-28T00:00:00Z,1.01904321
2019-05-27T00:00:00Z,1.02376433
2019-05-26T00:00:00Z,1.01794712
2019-05-25T00:00:00Z,1.01437137
2019-05-24T00:00:00Z,1.01631562
2019-05-23T00:00:00Z,1.00662782
2019-05-22T00:00:00Z,1.00791276
2019-05-21T00:00:00Z,1.01576045
2019-05-20T00:00:00Z,1.01151187
2019-05-19T00:00:00Z,1.02166705
2019-05-18T00:00:00Z,1.00584367
2019-05-17T00:00:00Z,0.99504456
2019-05-16T00:00:00Z,1.04468464
2019-05-15T00:00:00Z,1.02891212
2019-05-14T00:00:00Z,1.0410482
2019-05-13T00:00:00Z,1.03670211
2019-05-12T00:00:00Z,1.03699141
2019-05-11T00:00:00Z,1.03931754
2019-05-10T00:00:00Z,1.0094788
2019-05-09T00:00:00Z,1.00907539
2019-05-08T00:00:00Z,1.01017519
2019-05-07T00:00:00Z,1.01414527
2019-05-06T00:00:00Z,1.01621411
2019-05-05T00:00:00Z,1.01242325
2019-05-04T00:00:00Z,1.00653492
2019-05-03T00:00:00Z,1.01136236
2019-05-02T00:00:00Z,1.00285818
2019-05-01T00:00:00Z,0.96682584
2019-04-30T00:00:00Z,1.00439842
2019-04-29T00:00:00Z,0.995787
2019-04-28T00:00:00Z,1.00183348
2019-04-27T00:00:00Z,0.99977411
2019-04-26T00:00:00Z,0.98901984
2019-04-25T00:00:00Z,1.00072484
2019-04-24T00:00:00Z,0.99334541
2019-04-23T00:00:00Z,1.00723206
2019-04-22T00:00:00Z,1.00319384
2019-04-21T00:00:00Z,0.99886636
2019-04-20T00:00:00Z,1.00225016
2019-04-19T00:00:00Z,1.01695072
2019-04-18T00:00:00Z,1.0029239
2019-04-17T00:00:00Z,1.00614
2019-04-16T00:00:00Z,1.00254001
2019-04-15T00:00:00Z,0.99987803
2019-04-14T00:00:00Z,0.98419049
2019-04-13T00:00:00Z,1.00326627
2019-04-12T00:00:00Z,1.00395444
2019-04-11T00:00:00Z,1.00010389
2019-04-10T00:00:00Z,1.00735724
2019-04-09T00:00:00Z,1.00465209
2019-04-08T00:00:00Z,1.00774295
2019-04-07T00:00:00Z,1.00470971
2019-04-06T00:00:00Z,1.0050027
2019-04-05T00:00:00Z,1.00062454
2019-04-04T00:00:00Z,1.00919631
2019-04-03T00:00:00Z,1.02241647
2019-04-02T00:00:00Z,1.01507879
2019-04-01T00:00:00Z,1.00088266
2019-03-31T00:00:00Z,0.98128728
2019-03-30T00:00:00Z,0.99960943
2019-03-29T00:00:00Z,1.0074848
2019-03-28T00:00:00Z,0.99916231
2019-03-27T00:00:00Z,1.00101943
2019-03-26T00:00:00Z,0.99344627
2019-03-25T00:00:00Z,0.99502507
2019-03-24T00:00:00Z,0.99602174
2019-03-23T00:00:00Z,0.99610588
2019-03-22T00:00:00Z,0.99730957
2019-03-21T00:00:00Z,0.99664808
2019-03-20T00:00:00Z,0.99893655
2019-03-19T00:00:00Z,1.00116704
2019-03-18T00:00:00Z,0.99751777
2019-03-17T00:00:00Z,1.00020802
2019-03-16T00:00:00Z,0.98772653
2019-03-15T00:00:00Z,0.99765316
2019-03-14T00:00:00Z,0.99575424
2019-03-13T00:00:00Z,0.9965393
2019-03-12T00:00:00Z,0.99269949
2019-03-11T00:00:00Z,0.99245421
2019-03-10T00:00:00Z,0.99390578
2019-03-09T00:00:00Z,0.9976949
2019-03-08T00:00:00Z,0.99491227
2019-03-07T00:00:00Z,0.99829997
2019-03-06T00:00:00Z,0.9972308
2019-03-05T00:00:00Z,0.99955472
2019-03-04T00:00:00Z,0.98748672
2019-03-03T00:00:00Z,0.99837616
2019-03-02T00:00:00Z,0.99513247
2019-03-01T00:00:00Z,0.99721803
2019-02-28T00:00:00Z,0.99619318
2019-02-27T00:00:00Z,0.9951864
2019-02-26T00:00:00Z,0.99740185
2019-02-25T00:00:00Z,0.98878822
2019-02-24T00:00:00Z,0.99478973
2019-02-23T00:00:00Z,0.98849719
2019-02-22T00:00:00Z,0.99908595
2019-02-21T00:00:00Z,0.98993799
2019-02-20T00:00:00Z,1.01064643
2019-02-19T00:00:00Z,0.99682948
2019-02-18T00:00:00Z,0.99783109
2019-02-17T00:00:00Z,0.9890358
2019-02-16T00:00:00Z,0.97710185
2019-02-15T00:00:00Z,0.99549111
2019-02-14T00:00:00Z,0.997582
2019-02-13T00:00:00Z,0.98774128
2019-02-12T00:00:00Z,0.9962815
2019-02-11T00:00:00Z,0.99595155
2019-02-10T00:00:00Z,0.99600672
2019-02-09T00:00:00Z,1.00062972
2019-02-08T00:00:00Z,0.9971471
2019-02-07T00:00:00Z,0.99281727
2019-02-06T00:00:00Z,0.99369709
2019-02-05T00:00:00Z,0.99602989
2019-02-04T00:00:00Z,0.98926893
2019-02-03T00:00:00Z,0.9895109
2019-02-02T00:00:00Z,0.99539551
2019-02-01T00:00:00Z,0.99341321
2019-01-31T00:00:00Z,0.99329484
2019-01-30T00:00:00Z,0.98880604
2019-01-29T00:00:00Z,0.9843318
2019-01-28T00:00:00Z,0.98243365
2019-01-27T00:00:00Z,0.9864533
2019-01-26T00:00:00Z,0.98949215
2019-01-25T00:00:00Z,0.99163769
2019-01-24T00:00:00Z,0.99465468
2019-01-23T00:00:00Z,0.99010844
2019-01-22T00:00:00Z,0.963517
2019-01-21T00:00:00Z,0.99278992
2019-01-20T00:00:00Z,0.98580805
2019-01-19T00:00:00Z,0.9865516
2019-01-18T00:00:00Z,0.98820235
2019-01-17T00:00:00Z,0.98284795
2019-01-16T00:00:00Z,0.99924203
2019-01-15T00:00:00Z,1.00511679
2019-01-14T00:00:00Z,0.98723142
2019-01-13T00:00:00Z,0.98389179
2019-01-12T00:00:00Z,0.98690081
2019-01-11T00:00:00Z,0.90069767
2019-01-10T00:00:00Z,0.94223152
2019-01-09T00:00:00Z,0.99735565
2019-01-08T00:00:00Z,0.98339876
2019-01-07T00:00:00Z,0.99360484
2019-01-06T00:00:00Z,0.98486897
2019-01-05T00:00:00Z,0.99664972
2019-01-04T00:00:00Z,0.98976032
2019-01-03T00:00:00Z,0.9801973
2019-01-02T00:00:00Z,0.99685395
2019-01-01T00:00:00Z,0.97900317
2018-12-31T00:00:00Z,0.97106235
2018-12-30T00:00:00Z,0.97721771
2018-12-29T00:00:00Z,0.96913777
2018-12-28T00:00:00Z,0.96917319
2018-12-27T00:00:00Z,0.98448556
2018-12-26T00:00:00Z,0.98839996
2018-12-25T00:00:00Z,0.97936188
2018-12-24T00:00:00Z,0.99501804
2018-12-23T00:00:00Z,0.9886386
2018-12-22T00:00:00Z,0.9917822
2018-12-21T00:00:00Z,0.98496701
2018-12-20T00:00:00Z,0.9994062
2018-12-19T00:00:00Z,0.99196238
2018-12-18T00:00:00Z,0.95417502
2018-12-17T00:00:00Z,0.98384981
2018-12-16T00:00:00Z,0.97408457
2018-12-15T00:00:00Z,0.96814551
2018-12-14T00:00:00Z,0.95320241
2018-12-13T00:00:00Z,0.97475376
2018-12-12T00:00:00Z,0.97138581
2018-12-11T00:00:00Z,0.91965968
2018-12-10T00:00:00Z,0.96396042
2018-12-09T00:00:00Z,0.98702401
2018-12-08T00:00:00Z,0.97535523
2018-12-07T00:00:00Z,0.94749644
2018-12-06T00:00:00Z,0.91974996
2018-12-05T00:00:00Z,0.87292663
2018-12-04T00:00:00Z,1.06909191
2018-12-03T00:00:00Z,1.02801661
2018-12-02T00:00:00Z,0.98804016
2018-12-01T00:00:00Z,1.02560295
2018-11-30T00:00:00Z,0.97473908
2018-11-29T00:00:00Z,1.01090594
2018-11-28T00:00:00Z,0.98540546
2018-11-27T00:00:00Z,0.9413609
2018-11-26T00:00:00Z,0.95303744
2018-11-25T00:00:00Z,0.93916263
2018-11-24T00:00:00Z,0.96409861
2018-11-23T00:00:00Z,0.9663008
2018-11-22T00:00:00Z,0.96906089
2018-11-21T00:00:00Z,0.96821519
2018-11-20T00:00:00Z,0.93536501
2018-11-19T00:00:00Z,0.95326688
2018-11-18T00:00:00Z,0.99251237
2018-11-17T00:00:00Z,0.98742187
2018-11-16T00:00:00Z,0.98111652
2018-11-15T00:00:00Z,0.94210451
2018-11-14T00:00:00Z,0.98231964
2018-11-13T00:00:00Z,0.99431009
2018-11-12T00:00:00Z,0.99860255
2018-11-11T00:00:00Z,0.99814285
2018-11-10T00:00:00Z,0.99869756
2018-11-09T00:00:00Z,0.99867411
2018-11-08T00:00:00Z,0.99959187
2018-11-07T00:00:00Z,1.00273487
2018-11-06T00:00:00Z,0.99836194
2018-11-05T00:00:00Z,0.99788237
2018-11-04T00:00:00Z,0.99873707
2018-11-03T00:00:00Z,0.99680338
2018-11-02T00:00:00Z,0.99965452
2018-11-01T00:00:00Z,0.99089358
2018-10-31T00:00:00Z,0.99182258
2018-10-30T00:00:00Z,0.99344403
2018-10-29T00:00:00Z,0.99260887
2018-10-28T00:00:00Z,0.99521121
2018-10-27T00:00:00Z,0.99756057
2018-10-26T00:00:00Z,0.98402795
2018-10-25T00:00:00Z,0.99443511
2018-10-24T00:00:00Z,0.99811179
2018-10-23T00:00:00Z,0.99506974
2018-10-22T00:00:00Z,0.99532101
2018-10-21T00:00:00Z,0.99833256
2018-10-20T00:00:00Z,0.91055571
2018-10-19T00:00:00Z,1.00437873
2018-10-18T00:00:00Z,0.99635713
2018-10-17T00:00:00Z,0.99472097
2018-10-16T00:00:00Z,0.9908015
2018-10-15T00:00:00Z,1.00337566
2018-10-14T00:00:00Z,0.99443336
2018-10-13T00:00:00Z,0.99423103
2018-10-12T00:00:00Z,0.99515033
2018-10-11T00:00:00Z,0.94514371
2018-10-10T00:00:00Z,0.99903159
2018-10-09T00:00:00Z,0.9976565
2018-10-08T00:00:00Z,1.00181702
2018-10-07T00:00:00Z,0.99700487
2018-10-06T00:00:00Z,0.99805092
2018-10-05T00:00:00Z,0.99742296
2018-10-04T00:00:00Z,0.9971761
2018-10-03T00:00:00Z,0.99085395
2018-10-02T00:00:00Z,0.99552759
2018-10-01T00:00:00Z,0.98978884
2018-09-30T00:00:00Z,0.99838405
2018-09-29T00:00:00Z,0.99345162
2018-09-28T00:00:00Z,1.0036549
2018-09-27T00:00:00Z,0.99881738
2018-09-26T00:00:00Z,0.998192
2018-09-25T00:00:00Z,0.98677487
2018-09-24T00:00:00Z,0.99683118
2018-09-23T00:00:00Z,1.00043176
2018-09-22T00:00:00Z,0.99806318
2018-09-21T00:00:00Z,0.98633358
2018-09-20T00:00:00Z,0.99417249
2018-09-19T00:00:00Z,0.99526904
2018-09-18T00:00:00Z,0.99458165
2018-09-17T00:00:00Z,0.99465661
2018-09-16T00:00:00Z,0.99766153
2018-09-15T00:00:00Z,0.99803463
2018-09-14T00:00:00Z,0.99834794
2018-09-13T00:00:00Z,0.98839948
2018-09-12T00:00:00Z,0.98883654
2018-09-11T00:00:00Z,0.98434599
2018-09-10T00:00:00Z,0.9900021
2018-09-09T00:00:00Z,0.99210554
2018-09-08T00:00:00Z,0.99108444
2018-09-07T00:00:00Z,0.99079519
2018-09-06T00:00:00Z,0.98205055
2018-09-05T00:00:00Z,0.99079956
2018-09-04T00:00:00Z,1.00378639
2018-09-03T00:00:00Z,1.00201258
2018-09-02T00:00:00Z,1.00494453
2018-09-01T00:00:00Z,1.00405005
2018-08-31T00:00:00Z,0.99944151
2018-08-30T00:00:00Z,1.00497572
2018-08-29T00:00:00Z,1.01130222
2018-08-28T00:00:00Z,1.00670437
2018-08-27T00:00:00Z,1.00661353
2018-08-26T00:00:00Z,1.00994219
2018-08-25T00:00:00Z,1.01683321
2018-08-24T00:00:00Z,0.99779511
2018-08-23T00:00:00Z,1.00056999
2018-08-22T00:00:00Z,1.00289469
2018-08-21T00:00:00Z,0.99781178
2018-08-20T00:00:00Z,0.99707676
2018-08-19T00:00:00Z,1.00502558
2018-08-18T00:00:00Z,0.99413413
2018-08-17T00:00:00Z,1.00378982
2018-08-16T00:00:00Z,0.99566466
2018-08-15T00:00:00Z,0.99098845
2018-08-14T00:00:00Z,0.97553533
2018-08-13T00:00:00Z,0.9951573
2018-08-12T00:00:00Z,0.99158346
2018-08-11T00:00:00Z,0.98388103
2018-08-10T00:00:00Z,0.99092883
2018-08-09T00:00:00Z,0.98095191
2018-08-08T00:00:00Z,0.98337292
2018-08-07T00:00:00Z,0.99380316
2018-08-06T00:00:00Z,0.98976432
2018-08-05T00:00:00Z,0.99383017
2018-08-04T00:00:00Z,0.98948478
2018-08-03T00:00:00Z,0.99096525
2018-08-02T00:00:00Z,0.99582147
2018-08-01T00:00:00Z,0.99490035
2018-07-31T00:00:00Z,1.00024493
2018-07-30T00:00:00Z,1.00311619
2018-07-29T00:00:00Z,1.01219608
2018-07-28T00:00:00Z,1.00806386
2018-07-27T00:00:00Z,1.0039799
2018-07-26T00:00:00Z,1.00458136
2018-07-25T00:00:00Z,1.01322227
2018-07-24T00:00:00Z,1.01315981
2018-07-23T00:00:00Z,1.00990794
2018-07-22T00:00:00Z,1.0068485
2018-07-21T00:00:00Z,1.00465572
2018-07-20T00:00:00Z,1.00422453
2018-07-19T00:00:00Z,1.00766212
2018-07-18T00:00:00Z,1.00797726
2018-07-17T00:00:00Z,1.00951447
2018-07-16T00:00:00Z,0.99953788
2018-07-15T00:00:00Z,0.99900006
2018-07-14T00:00:00Z,0.99294943
2018-07-13T00:00:00Z,0.98300972
2018-07-12T00:00:00Z,0.98012909
2018-07-11T00:00:00Z,0.98409727
2018-07-10T00:00:00Z,0.99083303
2018-07-09T00:00:00Z,0.9981318
2018-07-08T00:00:00Z,0.98540157
2018-07-07T00:00:00Z,0.99607742
2018-07-06T00:00:00Z,0.98620757
2018-07-05T00:00:00Z,0.99503843
2018-07-04T00:00:00Z,1.00165174
2018-07-03T00:00:00Z,0.99606696
2018-07-02T00:00:00Z,1.00059618
2018-07-01T00:00:00Z,0.96321711
2018-06-30T00:00:00Z,1.0005139
2018-06-29T00:00:00Z,0.98455552
2018-06-28T00:00:00Z,0.97910451
2018-06-27T00:00:00Z,0.88618235
2018-06-26T00:00:00Z,0.98753908
2018-06-25T00:00:00Z,0.99302859
2018-06-24T00:00:00Z,0.98034353
2018-06-23T00:00:00Z,0.99113453
2018-06-22T00:00:00Z,0.98531068
2018-06-21T00:00:00Z,1.00365806
2018-06-20T00:00:00Z,0.9931271
2018-06-19T00:00:00Z,0.99608255
2018-06-18T00:00:00Z,0.9897607
2018-06-17T00:00:00Z,0.98905837
2018-06-16T00:00:00Z,0.99215377
2018-06-15T00:00:00Z,0.99179713
2018-06-14T00:00:00Z,0.993113
2018-06-13T00:00:00Z,0.97682202
2018-06-12T00:00:00Z,0.98691062
2018-06-11T00:00:00Z,0.9822065
2018-06-10T00:00:00Z,0.98043466
2018-06-09T00:00:00Z,0.99521063
2018-06-08T00:00:00Z,0.99438371
2018-06-07T00:00:00Z,0.99833924
2018-06-06T00:00:00Z,0.99792154
2018-06-05T00:00:00Z,0.99182962
2018-06-04T00:00:00Z,0.99567164
2018-06-03T00:00:00Z,1.00158849
2018-06-02T00:00:00Z,1.00006022
2018-06-01T00:00:00Z,0.9938378
2018-05-31T00:00:00Z,0.99497041
2018-05-30T00:00:00Z,0.99744415
2018-05-29T00:00:00Z,0.99246543
2018-05-28T00:00:00Z,0.98594189
2018-05-27T00:00:00Z,0.99130256
2018-05-26T00:00:00Z,0.99179103
2018-05-25T00:00:00Z,0.98860072
2018-05-24T00:00:00Z,0.99637989
2018-05-23T00:00:00Z,0.98820456
2018-05-22T00:00:00Z,0.99269907
2018-05-21T00:00:00Z,1.00453207
2018-05-20T00:00:00Z,1.0025479
2018-05-19T00:00:00Z,1.0036254
2018-05-18T00:00:00Z,0.98949506
2018-05-17T00:00:00Z,1.04434613
2018-05-16T00:00:00Z,0.98703724
2018-05-15T00:00:00Z,1.00096588
2018-05-14T00:00:00Z,1.04322949
2018-05-13T00:00:00Z,0.99957903
2018-05-12T00:00:00Z,0.99594274
2018-05-11T00:00:00Z,0.99138034
2018-05-10T00:00:00Z,1.00551417
2018-05-09T00:00:00Z,1.00764322
2018-05-08T00:00:00Z,0.99905922
2018-05-07T00:00:00Z,0.99966208
2018-05-06T00:00:00Z,1.00166497
2018-05-05T00:00:00Z,1.00715395
2018-05-04T00:00:00Z,1.00998885
2018-05-03T00:00:00Z,1.00739115
2018-05-02T00:00:00Z,1.01870918
2018-05-01T00:00:00Z,0.99946886
2018-04-30T00:00:00Z,1.0062284
2018-04-29T00:00:00Z,1.00212905
2018-04-28T00:00:00Z,1.00274731
2018-04-27T00:00:00Z,1.00182281
2018-04-26T00:00:00Z,1.01664111
2018-04-25T00:00:00Z,1.00480575
2018-04-24T00:00:00Z,1.01203798
2018-04-23T00:00:00Z,1.01118398
2018-04-22T00:00:00Z,1.00994579
2018-04-21T00:00:00Z,1.01347583
2018-04-20T00:00:00Z,1.0092591
2018-04-19T00:00:00Z,1.02526063
2018-04-18T00:00:00Z,1.00236435
2018-04-17T00:00:00Z,0.99859928
2018-04-16T00:00:00Z,0.99861293
2018-04-15T00:00:00Z,1.00550558
2018-04-14T00:00:00Z,0.99848665
2018-04-13T00:00:00Z,1.01498826
2018-04-12T00:00:00Z,1.00146371
2018-04-11T00:00:00Z,0.991599
2018-04-10T00:00:00Z,0.9862417
2018-04-09T00:00:00Z,0.98327683
2018-04-08T00:00:00Z,0.99504639
2018-04-07T00:00:00Z,0.98782615
2018-04-06T00:00:00Z,0.97940206
2018-04-05T00:00:00Z,0.97933516
2018-04-04T00:00:00Z,0.98570041
2018-04-03T00:00:00Z,0.9931104
2018-04-02T00:00:00Z,0.99256842
2018-04-01T00:00:00Z,0.97546693
2018-03-31T00:00:00Z,0.99118497
2018-03-30T00:00:00Z,0.96702814
2018-03-29T00:00:00Z,0.95919266
2018-03-28T00:00:00Z,0.98541382
2018-03-27T00:00:00Z,0.98778467
2018-03-26T00:00:00Z,0.98455828
2018-03-25T00:00:00Z,0.98454799
2018-03-24T00:00:00Z,1.00692062
2018-03-23T00:00:00Z,0.99203958
2018-03-22T00:00:00Z,0.99179649
2018-03-21T00:00:00Z,1.0037163
2018-03-20T00:00:00Z,0.99713098
2018-03-19T00:00:00Z,0.99938948
2018-03-18T00:00:00Z,0.98906152
2018-03-17T00:00:00Z,0.99410491
2018-03-16T00:00:00Z,0.98693071
2018-03-15T00:00:00Z,0.98833645
2018-03-14T00:00:00Z,0.97695394
2018-03-13T00:00:00Z,0.99450728
2018-03-12T00:00:00Z,0.99634973
2018-03-11T00:00:00Z,1.00288689
2018-03-10T00:00:00Z,0.98452185
2018-03-09T00:00:00Z,0.94699226
2018-03-08T00:00:00Z,0.98249907
2018-03-07T00:00:00Z,0.98362002
2018-03-06T00:00:00Z,1.00650954
2018-03-05T00:00:00Z,1.03289354
2018-03-04T00:00:00Z,1.02297646
2018-03-03T00:00:00Z,1.01158448
2018-03-02T00:00:00Z,1.01292004
2018-03-01T00:00:00Z,1.00724678
2018-02-28T00:00:00Z,1.01589706
2018-02-27T00:00:00Z,1.0156374
2018-02-26T00:00:00Z,1.00543068
2018-02-25T00:00:00Z,0.99335633
2018-02-24T00:00:00Z,1.00091642
2018-02-23T00:00:00Z,1.00404792
2018-02-22T00:00:00Z,1.081685
2018-02-21T00:00:00Z,1.00622054
2018-02-20T00:00:00Z,1.02823823
2018-02-19T00:00:00Z,1.01192816
2018-02-18T00:00:00Z,1.00713292
2018-02-17T00:00:00Z,1.01092956
2018-02-16T00:00:00Z,1.01198431
2018-02-15T00:00:00Z,1.02363722
2018-02-14T00:00:00Z,1.00878518
2018-02-13T00:00:00Z,0.99033723
2018-02-12T00:00:00Z,1.00410538
2018-02-11T00:00:00Z,0.99427679
2018-02-10T00:00:00Z,0.99988456
2018-02-09T00:00:00Z,0.9825184
2018-02-08T00:00:00Z,0.98702885
2018-02-07T00:00:00Z,0.98059299
2018-02-06T00:00:00Z,0.95953181
2018-02-05T00:00:00Z,0.96149104
2018-02-04T00:00:00Z,1.00895972
2018-02-03T00:00:00Z,0.98240066
2018-02-02T00:00:00Z,0.94311104
2018-02-01T00:00:00Z,0.98566119
2018-01-31T00:00:00Z,0.99221513
2018-01-30T00:00:00Z,0.98461833
2018-01-29T00:00:00Z,0.99958684
2018-01-28T00:00:00Z,1.01179969
2018-01-27T00:00:00Z,1.0045684
2018-01-26T00:00:00Z,1.00927821
2018-01-25T00:00:00Z,1.00190588
2018-01-24T00:00:00Z,0.99887846
2018-01-23T00:00:00Z,0.98833193
2018-01-22T00:00:00Z,0.99114972
2018-01-21T00:00:00Z,0.99212933
2018-01-20T00:00:00Z,1.00739913
2018-01-19T00:00:00Z,0.99985411
2018-01-18T00:00:00Z,0.99769875
2018-01-17T00:00:00Z,0.9858274
2018-01-16T00:00:00Z,0.98938157
2018-01-15T00:00:00Z,1.00643093
2018-01-14T00:00:00Z,1.0057943
2018-01-13T00:00:00Z,1.0146846
2018-01-12T00:00:00Z,1.01267606
2018-01-11T00:00:00Z,1.00978237
2018-01-10T00:00:00Z,1.00562213
2018-01-09T00:00:00Z,1.01132799
2018-01-08T00:00:00Z,1.00120352
2018-01-07T00:00:00Z,1.02878792
2018-01-06T00:00:00Z,1.01966024
2018-01-05T00:00:00Z,1.02835757
2018-01-04T00:00:00Z,1.01733855
2018-01-03T00:00:00Z,1.01210728
2018-01-02T00:00:00Z,1.01729784
2018-01-01T00:00:00Z,1.0013489
2017-12-31T00:00:00Z,1.00736036
2017-12-30T00:00:00Z,1.01465171
2017-12-29T00:00:00Z,1.01541719
2017-12-28T00:00:00Z,1.00635429
2017-12-27T00:00:00Z,1.03009342
2017-12-26T00:00:00Z,1.025466
2017-12-25T00:00:00Z,1.00757746
2017-12-24T00:00:00Z,1.00490025
2017-12-23T00:00:00Z,1.01529875
2017-12-22T00:00:00Z,0.9996006
2017-12-21T00:00:00Z,1.01740345
2017-12-20T00:00:00Z,1.03721261
2017-12-19T00:00:00Z,1.0242419
2017-12-18T00:00:00Z,1.0202572
2017-12-17T00:00:00Z,1.03929707
2017-12-16T00:00:00Z,1.0304032
2017-12-15T00:00:00Z,1.03016815
2017-12-14T00:00:00Z,1.02192621
2017-12-13T00:00:00Z,1.02965514
2017-12-12T00:00:00Z,1.04494432
2017-12-11T00:00:00Z,1.04025161
2017-12-10T00:00:00Z,1.03252315
2017-12-09T00:00:00Z,1.02315495
2017-12-08T00:00:00Z,1.06372066
2017-12-07T00:00:00Z,1.08334166
2017-12-06T00:00:00Z,1.03061438
2017-12-05T00:00:00Z,1.02258251
2017-12-04T00:00:00Z,1.02652848
2017-12-03T00:00:00Z,1.02604538
2017-12-02T00:00:00Z,1.0317503
2017-12-01T00:00:00Z,1.02890501
2017-11-30T00:00:00Z,1.01930816
2017-11-29T00:00:00Z,1.03687109
2017-11-28T00:00:00Z,1.03969613
2017-11-27T00:00:00Z,1.03757616
2017-11-26T00:00:00Z,1.03838981
2017-11-25T00:00:00Z,1.02415981
2017-11-24T00:00:00Z,1.02564523
2017-11-23T00:00:00Z,1.0103981
2017-11-22T00:00:00Z,1.01109366
2017-11-21T00:00:00Z,1.0201988
2017-11-20T00:00:00Z,1.0156801
2017-11-19T00:00:00Z,1.00780947
2017-11-18T00:00:00Z,1.0147116
2017-11-17T00:00:00Z,1.02620169
2017-11-16T00:00:00Z,1.02150397
2017-11-15T00:00:00Z,1.02025169
2017-11-14T00:00:00Z,1.00936197
2017-11-13T00:00:00Z,1.01446597
2017-11-12T00:00:00Z,1.06150575
2017-11-11T00:00:00Z,1.02130944
2017-11-10T00:00:00Z,1.01805207
2017-11-09T00:00:00Z,1.02495856
2017-11-08T00:00:00Z,1.01003738
2017-11-07T00:00:00Z,1.01199164
2017-11-06T00:00:00Z,1.01314636
2017-11-05T00:00:00Z,1.00857517
2017-11-04T00:00:00Z,1.0068275
2017-11-03T00:00:00Z,1.01977292
2017-11-02T00:00:00Z,1.03929333
2017-11-01T00:00:00Z,1.02870126
2017-10-31T00:00:00Z,1.02017974
2017-10-30T00:00:00Z,1.02171927
2017-10-29T00:00:00Z,1.01753926
2017-10-28T00:00:00Z,1.00967478
2017-10-27T00:00:00Z,1.01432501
2017-10-26T00:00:00Z,1.01616297
2017-10-25T00:00:00Z,1.01215755
2017-10-24T00:00:00Z,1.01762339
2017-10-23T00:00:00Z,1.03501902
2017-10-22T00:00:00Z,1.03326522
2017-10-21T00:00:00Z,1.02121989
2017-10-20T00:00:00Z,1.01870738
2017-10-19T00:00:00Z,1.02841524
2017-10-18T00:00:00Z,1.01016585
2017-10-17T00:00:00Z,1.01387258
2017-10-16T00:00:00Z,1.02561728
2017-10-15T00:00:00Z,1.0244879
2017-10-14T00:00:00Z,1.02470046
2017-10-13T00:00:00Z,1.04240983
2017-10-12T00:00:00Z,1.02563413
2017-10-11T00:00:00Z,1.01251664
2017-10-10T00:00:00Z,1.02508316
2017-10-09T00:00:00Z,1.02246174
2017-10-08T00:00:00Z,1.02327055
2017-10-07T00:00:00Z,1.01478507
2017-10-06T00:00:00Z,1.01501662
2017-10-05T00:00:00Z,1.02743192
2017-10-04T00:00:00Z,1.00929145
2017-10-03T00:00:00Z,1.0104155
2017-10-02T00:00:00Z,1.01837174
2017-10-01T00:00:00Z,1.01252971
2017-09-30T00:00:00Z,1.02010987
2017-09-29T00:00:00Z,1.00825436
2017-09-28T00:00:00Z,1.01406264
2017-09-27T00:00:00Z,1.01225296
2017-09-26T00:00:00Z,1.00919347
2017-09-25T00:00:00Z,1.03669451
2017-09-24T00:00:00Z,1.00156436
2017-09-23T00:00:00Z,1.0074726
2017-09-22T00:00:00Z,1.00251841
2017-09-21T00:00:00Z,1.00044263
2017-09-20T00:00:00Z,1.00731297
2017-09-19T00:00:00Z,1.0084064
2017-09-18T00:00:00Z,1.01058642
2017-09-17T00:00:00Z,1.00125764
2017-09-16T00:00:00Z,1.00717491
2017-09-15T00:00:00Z,0.99614211
2017-09-14T00:00:00Z,0.98818375
2017-09-13T00:00:00Z,0.99409233
2017-09-12T00:00:00Z,1.0058977
2017-09-11T00:00:00Z,1.00454792
2017-09-10T00:00:00Z,1.0166626
2017-09-09T00:00:00Z,1.00439693
2017-09-08T00:00:00Z,1.00475466
2017-09-07T00:00:00Z,1.03077442
2017-09-06T00:00:00Z,1.0176202
2017-09-05T00:00:00Z,1.00319879
2017-09-04T00:00:00Z,1.01282963
2017-09-03T00:00:00Z,1.01718716
2017-09-02T00:00:00Z,1.02211784
2017-09-01T00:00:00Z,1.035484
2017-08-31T00:00:00Z,1.03911861
2017-08-30T00:00:00Z,1.02810068
2017-08-29T00:00:00Z,1.03676881
2017-08-28T00:00:00Z,1.02177773
2017-08-27T00:00:00Z,1.02184421
2017-08-26T00:00:00Z,1.02227369
2017-08-25T00:00:00Z,1.02779884
2017-08-24T00:00:00Z,1.02004663
2017-08-23T00:00:00Z,1.02517544
2017-08-22T00:00:00Z,1.02223988
2017-08-21T00:00:00Z,1.01324985
2017-08-20T00:00:00Z,1.04091619
2017-08-19T00:00:00Z,1.026203
2017-08-18T00:00:00Z,1.01727659
2017-08-17T00:00:00Z,1.02925964
2017-08-16T00:00:00Z,1.01887418
2017-08-15T00:00:00Z,1.02079707
2017-08-14T00:00:00Z,1.03254572
2017-08-13T00:00:00Z,1.03288501
2017-08-12T00:00:00Z,1.03165648
2017-08-11T00:00:00Z,1.01602433
2017-08-10T00:00:00Z,1.01924686
2017-08-09T00:00:00Z,1.02921095
2017-08-08T00:00:00Z,1.04034595
2017-08-07T00:00:00Z,1.05356492
2017-08-06T00:00:00Z,1.07512074
2017-08-05T00:00:00Z,1.05966028
2017-08-04T00:00:00Z,1.05966868
2017-08-03T00:00:00Z,1.03521991
2017-08-02T00:00:00Z,1.02033322
2017-08-01T00:00:00Z,1.03231494
2017-07-31T00:00:00Z,1.06230242
2017-07-30T00:00:00Z,1.01446079
2017-07-29T00:00:00Z,1.02659509
2017-07-28T00:00:00Z,1.02874264
2017-07-27T00:00:00Z,1.01961301
2017-07-26T00:00:00Z,1.00291916
2017-07-25T00:00:00Z,1.00737391
2017-07-24T00:00:00Z,1.01121556
2017-07-23T00:00:00Z,1.01124525
2017-07-22T00:00:00Z,1.01886594
2017-07-21T00:00:00Z,1.01658652
2017-07-20T00:00:00Z,1.02418115
2017-07-19T00:00:00Z,1.00775525
2017-07-18T00:00:00Z,1.00961587
2017-07-17T00:00:00Z,1.01103524
2017-07-16T00:00:00Z,0.98649148
2017-07-15T00:00:00Z,0.9890638
2017-07-14T00:00:00Z,0.9997471
2017-07-13T00:00:00Z,1.00403745
2017-07-12T00:00:00Z,1.00034628
2017-07-11T00:00:00Z,1.00101465
2017-07-10T00:00:00Z,0.99982966
2017-07-09T00:00:00Z,1.00398738
2017-07-08T00:00:00Z,1.00412107
2017-07-07T00:00:00Z,1.01208899
2017-07-06T00:00:00Z,1.00794392
2017-07-05T00:00:00Z,1.01205769
2017-07-04T00:00:00Z,1.00876144
2017-07-03T00:00:00Z,1.01048459
2017-07-02T00:00:00Z,1.00727478
2017-07-01T00:00:00Z,1.0018009
2017-06-30T00:00:00Z,1.00969273
2017-06-29T00:00:00Z,1.00778758
2017-06-28T00:00:00Z,1.01016123
2017-06-27T00:00:00Z,1.00186217
2017-06-26T00:00:00Z,0.9995647
2017-06-25T00:00:00Z,1.00275415
2017-06-24T00:00:00Z,1.00557148
2017-06-23T00:00:00Z,1.01011206
2017-06-22T00:00:00Z,1.00996232
2017-06-21T00:00:00Z,1.00788805
2017-06-20T00:00:00Z,1.01462486
2017-06-19T00:00:00Z,1.01247139
2017-06-18T00:00:00Z,1.01896614
2017-06-17T00:00:00Z,1.00925884
2017-06-16T00:00:00Z,1.01002423
2017-06-15T00:00:00Z,0.99415076
2017-06-14T00:00:00Z,1.00940795
2017-06-13T00:00:00Z,1.01795207
2017-06-12T00:00:00Z,1.01997663
2017-06-11T00:00:00Z,1.01729787
2017-06-10T00:00:00Z,1.02214973
2017-06-09T00:00:00Z,1.01700864
2017-06-08T00:00:00Z,1.01681485
2017-06-07T00:00:00Z,1.01514787
2017-06-06T00:00:00Z,1.02550937
2017-06-05T00:00:00Z,1.01541803
2017-06-04T00:00:00Z,1.00914279
2017-06-03T00:00:00Z,1.01328963
2017-06-02T00:00:00Z,1.01108304
2017-06-01T00:00:00Z,1.01651308
2017-05-31T00:00:00Z,1.01376106
2017-05-30T00:00:00Z,1.00804474
2017-05-29T00:00:00Z,1.01057276
2017-05-28T00:00:00Z,1.00874614
2017-05-27T00:00:00Z,0.99744222
2017-05-26T00:00:00Z,1.01675298
2017-05-25T00:00:00Z,1.03440122
2017-05-24T00:00:00Z,1.02337594
2017-05-23T00:00:00Z,1.01968747
2017-05-22T00:00:00Z,1.02812767
2017-05-21T00:00:00Z,1.01686041
2017-05-20T00:00:00Z,1.0143614
2017-05-19T00:00:00Z,1.01663349
2017-05-18T00:00:00Z,1.0089388
2017-05-17T00:00:00Z,1.01382237
2017-05-16T00:00:00Z,1.00810763
2017-05-15T00:00:00Z,1.00786349
2017-05-14T00:00:00Z,1.00761124
2017-05-13T00:00:00Z,1.00584054
2017-05-12T00:00:00Z,1.01095278
2017-05-11T00:00:00Z,1.0212811
2017-05-10T00:00:00Z,1.01090581
2017-05-09T00:00:00Z,1.01879992
2017-05-08T00:00:00Z,1.01415778
2017-05-07T00:00:00Z,1.00880817
2017-05-06T00:00:00Z,1.00916575
2017-05-05T00:00:00Z,1.01717287
2017-05-04T00:00:00Z,1.02424555
2017-05-03T00:00:00Z,1.0125368
2017-05-02T00:00:00Z,1.01626274
2017-05-01T00:00:00Z,1.02057312
2017-04-30T00:00:00Z,1.01001027
2017-04-29T00:00:00Z,1.00823223
2017-04-28T00:00:00Z,1.01287327
2017-04-27T00:00:00Z,1.01136465
2017-04-26T00:00:00Z,1.01009854
2017-04-25T00:00:00Z,1.00693466
2017-04-24T00:00:00Z,1.00966547
2017-04-23T00:00:00Z,1.00663416
2017-04-22T00:00:00Z,1.00492479
2017-04-21T00:00:00Z,1.00620152
2017-04-20T00:00:00Z,1.00970505
2017-04-19T00:00:00Z,1.00571075
2017-04-18T00:00:00Z,1.00803441
2017-04-17T00:00:00Z,1.00902683
2017-04-16T00:00:00Z,1.00183432
2017-04-15T00:00:00Z,1.00389272
2017-04-14T00:00:00Z,1.00574826
2017-04-13T00:00:00Z,1.00225618
2017-04-12T00:00:00Z,1.00919911
2017-04-11T00:00:00Z,1.00903828
2017-04-10T00:00:00Z,1.00824627
2017-04-09T00:00:00Z,1.00934149
2017-04-08T00:00:00Z,1.00091597
2017-04-07T00:00:00Z,1.00447256
2017-04-06T00:00:00Z,1.01158837
2017-04-05T00:00:00Z,1.00601975
2017-04-04T00:00:00Z,1.00581871
2017-04-03T00:00:00Z,1.00580429
2017-04-02T00:00:00Z,1.00275876
2017-04-01T00:00:00Z,1.00470448
2017-03-31T00:00:00Z,1.00681326
2017-03-30T00:00:00Z,1.00377238
2017-03-29T00:00:00Z,1.00324906
2017-03-28T00:00:00Z,1.00733593
2017-03-27T00:00:00Z,1.00424113
2017-03-26T00:00:00Z,1.00681381
2017-03-25T00:00:00Z,0.9976865
2017-03-24T00:00:00Z,1.00042315
2017-03-23T00:00:00Z,0.9998032
2017-03-22T00:00:00Z,1.00071529
2017-03-21T00:00:00Z,1.00372595
2017-03-20T00:00:00Z,0.99859232
2017-03-19T00:00:00Z,1.00094604
2017-03-18T00:00:00Z,0.99530429
2017-03-17T00:00:00Z,1.00006047
2017-03-16T00:00:00Z,1.00576744
2017-03-15T00:00:00Z,1.01205794
2017-03-14T00:00:00Z,1.00612
2017-03-13T00:00:00Z,1.02177751
2017-03-12T00:00:00Z,1.00951156
2017-03-11T00:00:00Z,1.00488529
2017-03-10T00:00:00Z,1.0042431
2017-03-09T00:00:00Z,1.00099697
2017-03-08T00:00:00Z,1.00435315
2017-03-07T00:00:00Z,1.00785086
2017-03-06T00:00:00Z,1.01524265
2017-03-05T00:00:00Z,1.01185701
2017-03-04T00:00:00Z,1.00889479
2017-03-03T00:00:00Z,1.00888931
2017-03-02T00:00:00Z,1.01287522
2017-03-01T00:00:00Z,1.01168562
2017-02-28T00:00:00Z,1.00894397
2017-02-27T00:00:00Z,1.0110953
2017-02-26T00:00:00Z,1.00735523
2017-02-25T00:00:00Z,1.00864849
2017-02-24T00:00:00Z,1.02735501
2017-02-23T00:00:00Z,1.00918314
2017-02-22T00:00:00Z,1.01440769
2017-02-21T00:00:00Z,1.01447447
2017-02-20T00:00:00Z,1.00741917
2017-02-19T00:00:00Z,1.00645799
2017-02-18T00:00:00Z,1.01079942
2017-02-17T00:00:00Z,1.01065256
2017-02-16T00:00:00Z,1.00425405
2017-02-15T00:00:00Z,1.00356827
2017-02-14T00:00:00Z,1.00608384
2017-02-13T00:00:00Z,1.00850653
2017-02-12T00:00:00Z,1.0090912
2017-02-11T00:00:00Z,1.00434697
2017-02-10T00:00:00Z,1.00500696
2017-02-09T00:00:00Z,1.00373035
2017-02-08T00:00:00Z,1.00975357
2017-02-07T00:00:00Z,1.01227163
2017-02-06T00:00:00Z,1.01036457
2017-02-05T00:00:00Z,1.00699429
2017-02-04T00:00:00Z,1.00633049
2017-02-03T00:00:00Z,1.01176082
2017-02-02T00:00:00Z,1.01080535
2017-02-01T00:00:00Z,1.00856105
2017-01-31T00:00:00Z,1.00878343
2017-01-30T00:00:00Z,1.00433773
2017-01-29T00:00:00Z,1.01692998
2017-01-28T00:00:00Z,1.00419257
2017-01-27T00:00:00Z,1.00430228
2017-01-26T00:00:00Z,1.00602147
2017-01-25T00:00:00Z,1.0054548
2017-01-24T00:00:00Z,1.006123
2017-01-23T00:00:00Z,1.00682928
2017-01-22T00:00:00Z,1.01114399
2017-01-21T00:00:00Z,1.00786908
2017-01-20T00:00:00Z,1.00281429
2017-01-19T00:00:00Z,1.00391505
2017-01-18T00:00:00Z,1.00352158
2017-01-17T00:00:00Z,1.00968839
2017-01-16T00:00:00Z,1.00185713
2017-01-15T00:00:00Z,1.00026334
2017-01-14T00:00:00Z,1.00067827
2017-01-13T00:00:00Z,0.99966548
2017-01-12T00:00:00Z,0.99605043
2017-01-11T00:00:00Z,0.99460745
2017-01-10T00:00:00Z,1.00365187
2017-01-09T00:00:00Z,1.00346466
2017-01-08T00:00:00Z,1.0065482
2017-01-07T00:00:00Z,0.99586087
2017-01-06T00:00:00Z,0.99578117
2017-01-05T00:00:00Z,1.02636703
2017-01-04T00:00:00Z,1.02935583
2017-01-03T00:00:00Z,1.01799696
2017-01-02T00:00:00Z,1.02483422
2017-01-01T00:00:00Z,1.01927345
2016-12-31T00:00:00Z,1.00791365
2016-12-30T00:00:00Z,1.01143698
2016-12-29T00:00:00Z,1.01984546
2016-12-28T00:00:00Z,1.0209612
2016-12-27T00:00:00Z,1.01234351
2016-12-26T00:00:00Z,1.01294941
2016-12-25T00:00:00Z,1.00761312
2016-12-24T00:00:00Z,1.00955512
2016-12-23T00:00:00Z,1.02039447
2016-12-22T00:00:00Z,1.01563194
2016-12-21T00:00:00Z,1.01228172
2016-12-20T00:00:00Z,1.00695697
2016-12-19T00:00:00Z,1.00387574
2016-12-18T00:00:00Z,1.00791193
2016-12-17T00:00:00Z,1.00782501
2016-12-16T00:00:00Z,1.00579654
2016-12-15T00:00:00Z,1.0054126
2016-12-14T00:00:00Z,1.0060285
2016-12-13T00:00:00Z,1.0067658
2016-12-12T00:00:00Z,1.00666146
2016-12-11T00:00:00Z,1.0041833
2016-12-10T00:00:00Z,1.01173017
2016-12-09T00:00:00Z,1.00446103
2016-12-08T00:00:00Z,1.01036817
2016-12-07T00:00:00Z,1.00618332
2016-12-06T00:00:00Z,1.00412937
2016-12-05T00:00:00Z,1.00425268
2016-12-04T00:00:00Z,1.00562371
2016-12-03T00:00:00Z,1.05305896
2016-12-02T00:00:00Z,1.01216518
2016-12-01T00:00:00Z,1.00930443
2016-11-30T00:00:00Z,1.00716814
2016-11-29T00:00:00Z,1.00402452
2016-11-28T00:00:00Z,1.00530252
2016-11-27T00:00:00Z,1.00649454
2016-11-26T00:00:00Z,1.00504435
2016-11-25T00:00:00Z,1.00289637
2016-11-24T00:00:00Z,1.02165469
2016-11-23T00:00:00Z,1.00599857
2016-11-22T00:00:00Z,1.00739189
2016-11-21T00:00:00Z,1.00561805
2016-11-20T00:00:00Z,1.00258424
2016-11-19T00:00:00Z,1.00674418
2016-11-18T00:00:00Z,1.00831075
2016-11-17T00:00:00Z,1.01343629
2016-11-16T00:00:00Z,1.01214307
2016-11-15T00:00:00Z,1.00610056
2016-11-14T00:00:00Z,1.00403455
2016-11-13T00:00:00Z,1.00051803
2016-11-12T00:00:00Z,1.002231
2016-11-11T00:00:00Z,1.00537772
2016-11-10T00:00:00Z,1.00385403
2016-11-09T00:00:00Z,1.00678051
2016-11-08T00:00:00Z,1.00424665
2016-11-07T00:00:00Z,1.00129518
2016-11-06T00:00:00Z,1.00108967
2016-11-05T00:00:00Z,1.00078938
2016-11-04T00:00:00Z,1.00085913
2016-11-03T00:00:00Z,1.00136496
2016-11-02T00:00:00Z,1.00239886
2016-11-01T00:00:00Z,1.01128919
2016-10-31T00:00:00Z,1.0081465
2016-10-30T00:00:00Z,1.00350635
2016-10-29T00:00:00Z,1.01227416
2016-10-28T00:00:00Z,1.00677994
2016-10-27T00:00:00Z,1.00673236
2016-10-26T00:00:00Z,1.00765617
2016-10-25T00:00:00Z,1.00371302
2016-10-24T00:00:00Z,1.00214858
2016-10-23T00:00:00Z,1.0029613
2016-10-22T00:00:00Z,1.00537465
2016-10-21T00:00:00Z,1.00334571
2016-10-20T00:00:00Z,1.00093694
2016-10-19T00:00:00Z,1.00211825
2016-10-18T00:00:00Z,1.00413815
2016-10-17T00:00:00Z,1.00779757
2016-10-16T00:00:00Z,1.00175627
2016-10-15T00:00:00Z,1.00099299
2016-10-14T00:00:00Z,1.00233777
2016-10-13T00:00:00Z,1.00237535
2016-10-12T00:00:00Z,1.00702688
2016-10-11T00:00:00Z,1.00581718
2016-10-10T00:00:00Z,1.00132251
2016-10-09T00:00:00Z,1.00074286
2016-10-08T00:00:00Z,1.00183799
2016-10-07T00:00:00Z,1.00151832
2016-10-06T00:00:00Z,1.00158746
2016-10-05T00:00:00Z,1.00170578
2016-10-04T00:00:00Z,1.00458609
2016-10-03T00:00:00Z,1.00462614
2016-10-02T00:00:00Z,1.00097777
2016-10-01T00:00:00Z,1.00246918
2016-09-30T00:00:00Z,1.00015437
2016-09-29T00:00:00Z,1.00095799
2016-09-28T00:00:00Z,1.00067903
2016-09-27T00:00:00Z,1.0024314
2016-09-26T00:00:00Z,1.00225587
2016-09-25T00:00:00Z,1.003808
2016-09-24T00:00:00Z,0.99921677
2016-09-23T00:00:00Z,1.00049519
2016-09-22T00:00:00Z,0.99993373
2016-09-21T00:00:00Z,0.99880753
2016-09-20T00:00:00Z,1.00591886
2016-09-19T00:00:00Z,1.00099316
2016-09-18T00:00:00Z,1.00168754
2016-09-17T00:00:00Z,1.00117102
2016-09-16T00:00:00Z,1.00321991
2016-09-15T00:00:00Z,1.00138561
2016-09-14T00:00:00Z,1.00214092
2016-09-13T00:00:00Z,1.00486421
2016-09-12T00:00:00Z,0.99978017
2016-09-11T00:00:00Z,1.00273015
2016-09-10T00:00:00Z,1.00272922
2016-09-09T00:00:00Z,1.0039658
2016-09-08T00:00:00Z,1.00645911
2016-09-07T00:00:00Z,1.00403859
2016-09-06T00:00:00Z,1.00529005
2016-09-05T00:00:00Z,1.00333369
2016-09-04T00:00:00Z,1.00822138
2016-09-03T00:00:00Z,1.0036249
2016-09-02T00:00:00Z,1.00067784
2016-09-01T00:00:00Z,0.99976074
2016-08-31T00:00:00Z,1.0044521
2016-08-30T00:00:00Z,1.00308169
2016-08-29T00:00:00Z,0.99767871
2016-08-28T00:00:00Z,1.00005255
2016-08-27T00:00:00Z,0.99901859
2016-08-26T00:00:00Z,1.00122279
2016-08-25T00:00:00Z,1.00753233
2016-08-24T00:00:00Z,0.99892959
2016-08-23T00:00:00Z,0.99990026
2016-08-22T00:00:00Z,1.00098322
2016-08-21T00:00:00Z,1.00184917
2016-08-20T00:00:00Z,1.0086011
2016-08-19T00:00:00Z,1.00058101
2016-08-18T00:00:00Z,1.00025275
2016-08-17T00:00:00Z,0.99954273
2016-08-16T00:00:00Z,1.00138569
2016-08-15T00:00:00Z,0.99683106
2016-08-14T00:00:00Z,0.99895042
2016-08-13T00:00:00Z,1.00048427
2016-08-12T00:00:00Z,0.99963563
2016-08-11T00:00:00Z,0.99971707
2016-08-10T00:00:00Z,0.99854867
2016-08-09T00:00:00Z,0.99813419
2016-08-08T00:00:00Z,1.00035046
2016-08-07T00:00:00Z,1.00165092
2016-08-06T00:00:00Z,0.99834759
2016-08-05T00:00:00Z,1.00001691
2016-08-04T00:00:00Z,1.00341038
2016-08-03T00:00:00Z,0.99460734
2016-08-02T00:00:00Z,0.99172339
2016-08-01T00:00:00Z,0.99469766
2016-07-31T00:00:00Z,0.99695746
2016-07-30T00:00:00Z,1.00284144
2016-07-29T00:00:00Z,1.00237974
2016-07-28T00:00:00Z,1.00181914
2016-07-27T00:00:00Z,1.00303972
2016-07-26T00:00:00Z,1.00174735
2016-07-25T00:00:00Z,1.00349543
2016-07-24T00:00:00Z,1.0080087
2016-07-23T00:00:00Z,0.99987693
2016-07-22T00:00:00Z,1.00063589
2016-07-21T00:00:00Z,1.00125007
2016-07-20T00:00:00Z,1.00113247
2016-07-19T00:00:00Z,1.00477273
2016-07-18T00:00:00Z,1.00306166
2016-07-17T00:00:00Z,1.0074607
2016-07-16T00:00:00Z,1.00245473
2016-07-15T00:00:00Z,1.00157339
2016-07-14T00:00:00Z,1.00164954
2016-07-13T00:00:00Z,1.00323841
2016-07-12T00:00:00Z,1.00441638
2016-07-11T00:00:00Z,1.00543001
2016-07-10T00:00:00Z,1.005162
2016-07-09T00:00:00Z,1.00509472
2016-07-08T00:00:00Z,1.00368512
2016-07-07T00:00:00Z,0.99713373
2016-07-06T00:00:00Z,1.00454757
2016-07-05T00:00:00Z,1.00624546
2016-07-04T00:00:00Z,1.0028538
2016-07-03T00:00:00Z,1.00127974
2016-07-02T00:00:00Z,1.00631207
2016-07-01T00:00:00Z,1.0078233
2016-06-30T00:00:00Z,1.01112898
2016-06-29T00:00:00Z,0.99865358
2016-06-28T00:00:00Z,1.00369537
2016-06-27T00:00:00Z,1.00421161
2016-06-26T00:00:00Z,0.995385
2016-06-25T00:00:00Z,1.00935751
2016-06-24T00:00:00Z,1.00873759
2016-06-23T00:00:00Z,0.99477762
2016-06-22T00:00:00Z,0.99343018
2016-06-21T00:00:00Z,1.00145065
2016-06-20T00:00:00Z,1.0067011
2016-06-19T00:00:00Z,1.00801082
2016-06-18T00:00:00Z,1.01160285
2016-06-17T00:00:00Z,1.01409181
2016-06-16T00:00:00Z,1.03623181
2016-06-15T00:00:00Z,1.01938405
2016-06-14T00:00:00Z,1.01157867
2016-06-13T00:00:00Z,1.03399601
2016-06-12T00:00:00Z,1.02192479
2016-06-11T00:00:00Z,1.00757292
2016-06-10T00:00:00Z,1.00620194
2016-06-09T00:00:00Z,1.00581987
2016-06-08T00:00:00Z,1.00836927
2016-06-07T00:00:00Z,1.00583636
2016-06-06T00:00:00Z,1.01303524
2016-06-05T00:00:00Z,1.00872761
2016-06-04T00:00:00Z,1.01315647
2016-06-03T00:00:00Z,1.01134345
2016-06-02T00:00:00Z,1.01290238
2016-06-01T00:00:00Z,1.00807455
2016-05-31T00:00:00Z,1.00894016
2016-05-30T00:00:00Z,1.01469828
2016-05-29T00:00:00Z,1.01290013
2016-05-28T00:00:00Z,1.01056062
2016-05-27T00:00:00Z,1.0102591
2016-05-26T00:00:00Z,1.00168472
2016-05-25T00:00:00Z,1.00223252
2016-05-24T00:00:00Z,1.00085942
2016-05-23T00:00:00Z,1.0019879
2016-05-22T00:00:00Z,1.00031828
2016-05-21T00:00:00Z,1.00082418
2016-05-20T00:00:00Z,1.00124498
2016-05-19T00:00:00Z,1.00106502
2016-05-18T00:00:00Z,1.00201134
2016-05-17T00:00:00Z,1.01285855
2016-05-16T00:00:00Z,1.00000353
2016-05-15T00:00:00Z,1.00162376
2016-05-14T00:00:00Z,1.00344788
2016-05-13T00:00:00Z,1.00143955
2016-05-12T00:00:00Z,1.00091201
2016-05-11T00:00:00Z,1.00188944
2016-05-10T00:00:00Z,1.00208951
2016-05-09T00:00:00Z,1.00263716
2016-05-08T00:00:00Z,1.00233785
2016-05-07T00:00:00Z,1.00253822
2016-05-06T00:00:00Z,1.0055427
2016-05-05T00:00:00Z,1.00134693
2016-05-04T00:00:00Z,1.00140764
2016-05-03T00:00:00Z,1.00119236
2016-05-02T00:00:00Z,0.99949484
2016-05-01T00:00:00Z,1.0052322
2016-04-30T00:00:00Z,1.00150351
2016-04-29T00:00:00Z,1.00211595
2016-04-28T00:00:00Z,0.99947141
2016-04-27T00:00:00Z,1.00146119
2016-04-26T00:00:00Z,1.00585697
2016-04-25T00:00:00Z,1.00806183
2016-04-24T00:00:00Z,1.00601896
2016-04-23T00:00:00Z,1.00139467
2016-04-22T00:00:00Z,1.00182218
2016-04-21T00:00:00Z,1.00210869
2016-04-20T00:00:00Z,1.00219131
2016-04-19T00:00:00Z,1.0012025
2016-04-18T00:00:00Z,1.00047851
2016-04-17T00:00:00Z,1.0003526
2016-04-16T00:00:00Z,1.00149134
2016-04-15T00:00:00Z,1.00125554
2016-04-14T00:00:00Z,1.00074366
2016-04-13T00:00:00Z,1.00063141
2016-04-12T00:00:00Z,1.00256967
2016-04-11T00:00:00Z,1.0012821
2016-04-10T00:00:00Z,1.00689407
2016-04-09T00:00:00Z,0.99995893
2016-04-08T00:00:00Z,1.00034509
2016-04-07T00:00:00Z,1.00904393
2016-04-06T00:00:00Z,1.00445008
2016-04-05T00:00:00Z,1.00228782
2016-04-04T00:00:00Z,1.00126479
2016-04-03T00:00:00Z,1.00155389
2016-04-02T00:00:00Z,1.00195449
2016-04-01T00:00:00Z,1.0011918
2016-03-31T00:00:00Z,1.00243349
2016-03-30T00:00:00Z,1.00029983
2016-03-29T00:00:00Z,1.00035478
2016-03-28T00:00:00Z,1.0037191
2016-03-27T00:00:00Z,1.00337087
2016-03-26T00:00:00Z,1.00325995
2016-03-25T00:00:00Z,1.00289998
2016-03-24T00:00:00Z,1.001451
2016-03-23T00:00:00Z,1.00135718
2016-03-22T00:00:00Z,1.00373893
2016-03-21T00:00:00Z,1.00214933
2016-03-20T00:00:00Z,1.00006846
2016-03-19T00:00:00Z,0.99905451
2016-03-18T00:00:00Z,0.99990884
2016-03-17T00:00:00Z,1.00072894
2016-03-16T00:00:00Z,1.00031166
2016-03-15T00:00:00Z,1.00097637
2016-03-14T00:00:00Z,1.00172233
2016-03-13T00:00:00Z,1.00162782
2016-03-12T00:00:00Z,0.99993915
2016-03-11T00:00:00Z,1.00220878
2016-03-10T00:00:00Z,1.00192813
2016-03-09T00:00:00Z,0.997441
2016-03-08T00:00:00Z,1.00046187
2016-03-07T00:00:00Z,1.00130924
2016-03-06T00:00:00Z,1.00062909
2016-03-05T00:00:00Z,0.99984731
2016-03-04T00:00:00Z,1.00006435
2016-03-03T00:00:00Z,1.00050291
2016-03-02T00:00:00Z,1.00073732
2016-03-01T00:00:00Z,1.00187981
2016-02-29T00:00:00Z,1.00227531
2016-02-28T00:00:00Z,1.00113734
2016-02-27T00:00:00Z,1.00235003
2016-02-26T00:00:00Z,1.00128133
2016-02-25T00:00:00Z,1.00125528
2016-02-24T00:00:00Z,1.00165985
2016-02-23T00:00:00Z,0.9997163
2016-02-22T00:00:00Z,1.00199633
2016-02-21T00:00:00Z,1.00194557
2016-02-20T00:00:00Z,1.00375382
2016-02-19T00:00:00Z,1.0029221
2016-02-18T00:00:00Z,1.00207896
2016-02-17T00:00:00Z,1.0059445
2016-02-16T00:00:00Z,1.00386465
2016-02-15T00:00:00Z,1.00177521
2016-02-14T00:00:00Z,1.00398217
2016-02-13T00:00:00Z,1.0019682
2016-02-12T00:00:00Z,1.001148
2016-02-11T00:00:00Z,1.00009096
2016-02-10T00:00:00Z,1.00160994
2016-02-09T00:00:00Z,0.99623866
2016-02-08T00:00:00Z,0.99814599
2016-02-07T00:00:00Z,0.99992005
2016-02-06T00:00:00Z,0.99724604
2016-02-05T00:00:00Z,1.00039419
2016-02-04T00:00:00Z,1.00292264
2016-02-03T00:00:00Z,0.99443924
2016-02-02T00:00:00Z,0.99864052
2016-02-01T00:00:00Z,0.99470403
2016-01-31T00:00:00Z,0.99934056
2016-01-30T00:00:00Z,1.00114487
2016-01-29T00:00:00Z,0.99731704
2016-01-28T00:00:00Z,0.99777351
2016-01-27T00:00:00Z,1.00010619
2016-01-26T00:00:00Z,1.00013314
2016-01-25T00:00:00Z,1.00032339
2016-01-24T00:00:00Z,1.00012166
2016-01-23T00:00:00Z,0.99988553
2016-01-22T00:00:00Z,0.99296582
2016-01-21T00:00:00Z,1.00128747
2016-01-20T00:00:00Z,1.00290943
2016-01-19T00:00:00Z,0.99969728
2016-01-18T00:00:00Z,0.9990059
2016-01-17T00:00:00Z,1.0000592
2016-01-16T00:00:00Z,0.98851735
2016-01-15T00:00:00Z,0.98798241
2016-01-14T00:00:00Z,0.99992751
2016-01-13T00:00:00Z,0.99523155
2016-01-12T00:00:00Z,1.00613457
2016-01-11T00:00:00Z,1.00654312
2016-01-10T00:00:00Z,1.01518567
2016-01-09T00:00:00Z,1.00426182
2016-01-08T00:00:00Z,1.00986295
2016-01-07T00:00:00Z,1.02331032
2016-01-06T00:00:00Z,1.00266492
2016-01-05T00:00:00Z,1.00306118
2016-01-04T00:00:00Z,1.0053284
2016-01-03T00:00:00Z,1.00511334
2016-01-02T00:00:00Z,1.0017262
2016-01-01T00:00:00Z,1.00459552
2015-12-31T00:00:00Z,1.00645331
2015-12-30T00:00:00Z,1.00068417
2015-12-29T00:00:00Z,1.00052057
2015-12-28T00:00:00Z,0.99975285
2015-12-27T00:00:00Z,0.99814964
2015-12-26T00:00:00Z,0.99675061
2015-12-25T00:00:00Z,1.00397002
2015-12-24T00:00:00Z,1.00382486
2015-12-23T00:00:00Z,1.00206543
2015-12-22T00:00:00Z,1.00104858
2015-12-21T00:00:00Z,0.99988364
2015-12-20T00:00:00Z,1.00070486
2015-12-19T00:00:00Z,1.00525008
2015-12-18T00:00:00Z,1.00300541
2015-12-17T00:00:00Z,1.00296637
2015-12-16T00:00:00Z,1.00263733
2015-12-15T00:00:00Z,1.00711286
2015-12-14T00:00:00Z,1.00661994
2015-12-13T00:00:00Z,1.00220287
2015-12-12T00:00:00Z,1.00322128
2015-12-11T00:00:00Z,1.00852117
2015-12-10T00:00:00Z,1.004567
2015-12-09T00:00:00Z,1.01133145
2015-12-08T00:00:00Z,1.00510892
2015-12-07T00:00:00Z,1.00561399
2015-12-06T00:00:00Z,1.00453475
2015-12-05T00:00:00Z,1.00289222
2015-12-04T00:00:00Z,1.00160401
2015-12-03T00:00:00Z,1.00190343
2015-12-02T00:00:00Z,0.99953538
2015-12-01T00:00:00Z,1.00182081
2015-11-30T00:00:00Z,1.01082665
2015-11-29T00:00:00Z,1.00600329
2015-11-28T00:00:00Z,1.00198273
2015-11-27T00:00:00Z,1.00622189
2015-11-26T00:00:00Z,1.00801076
2015-11-25T00:00:00Z,1.00020579
2015-11-24T00:00:00Z,0.99836609
2015-11-23T00:00:00Z,0.99861708
2015-11-22T00:00:00Z,1.00232975
2015-11-21T00:00:00Z,1.0001136
2015-11-20T00:00:00Z,0.99701861
2015-11-19T00:00:00Z,0.99880432
2015-11-18T00:00:00Z,1.00086739
2015-11-17T00:00:00Z,1.0109591
2015-11-16T00:00:00Z,0.99738455
2015-11-15T00:00:00Z,0.99752655
2015-11-14T00:00:00Z,1.00020306
2015-11-13T00:00:00Z,1.00225348
2015-11-12T00:00:00Z,0.99883487
2015-11-11T00:00:00Z,0.98607833
2015-11-10T00:00:00Z,0.98984349
2015-11-09T00:00:00Z,1.00417917
2015-11-08T00:00:00Z,1.0002534
2015-11-07T00:00:00Z,1.01047007
2015-11-06T00:00:00Z,0.99761194
2015-11-05T00:00:00Z,1.00839806
2015-11-04T00:00:00Z,1.01215237
2015-11-03T00:00:00Z,1.02168064
2015-11-02T00:00:00Z,1.01594864
2015-11-01T00:00:00Z,1.01101195
2015-10-31T00:00:00Z,1.00852014
2015-10-30T00:00:00Z,1.01812482
2015-10-29T00:00:00Z,1.0125346
2015-10-28T00:00:00Z,1.01122219
2015-10-27T00:00:00Z,1.00888375
2015-10-26T00:00:00Z,1.00201561
2015-10-25T00:00:00Z,1.01024377
2015-10-24T00:00:00Z,1.00497743
2015-10-23T00:00:00Z,1.0056858
2015-10-22T00:00:00Z,1.00311621
2015-10-21T00:00:00Z,1.00201504
2015-10-20T00:00:00Z,1.00649764
2015-10-19T00:00:00Z,1.00058126
2015-10-18T00:00:00Z,1.00236634
2015-10-17T00:00:00Z,1.00638347
2015-10-16T00:00:00Z,1.00472196
2015-10-15T00:00:00Z,1.00162404
2015-10-14T00:00:00Z,0.99442715
2015-10-13T00:00:00Z,1.00180264
2015-10-12T00:00:00Z,0.98808312
2015-10-11T00:00:00Z,0.99923984
2015-10-10T00:00:00Z,0.99834534
2015-10-09T00:00:00Z,0.99996644
2015-10-08T00:00:00Z,0.9966724
2015-10-07T00:00:00Z,0.99378099
2015-10-06T00:00:00Z,1.00156734
2015-10-05T00:00:00Z,0.99903321
2015-10-04T00:00:00Z,0.99814809
2015-10-03T00:00:00Z,1.00112267
2015-10-02T00:00:00Z,1.0001112
2015-10-01T00:00:00Z,0.99681632
2015-09-30T00:00:00Z,0.99887567
2015-09-29T00:00:00Z,1.00014001
2015-09-28T00:00:00Z,0.99697772
2015-09-27T00:00:00Z,0.99801222
2015-09-26T00:00:00Z,0.99806926
2015-09-25T00:00:00Z,0.99917006
2015-09-24T00:00:00Z,0.99965037
2015-09-23T00:00:00Z,0.98703213
2015-09-22T00:00:00Z,0.99740083
2015-09-21T00:00:00Z,0.99916048
2015-09-20T00:00:00Z,0.99660196
2015-09-19T00:00:00Z,0.99710668
2015-09-18T00:00:00Z,0.99918822
2015-09-17T00:00:00Z,0.99868866
2015-09-16T00:00:00Z,0.99631227
2015-09-15T00:00:00Z,0.99590289
2015-09-14T00:00:00Z,0.99406615
2015-09-13T00:00:00Z,0.99329145
2015-09-12T00:00:00Z,0.99635956
2015-09-11T00:00:00Z,0.99845274
2015-09-10T00:00:00Z,0.98929855
2015-09-09T00:00:00Z,0.99905769
2015-09-08T00:00:00Z,1.00198011
2015-09-07T00:00:00Z,1.00101708
2015-09-06T00:00:00Z,1.0021595
2015-09-05T00:00:00Z,0.99898171
2015-09-04T00:00:00Z,0.99623008
2015-09-03T00:00:00Z,0.98973962
2015-09-02T00:00:00Z,0.99502725
2015-09-01T00:00:00Z,0.99500131
2015-08-31T00:00:00Z,0.99766115
2015-08-30T00:00:00Z,0.99603645
2015-08-29T00:00:00Z,0.99245047
2015-08-28T00:00:00Z,0.9992757
2015-08-27T00:00:00Z,0.99743003
2015-08-26T00:00:00Z,0.97788126
2015-08-25T00:00:00Z,0.95275414
2015-08-24T00:00:00Z,0.97859994
2015-08-23T00:00:00Z,0.99913331
2015-08-22T00:00:00Z,0.98926499
2015-08-21T00:00:00Z,0.98798983
2015-08-20T00:00:00Z,0.98533467
2015-08-19T00:00:00Z,0.98077295
2015-08-18T00:00:00Z,0.9894179
2015-08-17T00:00:00Z,0.99526616
2015-08-16T00:00:00Z,0.98888793
2015-08-15T00:00:00Z,0.99425859
2015-08-14T00:00:00Z,0.99355928
2015-08-13T00:00:00Z,0.99653377
2015-08-12T00:00:00Z,0.99924172
2015-08-11T00:00:00Z,0.99760348
2015-08-10T00:00:00Z,0.99505956
2015-08-09T00:00:00Z,0.94011711
2015-08-08T00:00:00Z,1.00291782
2015-08-07T00:00:00Z,0.9983204
2015-08-06T00:00:00Z,0.99816236
2015-08-05T00:00:00Z,0.99894928
2015-08-04T00:00:00Z,0.99483239
2015-08-03T00:00:00Z,1.00044795
2015-08-02T00:00:00Z,0.99947886
2015-08-01T00:00:00Z,0.99729188
2015-07-31T00:00:00Z,1.00199042
2015-07-30T00:00:00Z,0.99582767
2015-07-29T00:00:00Z,0.99749725
2015-07-28T00:00:00Z,1.00288599
2015-07-27T00:00:00Z,1.00196566
2015-07-26T00:00:00Z,1.00598969
2015-07-25T00:00:00Z,1.00729039
2015-07-24T00:00:00Z,1.0031419
2015-07-23T00:00:00Z,1.00170658
2015-07-22T00:00:00Z,0.99872336
2015-07-21T00:00:00Z,0.99782601
2015-07-20T00:00:00Z,0.9877457
2015-07-19T00:00:00Z,0.99815031
2015-07-18T00:00:00Z,0.99536231
2015-07-17T00:00:00Z,0.99974195
2015-07-16T00:00:00Z,0.99695578
2015-07-15T00:00:00Z,1.00140723
2015-07-14T00:00:00Z,1.00198521
2015-07-13T00:00:00Z,0.99829889
2015-07-12T00:00:00Z,1.01402989
2015-07-11T00:00:00Z,1.00444205
2015-07-10T00:00:00Z,1.00672096
2015-07-09T00:00:00Z,0.99058045
2015-07-08T00:00:00Z,1.00143565
2015-07-07T00:00:00Z,1.00457264
2015-07-06T00:00:00Z,1.0050685
2015-07-05T00:00:00Z,0.99993154
2015-07-04T00:00:00Z,1.00085382
2015-07-03T00:00:00Z,0.98059262
2015-07-02T00:00:00Z,0.99705507
2015-07-01T00:00:00Z,1.00018831
2015-06-30T00:00:00Z,1.00698495
2015-06-29T00:00:00Z,1.00258625
2015-06-28T00:00:00Z,1.00182507
2015-06-27T00:00:00Z,1.00155036
2015-06-26T00:00:00Z,0.99753298
2015-06-25T00:00:00Z,0.99401912
2015-06-24T00:00:00Z,0.9940701
2015-06-23T00:00:00Z,0.99757159
2015-06-22T00:00:00Z,0.99989734
2015-06-21T00:00:00Z,1.00128136
2015-06-20T00:00:00Z,0.99939169
2015-06-19T00:00:00Z,0.99894833
2015-06-18T00:00:00Z,1.00114178
2015-06-17T00:00:00Z,1.00209814
2015-06-16T00:00:00Z,1.00412454
2015-06-15T00:00:00Z,0.99932796
2015-06-14T00:00:00Z,0.9976855
2015-06-13T00:00:00Z,0.99198452
2015-06-12T00:00:00Z,0.99964266
2015-06-11T00:00:00Z,0.99422012
2015-06-10T00:00:00Z,0.99369268
2015-06-09T00:00:00Z,0.99948727
2015-06-08T00:00:00Z,0.99773327
2015-06-07T00:00:00Z,0.9866161
2015-06-06T00:00:00Z,0.99766321
2015-06-05T00:00:00Z,0.9971072
2015-06-04T00:00:00Z,0.99385017
2015-06-03T00:00:00Z,0.99382183
2015-06-02T00:00:00Z,0.98971262
2015-06-01T00:00:00Z,0.98654448
2015-05-31T00:00:00Z,0.99016059
2015-05-30T00:00:00Z,0.9427127
2015-05-29T00:00:00Z,0.99785398
2015-05-28T00:00:00Z,0.99071201
2015-05-27T00:00:00Z,0.99361983
2015-05-26T00:00:00Z,0.99574256
2015-05-25T00:00:00Z,0.99138707
2015-05-24T00:00:00Z,0.99930804
2015-05-23T00:00:00Z,0.99506834
2015-05-22T00:00:00Z,0.99742624
2015-05-21T00:00:00Z,0.99688634
2015-05-20T00:00:00Z,0.99705101
2015-05-19T00:00:00Z,0.99506425
2015-05-18T00:00:00Z,0.9931539
2015-05-17T00:00:00Z,0.99698641
2015-05-16T00:00:00Z,0.99577808
2015-05-15T00:00:00Z,0.99599396
2015-05-14T00:00:00Z,0.99289124
2015-05-13T00:00:00Z,0.99761529
2015-05-12T00:00:00Z,0.99415025
2015-05-11T00:00:00Z,0.98753644
2015-05-10T00:00:00Z,0.99821984
2015-05-09T00:00:00Z,0.99955468
2015-05-08T00:00:00Z,1.00057392
2015-05-07T00:00:00Z,0.99485077
2015-05-06T00:00:00Z,0.99750694
2015-05-05T00:00:00Z,0.99381699
2015-05-04T00:00:00Z,0.9987253
2015-05-03T00:00:00Z,1.00323544
2015-05-02T00:00:00Z,0.99761024
2015-05-01T00:00:00Z,0.99782299
2015-04-30T00:00:00Z,1.00098711
2015-04-29T00:00:00Z,0.99616808
2015-04-28T00:00:00Z,0.99646415
2015-04-27T00:00:00Z,0.990651
2015-04-26T00:00:00Z,0.99015212
2015-04-25T00:00:00Z,0.99517701
2015-04-24T00:00:00Z,0.9945525
2015-04-23T00:00:00Z,0.99996905
2015-04-22T00:00:00Z,0.99851781
2015-04-21T00:00:00Z,0.99140013
2015-04-20T00:00:00Z,0.9919631
2015-04-19T00:00:00Z,0.99757554
2015-04-18T00:00:00Z,0.99481077
2015-04-17T00:00:00Z,0.98991427
2015-04-16T00:00:00Z,0.99406315
2015-04-15T00:00:00Z,0.92872406
2015-04-14T00:00:00Z,0.98125233
2015-04-13T00:00:00Z,0.97734064
2015-04-12T00:00:00Z,0.98338382
2015-04-11T00:00:00Z,0.99245035
2015-04-10T00:00:00Z,0.95762242
2015-04-09T00:00:00Z,0.98217847
2015-04-08T00:00:00Z,0.99304622
2015-04-07T00:00:00Z,0.9954001
2015-04-06T00:00:00Z,0.99863663
2015-04-05T00:00:00Z,0.99910335
2015-04-04T00:00:00Z,0.99971228
2015-04-03T00:00:00Z,0.99182176
2015-04-02T00:00:00Z,1.00088405
2015-04-01T00:00:00Z,0.96136913
2015-03-31T00:00:00Z,0.99199699
2015-03-30T00:00:00Z,0.98843226
2015-03-29T00:00:00Z,0.99055681
2015-03-28T00:00:00Z,0.99573352
2015-03-27T00:00:00Z,0.99102542
2015-03-26T00:00:00Z,0.9892599
2015-03-25T00:00:00Z,0.985276
2015-03-24T00:00:00Z,0.98486593
2015-03-23T00:00:00Z,0.99448374
2015-03-22T00:00:00Z,0.99120547
2015-03-21T00:00:00Z,0.9941617
2015-03-20T00:00:00Z,0.99109378
2015-03-19T00:00:00Z,0.98604316
2015-03-18T00:00:00Z,0.98890518
2015-03-17T00:00:00Z,1.0016429
2015-03-16T00:00:00Z,0.99380414
2015-03-15T00:00:00Z,0.99815763
2015-03-14T00:00:00Z,0.99725585
2015-03-13T00:00:00Z,0.98007768
2015-03-12T00:00:00Z,1.02209804
2015-03-11T00:00:00Z,1.00824579
2015-03-10T00:00:00Z,1.03024973
2015-03-09T00:00:00Z,0.98424878
2015-03-08T00:00:00Z,0.98976447
2015-03-07T00:00:00Z,0.98203106
2015-03-06T00:00:00Z,1.00503807
2015-03-05T00:00:00Z,0.98802419
2015-03-04T00:00:00Z,1.00746949
2015-03-03T00:00:00Z,0.98491818
2015-03-02T00:00:00Z,1.00075711
2015-03-01T00:00:00Z,1.00562664
2015-02-28T00:00:00Z,0.9912532
2015-02-27T00:00:00Z,1.00276668
2015-02-26T00:00:00Z,0.99473729
2015-02-25T00:00:00Z,0.97372818
2015-02-24T00:00:00Z,0.98756754
2015-02-23T00:00:00Z,0.98373187
2015-02-22T00:00:00Z,0.98467601
2015-02-21T00:00:00Z,0.99805127
2015-02-20T00:00:00Z,1.03180994
2015-02-19T00:00:00Z,0.94931028
2015-02-18T00:00:00Z,0.99453525
2015-02-17T00:00:00Z,0.99570326
2015-02-16T00:00:00Z,0.98525397
2015-02-15T00:00:00Z,1.00320365
2015-02-14T00:00:00Z,0.99715757
2015-02-13T00:00:00Z,0.99977648
2015-02-12T00:00:00Z,0.98784054
2015-02-11T00:00:00Z,0.97879357
2015-02-10T00:00:00Z,0.987415
2015-02-09T00:00:00Z,0.97973505
2015-02-08T00:00:00Z,0.98964076
2015-02-07T00:00:00Z,0.989846
2015-02-06T00:00:00Z,0.99173507
2015-02-05T00:00:00Z,0.982079
2015-02-04T00:00:00Z,0.9834892
2015-02-03T00:00:00Z,0.99944889
2015-02-02T00:00:00Z,0.98434651
2015-02-01T00:00:00Z,0.98349775
2015-01-31T00:00:00Z,0.96396569
2015-01-30T00:00:00Z,0.97433378
2015-01-29T00:00:00Z,0.97332051
2015-01-28T00:00:00Z,1.01604985
2015-01-27T00:00:00Z,0.99037019
2015-01-26T00:00:00Z,0.98621511
2015-01-25T00:00:00Z,0.99934028
2015-01-24T00:00:00Z,1.00008542
2015-01-23T00:00:00Z,0.99413351
2015-01-22T00:00:00Z,0.99977882
2015-01-21T00:00:00Z,0.92047698
2015-01-20T00:00:00Z,0.98733096
2015-01-19T00:00:00Z,0.98673739
2015-01-18T00:00:00Z,0.99063641
2015-01-17T00:00:00Z,0.98035895
2015-01-16T00:00:00Z,0.98499799
2015-01-15T00:00:00Z,0.98942136
2015-01-14T00:00:00Z,0.94290655
2015-01-13T00:00:00Z,0.96543248
2015-01-12T00:00:00Z,0.97953846
2015-01-11T00:00:00Z,0.99341397
2015-01-10T00:00:00Z,0.98539799
2015-01-09T00:00:00Z,0.97145698
2015-01-08T00:00:00Z,0.98461287
2015-01-07T00:00:00Z,0.99042602
2015-01-06T00:00:00Z,0.99541887
2015-01-05T00:00:00Z,0.96815098
2015-01-04T00:00:00Z,0.97213865
2015-01-03T00:00:00Z,0.9684758
2015-01-02T00:00:00Z,0.99466436
2015-01-01T00:00:00Z,0.99655024
2014-12-31T00:00:00Z,0.97659287
2014-12-30T00:00:00Z,0.94480699
2014-12-29T00:00:00Z,0.97875725
2014-12-28T00:00:00Z,0.9945938
2014-12-27T00:00:00Z,0.99167313
2014-12-26T00:00:00Z,0.99478585
2014-12-25T00:00:00Z,0.99394992
2014-12-24T00:00:00Z,0.9286405
2014-12-23T00:00:00Z,0.99870914
2014-12-22T00:00:00Z,0.99413223
2014-12-21T00:00:00Z,0.96616429
2014-12-20T00:00:00Z,0.98856848
2014-12-19T00:00:00Z,0.9815966
2014-12-18T00:00:00Z,0.98298116
2014-12-17T00:00:00Z,0.98650527
2014-12-16T00:00:00Z,0.99083131
2014-12-15T00:00:00Z,0.98797696
2014-12-14T00:00:00Z,0.99771459
2014-12-13T00:00:00Z,0.99207796
2014-12-12T00:00:00Z,0.99334738
2014-12-11T00:00:00Z,0.99211104
2014-12-10T00:00:00Z,0.97651714
2014-12-09T00:00:00Z,0.99832827
2014-12-08T00:00:00Z,0.93980261
2014-12-07T00:00:00Z,0.99760883
2014-12-06T00:00:00Z,0.99747526
2014-12-05T00:00:00Z,0.99830208
2014-12-04T00:00:00Z,0.96591802
2014-12-03T00:00:00Z,0.99819944
2014-12-02T00:00:00Z,0.99372438
2014-12-01T00:00:00Z,0.99903481
2014-11-30T00:00:00Z,1.00098122
2014-11-29T00:00:00Z,0.9980403
2014-11-28T00:00:00Z,0.91645877
2014-11-27T00:00:00Z,0.99714868
2014-11-26T00:00:00Z,0.99342333
2014-11-25T00:00:00Z,0.99745067
2014-11-24T00:00:00Z,1.00375606
2014-11-23T00:00:00Z,0.99636194
2014-11-22T00:00:00Z,0.99625454
2014-11-21T00:00:00Z,0.99042449
2014-11-20T00:00:00Z,0.98251914
2014-11-19T00:00:00Z,0.98870294
2014-11-18T00:00:00Z,0.99221593
2014-11-17T00:00:00Z,0.99246547
2014-11-16T00:00:00Z,0.99934782
2014-11-15T00:00:00Z,0.99657783
2014-11-14T00:00:00Z,0.99183682
2014-11-13T00:00:00Z,1.02404805
2014-11-12T00:00:00Z,1.01096171
2014-11-11T00:00:00Z,0.99422476
2014-11-10T00:00:00Z,1.00105274
2014-11-09T00:00:00Z,0.9797411
2014-11-08T00:00:00Z,0.9999068
2014-11-07T00:00:00Z,1.00898419
2014-11-06T00:00:00Z,1.00100967
2014-11-05T00:00:00Z,0.99466175
2014-11-04T00:00:00Z,0.98319894
2014-11-03T00:00:00Z,0.98763722
2014-11-02T00:00:00Z,0.98540117
2014-11-01T00:00:00Z,0.98641948
2014-10-31T00:00:00Z,0.98391144
2014-10-30T00:00:00Z,0.98182751
2014-10-29T00:00:00Z,0.97775777
2014-10-28T00:00:00Z,0.99346772
2014-10-27T00:00:00Z,0.98873268
2014-10-26T00:00:00Z,0.99419415
2014-10-25T00:00:00Z,0.98797436
2014-10-24T00:00:00Z,0.97186048
2014-10-23T00:00:00Z,0.98838903
2014-10-22T00:00:00Z,0.99247423
2014-10-21T00:00:00Z,0.99587586
2014-10-20T00:00:00Z,0.99483981
2014-10-19T00:00:00Z,1.0002982
2014-10-18T00:00:00Z,1.00319777
2014-10-17T00:00:00Z,0.98431451
2014-10-16T00:00:00Z,0.99886085
2014-10-15T00:00:00Z,0.97772214
2014-10-14T00:00:00Z,1.00714432
2014-10-13T00:00:00Z,1.02271657
2014-10-12T00:00:00Z,0.9540623
2014-10-11T00:00:00Z,0.99467608
2014-10-10T00:00:00Z,0.98683246
2014-10-09T00:00:00Z,0.98734148
2014-10-08T00:00:00Z,0.99908117
2014-10-07T00:00:00Z,0.97081339
2014-10-06T00:00:00Z,0.91120896
2014-10-05T00:00:00Z,0.97899782
2014-10-04T00:00:00Z,0.96386221
2014-10-03T00:00:00Z,0.9457946
2014-10-02T00:00:00Z,0.98203603
2014-10-01T00:00:00Z,0.98086923
2014-09-30T00:00:00Z,0.98010246
2014-09-29T00:00:00Z,0.95359181
2014-09-28T00:00:00Z,0.99106533
2014-09-27T00:00:00Z,0.98706204
2014-09-26T00:00:00Z,0.96738794
2014-09-25T00:00:00Z,0.9897604
2014-09-24T00:00:00Z,0.99575938
2014-09-23T00:00:00Z,0.98890973
2014-09-22T00:00:00Z,0.9839077
2014-09-21T00:00:00Z,0.99058848
2014-09-20T00:00:00Z,0.96653407
2014-09-19T00:00:00Z,0.95933101
2014-09-18T00:00:00Z,0.97272334
2014-09-17T00:00:00Z,0.99309341
2014-09-16T00:00:00Z,0.99148316
2014-09-15T00:00:00Z,0.99119601
2014-09-14T00:00:00Z,0.99978705
2014-09-13T00:00:00Z,0.99707803
2014-09-12T00:00:00Z,0.98323904
2014-09-11T00:00:00Z,0.99331174
2014-09-10T00:00:00Z,0.99155037
2014-09-09T00:00:00Z,0.97911476
2014-09-08T00:00:00Z,0.99043362
2014-09-07T00:00:00Z,0.98096875
2014-09-06T00:00:00Z,1.01233914
2014-09-05T00:00:00Z,1.00243611
2014-09-04T00:00:00Z,1.00244186
2014-09-03T00:00:00Z,0.99431627
2014-09-02T00:00:00Z,0.98569734
2014-09-01T00:00:00Z,1.00207169
2014-08-31T00:00:00Z,0.9962889
2014-08-30T00:00:00Z,0.9972771
2014-08-29T00:00:00Z,0.99006782
2014-08-28T00:00:00Z,0.9507731
2014-08-27T00:00:00Z,0.99951759
2014-08-26T00:00:00Z,1.0003447
2014-08-25T00:00:00Z,0.99797376
2014-08-24T00:00:00Z,0.99894285
2014-08-23T00:00:00Z,0.98863309
2014-08-22T00:00:00Z,1.00001676
2014-08-21T00:00:00Z,0.99838024
2014-08-20T00:00:00Z,1.00069059
2014-08-19T00:00:00Z,0.9920825
2014-08-18T00:00:00Z,0.97438374
2014-08-17T00:00:00Z,1.00141304
2014-08-16T00:00:00Z,0.99698289
2014-08-15T00:00:00Z,0.99048599
2014-08-14T00:00:00Z,0.97576524
2014-08-13T00:00:00Z,0.99480726
2014-08-12T00:00:00Z,0.99895335
2014-08-11T00:00:00Z,0.9999446
2014-08-10T00:00:00Z,1.00435095
2014-08-09T00:00:00Z,1.00613599
2014-08-08T00:00:00Z,1.0059022
2014-08-07T00:00:00Z,1.00528663
2014-08-06T00:00:00Z,1.00245412
2014-08-05T00:00:00Z,1.08119939
2014-08-04T00:00:00Z,1.01812819
2014-08-03T00:00:00Z,0.99772839
2014-08-02T00:00:00Z,1.00337166
2014-08-01T00:00:00Z,1.01890507
2014-07-31T00:00:00Z,1.00596221
2014-07-30T00:00:00Z,0.98993454
2014-07-29T00:00:00Z,0.9941222
2014-07-28T00:00:00Z,0.9950271
2014-07-27T00:00:00Z,1.00254752
2014-07-26T00:00:00Z,0.99815239
2014-07-25T00:00:00Z,1.00071524
2014-07-24T00:00:00Z,1.00203615
2014-07-23T00:00:00Z,1.01689396
2014-07-22T00:00:00Z,1.00533699
2014-07-21T00:00:00Z,1.01604933
2014-07-20T00:00:00Z,1.00397315
2014-07-19T00:00:00Z,0.99634144
2014-07-18T00:00:00Z,1.00527623
2014-07-17T00:00:00Z,1.0076656
2014-07-16T00:00:00Z,1.00111046
2014-07-15T00:00:00Z,1.00392132
2014-07-14T00:00:00Z,1.00131547
2014-07-13T00:00:00Z,1.00436845
2014-07-12T00:00:00Z,1.00581799
2014-07-11T00:00:00Z,1.00491649
2014-07-10T00:00:00Z,1.00590465
2014-07-09T00:00:00Z,1.02489793
2014-07-08T00:00:00Z,1.00095333
2014-07-07T00:00:00Z,1.0066943
2014-07-06T00:00:00Z,1.00632159
2014-07-05T00:00:00Z,1.00574996
2014-07-04T00:00:00Z,1.007928
2014-07-03T00:00:00Z,1.0178285
2014-07-02T00:00:00Z,1.01416932
2014-07-01T00:00:00Z,1.01463587
2014-06-30T00:00:00Z,1.01912008
2014-06-29T00:00:00Z,1.04081233
2014-06-28T00:00:00Z,1.00599602
2014-06-27T00:00:00Z,1.00695298
2014-06-26T00:00:00Z,1.01130939
2014-06-25T00:00:00Z,0.99363264
2014-06-24T00:00:00Z,1.00677448
2014-06-23T00:00:00Z,1.00430407
2014-06-22T00:00:00Z,1.00469121
2014-06-21T00:00:00Z,1.00206296
2014-06-20T00:00:00Z,1.000557
2014-06-19T00:00:00Z,1.00109991
2014-06-18T00:00:00Z,1.00484307
2014-06-17T00:00:00Z,1.00187053
2014-06-16T00:00:00Z,1.00651257
2014-06-15T00:00:00Z,0.99609777
2014-06-14T00:00:00Z,0.98882407
2014-06-13T00:00:00Z,1.00558165
2014-06-12T00:00:00Z,1.11510319
2014-06-11T00:00:00Z,1.01773541
2014-06-10T00:00:00Z,1.02408322
2014-06-09T00:00:00Z,1.03226809
2014-06-08T00:00:00Z,1.00824757
2014-06-07T00:00:00Z,1.00647375
2014-06-06T00:00:00Z,1.01350208
2014-06-05T00:00:00Z,1.01098449
2014-06-04T00:00:00Z,1.00625359
2014-06-03T00:00:00Z,1.01627768
2014-06-02T00:00:00Z,1.02654748
2014-06-01T00:00:00Z,1.01591228
2014-05-31T00:00:00Z,1.02030618
2014-05-30T00:00:00Z,1.03583079
2014-05-29T00:00:00Z,1.00404897
2014-05-28T00:00:00Z,1.00756426
2014-05-27T00:00:00Z,1.06866166
2014-05-26T00:00:00Z,1.01048134
2014-05-25T00:00:00Z,1.02820381
2014-05-24T00:00:00Z,1.00259444
2014-05-23T00:00:00Z,1.00612149
2014-05-22T00:00:00Z,1.01394144
2014-05-21T00:00:00Z,1.00820169
2014-05-20T00:00:00Z,1.00427699
2014-05-19T00:00:00Z,0.99401967
2014-05-18T00:00:00Z,0.99982663
2014-05-17T00:00:00Z,0.99753039
2014-05-16T00:00:00Z,0.99288358
2014-05-15T00:00:00Z,0.99904684
2014-05-14T00:00:00Z,0.99068468
2014-05-13T00:00:00Z,0.99281675
2014-05-12T00:00:00Z,0.99360499
2014-05-11T00:00:00Z,0.99480199
2014-05-10T00:00:00Z,0.99934275
2014-05-09T00:00:00Z,0.999608
2014-05-08T00:00:00Z,0.99920089
2014-05-07T00:00:00Z,0.99634944
2014-05-06T00:00:00Z,0.98717018
2014-05-05T00:00:00Z,0.98814999
2014-05-04T00:00:00Z,0.99117228
2014-05-03T00:00:00Z,0.9927958
2014-05-02T00:00:00Z,0.99634698
2014-05-01T00:00:00Z,0.99774573
2014-04-30T00:00:00Z,0.9951229
2014-04-29T00:00:00Z,0.99176682
2014-04-28T00:00:00Z,0.97926655
2014-04-27T00:00:00Z,0.99218846
2014-04-26T00:00:00Z,0.99313744
2014-04-25T00:00:00Z,0.98316952
2014-04-24T00:00:00Z,1.00205417
2014-04-23T00:00:00Z,1.02021686
2014-04-22T00:00:00Z,0.99342634
2014-04-21T00:00:00Z,0.99983631
2014-04-20T00:00:00Z,0.98737924
2014-04-19T00:00:00Z,1.00229293
2014-04-18T00:00:00Z,0.98921307
2014-04-17T00:00:00Z,1.0164974
2014-04-16T00:00:00Z,1.04535937
2014-04-15T00:00:00Z,1.00296496
2014-04-14T00:00:00Z,1.00273625
2014-04-13T00:00:00Z,0.99279283
2014-04-12T00:00:00Z,0.99426388
2014-04-11T00:00:00Z,0.9571921
2014-04-10T00:00:00Z,0.94997521
2014-04-09T00:00:00Z,1.00179073
2014-04-08T00:00:00Z,0.98311821
2014-04-07T00:00:00Z,0.98987915
2014-04-06T00:00:00Z,1.00097571
2014-04-05T00:00:00Z,0.9473806
2014-04-04T00:00:00Z,0.98704301
2014-04-03T00:00:00Z,0.98845953
2014-04-02T00:00:00Z,0.97986145
2014-04-01T00:00:00Z,0.99283959
2014-03-31T00:00:00Z,0.96767672
2014-03-30T00:00:00Z,0.97200836
2014-03-29T00:00:00Z,0.98866952
2014-03-28T00:00:00Z,0.97896377
2014-03-27T00:00:00Z,0.99090046
2014-03-26T00:00:00Z,1.00155657
2014-03-25T00:00:00Z,1.00943539
2014-03-24T00:00:00Z,1.00012465
2014-03-23T00:00:00Z,0.99356687
2014-03-22T00:00:00Z,0.99605551
2014-03-21T00:00:00Z,1.04151738
2014-03-20T00:00:00Z,0.99176229
2014-03-19T00:00:00Z,1.00006648
2014-03-18T00:00:00Z,1.00123336
2014-03-17T00:00:00Z,0.99968234
2014-03-16T00:00:00Z,1.00225693
2014-03-15T00:00:00Z,0.9960358
2014-03-14T00:00:00Z,0.99594086
2014-03-13T00:00:00Z,1.00638097
2014-03-12T00:00:00Z,1.01545705
2014-03-11T00:00:00Z,1.00515325
2014-03-10T00:00:00Z,1.01062221
2014-03-09T00:00:00Z,1.13829135
2014-03-08T00:00:00Z,1.00161001
2014-03-07T00:00:00Z,1.086214
2014-03-06T00:00:00Z,1.01326604
2014-03-05T00:00:00Z,1.00965071
2014-03-04T00:00:00Z,1.00710483
2014-03-03T00:00:00Z,1.0076789
2014-03-02T00:00:00Z,0.9879766
2014-03-01T00:00:00Z,0.98802505
2014-02-28T00:00:00Z,1.02241676
2014-02-27T00:00:00Z,0.99009727
2014-02-26T00:00:00Z,1.00953294
2014-02-25T00:00:00Z,0.92496724
2014-02-24T00:00:00Z,0.96182157
2014-02-23T00:00:00Z,1.002747
2014-02-22T00:00:00Z,0.9869914
2014-02-21T00:00:00Z,0.99162336
2014-02-20T00:00:00Z,0.99035857
2014-02-19T00:00:00Z,0.97402941
2014-02-18T00:00:00Z,0.99949788
2014-02-17T00:00:00Z,0.99396116
2014-02-16T00:00:00Z,0.99422944
2014-02-15T00:00:00Z,0.99811518
2014-02-14T00:00:00Z,1.00005225
2014-02-13T00:00:00Z,0.99244039
2014-02-12T00:00:00Z,0.98607105
2014-02-11T00:00:00Z,0.99603568
2014-02-10T00:00:00Z,0.99308177
2014-02-09T00:00:00Z,1.00216824
2014-02-08T00:00:00Z,0.99200204
2014-02-07T00:00:00Z,0.98656069
2014-02-06T00:00:00Z,1.01136654
2014-02-05T00:00:00Z,1.23733405
2014-02-04T00:00:00Z,1.00088624
2014-02-03T00:00:00Z,1.00847443
2014-02-02T00:00:00Z,1.00699586
2014-02-01T00:00:00Z,1.03933834
2014-01-31T00:00:00Z,1.00699608
2014-01-30T00:00:00Z,1.01169723
2014-01-29T00:00:00Z,1.01596892
2014-01-28T00:00:00Z,1.00589236
2014-01-27T00:00:00Z,1.00628628
2014-01-26T00:00:00Z,1.01193043
2014-01-25T00:00:00Z,1.0178951
2014-01-24T00:00:00Z,1.00972679
2014-01-23T00:00:00Z,1.00715178
2014-01-22T00:00:00Z,1.02455896
2014-01-21T00:00:00Z,1.00833271
2014-01-20T00:00:00Z,1.01143405
2014-01-19T00:00:00Z,1.01405939
2014-01-18T00:00:00Z,1.00732441
2014-01-17T00:00:00Z,1.00963166
2014-01-16T00:00:00Z,1.02559133
2014-01-15T00:00:00Z,1.04147511
2014-01-14T00:00:00Z,1.02324451
2014-01-13T00:00:00Z,1.0080091
2014-01-12T00:00:00Z,1.0418491
2014-01-11T00:00:00Z,1.07349225
2014-01-10T00:00:00Z,1.00738199
2014-01-09T00:00:00Z,1.01399042
2014-01-08T00:00:00Z,1.04234393
2014-01-07T00:00:00Z,1.01758339
2014-01-06T00:00:00Z,1.02630349
2014-01-05T00:00:00Z,1.03509572
2014-01-04T00:00:00Z,1.11244212
2014-01-03T00:00:00Z,1.02325207
2014-01-02T00:00:00Z,1.01958485
2014-01-01T00:00:00Z,0.99645658
2013-12-31T00:00:00Z,0.99173321
2013-12-30T00:00:00Z,0.99980046
2013-12-29T00:00:00Z,1.00354841
2013-12-28T00:00:00Z,1.00457525
2013-12-27T00:00:00Z,1.04036352
2013-12-26T00:00:00Z,1.03017852
2013-12-25T00:00:00Z,1.10682007
2013-12-24T00:00:00Z,1.02045533
2013-12-23T00:00:00Z,1.01117174
2013-12-22T00:00:00Z,0.93763212
2013-12-21T00:00:00Z,1.10374936
2013-12-20T00:00:00Z,1.01011224
2013-12-19T00:00:00Z,0.98421037
2013-12-18T00:00:00Z,0.98916695
2013-12-17T00:00:00Z,0.99758942
2013-12-16T00:00:00Z,1.00295168
2013-12-15T00:00:00Z,1.03225787
2013-12-14T00:00:00Z,0.99110422
2013-12-13T00:00:00Z,1.03376247
2013-12-12T00:00:00Z,1.01088705
2013-12-11T00:00:00Z,1.04246178
2013-12-10T00:00:00Z,1.03376305
2013-12-09T00:00:00Z,1.017186
2013-12-08T00:00:00Z,1.00898123
2013-12-07T00:00:00Z,1.0056803
2013-12-06T00:00:00Z,1.01849105
2013-12-05T00:00:00Z,1.03814655
2013-12-04T00:00:00Z,1.04892148
2013-12-03T00:00:00Z,1.04512996
2013-12-02T00:00:00Z,1.03774893
2013-12-01T00:00:00Z,1.02325529
2013-11-30T00:00:00Z,1.03873648
2013-11-29T00:00:00Z,1.05415343
2013-11-28T00:00:00Z,1.04058565
2013-11-27T00:00:00Z,1.03998313
2013-11-26T00:00:00Z,1.06854303
2013-11-25T00:00:00Z,1.06537476
2013-11-24T00:00:00Z,1.03849552
2013-11-23T00:00:00Z,1.09621097
2013-11-22T00:00:00Z,1.09025877
2013-11-21T00:00:00Z,1.04065656
2013-11-20T00:00:00Z,1.05042574
2013-11-19T00:00:00Z,1.06286704
2013-11-18T00:00:00Z,1.07707245
2013-11-17T00:00:00Z,1.0645407
2013-11-16T00:00:00Z,1.03375172
2013-11-15T00:00:00Z,1.02619037
2013-11-14T00:00:00Z,1.07881272
2013-11-13T00:00:00Z,1.07675949
2013-11-12T00:00:00Z,1.0631031
2013-11-11T00:00:00Z,1.08461856
2013-11-10T00:00:00Z,1.03493114
2013-11-09T00:00:00Z,1.09030897
2013-11-08T00:00:00Z,1.10083482
2013-11-07T00:00:00Z,1.11451218
2013-11-06T00:00:00Z,1.05486664
2013-11-05T00:00:00Z,1.07113602
2013-11-04T00:00:00Z,1.10522258
2013-11-03T00:00:00Z,1.03328375
2013-11-02T00:00:00Z,1.01811599
2013-11-01T00:00:00Z,1.03829529
2013-10-31T00:00:00Z,1.0325968
2013-10-30T00:00:00Z,1.0270802
2013-10-29T00:00:00Z,1.03167524
2013-10-28T00:00:00Z,1.02858863
2013-10-27T00:00:00Z,1.03296755
2013-10-26T00:00:00Z,1.01745879
2013-10-25T00:00:00Z,1.05320246
2013-10-24T00:00:00Z,1.02906423
2013-10-23T00:00:00Z,1.07440124
2013-10-22T00:00:00Z,1.07214719
2013-10-21T00:00:00Z,1.08636469
2013-10-20T00:00:00Z,1.02919945
2013-10-19T00:00:00Z,1.03572288
2013-10-18T00:00:00Z,1.02240349
2013-10-17T00:00:00Z,1.018864
2013-10-16T00:00:00Z,1.03648499
2013-10-15T00:00:00Z,1.02115191
2013-10-14T00:00:00Z,1.01901241
2013-10-13T00:00:00Z,1.01210578
2013-10-12T00:00:00Z,1.0089876
2013-10-11T00:00:00Z,1.0085645
2013-10-10T00:00:00Z,1.00519205
2013-10-09T00:00:00Z,1.01298254
2013-10-08T00:00:00Z,1.00615235
2013-10-07T00:00:00Z,1.07128521
2013-10-06T00:00:00Z,1.01259187
2013-10-05T00:00:00Z,1.01045487
2013-10-04T00:00:00Z,1.01107276
2013-10-03T00:00:00Z,0.99972302
2013-10-02T00:00:00Z,0.98776021
2013-10-01T00:00:00Z,1.00788758
2013-09-30T00:00:00Z,1.009005
2013-09-29T00:00:00Z,1.01042818
2013-09-28T00:00:00Z,1.0066425
2013-09-27T00:00:00Z,1.0078925
2013-09-26T00:00:00Z,1.00752166
2013-09-25T00:00:00Z,1.0097396
2013-09-24T00:00:00Z,1.0073451
2013-09-23T00:00:00Z,1.00264623
2013-09-22T00:00:00Z,1.0181513
2013-09-21T00:00:00Z,1.00155749
2013-09-20T00:00:00Z,1.00300614
2013-09-19T00:00:00Z,1.04075289
2013-09-18T00:00:00Z,1.01302788
2013-09-17T00:00:00Z,1.00881891
2013-09-16T00:00:00Z,1.01527755
2013-09-15T00:00:00Z,1.01025919
2013-09-14T00:00:00Z,1.03298725
2013-09-13T00:00:00Z,1.01235247
2013-09-12T00:00:00Z,1.04148459
2013-09-11T00:00:00Z,1.0120329
2013-09-10T00:00:00Z,1.01376095
2013-09-09T00:00:00Z,1.01384955
2013-09-08T00:00:00Z,1.00489228
2013-09-07T00:00:00Z,1.00672018
2013-09-06T00:00:00Z,1.00584926
2013-09-05T00:00:00Z,1.00155838
2013-09-04T00:00:00Z,1.00601609
2013-09-03T00:00:00Z,1.0345163
2013-09-02T00:00:00Z,1.02236625
2013-09-01T00:00:00Z,1.02029899
2013-08-31T00:00:00Z,1.02743779
2013-08-30T00:00:00Z,1.02301685
2013-08-29T00:00:00Z,1.00643367
2013-08-28T00:00:00Z,1.01805605
2013-08-27T00:00:00Z,1.01795147
2013-08-26T00:00:00Z,1.01230805
2013-08-25T00:00:00Z,1.01390005
2013-08-24T00:00:00Z,1.00558636
2013-08-23T00:00:00Z,1.00957072
2013-08-22T00:00:00Z,1.01187485
2013-08-21T00:00:00Z,1.00897513
2013-08-20T00:00:00Z,1.00877522
2013-08-19T00:00:00Z,1.00935717
2013-08-18T00:00:00Z,1.00317542
2013-08-17T00:00:00Z,1.00605104
2013-08-16T00:00:00Z,1.00309813
2013-08-15T00:00:00Z,1.01460557
2013-08-14T00:00:00Z,1.00646431
2013-08-13T00:00:00Z,1.02237358
2013-08-12T00:00:00Z,0.99720267
2013-08-11T00:00:00Z,1.00192559
2013-08-10T00:00:00Z,1.00274421
2013-08-09T00:00:00Z,0.99994333
2013-08-08T00:00:00Z,0.99946528
2013-08-07T00:00:00Z,1.00380182
2013-08-06T00:00:00Z,1.00156587
2013-08-05T00:00:00Z,1.01305192
2013-08-04T00:00:00Z,1.00623603
2013-08-03T00:00:00Z,1.06317447
2013-08-02T00:00:00Z,1.02133453
2013-08-01T00:00:00Z,1.00412031
2013-07-31T00:00:00Z,1.01857055
2013-07-30T00:00:00Z,1.00422922
2013-07-29T00:00:00Z,0.99033812
2013-07-28T00:00:00Z,1.0061513
2013-07-27T00:00:00Z,0.9999539
2013-07-26T00:00:00Z,1.00138362
2013-07-25T00:00:00Z,1.00617154
2013-07-24T00:00:00Z,1.0022768
2013-07-23T00:00:00Z,1.00107154
2013-07-22T00:00:00Z,0.9963188
2013-07-21T00:00:00Z,0.99337468
2013-07-20T00:00:00Z,0.9934003
2013-07-19T00:00:00Z,0.98927597
2013-07-18T00:00:00Z,0.97649208
2013-07-17T00:00:00Z,0.99387519
2013-07-16T00:00:00Z,0.99777493
2013-07-15T00:00:00Z,1.00660577
2013-07-14T00:00:00Z,1.00849181
2013-07-13T00:00:00Z,1.01744148
2013-07-12T00:00:00Z,1.02383266
2013-07-11T00:00:00Z,1.00947391
2013-07-10T00:00:00Z,1.02165462
2013-07-09T00:00:00Z,0.99330029
2013-07-08T00:00:00Z,1.0046329
2013-07-07T00:00:00Z,0.98345468
2013-07-06T00:00:00Z,0.91595508
2013-07-05T00:00:00Z,0.9431894
2013-07-04T00:00:00Z,0.97604669
2013-07-03T00:00:00Z,0.9818848
2013-07-02T00:00:00Z,1.00323476
2013-07-01T00:00:00Z,1.00401319
2013-06-30T00:00:00Z,0.97900122
2013-06-29T00:00:00Z,0.98924836
2013-06-28T00:00:00Z,0.98486427
2013-06-27T00:00:00Z,0.99332871
2013-06-26T00:00:00Z,1.00041322
2013-06-25T00:00:00Z,1.0008013
2013-06-24T00:00:00Z,1.00235487
2013-06-23T00:00:00Z,0.99240376
2013-06-22T00:00:00Z,0.99594742
2013-06-21T00:00:00Z,0.99213238
2013-06-20T00:00:00Z,1.00145292
2013-06-19T00:00:00Z,1.00365436
2013-06-18T00:00:00Z,1.00171385
2013-06-17T00:00:00Z,0.99468319
2013-06-16T00:00:00Z,0.99941395
2013-06-15T00:00:00Z,0.99496569
2013-06-14T00:00:00Z,0.98927957
2013-06-13T00:00:00Z,0.99110969
2013-06-12T00:00:00Z,1.0012424
2013-06-11T00:00:00Z,1.01458106
2013-06-10T00:00:00Z,0.99283551
2013-06-09T00:00:00Z,0.98237692
2013-06-08T00:00:00Z,0.99020058
2013-06-07T00:00:00Z,0.9941495
2013-06-06T00:00:00Z,1.03542182
2013-06-05T00:00:00Z,1.01929126
2013-06-04T00:00:00Z,1.01324772
2013-06-03T00:00:00Z,1.00568624
2013-06-02T00:00:00Z,1.01409007
2013-06-01T00:00:00Z,1.01638576
2013-05-31T00:00:00Z,1.01982311
2013-05-30T00:00:00Z,1.02062472
2013-05-29T00:00:00Z,1.02307323
2013-05-28T00:00:00Z,1.00953583
2013-05-27T00:00:00Z,1.01389807
2013-05-26T00:00:00Z,1.01033909
2013-05-25T00:00:00Z,1.06338187
2013-05-24T00:00:00Z,1.02587598
2013-05-23T00:00:00Z,1.01347648
2013-05-22T00:00:00Z,1.00924304
2013-05-21T00:00:00Z,1.00603587
2013-05-20T00:00:00Z,1.01193669
2013-05-19T00:00:00Z,1.00954103
2013-05-18T00:00:00Z,1.03382387
2013-05-17T00:00:00Z,1.00895608
2013-05-16T00:00:00Z,1.00364035
2013-05-15T00:00:00Z,1.01059871
2013-05-14T00:00:00Z,1.00466926
2013-05-13T00:00:00Z,1.00713318
2013-05-12T00:00:00Z,1.01083557
2013-05-11T00:00:00Z,1.02895381
2013-05-10T00:00:00Z,1.00074293
2013-05-09T00:00:00Z,1.00356214
2013-05-08T00:00:00Z,1.00243485
2013-05-07T00:00:00Z,0.99589579
2013-05-06T00:00:00Z,1.02069579
2013-05-05T00:00:00Z,1.02427776
2013-05-04T00:00:00Z,1.01115075
2013-05-03T00:00:00Z,0.95119175
2013-05-02T00:00:00Z,0.9683186
2013-05-01T00:00:00Z,0.97671369
2013-04-30T00:00:00Z,1.02544441
2013-04-29T00:00:00Z,1.02279495
2013-04-28T00:00:00Z,1.02486563
2013-04-27T00:00:00Z,1.04137677
2013-04-26T00:00:00Z,1.01028805
2013-04-25T00:00:00Z,1.06653563
2013-04-24T00:00:00Z,1.05850648
2013-04-23T00:00:00Z,1.04071329
2013-04-22T00:00:00Z,1.02110148
2013-04-21T00:00:00Z,1.04636913
2013-04-20T00:00:00Z,1.04410296
2013-04-19T00:00:00Z,1.0408384
2013-04-18T00:00:00Z,1.00562722
2013-04-17T00:00:00Z,1.01970736
2013-04-16T00:00:00Z,0.92843488
2013-04-15T00:00:00Z,0.95600551
2013-04-14T00:00:00Z,0.98832937
2013-04-13T00:00:00Z,1.01086651
2013-04-12T00:00:00Z,0.85520463
2013-04-11T00:00:00Z,0.9499666
2013-04-10T00:00:00Z,1.07252314
2013-04-09T00:00:00Z,1.1596679
2013-04-08T00:00:00Z,1.1184263
2013-04-07T00:00:00Z,1.07347645
2013-04-06T00:00:00Z,1.04447748
2013-04-05T00:00:00Z,1.0876242
2013-04-04T00:00:00Z,1.0377828
2013-04-03T00:00:00Z,1.09754946
2013-04-02T00:00:00Z,1.04154442
2013-04-01T00:00:00Z,1.09510486
2013-03-31T00:00:00Z,1.02117662
2013-03-30T00:00:00Z,1.0465006
2013-03-29T00:00:00Z,1.0497468
2013-03-28T00:00:00Z,1.04250831
2013-03-27T00:00:00Z,1.03786309
2013-03-26T00:00:00Z,1.03601685
2013-03-25T00:00:00Z,1.06294251
2013-03-24T00:00:00Z,1.06758034
2013-03-23T00:00:00Z,1.01495536
2013-03-22T00:00:00Z,1.05406508
2013-03-21T00:00:00Z,1.06134423
2013-03-20T00:00:00Z,1.04812673
2013-03-19T00:00:00Z,1.05755772
2013-03-18T00:00:00Z,1.01432854
2013-03-17T00:00:00Z,1.02580471
2013-03-16T00:00:00Z,1.00901511
2013-03-15T00:00:00Z,1.00638663
2013-03-14T00:00:00Z,1.03089589
2013-03-13T00:00:00Z,1.03418037
2013-03-12T00:00:00Z,1.01574705
2013-03-11T00:00:00Z,1.04305203
2013-03-10T00:00:00Z,1.02237313
2013-03-09T00:00:00Z,1.06435965
2013-03-08T00:00:00Z,1.0368686
2013-03-07T00:00:00Z,1.04766026
2013-03-06T00:00:00Z,1.04610251
2013-03-05T00:00:00Z,1.05135784
2013-03-04T00:00:00Z,1.04081309
2013-03-03T00:00:00Z,1.01846514
2013-03-02T00:00:00Z,1.01580796
2013-03-01T00:00:00Z,1.02831896
2013-02-28T00:00:00Z,1.06475139
2013-02-27T00:00:00Z,1.00716818
2013-02-26T00:00:00Z,1.02278213
2013-02-25T00:00:00Z,1.05419431
2013-02-24T00:00:00Z,1.01474794
2013-02-23T00:00:00Z,1.01702646
2013-02-22T00:00:00Z,1.02356584
2013-02-21T00:00:00Z,1.02555257
2013-02-20T00:00:00Z,1.03104022
2013-02-19T00:00:00Z,1.03837724
2013-02-18T00:00:00Z,1.02127932
2013-02-17T00:00:00Z,1.02399217
2013-02-16T00:00:00Z,1.02640569
2013-02-15T00:00:00Z,1.04725806
2013-02-14T00:00:00Z,1.04217256
2013-02-13T00:00:00Z,1.02664168
2013-02-12T00:00:00Z,1.02632512
2013-02-11T00:00:00Z,1.02363539
2013-02-10T00:00:00Z,1.01478597
2013-02-09T00:00:00Z,1.02071481
2013-02-08T00:00:00Z,1.01956553
2013-02-07T00:00:00Z,1.01899845
2013-02-06T00:00:00Z,1.01539243
2013-02-05T00:00:00Z,1.01154032
2013-02-04T00:00:00Z,1.00796029
2013-02-03T00:00:00Z,1.01796768
2013-02-02T00:00:00Z,1.00353619
2013-02-01T00:00:00Z,1.05038299
2013-01-31T00:00:00Z,1.03781359
2013-01-30T00:00:00Z,1.02109025
2013-01-29T00:00:00Z,1.02820658
2013-01-28T00:00:00Z,1.01978795
2013-01-27T00:00:00Z,1.02526603
2013-01-26T00:00:00Z,1.01947356
2013-01-25T00:00:00Z,1.01442399
2013-01-24T00:00:00Z,1.0129454
2013-01-23T00:00:00Z,1.00994752
2013-01-22T00:00:00Z,1.04310328
2013-01-21T00:00:00Z,1.03086075
2013-01-20T00:00:00Z,1.00665183
2013-01-19T00:00:00Z,1.00603079
2013-01-18T00:00:00Z,1.01334934
2013-01-17T00:00:00Z,1.01962944
2013-01-16T00:00:00Z,1.00849126
2013-01-15T00:00:00Z,1.00446099
2013-01-14T00:00:00Z,1.00711167
2013-01-13T00:00:00Z,1.00663242
2013-01-12T00:00:00Z,1.0068076
2013-01-11T00:00:00Z,1.0073328
2013-01-10T00:00:00Z,1.01431357
2013-01-09T00:00:00Z,1.00292789
2013-01-08T00:00:00Z,1.0063848
2013-01-07T00:00:00Z,1.00385211
2013-01-06T00:00:00Z,1.0014373
2013-01-05T00:00:00Z,1.00079152
2013-01-04T00:00:00Z,1.00358854
2013-01-03T00:00:00Z,1.00249152
2013-01-02T00:00:00Z,1.00026776
2013-01-01T00:00:00Z,0.99940792
2012-12-31T00:00:00Z,1.01216507
2012-12-30T00:00:00Z,1.00474911
2012-12-29T00:00:00Z,1.00126333
2012-12-28T00:00:00Z,1.00348595
2012-12-27T00:00:00Z,1.00224233
2012-12-26T00:00:00Z,1.0055713
2012-12-25T00:00:00Z,1.00125656
2012-12-24T00:00:00Z,1.00092101
2012-12-23T00:00:00Z,0.99998457
2012-12-22T00:00:00Z,0.99923174
2012-12-21T00:00:00Z,1.0046361
2012-12-20T00:00:00Z,1.01126179
2012-12-19T00:00:00Z,1.01049812
2012-12-18T00:00:00Z,1.00270844
2012-12-17T00:00:00Z,0.99951053
2012-12-16T00:00:00Z,1.0013438
2012-12-15T00:00:00Z,1.00081701
2012-12-14T00:00:00Z,1.00247891
2012-12-13T00:00:00Z,1.00559295
2012-12-12T00:00:00Z,1.004764
2012-12-11T00:00:00Z,1.00704596
2012-12-10T00:00:00Z,1.0083
2012-12-09T00:00:00Z,1.00690036
2012-12-08T00:00:00Z,1.00467938
2012-12-07T00:00:00Z,1.01042568
2012-12-06T00:00:00Z,1.00221825
2012-12-05T00:00:00Z,1.00746734
2012-12-04T00:00:00Z,1.01935687
2012-12-03T00:00:00Z,1.00582164
2012-12-02T00:00:00Z,1.00229787
2012-12-01T00:00:00Z,1.00729238
2012-11-30T00:00:00Z,1.01509647
2012-11-29T00:00:00Z,1.00548854
2012-11-28T00:00:00Z,1.00438528
2012-11-27T00:00:00Z,1.00281646
2012-11-26T00:00:00Z,1.00831733
2012-11-25T00:00:00Z,1.01363097
2012-11-24T00:00:00Z,1.00801424
2012-11-23T00:00:00Z,1.00829493
2012-11-22T00:00:00Z,1.01126222
2012-11-21T00:00:00Z,1.00668299
2012-11-20T00:00:00Z,1.0020863
2012-11-19T00:00:00Z,1.00793197
2012-11-18T00:00:00Z,1.00179218
2012-11-17T00:00:00Z,1.00294757
2012-11-16T00:00:00Z,1.00662686
2012-11-15T00:00:00Z,1.00297972
2012-11-14T00:00:00Z,1.00149765
2012-11-13T00:00:00Z,1.00562612
2012-11-12T00:00:00Z,1.01965414
2012-11-11T00:00:00Z,1.00540388
2012-11-10T00:00:00Z,1.00227268
2012-11-09T00:00:00Z,0.99932143
2012-11-08T00:00:00Z,1.00165442
2012-11-07T00:00:00Z,1.00258724
2012-11-06T00:00:00Z,1.00143811
2012-11-05T00:00:00Z,1.00007919
2012-11-04T00:00:00Z,1.00387128
2012-11-03T00:00:00Z,1.00013254
2012-11-02T00:00:00Z,0.98813703
2012-11-01T00:00:00Z,0.99484796
2012-10-31T00:00:00Z,1.00297246
2012-10-30T00:00:00Z,1.00080635
2012-10-29T00:00:00Z,0.99816584
2012-10-28T00:00:00Z,1.00104845
2012-10-27T00:00:00Z,0.99200726
2012-10-26T00:00:00Z,0.98128633
2012-10-25T00:00:00Z,0.99421815
2012-10-24T00:00:00Z,1.0021757
2012-10-23T00:00:00Z,1.0003001
2012-10-22T00:00:00Z,1.00024701
2012-10-21T00:00:00Z,1.00587428
2012-10-20T00:00:00Z,0.99993165
2012-10-19T00:00:00Z,1.00017219
2012-10-18T00:00:00Z,1.0019327
2012-10-17T00:00:00Z,1.00320317
2012-10-16T00:00:00Z,1.00141284
2012-10-15T00:00:00Z,1.00386984
2012-10-14T00:00:00Z,1.00131793
2012-10-13T00:00:00Z,0.99920986
2012-10-12T00:00:00Z,1.00053851
2012-10-11T00:00:00Z,1.00036451
2012-10-10T00:00:00Z,1.00586503
2012-10-09T00:00:00Z,0.99789345
2012-10-08T00:00:00Z,1.00528361
2012-10-07T00:00:00Z,0.99436384
2012-10-06T00:00:00Z,0.99986241
2012-10-05T00:00:00Z,1.00077879
2012-10-04T00:00:00Z,1.01046498
2012-10-03T00:00:00Z,1.01380296
2012-10-02T00:00:00Z,1.01053516
2012-10-01T00:00:00Z,1.00373035
2012-09-30T00:00:00Z,1.00477794
2012-09-29T00:00:00Z,1.00712041
2012-09-28T00:00:00Z,1.00778775
2012-09-27T00:00:00Z,1.00833637
2012-09-26T00:00:00Z,1.00596072
2012-09-25T00:00:00Z,1.00636405
2012-09-24T00:00:00Z,1.0008252
2012-09-23T00:00:00Z,1.00056502
2012-09-22T00:00:00Z,1.00049859
2012-09-21T00:00:00Z,1.00064609
2012-09-20T00:00:00Z,1.00153609
2012-09-19T00:00:00Z,1.00085772
2012-09-18T00:00:00Z,1.00150086
2012-09-17T00:00:00Z,1.00089126
2012-09-16T00:00:00Z,1.00078383
2012-09-15T00:00:00Z,1.00214035
2012-09-14T00:00:00Z,1.00059262
2012-09-13T00:00:00Z,1.00026237
2012-09-12T00:00:00Z,1.00086308
2012-09-11T00:00:00Z,1.00044768
2012-09-10T00:00:00Z,1.00443057
2012-09-09T00:00:00Z,1.00268944
2012-09-08T00:00:00Z,1.00073504
2012-09-07T00:00:00Z,1.00005873
2012-09-06T00:00:00Z,1.0005639
2012-09-05T00:00:00Z,1.00223205
2012-09-04T00:00:00Z,1.0012125
2012-09-03T00:00:00Z,1.00201474
2012-09-02T00:00:00Z,1.0006461
2012-09-01T00:00:00Z,0.9984407
2012-08-31T00:00:00Z,1.00494352
2012-08-30T00:00:00Z,0.99994342
2012-08-29T00:00:00Z,1.00034687
2012-08-28T00:00:00Z,1.00233302
2012-08-27T00:00:00Z,1.00887687
2012-08-26T00:00:00Z,1.00221392
2012-08-25T00:00:00Z,1.00211913
2012-08-24T00:00:00Z,1.00195467
2012-08-23T00:00:00Z,1.00116014
2012-08-22T00:00:00Z,1.00063305
2012-08-21T00:00:00Z,0.99942764
2012-08-20T00:00:00Z,1.0077866
2012-08-19T00:00:00Z,0.98661387
2012-08-18T00:00:00Z,1.00662014
2012-08-17T00:00:00Z,1.00246717
2012-08-16T00:00:00Z,1.01697364
2012-08-15T00:00:00Z,1.01818034
2012-08-14T00:00:00Z,1.01423362
2012-08-13T00:00:00Z,1.01302279
2012-08-12T00:00:00Z,1.00584527
2012-08-11T00:00:00Z,1.00733542
2012-08-10T00:00:00Z,1.00904909
2012-08-09T00:00:00Z,1.00784695
2012-08-08T00:00:00Z,1.01411196
2012-08-07T00:00:00Z,1.00633845
2012-08-06T00:00:00Z,1.00756752
2012-08-05T00:00:00Z,1.01021778
2012-08-04T00:00:00Z,1.01545163
2012-08-03T00:00:00Z,1.02202241
2012-08-02T00:00:00Z,1.03000469
2012-08-01T00:00:00Z,1.00822456
2012-07-31T00:00:00Z,1.00892524
2012-07-30T00:00:00Z,1.01329416
2012-07-29T00:00:00Z,1.00786724
2012-07-28T00:00:00Z,1.00562858
2012-07-27T00:00:00Z,1.00480794
2012-07-26T00:00:00Z,1.00891674
2012-07-25T00:00:00Z,1.01264453
2012-07-24T00:00:00Z,1.00609584
2012-07-23T00:00:00Z,1.00178496
2012-07-22T00:00:00Z,1.00008712
2012-07-21T00:00:00Z,1.00758171
2012-07-20T00:00:00Z,1.00135211
2012-07-19T00:00:00Z,1.01830321
2012-07-18T00:00:00Z,1.01812344
2012-07-17T00:00:00Z,1.02698383
2012-07-16T00:00:00Z,1.02082297
2012-07-15T00:00:00Z,1.00335543
2012-07-14T00:00:00Z,0.98146368
2012-07-13T00:00:00Z,1.00764575
2012-07-12T00:00:00Z,1.01559639
2012-07-11T00:00:00Z,1.01064745
2012-07-10T00:00:00Z,0.97346899
2012-07-09T00:00:00Z,1.00552847
2012-07-08T00:00:00Z,1.01056379
2012-07-07T00:00:00Z,0.99829926
2012-07-06T00:00:00Z,1.00266659
2012-07-05T00:00:00Z,1.00346795
2012-07-04T00:00:00Z,1.00233142
2012-07-03T00:00:00Z,0.99642286
2012-07-02T00:00:00Z,1.00808626
2012-07-01T00:00:00Z,1.00134363
2012-06-30T00:00:00Z,1.00293114
2012-06-29T00:00:00Z,1.00187758
2012-06-28T00:00:00Z,1.00150308
2012-06-27T00:00:00Z,1.0056687
2012-06-26T00:00:00Z,1.00559619
2012-06-25T00:00:00Z,0.99955655
2012-06-24T00:00:00Z,1.00056469
2012-06-23T00:00:00Z,1.00082783
2012-06-22T00:00:00Z,1.0037958
2012-06-21T00:00:00Z,1.00988112
2012-06-20T00:00:00Z,1.0016991
2012-06-19T00:00:00Z,1.00404031
2012-06-18T00:00:00Z,1.00262621
2012-06-17T00:00:00Z,1.00402985
2012-06-16T00:00:00Z,1.00304271
2012-06-15T00:00:00Z,1.00970523
2012-06-14T00:00:00Z,1.00072887
2012-06-13T00:00:00Z,1.00573808
2012-06-12T00:00:00Z,1.00432383
2012-06-11T00:00:00Z,1.0029824
2012-06-10T00:00:00Z,0.99996358
2012-06-09T00:00:00Z,1.00155793
2012-06-08T00:00:00Z,1.00163426
2012-06-07T00:00:00Z,1.00211463
2012-06-06T00:00:00Z,1.00234909
2012-06-05T00:00:00Z,1.00216008
2012-06-04T00:00:00Z,1.00053687
2012-06-03T00:00:00Z,0.99981562
2012-06-02T00:00:00Z,1.00080503
2012-06-01T00:00:00Z,1.00216716
2012-05-31T00:00:00Z,0.9919083
2012-05-30T00:00:00Z,0.99958473
2012-05-29T00:00:00Z,1.00001217
2012-05-28T00:00:00Z,0.99982301
2012-05-27T00:00:00Z,1.00122731
2012-05-26T00:00:00Z,0.99478248
2012-05-25T00:00:00Z,1.00066554
2012-05-24T00:00:00Z,0.97797361
2012-05-23T00:00:00Z,1.00189152
2012-05-22T00:00:00Z,0.9989913
2012-05-21T00:00:00Z,0.99328879
2012-05-20T00:00:00Z,0.98373398
2012-05-19T00:00:00Z,0.99975054
2012-05-18T00:00:00Z,0.99193415
2012-05-17T00:00:00Z,0.99687838
2012-05-16T00:00:00Z,0.99796605
2012-05-15T00:00:00Z,0.99976649
2012-05-14T00:00:00Z,0.99858725
2012-05-13T00:00:00Z,0.99334611
2012-05-12T00:00:00Z,1.00755013
2012-05-11T00:00:00Z,0.9977511
2012-05-10T00:00:00Z,0.99486007
2012-05-09T00:00:00Z,1.00034687
2012-05-08T00:00:00Z,0.9997079
2012-05-07T00:00:00Z,0.99982604
2012-05-06T00:00:00Z,0.97029813
2012-05-05T00:00:00Z,1.00052232
2012-05-04T00:00:00Z,0.99912676
2012-05-03T00:00:00Z,1.00241071
2012-05-02T00:00:00Z,1.00136349
2012-05-01T00:00:00Z,1.00072111
2012-04-30T00:00:00Z,0.97884276
2012-04-29T00:00:00Z,0.99532065
2012-04-28T00:00:00Z,0.99649705
2012-04-27T00:00:00Z,1.00029824
2012-04-26T00:00:00Z,0.99390517
2012-04-25T00:00:00Z,1.04288992
2012-04-24T00:00:00Z,1.00352092
2012-04-23T00:00:00Z,0.97982358
2012-04-22T00:00:00Z,1.00678878
2012-04-21T00:00:00Z,1.00017854
2012-04-20T00:00:00Z,1.00537464
2012-04-19T00:00:00Z,1.00870529
2012-04-18T00:00:00Z,1.00786049
2012-04-17T00:00:00Z,1.00185003
2012-04-16T00:00:00Z,1.00187126
2012-04-15T00:00:00Z,1.00376924
2012-04-14T00:00:00Z,1.00273237
2012-04-13T00:00:00Z,1.00350294
2012-04-12T00:00:00Z,1.00486883
2012-04-11T00:00:00Z,1.00294836
2012-04-10T00:00:00Z,0.99647364
2012-04-09T00:00:00Z,1.0055088
2012-04-08T00:00:00Z,0.99998763
2012-04-07T00:00:00Z,0.98258996
2012-04-06T00:00:00Z,1.00841712
2012-04-05T00:00:00Z,1.0019753
2012-04-04T00:00:00Z,1.00017044
2012-04-03T00:00:00Z,0.96860112
2012-04-02T00:00:00Z,1.00456614
2012-04-01T00:00:00Z,0.99740237
2012-03-31T00:00:00Z,1.0025468
2012-03-30T00:00:00Z,0.88443303
2012-03-29T00:00:00Z,0.99592026
2012-03-28T00:00:00Z,1.00019003
2012-03-27T00:00:00Z,1.00110862
2012-03-26T00:00:00Z,0.98953723
2012-03-25T00:00:00Z,0.97520694
2012-03-24T00:00:00Z,0.98711659
2012-03-23T00:00:00Z,0.99970156
2012-03-22T00:00:00Z,0.98433459
2012-03-21T00:00:00Z,0.96382642
2012-03-20T00:00:00Z,0.99099297
2012-03-19T00:00:00Z,0.95769978
2012-03-18T00:00:00Z,0.98555364
2012-03-17T00:00:00Z,0.99674314
2012-03-16T00:00:00Z,1.01926196
2012-03-15T00:00:00Z,1.01355391
2012-03-14T00:00:00Z,1.01999846
2012-03-13T00:00:00Z,1.02092329
2012-03-12T00:00:00Z,0.99642956
2012-03-11T00:00:00Z,0.98316733
2012-03-10T00:00:00Z,0.99227586
2012-03-09T00:00:00Z,0.99663855
2012-03-08T00:00:00Z,0.99733753
2012-03-07T00:00:00Z,1.00304882
2012-03-06T00:00:00Z,1.00990571
2012-03-05T00:00:00Z,1.0104765
2012-03-04T00:00:00Z,1.00310683
2012-03-03T00:00:00Z,0.97085408
2012-03-02T00:00:00Z,0.98281417
2012-03-01T00:00:00Z,1.00501773
2012-02-29T00:00:00Z,0.83875142
2012-02-28T00:00:00Z,1.00777954
2012-02-27T00:00:00Z,1.00690241
2012-02-26T00:00:00Z,0.99972834
2012-02-25T00:00:00Z,1.00318565
2012-02-24T00:00:00Z,1.01069936
2012-02-23T00:00:00Z,1.02195831
2012-02-22T00:00:00Z,0.99092942
2012-02-21T00:00:00Z,0.96697649
2012-02-20T00:00:00Z,0.98380883
2012-02-19T00:00:00Z,0.97950391
2012-02-18T00:00:00Z,0.95207854
2012-02-17T00:00:00Z,0.9908681
2012-02-16T00:00:00Z,0.98229
2012-02-15T00:00:00Z,0.97128335
2012-02-14T00:00:00Z,0.94414225
2012-02-13T00:00:00Z,0.85395371
2012-02-12T00:00:00Z,0.9934026
2012-02-11T00:00:00Z,1.0286894
2012-02-10T00:00:00Z,0.99345171
2012-02-09T00:00:00Z,1.0064931
2012-02-08T00:00:00Z,0.99148233
2012-02-07T00:00:00Z,1.0010942
2012-02-06T00:00:00Z,0.95438937
2012-02-05T00:00:00Z,0.99144128
2012-02-04T00:00:00Z,0.99601961
2012-02-03T00:00:00Z,1.00246318
2012-02-02T00:00:00Z,1.01508261
2012-02-01T00:00:00Z,1.03223797
2012-01-31T00:00:00Z,0.97411102
2012-01-30T00:00:00Z,0.98734324
2012-01-29T00:00:00Z,0.97716817
2012-01-28T00:00:00Z,0.99280092
2012-01-27T00:00:00Z,0.96358434
2012-01-26T00:00:00Z,0.94532236
2012-01-25T00:00:00Z,0.97931267
2012-01-24T00:00:00Z,1.00743033
2012-01-23T00:00:00Z,1.01223161
2012-01-22T00:00:00Z,1.00828516
2012-01-21T00:00:00Z,0.99927012
2012-01-20T00:00:00Z,1.01192247
2012-01-19T00:00:00Z,1.05827303
2012-01-18T00:00:00Z,0.9902984
2012-01-17T00:00:00Z,0.96220379
2012-01-16T00:00:00Z,1.01256949
2012-01-15T00:00:00Z,1.03336089
2012-01-14T00:00:00Z,1.0395048
2012-01-13T00:00:00Z,1.01219965
2012-01-12T00:00:00Z,1.09136444
2012-01-11T00:00:00Z,1.04920948
2012-01-10T00:00:00Z,0.99098987
2012-01-09T00:00:00Z,1.04399556
2012-01-08T00:00:00Z,1.06521942
2012-01-07T00:00:00Z,1.05395368
2012-01-06T00:00:00Z,1.05393647
2012-01-05T00:00:00Z,1.12058445
2012-01-04T00:00:00Z,1.0724109
2012-01-03T00:00:00Z,1.01936383
2012-01-02T00:00:00Z,0.97053224
2012-01-01T00:00:00Z,1.06550125
2011-12-31T00:00:00Z,1.06583876
2011-12-30T00:00:00Z,1.02687286
2011-12-29T00:00:00Z,1.0041996
2011-12-28T00:00:00Z,1.03152916
2011-12-27T00:00:00Z,1.00831036
2011-12-26T00:00:00Z,1.00765715
2011-12-25T00:00:00Z,1.00196749
2011-12-24T00:00:00Z,0.99609511
2011-12-23T00:00:00Z,1.04158065
2011-12-22T00:00:00Z,1.0229072
2011-12-21T00:00:00Z,1.01942286
2011-12-20T00:00:00Z,1.07136836
2011-12-19T00:00:00Z,1.04907038
2011-12-18T00:00:00Z,0.99328105
2011-12-17T00:00:00Z,0.99683584
2011-12-16T00:00:00Z,1.00308398
2011-12-15T00:00:00Z,1.00811606
2011-12-14T00:00:00Z,0.9588205
2011-12-13T00:00:00Z,1.01072451
2011-12-12T00:00:00Z,0.99853584
2011-12-11T00:00:00Z,1.03245802
2011-12-10T00:00:00Z,1.00359936
2011-12-09T00:00:00Z,0.99894014
2011-12-08T00:00:00Z,1.00031522
2011-12-07T00:00:00Z,0.98695665
2011-12-06T00:00:00Z,1.00296529
2011-12-05T00:00:00Z,0.99873169
2011-12-04T00:00:00Z,1.00174365
2011-12-03T00:00:00Z,0.98128048
2011-12-02T00:00:00Z,1.00171875
2011-12-01T00:00:00Z,1.00574422
2011-11-30T00:00:00Z,1.00747697
2011-11-29T00:00:00Z,1.01101888
2011-11-28T00:00:00Z,0.96350733
2011-11-27T00:00:00Z,0.99830198
2011-11-26T00:00:00Z,0.95797251
2011-11-25T00:00:00Z,1.00661349
2011-11-24T00:00:00Z,1.01306583
2011-11-23T00:00:00Z,0.99114317
2011-11-22T00:00:00Z,0.99589297
2011-11-21T00:00:00Z,1.00519901
2011-11-20T00:00:00Z,0.986668
2011-11-19T00:00:00Z,1.00582413
2011-11-18T00:00:00Z,0.96382419
2011-11-17T00:00:00Z,0.96996786
2011-11-16T00:00:00Z,0.67197831
2011-11-15T00:00:00Z,0.96805154
2011-11-14T00:00:00Z,0.87423519
2011-11-13T00:00:00Z,0.98547727
2011-11-12T00:00:00Z,0.99396371
2011-11-11T00:00:00Z,0.97044951
2011-11-10T00:00:00Z,0.9762662
2011-11-09T00:00:00Z,0.690339
2011-11-08T00:00:00Z,0.98557053
2011-11-07T00:00:00Z,0.97929773
2011-11-06T00:00:00Z,0.98354252
2011-11-05T00:00:00Z,0.97012379
2011-11-04T00:00:00Z,0.97045542
2011-11-03T00:00:00Z,0.91773576
2011-11-02T00:00:00Z,0.99464188
2011-11-01T00:00:00Z,0.98245045
2011-10-31T00:00:00Z,0.98043271
2011-10-30T00:00:00Z,0.98312516
2011-10-29T00:00:00Z,1.00152305
2011-10-28T00:00:00Z,1.0135246
2011-10-27T00:00:00Z,0.99664071
2011-10-26T00:00:00Z,0.89196464
2011-10-25T00:00:00Z,0.97950129
2011-10-24T00:00:00Z,0.92174314
2011-10-23T00:00:00Z,0.99090929
2011-10-22T00:00:00Z,0.97390687
2011-10-21T00:00:00Z,0.97132319
2011-10-20T00:00:00Z,0.94538527
2011-10-19T00:00:00Z,0.73747511
2011-10-18T00:00:00Z,0.84967436
2011-10-17T00:00:00Z,0.80462879
2011-10-16T00:00:00Z,0.94955808
2011-10-15T00:00:00Z,0.97581805
2011-10-14T00:00:00Z,0.94187078
2011-10-13T00:00:00Z,0.97168998
2011-10-12T00:00:00Z,0.94788067
2011-10-11T00:00:00Z,0.90723591
2011-10-10T00:00:00Z,0.97838407
2011-10-09T00:00:00Z,0.94749486
2011-10-08T00:00:00Z,0.95586605
2011-10-07T00:00:00Z,0.93123616
2011-10-06T00:00:00Z,0.98938347
2011-10-05T00:00:00Z,0.98086263
2011-10-04T00:00:00Z,0.98408729
2011-10-03T00:00:00Z,0.98205298
2011-10-02T00:00:00Z,0.96419335
2011-10-01T00:00:00Z,0.96674889
2011-09-30T00:00:00Z,1.00401743
2011-09-29T00:00:00Z,0.98683801
2011-09-28T00:00:00Z,0.97674876
2011-09-27T00:00:00Z,0.98471596
2011-09-26T00:00:00Z,0.96340237
2011-09-25T00:00:00Z,0.85057993
2011-09-24T00:00:00Z,0.98493463
2011-09-23T00:00:00Z,0.98413346
2011-09-22T00:00:00Z,0.95240706
2011-09-21T00:00:00Z,0.98111574
2011-09-20T00:00:00Z,0.99521075
2011-09-19T00:00:00Z,0.97569242
2011-09-18T00:00:00Z,0.99676372
2011-09-17T00:00:00Z,0.97803442
2011-09-16T00:00:00Z,0.96693845
2011-09-15T00:00:00Z,0.940183
2011-09-14T00:00:00Z,0.97150196
2011-09-13T00:00:00Z,0.94192103
2011-09-12T00:00:00Z,0.97496726
2011-09-11T00:00:00Z,0.76799413
2011-09-10T00:00:00Z,0.93660348
2011-09-09T00:00:00Z,0.92593328
2011-09-08T00:00:00Z,0.93549979
2011-09-07T00:00:00Z,0.98754217
2011-09-06T00:00:00Z,0.99349199
2011-09-05T00:00:00Z,0.99473803
2011-09-04T00:00:00Z,0.9972582
2011-09-03T00:00:00Z,0.9936136
2011-09-02T00:00:00Z,1.0089492
2011-09-01T00:00:00Z,0.97431419
2011-08-31T00:00:00Z,0.97895124
2011-08-30T00:00:00Z,0.98277543
2011-08-29T00:00:00Z,1.01914719
2011-08-28T00:00:00Z,1.01067175
2011-08-27T00:00:00Z,0.89647134
2011-08-26T00:00:00Z,1.00507981
2011-08-25T00:00:00Z,1.11286914
2011-08-24T00:00:00Z,0.99863089
2011-08-23T00:00:00Z,0.99341805
2011-08-22T00:00:00Z,0.99667958
2011-08-21T00:00:00Z,0.99579523
2011-08-20T00:00:00Z,1.00896374
2011-08-19T00:00:00Z,1.00909909
2011-08-18T00:00:00Z,1.00412333
2011-08-17T00:00:00Z,1.01433785
2011-08-16T00:00:00Z,1.01541434
2011-08-15T00:00:00Z,1.02237895
2011-08-14T00:00:00Z,1.00272902
2011-08-13T00:00:00Z,1.01024902
2011-08-12T00:00:00Z,0.99474528
2011-08-11T00:00:00Z,0.97995069
2011-08-10T00:00:00Z,0.9962944
2011-08-09T00:00:00Z,1.00634241
2011-08-08T00:00:00Z,0.91551926
2011-08-07T00:00:00Z,0.92269473
2011-08-06T00:00:00Z,0.80327749
2011-08-05T00:00:00Z,0.95794461
2011-08-04T00:00:00Z,0.99239955
2011-08-03T00:00:00Z,0.88479579
2011-08-02T00:00:00Z,0.98240254
2011-08-01T00:00:00Z,0.99255621
2011-07-31T00:00:00Z,0.99258217
2011-07-30T00:00:00Z,1.01150999
2011-07-29T00:00:00Z,1.00144385
2011-07-28T00:00:00Z,0.99820676
2011-07-27T00:00:00Z,1.00183701
2011-07-26T00:00:00Z,1.00060981
2011-07-25T00:00:00Z,1.00160026
2011-07-24T00:00:00Z,1.00460751
2011-07-23T00:00:00Z,1.00052327
2011-07-22T00:00:00Z,0.99919845
2011-07-21T00:00:00Z,0.99902153
2011-07-20T00:00:00Z,0.93410273
2011-07-19T00:00:00Z,1.00250644
2011-07-18T00:00:00Z,0.96468461
2011-07-17T00:00:00Z,0.99813457
2011-07-16T00:00:00Z,0.99887986
2011-07-15T00:00:00Z,1.00060366
2011-07-14T00:00:00Z,1.00053935
2011-07-13T00:00:00Z,1.00129129
2011-07-12T00:00:00Z,1.0003182
2011-07-11T00:00:00Z,1.00042889
2011-07-10T00:00:00Z,1.00689693
2011-07-09T00:00:00Z,0.99910322
2011-07-08T00:00:00Z,0.98975754
2011-07-07T00:00:00Z,1.00658579
2011-07-06T00:00:00Z,1.00851864
2011-07-05T00:00:00Z,1.01263034
2011-07-04T00:00:00Z,0.98851065
2011-07-03T00:00:00Z,1.00504213
2011-07-02T00:00:00Z,0.99306957
2011-07-01T00:00:00Z,0.99161995
2011-06-30T00:00:00Z,1.01091892
2011-06-29T00:00:00Z,1.00491509
2011-06-28T00:00:00Z,1.0041793
2011-06-27T00:00:00Z,1.02055302
2011-06-26T00:00:00Z,1.00335035
2011-06-25T00:00:00Z,1.00037227
2011-06-24T00:00:00Z,1.0022358
2011-06-23T00:00:00Z,1.0030626
2011-06-22T00:00:00Z,1.00158497
2011-06-21T00:00:00Z,1.00685915
2011-06-20T00:00:00Z,1.00904991
2011-06-19T00:00:00Z,1.00751881
2011-06-18T00:00:00Z,1.01253318
2011-06-17T00:00:00Z,1.01610489
2011-06-16T00:00:00Z,1.00264812
2011-06-15T00:00:00Z,1.02878169
2011-06-14T00:00:00Z,1.09209491
2011-06-13T00:00:00Z,1.04462747
2011-06-12T00:00:00Z,1.11340065
2011-06-11T00:00:00Z,0.98090926
2011-06-10T00:00:00Z,1.09239674
2011-06-09T00:00:00Z,1.12291267
2011-06-08T00:00:00Z,1.23553367
2011-06-07T00:00:00Z,1.07922461
2011-06-06T00:00:00Z,1.27566987
2011-06-05T00:00:00Z,1.0993472
2011-06-04T00:00:00Z,1.09714217
2011-06-03T00:00:00Z,1.16404501
2011-06-02T00:00:00Z,1.12150284
2011-06-01T00:00:00Z,1.06314788
2011-05-31T00:00:00Z,1.06893186
2011-05-30T00:00:00Z,1.07227465
2011-05-29T00:00:00Z,1.02790391
2011-05-28T00:00:00Z,1.0253215
2011-05-27T00:00:00Z,1.14115902
2011-05-26T00:00:00Z,1.053688
2011-05-25T00:00:00Z,1.04792725
2011-05-24T00:00:00Z,1.0517319
2011-05-23T00:00:00Z,1.04312446
2011-05-22T00:00:00Z,1.03945635
2011-05-21T00:00:00Z,0.95387208
2011-05-20T00:00:00Z,1.04658297
2011-05-19T00:00:00Z,1.10654765
2011-05-18T00:00:00Z,1.07313435
2011-05-17T00:00:00Z,1.11345219
2011-05-16T00:00:00Z,1.3975943
2011-05-15T00:00:00Z,1.21881155
2011-05-14T00:00:00Z,1.00715944
2011-05-13T00:00:00Z,1.37932814
2011-05-12T00:00:00Z,1.44085311
2011-05-11T00:00:00Z,1.29676976
2011-05-10T00:00:00Z,1.23552336
2011-05-09T00:00:00Z,1.09930253
2011-05-08T00:00:00Z,1.06199255
2011-05-07T00:00:00Z,1.05779085
2011-05-06T00:00:00Z,1.18930444
2011-05-05T00:00:00Z,1.07964556
2011-05-04T00:00:00Z,1.40475506
2011-05-03T00:00:00Z,1.19722072
2011-05-02T00:00:00Z,1.11956974
2011-05-01T00:00:00Z,1.12323643
2011-04-30T00:00:00Z,1.38333031
2011-04-29T00:00:00Z,1.51066774
2011-04-28T00:00:00Z,1.22894194
2011-04-27T00:00:00Z,1.08322336
2011-04-26T00:00:00Z,1.08431112
2011-04-25T00:00:00Z,1.07776311
2011-04-24T00:00:00Z,1.23004069
2011-04-23T00:00:00Z,1.30762831
2011-04-22T00:00:00Z,1.23501949
2011-04-21T00:00:00Z,1.02730846
2011-04-20T00:00:00Z,1.00061005
2011-04-19T00:00:00Z,1.00821217
2011-04-18T00:00:00Z,1.21376553
2011-04-17T00:00:00Z,1.01126114
2011-04-16T00:00:00Z,1.05015545
2011-04-15T00:00:00Z,1.13634437
2011-04-14T00:00:00Z,1.10563404
2011-04-13T00:00:00Z,1.04447693
2011-04-12T00:00:00Z,1.05845408
2011-04-11T00:00:00Z,1.01785275
2011-04-10T00:00:00Z,0.98615845
2011-04-09T00:00:00Z,0.99365064
2011-04-08T00:00:00Z,1.00621569
2011-04-07T00:00:00Z,1.005143
2011-04-06T00:00:00Z,1.00400525
2011-04-05T00:00:00Z,1.04812043
2011-04-04T00:00:00Z,1.04471302
2011-04-03T00:00:00Z,0.99750952
2011-04-02T00:00:00Z,0.97570871
2011-04-01T00:00:00Z,1.00262275
2011-03-31T00:00:00Z,0.99368939
2011-03-30T00:00:00Z,0.99348949
2011-03-29T00:00:00Z,0.99421805
2011-03-28T00:00:00Z,0.99989415
2011-03-27T00:00:00Z,1.01947454
2011-03-26T00:00:00Z,1.04484626
2011-03-25T00:00:00Z,1.00684625
2011-03-24T00:00:00Z,1.07466355
2011-03-23T00:00:00Z,1.0307329
2011-03-22T00:00:00Z,0.99782685
2011-03-21T00:00:00Z,1.02166563
2011-03-20T00:00:00Z,0.99140387
2011-03-19T00:00:00Z,0.99790781
2011-03-18T00:00:00Z,0.99224476
2011-03-17T00:00:00Z,1.03394244
2011-03-16T00:00:00Z,1.12335758
2011-03-15T00:00:00Z,1.0492231
2011-03-14T00:00:00Z,1.07422482
2011-03-13T00:00:00Z,1.02823714
2011-03-12T00:00:00Z,1.09754842
2011-03-11T00:00:00Z,1.0000126
2011-03-10T00:00:00Z,1.01263651
2011-03-09T00:00:00Z,0.99807304
2011-03-08T00:00:00Z,1.02032954
2011-03-07T00:00:00Z,0.99220173
2011-03-06T00:00:00Z,1.00150741
2011-03-05T00:00:00Z,1.04580233
2011-03-04T00:00:00Z,1.00462938
2011-03-03T00:00:00Z,1.0130532
2011-03-02T00:00:00Z,1.00315776
2011-03-01T00:00:00Z,1.22019451
2011-02-28T00:00:00Z,1.11438637
2011-02-27T00:00:00Z,1.08867981
2011-02-26T00:00:00Z,1.1162885
2011-02-25T00:00:00Z,0.99938915
2011-02-24T00:00:00Z,1.03736452
2011-02-23T00:00:00Z,1.0058642
2011-02-22T00:00:00Z,1.01400171
2011-02-21T00:00:00Z,1.00398192
2011-02-20T00:00:00Z,1.01228074
2011-02-19T00:00:00Z,1.01921904
2011-02-18T00:00:00Z,1.04101644
2011-02-17T00:00:00Z,1.02132424
2011-02-16T00:00:00Z,1.04282442
2011-02-15T00:00:00Z,1.03410336
2011-02-14T00:00:00Z,1.31365777
2011-02-13T00:00:00Z,1.07075177
2011-02-12T00:00:00Z,1.05182005
2011-02-11T00:00:00Z,1.09222878
2011-02-10T00:00:00Z,1.0551449
2011-02-09T00:00:00Z,1.31048169
2011-02-08T00:00:00Z,1.08827887
2011-02-07T00:00:00Z,1.39773063
2011-02-06T00:00:00Z,1.43347888
2011-02-05T00:00:00Z,1.34949867
2011-02-04T00:00:00Z,1.29770534
2011-02-03T00:00:00Z,1.11751397
2011-02-02T00:00:00Z,1.50673916
2011-02-01T00:00:00Z,1.37043964
2011-01-31T00:00:00Z,1.15609211
2011-01-30T00:00:00Z,1.01378824
2011-01-29T00:00:00Z,1.31454652
2011-01-28T00:00:00Z,1.20900257
2011-01-27T00:00:00Z,1.23393405
2011-01-26T00:00:00Z,1.32911069
2011-01-25T00:00:00Z,1.08456229
2011-01-24T00:00:00Z,1.16014072
2011-01-23T00:00:00Z,1.30095536
2011-01-22T00:00:00Z,1.15968999
2011-01-21T00:00:00Z,1.14092459
2011-01-20T00:00:00Z,1.16884482
2011-01-19T00:00:00Z,1.32008847
2011-01-18T00:00:00Z,1.00740294
2011-01-17T00:00:00Z,1.12858776
2011-01-16T00:00:00Z,1.20477014
2011-01-15T00:00:00Z,1.0637318
2011-01-14T00:00:00Z,1.19478611
2011-01-13T00:00:00Z,1.14993704
2011-01-12T00:00:00Z,1.02106276
2011-01-11T00:00:00Z,1.44336539
2011-01-10T00:00:00Z,1.23904175
2011-01-09T00:00:00Z,1.06794652
2011-01-08T00:00:00Z,1.08677446
2011-01-07T00:00:00Z,1.07120781
2011-01-06T00:00:00Z,1.06138425
2011-01-05T00:00:00Z,1.04510247
2011-01-04T00:00:00Z,1.02433263
2011-01-03T00:00:00Z,1.05547529
2011-01-02T00:00:00Z,1.15077905
2011-01-01T00:00:00Z,1.01843229
2010-12-31T00:00:00Z,1.02860624
2010-12-30T00:00:00Z,1.0598285
2010-12-29T00:00:00Z,1.22501581
2010-12-28T00:00:00Z,1.06360705
2010-12-27T00:00:00Z,1.02596173
2010-12-26T00:00:00Z,1.03423007
2010-12-25T00:00:00Z,1.02765296
2010-12-24T00:00:00Z,1.00149146
2010-12-23T00:00:00Z,1.02588705
2010-12-22T00:00:00Z,1.00741014
2010-12-21T00:00:00Z,1.34342211
2010-12-20T00:00:00Z,1.18346741
2010-12-19T00:00:00Z,0.99447027
2010-12-18T00:00:00Z,1.0306604
2010-12-17T00:00:00Z,0.99945819
2010-12-16T00:00:00Z,1.03030451
2010-12-15T00:00:00Z,1.06951716
2010-12-14T00:00:00Z,1.01341474
2010-12-13T00:00:00Z,1.04409547
2010-12-12T00:00:00Z,1.01426494
2010-12-11T00:00:00Z,1.02583375
2010-12-10T00:00:00Z,1.07421534
2010-12-09T00:00:00Z,0.95804303
2010-12-08T00:00:00Z,1.05224271
2010-12-07T00:00:00Z,1.17275042
2010-12-06T00:00:00Z,1.26773337
2010-12-05T00:00:00Z,1.06251263
2010-12-04T00:00:00Z,0.90103511
2010-12-03T00:00:00Z,1.01575354
2010-12-02T00:00:00Z,1.35636641
2010-12-01T00:00:00Z,0.93531998
2010-11-30T00:00:00Z,0.97607507
2010-11-29T00:00:00Z,0.89656275
2010-11-28T00:00:00Z,1.038012
2010-11-27T00:00:00Z,1.1167007
2010-11-26T00:00:00Z,1.12329466
2010-11-25T00:00:00Z,1.19997658
2010-11-24T00:00:00Z,1.15911168
2010-11-23T00:00:00Z,1.13556723
2010-11-22T00:00:00Z,1.10470748
2010-11-21T00:00:00Z,1.01318098
2010-11-20T00:00:00Z,1.06197263
2010-11-19T00:00:00Z,1.20380217
2010-11-18T00:00:00Z,1.07042025
2010-11-17T00:00:00Z,1.00126468
2010-11-16T00:00:00Z,0.99937959
2010-11-15T00:00:00Z,1.15311147
2010-11-14T00:00:00Z,1.25681376
2010-11-13T00:00:00Z,1.27805607
2010-11-12T00:00:00Z,1.071763
2010-11-11T00:00:00Z,1.01945739
2010-11-10T00:00:00Z,1.03588226
2010-11-09T00:00:00Z,1.057257
2010-11-08T00:00:00Z,1.08027477
2010-11-07T00:00:00Z,1.13772878
2010-11-06T00:00:00Z,2.41554264
2010-11-05T00:00:00Z,1.50196754
2010-11-04T00:00:00Z,1.43080133
2010-11-03T00:00:00Z,1.10606026
2010-11-02T00:00:00Z,1.19494879
2010-11-01T00:00:00Z,1.13034688
2010-10-31T00:00:00Z,1.24172959
2010-10-30T00:00:00Z,1.17283342
2010-10-29T00:00:00Z,1.12205952
2010-10-28T00:00:00Z,1.25672224
2010-10-27T00:00:00Z,1.1802988
2010-10-26T00:00:00Z,1.1008165
2010-10-25T00:00:00Z,1.08864862
2010-10-24T00:00:00Z,1.18603771
2010-10-23T00:00:00Z,1.16260719
2010-10-22T00:00:00Z,1.00101427
2010-10-21T00:00:00Z,1.14987657
2010-10-20T00:00:00Z,1.01843624
2010-10-19T00:00:00Z,0.99839837
2010-10-18T00:00:00Z,1.01573481
2010-10-17T00:00:00Z,1.01790105
2010-10-16T00:00:00Z,1.09573235
2010-10-15T00:00:00Z,1.20019335
2010-10-14T00:00:00Z,1.04210465
2010-10-13T00:00:00Z,1.19914855
2010-10-12T00:00:00Z,1.04406051
2010-10-11T00:00:00Z,1.27508732
2010-10-10T00:00:00Z,1.14440211
2010-10-09T00:00:00Z,1.22917092
2010-10-08T00:00:00Z,1.23614543
2010-10-07T00:00:00Z,1.0604196
2010-10-06T00:00:00Z,1.01293129
2010-10-05T00:00:00Z,1.1427354
2010-10-04T00:00:00Z,1.00182658
2010-10-03T00:00:00Z,0.99571786
2010-10-02T00:00:00Z,1.34641057
2010-10-01T00:00:00Z,1.62503123
2010-09-30T00:00:00Z,0.98888646
2010-09-29T00:00:00Z,1.0343017
2010-09-28T00:00:00Z,2.41293002
2010-09-27T00:00:00Z,1.96863798
2010-09-26T00:00:00Z,1.00792579
2010-09-25T00:00:00Z,1.03108552
2010-09-24T00:00:00Z,1.04023278
2010-09-23T00:00:00Z,1.01478616
2010-09-22T00:00:00Z,1.03243315
2010-09-21T00:00:00Z,1.01514433
2010-09-20T00:00:00Z,0.99824763
2010-09-19T00:00:00Z,1.02495892
2010-09-18T00:00:00Z,1.00963621
2010-09-17T00:00:00Z,1.46310547
2010-09-16T00:00:00Z,1.29343715
2010-09-15T00:00:00Z,0.99343623
2010-09-14T00:00:00Z,1.0174733
2010-09-13T00:00:00Z,1.00675992
2010-09-12T00:00:00Z,1.10928886
2010-09-11T00:00:00Z,0.99714778
2010-09-10T00:00:00Z,1.0118019
2010-09-09T00:00:00Z,1.48800449
2010-09-08T00:00:00Z,1.01466481
2010-09-07T00:00:00Z,1.13425874
2010-09-06T00:00:00Z,0.98350202
2010-09-05T00:00:00Z,1.02926086
2010-09-04T00:00:00Z,0.99551095
2010-09-03T00:00:00Z,1.00814647
2010-09-02T00:00:00Z,1.01198101
2010-09-01T00:00:00Z,1.01567091
2010-08-31T00:00:00Z,1.04057604
2010-08-30T00:00:00Z,1.05194427
2010-08-29T00:00:00Z,1.03632071
2010-08-28T00:00:00Z,0.98987388
2010-08-27T00:00:00Z,1.09206637
2010-08-26T00:00:00Z,1.01358447
2010-08-25T00:00:00Z,1.01375991
2010-08-24T00:00:00Z,1.04999234
2010-08-23T00:00:00Z,0.99265228
2010-08-22T00:00:00Z,1.31568892
2010-08-21T00:00:00Z,1.20933791
2010-08-20T00:00:00Z,1.0378069
2010-08-19T00:00:00Z,1.01442746
2010-08-18T00:00:00Z,1.12409803
2010-08-17T00:00:00Z,1.0454313
2010-08-16T00:00:00Z,1.09311944
2010-08-15T00:00:00Z,1.19525203
2010-08-14T00:00:00Z,1.04303791
2010-08-13T00:00:00Z,1.24623523
2010-08-12T00:00:00Z,1.07559879
2010-08-11T00:00:00Z,1.03863431
2010-08-10T00:00:00Z,1.10229524
2010-08-09T00:00:00Z,1.16721238
2010-08-08T00:00:00Z,1.26868868
2010-08-07T00:00:00Z,1.14979019
2010-08-06T00:00:00Z,1.38959006
2010-08-05T00:00:00Z,1.02029444
2010-08-04T00:00:00Z,1.10344262
2010-08-03T00:00:00Z,1.07482396
2010-08-02T00:00:00Z,0.98593345
2010-08-01T00:00:00Z,1.01290695
2010-07-31T00:00:00Z,1.23296707
2010-07-30T00:00:00Z,1.13641827
2010-07-29T00:00:00Z,1.11115286
2010-07-28T00:00:00Z,1.07241385
2010-07-27T00:00:00Z,1.3797191
2010-07-26T00:00:00Z,2.09322739
2010-07-25T00:00:00Z,1.39450352
2010-07-24T00:00:00Z,2.77227056
2010-07-23T00:00:00Z,1.51474773
2010-07-22T00:00:00Z,0.94736658
2010-07-21T00:00:00Z,1.40385809
2010-07-20T00:00:00Z,1.21923286
2010-07-19T00:00:00Z,1.68796311
2010-07-18T00:00:00Z,2.90431392
2010-07-17T00:00:00Z,6.37551395
2010-07-16T00:00:00Z,1.00022028
2010-07-15T00:00:00Z,1.00345016
2010-07-14T00:00:00Z,1.00031118
2010-07-13T00:00:00Z,1
2010-07-12T00:00:00Z,1
2010-07-11T00:00:00Z,1.00052958
2010-07-10T00:00:00Z,1
2010-07-09T00:00:00Z,1
2010-07-08T00:00:00Z,1.00948775
2010-07-07T00:00:00Z,1
2010-07-06T00:00:00Z,1
2010-07-05T00:00:00Z,1
2010-07-04T00:00:00Z,1
2010-07-03T00:00:00Z,1
2010-07-02T00:00:00Z,1
2010-07-01T00:00:00Z,1
2010-06-30T00:00:00Z,1
2010-06-29T00:00:00Z,1
2010-06-28T00:00:00Z,1.00022136
2010-06-27T00:00:00Z,1
2010-06-26T00:00:00Z,1
2010-06-25T00:00:00Z,1
2010-06-24T00:00:00Z,1
2010-06-23T00:00:00Z,1
2010-06-22T00:00:00Z,1
2010-06-21T00:00:00Z,1
2010-06-20T00:00:00Z,1
2010-06-19T00:00:00Z,1.00121585
2010-06-18T00:00:00Z,1
2010-06-17T00:00:00Z,1
2010-06-16T00:00:00Z,1
2010-06-15T00:00:00Z,1
2010-06-14T00:00:00Z,0.97697118
2010-06-13T00:00:00Z,0.99735452
2010-06-12T00:00:00Z,1
2010-06-11T00:00:00Z,1
2010-06-10T00:00:00Z,1
2010-06-09T00:00:00Z,1
2010-06-08T00:00:00Z,1
2010-06-07T00:00:00Z,1
2010-06-06T00:00:00Z,1
2010-06-05T00:00:00Z,1
2010-06-04T00:00:00Z,1
2010-06-03T00:00:00Z,1
2010-06-02T00:00:00Z,1
2010-06-01T00:00:00Z,1
2010-05-31T00:00:00Z,1
2010-05-30T00:00:00Z,1
2010-05-29T00:00:00Z,1.00245612
2010-05-28T00:00:00Z,1
2010-05-27T00:00:00Z,1
2010-05-26T00:00:00Z,1
2010-05-25T00:00:00Z,1
2010-05-24T00:00:00Z,1
2010-05-23T00:00:00Z,1
2010-05-22T00:00:00Z,1
2010-05-21T00:00:00Z,1
2010-05-20T00:00:00Z,1
2010-05-19T00:00:00Z,1
2010-05-18T00:00:00Z,1
2010-05-17T00:00:00Z,1.05349105
2010-05-16T00:00:00Z,1
2010-05-15T00:00:00Z,1
2010-05-14T00:00:00Z,0.9889093
2010-05-13T00:00:00Z,1
2010-05-12T00:00:00Z,0.99729813
2010-05-11T00:00:00Z,1
2010-05-10T00:00:00Z,1
2010-05-09T00:00:00Z,1.00239676
2010-05-08T00:00:00Z,1
2010-05-07T00:00:00Z,1
2010-05-06T00:00:00Z,1
2010-05-05T00:00:00Z,1
2010-05-04T00:00:00Z,1
2010-05-03T00:00:00Z,1
2010-05-02T00:00:00Z,1
2010-05-01T00:00:00Z,1
2010-04-30T00:00:00Z,1
2010-04-29T00:00:00Z,1
2010-04-28T00:00:00Z,1
2010-04-27T00:00:00Z,1.00001706
2010-04-26T00:00:00Z,1
2010-04-25T00:00:00Z,0.98737153
2010-04-24T00:00:00Z,0.99851819
2010-04-23T00:00:00Z,1
2010-04-22T00:00:00Z,1
2010-04-21T00:00:00Z,1
2010-04-20T00:00:00Z,0.97766464
2010-04-19T00:00:00Z,1
2010-04-18T00:00:00Z,1.00150829
2010-04-17T00:00:00Z,1.00000001
2010-04-16T00:00:00Z,1.01093998
2010-04-15T00:00:00Z,1.21283373
2010-04-14T00:00:00Z,1
2010-04-13T00:00:00Z,1
2010-04-12T00:00:00Z,1
2010-04-11T00:00:00Z,1.00836495
2010-04-10T00:00:00Z,1
2010-04-09T00:00:00Z,1
2010-04-08T00:00:00Z,1.0042251
2010-04-07T00:00:00Z,1.02363193
2010-04-06T00:00:00Z,1.03913053
2010-04-05T00:00:00Z,1.01118588
2010-04-04T00:00:00Z,1.01126205
2010-04-03T00:00:00Z,1
2010-04-02T00:00:00Z,1
2010-04-01T00:00:00Z,1
2010-03-31T00:00:00Z,1
2010-03-30T00:00:00Z,1
2010-03-29T00:00:00Z,1
2010-03-28T00:00:00Z,1.0325394
2010-03-27T00:00:00Z,1
2010-03-26T00:00:00Z,1
2010-03-25T00:00:00Z,1.00464209
2010-03-24T00:00:00Z,1
2010-03-23T00:00:00Z,1.01615129
2010-03-22T00:00:00Z,1
2010-03-21T00:00:00Z,1
2010-03-20T00:00:00Z,1.00160939
2010-03-19T00:00:00Z,1
2010-03-18T00:00:00Z,1
2010-03-17T00:00:00Z,1.03698506
2010-03-16T00:00:00Z,1.19506938
2010-03-15T00:00:00Z,1
2010-03-14T00:00:00Z,1
2010-03-13T00:00:00Z,1
2010-03-12T00:00:00Z,1
2010-03-11T00:00:00Z,1
2010-03-10T00:00:00Z,1
2010-03-09T00:00:00Z,1
2010-03-08T00:00:00Z,1.00902032
2010-03-07T00:00:00Z,1
2010-03-06T00:00:00Z,1.00022059
2010-03-05T00:00:00Z,1
2010-03-04T00:00:00Z,1.076039
2010-03-03T00:00:00Z,1
2010-03-02T00:00:00Z,1
2010-03-01T00:00:00Z,1
2010-02-28T00:00:00Z,1
2010-02-27T00:00:00Z,1
2010-02-26T00:00:00Z,1
2010-02-25T00:00:00Z,1.00149195
2010-02-24T00:00:00Z,1.0099679
2010-02-23T00:00:00Z,1
2010-02-22T00:00:00Z,1
2010-02-21T00:00:00Z,1
2010-02-20T00:00:00Z,1
2010-02-19T00:00:00Z,1
2010-02-18T00:00:00Z,1
2010-02-17T00:00:00Z,1
2010-02-16T00:00:00Z,1
2010-02-15T00:00:00Z,1.00305577
2010-02-14T00:00:00Z,1
2010-02-13T00:00:00Z,1.00033062
2010-02-12T00:00:00Z,1.00077248
2010-02-11T00:00:00Z,1
2010-02-10T00:00:00Z,1.04208673
2010-02-09T00:00:00Z,0.73761256
2010-02-08T00:00:00Z,0.95850187
2010-02-07T00:00:00Z,1
2010-02-06T00:00:00Z,1
2010-02-05T00:00:00Z,1.0056569
2010-02-04T00:00:00Z,1
2010-02-03T00:00:00Z,1
2010-02-02T00:00:00Z,1
2010-02-01T00:00:00Z,1
2010-01-31T00:00:00Z,1
2010-01-30T00:00:00Z,1.02222743
2010-01-29T00:00:00Z,1
2010-01-28T00:00:00Z,1
2010-01-27T00:00:00Z,1
2010-01-26T00:00:00Z,1
2010-01-25T00:00:00Z,1
2010-01-24T00:00:00Z,1
2010-01-23T00:00:00Z,1
2010-01-22T00:00:00Z,1
2010-01-21T00:00:00Z,1
2010-01-20T00:00:00Z,
2010-01-19T00:00:00Z,
2010-01-18T00:00:00Z,1
2010-01-17T00:00:00Z,
2010-01-16T00:00:00Z,1
2010-01-15T00:00:00Z,1
2010-01-14T00:00:00Z,1.10958565
2010-01-13T00:00:00Z,1.04318041
2010-01-12T00:00:00Z,0.70904681
2010-01-11T00:00:00Z,
2010-01-10T00:00:00Z,
2010-01-09T00:00:00Z,
2010-01-08T00:00:00Z,
2010-01-07T00:00:00Z,
2010-01-06T00:00:00Z,
2010-01-05T00:00:00Z,
2010-01-04T00:00:00Z,1.16121667
2010-01-03T00:00:00Z,
2010-01-02T00:00:00Z,
2010-01-01T00:00:00Z,1.0427271
2009-12-31T00:00:00Z,
2009-12-30T00:00:00Z,
2009-12-29T00:00:00Z,
2009-12-28T00:00:00Z,
2009-12-27T00:00:00Z,1.00701444
2009-12-26T00:00:00Z,
2009-12-25T00:00:00Z,0.57474706
2009-12-24T00:00:00Z,
2009-12-23T00:00:00Z,
2009-12-22T00:00:00Z,
2009-12-21T00:00:00Z,1.02238453
2009-12-20T00:00:00Z,
2009-12-19T00:00:00Z,1.02499715
2009-12-18T00:00:00Z,
2009-12-17T00:00:00Z,2.98779959
2009-12-16T00:00:00Z,1.00770121
2009-12-15T00:00:00Z,0.96008923
2009-12-14T00:00:00Z,0.85312163
2009-12-13T00:00:00Z,
2009-12-12T00:00:00Z,0.92954037
2009-12-11T00:00:00Z,
2009-12-10T00:00:00Z,
2009-12-09T00:00:00Z,0.97263768
2009-12-08T00:00:00Z,0.95241355
2009-12-07T00:00:00Z,
2009-12-06T00:00:00Z,0.96420335
2009-12-05T00:00:00Z,0.78980237
2009-12-04T00:00:00Z,
2009-12-03T00:00:00Z,
2009-12-02T00:00:00Z,
2009-12-01T00:00:00Z,4.14193834
2009-11-30T00:00:00Z,
2009-11-29T00:00:00Z,
2009-11-28T00:00:00Z,
2009-11-27T00:00:00Z,
2009-11-26T00:00:00Z,
2009-11-25T00:00:00Z,
2009-11-24T00:00:00Z,
2009-11-23T00:00:00Z,
2009-11-22T00:00:00Z,
2009-11-21T00:00:00Z,
2009-11-20T00:00:00Z,
2009-11-19T00:00:00Z,0.90658086
2009-11-18T00:00:00Z,
2009-11-17T00:00:00Z,
2009-11-16T00:00:00Z,
2009-11-15T00:00:00Z,
2009-11-14T00:00:00Z,
2009-11-13T00:00:00Z,1.07907088
2009-11-12T00:00:00Z,
2009-11-11T00:00:00Z,0.99947926
2009-11-10T00:00:00Z,
2009-11-09T00:00:00Z,
2009-11-08T00:00:00Z,
2009-11-07T00:00:00Z,
2009-11-06T00:00:00Z,
2009-11-05T00:00:00Z,
2009-11-04T00:00:00Z,1.03412962
2009-11-03T00:00:00Z,
2009-11-02T00:00:00Z,
2009-11-01T00:00:00Z,
2009-10-31T00:00:00Z,
2009-10-30T00:00:00Z,
2009-10-29T00:00:00Z,1.00586781
2009-10-28T00:00:00Z,
2009-10-27T00:00:00Z,0.99217527
2009-10-26T00:00:00Z,
2009-10-25T00:00:00Z,
2009-10-24T00:00:00Z,1.04370283
2009-10-23T00:00:00Z,
2009-10-22T00:00:00Z,0.98113027
2009-10-21T00:00:00Z,1.22238868
2009-10-20T00:00:00Z,1.79131529
2009-10-19T00:00:00Z,
2009-10-18T00:00:00Z,1.04147332
2009-10-17T00:00:00Z,
2009-10-16T00:00:00Z,1.24312355
2009-10-15T00:00:00Z,
2009-10-14T00:00:00Z,
2009-10-13T00:00:00Z,
2009-10-12T00:00:00Z,50.48625663
2009-10-11T00:00:00Z,
2009-10-10T00:00:00Z,
2009-10-09T00:00:00Z,
2009-10-08T00:00:00Z,
2009-10-07T00:00:00Z,
2009-10-06T00:00:00Z,4.5
2009-10-05T00:00:00Z,
2009-10-04T00:00:00Z,
2009-10-03T00:00:00Z,
2009-10-02T00:00:00Z,
2009-10-01T00:00:00Z,
2009-09-30T00:00:00Z,
2009-09-29T00:00:00Z,
2009-09-28T00:00:00Z,
2009-09-27T00:00:00Z,
2009-09-26T00:00:00Z,
2009-09-25T00:00:00Z,
2009-09-24T00:00:00Z,
2009-09-23T00:00:00Z,
2009-09-22T00:00:00Z,
2009-09-21T00:00:00Z,
2009-09-20T00:00:00Z,
2009-09-19T00:00:00Z,
2009-09-18T00:00:00Z,
2009-09-17T00:00:00Z,
2009-09-16T00:00:00Z,
2009-09-15T00:00:00Z,
2009-09-14T00:00:00Z,
2009-09-13T00:00:00Z,
2009-09-12T00:00:00Z,
2009-09-11T00:00:00Z,
2009-09-10T00:00:00Z,
2009-09-09T00:00:00Z,
2009-09-08T00:00:00Z,
2009-09-07T00:00:00Z,
2009-09-06T00:00:00Z,
2009-09-05T00:00:00Z,
2009-09-04T00:00:00Z,
2009-09-03T00:00:00Z,
2009-09-02T00:00:00Z,
2009-09-01T00:00:00Z,
2009-08-31T00:00:00Z,
2009-08-30T00:00:00Z,
2009-08-29T00:00:00Z,
2009-08-28T00:00:00Z,
2009-08-27T00:00:00Z,
2009-08-26T00:00:00Z,
2009-08-25T00:00:00Z,
2009-08-24T00:00:00Z,
2009-08-23T00:00:00Z,
2009-08-22T00:00:00Z,
2009-08-21T00:00:00Z,
2009-08-20T00:00:00Z,
2009-08-19T00:00:00Z,
2009-08-18T00:00:00Z,
2009-08-17T00:00:00Z,
2009-08-16T00:00:00Z,
2009-08-15T00:00:00Z,
2009-08-14T00:00:00Z,
2009-08-13T00:00:00Z,
2009-08-12T00:00:00Z,
2009-08-11T00:00:00Z,
2009-08-10T00:00:00Z,
2009-08-09T00:00:00Z,
2009-08-08T00:00:00Z,
2009-08-07T00:00:00Z,
2009-08-06T00:00:00Z,
2009-08-05T00:00:00Z,
2009-08-04T00:00:00Z,
2009-08-03T00:00:00Z,
2009-08-02T00:00:00Z,
2009-08-01T00:00:00Z,
2009-07-31T00:00:00Z,
2009-07-30T00:00:00Z,
2009-07-29T00:00:00Z,
2009-07-28T00:00:00Z,
2009-07-27T00:00:00Z,
2009-07-26T00:00:00Z,
2009-07-25T00:00:00Z,
2009-07-24T00:00:00Z,
2009-07-23T00:00:00Z,
2009-07-22T00:00:00Z,
2009-07-21T00:00:00Z,
2009-07-20T00:00:00Z,
2009-07-19T00:00:00Z,
2009-07-18T00:00:00Z,
2009-07-17T00:00:00Z,
2009-07-16T00:00:00Z,
2009-07-15T00:00:00Z,
2009-07-14T00:00:00Z,
2009-07-13T00:00:00Z,
2009-07-12T00:00:00Z,
2009-07-11T00:00:00Z,
2009-07-10T00:00:00Z,
2009-07-09T00:00:00Z,
2009-07-08T00:00:00Z,
2009-07-07T00:00:00Z,
2009-07-06T00:00:00Z,
2009-07-05T00:00:00Z,
2009-07-04T00:00:00Z,
2009-07-03T00:00:00Z,
2009-07-02T00:00:00Z,
2009-07-01T00:00:00Z,
2009-06-30T00:00:00Z,
2009-06-29T00:00:00Z,
2009-06-28T00:00:00Z,
2009-06-27T00:00:00Z,
2009-06-26T00:00:00Z,
2009-06-25T00:00:00Z,
2009-06-24T00:00:00Z,
2009-06-23T00:00:00Z,
2009-06-22T00:00:00Z,
2009-06-21T00:00:00Z,
2009-06-20T00:00:00Z,
2009-06-19T00:00:00Z,
2009-06-18T00:00:00Z,
2009-06-17T00:00:00Z,
2009-06-16T00:00:00Z,
2009-06-15T00:00:00Z,
2009-06-14T00:00:00Z,
2009-06-13T00:00:00Z,
2009-06-12T00:00:00Z,
2009-06-11T00:00:00Z,
2009-06-10T00:00:00Z,
2009-06-09T00:00:00Z,
2009-06-08T00:00:00Z,
2009-06-07T00:00:00Z,
2009-06-06T00:00:00Z,
2009-06-05T00:00:00Z,
2009-06-04T00:00:00Z,
2009-06-03T00:00:00Z,
2009-06-02T00:00:00Z,
2009-06-01T00:00:00Z,
2009-05-31T00:00:00Z,
2009-05-30T00:00:00Z,
2009-05-29T00:00:00Z,
2009-05-28T00:00:00Z,
2009-05-27T00:00:00Z,
2009-05-26T00:00:00Z,
2009-05-25T00:00:00Z,
2009-05-24T00:00:00Z,
2009-05-23T00:00:00Z,
2009-05-22T00:00:00Z,
2009-05-21T00:00:00Z,
2009-05-20T00:00:00Z,
2009-05-19T00:00:00Z,
2009-05-18T00:00:00Z,
2009-05-17T00:00:00Z,
2009-05-16T00:00:00Z,
2009-05-15T00:00:00Z,
2009-05-14T00:00:00Z,
2009-05-13T00:00:00Z,
2009-05-12T00:00:00Z,
2009-05-11T00:00:00Z,
2009-05-10T00:00:00Z,
2009-05-09T00:00:00Z,
2009-05-08T00:00:00Z,
2009-05-07T00:00:00Z,
2009-05-06T00:00:00Z,
2009-05-05T00:00:00Z,
2009-05-04T00:00:00Z,
2009-05-03T00:00:00Z,
2009-05-02T00:00:00Z,
2009-05-01T00:00:00Z,
2009-04-30T00:00:00Z,
2009-04-29T00:00:00Z,
2009-04-28T00:00:00Z,
2009-04-27T00:00:00Z,
2009-04-26T00:00:00Z,
2009-04-25T00:00:00Z,
2009-04-24T00:00:00Z,
2009-04-23T00:00:00Z,
2009-04-22T00:00:00Z,
2009-04-21T00:00:00Z,
2009-04-20T00:00:00Z,
2009-04-19T00:00:00Z,
2009-04-18T00:00:00Z,
2009-04-17T00:00:00Z,
2009-04-16T00:00:00Z,
2009-04-15T00:00:00Z,
2009-04-14T00:00:00Z,
2009-04-13T00:00:00Z,
2009-04-12T00:00:00Z,
2009-04-11T00:00:00Z,
2009-04-10T00:00:00Z,
2009-04-09T00:00:00Z,
2009-04-08T00:00:00Z,
2009-04-07T00:00:00Z,
2009-04-06T00:00:00Z,
2009-04-05T00:00:00Z,
2009-04-04T00:00:00Z,
2009-04-03T00:00:00Z,
2009-04-02T00:00:00Z,
2009-04-01T00:00:00Z,
2009-03-31T00:00:00Z,
2009-03-30T00:00:00Z,
2009-03-29T00:00:00Z,
2009-03-28T00:00:00Z,
2009-03-27T00:00:00Z,
2009-03-26T00:00:00Z,
2009-03-25T00:00:00Z,
2009-03-24T00:00:00Z,
2009-03-23T00:00:00Z,
2009-03-22T00:00:00Z,
2009-03-21T00:00:00Z,
2009-03-20T00:00:00Z,
2009-03-19T00:00:00Z,
2009-03-18T00:00:00Z,
2009-03-17T00:00:00Z,
2009-03-16T00:00:00Z,
2009-03-15T00:00:00Z,
2009-03-14T00:00:00Z,
2009-03-13T00:00:00Z,
2009-03-12T00:00:00Z,
2009-03-11T00:00:00Z,
2009-03-10T00:00:00Z,
2009-03-09T00:00:00Z,
2009-03-08T00:00:00Z,
2009-03-07T00:00:00Z,
2009-03-06T00:00:00Z,
2009-03-05T00:00:00Z,
2009-03-04T00:00:00Z,
2009-03-03T00:00:00Z,
2009-03-02T00:00:00Z,
2009-03-01T00:00:00Z,
2009-02-28T00:00:00Z,
2009-02-27T00:00:00Z,
2009-02-26T00:00:00Z,
2009-02-25T00:00:00Z,
2009-02-24T00:00:00Z,
2009-02-23T00:00:00Z,
2009-02-22T00:00:00Z,
2009-02-21T00:00:00Z,
2009-02-20T00:00:00Z,
2009-02-19T00:00:00Z,
2009-02-18T00:00:00Z,
2009-02-17T00:00:00Z,
2009-02-16T00:00:00Z,
2009-02-15T00:00:00Z,
2009-02-14T00:00:00Z,
2009-02-13T00:00:00Z,
2009-02-12T00:00:00Z,
2009-02-11T00:00:00Z,
2009-02-10T00:00:00Z,
2009-02-09T00:00:00Z,
2009-02-08T00:00:00Z,
2009-02-07T00:00:00Z,
2009-02-06T00:00:00Z,
2009-02-05T00:00:00Z,
2009-02-04T00:00:00Z,
2009-02-03T00:00:00Z,
2009-02-02T00:00:00Z,
2009-02-01T00:00:00Z,
2009-01-31T00:00:00Z,
2009-01-30T00:00:00Z,
2009-01-29T00:00:00Z,
2009-01-28T00:00:00Z,
2009-01-27T00:00:00Z,
2009-01-26T00:00:00Z,
2009-01-25T00:00:00Z,
2009-01-24T00:00:00Z,
2009-01-23T00:00:00Z,
2009-01-22T00:00:00Z,
2009-01-21T00:00:00Z,
2009-01-20T00:00:00Z,
2009-01-19T00:00:00Z,
2009-01-18T00:00:00Z,
2009-01-17T00:00:00Z,
2009-01-16T00:00:00Z,
2009-01-15T00:00:00Z,
2009-01-14T00:00:00Z,
2009-01-13T00:00:00Z,
2009-01-12T00:00:00Z,
2009-01-11T00:00:00Z,
2009-01-10T00:00:00Z,
2009-01-09T00:00:00Z,
2009-01-08T00:00:00Z,
2009-01-07T00:00:00Z,
2009-01-06T00:00:00Z,
2009-01-05T00:00:00Z,
2009-01-04T00:00:00Z,
2009-01-03T00:00:00Z,
